231	1789237638667	0	-1	session-open	workload-a
236	1789237638672	1	-1	session-open	workload-b
290	1789237638726	2	-1	session-open	workload-c
317	1789237638753	0	-1	declared	batch 0: 100 entities
327	1789237638763	1	-1	declared	batch 0: 100 entities
403	1789237638839	0	-1	declared	batch 1: 100 entities
407	1789237638843	1	-1	declared	batch 1: 100 entities
422	1789237638859	2	-1	declared	batch 0: 100 entities
474	1789237638910	1	-1	declared	batch 2: 100 entities
479	1789237638915	0	-1	declared	batch 2: 100 entities
554	1789237638990	1	-1	declared	batch 3: 41 entities
554	1789237638990	0	-1	declared	batch 3: 42 entities
559	1789237638995	2	-1	declared	batch 1: 100 entities
713	1789237639149	2	-1	declared	batch 2: 100 entities
773	1789237639210	1	46	admit-ceiling	LIMIT_EXCEEDED: client unresolved admission ceiling
809	1789237639245	1	16	admit-ceiling	LIMIT_EXCEEDED: client unresolved admission ceiling
845	1789237639281	2	-1	declared	batch 3: 41 entities
845	1789237639281	0	21	admit-ceiling	LIMIT_EXCEEDED: client unresolved admission ceiling
878	1789237639314	0	36	admit-ceiling	LIMIT_EXCEEDED: client unresolved admission ceiling
914	1789237639350	0	39	admit-ceiling	LIMIT_EXCEEDED: client unresolved admission ceiling
940	1789237639377	0	42	admit-ceiling	LIMIT_EXCEEDED: client unresolved admission ceiling
980	1789237639417	0	33	admit-ceiling	LIMIT_EXCEEDED: client unresolved admission ceiling
1019	1789237639455	1	34	admit-ceiling	LIMIT_EXCEEDED: client unresolved admission ceiling
1035	1789237639471	2	11	admit-ceiling	LIMIT_EXCEEDED: client unresolved admission ceiling
1056	1789237639492	0	45	admit-ceiling	LIMIT_EXCEEDED: client unresolved admission ceiling
1075	1789237639512	2	8	admit-ceiling	LIMIT_EXCEEDED: client unresolved admission ceiling
1091	1789237639527	0	27	admit-ceiling	LIMIT_EXCEEDED: client unresolved admission ceiling
1111	1789237639547	2	17	admit-ceiling	LIMIT_EXCEEDED: client unresolved admission ceiling
1124	1789237639560	0	12	admit-ceiling	LIMIT_EXCEEDED: client unresolved admission ceiling
1152	1789237639588	2	26	admit-ceiling	LIMIT_EXCEEDED: client unresolved admission ceiling
1168	1789237639604	0	15	admitted	admit=613ms
1172	1789237639608	1	7	admitted	admit=617ms
1192	1789237639628	2	29	admit-ceiling	LIMIT_EXCEEDED: client unresolved admission ceiling
1201	1789237639638	0	3	admitted	admit=646ms
1211	1789237639647	1	4	admitted	admit=655ms
1244	1789237639680	0	18	admitted	admit=688ms
1249	1789237639685	1	13	admitted	admit=693ms
1271	1789237639707	2	32	admit-ceiling	LIMIT_EXCEEDED: client unresolved admission ceiling
1281	1789237639717	1	1	admitted	admit=726ms
1281	1789237639717	0	9	admitted	admit=726ms
1313	1789237639749	2	38	admit-ceiling	LIMIT_EXCEEDED: client unresolved admission ceiling
1318	1789237639754	1	37	admitted	admit=761ms
1318	1789237639754	0	24	admitted	admit=761ms
1320	1789237639756	0	36	admit-ceiling	LIMIT_EXCEEDED: client unresolved admission ceiling
1321	1789237639757	0	39	admit-ceiling	LIMIT_EXCEEDED: client unresolved admission ceiling
1321	1789237639757	0	42	admit-ceiling	LIMIT_EXCEEDED: client unresolved admission ceiling
1321	1789237639757	0	33	admit-ceiling	LIMIT_EXCEEDED: client unresolved admission ceiling
1321	1789237639757	0	45	admit-ceiling	LIMIT_EXCEEDED: client unresolved admission ceiling
1321	1789237639757	0	27	admit-ceiling	LIMIT_EXCEEDED: client unresolved admission ceiling
1322	1789237639758	0	12	admit-ceiling	LIMIT_EXCEEDED: client unresolved admission ceiling
1349	1789237639785	2	44	admit-ceiling	LIMIT_EXCEEDED: client unresolved admission ceiling
1354	1789237639790	0	48	admit-ceiling	LIMIT_EXCEEDED: client unresolved admission ceiling
1354	1789237639790	1	19	admitted	admit=797ms
1386	1789237639822	2	47	admit-ceiling	LIMIT_EXCEEDED: client unresolved admission ceiling
1390	1789237639827	1	10	admitted	admit=834ms
1396	1789237639832	0	51	admit-ceiling	LIMIT_EXCEEDED: client unresolved admission ceiling
1420	1789237639856	2	41	admit-ceiling	LIMIT_EXCEEDED: client unresolved admission ceiling
1426	1789237639862	1	43	admitted	admit=869ms
1436	1789237639872	0	54	admit-ceiling	LIMIT_EXCEEDED: client unresolved admission ceiling
1456	1789237639892	2	35	admit-ceiling	LIMIT_EXCEEDED: client unresolved admission ceiling
1461	1789237639897	1	22	admitted	admit=904ms
1477	1789237639913	0	57	admit-ceiling	LIMIT_EXCEEDED: client unresolved admission ceiling
1492	1789237639928	1	25	admitted	admit=935ms
1492	1789237639928	2	2	admitted	admit=646ms
1496	1789237639932	2	11	admit-ceiling	LIMIT_EXCEEDED: client unresolved admission ceiling
1496	1789237639932	2	8	admit-ceiling	LIMIT_EXCEEDED: client unresolved admission ceiling
1496	1789237639933	2	17	admit-ceiling	LIMIT_EXCEEDED: client unresolved admission ceiling
1497	1789237639933	2	26	admit-ceiling	LIMIT_EXCEEDED: client unresolved admission ceiling
1497	1789237639933	2	29	admit-ceiling	LIMIT_EXCEEDED: client unresolved admission ceiling
1497	1789237639933	2	32	admit-ceiling	LIMIT_EXCEEDED: client unresolved admission ceiling
1497	1789237639933	2	38	admit-ceiling	LIMIT_EXCEEDED: client unresolved admission ceiling
1497	1789237639933	2	44	admit-ceiling	LIMIT_EXCEEDED: client unresolved admission ceiling
1497	1789237639933	2	47	admit-ceiling	LIMIT_EXCEEDED: client unresolved admission ceiling
1511	1789237639948	0	60	admit-ceiling	LIMIT_EXCEEDED: client unresolved admission ceiling
1513	1789237639949	0	48	admit-ceiling	LIMIT_EXCEEDED: client unresolved admission ceiling
1513	1789237639949	0	51	admit-ceiling	LIMIT_EXCEEDED: client unresolved admission ceiling
1522	1789237639958	0	39	admit-ceiling	LIMIT_EXCEEDED: client unresolved admission ceiling
1523	1789237639959	0	36	admit-ceiling	LIMIT_EXCEEDED: client unresolved admission ceiling
1525	1789237639961	0	45	admit-ceiling	LIMIT_EXCEEDED: client unresolved admission ceiling
1525	1789237639961	0	42	admit-ceiling	LIMIT_EXCEEDED: client unresolved admission ceiling
1525	1789237639961	0	27	admit-ceiling	LIMIT_EXCEEDED: client unresolved admission ceiling
1525	1789237639961	0	33	admit-ceiling	LIMIT_EXCEEDED: client unresolved admission ceiling
1525	1789237639962	0	12	admit-ceiling	LIMIT_EXCEEDED: client unresolved admission ceiling
1529	1789237639965	1	31	admitted	admit=972ms
1535	1789237639971	2	50	admit-ceiling	LIMIT_EXCEEDED: client unresolved admission ceiling
1536	1789237639972	2	41	admit-ceiling	LIMIT_EXCEEDED: client unresolved admission ceiling
1537	1789237639973	0	54	admit-ceiling	LIMIT_EXCEEDED: client unresolved admission ceiling
1557	1789237639993	2	35	admit-ceiling	LIMIT_EXCEEDED: client unresolved admission ceiling
1565	1789237640001	1	40	admitted	admit=1007ms
1579	1789237640015	0	57	admit-ceiling	LIMIT_EXCEEDED: client unresolved admission ceiling
1599	1789237640035	1	28	admitted	admit=1044ms
1613	1789237640049	0	60	admit-ceiling	LIMIT_EXCEEDED: client unresolved admission ceiling
1619	1789237640055	2	5	admitted	admit=773ms
1659	1789237640095	2	50	admit-ceiling	LIMIT_EXCEEDED: client unresolved admission ceiling
1674	1789237640110	1	52	admit-ceiling	LIMIT_EXCEEDED: client unresolved admission ceiling
1697	1789237640133	2	11	admit-ceiling	LIMIT_EXCEEDED: client unresolved admission ceiling
1700	1789237640137	2	47	admit-ceiling	LIMIT_EXCEEDED: client unresolved admission ceiling
1701	1789237640137	2	38	admit-ceiling	LIMIT_EXCEEDED: client unresolved admission ceiling
1701	1789237640137	2	32	admit-ceiling	LIMIT_EXCEEDED: client unresolved admission ceiling
1701	1789237640137	2	44	admit-ceiling	LIMIT_EXCEEDED: client unresolved admission ceiling
1701	1789237640137	2	29	admit-ceiling	LIMIT_EXCEEDED: client unresolved admission ceiling
1701	1789237640137	2	8	admit-ceiling	LIMIT_EXCEEDED: client unresolved admission ceiling
1701	1789237640137	2	26	admit-ceiling	LIMIT_EXCEEDED: client unresolved admission ceiling
1701	1789237640137	2	17	admit-ceiling	LIMIT_EXCEEDED: client unresolved admission ceiling
1708	1789237640144	1	55	admit-ceiling	LIMIT_EXCEEDED: client unresolved admission ceiling
1715	1789237640151	0	48	admit-ceiling	LIMIT_EXCEEDED: client unresolved admission ceiling
1715	1789237640151	0	51	admit-ceiling	LIMIT_EXCEEDED: client unresolved admission ceiling
1737	1789237640174	2	41	admit-ceiling	LIMIT_EXCEEDED: client unresolved admission ceiling
1759	1789237640195	2	35	admit-ceiling	LIMIT_EXCEEDED: client unresolved admission ceiling
1768	1789237640204	0	0	admitted	admit=1212ms
1803	1789237640239	0	63	admit-ceiling	LIMIT_EXCEEDED: client unresolved admission ceiling
1804	1789237640240	0	57	admit-ceiling	LIMIT_EXCEEDED: client unresolved admission ceiling
1813	1789237640249	1	64	admit-ceiling	LIMIT_EXCEEDED: client unresolved admission ceiling
1814	1789237640250	0	60	admit-ceiling	LIMIT_EXCEEDED: client unresolved admission ceiling
1862	1789237640298	2	50	admit-ceiling	LIMIT_EXCEEDED: client unresolved admission ceiling
1869	1789237640305	1	46	admit-refused	authority refusal LIMIT_EXCEEDED: aggregate admission capacity exhausted
1905	1789237640341	0	63	admit-ceiling	LIMIT_EXCEEDED: client unresolved admission ceiling
1924	1789237640360	0	39	admit-ceiling	LIMIT_EXCEEDED: client unresolved admission ceiling
1924	1789237640360	0	36	admit-ceiling	LIMIT_EXCEEDED: client unresolved admission ceiling
1926	1789237640362	0	45	admit-ceiling	LIMIT_EXCEEDED: client unresolved admission ceiling
1928	1789237640364	0	12	admit-ceiling	LIMIT_EXCEEDED: client unresolved admission ceiling
1928	1789237640364	0	27	admit-ceiling	LIMIT_EXCEEDED: client unresolved admission ceiling
1928	1789237640364	0	42	admit-ceiling	LIMIT_EXCEEDED: client unresolved admission ceiling
1928	1789237640364	0	33	admit-ceiling	LIMIT_EXCEEDED: client unresolved admission ceiling
1949	1789237640386	1	76	admit-ceiling	LIMIT_EXCEEDED: client unresolved admission ceiling
1954	1789237640390	1	70	admit-refused	authority refusal LIMIT_EXCEEDED: aggregate admission capacity exhausted
1970	1789237640406	1	73	admit-refused	authority refusal LIMIT_EXCEEDED: aggregate admission capacity exhausted
1983	1789237640419	1	67	admit-refused	authority refusal LIMIT_EXCEEDED: aggregate admission capacity exhausted
2004	1789237640440	2	20	admitted	admit=1158ms
2004	1789237640440	0	54	admit-retried	succeeded after 2 refusals
2004	1789237640440	0	54	admitted	admit=686ms
2042	1789237640478	2	14	admitted	admit=1195ms
2061	1789237640497	1	16	admit-retried	succeeded after 1 refusals
2061	1789237640497	1	16	admitted	admit=1505ms
2097	1789237640533	1	49	admitted	admit=636ms
2107	1789237640544	0	63	admit-ceiling	LIMIT_EXCEEDED: client unresolved admission ceiling
2119	1789237640555	0	51	admit-ceiling	LIMIT_EXCEEDED: client unresolved admission ceiling
2119	1789237640555	0	48	admit-ceiling	LIMIT_EXCEEDED: client unresolved admission ceiling
2122	1789237640558	2	11	admit-ceiling	LIMIT_EXCEEDED: client unresolved admission ceiling
2122	1789237640558	2	44	admit-ceiling	LIMIT_EXCEEDED: client unresolved admission ceiling
2122	1789237640558	2	47	admit-ceiling	LIMIT_EXCEEDED: client unresolved admission ceiling
2122	1789237640558	2	32	admit-ceiling	LIMIT_EXCEEDED: client unresolved admission ceiling
2122	1789237640558	2	38	admit-ceiling	LIMIT_EXCEEDED: client unresolved admission ceiling
2122	1789237640558	2	17	admit-ceiling	LIMIT_EXCEEDED: client unresolved admission ceiling
2122	1789237640559	2	29	admit-ceiling	LIMIT_EXCEEDED: client unresolved admission ceiling
2123	1789237640559	2	26	admit-ceiling	LIMIT_EXCEEDED: client unresolved admission ceiling
2123	1789237640559	2	8	admit-ceiling	LIMIT_EXCEEDED: client unresolved admission ceiling
2139	1789237640575	2	41	admit-ceiling	LIMIT_EXCEEDED: client unresolved admission ceiling
2161	1789237640597	2	35	admit-ceiling	LIMIT_EXCEEDED: client unresolved admission ceiling
2167	1789237640603	1	58	admitted	admit=601ms
2172	1789237640608	1	79	admit-refused	authority refusal LIMIT_EXCEEDED: aggregate admission capacity exhausted
2187	1789237640624	1	85	admit-refused	authority refusal LIMIT_EXCEEDED: aggregate admission capacity exhausted
2201	1789237640637	1	61	admitted	admit=635ms
2205	1789237640642	1	64	admit-ceiling	LIMIT_EXCEEDED: client unresolved admission ceiling
2206	1789237640642	1	76	admit-ceiling	LIMIT_EXCEEDED: client unresolved admission ceiling
2206	1789237640642	1	70	admit-ceiling	LIMIT_EXCEEDED: client unresolved admission ceiling
2206	1789237640642	0	57	admit-ceiling	LIMIT_EXCEEDED: client unresolved admission ceiling
2206	1789237640642	1	73	admit-ceiling	LIMIT_EXCEEDED: client unresolved admission ceiling
2206	1789237640642	1	46	admit-ceiling	LIMIT_EXCEEDED: client unresolved admission ceiling
2206	1789237640643	1	67	admit-ceiling	LIMIT_EXCEEDED: client unresolved admission ceiling
2215	1789237640651	0	60	admit-ceiling	LIMIT_EXCEEDED: client unresolved admission ceiling
2232	1789237640668	1	34	admit-refused	authority refusal LIMIT_EXCEEDED: aggregate admission capacity exhausted
2263	1789237640700	2	50	admit-ceiling	LIMIT_EXCEEDED: client unresolved admission ceiling
2276	1789237640712	1	91	admit-ceiling	LIMIT_EXCEEDED: client unresolved admission ceiling
2312	1789237640748	1	94	admit-ceiling	LIMIT_EXCEEDED: client unresolved admission ceiling
2345	1789237640781	1	97	admit-ceiling	LIMIT_EXCEEDED: client unresolved admission ceiling
2346	1789237640782	1	52	admit-refused	authority refusal LIMIT_EXCEEDED: aggregate admission capacity exhausted
2347	1789237640783	1	85	admit-ceiling	LIMIT_EXCEEDED: client unresolved admission ceiling
2351	1789237640787	0	21	admit-retried	succeeded after 1 refusals
2351	1789237640787	0	21	admitted	admit=1795ms
2378	1789237640814	1	91	admit-ceiling	LIMIT_EXCEEDED: client unresolved admission ceiling
2379	1789237640815	2	23	admitted	admit=1532ms
2380	1789237640816	1	55	admit-refused	authority refusal LIMIT_EXCEEDED: aggregate admission capacity exhausted
2389	1789237640825	0	30	admitted	admit=1833ms
2409	1789237640845	1	64	admit-ceiling	LIMIT_EXCEEDED: client unresolved admission ceiling
2409	1789237640845	1	67	admit-ceiling	LIMIT_EXCEEDED: client unresolved admission ceiling
2409	1789237640845	1	70	admit-ceiling	LIMIT_EXCEEDED: client unresolved admission ceiling
2409	1789237640845	1	73	admit-ceiling	LIMIT_EXCEEDED: client unresolved admission ceiling
2413	1789237640849	1	94	admit-ceiling	LIMIT_EXCEEDED: client unresolved admission ceiling
2433	1789237640869	1	34	admit-ceiling	LIMIT_EXCEEDED: client unresolved admission ceiling
2447	1789237640883	1	97	admit-ceiling	LIMIT_EXCEEDED: client unresolved admission ceiling
2519	1789237640955	0	6	admitted	admit=1963ms
2531	1789237640967	1	76	admit-refused	authority refusal LIMIT_EXCEEDED: aggregate admission capacity exhausted
2549	1789237640985	1	85	admit-ceiling	LIMIT_EXCEEDED: client unresolved admission ceiling
2550	1789237640986	0	69	admitted	admit=160ms
2580	1789237641016	1	91	admit-ceiling	LIMIT_EXCEEDED: client unresolved admission ceiling
2580	1789237641017	1	55	admit-ceiling	LIMIT_EXCEEDED: client unresolved admission ceiling
2584	1789237641020	0	72	admitted	admit=194ms
2609	1789237641045	1	46	admit-ceiling	LIMIT_EXCEEDED: client unresolved admission ceiling
2614	1789237641051	1	94	admit-ceiling	LIMIT_EXCEEDED: client unresolved admission ceiling
2628	1789237641064	1	82	admit-refused	authority refusal LIMIT_EXCEEDED: aggregate admission capacity exhausted
2642	1789237641078	1	52	admit-refused	authority refusal LIMIT_EXCEEDED: aggregate admission capacity exhausted
2681	1789237641118	0	81	admit-ceiling	LIMIT_EXCEEDED: client unresolved admission ceiling
2748	1789237641185	1	97	admit-retried	succeeded after 2 refusals
2748	1789237641185	1	97	admitted	admit=545ms
2748	1789237641185	0	75	admitted	admit=228ms
2789	1789237641225	0	78	admitted	admit=204ms
2810	1789237641246	2	53	admitted	admit=1189ms
2810	1789237641246	1	64	admit-ceiling	LIMIT_EXCEEDED: client unresolved admission ceiling
2811	1789237641247	1	73	admit-ceiling	LIMIT_EXCEEDED: client unresolved admission ceiling
2811	1789237641247	1	67	admit-ceiling	LIMIT_EXCEEDED: client unresolved admission ceiling
2811	1789237641247	1	70	admit-ceiling	LIMIT_EXCEEDED: client unresolved admission ceiling
2825	1789237641261	0	63	admit-retried	succeeded after 3 refusals
2825	1789237641261	0	63	admitted	admit=1056ms
2826	1789237641262	0	12	admit-ceiling	LIMIT_EXCEEDED: client unresolved admission ceiling
2826	1789237641262	0	33	admit-ceiling	LIMIT_EXCEEDED: client unresolved admission ceiling
2826	1789237641262	0	27	admit-ceiling	LIMIT_EXCEEDED: client unresolved admission ceiling
2826	1789237641262	0	42	admit-ceiling	LIMIT_EXCEEDED: client unresolved admission ceiling
2835	1789237641271	1	34	admit-ceiling	LIMIT_EXCEEDED: client unresolved admission ceiling
2846	1789237641282	1	100	admit-refused	authority refusal LIMIT_EXCEEDED: aggregate admission capacity exhausted
2865	1789237641301	0	84	admit-ceiling	LIMIT_EXCEEDED: client unresolved admission ceiling
2865	1789237641301	0	81	admit-ceiling	LIMIT_EXCEEDED: client unresolved admission ceiling
2900	1789237641336	0	87	admit-ceiling	LIMIT_EXCEEDED: client unresolved admission ceiling
2923	1789237641359	2	44	admit-ceiling	LIMIT_EXCEEDED: client unresolved admission ceiling
2924	1789237641360	2	11	admit-ceiling	LIMIT_EXCEEDED: client unresolved admission ceiling
2925	1789237641361	2	8	admit-ceiling	LIMIT_EXCEEDED: client unresolved admission ceiling
2925	1789237641361	2	47	admit-ceiling	LIMIT_EXCEEDED: client unresolved admission ceiling
2926	1789237641362	2	38	admit-ceiling	LIMIT_EXCEEDED: client unresolved admission ceiling
2926	1789237641362	2	32	admit-ceiling	LIMIT_EXCEEDED: client unresolved admission ceiling
2926	1789237641362	2	17	admit-ceiling	LIMIT_EXCEEDED: client unresolved admission ceiling
2926	1789237641362	2	29	admit-ceiling	LIMIT_EXCEEDED: client unresolved admission ceiling
2926	1789237641362	2	26	admit-ceiling	LIMIT_EXCEEDED: client unresolved admission ceiling
2936	1789237641372	0	90	admit-ceiling	LIMIT_EXCEEDED: client unresolved admission ceiling
2937	1789237641373	0	48	admit-ceiling	LIMIT_EXCEEDED: client unresolved admission ceiling
2937	1789237641373	0	51	admit-ceiling	LIMIT_EXCEEDED: client unresolved admission ceiling
2941	1789237641377	2	41	admit-ceiling	LIMIT_EXCEEDED: client unresolved admission ceiling
2947	1789237641383	1	100	admit-ceiling	LIMIT_EXCEEDED: client unresolved admission ceiling
2951	1789237641387	1	85	admit-ceiling	LIMIT_EXCEEDED: client unresolved admission ceiling
2963	1789237641399	2	35	admit-ceiling	LIMIT_EXCEEDED: client unresolved admission ceiling
2980	1789237641416	0	45	admit-retried	succeeded after 4 refusals
2980	1789237641416	0	45	admitted	admit=2423ms
2982	1789237641418	1	55	admit-ceiling	LIMIT_EXCEEDED: client unresolved admission ceiling
2982	1789237641418	1	91	admit-ceiling	LIMIT_EXCEEDED: client unresolved admission ceiling
3010	1789237641446	0	36	admit-retried	succeeded after 4 refusals
3010	1789237641446	0	36	admitted	admit=2453ms
3016	1789237641453	1	94	admit-ceiling	LIMIT_EXCEEDED: client unresolved admission ceiling
3030	1789237641467	2	59	admitted	admit=988ms
3044	1789237641480	1	52	admit-ceiling	LIMIT_EXCEEDED: client unresolved admission ceiling
3046	1789237641482	0	39	admit-retried	succeeded after 4 refusals
3046	1789237641482	0	39	admitted	admit=2489ms
3066	1789237641502	2	50	admit-ceiling	LIMIT_EXCEEDED: client unresolved admission ceiling
3081	1789237641517	0	66	admitted	admit=1075ms
3117	1789237641553	0	60	admit-ceiling	LIMIT_EXCEEDED: client unresolved admission ceiling
3117	1789237641553	0	90	admit-ceiling	LIMIT_EXCEEDED: client unresolved admission ceiling
3148	1789237641584	1	100	admit-ceiling	LIMIT_EXCEEDED: client unresolved admission ceiling
3180	1789237641616	0	99	admit-ceiling	LIMIT_EXCEEDED: client unresolved admission ceiling
3180	1789237641616	0	81	admit-ceiling	LIMIT_EXCEEDED: client unresolved admission ceiling
3200	1789237641636	2	56	admitted	admit=1157ms
3219	1789237641655	0	84	admit-retried	succeeded after 1 refusals
3219	1789237641655	0	84	admitted	admit=468ms
3282	1789237641718	0	57	admit-retried	succeeded after 4 refusals
3282	1789237641718	0	57	admitted	admit=1963ms
3287	1789237641723	0	87	admit-refused	authority refusal LIMIT_EXCEEDED: aggregate admission capacity exhausted
3307	1789237641743	0	102	admit-refused	authority refusal LIMIT_EXCEEDED: aggregate admission capacity exhausted
3316	1789237641752	0	93	admitted	admit=334ms
3411	1789237641847	1	46	admit-ceiling	LIMIT_EXCEEDED: client unresolved admission ceiling
3417	1789237641853	0	111	admit-ceiling	LIMIT_EXCEEDED: client unresolved admission ceiling
3417	1789237641853	0	90	admit-ceiling	LIMIT_EXCEEDED: client unresolved admission ceiling
3418	1789237641854	0	102	admit-ceiling	LIMIT_EXCEEDED: client unresolved admission ceiling
3477	1789237641913	0	105	admitted	admit=230ms
3507	1789237641943	0	87	admit-ceiling	LIMIT_EXCEEDED: client unresolved admission ceiling
3519	1789237641955	0	111	admit-ceiling	LIMIT_EXCEEDED: client unresolved admission ceiling
3549	1789237641985	1	100	admit-ceiling	LIMIT_EXCEEDED: client unresolved admission ceiling
3562	1789237641998	0	99	admit-refused	authority refusal LIMIT_EXCEEDED: aggregate admission capacity exhausted
3577	1789237642013	0	114	admit-refused	authority refusal LIMIT_EXCEEDED: aggregate admission capacity exhausted
3621	1789237642058	1	76	admit-retried	succeeded after 3 refusals
3621	1789237642058	1	76	admitted	admit=2021ms
3623	1789237642059	1	70	admit-ceiling	LIMIT_EXCEEDED: client unresolved admission ceiling
3624	1789237642060	1	67	admit-ceiling	LIMIT_EXCEEDED: client unresolved admission ceiling
3624	1789237642060	1	73	admit-ceiling	LIMIT_EXCEEDED: client unresolved admission ceiling
3655	1789237642091	1	103	admit-ceiling	LIMIT_EXCEEDED: client unresolved admission ceiling
3656	1789237642092	1	34	admit-ceiling	LIMIT_EXCEEDED: client unresolved admission ceiling
3680	1789237642116	0	108	admit-refused	authority refusal LIMIT_EXCEEDED: aggregate admission capacity exhausted
3699	1789237642136	2	62	admitted	admit=1320ms
3699	1789237642136	0	81	admit-retried	succeeded after 3 refusals
3699	1789237642136	0	81	admitted	admit=1114ms
3735	1789237642171	0	111	admit-ceiling	LIMIT_EXCEEDED: client unresolved admission ceiling
3754	1789237642190	1	85	admit-ceiling	LIMIT_EXCEEDED: client unresolved admission ceiling
3757	1789237642193	1	103	admit-ceiling	LIMIT_EXCEEDED: client unresolved admission ceiling
3759	1789237642196	0	114	admit-refused	authority refusal LIMIT_EXCEEDED: aggregate admission capacity exhausted
3781	1789237642218	0	108	admit-ceiling	LIMIT_EXCEEDED: client unresolved admission ceiling
3783	1789237642219	1	55	admit-ceiling	LIMIT_EXCEEDED: client unresolved admission ceiling
3783	1789237642220	1	91	admit-ceiling	LIMIT_EXCEEDED: client unresolved admission ceiling
3794	1789237642230	0	102	admit-refused	authority refusal LIMIT_EXCEEDED: aggregate admission capacity exhausted
3818	1789237642254	1	94	admit-ceiling	LIMIT_EXCEEDED: client unresolved admission ceiling
3818	1789237642254	0	117	admit-refused	authority refusal LIMIT_EXCEEDED: aggregate admission capacity exhausted
3845	1789237642281	1	52	admit-ceiling	LIMIT_EXCEEDED: client unresolved admission ceiling
3907	1789237642343	0	90	admit-refused	authority refusal LIMIT_EXCEEDED: aggregate admission capacity exhausted
3933	1789237642369	0	99	admit-refused	authority refusal LIMIT_EXCEEDED: aggregate admission capacity exhausted
3942	1789237642378	2	65	admitted	admit=1132ms
3959	1789237642395	1	103	admit-ceiling	LIMIT_EXCEEDED: client unresolved admission ceiling
3984	1789237642420	0	108	admit-ceiling	LIMIT_EXCEEDED: client unresolved admission ceiling
3993	1789237642429	0	96	admit-refused	authority refusal LIMIT_EXCEEDED: aggregate admission capacity exhausted
4011	1789237642447	0	117	admit-refused	authority refusal LIMIT_EXCEEDED: aggregate admission capacity exhausted
4026	1789237642462	0	114	admit-refused	authority refusal LIMIT_EXCEEDED: aggregate admission capacity exhausted
4046	1789237642482	0	87	admit-refused	authority refusal LIMIT_EXCEEDED: aggregate admission capacity exhausted
4070	1789237642506	1	64	admit-retried	succeeded after 4 refusals
4070	1789237642506	1	64	admitted	admit=2470ms
4188	1789237642624	2	68	admitted	admit=1157ms
4295	1789237642731	1	82	admit-retried	succeeded after 1 refusals
4295	1789237642731	1	82	admitted	admit=2693ms
4334	1789237642770	0	99	admit-ceiling	LIMIT_EXCEEDED: client unresolved admission ceiling
4352	1789237642788	1	100	admit-ceiling	LIMIT_EXCEEDED: client unresolved admission ceiling
4360	1789237642797	1	103	admit-ceiling	LIMIT_EXCEEDED: client unresolved admission ceiling
4384	1789237642821	0	108	admit-ceiling	LIMIT_EXCEEDED: client unresolved admission ceiling
4400	1789237642836	0	102	admit-refused	authority refusal LIMIT_EXCEEDED: aggregate admission capacity exhausted
4414	1789237642850	0	96	admit-refused	authority refusal LIMIT_EXCEEDED: aggregate admission capacity exhausted
4430	1789237642866	0	27	admit-ceiling	LIMIT_EXCEEDED: client unresolved admission ceiling
4430	1789237642866	0	12	admit-ceiling	LIMIT_EXCEEDED: client unresolved admission ceiling
4430	1789237642866	0	33	admit-ceiling	LIMIT_EXCEEDED: client unresolved admission ceiling
4497	1789237642933	1	109	admitted	admit=202ms
4517	1789237642953	2	71	admitted	admit=1316ms
4539	1789237642975	0	51	admit-ceiling	LIMIT_EXCEEDED: client unresolved admission ceiling
4539	1789237642976	0	48	admit-ceiling	LIMIT_EXCEEDED: client unresolved admission ceiling
4561	1789237642997	2	44	admit-ceiling	LIMIT_EXCEEDED: client unresolved admission ceiling
4561	1789237642997	2	11	admit-ceiling	LIMIT_EXCEEDED: client unresolved admission ceiling
4561	1789237642997	2	32	admit-ceiling	LIMIT_EXCEEDED: client unresolved admission ceiling
4561	1789237642997	2	8	admit-ceiling	LIMIT_EXCEEDED: client unresolved admission ceiling
4561	1789237642997	2	38	admit-ceiling	LIMIT_EXCEEDED: client unresolved admission ceiling
4561	1789237642997	2	47	admit-ceiling	LIMIT_EXCEEDED: client unresolved admission ceiling
4561	1789237642998	2	17	admit-ceiling	LIMIT_EXCEEDED: client unresolved admission ceiling
4562	1789237642998	2	26	admit-ceiling	LIMIT_EXCEEDED: client unresolved admission ceiling
4562	1789237642998	2	29	admit-ceiling	LIMIT_EXCEEDED: client unresolved admission ceiling
4562	1789237642998	2	41	admit-ceiling	LIMIT_EXCEEDED: client unresolved admission ceiling
4565	1789237643001	2	35	admit-ceiling	LIMIT_EXCEEDED: client unresolved admission ceiling
4568	1789237643004	1	106	admitted	admit=498ms
4602	1789237643038	0	42	admit-refused	authority refusal LIMIT_EXCEEDED: aggregate admission capacity exhausted
4607	1789237643043	0	117	admit-refused	authority refusal LIMIT_EXCEEDED: aggregate admission capacity exhausted
4630	1789237643066	0	114	admit-refused	authority refusal LIMIT_EXCEEDED: aggregate admission capacity exhausted
4659	1789237643096	1	112	admitted	admit=161ms
4668	1789237643104	2	50	admit-ceiling	LIMIT_EXCEEDED: client unresolved admission ceiling
4724	1789237643160	0	96	admit-refused	authority refusal LIMIT_EXCEEDED: aggregate admission capacity exhausted
4803	1789237643239	1	118	admitted	admit=142ms
4813	1789237643250	0	90	admit-refused	authority refusal LIMIT_EXCEEDED: aggregate admission capacity exhausted
4833	1789237643269	0	60	admit-refused	authority refusal LIMIT_EXCEEDED: aggregate admission capacity exhausted
4971	1789237643407	0	87	admit-refused	authority refusal LIMIT_EXCEEDED: aggregate admission capacity exhausted
5031	1789237643468	1	115	admitted	admit=462ms
5066	1789237643502	1	121	admitted	admit=262ms
5095	1789237643532	2	74	admitted	admit=1395ms
5130	1789237643566	2	77	admitted	admit=1187ms
5134	1789237643570	1	127	admit-ceiling	LIMIT_EXCEEDED: client unresolved admission ceiling
5162	1789237643598	1	103	admit-ceiling	LIMIT_EXCEEDED: client unresolved admission ceiling
5211	1789237643648	0	117	admit-retried	succeeded after 3 refusals
5211	1789237643648	0	117	admitted	admit=1511ms
5213	1789237643649	0	102	admit-ceiling	LIMIT_EXCEEDED: client unresolved admission ceiling
5225	1789237643662	1	67	admit-ceiling	LIMIT_EXCEEDED: client unresolved admission ceiling
5226	1789237643662	1	73	admit-ceiling	LIMIT_EXCEEDED: client unresolved admission ceiling
5226	1789237643662	1	70	admit-ceiling	LIMIT_EXCEEDED: client unresolved admission ceiling
5226	1789237643663	2	80	admitted	admit=1038ms
5236	1789237643672	1	127	admit-ceiling	LIMIT_EXCEEDED: client unresolved admission ceiling
5278	1789237643714	0	111	admit-refused	authority refusal LIMIT_EXCEEDED: aggregate admission capacity exhausted
5280	1789237643716	0	108	admit-refused	authority refusal LIMIT_EXCEEDED: aggregate admission capacity exhausted
5281	1789237643717	0	99	admit-retried	succeeded after 4 refusals
5281	1789237643717	0	99	admitted	admit=2233ms
5281	1789237643717	1	46	admit-retried	succeeded after 5 refusals
5281	1789237643717	1	46	admitted	admit=4725ms
5317	1789237643753	1	130	admit-ceiling	LIMIT_EXCEEDED: client unresolved admission ceiling
5337	1789237643773	1	34	admit-refused	authority refusal LIMIT_EXCEEDED: aggregate admission capacity exhausted
5367	1789237643803	0	123	admit-refused	authority refusal LIMIT_EXCEEDED: aggregate admission capacity exhausted
5385	1789237643822	1	91	admit-ceiling	LIMIT_EXCEEDED: client unresolved admission ceiling
5386	1789237643822	1	55	admit-ceiling	LIMIT_EXCEEDED: client unresolved admission ceiling
5419	1789237643855	1	130	admit-ceiling	LIMIT_EXCEEDED: client unresolved admission ceiling
5419	1789237643855	1	94	admit-ceiling	LIMIT_EXCEEDED: client unresolved admission ceiling
5437	1789237643873	1	127	admit-ceiling	LIMIT_EXCEEDED: client unresolved admission ceiling
5448	1789237643884	1	52	admit-ceiling	LIMIT_EXCEEDED: client unresolved admission ceiling
5526	1789237643962	1	85	admit-retried	succeeded after 5 refusals
5526	1789237643962	1	85	admitted	admit=3923ms
5551	1789237643987	1	88	admit-refused	authority refusal LIMIT_EXCEEDED: aggregate admission capacity exhausted
5551	1789237643987	0	123	admit-refused	authority refusal LIMIT_EXCEEDED: aggregate admission capacity exhausted
5565	1789237644001	0	114	admit-retried	succeeded after 4 refusals
5565	1789237644001	0	114	admitted	admit=2087ms
5631	1789237644067	2	83	admitted	admit=1113ms
5651	1789237644087	1	133	admit-refused	authority refusal LIMIT_EXCEEDED: aggregate admission capacity exhausted
5701	1789237644137	1	130	admit-refused	authority refusal LIMIT_EXCEEDED: aggregate admission capacity exhausted
5716	1789237644152	1	88	admit-refused	authority refusal LIMIT_EXCEEDED: aggregate admission capacity exhausted
5761	1789237644197	0	126	admit-refused	authority refusal LIMIT_EXCEEDED: aggregate admission capacity exhausted
5811	1789237644247	1	133	admit-refused	authority refusal LIMIT_EXCEEDED: aggregate admission capacity exhausted
5872	1789237644308	0	123	admit-retried	succeeded after 2 refusals
5872	1789237644308	0	123	admitted	admit=590ms
5931	1789237644368	0	126	admit-refused	authority refusal LIMIT_EXCEEDED: aggregate admission capacity exhausted
5954	1789237644390	1	100	admit-ceiling	LIMIT_EXCEEDED: client unresolved admission ceiling
5983	1789237644419	1	88	admit-refused	authority refusal LIMIT_EXCEEDED: aggregate admission capacity exhausted
6025	1789237644461	1	127	admit-refused	authority refusal LIMIT_EXCEEDED: aggregate admission capacity exhausted
6064	1789237644500	0	129	admitted	admit=191ms
6075	1789237644511	1	133	admit-refused	authority refusal LIMIT_EXCEEDED: aggregate admission capacity exhausted
6133	1789237644569	0	126	admit-ceiling	LIMIT_EXCEEDED: client unresolved admission ceiling
6155	1789237644591	2	89	admitted	admit=1024ms
6213	1789237644649	1	130	admit-retried	succeeded after 3 refusals
6213	1789237644649	1	130	admitted	admit=930ms
6270	1789237644706	1	79	admit-refused	authority refusal LIMIT_EXCEEDED: aggregate admission capacity exhausted
6319	1789237644755	2	86	admitted	admit=1188ms
6440	1789237644877	0	120	admit-refused	authority refusal LIMIT_EXCEEDED: aggregate admission capacity exhausted
6449	1789237644885	0	132	admitted	admit=385ms
6476	1789237644912	1	133	admit-ceiling	LIMIT_EXCEEDED: client unresolved admission ceiling
6511	1789237644948	0	90	admit-refused	authority refusal LIMIT_EXCEEDED: aggregate admission capacity exhausted
6520	1789237644956	2	92	admitted	admit=1293ms
6540	1789237644976	1	79	admit-refused	authority refusal LIMIT_EXCEEDED: aggregate admission capacity exhausted
6542	1789237644978	0	120	admit-ceiling	LIMIT_EXCEEDED: client unresolved admission ceiling
6565	1789237645002	1	88	admit-retried	succeeded after 3 refusals
6565	1789237645002	1	88	admitted	admit=4363ms
6573	1789237645009	0	87	admit-ceiling	LIMIT_EXCEEDED: client unresolved admission ceiling
6697	1789237645134	2	95	admitted	admit=1066ms
6744	1789237645180	0	120	admit-ceiling	LIMIT_EXCEEDED: client unresolved admission ceiling
6792	1789237645229	1	136	admitted	admit=579ms
6814	1789237645250	0	102	admit-ceiling	LIMIT_EXCEEDED: client unresolved admission ceiling
6819	1789237645255	0	111	admit-refused	authority refusal LIMIT_EXCEEDED: aggregate admission capacity exhausted
6828	1789237645264	1	127	admit-ceiling	LIMIT_EXCEEDED: client unresolved admission ceiling
6917	1789237645354	0	126	admit-refused	authority refusal LIMIT_EXCEEDED: aggregate admission capacity exhausted
6919	1789237645356	1	142	admit-refused	authority refusal LIMIT_EXCEEDED: aggregate admission capacity exhausted
6946	1789237645382	1	103	admit-retried	succeeded after 5 refusals
6946	1789237645382	1	103	admitted	admit=3323ms
6958	1789237645394	0	108	admit-refused	authority refusal LIMIT_EXCEEDED: aggregate admission capacity exhausted
6978	1789237645414	0	135	admit-refused	authority refusal LIMIT_EXCEEDED: aggregate admission capacity exhausted
7021	1789237645457	1	142	admit-ceiling	LIMIT_EXCEEDED: client unresolved admission ceiling
7022	1789237645458	1	139	admit-refused	authority refusal LIMIT_EXCEEDED: aggregate admission capacity exhausted
7195	1789237645631	0	135	admit-retried	succeeded after 1 refusals
7195	1789237645631	0	135	admitted	admit=744ms
7223	1789237645659	1	142	admit-ceiling	LIMIT_EXCEEDED: client unresolved admission ceiling
7267	1789237645703	2	98	admitted	admit=1111ms
7286	1789237645722	1	79	admit-retried	succeeded after 3 refusals
7286	1789237645722	1	79	admitted	admit=5686ms
7302	1789237645738	2	101	admitted	admit=982ms
7327	1789237645763	1	148	admit-ceiling	LIMIT_EXCEEDED: client unresolved admission ceiling
7328	1789237645764	0	120	admit-refused	authority refusal LIMIT_EXCEEDED: aggregate admission capacity exhausted
7348	1789237645784	1	133	admit-refused	authority refusal LIMIT_EXCEEDED: aggregate admission capacity exhausted
7369	1789237645805	1	139	admit-retried	succeeded after 1 refusals
7369	1789237645805	1	139	admitted	admit=802ms
7511	1789237645948	1	151	admit-refused	authority refusal LIMIT_EXCEEDED: aggregate admission capacity exhausted
7545	1789237645981	1	148	admit-refused	authority refusal LIMIT_EXCEEDED: aggregate admission capacity exhausted
7579	1789237646015	0	138	admitted	admit=383ms
7633	1789237646069	0	33	admit-ceiling	LIMIT_EXCEEDED: client unresolved admission ceiling
7714	1789237646150	1	142	admit-refused	authority refusal LIMIT_EXCEEDED: aggregate admission capacity exhausted
7719	1789237646155	0	126	admit-ceiling	LIMIT_EXCEEDED: client unresolved admission ceiling
7743	1789237646179	0	141	admit-refused	authority refusal LIMIT_EXCEEDED: aggregate admission capacity exhausted
7762	1789237646198	0	27	admit-retried	succeeded after 6 refusals
7762	1789237646198	0	27	admitted	admit=7205ms
7764	1789237646200	2	44	admit-ceiling	LIMIT_EXCEEDED: client unresolved admission ceiling
7766	1789237646202	2	11	admit-ceiling	LIMIT_EXCEEDED: client unresolved admission ceiling
7766	1789237646202	2	32	admit-ceiling	LIMIT_EXCEEDED: client unresolved admission ceiling
7766	1789237646202	2	41	admit-ceiling	LIMIT_EXCEEDED: client unresolved admission ceiling
7766	1789237646202	2	8	admit-ceiling	LIMIT_EXCEEDED: client unresolved admission ceiling
7766	1789237646202	2	38	admit-ceiling	LIMIT_EXCEEDED: client unresolved admission ceiling
7766	1789237646202	2	17	admit-ceiling	LIMIT_EXCEEDED: client unresolved admission ceiling
7766	1789237646202	2	47	admit-ceiling	LIMIT_EXCEEDED: client unresolved admission ceiling
7766	1789237646202	2	29	admit-ceiling	LIMIT_EXCEEDED: client unresolved admission ceiling
7766	1789237646203	2	26	admit-ceiling	LIMIT_EXCEEDED: client unresolved admission ceiling
7767	1789237646203	2	35	admit-ceiling	LIMIT_EXCEEDED: client unresolved admission ceiling
7791	1789237646227	0	144	admit-ceiling	LIMIT_EXCEEDED: client unresolved admission ceiling
7804	1789237646240	0	42	admit-ceiling	LIMIT_EXCEEDED: client unresolved admission ceiling
7837	1789237646273	2	107	admitted	admit=1138ms
7845	1789237646281	0	141	admit-ceiling	LIMIT_EXCEEDED: client unresolved admission ceiling
7851	1789237646287	0	51	admit-refused	authority refusal LIMIT_EXCEEDED: aggregate admission capacity exhausted
7870	1789237646306	2	104	admitted	admit=1349ms
7941	1789237646378	2	119	admit-ceiling	LIMIT_EXCEEDED: client unresolved admission ceiling
7983	1789237646419	0	144	admit-refused	authority refusal LIMIT_EXCEEDED: aggregate admission capacity exhausted
8008	1789237646444	1	148	admit-retried	succeeded after 2 refusals
8008	1789237646444	1	148	admitted	admit=720ms
8043	1789237646479	2	119	admit-ceiling	LIMIT_EXCEEDED: client unresolved admission ceiling
8045	1789237646482	0	141	admit-ceiling	LIMIT_EXCEEDED: client unresolved admission ceiling
8090	1789237646526	1	154	admit-refused	authority refusal LIMIT_EXCEEDED: aggregate admission capacity exhausted
8130	1789237646566	0	120	admit-ceiling	LIMIT_EXCEEDED: client unresolved admission ceiling
8185	1789237646621	0	144	admit-ceiling	LIMIT_EXCEEDED: client unresolved admission ceiling
8231	1789237646667	0	60	admit-retried	succeeded after 6 refusals
8231	1789237646667	0	60	admitted	admit=6911ms
8245	1789237646681	2	119	admit-ceiling	LIMIT_EXCEEDED: client unresolved admission ceiling
8312	1789237646748	1	154	admit-retried	succeeded after 1 refusals
8312	1789237646748	1	154	admitted	admit=304ms
8420	1789237646856	0	111	admit-ceiling	LIMIT_EXCEEDED: client unresolved admission ceiling
8427	1789237646863	1	67	admit-ceiling	LIMIT_EXCEEDED: client unresolved admission ceiling
8427	1789237646863	1	73	admit-ceiling	LIMIT_EXCEEDED: client unresolved admission ceiling
8428	1789237646864	1	70	admit-ceiling	LIMIT_EXCEEDED: client unresolved admission ceiling
8430	1789237646866	1	127	admit-ceiling	LIMIT_EXCEEDED: client unresolved admission ceiling
8447	1789237646883	0	141	admit-ceiling	LIMIT_EXCEEDED: client unresolved admission ceiling
8515	1789237646951	1	142	admit-ceiling	LIMIT_EXCEEDED: client unresolved admission ceiling
8539	1789237646976	1	34	admit-ceiling	LIMIT_EXCEEDED: client unresolved admission ceiling
8556	1789237646993	0	12	admit-refused	authority refusal LIMIT_EXCEEDED: aggregate admission capacity exhausted
8580	1789237647016	0	48	admit-refused	authority refusal LIMIT_EXCEEDED: aggregate admission capacity exhausted
8585	1789237647021	0	147	admitted	admit=353ms
8587	1789237647024	1	91	admit-ceiling	LIMIT_EXCEEDED: client unresolved admission ceiling
8588	1789237647024	1	55	admit-ceiling	LIMIT_EXCEEDED: client unresolved admission ceiling
8596	1789237647032	1	145	admit-refused	authority refusal LIMIT_EXCEEDED: aggregate admission capacity exhausted
8615	1789237647051	2	113	admitted	admit=1312ms
8616	1789237647052	0	96	admit-refused	authority refusal LIMIT_EXCEEDED: aggregate admission capacity exhausted
8649	1789237647086	1	52	admit-ceiling	LIMIT_EXCEEDED: client unresolved admission ceiling
8650	1789237647087	2	119	admit-ceiling	LIMIT_EXCEEDED: client unresolved admission ceiling
8698	1789237647134	1	145	admit-ceiling	LIMIT_EXCEEDED: client unresolved admission ceiling
8752	1789237647188	0	150	admit-refused	authority refusal LIMIT_EXCEEDED: aggregate admission capacity exhausted
8756	1789237647192	2	110	admitted	admit=1453ms
8759	1789237647195	2	122	admit-refused	authority refusal LIMIT_EXCEEDED: retained input, output or executor capacity
8829	1789237647265	1	151	admit-refused	authority refusal LIMIT_EXCEEDED: aggregate admission capacity exhausted
8863	1789237647299	1	94	admit-retried	succeeded after 6 refusals
8863	1789237647299	1	94	admitted	admit=6660ms
8875	1789237647311	0	144	admit-refused	authority refusal LIMIT_EXCEEDED: aggregate admission capacity exhausted
8929	1789237647365	2	50	admit-refused	authority refusal LIMIT_EXCEEDED: retained input, output or executor capacity
8944	1789237647380	2	125	admit-refused	authority refusal LIMIT_EXCEEDED: retained input, output or executor capacity
8950	1789237647386	1	133	admit-ceiling	LIMIT_EXCEEDED: client unresolved admission ceiling
8954	1789237647390	2	122	admit-refused	authority refusal LIMIT_EXCEEDED: retained input, output or executor capacity
8985	1789237647421	0	150	admit-refused	authority refusal LIMIT_EXCEEDED: aggregate admission capacity exhausted
9005	1789237647441	2	116	admit-refused	authority refusal LIMIT_EXCEEDED: retained input, output or executor capacity
9031	1789237647467	1	151	admit-ceiling	LIMIT_EXCEEDED: client unresolved admission ceiling
9098	1789237647534	1	145	admit-refused	authority refusal LIMIT_EXCEEDED: aggregate admission capacity exhausted
9112	1789237647548	1	160	admitted	admit=248ms
9215	1789237647651	1	163	admit-refused	authority refusal LIMIT_EXCEEDED: aggregate admission capacity exhausted
9233	1789237647670	1	157	admitted	admit=920ms
9235	1789237647671	1	100	admit-refused	authority refusal LIMIT_EXCEEDED: aggregate admission capacity exhausted
9299	1789237647735	0	150	admit-retried	succeeded after 2 refusals
9299	1789237647735	0	150	admitted	admit=713ms
9336	1789237647772	1	166	admit-refused	authority refusal LIMIT_EXCEEDED: aggregate admission capacity exhausted
9361	1789237647797	0	141	admit-refused	authority refusal LIMIT_EXCEEDED: aggregate admission capacity exhausted
9435	1789237647871	0	126	admit-refused	authority refusal LIMIT_EXCEEDED: aggregate admission capacity exhausted
9449	1789237647885	0	153	admitted	admit=150ms
9466	1789237647902	1	163	admit-refused	authority refusal LIMIT_EXCEEDED: aggregate admission capacity exhausted
9534	1789237647970	0	96	admit-refused	authority refusal LIMIT_EXCEEDED: aggregate admission capacity exhausted
9549	1789237647985	0	156	admit-refused	authority refusal LIMIT_EXCEEDED: aggregate admission capacity exhausted
9553	1789237647989	1	166	admit-retried	succeeded after 1 refusals
9553	1789237647989	1	166	admitted	admit=319ms
9554	1789237647990	1	145	admit-refused	authority refusal LIMIT_EXCEEDED: aggregate admission capacity exhausted
9557	1789237647993	1	151	admit-refused	authority refusal LIMIT_EXCEEDED: aggregate admission capacity exhausted
9709	1789237648145	1	169	admit-refused	authority refusal LIMIT_EXCEEDED: aggregate admission capacity exhausted
9724	1789237648160	1	163	admit-refused	authority refusal LIMIT_EXCEEDED: aggregate admission capacity exhausted
9774	1789237648210	0	87	admit-ceiling	LIMIT_EXCEEDED: client unresolved admission ceiling
9807	1789237648243	1	124	admit-refused	authority refusal LIMIT_EXCEEDED: aggregate admission capacity exhausted
9812	1789237648249	2	122	admit-refused	authority refusal LIMIT_EXCEEDED: retained input, output or executor capacity
9847	1789237648284	2	125	admit-retried	succeeded after 1 refusals
9847	1789237648284	2	125	admitted	admit=1091ms
9917	1789237648353	0	120	admit-retried	succeeded after 5 refusals
9917	1789237648353	0	120	admitted	admit=4705ms
9953	1789237648389	2	116	admit-retried	succeeded after 1 refusals
9953	1789237648389	2	116	admitted	admit=2082ms
10000	1789237648436	1	124	admit-refused	authority refusal LIMIT_EXCEEDED: aggregate admission capacity exhausted
10016	1789237648452	0	102	admit-ceiling	LIMIT_EXCEEDED: client unresolved admission ceiling
10093	1789237648529	1	169	admit-retried	succeeded after 1 refusals
10093	1789237648529	1	169	admitted	admit=539ms
10160	1789237648597	0	108	admit-ceiling	LIMIT_EXCEEDED: client unresolved admission ceiling
10216	1789237648652	0	90	admit-retried	succeeded after 6 refusals
10216	1789237648652	0	90	admitted	admit=7389ms
10224	1789237648660	1	163	admit-refused	authority refusal LIMIT_EXCEEDED: aggregate admission capacity exhausted
10317	1789237648753	2	119	admit-retried	succeeded after 4 refusals
10317	1789237648753	2	119	admitted	admit=2445ms
10323	1789237648760	1	172	admit-refused	authority refusal LIMIT_EXCEEDED: aggregate admission capacity exhausted
10345	1789237648781	1	124	admit-retried	succeeded after 2 refusals
10345	1789237648781	1	124	admitted	admit=5312ms
10407	1789237648843	0	162	admitted	admit=190ms
10425	1789237648861	1	172	admit-ceiling	LIMIT_EXCEEDED: client unresolved admission ceiling
10468	1789237648904	0	156	admit-refused	authority refusal LIMIT_EXCEEDED: aggregate admission capacity exhausted
10487	1789237648923	1	175	admit-refused	authority refusal LIMIT_EXCEEDED: aggregate admission capacity exhausted
10503	1789237648939	0	165	admit-refused	authority refusal LIMIT_EXCEEDED: aggregate admission capacity exhausted
10534	1789237648970	1	151	admit-refused	authority refusal LIMIT_EXCEEDED: aggregate admission capacity exhausted
10605	1789237649041	0	144	admit-refused	authority refusal LIMIT_EXCEEDED: aggregate admission capacity exhausted
10700	1789237649137	1	175	admit-retried	succeeded after 1 refusals
10700	1789237649137	1	175	admitted	admit=355ms
10729	1789237649165	0	156	admit-refused	authority refusal LIMIT_EXCEEDED: aggregate admission capacity exhausted
10743	1789237649179	0	165	admit-refused	authority refusal LIMIT_EXCEEDED: aggregate admission capacity exhausted
10764	1789237649200	1	172	admit-refused	authority refusal LIMIT_EXCEEDED: aggregate admission capacity exhausted
10849	1789237649285	1	178	admitted	admit=148ms
10940	1789237649376	2	128	admitted	admit=1092ms
11014	1789237649450	1	181	admit-refused	authority refusal LIMIT_EXCEEDED: aggregate admission capacity exhausted
11084	1789237649520	0	141	admit-retried	succeeded after 5 refusals
11084	1789237649520	0	141	admitted	admit=3504ms
11116	1789237649552	1	163	admit-retried	succeeded after 4 refusals
11116	1789237649552	1	163	admitted	admit=2003ms
11136	1789237649572	0	96	admit-ceiling	LIMIT_EXCEEDED: client unresolved admission ceiling
11166	1789237649602	1	172	admit-ceiling	LIMIT_EXCEEDED: client unresolved admission ceiling
11363	1789237649799	0	168	admitted	admit=278ms
11374	1789237649810	1	181	admit-retried	succeeded after 1 refusals
11374	1789237649810	1	181	admitted	admit=524ms
11395	1789237649831	2	137	admit-refused	authority refusal LIMIT_EXCEEDED: retained input, output or executor capacity
11418	1789237649855	2	131	admitted	admit=1465ms
11494	1789237649930	0	171	admitted	admit=129ms
11514	1789237649950	1	187	admitted	admit=139ms
11604	1789237650040	1	190	admit-refused	authority refusal LIMIT_EXCEEDED: aggregate admission capacity exhausted
11622	1789237650058	0	111	admit-ceiling	LIMIT_EXCEEDED: client unresolved admission ceiling
11653	1789237650089	0	159	admit-refused	authority refusal LIMIT_EXCEEDED: aggregate admission capacity exhausted
11668	1789237650104	2	122	admit-refused	authority refusal LIMIT_EXCEEDED: retained input, output or executor capacity
11677	1789237650113	2	134	admit-refused	authority refusal LIMIT_EXCEEDED: retained input, output or executor capacity
11687	1789237650123	2	140	admit-refused	authority refusal LIMIT_EXCEEDED: retained input, output or executor capacity
11696	1789237650133	2	137	admit-refused	authority refusal LIMIT_EXCEEDED: retained input, output or executor capacity
11705	1789237650141	1	190	admit-ceiling	LIMIT_EXCEEDED: client unresolved admission ceiling
11713	1789237650149	1	145	admit-refused	authority refusal LIMIT_EXCEEDED: aggregate admission capacity exhausted
11815	1789237650251	1	127	admit-refused	authority refusal LIMIT_EXCEEDED: aggregate admission capacity exhausted
11860	1789237650296	0	159	admit-retried	succeeded after 1 refusals
11860	1789237650296	0	159	admitted	admit=1942ms
11985	1789237650421	0	165	admit-retried	succeeded after 2 refusals
11985	1789237650421	0	165	admitted	admit=1578ms
12077	1789237650513	0	180	admit-refused	authority refusal LIMIT_EXCEEDED: aggregate admission capacity exhausted
12127	1789237650563	0	174	admit-refused	authority refusal LIMIT_EXCEEDED: aggregate admission capacity exhausted
12136	1789237650572	1	151	admit-ceiling	LIMIT_EXCEEDED: client unresolved admission ceiling
12152	1789237650588	1	133	admit-ceiling	LIMIT_EXCEEDED: client unresolved admission ceiling
12184	1789237650620	1	190	admit-refused	authority refusal LIMIT_EXCEEDED: aggregate admission capacity exhausted
12230	1789237650666	0	177	admitted	admit=369ms
12270	1789237650706	0	183	admit-ceiling	LIMIT_EXCEEDED: client unresolved admission ceiling
12306	1789237650742	0	174	admit-refused	authority refusal LIMIT_EXCEEDED: aggregate admission capacity exhausted
12322	1789237650758	0	144	admit-refused	authority refusal LIMIT_EXCEEDED: aggregate admission capacity exhausted
12341	1789237650778	0	180	admit-refused	authority refusal LIMIT_EXCEEDED: aggregate admission capacity exhausted
12453	1789237650890	0	183	admit-refused	authority refusal LIMIT_EXCEEDED: aggregate admission capacity exhausted
12474	1789237650910	1	172	admit-refused	authority refusal LIMIT_EXCEEDED: aggregate admission capacity exhausted
12636	1789237651073	0	126	admit-ceiling	LIMIT_EXCEEDED: client unresolved admission ceiling
12687	1789237651123	0	156	admit-retried	succeeded after 3 refusals
12687	1789237651123	0	156	admitted	admit=3237ms
12731	1789237651167	0	33	admit-refused	authority refusal LIMIT_EXCEEDED: aggregate admission capacity exhausted
12749	1789237651185	1	190	admit-retried	succeeded after 3 refusals
12749	1789237651185	1	190	admitted	admit=1233ms
12750	1789237651187	0	183	admit-refused	authority refusal LIMIT_EXCEEDED: aggregate admission capacity exhausted
12759	1789237651195	0	174	admit-retried	succeeded after 2 refusals
12759	1789237651195	0	174	admitted	admit=1264ms
12766	1789237651202	2	44	admit-ceiling	LIMIT_EXCEEDED: client unresolved admission ceiling
12767	1789237651203	2	11	admit-ceiling	LIMIT_EXCEEDED: client unresolved admission ceiling
12767	1789237651203	2	41	admit-ceiling	LIMIT_EXCEEDED: client unresolved admission ceiling
12767	1789237651204	2	32	admit-ceiling	LIMIT_EXCEEDED: client unresolved admission ceiling
12769	1789237651205	2	35	admit-ceiling	LIMIT_EXCEEDED: client unresolved admission ceiling
12769	1789237651206	2	17	admit-ceiling	LIMIT_EXCEEDED: client unresolved admission ceiling
12769	1789237651206	2	8	admit-ceiling	LIMIT_EXCEEDED: client unresolved admission ceiling
12770	1789237651206	2	38	admit-ceiling	LIMIT_EXCEEDED: client unresolved admission ceiling
12770	1789237651206	2	26	admit-ceiling	LIMIT_EXCEEDED: client unresolved admission ceiling
12770	1789237651206	2	47	admit-ceiling	LIMIT_EXCEEDED: client unresolved admission ceiling
12770	1789237651206	2	29	admit-ceiling	LIMIT_EXCEEDED: client unresolved admission ceiling
12785	1789237651221	1	184	admit-refused	authority refusal LIMIT_EXCEEDED: aggregate admission capacity exhausted
12832	1789237651268	0	180	admit-refused	authority refusal LIMIT_EXCEEDED: aggregate admission capacity exhausted
12904	1789237651340	1	193	admitted	admit=155ms
13000	1789237651436	1	196	admit-refused	authority refusal LIMIT_EXCEEDED: aggregate admission capacity exhausted
13040	1789237651476	2	134	admit-retried	succeeded after 1 refusals
13040	1789237651476	2	134	admitted	admit=2723ms
13056	1789237651492	1	184	admit-refused	authority refusal LIMIT_EXCEEDED: aggregate admission capacity exhausted
13152	1789237651588	0	183	admit-ceiling	LIMIT_EXCEEDED: client unresolved admission ceiling
13170	1789237651606	2	137	admit-refused	authority refusal LIMIT_EXCEEDED: retained input, output or executor capacity
13195	1789237651631	2	140	admit-retried	succeeded after 1 refusals
13195	1789237651631	2	140	admitted	admit=1776ms
13205	1789237651641	1	196	admit-retried	succeeded after 1 refusals
13205	1789237651641	1	196	admitted	admit=300ms
13233	1789237651669	0	180	admit-ceiling	LIMIT_EXCEEDED: client unresolved admission ceiling
13238	1789237651674	2	143	admit-refused	authority refusal LIMIT_EXCEEDED: retained input, output or executor capacity
13407	1789237651843	1	184	admit-retried	succeeded after 2 refusals
13407	1789237651843	1	184	admitted	admit=2290ms
13436	1789237651873	1	199	admit-refused	authority refusal LIMIT_EXCEEDED: aggregate admission capacity exhausted
13450	1789237651887	0	189	admitted	admit=690ms
13471	1789237651907	1	145	admit-retried	succeeded after 5 refusals
13471	1789237651907	1	145	admitted	admit=6524ms
13472	1789237651909	1	67	admit-ceiling	LIMIT_EXCEEDED: client unresolved admission ceiling
13511	1789237651947	1	205	admit-ceiling	LIMIT_EXCEEDED: client unresolved admission ceiling
13537	1789237651974	1	199	admit-ceiling	LIMIT_EXCEEDED: client unresolved admission ceiling
13541	1789237651977	1	34	admit-ceiling	LIMIT_EXCEEDED: client unresolved admission ceiling
13552	1789237651988	1	70	admit-refused	authority refusal LIMIT_EXCEEDED: aggregate admission capacity exhausted
13557	1789237651994	0	12	admit-ceiling	LIMIT_EXCEEDED: client unresolved admission ceiling
13572	1789237652008	1	73	admit-refused	authority refusal LIMIT_EXCEEDED: aggregate admission capacity exhausted
13597	1789237652033	0	192	admitted	admit=146ms
13612	1789237652048	1	205	admit-ceiling	LIMIT_EXCEEDED: client unresolved admission ceiling
13632	1789237652068	0	195	admit-ceiling	LIMIT_EXCEEDED: client unresolved admission ceiling
13651	1789237652087	1	52	admit-ceiling	LIMIT_EXCEEDED: client unresolved admission ceiling
13673	1789237652109	0	48	admit-refused	authority refusal LIMIT_EXCEEDED: aggregate admission capacity exhausted
13699	1789237652136	1	202	admit-refused	authority refusal LIMIT_EXCEEDED: aggregate admission capacity exhausted
13702	1789237652139	2	122	admit-retried	succeeded after 4 refusals
13702	1789237652139	2	122	admitted	admit=5086ms
13757	1789237652194	2	137	admit-refused	authority refusal LIMIT_EXCEEDED: retained input, output or executor capacity
13759	1789237652195	1	55	admit-refused	authority refusal LIMIT_EXCEEDED: aggregate admission capacity exhausted
13777	1789237652213	1	142	admit-retried	succeeded after 5 refusals
13777	1789237652213	1	142	admitted	admit=6984ms
13814	1789237652250	1	205	admit-ceiling	LIMIT_EXCEEDED: client unresolved admission ceiling
13879	1789237652316	1	208	admit-refused	authority refusal LIMIT_EXCEEDED: aggregate admission capacity exhausted
13894	1789237652330	1	91	admit-refused	authority refusal LIMIT_EXCEEDED: aggregate admission capacity exhausted
13933	1789237652369	0	195	admit-retried	succeeded after 1 refusals
13933	1789237652369	0	195	admitted	admit=334ms
13943	1789237652379	2	149	admit-refused	authority refusal LIMIT_EXCEEDED: retained input, output or executor capacity
13987	1789237652423	1	202	admit-refused	authority refusal LIMIT_EXCEEDED: aggregate admission capacity exhausted
13996	1789237652432	0	51	admit-retried	succeeded after 7 refusals
13996	1789237652432	0	51	admitted	admit=12713ms
14022	1789237652458	0	42	admit-refused	authority refusal LIMIT_EXCEEDED: aggregate admission capacity exhausted
14034	1789237652470	0	180	admit-ceiling	LIMIT_EXCEEDED: client unresolved admission ceiling
14081	1789237652517	1	208	admit-retried	succeeded after 1 refusals
14081	1789237652517	1	208	admitted	admit=303ms
14092	1789237652528	0	201	admit-refused	authority refusal LIMIT_EXCEEDED: aggregate admission capacity exhausted
14113	1789237652549	0	183	admit-refused	authority refusal LIMIT_EXCEEDED: aggregate admission capacity exhausted
14128	1789237652564	0	198	admit-refused	authority refusal LIMIT_EXCEEDED: aggregate admission capacity exhausted
14172	1789237652608	1	211	admit-refused	authority refusal LIMIT_EXCEEDED: aggregate admission capacity exhausted
14221	1789237652657	2	50	admit-refused	authority refusal LIMIT_EXCEEDED: retained input, output or executor capacity
14230	1789237652667	2	143	admit-refused	authority refusal LIMIT_EXCEEDED: retained input, output or executor capacity
14232	1789237652668	0	186	admit-refused	authority refusal LIMIT_EXCEEDED: aggregate admission capacity exhausted
14236	1789237652672	1	100	admit-ceiling	LIMIT_EXCEEDED: client unresolved admission ceiling
14240	1789237652676	2	146	admitted	admit=1044ms
14246	1789237652682	2	149	admit-refused	authority refusal LIMIT_EXCEEDED: retained input, output or executor capacity
14261	1789237652697	1	172	admit-refused	authority refusal LIMIT_EXCEEDED: aggregate admission capacity exhausted
14310	1789237652746	2	152	admit-refused	authority refusal LIMIT_EXCEEDED: retained input, output or executor capacity
14320	1789237652756	0	201	admit-refused	authority refusal LIMIT_EXCEEDED: aggregate admission capacity exhausted
14356	1789237652792	0	198	admit-retried	succeeded after 1 refusals
14356	1789237652792	0	198	admitted	admit=422ms
14372	1789237652808	1	211	admit-retried	succeeded after 1 refusals
14372	1789237652808	1	211	admitted	admit=290ms
14524	1789237652960	0	186	admit-refused	authority refusal LIMIT_EXCEEDED: aggregate admission capacity exhausted
14528	1789237652964	1	205	admit-refused	authority refusal LIMIT_EXCEEDED: aggregate admission capacity exhausted
14643	1789237653079	0	204	admit-refused	authority refusal LIMIT_EXCEEDED: aggregate admission capacity exhausted
14654	1789237653090	0	201	admit-refused	authority refusal LIMIT_EXCEEDED: aggregate admission capacity exhausted
14873	1789237653309	0	204	admit-refused	authority refusal LIMIT_EXCEEDED: aggregate admission capacity exhausted
14888	1789237653324	0	87	admit-refused	authority refusal LIMIT_EXCEEDED: aggregate admission capacity exhausted
15075	1789237653511	0	204	admit-ceiling	LIMIT_EXCEEDED: client unresolved admission ceiling
15083	1789237653519	2	152	admit-retried	succeeded after 1 refusals
15083	1789237653519	2	152	admitted	admit=843ms
15162	1789237653598	0	108	admit-ceiling	LIMIT_EXCEEDED: client unresolved admission ceiling
15178	1789237653614	2	143	admit-retried	succeeded after 2 refusals
15178	1789237653614	2	143	admitted	admit=2137ms
15195	1789237653631	0	186	admit-refused	authority refusal LIMIT_EXCEEDED: aggregate admission capacity exhausted
15203	1789237653639	0	102	admit-retried	succeeded after 7 refusals
15203	1789237653639	0	102	admitted	admit=12086ms
15215	1789237653651	0	201	admit-refused	authority refusal LIMIT_EXCEEDED: aggregate admission capacity exhausted
15234	1789237653671	2	149	admit-refused	authority refusal LIMIT_EXCEEDED: retained input, output or executor capacity
15245	1789237653681	2	155	admit-refused	authority refusal LIMIT_EXCEEDED: retained input, output or executor capacity
15337	1789237653774	1	151	admit-ceiling	LIMIT_EXCEEDED: client unresolved admission ceiling
15369	1789237653806	2	137	admit-refused	authority refusal LIMIT_EXCEEDED: retained input, output or executor capacity
15380	1789237653816	2	158	admit-refused	authority refusal LIMIT_EXCEEDED: retained input, output or executor capacity
15421	1789237653857	1	205	admit-retried	succeeded after 4 refusals
15421	1789237653857	1	205	admitted	admit=1949ms
15596	1789237654033	1	217	admitted	admit=175ms
15608	1789237654044	0	144	admit-refused	authority refusal LIMIT_EXCEEDED: aggregate admission capacity exhausted
15621	1789237654057	0	96	admit-retried	succeeded after 6 refusals
15621	1789237654057	0	96	admitted	admit=12574ms
15659	1789237654095	0	180	admit-ceiling	LIMIT_EXCEEDED: client unresolved admission ceiling
15693	1789237654129	1	199	admit-retried	succeeded after 2 refusals
15693	1789237654129	1	199	admitted	admit=2487ms
15711	1789237654147	1	202	admit-refused	authority refusal LIMIT_EXCEEDED: aggregate admission capacity exhausted
15715	1789237654151	0	183	admit-ceiling	LIMIT_EXCEEDED: client unresolved admission ceiling
15756	1789237654192	1	220	admitted	admit=158ms
15760	1789237654196	0	186	admit-retried	succeeded after 3 refusals
15760	1789237654196	0	186	admitted	admit=3072ms
15873	1789237654309	0	213	admit-refused	authority refusal LIMIT_EXCEEDED: aggregate admission capacity exhausted
15948	1789237654384	1	223	admit-refused	authority refusal LIMIT_EXCEEDED: aggregate admission capacity exhausted
15972	1789237654408	1	226	admit-refused	authority refusal LIMIT_EXCEEDED: aggregate admission capacity exhausted
15997	1789237654433	2	155	admit-retried	succeeded after 1 refusals
15997	1789237654433	2	155	admitted	admit=913ms
16007	1789237654443	0	210	admitted	admit=385ms
16043	1789237654480	0	201	admit-ceiling	LIMIT_EXCEEDED: client unresolved admission ceiling
16114	1789237654550	1	223	admit-refused	authority refusal LIMIT_EXCEEDED: aggregate admission capacity exhausted
16123	1789237654559	0	216	admit-refused	authority refusal LIMIT_EXCEEDED: aggregate admission capacity exhausted
16134	1789237654570	1	226	admit-refused	authority refusal LIMIT_EXCEEDED: aggregate admission capacity exhausted
16177	1789237654613	2	161	admit-refused	authority refusal LIMIT_EXCEEDED: retained input, output or executor capacity
16202	1789237654638	2	158	admit-retried	succeeded after 1 refusals
16202	1789237654638	2	158	admitted	admit=1023ms
16362	1789237654798	0	216	admit-retried	succeeded after 1 refusals
16362	1789237654798	0	216	admitted	admit=354ms
16417	1789237654853	1	223	admit-refused	authority refusal LIMIT_EXCEEDED: aggregate admission capacity exhausted
16442	1789237654878	1	226	admit-retried	succeeded after 2 refusals
16442	1789237654878	1	226	admitted	admit=686ms
16500	1789237654936	0	219	admit-refused	authority refusal LIMIT_EXCEEDED: aggregate admission capacity exhausted
16591	1789237655027	0	213	admit-refused	authority refusal LIMIT_EXCEEDED: aggregate admission capacity exhausted
16630	1789237655066	2	149	admit-retried	succeeded after 3 refusals
16630	1789237655066	2	149	admitted	admit=2927ms
16702	1789237655138	0	219	admit-refused	authority refusal LIMIT_EXCEEDED: aggregate admission capacity exhausted
16722	1789237655158	0	207	admit-refused	authority refusal LIMIT_EXCEEDED: aggregate admission capacity exhausted
16783	1789237655219	0	111	admit-refused	authority refusal LIMIT_EXCEEDED: aggregate admission capacity exhausted
16819	1789237655255	1	223	admit-ceiling	LIMIT_EXCEEDED: client unresolved admission ceiling
16897	1789237655333	1	127	admit-refused	authority refusal LIMIT_EXCEEDED: aggregate admission capacity exhausted
16911	1789237655347	1	229	admitted	admit=468ms
16972	1789237655408	0	219	admit-refused	authority refusal LIMIT_EXCEEDED: aggregate admission capacity exhausted
16991	1789237655427	0	213	admit-retried	succeeded after 2 refusals
16991	1789237655428	0	213	admitted	admit=1230ms
17035	1789237655471	2	164	admitted	admit=832ms
17046	1789237655482	2	161	admit-refused	authority refusal LIMIT_EXCEEDED: retained input, output or executor capacity
17076	1789237655512	2	137	admit-refused	authority refusal LIMIT_EXCEEDED: retained input, output or executor capacity
17147	1789237655583	1	214	admitted	admit=2774ms
17179	1789237655615	0	207	admit-refused	authority refusal LIMIT_EXCEEDED: aggregate admission capacity exhausted
17193	1789237655629	0	222	admit-refused	authority refusal LIMIT_EXCEEDED: aggregate admission capacity exhausted
17304	1789237655741	1	133	admit-retried	succeeded after 7 refusals
17304	1789237655741	1	133	admitted	admit=11778ms
17343	1789237655779	1	232	admit-refused	authority refusal LIMIT_EXCEEDED: aggregate admission capacity exhausted
17431	1789237655867	1	235	admitted	admit=283ms
17457	1789237655893	0	219	admit-refused	authority refusal LIMIT_EXCEEDED: aggregate admission capacity exhausted
17467	1789237655903	1	172	admit-ceiling	LIMIT_EXCEEDED: client unresolved admission ceiling
17471	1789237655907	0	222	admit-retried	succeeded after 1 refusals
17471	1789237655907	0	222	admitted	admit=479ms
17487	1789237655924	0	207	admit-refused	authority refusal LIMIT_EXCEEDED: aggregate admission capacity exhausted
17533	1789237655969	1	241	admit-refused	authority refusal LIMIT_EXCEEDED: aggregate admission capacity exhausted
17595	1789237656031	1	232	admit-refused	authority refusal LIMIT_EXCEEDED: aggregate admission capacity exhausted
17614	1789237656050	0	225	admitted	admit=142ms
17615	1789237656051	2	170	admit-refused	authority refusal LIMIT_EXCEEDED: retained input, output or executor capacity
17733	1789237656169	0	33	admit-ceiling	LIMIT_EXCEEDED: client unresolved admission ceiling
17769	1789237656205	2	32	admit-ceiling	LIMIT_EXCEEDED: client unresolved admission ceiling
17769	1789237656206	2	11	admit-ceiling	LIMIT_EXCEEDED: client unresolved admission ceiling
17770	1789237656206	2	41	admit-ceiling	LIMIT_EXCEEDED: client unresolved admission ceiling
17773	1789237656209	2	26	admit-ceiling	LIMIT_EXCEEDED: client unresolved admission ceiling
17773	1789237656209	2	35	admit-ceiling	LIMIT_EXCEEDED: client unresolved admission ceiling
17773	1789237656209	2	38	admit-ceiling	LIMIT_EXCEEDED: client unresolved admission ceiling
17773	1789237656209	2	29	admit-ceiling	LIMIT_EXCEEDED: client unresolved admission ceiling
17773	1789237656209	2	17	admit-ceiling	LIMIT_EXCEEDED: client unresolved admission ceiling
17773	1789237656210	2	8	admit-ceiling	LIMIT_EXCEEDED: client unresolved admission ceiling
17774	1789237656210	2	47	admit-ceiling	LIMIT_EXCEEDED: client unresolved admission ceiling
17778	1789237656214	0	126	admit-retried	succeeded after 7 refusals
17778	1789237656214	0	126	admitted	admit=12211ms
17797	1789237656233	1	232	admit-ceiling	LIMIT_EXCEEDED: client unresolved admission ceiling
17800	1789237656236	0	201	admit-refused	authority refusal LIMIT_EXCEEDED: aggregate admission capacity exhausted
17855	1789237656291	1	223	admit-retried	succeeded after 4 refusals
17855	1789237656291	1	223	admitted	admit=2161ms
17897	1789237656333	0	231	admit-refused	authority refusal LIMIT_EXCEEDED: aggregate admission capacity exhausted
17913	1789237656350	0	228	admit-refused	authority refusal LIMIT_EXCEEDED: aggregate admission capacity exhausted
17996	1789237656432	0	207	admit-retried	succeeded after 3 refusals
17996	1789237656432	0	207	admitted	admit=2792ms
18053	1789237656489	1	244	admit-refused	authority refusal LIMIT_EXCEEDED: aggregate admission capacity exhausted
18064	1789237656500	2	170	admit-refused	authority refusal LIMIT_EXCEEDED: retained input, output or executor capacity
18073	1789237656509	1	238	admitted	admit=768ms
18099	1789237656535	2	44	admit-refused	authority refusal LIMIT_EXCEEDED: retained input, output or executor capacity
18198	1789237656634	0	228	admit-refused	authority refusal LIMIT_EXCEEDED: aggregate admission capacity exhausted
18199	1789237656635	1	232	admit-ceiling	LIMIT_EXCEEDED: client unresolved admission ceiling
18214	1789237656650	0	231	admit-refused	authority refusal LIMIT_EXCEEDED: aggregate admission capacity exhausted
18235	1789237656671	0	234	admit-refused	authority refusal LIMIT_EXCEEDED: aggregate admission capacity exhausted
18236	1789237656672	1	247	admit-refused	authority refusal LIMIT_EXCEEDED: aggregate admission capacity exhausted
18306	1789237656742	1	244	admit-refused	authority refusal LIMIT_EXCEEDED: aggregate admission capacity exhausted
18329	1789237656765	2	167	admitted	admit=1698ms
18390	1789237656826	2	170	admit-refused	authority refusal LIMIT_EXCEEDED: retained input, output or executor capacity
18406	1789237656842	1	202	admit-refused	authority refusal LIMIT_EXCEEDED: aggregate admission capacity exhausted
18415	1789237656851	0	231	admit-ceiling	LIMIT_EXCEEDED: client unresolved admission ceiling
18419	1789237656855	1	247	admit-refused	authority refusal LIMIT_EXCEEDED: aggregate admission capacity exhausted
18431	1789237656867	0	234	admit-refused	authority refusal LIMIT_EXCEEDED: aggregate admission capacity exhausted
18532	1789237656968	0	219	admit-refused	authority refusal LIMIT_EXCEEDED: aggregate admission capacity exhausted
18548	1789237656984	0	228	admit-refused	authority refusal LIMIT_EXCEEDED: aggregate admission capacity exhausted
18553	1789237656989	1	70	admit-ceiling	LIMIT_EXCEEDED: client unresolved admission ceiling
18574	1789237657010	1	73	admit-ceiling	LIMIT_EXCEEDED: client unresolved admission ceiling
18579	1789237657015	1	67	admit-refused	authority refusal LIMIT_EXCEEDED: aggregate admission capacity exhausted
18661	1789237657097	1	34	admit-retried	succeeded after 8 refusals
18661	1789237657097	1	34	admitted	admit=18105ms
18699	1789237657135	1	250	admit-ceiling	LIMIT_EXCEEDED: client unresolved admission ceiling
18700	1789237657136	2	173	admit-refused	authority refusal LIMIT_EXCEEDED: retained input, output or executor capacity
18724	1789237657160	2	161	admit-retried	succeeded after 2 refusals
18724	1789237657160	2	161	admitted	admit=2726ms
18726	1789237657162	1	52	admit-refused	authority refusal LIMIT_EXCEEDED: aggregate admission capacity exhausted
18729	1789237657165	1	247	admit-refused	authority refusal LIMIT_EXCEEDED: aggregate admission capacity exhausted
18748	1789237657184	0	48	admit-refused	authority refusal LIMIT_EXCEEDED: aggregate admission capacity exhausted
18858	1789237657294	0	12	admit-refused	authority refusal LIMIT_EXCEEDED: aggregate admission capacity exhausted
18858	1789237657294	1	250	admit-refused	authority refusal LIMIT_EXCEEDED: aggregate admission capacity exhausted
18862	1789237657298	0	234	admit-refused	authority refusal LIMIT_EXCEEDED: aggregate admission capacity exhausted
18934	1789237657370	1	244	admit-refused	authority refusal LIMIT_EXCEEDED: aggregate admission capacity exhausted
18950	1789237657386	0	228	admit-ceiling	LIMIT_EXCEEDED: client unresolved admission ceiling
19024	1789237657460	0	42	admit-ceiling	LIMIT_EXCEEDED: client unresolved admission ceiling
19060	1789237657496	1	250	admit-ceiling	LIMIT_EXCEEDED: client unresolved admission ceiling
19079	1789237657515	1	55	admit-refused	authority refusal LIMIT_EXCEEDED: aggregate admission capacity exhausted
19102	1789237657539	1	91	admit-refused	authority refusal LIMIT_EXCEEDED: aggregate admission capacity exhausted
19112	1789237657548	1	232	admit-retried	succeeded after 4 refusals
19112	1789237657548	1	232	admitted	admit=2200ms
19122	1789237657558	0	180	admit-retried	succeeded after 6 refusals
19122	1789237657558	0	180	admitted	admit=7136ms
19219	1789237657655	1	253	admit-refused	authority refusal LIMIT_EXCEEDED: aggregate admission capacity exhausted
19263	1789237657700	0	234	admit-ceiling	LIMIT_EXCEEDED: client unresolved admission ceiling
19346	1789237657782	1	202	admit-retried	succeeded after 4 refusals
19346	1789237657782	1	202	admitted	admit=5938ms
19347	1789237657783	1	244	admit-ceiling	LIMIT_EXCEEDED: client unresolved admission ceiling
19381	1789237657817	1	256	admit-ceiling	LIMIT_EXCEEDED: client unresolved admission ceiling
19448	1789237657884	1	100	admit-refused	authority refusal LIMIT_EXCEEDED: aggregate admission capacity exhausted
19483	1789237657919	1	256	admit-ceiling	LIMIT_EXCEEDED: client unresolved admission ceiling
19501	1789237657938	0	183	admit-retried	succeeded after 6 refusals
19501	1789237657938	0	183	admitted	admit=7271ms
19572	1789237658008	0	231	admit-retried	succeeded after 3 refusals
19572	1789237658008	0	231	admitted	admit=1793ms
19615	1789237658051	1	250	admit-refused	authority refusal LIMIT_EXCEEDED: aggregate admission capacity exhausted
19631	1789237658067	1	247	admit-refused	authority refusal LIMIT_EXCEEDED: aggregate admission capacity exhausted
19735	1789237658171	2	176	admitted	admit=1010ms
19753	1789237658189	0	228	admit-ceiling	LIMIT_EXCEEDED: client unresolved admission ceiling
19768	1789237658204	2	170	admit-refused	authority refusal LIMIT_EXCEEDED: retained input, output or executor capacity
19774	1789237658210	0	204	admit-refused	authority refusal LIMIT_EXCEEDED: aggregate admission capacity exhausted
19779	1789237658215	2	173	admit-refused	authority refusal LIMIT_EXCEEDED: retained input, output or executor capacity
19832	1789237658268	1	253	admit-refused	authority refusal LIMIT_EXCEEDED: aggregate admission capacity exhausted
19895	1789237658331	1	256	admit-refused	authority refusal LIMIT_EXCEEDED: aggregate admission capacity exhausted
19977	1789237658413	0	240	admitted	admit=474ms
20007	1789237658443	0	87	admit-retried	succeeded after 8 refusals
20007	1789237658443	0	87	admitted	admit=17181ms
20079	1789237658515	0	234	admit-ceiling	LIMIT_EXCEEDED: client unresolved admission ceiling
20107	1789237658543	0	246	admit-refused	authority refusal LIMIT_EXCEEDED: aggregate admission capacity exhausted
20140	1789237658576	0	237	admit-refused	authority refusal LIMIT_EXCEEDED: aggregate admission capacity exhausted
20161	1789237658598	0	249	admit-refused	authority refusal LIMIT_EXCEEDED: aggregate admission capacity exhausted
20221	1789237658657	1	253	admit-retried	succeeded after 2 refusals
20221	1789237658657	1	253	admitted	admit=1109ms
20241	1789237658678	0	237	admit-ceiling	LIMIT_EXCEEDED: client unresolved admission ceiling
20263	1789237658699	0	249	admit-ceiling	LIMIT_EXCEEDED: client unresolved admission ceiling
20293	1789237658729	1	244	admit-retried	succeeded after 4 refusals
20293	1789237658729	1	244	admitted	admit=2437ms
20339	1789237658775	1	151	admit-ceiling	LIMIT_EXCEEDED: client unresolved admission ceiling
20434	1789237658870	1	259	admit-refused	authority refusal LIMIT_EXCEEDED: aggregate admission capacity exhausted
20442	1789237658878	1	262	admitted	admit=148ms
20443	1789237658879	0	237	admit-ceiling	LIMIT_EXCEEDED: client unresolved admission ceiling
20465	1789237658901	0	249	admit-ceiling	LIMIT_EXCEEDED: client unresolved admission ceiling
20478	1789237658915	1	265	admit-ceiling	LIMIT_EXCEEDED: client unresolved admission ceiling
20514	1789237658950	1	250	admit-refused	authority refusal LIMIT_EXCEEDED: aggregate admission capacity exhausted
20550	1789237658986	2	50	admit-retried	succeeded after 8 refusals
20550	1789237658986	2	50	admitted	admit=19055ms
20575	1789237659011	0	219	admit-retried	succeeded after 5 refusals
20575	1789237659011	0	219	admitted	admit=4212ms
20580	1789237659016	1	265	admit-ceiling	LIMIT_EXCEEDED: client unresolved admission ceiling
20585	1789237659021	2	170	admit-ceiling	LIMIT_EXCEEDED: client unresolved admission ceiling
20611	1789237659048	0	252	admit-ceiling	LIMIT_EXCEEDED: client unresolved admission ceiling
20612	1789237659048	0	144	admit-ceiling	LIMIT_EXCEEDED: client unresolved admission ceiling
20634	1789237659070	0	246	admit-refused	authority refusal LIMIT_EXCEEDED: aggregate admission capacity exhausted
20654	1789237659090	0	204	admit-refused	authority refusal LIMIT_EXCEEDED: aggregate admission capacity exhausted
20730	1789237659166	2	173	admit-refused	authority refusal LIMIT_EXCEEDED: retained input, output or executor capacity
20730	1789237659166	1	247	admit-refused	authority refusal LIMIT_EXCEEDED: aggregate admission capacity exhausted
20739	1789237659175	1	259	admit-retried	succeeded after 1 refusals
20739	1789237659175	1	259	admitted	admit=517ms
20740	1789237659176	2	182	admit-refused	authority refusal LIMIT_EXCEEDED: retained input, output or executor capacity
20804	1789237659240	2	179	admitted	admit=1068ms
20837	1789237659273	0	252	admit-refused	authority refusal LIMIT_EXCEEDED: aggregate admission capacity exhausted
20866	1789237659302	0	249	admit-ceiling	LIMIT_EXCEEDED: client unresolved admission ceiling
20933	1789237659369	0	246	admit-refused	authority refusal LIMIT_EXCEEDED: aggregate admission capacity exhausted
20953	1789237659389	0	237	admit-refused	authority refusal LIMIT_EXCEEDED: aggregate admission capacity exhausted
20984	1789237659421	0	243	admit-refused	authority refusal LIMIT_EXCEEDED: aggregate admission capacity exhausted
21065	1789237659501	1	268	admitted	admit=325ms
21081	1789237659517	1	265	admit-refused	authority refusal LIMIT_EXCEEDED: aggregate admission capacity exhausted
21143	1789237659579	0	243	admit-refused	authority refusal LIMIT_EXCEEDED: aggregate admission capacity exhausted
21147	1789237659583	2	185	admit-refused	authority refusal LIMIT_EXCEEDED: retained input, output or executor capacity
21158	1789237659594	2	182	admit-refused	authority refusal LIMIT_EXCEEDED: retained input, output or executor capacity
21163	1789237659599	0	108	admit-retried	succeeded after 8 refusals
21163	1789237659599	0	108	admitted	admit=17846ms
21173	1789237659609	2	137	admit-retried	succeeded after 6 refusals
21173	1789237659609	2	137	admitted	admit=10232ms
21188	1789237659624	2	173	admit-refused	authority refusal LIMIT_EXCEEDED: retained input, output or executor capacity
21218	1789237659654	1	271	admitted	admit=152ms
21240	1789237659676	2	188	admit-refused	authority refusal LIMIT_EXCEEDED: retained input, output or executor capacity
21334	1789237659770	0	252	admit-refused	authority refusal LIMIT_EXCEEDED: aggregate admission capacity exhausted
21338	1789237659775	1	256	admit-refused	authority refusal LIMIT_EXCEEDED: aggregate admission capacity exhausted
21354	1789237659790	0	228	admit-ceiling	LIMIT_EXCEEDED: client unresolved admission ceiling
21457	1789237659893	0	243	admit-refused	authority refusal LIMIT_EXCEEDED: aggregate admission capacity exhausted
21470	1789237659906	0	246	admit-retried	succeeded after 3 refusals
21470	1789237659906	0	246	admitted	admit=1492ms
21505	1789237659941	1	274	admit-refused	authority refusal LIMIT_EXCEEDED: aggregate admission capacity exhausted
21559	1789237659995	1	265	admit-refused	authority refusal LIMIT_EXCEEDED: aggregate admission capacity exhausted
21632	1789237660068	0	258	admit-refused	authority refusal LIMIT_EXCEEDED: aggregate admission capacity exhausted
21721	1789237660157	1	274	admit-refused	authority refusal LIMIT_EXCEEDED: aggregate admission capacity exhausted
21735	1789237660171	0	258	admit-ceiling	LIMIT_EXCEEDED: client unresolved admission ceiling
21735	1789237660172	0	252	admit-ceiling	LIMIT_EXCEEDED: client unresolved admission ceiling
21771	1789237660207	0	201	admit-retried	succeeded after 6 refusals
21771	1789237660207	0	201	admitted	admit=7774ms
21807	1789237660243	0	261	admit-ceiling	LIMIT_EXCEEDED: client unresolved admission ceiling
21808	1789237660244	0	111	admit-ceiling	LIMIT_EXCEEDED: client unresolved admission ceiling
21859	1789237660296	0	243	admit-ceiling	LIMIT_EXCEEDED: client unresolved admission ceiling
21871	1789237660308	0	249	admit-refused	authority refusal LIMIT_EXCEEDED: aggregate admission capacity exhausted
21938	1789237660374	0	258	admit-ceiling	LIMIT_EXCEEDED: client unresolved admission ceiling
22012	1789237660448	0	261	admit-retried	succeeded after 1 refusals
22012	1789237660448	0	261	admitted	admit=240ms
22017	1789237660454	1	127	admit-retried	succeeded after 8 refusals
22018	1789237660454	1	127	admitted	admit=16950ms
22123	1789237660560	0	264	admit-refused	authority refusal LIMIT_EXCEEDED: aggregate admission capacity exhausted
22158	1789237660594	1	277	admitted	admit=139ms
22163	1789237660599	2	182	admit-refused	authority refusal LIMIT_EXCEEDED: retained input, output or executor capacity
22188	1789237660625	2	188	admit-retried	succeeded after 1 refusals
22188	1789237660625	2	188	admitted	admit=1015ms
22193	1789237660629	1	280	admit-ceiling	LIMIT_EXCEEDED: client unresolved admission ceiling
22242	1789237660678	1	256	admit-refused	authority refusal LIMIT_EXCEEDED: aggregate admission capacity exhausted
22256	1789237660692	0	204	admit-ceiling	LIMIT_EXCEEDED: client unresolved admission ceiling
22267	1789237660703	1	250	admit-refused	authority refusal LIMIT_EXCEEDED: aggregate admission capacity exhausted
22328	1789237660764	0	264	admit-retried	succeeded after 1 refusals
22328	1789237660765	0	264	admitted	admit=315ms
22360	1789237660796	1	265	admit-ceiling	LIMIT_EXCEEDED: client unresolved admission ceiling
22368	1789237660805	0	258	admit-ceiling	LIMIT_EXCEEDED: client unresolved admission ceiling
22423	1789237660859	2	185	admit-retried	succeeded after 1 refusals
22423	1789237660859	2	185	admitted	admit=1619ms
22455	1789237660892	0	267	admit-refused	authority refusal LIMIT_EXCEEDED: aggregate admission capacity exhausted
22469	1789237660905	1	172	admit-ceiling	LIMIT_EXCEEDED: client unresolved admission ceiling
22536	1789237660972	1	247	admit-retried	succeeded after 5 refusals
22536	1789237660972	1	247	admitted	admit=4462ms
22558	1789237660994	0	267	admit-ceiling	LIMIT_EXCEEDED: client unresolved admission ceiling
22565	1789237661002	2	182	admit-ceiling	LIMIT_EXCEEDED: client unresolved admission ceiling
22588	1789237661024	0	252	admit-refused	authority refusal LIMIT_EXCEEDED: aggregate admission capacity exhausted
22601	1789237661037	0	237	admit-retried	succeeded after 4 refusals
22601	1789237661037	0	237	admitted	admit=3478ms
22619	1789237661055	1	274	admit-refused	authority refusal LIMIT_EXCEEDED: aggregate admission capacity exhausted
22694	1789237661130	1	241	admit-fatal-send	Refused(Refusal { request: Input { stream: StreamId(590) }, code: InternalError, detail: Detail("authority storage operation failed") })
22761	1789237661197	0	243	admit-refused	authority refusal LIMIT_EXCEEDED: aggregate admission capacity exhausted
22769	1789237661205	0	234	admit-retried	succeeded after 5 refusals
22769	1789237661205	0	234	admitted	admit=4772ms
22772	1789237661208	2	32	admit-ceiling	LIMIT_EXCEEDED: client unresolved admission ceiling
22772	1789237661208	2	41	admit-ceiling	LIMIT_EXCEEDED: client unresolved admission ceiling
22772	1789237661208	2	11	admit-ceiling	LIMIT_EXCEEDED: client unresolved admission ceiling
22773	1789237661209	2	26	admit-ceiling	LIMIT_EXCEEDED: client unresolved admission ceiling
22776	1789237661212	2	47	admit-ceiling	LIMIT_EXCEEDED: client unresolved admission ceiling
22776	1789237661212	2	35	admit-ceiling	LIMIT_EXCEEDED: client unresolved admission ceiling
22776	1789237661212	2	29	admit-ceiling	LIMIT_EXCEEDED: client unresolved admission ceiling
22776	1789237661212	2	38	admit-ceiling	LIMIT_EXCEEDED: client unresolved admission ceiling
22776	1789237661213	2	17	admit-ceiling	LIMIT_EXCEEDED: client unresolved admission ceiling
22777	1789237661213	2	8	admit-ceiling	LIMIT_EXCEEDED: client unresolved admission ceiling
22804	1789237661240	0	273	admit-ceiling	LIMIT_EXCEEDED: client unresolved admission ceiling
22891	1789237661327	0	33	admit-refused	authority refusal LIMIT_EXCEEDED: aggregate admission capacity exhausted
22911	1789237661347	0	267	admit-refused	authority refusal LIMIT_EXCEEDED: aggregate admission capacity exhausted
22971	1789237661407	2	173	admit-retried	succeeded after 4 refusals
22971	1789237661407	2	173	admitted	admit=4641ms
23048	1789237661484	0	273	admit-refused	authority refusal LIMIT_EXCEEDED: aggregate admission capacity exhausted
23054	1789237661491	2	191	admit-refused	authority refusal LIMIT_EXCEEDED: retained input, output or executor capacity
23099	1789237661535	2	197	admit-refused	authority refusal LIMIT_EXCEEDED: retained input, output or executor capacity
23124	1789237661560	2	170	admit-retried	succeeded after 5 refusals
23124	1789237661560	2	170	admitted	admit=6088ms
23139	1789237661575	2	194	admit-refused	authority refusal LIMIT_EXCEEDED: retained input, output or executor capacity
23241	1789237661677	2	194	admit-ceiling	LIMIT_EXCEEDED: client unresolved admission ceiling
23281	1789237661718	2	44	admit-refused	authority refusal LIMIT_EXCEEDED: retained input, output or executor capacity
23314	1789237661750	0	267	admit-ceiling	LIMIT_EXCEEDED: client unresolved admission ceiling
23356	1789237661792	0	273	admit-refused	authority refusal LIMIT_EXCEEDED: aggregate admission capacity exhausted
23442	1789237661878	2	194	admit-ceiling	LIMIT_EXCEEDED: client unresolved admission ceiling
23626	1789237662062	0	249	admit-retried	succeeded after 5 refusals
23626	1789237662062	0	249	admitted	admit=3619ms
23750	1789237662187	0	258	admit-refused	authority refusal LIMIT_EXCEEDED: aggregate admission capacity exhausted
23764	1789237662200	0	276	admitted	admit=137ms
23800	1789237662236	0	279	admit-ceiling	LIMIT_EXCEEDED: client unresolved admission ceiling
23843	1789237662279	0	273	admit-refused	authority refusal LIMIT_EXCEEDED: aggregate admission capacity exhausted
23844	1789237662280	2	194	admit-ceiling	LIMIT_EXCEEDED: client unresolved admission ceiling
23901	1789237662338	0	279	admit-ceiling	LIMIT_EXCEEDED: client unresolved admission ceiling
23922	1789237662358	0	12	admit-refused	authority refusal LIMIT_EXCEEDED: aggregate admission capacity exhausted
24041	1789237662477	2	191	admit-retried	succeeded after 1 refusals
24041	1789237662477	2	191	admitted	admit=1851ms
24068	1789237662504	2	197	admit-refused	authority refusal LIMIT_EXCEEDED: retained input, output or executor capacity
24103	1789237662539	0	279	admit-ceiling	LIMIT_EXCEEDED: client unresolved admission ceiling
24106	1789237662542	2	200	admitted	admit=981ms
24115	1789237662551	0	267	admit-ceiling	LIMIT_EXCEEDED: client unresolved admission ceiling
24156	1789237662593	0	42	admit-retried	succeeded after 9 refusals
24156	1789237662593	0	42	admitted	admit=23600ms
24158	1789237662594	0	48	admit-refused	authority refusal LIMIT_EXCEEDED: aggregate admission capacity exhausted
24299	1789237662735	2	203	admit-refused	authority refusal LIMIT_EXCEEDED: retained input, output or executor capacity
24314	1789237662750	2	206	admit-refused	authority refusal LIMIT_EXCEEDED: retained input, output or executor capacity
24323	1789237662760	2	197	admit-refused	authority refusal LIMIT_EXCEEDED: retained input, output or executor capacity
24348	1789237662784	2	182	admit-retried	succeeded after 4 refusals
24348	1789237662784	2	182	admitted	admit=3797ms
24362	1789237662798	0	243	admit-ceiling	LIMIT_EXCEEDED: client unresolved admission ceiling
24410	1789237662846	0	255	admit-refused	authority refusal LIMIT_EXCEEDED: aggregate admission capacity exhausted
24418	1789237662854	0	282	admitted	admit=260ms
24444	1789237662880	0	252	admit-refused	authority refusal LIMIT_EXCEEDED: aggregate admission capacity exhausted
24481	1789237662917	2	209	admit-refused	authority refusal LIMIT_EXCEEDED: retained input, output or executor capacity
24491	1789237662927	2	203	admit-refused	authority refusal LIMIT_EXCEEDED: retained input, output or executor capacity
24496	1789237662933	2	206	admit-refused	authority refusal LIMIT_EXCEEDED: retained input, output or executor capacity
24531	1789237662967	0	270	admit-refused	authority refusal LIMIT_EXCEEDED: aggregate admission capacity exhausted
24538	1789237662974	0	285	admitted	admit=119ms
24632	1789237663068	0	270	admit-ceiling	LIMIT_EXCEEDED: client unresolved admission ceiling
24645	1789237663081	0	273	admit-ceiling	LIMIT_EXCEEDED: client unresolved admission ceiling
24659	1789237663095	2	209	admit-refused	authority refusal LIMIT_EXCEEDED: retained input, output or executor capacity
24671	1789237663107	0	279	admit-refused	authority refusal LIMIT_EXCEEDED: aggregate admission capacity exhausted
24686	1789237663122	0	228	admit-refused	authority refusal LIMIT_EXCEEDED: aggregate admission capacity exhausted
24711	1789237663147	2	194	admit-refused	authority refusal LIMIT_EXCEEDED: retained input, output or executor capacity
24711	1789237663148	0	255	admit-refused	authority refusal LIMIT_EXCEEDED: aggregate admission capacity exhausted
24740	1789237663176	2	203	admit-refused	authority refusal LIMIT_EXCEEDED: retained input, output or executor capacity
24746	1789237663182	2	206	admit-refused	authority refusal LIMIT_EXCEEDED: retained input, output or executor capacity
24891	1789237663327	0	270	admit-refused	authority refusal LIMIT_EXCEEDED: aggregate admission capacity exhausted
25378	1789237663814	0	255	admit-retried	succeeded after 2 refusals
25378	1789237663814	0	255	admitted	admit=4214ms
25415	1789237663851	0	270	admit-retried	succeeded after 3 refusals
25415	1789237663851	0	270	admitted	admit=2814ms
25487	1789237663923	0	204	admit-ceiling	LIMIT_EXCEEDED: client unresolved admission ceiling
25487	1789237663923	0	279	admit-ceiling	LIMIT_EXCEEDED: client unresolved admission ceiling
25546	1789237663982	2	197	admit-retried	succeeded after 3 refusals
25546	1789237663982	2	197	admitted	admit=2574ms
25592	1789237664028	0	294	admitted	admit=175ms
25608	1789237664044	0	291	admit-refused	authority refusal LIMIT_EXCEEDED: aggregate admission capacity exhausted
25626	1789237664063	0	258	admit-retried	succeeded after 5 refusals
25626	1789237664063	0	258	admitted	admit=4156ms
25668	1789237664104	2	209	admit-retried	succeeded after 2 refusals
25668	1789237664104	2	209	admitted	admit=1319ms
25710	1789237664146	0	291	admit-ceiling	LIMIT_EXCEEDED: client unresolved admission ceiling
25715	1789237664151	0	288	admit-refused	authority refusal LIMIT_EXCEEDED: aggregate admission capacity exhausted
25805	1789237664241	0	267	admit-refused	authority refusal LIMIT_EXCEEDED: aggregate admission capacity exhausted
25824	1789237664260	0	297	admit-refused	authority refusal LIMIT_EXCEEDED: aggregate admission capacity exhausted
25842	1789237664278	0	144	admit-refused	authority refusal LIMIT_EXCEEDED: aggregate admission capacity exhausted
25864	1789237664300	0	300	admit-refused	authority refusal LIMIT_EXCEEDED: aggregate admission capacity exhausted
25894	1789237664330	0	288	admit-refused	authority refusal LIMIT_EXCEEDED: aggregate admission capacity exhausted
26074	1789237664510	0	300	admit-refused	authority refusal LIMIT_EXCEEDED: aggregate admission capacity exhausted
26180	1789237664616	0	297	admit-refused	authority refusal LIMIT_EXCEEDED: aggregate admission capacity exhausted
26203	1789237664639	2	203	admit-retried	succeeded after 3 refusals
26203	1789237664639	2	203	admitted	admit=2162ms
26246	1789237664682	0	288	admit-refused	authority refusal LIMIT_EXCEEDED: aggregate admission capacity exhausted
26295	1789237664731	2	206	admit-retried	succeeded after 3 refusals
26295	1789237664731	2	206	admitted	admit=2189ms
26332	1789237664768	2	194	admit-ceiling	LIMIT_EXCEEDED: client unresolved admission ceiling
26428	1789237664864	2	218	admit-refused	authority refusal LIMIT_EXCEEDED: retained input, output or executor capacity
26463	1789237664899	2	212	admit-refused	authority refusal LIMIT_EXCEEDED: retained input, output or executor capacity
26474	1789237664910	2	221	admit-refused	authority refusal LIMIT_EXCEEDED: retained input, output or executor capacity
26486	1789237664922	0	297	admit-refused	authority refusal LIMIT_EXCEEDED: aggregate admission capacity exhausted
26563	1789237664999	2	215	admit-refused	authority refusal LIMIT_EXCEEDED: retained input, output or executor capacity
26582	1789237665018	0	273	admit-refused	authority refusal LIMIT_EXCEEDED: aggregate admission capacity exhausted
26592	1789237665028	2	218	admit-refused	authority refusal LIMIT_EXCEEDED: retained input, output or executor capacity
26619	1789237665055	2	212	admit-refused	authority refusal LIMIT_EXCEEDED: retained input, output or executor capacity
26630	1789237665066	2	221	admit-refused	authority refusal LIMIT_EXCEEDED: retained input, output or executor capacity
26769	1789237665205	0	288	admit-refused	authority refusal LIMIT_EXCEEDED: aggregate admission capacity exhausted
26804	1789237665240	0	291	admit-refused	authority refusal LIMIT_EXCEEDED: aggregate admission capacity exhausted
26905	1789237665342	0	111	admit-refused	authority refusal LIMIT_EXCEEDED: aggregate admission capacity exhausted
26933	1789237665369	0	297	admit-refused	authority refusal LIMIT_EXCEEDED: aggregate admission capacity exhausted
26993	1789237665429	2	215	admit-retried	succeeded after 1 refusals
26993	1789237665429	2	215	admitted	admit=1324ms
27273	1789237665709	2	218	admit-retried	succeeded after 2 refusals
27273	1789237665709	2	218	admitted	admit=1069ms
27523	1789237665959	2	212	admit-retried	succeeded after 2 refusals
27523	1789237665959	2	212	admitted	admit=1976ms
27571	1789237666007	0	288	admit-ceiling	LIMIT_EXCEEDED: client unresolved admission ceiling
27624	1789237666060	2	227	admit-refused	authority refusal LIMIT_EXCEEDED: retained input, output or executor capacity
27646	1789237666082	0	252	admit-ceiling	LIMIT_EXCEEDED: client unresolved admission ceiling
27668	1789237666105	0	243	admit-retried	succeeded after 6 refusals
27668	1789237666105	0	243	admitted	admit=8096ms
27729	1789237666165	0	279	admit-retried	succeeded after 5 refusals
27729	1789237666165	0	279	admitted	admit=3964ms
27765	1789237666201	0	297	admit-ceiling	LIMIT_EXCEEDED: client unresolved admission ceiling
27771	1789237666207	2	230	admit-refused	authority refusal LIMIT_EXCEEDED: retained input, output or executor capacity
27781	1789237666217	2	224	admit-refused	authority refusal LIMIT_EXCEEDED: retained input, output or executor capacity
27791	1789237666227	2	227	admit-refused	authority refusal LIMIT_EXCEEDED: retained input, output or executor capacity
27805	1789237666241	2	221	admit-retried	succeeded after 2 refusals
27805	1789237666241	2	221	admitted	admit=1509ms
27809	1789237666245	2	8	admit-ceiling	LIMIT_EXCEEDED: client unresolved admission ceiling
27809	1789237666245	2	35	admit-ceiling	LIMIT_EXCEEDED: client unresolved admission ceiling
27809	1789237666245	2	47	admit-ceiling	LIMIT_EXCEEDED: client unresolved admission ceiling
27809	1789237666245	2	29	admit-ceiling	LIMIT_EXCEEDED: client unresolved admission ceiling
27809	1789237666245	2	38	admit-ceiling	LIMIT_EXCEEDED: client unresolved admission ceiling
27809	1789237666245	2	17	admit-ceiling	LIMIT_EXCEEDED: client unresolved admission ceiling
27820	1789237666256	0	303	admitted	admit=151ms
27840	1789237666277	2	233	admit-ceiling	LIMIT_EXCEEDED: client unresolved admission ceiling
27873	1789237666309	2	230	admit-ceiling	LIMIT_EXCEEDED: client unresolved admission ceiling
27883	1789237666319	2	224	admit-ceiling	LIMIT_EXCEEDED: client unresolved admission ceiling
27893	1789237666329	0	33	admit-ceiling	LIMIT_EXCEEDED: client unresolved admission ceiling
27942	1789237666378	2	233	admit-ceiling	LIMIT_EXCEEDED: client unresolved admission ceiling
27969	1789237666405	0	309	admitted	admit=148ms
27994	1789237666430	2	227	admit-ceiling	LIMIT_EXCEEDED: client unresolved admission ceiling
28075	1789237666512	2	230	admit-ceiling	LIMIT_EXCEEDED: client unresolved admission ceiling
28085	1789237666521	2	224	admit-ceiling	LIMIT_EXCEEDED: client unresolved admission ceiling
28090	1789237666526	0	300	admit-retried	succeeded after 2 refusals
28090	1789237666527	0	300	admitted	admit=2463ms
28129	1789237666565	0	312	admit-refused	authority refusal LIMIT_EXCEEDED: aggregate admission capacity exhausted
28144	1789237666580	2	233	admit-ceiling	LIMIT_EXCEEDED: client unresolved admission ceiling
28202	1789237666638	2	41	admit-refused	authority refusal LIMIT_EXCEEDED: retained input, output or executor capacity
28212	1789237666648	2	32	admit-refused	authority refusal LIMIT_EXCEEDED: retained input, output or executor capacity
28218	1789237666654	2	11	admit-refused	authority refusal LIMIT_EXCEEDED: retained input, output or executor capacity
28229	1789237666665	2	26	admit-refused	authority refusal LIMIT_EXCEEDED: retained input, output or executor capacity
28371	1789237666807	0	312	admit-retried	succeeded after 1 refusals
28371	1789237666807	0	312	admitted	admit=401ms
28545	1789237666981	2	233	admit-ceiling	LIMIT_EXCEEDED: client unresolved admission ceiling
28547	1789237666983	0	318	admitted	admit=175ms
28628	1789237667064	2	44	admit-refused	authority refusal LIMIT_EXCEEDED: retained input, output or executor capacity
28638	1789237667074	2	227	admit-refused	authority refusal LIMIT_EXCEEDED: retained input, output or executor capacity
28645	1789237667081	2	230	admit-refused	authority refusal LIMIT_EXCEEDED: retained input, output or executor capacity
28655	1789237667091	2	224	admit-refused	authority refusal LIMIT_EXCEEDED: retained input, output or executor capacity
28761	1789237667197	0	315	admitted	admit=670ms
28763	1789237667199	0	321	admit-refused	authority refusal LIMIT_EXCEEDED: aggregate admission capacity exhausted
28889	1789237667325	0	324	admit-refused	authority refusal LIMIT_EXCEEDED: aggregate admission capacity exhausted
28981	1789237667417	0	321	admit-retried	succeeded after 1 refusals
28981	1789237667417	0	321	admitted	admit=433ms
29020	1789237667456	0	324	admit-ceiling	LIMIT_EXCEEDED: client unresolved admission ceiling
29020	1789237667456	0	267	admit-ceiling	LIMIT_EXCEEDED: client unresolved admission ceiling
29170	1789237667606	0	327	admitted	admit=188ms
29216	1789237667652	0	306	admit-refused	authority refusal LIMIT_EXCEEDED: aggregate admission capacity exhausted
29224	1789237667660	0	288	admit-ceiling	LIMIT_EXCEEDED: client unresolved admission ceiling
29224	1789237667660	0	324	admit-ceiling	LIMIT_EXCEEDED: client unresolved admission ceiling
29317	1789237667753	0	306	admit-ceiling	LIMIT_EXCEEDED: client unresolved admission ceiling
29327	1789237667763	0	48	admit-refused	authority refusal LIMIT_EXCEEDED: aggregate admission capacity exhausted
29520	1789237667956	0	306	admit-ceiling	LIMIT_EXCEEDED: client unresolved admission ceiling
29534	1789237667970	2	194	admit-ceiling	LIMIT_EXCEEDED: client unresolved admission ceiling
29566	1789237668002	0	330	admitted	admit=395ms
29626	1789237668062	0	324	admit-ceiling	LIMIT_EXCEEDED: client unresolved admission ceiling
29689	1789237668125	0	228	admit-ceiling	LIMIT_EXCEEDED: client unresolved admission ceiling
29785	1789237668221	0	273	admit-ceiling	LIMIT_EXCEEDED: client unresolved admission ceiling
29895	1789237668331	0	297	admit-retried	succeeded after 5 refusals
29895	1789237668331	0	297	admitted	admit=4302ms
29922	1789237668358	0	306	admit-ceiling	LIMIT_EXCEEDED: client unresolved admission ceiling
30069	1789237668505	0	336	admitted	admit=173ms
30177	1789237668613	0	339	admit-refused	authority refusal LIMIT_EXCEEDED: aggregate admission capacity exhausted
30193	1789237668629	0	333	admit-refused	authority refusal LIMIT_EXCEEDED: aggregate admission capacity exhausted
30428	1789237668865	0	324	admit-ceiling	LIMIT_EXCEEDED: client unresolved admission ceiling
30458	1789237668894	2	230	admit-retried	succeeded after 4 refusals
30458	1789237668894	2	230	admitted	admit=2934ms
30488	1789237668924	0	204	admit-ceiling	LIMIT_EXCEEDED: client unresolved admission ceiling
30595	1789237669031	2	236	admit-refused	authority refusal LIMIT_EXCEEDED: retained input, output or executor capacity
30608	1789237669044	2	233	admit-retried	succeeded after 4 refusals
30608	1789237669044	2	233	admitted	admit=2801ms
30639	1789237669075	2	227	admit-retried	succeeded after 4 refusals
30639	1789237669075	2	227	admitted	admit=3365ms
30671	1789237669107	2	224	admit-retried	succeeded after 4 refusals
30671	1789237669107	2	224	admitted	admit=3677ms
30723	1789237669159	0	306	admit-ceiling	LIMIT_EXCEEDED: client unresolved admission ceiling
30797	1789237669233	2	239	admit-refused	authority refusal LIMIT_EXCEEDED: retained input, output or executor capacity
30804	1789237669240	2	242	admit-refused	authority refusal LIMIT_EXCEEDED: retained input, output or executor capacity
30813	1789237669249	2	245	admit-refused	authority refusal LIMIT_EXCEEDED: retained input, output or executor capacity
30844	1789237669280	0	144	admit-ceiling	LIMIT_EXCEEDED: client unresolved admission ceiling
30885	1789237669322	2	236	admit-refused	authority refusal LIMIT_EXCEEDED: retained input, output or executor capacity
30913	1789237669349	2	239	admit-refused	authority refusal LIMIT_EXCEEDED: retained input, output or executor capacity
30930	1789237669366	2	242	admit-refused	authority refusal LIMIT_EXCEEDED: retained input, output or executor capacity
30940	1789237669376	2	245	admit-refused	authority refusal LIMIT_EXCEEDED: retained input, output or executor capacity
31183	1789237669619	2	236	admit-refused	authority refusal LIMIT_EXCEEDED: retained input, output or executor capacity
31193	1789237669629	2	239	admit-refused	authority refusal LIMIT_EXCEEDED: retained input, output or executor capacity
31202	1789237669638	2	242	admit-refused	authority refusal LIMIT_EXCEEDED: retained input, output or executor capacity
31209	1789237669645	2	245	admit-refused	authority refusal LIMIT_EXCEEDED: retained input, output or executor capacity
31248	1789237669684	0	291	admit-retried	succeeded after 3 refusals
31248	1789237669684	0	291	admitted	admit=5832ms
31559	1789237669995	0	339	admit-retried	succeeded after 1 refusals
31559	1789237669995	0	339	admitted	admit=1490ms
31677	1789237670113	0	12	admit-retried	succeeded after 10 refusals
31677	1789237670113	0	12	admitted	admit=31120ms
31707	1789237670143	0	345	admitted	admit=147ms
31853	1789237670289	0	348	admitted	admit=175ms
31889	1789237670325	0	351	admitted	admit=181ms
31953	1789237670389	0	111	admit-ceiling	LIMIT_EXCEEDED: client unresolved admission ceiling
32022	1789237670459	0	354	admitted	admit=169ms
32047	1789237670483	0	357	admitted	admit=157ms
32118	1789237670554	0	363	admit-ceiling	LIMIT_EXCEEDED: client unresolved admission ceiling
32234	1789237670671	2	239	admit-retried	succeeded after 3 refusals
32234	1789237670671	0	324	admit-retried	succeeded after 5 refusals
32234	1789237670671	2	239	admitted	admit=1563ms
32234	1789237670671	0	324	admitted	admit=3472ms
32263	1789237670699	0	360	admit-refused	authority refusal LIMIT_EXCEEDED: aggregate admission capacity exhausted
32323	1789237670759	0	363	admit-refused	authority refusal LIMIT_EXCEEDED: aggregate admission capacity exhausted
32364	1789237670800	0	360	admit-ceiling	LIMIT_EXCEEDED: client unresolved admission ceiling
32404	1789237670840	0	306	admit-refused	authority refusal LIMIT_EXCEEDED: aggregate admission capacity exhausted
32430	1789237670866	2	236	admit-retried	succeeded after 3 refusals
32430	1789237670867	2	236	admitted	admit=1971ms
32432	1789237670868	2	248	admit-refused	authority refusal LIMIT_EXCEEDED: retained input, output or executor capacity
32490	1789237670926	2	242	admit-retried	succeeded after 3 refusals
32490	1789237670926	2	242	admitted	admit=1818ms
32503	1789237670939	2	251	admit-refused	authority refusal LIMIT_EXCEEDED: retained input, output or executor capacity
32516	1789237670952	2	245	admit-retried	succeeded after 3 refusals
32516	1789237670952	2	245	admitted	admit=1844ms
32525	1789237670961	0	363	admit-ceiling	LIMIT_EXCEEDED: client unresolved admission ceiling
32534	1789237670970	0	333	admit-refused	authority refusal LIMIT_EXCEEDED: aggregate admission capacity exhausted
32647	1789237671083	0	252	admit-ceiling	LIMIT_EXCEEDED: client unresolved admission ceiling
32656	1789237671092	0	360	admit-refused	authority refusal LIMIT_EXCEEDED: aggregate admission capacity exhausted
32662	1789237671098	2	254	admit-refused	authority refusal LIMIT_EXCEEDED: retained input, output or executor capacity
32671	1789237671107	2	257	admit-refused	authority refusal LIMIT_EXCEEDED: retained input, output or executor capacity
32678	1789237671115	2	248	admit-refused	authority refusal LIMIT_EXCEEDED: retained input, output or executor capacity
32701	1789237671137	2	251	admit-refused	authority refusal LIMIT_EXCEEDED: retained input, output or executor capacity
32812	1789237671248	2	35	admit-ceiling	LIMIT_EXCEEDED: client unresolved admission ceiling
32812	1789237671248	2	47	admit-ceiling	LIMIT_EXCEEDED: client unresolved admission ceiling
32812	1789237671248	2	29	admit-ceiling	LIMIT_EXCEEDED: client unresolved admission ceiling
32812	1789237671249	2	38	admit-ceiling	LIMIT_EXCEEDED: client unresolved admission ceiling
32839	1789237671275	2	254	admit-refused	authority refusal LIMIT_EXCEEDED: retained input, output or executor capacity
32854	1789237671290	2	257	admit-refused	authority refusal LIMIT_EXCEEDED: retained input, output or executor capacity
32858	1789237671294	0	288	admit-retried	succeeded after 6 refusals
32858	1789237671294	0	288	admitted	admit=8319ms
32895	1789237671331	0	33	admit-ceiling	LIMIT_EXCEEDED: client unresolved admission ceiling
32927	1789237671363	0	363	admit-ceiling	LIMIT_EXCEEDED: client unresolved admission ceiling
33041	1789237671477	2	254	admit-ceiling	LIMIT_EXCEEDED: client unresolved admission ceiling
33045	1789237671481	0	369	admitted	admit=186ms
33057	1789237671493	2	257	admit-ceiling	LIMIT_EXCEEDED: client unresolved admission ceiling
33078	1789237671514	0	360	admit-ceiling	LIMIT_EXCEEDED: client unresolved admission ceiling
33204	1789237671640	2	41	admit-ceiling	LIMIT_EXCEEDED: client unresolved admission ceiling
33214	1789237671650	2	32	admit-ceiling	LIMIT_EXCEEDED: client unresolved admission ceiling
33220	1789237671656	2	11	admit-ceiling	LIMIT_EXCEEDED: client unresolved admission ceiling
33230	1789237671666	2	26	admit-ceiling	LIMIT_EXCEEDED: client unresolved admission ceiling
33244	1789237671680	0	372	admitted	admit=198ms
33438	1789237671874	0	366	admitted	admit=1203ms
33444	1789237671880	2	254	admit-ceiling	LIMIT_EXCEEDED: client unresolved admission ceiling
33459	1789237671895	2	257	admit-ceiling	LIMIT_EXCEEDED: client unresolved admission ceiling
33630	1789237672066	2	44	admit-ceiling	LIMIT_EXCEEDED: client unresolved admission ceiling
33700	1789237672137	0	342	admitted	admit=2451ms
33774	1789237672211	0	378	admitted	admit=336ms
33809	1789237672245	0	384	admit-ceiling	LIMIT_EXCEEDED: client unresolved admission ceiling
33871	1789237672307	2	248	admit-refused	authority refusal LIMIT_EXCEEDED: retained input, output or executor capacity
33881	1789237672317	2	251	admit-refused	authority refusal LIMIT_EXCEEDED: retained input, output or executor capacity
33890	1789237672326	0	363	admit-retried	succeeded after 4 refusals
33890	1789237672326	0	363	admitted	admit=1841ms
33926	1789237672362	0	387	admit-ceiling	LIMIT_EXCEEDED: client unresolved admission ceiling
33927	1789237672363	0	384	admit-ceiling	LIMIT_EXCEEDED: client unresolved admission ceiling
33957	1789237672393	2	8	admit-retried	succeeded after 11 refusals
33957	1789237672393	2	8	admitted	admit=33110ms
33992	1789237672428	2	17	admit-retried	succeeded after 11 refusals
33992	1789237672428	2	17	admitted	admit=33145ms
34022	1789237672458	0	267	admit-ceiling	LIMIT_EXCEEDED: client unresolved admission ceiling
34028	1789237672464	0	387	admit-ceiling	LIMIT_EXCEEDED: client unresolved admission ceiling
34057	1789237672493	0	360	admit-refused	authority refusal LIMIT_EXCEEDED: aggregate admission capacity exhausted
34229	1789237672666	0	387	admit-ceiling	LIMIT_EXCEEDED: client unresolved admission ceiling
34258	1789237672695	0	375	admit-refused	authority refusal LIMIT_EXCEEDED: aggregate admission capacity exhausted
34267	1789237672703	0	381	admitted	admit=566ms
34271	1789237672707	2	248	admit-ceiling	LIMIT_EXCEEDED: client unresolved admission ceiling
34280	1789237672716	0	384	admit-refused	authority refusal LIMIT_EXCEEDED: aggregate admission capacity exhausted
34283	1789237672719	2	251	admit-ceiling	LIMIT_EXCEEDED: client unresolved admission ceiling
34407	1789237672843	0	48	admit-refused	authority refusal LIMIT_EXCEEDED: aggregate admission capacity exhausted
34415	1789237672852	0	390	admitted	admit=148ms
34427	1789237672864	0	375	admit-refused	authority refusal LIMIT_EXCEEDED: aggregate admission capacity exhausted
34535	1789237672971	2	194	admit-ceiling	LIMIT_EXCEEDED: client unresolved admission ceiling
34620	1789237673057	0	393	admit-refused	authority refusal LIMIT_EXCEEDED: aggregate admission capacity exhausted
34629	1789237673065	2	260	admitted	admit=636ms
34691	1789237673127	0	228	admit-ceiling	LIMIT_EXCEEDED: client unresolved admission ceiling
34722	1789237673158	0	393	admit-ceiling	LIMIT_EXCEEDED: client unresolved admission ceiling
34761	1789237673198	2	263	admitted	admit=768ms
34787	1789237673223	0	273	admit-ceiling	LIMIT_EXCEEDED: client unresolved admission ceiling
34828	1789237673264	2	266	admit-refused	authority refusal LIMIT_EXCEEDED: retained input, output or executor capacity
34881	1789237673317	2	257	admit-refused	authority refusal LIMIT_EXCEEDED: retained input, output or executor capacity
34953	1789237673389	0	384	admit-retried	succeeded after 3 refusals
34953	1789237673389	0	384	admitted	admit=1178ms
34984	1789237673420	0	396	admit-ceiling	LIMIT_EXCEEDED: client unresolved admission ceiling
35027	1789237673463	0	393	admit-refused	authority refusal LIMIT_EXCEEDED: aggregate admission capacity exhausted
35035	1789237673471	0	375	admit-retried	succeeded after 2 refusals
35035	1789237673471	0	375	admitted	admit=1790ms
35085	1789237673521	2	251	admit-ceiling	LIMIT_EXCEEDED: client unresolved admission ceiling
35171	1789237673607	0	387	admit-refused	authority refusal LIMIT_EXCEEDED: aggregate admission capacity exhausted
35216	1789237673653	0	333	admit-refused	authority refusal LIMIT_EXCEEDED: aggregate admission capacity exhausted
35224	1789237673660	2	254	admit-retried	succeeded after 4 refusals
35224	1789237673660	2	254	admitted	admit=2708ms
35606	1789237674043	0	204	admit-retried	succeeded after 8 refusals
35606	1789237674043	0	204	admitted	admit=21250ms
35641	1789237674078	0	402	admit-ceiling	LIMIT_EXCEEDED: client unresolved admission ceiling
35642	1789237674078	0	333	admit-ceiling	LIMIT_EXCEEDED: client unresolved admission ceiling
35659	1789237674095	0	360	admit-ceiling	LIMIT_EXCEEDED: client unresolved admission ceiling
35689	1789237674125	0	399	admitted	admit=654ms
35749	1789237674185	0	306	admit-retried	succeeded after 6 refusals
35749	1789237674185	0	306	admitted	admit=8019ms
35784	1789237674221	0	408	admit-ceiling	LIMIT_EXCEEDED: client unresolved admission ceiling
35845	1789237674281	0	144	admit-ceiling	LIMIT_EXCEEDED: client unresolved admission ceiling
35847	1789237674283	0	405	admit-refused	authority refusal LIMIT_EXCEEDED: aggregate admission capacity exhausted
35950	1789237674386	0	405	admit-ceiling	LIMIT_EXCEEDED: client unresolved admission ceiling
35963	1789237674399	2	266	admit-refused	authority refusal LIMIT_EXCEEDED: retained input, output or executor capacity
35972	1789237674408	0	387	admit-ceiling	LIMIT_EXCEEDED: client unresolved admission ceiling
36028	1789237674464	2	248	admit-refused	authority refusal LIMIT_EXCEEDED: retained input, output or executor capacity
36052	1789237674488	2	269	admitted	admit=1290ms
36055	1789237674491	0	408	admit-refused	authority refusal LIMIT_EXCEEDED: aggregate admission capacity exhausted
36257	1789237674693	0	408	admit-ceiling	LIMIT_EXCEEDED: client unresolved admission ceiling
36259	1789237674695	0	405	admit-refused	authority refusal LIMIT_EXCEEDED: aggregate admission capacity exhausted
36313	1789237674749	2	272	admitted	admit=1088ms
36575	1789237675011	0	396	admit-refused	authority refusal LIMIT_EXCEEDED: aggregate admission capacity exhausted
36624	1789237675060	0	393	admit-refused	authority refusal LIMIT_EXCEEDED: aggregate admission capacity exhausted
36687	1789237675123	2	251	admit-ceiling	LIMIT_EXCEEDED: client unresolved admission ceiling
36733	1789237675170	0	333	admit-refused	authority refusal LIMIT_EXCEEDED: aggregate admission capacity exhausted
36755	1789237675191	0	408	admit-refused	authority refusal LIMIT_EXCEEDED: aggregate admission capacity exhausted
36773	1789237675209	0	402	admit-refused	authority refusal LIMIT_EXCEEDED: aggregate admission capacity exhausted
36814	1789237675250	0	405	admit-refused	authority refusal LIMIT_EXCEEDED: aggregate admission capacity exhausted
36814	1789237675250	2	266	admit-refused	authority refusal LIMIT_EXCEEDED: retained input, output or executor capacity
36903	1789237675339	2	275	admitted	admit=850ms
36953	1789237675390	0	396	admit-retried	succeeded after 2 refusals
36953	1789237675390	0	396	admitted	admit=1999ms
37008	1789237675444	2	278	admitted	admit=694ms
37091	1789237675527	0	111	admit-refused	authority refusal LIMIT_EXCEEDED: aggregate admission capacity exhausted
37108	1789237675544	0	402	admit-refused	authority refusal LIMIT_EXCEEDED: aggregate admission capacity exhausted
37165	1789237675601	2	281	admit-refused	authority refusal LIMIT_EXCEEDED: retained input, output or executor capacity
37179	1789237675615	2	257	admit-retried	succeeded after 5 refusals
37179	1789237675615	2	257	admitted	admit=4662ms
37181	1789237675617	2	284	admit-refused	authority refusal LIMIT_EXCEEDED: retained input, output or executor capacity
37434	1789237675870	2	287	admit-refused	authority refusal LIMIT_EXCEEDED: retained input, output or executor capacity
37441	1789237675877	2	266	admit-refused	authority refusal LIMIT_EXCEEDED: retained input, output or executor capacity
37536	1789237675972	0	393	admit-retried	succeeded after 4 refusals
37536	1789237675972	0	393	admitted	admit=3120ms
37537	1789237675974	2	281	admit-refused	authority refusal LIMIT_EXCEEDED: retained input, output or executor capacity
37547	1789237675983	2	284	admit-refused	authority refusal LIMIT_EXCEEDED: retained input, output or executor capacity
37574	1789237676010	0	387	admit-ceiling	LIMIT_EXCEEDED: client unresolved admission ceiling
37615	1789237676051	0	405	admit-ceiling	LIMIT_EXCEEDED: client unresolved admission ceiling
37633	1789237676070	2	287	admit-refused	authority refusal LIMIT_EXCEEDED: retained input, output or executor capacity
37662	1789237676099	0	402	admit-retried	succeeded after 3 refusals
37663	1789237676099	0	402	admitted	admit=2055ms
37692	1789237676128	0	417	admit-ceiling	LIMIT_EXCEEDED: client unresolved admission ceiling
37724	1789237676160	0	252	admit-refused	authority refusal LIMIT_EXCEEDED: aggregate admission capacity exhausted
37741	1789237676177	0	408	admit-retried	succeeded after 4 refusals
37741	1789237676177	0	408	admitted	admit=1991ms
37746	1789237676183	2	248	admit-refused	authority refusal LIMIT_EXCEEDED: retained input, output or executor capacity
37753	1789237676189	0	414	admit-refused	authority refusal LIMIT_EXCEEDED: aggregate admission capacity exhausted
37815	1789237676251	2	47	admit-ceiling	LIMIT_EXCEEDED: client unresolved admission ceiling
37815	1789237676251	2	29	admit-ceiling	LIMIT_EXCEEDED: client unresolved admission ceiling
37835	1789237676271	2	287	admit-ceiling	LIMIT_EXCEEDED: client unresolved admission ceiling
37876	1789237676312	0	417	admit-refused	authority refusal LIMIT_EXCEEDED: aggregate admission capacity exhausted
37919	1789237676355	0	420	admit-refused	authority refusal LIMIT_EXCEEDED: aggregate admission capacity exhausted
37952	1789237676388	0	33	admit-refused	authority refusal LIMIT_EXCEEDED: aggregate admission capacity exhausted
38166	1789237676602	0	417	admit-refused	authority refusal LIMIT_EXCEEDED: aggregate admission capacity exhausted
38178	1789237676614	0	414	admit-retried	succeeded after 1 refusals
38178	1789237676614	0	414	admitted	admit=641ms
38206	1789237676643	2	41	admit-ceiling	LIMIT_EXCEEDED: client unresolved admission ceiling
38209	1789237676645	0	420	admit-refused	authority refusal LIMIT_EXCEEDED: aggregate admission capacity exhausted
38216	1789237676652	2	32	admit-ceiling	LIMIT_EXCEEDED: client unresolved admission ceiling
38221	1789237676657	2	11	admit-ceiling	LIMIT_EXCEEDED: client unresolved admission ceiling
38232	1789237676668	2	26	admit-ceiling	LIMIT_EXCEEDED: client unresolved admission ceiling
38237	1789237676673	2	287	admit-ceiling	LIMIT_EXCEEDED: client unresolved admission ceiling
38243	1789237676679	2	266	admit-ceiling	LIMIT_EXCEEDED: client unresolved admission ceiling
38290	1789237676727	2	281	admit-retried	succeeded after 2 refusals
38290	1789237676727	2	281	admitted	admit=1386ms
38321	1789237676757	0	423	admitted	admit=142ms
38397	1789237676833	2	284	admit-retried	succeeded after 2 refusals
38397	1789237676833	2	284	admitted	admit=1388ms
38410	1789237676846	2	38	admit-refused	authority refusal LIMIT_EXCEEDED: retained input, output or executor capacity
38420	1789237676856	2	35	admit-refused	authority refusal LIMIT_EXCEEDED: retained input, output or executor capacity
38434	1789237676870	2	290	admit-refused	authority refusal LIMIT_EXCEEDED: retained input, output or executor capacity
38435	1789237676871	0	333	admit-refused	authority refusal LIMIT_EXCEEDED: aggregate admission capacity exhausted
38490	1789237676926	2	293	admit-refused	authority refusal LIMIT_EXCEEDED: retained input, output or executor capacity
38525	1789237676961	0	411	admit-refused	authority refusal LIMIT_EXCEEDED: aggregate admission capacity exhausted
38527	1789237676963	0	420	admit-retried	succeeded after 2 refusals
38527	1789237676963	0	420	admitted	admit=786ms
38648	1789237677084	0	417	admit-refused	authority refusal LIMIT_EXCEEDED: aggregate admission capacity exhausted
38670	1789237677106	0	411	admit-refused	authority refusal LIMIT_EXCEEDED: aggregate admission capacity exhausted
38683	1789237677119	0	429	admit-refused	authority refusal LIMIT_EXCEEDED: aggregate admission capacity exhausted
38752	1789237677188	0	426	admit-refused	authority refusal LIMIT_EXCEEDED: aggregate admission capacity exhausted
38952	1789237677389	2	290	admit-retried	succeeded after 1 refusals
38952	1789237677389	2	290	admitted	admit=661ms
38987	1789237677423	0	360	admit-refused	authority refusal LIMIT_EXCEEDED: aggregate admission capacity exhausted
38999	1789237677435	0	426	admit-retried	succeeded after 1 refusals
38999	1789237677435	0	426	admitted	admit=678ms
39012	1789237677448	0	411	admit-refused	authority refusal LIMIT_EXCEEDED: aggregate admission capacity exhausted
39155	1789237677592	2	44	admit-refused	authority refusal LIMIT_EXCEEDED: retained input, output or executor capacity
39167	1789237677603	0	432	admit-refused	authority refusal LIMIT_EXCEEDED: aggregate admission capacity exhausted
39174	1789237677611	2	293	admit-retried	succeeded after 1 refusals
39174	1789237677611	2	293	admitted	admit=777ms
39187	1789237677623	0	267	admit-refused	authority refusal LIMIT_EXCEEDED: aggregate admission capacity exhausted
39244	1789237677680	2	296	admit-refused	authority refusal LIMIT_EXCEEDED: retained input, output or executor capacity
39269	1789237677705	2	287	admit-refused	authority refusal LIMIT_EXCEEDED: retained input, output or executor capacity
39291	1789237677728	2	299	admit-refused	authority refusal LIMIT_EXCEEDED: retained input, output or executor capacity
39305	1789237677741	0	405	admit-refused	authority refusal LIMIT_EXCEEDED: aggregate admission capacity exhausted
39392	1789237677828	0	432	admit-refused	authority refusal LIMIT_EXCEEDED: aggregate admission capacity exhausted
39519	1789237677955	0	411	admit-refused	authority refusal LIMIT_EXCEEDED: aggregate admission capacity exhausted
39574	1789237678011	0	429	admit-refused	authority refusal LIMIT_EXCEEDED: aggregate admission capacity exhausted
39591	1789237678027	0	417	admit-refused	authority refusal LIMIT_EXCEEDED: aggregate admission capacity exhausted
39744	1789237678180	0	228	admit-refused	authority refusal LIMIT_EXCEEDED: aggregate admission capacity exhausted
39747	1789237678183	0	432	admit-refused	authority refusal LIMIT_EXCEEDED: aggregate admission capacity exhausted
39774	1789237678210	2	296	admit-retried	succeeded after 1 refusals
39774	1789237678210	2	296	admitted	admit=820ms
39880	1789237678316	0	429	admit-refused	authority refusal LIMIT_EXCEEDED: aggregate admission capacity exhausted
39889	1789237678325	2	251	admit-ceiling	LIMIT_EXCEEDED: client unresolved admission ceiling
39908	1789237678344	0	273	admit-retried	succeeded after 8 refusals
39908	1789237678344	0	273	admitted	admit=17137ms
39998	1789237678434	2	299	admit-retried	succeeded after 1 refusals
39998	1789237678434	2	299	admitted	admit=823ms
40001	1789237678437	0	435	admit-refused	authority refusal LIMIT_EXCEEDED: aggregate admission capacity exhausted
40145	1789237678581	2	194	admit-retried	succeeded after 8 refusals
40145	1789237678581	2	194	admitted	admit=17721ms
40173	1789237678609	2	305	admit-refused	authority refusal LIMIT_EXCEEDED: retained input, output or executor capacity
40246	1789237678683	0	435	admit-retried	succeeded after 1 refusals
40246	1789237678683	0	435	admitted	admit=338ms
40321	1789237678757	0	411	admit-ceiling	LIMIT_EXCEEDED: client unresolved admission ceiling
40367	1789237678803	0	438	admit-refused	authority refusal LIMIT_EXCEEDED: aggregate admission capacity exhausted
40380	1789237678816	0	48	admit-retried	succeeded after 12 refusals
40380	1789237678816	0	48	admitted	admit=39097ms
40403	1789237678839	0	432	admit-refused	authority refusal LIMIT_EXCEEDED: aggregate admission capacity exhausted
40494	1789237678930	0	429	admit-refused	authority refusal LIMIT_EXCEEDED: aggregate admission capacity exhausted
40512	1789237678948	2	266	admit-refused	authority refusal LIMIT_EXCEEDED: retained input, output or executor capacity
40520	1789237678956	2	305	admit-refused	authority refusal LIMIT_EXCEEDED: retained input, output or executor capacity
40531	1789237678967	0	438	admit-refused	authority refusal LIMIT_EXCEEDED: aggregate admission capacity exhausted
40562	1789237678998	2	302	admitted	admit=788ms
40875	1789237679311	2	305	admit-refused	authority refusal LIMIT_EXCEEDED: retained input, output or executor capacity
40903	1789237679339	0	441	admitted	admit=522ms
40944	1789237679380	2	287	admit-refused	authority refusal LIMIT_EXCEEDED: retained input, output or executor capacity
40963	1789237679399	2	308	admitted	admit=817ms
41033	1789237679469	0	438	admit-retried	succeeded after 2 refusals
41033	1789237679469	0	438	admitted	admit=786ms
41046	1789237679482	0	144	admit-refused	authority refusal LIMIT_EXCEEDED: aggregate admission capacity exhausted
41078	1789237679514	0	444	admit-refused	authority refusal LIMIT_EXCEEDED: aggregate admission capacity exhausted
41204	1789237679640	0	432	admit-ceiling	LIMIT_EXCEEDED: client unresolved admission ceiling
41269	1789237679705	0	447	admit-refused	authority refusal LIMIT_EXCEEDED: aggregate admission capacity exhausted
41281	1789237679717	2	311	admitted	admit=718ms
41283	1789237679719	0	417	admit-refused	authority refusal LIMIT_EXCEEDED: aggregate admission capacity exhausted
41325	1789237679761	0	387	admit-refused	authority refusal LIMIT_EXCEEDED: aggregate admission capacity exhausted
41394	1789237679830	0	429	admit-refused	authority refusal LIMIT_EXCEEDED: aggregate admission capacity exhausted
41397	1789237679833	0	444	admit-retried	succeeded after 1 refusals
41397	1789237679833	0	444	admitted	admit=493ms
41595	1789237680031	0	447	admit-refused	authority refusal LIMIT_EXCEEDED: aggregate admission capacity exhausted
41624	1789237680060	2	314	admit-refused	authority refusal LIMIT_EXCEEDED: retained input, output or executor capacity
41790	1789237680226	2	248	admit-retried	succeeded after 6 refusals
41790	1789237680226	2	248	admitted	admit=9555ms
41836	1789237680272	2	314	admit-refused	authority refusal LIMIT_EXCEEDED: retained input, output or executor capacity
42002	1789237680438	0	447	admit-retried	succeeded after 2 refusals
42002	1789237680438	0	447	admitted	admit=969ms
42044	1789237680480	2	317	admit-refused	authority refusal LIMIT_EXCEEDED: retained input, output or executor capacity
42053	1789237680489	0	411	admit-retried	succeeded after 5 refusals
42053	1789237680489	0	411	admitted	admit=5099ms
42060	1789237680496	2	320	admit-refused	authority refusal LIMIT_EXCEEDED: retained input, output or executor capacity
42073	1789237680509	2	305	admit-retried	succeeded after 3 refusals
42073	1789237680509	2	305	admitted	admit=2074ms
42123	1789237680559	0	450	admit-refused	authority refusal LIMIT_EXCEEDED: aggregate admission capacity exhausted
42131	1789237680567	0	453	admitted	admit=128ms
42156	1789237680592	2	314	admit-refused	authority refusal LIMIT_EXCEEDED: retained input, output or executor capacity
42160	1789237680596	0	456	admit-refused	authority refusal LIMIT_EXCEEDED: aggregate admission capacity exhausted
42261	1789237680697	0	456	admit-ceiling	LIMIT_EXCEEDED: client unresolved admission ceiling
42335	1789237680771	0	450	admit-refused	authority refusal LIMIT_EXCEEDED: aggregate admission capacity exhausted
42425	1789237680861	0	333	admit-refused	authority refusal LIMIT_EXCEEDED: aggregate admission capacity exhausted
42537	1789237680973	0	450	admit-ceiling	LIMIT_EXCEEDED: client unresolved admission ceiling
42649	1789237681086	0	456	admit-refused	authority refusal LIMIT_EXCEEDED: aggregate admission capacity exhausted
42652	1789237681088	2	323	admitted	admit=577ms
42716	1789237681152	0	405	admit-refused	authority refusal LIMIT_EXCEEDED: aggregate admission capacity exhausted
42799	1789237681235	2	320	admit-refused	authority refusal LIMIT_EXCEEDED: retained input, output or executor capacity
42809	1789237681245	2	314	admit-refused	authority refusal LIMIT_EXCEEDED: retained input, output or executor capacity
42820	1789237681256	2	317	admit-retried	succeeded after 1 refusals
42820	1789237681256	2	317	admitted	admit=1538ms
42821	1789237681257	2	326	admit-refused	authority refusal LIMIT_EXCEEDED: retained input, output or executor capacity
42825	1789237681261	0	252	admit-retried	succeeded after 9 refusals
42825	1789237681261	0	252	admitted	admit=22248ms
42865	1789237681301	2	47	admit-refused	authority refusal LIMIT_EXCEEDED: retained input, output or executor capacity
42875	1789237681312	2	29	admit-refused	authority refusal LIMIT_EXCEEDED: retained input, output or executor capacity
42939	1789237681375	0	450	admit-ceiling	LIMIT_EXCEEDED: client unresolved admission ceiling
42944	1789237681380	0	462	admit-refused	authority refusal LIMIT_EXCEEDED: aggregate admission capacity exhausted
42995	1789237681431	0	429	admit-ceiling	LIMIT_EXCEEDED: client unresolved admission ceiling
43030	1789237681466	0	432	admit-retried	succeeded after 5 refusals
43030	1789237681466	0	432	admitted	admit=4029ms
43042	1789237681478	0	33	admit-refused	authority refusal LIMIT_EXCEEDED: aggregate admission capacity exhausted
43061	1789237681497	0	456	admit-ceiling	LIMIT_EXCEEDED: client unresolved admission ceiling
43142	1789237681579	0	465	admit-refused	authority refusal LIMIT_EXCEEDED: aggregate admission capacity exhausted
43229	1789237681665	2	329	admitted	admit=408ms
43231	1789237681667	2	11	admit-ceiling	LIMIT_EXCEEDED: client unresolved admission ceiling
43261	1789237681697	2	332	admit-ceiling	LIMIT_EXCEEDED: client unresolved admission ceiling
43262	1789237681698	2	26	admit-ceiling	LIMIT_EXCEEDED: client unresolved admission ceiling
43270	1789237681707	0	462	admit-refused	authority refusal LIMIT_EXCEEDED: aggregate admission capacity exhausted
43298	1789237681734	0	465	admit-refused	authority refusal LIMIT_EXCEEDED: aggregate admission capacity exhausted
43363	1789237681799	2	332	admit-ceiling	LIMIT_EXCEEDED: client unresolved admission ceiling
43402	1789237681838	2	41	admit-refused	authority refusal LIMIT_EXCEEDED: retained input, output or executor capacity
43412	1789237681848	2	32	admit-refused	authority refusal LIMIT_EXCEEDED: retained input, output or executor capacity
43452	1789237681888	2	326	admit-retried	succeeded after 1 refusals
43452	1789237681888	2	326	admitted	admit=799ms
43526	1789237681963	2	38	admit-refused	authority refusal LIMIT_EXCEEDED: retained input, output or executor capacity
43540	1789237681976	2	35	admit-refused	authority refusal LIMIT_EXCEEDED: retained input, output or executor capacity
43623	1789237682059	0	462	admit-retried	succeeded after 2 refusals
43623	1789237682059	0	462	admitted	admit=797ms
43714	1789237682150	2	266	admit-ceiling	LIMIT_EXCEEDED: client unresolved admission ceiling
43755	1789237682192	0	468	admitted	admit=132ms
43786	1789237682222	0	471	admit-ceiling	LIMIT_EXCEEDED: client unresolved admission ceiling
43824	1789237682260	0	111	admit-refused	authority refusal LIMIT_EXCEEDED: aggregate admission capacity exhausted
43882	1789237682318	0	450	admit-refused	authority refusal LIMIT_EXCEEDED: aggregate admission capacity exhausted
43970	1789237682406	2	335	admit-refused	authority refusal LIMIT_EXCEEDED: retained input, output or executor capacity
43985	1789237682421	2	320	admit-refused	authority refusal LIMIT_EXCEEDED: retained input, output or executor capacity
43989	1789237682425	0	360	admit-ceiling	LIMIT_EXCEEDED: client unresolved admission ceiling
44000	1789237682436	2	332	admit-refused	authority refusal LIMIT_EXCEEDED: retained input, output or executor capacity
44011	1789237682448	2	314	admit-refused	authority refusal LIMIT_EXCEEDED: retained input, output or executor capacity
44013	1789237682449	0	465	admit-refused	authority refusal LIMIT_EXCEEDED: aggregate admission capacity exhausted
44073	1789237682509	0	456	admit-refused	authority refusal LIMIT_EXCEEDED: aggregate admission capacity exhausted
44292	1789237682728	0	471	admit-refused	authority refusal LIMIT_EXCEEDED: aggregate admission capacity exhausted
44294	1789237682731	0	267	admit-retried	succeeded after 9 refusals
44294	1789237682731	0	267	admitted	admit=21965ms
44402	1789237682839	2	332	admit-ceiling	LIMIT_EXCEEDED: client unresolved admission ceiling
44494	1789237682930	0	471	admit-ceiling	LIMIT_EXCEEDED: client unresolved admission ceiling
44595	1789237683031	0	417	admit-retried	succeeded after 6 refusals
44595	1789237683031	0	417	admitted	admit=6931ms
44680	1789237683116	2	44	admit-retried	succeeded after 13 refusals
44680	1789237683116	2	44	admitted	admit=43833ms
44745	1789237683181	0	228	admit-ceiling	LIMIT_EXCEEDED: client unresolved admission ceiling
44776	1789237683213	0	474	admitted	admit=481ms
44788	1789237683224	2	287	admit-refused	authority refusal LIMIT_EXCEEDED: retained input, output or executor capacity
44808	1789237683244	2	335	admit-retried	succeeded after 1 refusals
44808	1789237683244	2	335	admitted	admit=1355ms
44859	1789237683295	0	477	admitted	admit=263ms
44871	1789237683308	0	480	admit-refused	authority refusal LIMIT_EXCEEDED: aggregate admission capacity exhausted
44973	1789237683409	0	480	admit-ceiling	LIMIT_EXCEEDED: client unresolved admission ceiling
45013	1789237683449	2	338	admit-refused	authority refusal LIMIT_EXCEEDED: retained input, output or executor capacity
45015	1789237683451	0	483	admit-refused	authority refusal LIMIT_EXCEEDED: aggregate admission capacity exhausted
45020	1789237683456	2	341	admit-refused	authority refusal LIMIT_EXCEEDED: retained input, output or executor capacity
45027	1789237683464	2	251	admit-refused	authority refusal LIMIT_EXCEEDED: retained input, output or executor capacity
45060	1789237683496	2	320	admit-refused	authority refusal LIMIT_EXCEEDED: retained input, output or executor capacity
45175	1789237683611	0	480	admit-ceiling	LIMIT_EXCEEDED: client unresolved admission ceiling
45262	1789237683698	0	465	admit-retried	succeeded after 3 refusals
45262	1789237683698	0	465	admitted	admit=2232ms
45465	1789237683901	0	486	admitted	admit=202ms
45493	1789237683929	0	450	admit-ceiling	LIMIT_EXCEEDED: client unresolved admission ceiling
45598	1789237684034	0	489	admitted	admit=131ms
45619	1789237684056	0	492	admit-ceiling	LIMIT_EXCEEDED: client unresolved admission ceiling
45674	1789237684110	0	456	admit-ceiling	LIMIT_EXCEEDED: client unresolved admission ceiling
45721	1789237684157	0	492	admit-ceiling	LIMIT_EXCEEDED: client unresolved admission ceiling
45810	1789237684246	0	459	admitted	admit=3678ms
45862	1789237684298	2	320	admit-ceiling	LIMIT_EXCEEDED: client unresolved admission ceiling
45923	1789237684360	0	492	admit-ceiling	LIMIT_EXCEEDED: client unresolved admission ceiling
45980	1789237684416	0	480	admit-refused	authority refusal LIMIT_EXCEEDED: aggregate admission capacity exhausted
46135	1789237684571	0	495	admit-refused	authority refusal LIMIT_EXCEEDED: aggregate admission capacity exhausted
46185	1789237684621	2	338	admit-retried	succeeded after 1 refusals
46185	1789237684621	2	338	admitted	admit=1504ms
46238	1789237684674	0	495	admit-ceiling	LIMIT_EXCEEDED: client unresolved admission ceiling
46310	1789237684747	2	341	admit-retried	succeeded after 1 refusals
46310	1789237684747	2	341	admitted	admit=1502ms
46325	1789237684761	0	492	admit-ceiling	LIMIT_EXCEEDED: client unresolved admission ceiling
46326	1789237684762	2	332	admit-refused	authority refusal LIMIT_EXCEEDED: retained input, output or executor capacity
46327	1789237684763	0	387	admit-ceiling	LIMIT_EXCEEDED: client unresolved admission ceiling
46333	1789237684769	0	144	admit-refused	authority refusal LIMIT_EXCEEDED: aggregate admission capacity exhausted
46435	1789237684871	2	344	admit-refused	authority refusal LIMIT_EXCEEDED: retained input, output or executor capacity
46436	1789237684873	0	429	admit-refused	authority refusal LIMIT_EXCEEDED: aggregate admission capacity exhausted
46502	1789237684938	0	471	admit-refused	authority refusal LIMIT_EXCEEDED: aggregate admission capacity exhausted
46533	1789237684969	0	495	admit-refused	authority refusal LIMIT_EXCEEDED: aggregate admission capacity exhausted
46827	1789237685263	2	314	admit-retried	succeeded after 5 refusals
46827	1789237685263	2	314	admitted	admit=5863ms
46985	1789237685422	0	480	admit-retried	succeeded after 4 refusals
46985	1789237685422	0	480	admitted	admit=2208ms
47100	1789237685536	2	347	admitted	admit=789ms
47161	1789237685597	0	498	admitted	admit=174ms
47303	1789237685739	0	471	admit-ceiling	LIMIT_EXCEEDED: client unresolved admission ceiling
47344	1789237685780	0	492	admit-refused	authority refusal LIMIT_EXCEEDED: aggregate admission capacity exhausted
47472	1789237685908	2	344	admit-refused	authority refusal LIMIT_EXCEEDED: retained input, output or executor capacity
47522	1789237685958	0	495	admit-refused	authority refusal LIMIT_EXCEEDED: aggregate admission capacity exhausted
47530	1789237685966	0	333	admit-retried	succeeded after 7 refusals
47530	1789237685966	0	333	admitted	admit=17963ms
47557	1789237685993	2	353	admit-refused	authority refusal LIMIT_EXCEEDED: retained input, output or executor capacity
47671	1789237686107	0	504	admit-refused	authority refusal LIMIT_EXCEEDED: aggregate admission capacity exhausted
47688	1789237686124	2	320	admit-refused	authority refusal LIMIT_EXCEEDED: retained input, output or executor capacity
47884	1789237686320	0	504	admit-retried	succeeded after 1 refusals
47884	1789237686320	0	504	admitted	admit=354ms
47909	1789237686345	2	350	admitted	admit=1081ms
47919	1789237686355	0	405	admit-retried	succeeded after 7 refusals
47919	1789237686355	0	405	admitted	admit=12229ms
47932	1789237686368	2	47	admit-refused	authority refusal LIMIT_EXCEEDED: retained input, output or executor capacity
47954	1789237686390	2	332	admit-ceiling	LIMIT_EXCEEDED: client unresolved admission ceiling
48044	1789237686480	0	33	admit-ceiling	LIMIT_EXCEEDED: client unresolved admission ceiling
48070	1789237686506	0	507	admit-refused	authority refusal LIMIT_EXCEEDED: aggregate admission capacity exhausted
48096	1789237686532	0	483	admit-refused	authority refusal LIMIT_EXCEEDED: aggregate admission capacity exhausted
48146	1789237686582	0	510	admit-refused	authority refusal LIMIT_EXCEEDED: aggregate admission capacity exhausted
48232	1789237686668	2	344	admit-refused	authority refusal LIMIT_EXCEEDED: retained input, output or executor capacity
48245	1789237686681	0	507	admit-refused	authority refusal LIMIT_EXCEEDED: aggregate admission capacity exhausted
48252	1789237686688	2	353	admit-retried	succeeded after 1 refusals
48252	1789237686688	2	353	admitted	admit=1151ms
48283	1789237686719	2	26	admit-ceiling	LIMIT_EXCEEDED: client unresolved admission ceiling
48323	1789237686759	2	11	admit-refused	authority refusal LIMIT_EXCEEDED: retained input, output or executor capacity
48330	1789237686766	0	510	admit-refused	authority refusal LIMIT_EXCEEDED: aggregate admission capacity exhausted
48384	1789237686820	2	359	admit-refused	authority refusal LIMIT_EXCEEDED: retained input, output or executor capacity
48405	1789237686841	0	495	admit-refused	authority refusal LIMIT_EXCEEDED: aggregate admission capacity exhausted
48414	1789237686850	2	29	admit-refused	authority refusal LIMIT_EXCEEDED: retained input, output or executor capacity
48425	1789237686861	2	356	admit-refused	authority refusal LIMIT_EXCEEDED: retained input, output or executor capacity
48495	1789237686931	0	507	admit-refused	authority refusal LIMIT_EXCEEDED: aggregate admission capacity exhausted
48528	1789237686964	2	38	admit-ceiling	LIMIT_EXCEEDED: client unresolved admission ceiling
48542	1789237686978	2	35	admit-ceiling	LIMIT_EXCEEDED: client unresolved admission ceiling
48634	1789237687070	2	344	admit-ceiling	LIMIT_EXCEEDED: client unresolved admission ceiling
48712	1789237687148	0	510	admit-retried	succeeded after 2 refusals
48712	1789237687148	0	510	admitted	admit=792ms
48747	1789237687183	2	32	admit-retried	succeeded after 14 refusals
48747	1789237687183	2	32	admitted	admit=47900ms
48783	1789237687219	2	362	admit-ceiling	LIMIT_EXCEEDED: client unresolved admission ceiling
48792	1789237687228	0	450	admit-refused	authority refusal LIMIT_EXCEEDED: aggregate admission capacity exhausted
48861	1789237687297	2	41	admit-retried	succeeded after 14 refusals
48861	1789237687297	2	41	admitted	admit=48013ms
48889	1789237687325	2	362	admit-ceiling	LIMIT_EXCEEDED: client unresolved admission ceiling
48891	1789237687327	0	111	admit-refused	authority refusal LIMIT_EXCEEDED: aggregate admission capacity exhausted
48904	1789237687340	0	513	admitted	admit=191ms
48905	1789237687341	0	471	admit-ceiling	LIMIT_EXCEEDED: client unresolved admission ceiling
48943	1789237687379	0	516	admit-ceiling	LIMIT_EXCEEDED: client unresolved admission ceiling
48946	1789237687383	0	492	admit-ceiling	LIMIT_EXCEEDED: client unresolved admission ceiling
48991	1789237687428	0	360	admit-ceiling	LIMIT_EXCEEDED: client unresolved admission ceiling
49043	1789237687480	0	516	admit-ceiling	LIMIT_EXCEEDED: client unresolved admission ceiling
49066	1789237687502	0	456	admit-refused	authority refusal LIMIT_EXCEEDED: aggregate admission capacity exhausted
49090	1789237687526	2	362	admit-ceiling	LIMIT_EXCEEDED: client unresolved admission ceiling
49092	1789237687528	0	483	admit-refused	authority refusal LIMIT_EXCEEDED: aggregate admission capacity exhausted
49117	1789237687553	0	507	admit-refused	authority refusal LIMIT_EXCEEDED: aggregate admission capacity exhausted
49230	1789237687667	2	359	admit-refused	authority refusal LIMIT_EXCEEDED: retained input, output or executor capacity
49241	1789237687677	2	266	admit-refused	authority refusal LIMIT_EXCEEDED: retained input, output or executor capacity
49250	1789237687686	2	356	admit-refused	authority refusal LIMIT_EXCEEDED: retained input, output or executor capacity
49265	1789237687701	2	365	admit-refused	authority refusal LIMIT_EXCEEDED: retained input, output or executor capacity
49381	1789237687818	0	516	admit-retried	succeeded after 2 refusals
49382	1789237687818	0	516	admitted	admit=477ms
49492	1789237687929	2	362	admit-ceiling	LIMIT_EXCEEDED: client unresolved admission ceiling
49565	1789237688001	2	365	admit-refused	authority refusal LIMIT_EXCEEDED: retained input, output or executor capacity
49577	1789237688013	2	359	admit-refused	authority refusal LIMIT_EXCEEDED: retained input, output or executor capacity
49587	1789237688023	2	344	admit-refused	authority refusal LIMIT_EXCEEDED: retained input, output or executor capacity
49599	1789237688035	2	356	admit-refused	authority refusal LIMIT_EXCEEDED: retained input, output or executor capacity
49603	1789237688039	0	483	admit-retried	succeeded after 3 refusals
49603	1789237688039	0	483	admitted	admit=4743ms
49692	1789237688128	0	522	admit-refused	authority refusal LIMIT_EXCEEDED: aggregate admission capacity exhausted
49863	1789237688300	0	228	admit-retried	succeeded after 11 refusals
49863	1789237688300	0	228	admitted	admit=32249ms
49918	1789237688354	0	507	admit-ceiling	LIMIT_EXCEEDED: client unresolved admission ceiling
49985	1789237688421	0	501	admit-refused	authority refusal LIMIT_EXCEEDED: aggregate admission capacity exhausted
50029	1789237688465	2	251	admit-ceiling	LIMIT_EXCEEDED: client unresolved admission ceiling
50033	1789237688469	0	525	admit-refused	authority refusal LIMIT_EXCEEDED: aggregate admission capacity exhausted
50079	1789237688515	0	495	admit-refused	authority refusal LIMIT_EXCEEDED: aggregate admission capacity exhausted
50188	1789237688624	0	501	admit-refused	authority refusal LIMIT_EXCEEDED: aggregate admission capacity exhausted
50208	1789237688644	0	525	admit-refused	authority refusal LIMIT_EXCEEDED: aggregate admission capacity exhausted
50229	1789237688665	0	519	admit-refused	authority refusal LIMIT_EXCEEDED: aggregate admission capacity exhausted
50294	1789237688731	2	362	admit-ceiling	LIMIT_EXCEEDED: client unresolved admission ceiling
50519	1789237688955	0	525	admit-refused	authority refusal LIMIT_EXCEEDED: aggregate admission capacity exhausted
50531	1789237688967	0	519	admit-retried	succeeded after 1 refusals
50531	1789237688967	0	519	admitted	admit=1148ms
50691	1789237689127	0	528	admit-refused	authority refusal LIMIT_EXCEEDED: aggregate admission capacity exhausted
50755	1789237689191	2	365	admit-refused	authority refusal LIMIT_EXCEEDED: retained input, output or executor capacity
50765	1789237689201	2	287	admit-refused	authority refusal LIMIT_EXCEEDED: retained input, output or executor capacity
50775	1789237689211	2	359	admit-refused	authority refusal LIMIT_EXCEEDED: retained input, output or executor capacity
50783	1789237689219	2	356	admit-refused	authority refusal LIMIT_EXCEEDED: retained input, output or executor capacity
50967	1789237689403	0	528	admit-retried	succeeded after 1 refusals
50967	1789237689403	0	528	admitted	admit=435ms
51038	1789237689474	0	525	admit-retried	succeeded after 3 refusals
51038	1789237689474	0	525	admitted	admit=1174ms
51146	1789237689583	0	534	admit-refused	authority refusal LIMIT_EXCEEDED: aggregate admission capacity exhausted
51328	1789237689764	0	387	admit-ceiling	LIMIT_EXCEEDED: client unresolved admission ceiling
51335	1789237689771	0	144	admit-ceiling	LIMIT_EXCEEDED: client unresolved admission ceiling
51392	1789237689828	0	534	admit-retried	succeeded after 1 refusals
51392	1789237689828	0	534	admitted	admit=353ms
51412	1789237689848	2	320	admit-retried	succeeded after 6 refusals
51412	1789237689848	2	320	admitted	admit=9622ms
51438	1789237689874	0	429	admit-ceiling	LIMIT_EXCEEDED: client unresolved admission ceiling
51521	1789237689957	0	507	admit-ceiling	LIMIT_EXCEEDED: client unresolved admission ceiling
51576	1789237690012	2	359	admit-ceiling	LIMIT_EXCEEDED: client unresolved admission ceiling
51584	1789237690020	2	356	admit-ceiling	LIMIT_EXCEEDED: client unresolved admission ceiling
51595	1789237690032	0	531	admit-refused	authority refusal LIMIT_EXCEEDED: aggregate admission capacity exhausted
51602	1789237690038	0	537	admitted	admit=209ms
51757	1789237690193	0	522	admit-retried	succeeded after 1 refusals
51757	1789237690193	0	522	admitted	admit=2154ms
51896	1789237690332	2	362	admit-ceiling	LIMIT_EXCEEDED: client unresolved admission ceiling
51916	1789237690352	0	501	admit-refused	authority refusal LIMIT_EXCEEDED: aggregate admission capacity exhausted
51989	1789237690425	2	332	admit-retried	succeeded after 6 refusals
51989	1789237690425	2	332	admitted	admit=8758ms
52071	1789237690507	2	365	admit-retried	succeeded after 3 refusals
52071	1789237690507	2	365	admitted	admit=3209ms
52158	1789237690594	2	344	admit-retried	succeeded after 5 refusals
52158	1789237690594	2	344	admitted	admit=5972ms
52159	1789237690596	2	368	admit-refused	authority refusal LIMIT_EXCEEDED: retained input, output or executor capacity
52168	1789237690604	0	531	admit-retried	succeeded after 1 refusals
52168	1789237690604	0	531	admitted	admit=1200ms
52194	1789237690630	2	371	admit-refused	authority refusal LIMIT_EXCEEDED: retained input, output or executor capacity
52203	1789237690639	0	546	admit-ceiling	LIMIT_EXCEEDED: client unresolved admission ceiling
52205	1789237690641	2	374	admit-refused	authority refusal LIMIT_EXCEEDED: retained input, output or executor capacity
52305	1789237690741	0	546	admit-ceiling	LIMIT_EXCEEDED: client unresolved admission ceiling
52318	1789237690754	0	501	admit-ceiling	LIMIT_EXCEEDED: client unresolved admission ceiling
52336	1789237690773	2	377	admit-refused	authority refusal LIMIT_EXCEEDED: retained input, output or executor capacity
52343	1789237690779	2	368	admit-refused	authority refusal LIMIT_EXCEEDED: retained input, output or executor capacity
52369	1789237690805	2	371	admit-refused	authority refusal LIMIT_EXCEEDED: retained input, output or executor capacity
52378	1789237690814	2	374	admit-refused	authority refusal LIMIT_EXCEEDED: retained input, output or executor capacity
52382	1789237690818	0	492	admit-retried	succeeded after 6 refusals
52382	1789237690818	0	492	admitted	admit=6784ms
52446	1789237690882	0	471	admit-retried	succeeded after 6 refusals
52446	1789237690882	0	471	admitted	admit=8690ms
52507	1789237690944	0	546	admit-ceiling	LIMIT_EXCEEDED: client unresolved admission ceiling
52539	1789237690976	0	540	admit-refused	authority refusal LIMIT_EXCEEDED: aggregate admission capacity exhausted
52611	1789237691047	0	552	admit-refused	authority refusal LIMIT_EXCEEDED: aggregate admission capacity exhausted
52700	1789237691136	0	549	admit-refused	authority refusal LIMIT_EXCEEDED: aggregate admission capacity exhausted
52738	1789237691174	0	540	admit-refused	authority refusal LIMIT_EXCEEDED: aggregate admission capacity exhausted
52758	1789237691194	0	543	admit-refused	authority refusal LIMIT_EXCEEDED: aggregate admission capacity exhausted
52782	1789237691218	0	552	admit-refused	authority refusal LIMIT_EXCEEDED: aggregate admission capacity exhausted
52934	1789237691370	2	47	admit-ceiling	LIMIT_EXCEEDED: client unresolved admission ceiling
52983	1789237691419	0	552	admit-ceiling	LIMIT_EXCEEDED: client unresolved admission ceiling
52983	1789237691419	0	549	admit-refused	authority refusal LIMIT_EXCEEDED: aggregate admission capacity exhausted
53011	1789237691447	2	371	admit-refused	authority refusal LIMIT_EXCEEDED: retained input, output or executor capacity
53023	1789237691459	0	540	admit-refused	authority refusal LIMIT_EXCEEDED: aggregate admission capacity exhausted
53052	1789237691488	0	543	admit-refused	authority refusal LIMIT_EXCEEDED: aggregate admission capacity exhausted
53067	1789237691503	0	546	admit-refused	authority refusal LIMIT_EXCEEDED: aggregate admission capacity exhausted
53096	1789237691532	0	33	admit-refused	authority refusal LIMIT_EXCEEDED: aggregate admission capacity exhausted
53096	1789237691533	2	374	admit-refused	authority refusal LIMIT_EXCEEDED: retained input, output or executor capacity
53130	1789237691566	2	377	admit-retried	succeeded after 1 refusals
53130	1789237691566	2	377	admitted	admit=972ms
53172	1789237691609	2	368	admit-retried	succeeded after 2 refusals
53172	1789237691609	2	368	admitted	admit=1759ms
53185	1789237691621	0	501	admit-refused	authority refusal LIMIT_EXCEEDED: aggregate admission capacity exhausted
53285	1789237691722	2	26	admit-ceiling	LIMIT_EXCEEDED: client unresolved admission ceiling
53326	1789237691762	0	543	admit-refused	authority refusal LIMIT_EXCEEDED: aggregate admission capacity exhausted
53326	1789237691762	2	11	admit-ceiling	LIMIT_EXCEEDED: client unresolved admission ceiling
53399	1789237691835	0	495	admit-retried	succeeded after 6 refusals
53399	1789237691835	0	495	admitted	admit=7588ms
53413	1789237691849	2	371	admit-ceiling	LIMIT_EXCEEDED: client unresolved admission ceiling
53416	1789237691852	2	29	admit-ceiling	LIMIT_EXCEEDED: client unresolved admission ceiling
53498	1789237691935	2	374	admit-ceiling	LIMIT_EXCEEDED: client unresolved admission ceiling
53530	1789237691966	2	38	admit-ceiling	LIMIT_EXCEEDED: client unresolved admission ceiling
53544	1789237691980	2	35	admit-ceiling	LIMIT_EXCEEDED: client unresolved admission ceiling
53562	1789237691999	0	552	admit-refused	authority refusal LIMIT_EXCEEDED: aggregate admission capacity exhausted
53570	1789237692006	0	555	admitted	admit=170ms
53794	1789237692230	0	450	admit-ceiling	LIMIT_EXCEEDED: client unresolved admission ceiling
53879	1789237692315	0	558	admitted	admit=308ms
53904	1789237692341	0	561	admit-ceiling	LIMIT_EXCEEDED: client unresolved admission ceiling
53905	1789237692341	0	111	admit-ceiling	LIMIT_EXCEEDED: client unresolved admission ceiling
53926	1789237692362	2	359	admit-refused	authority refusal LIMIT_EXCEEDED: retained input, output or executor capacity
53941	1789237692377	2	356	admit-refused	authority refusal LIMIT_EXCEEDED: retained input, output or executor capacity
53945	1789237692381	2	383	admitted	admit=771ms
53972	1789237692408	2	380	admitted	admit=799ms
53972	1789237692408	0	543	admit-retried	succeeded after 3 refusals
53972	1789237692408	0	543	admitted	admit=2214ms
53990	1789237692426	0	546	admit-refused	authority refusal LIMIT_EXCEEDED: aggregate admission capacity exhausted
54006	1789237692442	0	561	admit-ceiling	LIMIT_EXCEEDED: client unresolved admission ceiling
54058	1789237692494	2	386	admit-refused	authority refusal LIMIT_EXCEEDED: retained input, output or executor capacity
54068	1789237692504	0	456	admit-ceiling	LIMIT_EXCEEDED: client unresolved admission ceiling
54079	1789237692515	0	360	admit-refused	authority refusal LIMIT_EXCEEDED: aggregate admission capacity exhausted
54096	1789237692532	0	564	admit-refused	authority refusal LIMIT_EXCEEDED: aggregate admission capacity exhausted
54289	1789237692726	0	564	admit-refused	authority refusal LIMIT_EXCEEDED: aggregate admission capacity exhausted
54301	1789237692737	2	374	admit-ceiling	LIMIT_EXCEEDED: client unresolved admission ceiling
54312	1789237692748	0	561	admit-refused	authority refusal LIMIT_EXCEEDED: aggregate admission capacity exhausted
54342	1789237692778	0	540	admit-refused	authority refusal LIMIT_EXCEEDED: aggregate admission capacity exhausted
54395	1789237692831	2	389	admitted	admit=422ms
54483	1789237692919	0	552	admit-retried	succeeded after 4 refusals
54483	1789237692919	0	552	admitted	admit=2036ms
54610	1789237693046	0	567	admit-refused	authority refusal LIMIT_EXCEEDED: aggregate admission capacity exhausted
54720	1789237693156	0	564	admit-retried	succeeded after 2 refusals
54720	1789237693156	0	564	admitted	admit=747ms
54758	1789237693194	0	570	admit-ceiling	LIMIT_EXCEEDED: client unresolved admission ceiling
54787	1789237693223	0	501	admit-ceiling	LIMIT_EXCEEDED: client unresolved admission ceiling
54838	1789237693274	0	567	admit-refused	authority refusal LIMIT_EXCEEDED: aggregate admission capacity exhausted
54855	1789237693291	0	507	admit-refused	authority refusal LIMIT_EXCEEDED: aggregate admission capacity exhausted
55031	1789237693467	2	251	admit-ceiling	LIMIT_EXCEEDED: client unresolved admission ceiling
55047	1789237693483	2	371	admit-refused	authority refusal LIMIT_EXCEEDED: retained input, output or executor capacity
55064	1789237693500	2	266	admit-refused	authority refusal LIMIT_EXCEEDED: retained input, output or executor capacity
55079	1789237693515	2	386	admit-retried	succeeded after 1 refusals
55079	1789237693515	2	386	admitted	admit=1106ms
55157	1789237693593	0	567	admit-retried	succeeded after 2 refusals
55157	1789237693593	0	567	admitted	admit=673ms
55190	1789237693626	0	573	admit-ceiling	LIMIT_EXCEEDED: client unresolved admission ceiling
55293	1789237693729	0	573	admit-ceiling	LIMIT_EXCEEDED: client unresolved admission ceiling
55397	1789237693833	0	540	admit-retried	succeeded after 4 refusals
55397	1789237693833	0	540	admitted	admit=3794ms
55494	1789237693930	0	573	admit-ceiling	LIMIT_EXCEEDED: client unresolved admission ceiling
55538	1789237693974	0	576	admit-refused	authority refusal LIMIT_EXCEEDED: aggregate admission capacity exhausted
55565	1789237694002	0	561	admit-refused	authority refusal LIMIT_EXCEEDED: aggregate admission capacity exhausted
55580	1789237694016	2	392	admitted	admit=1184ms
55761	1789237694197	0	576	admit-refused	authority refusal LIMIT_EXCEEDED: aggregate admission capacity exhausted
55780	1789237694217	0	546	admit-retried	succeeded after 5 refusals
55780	1789237694217	0	546	admitted	admit=3612ms
55902	1789237694338	2	374	admit-ceiling	LIMIT_EXCEEDED: client unresolved admission ceiling
55940	1789237694376	2	362	admit-refused	authority refusal LIMIT_EXCEEDED: retained input, output or executor capacity
55950	1789237694386	2	287	admit-refused	authority refusal LIMIT_EXCEEDED: retained input, output or executor capacity
55963	1789237694399	0	576	admit-ceiling	LIMIT_EXCEEDED: client unresolved admission ceiling
56001	1789237694437	0	573	admit-refused	authority refusal LIMIT_EXCEEDED: aggregate admission capacity exhausted
56042	1789237694478	2	395	admitted	admit=962ms
56065	1789237694501	0	549	admit-refused	authority refusal LIMIT_EXCEEDED: aggregate admission capacity exhausted
56365	1789237694801	0	576	admit-ceiling	LIMIT_EXCEEDED: client unresolved admission ceiling
56367	1789237694803	0	561	admit-ceiling	LIMIT_EXCEEDED: client unresolved admission ceiling
56439	1789237694876	2	398	admitted	admit=858ms
56454	1789237694890	0	387	admit-retried	succeeded after 9 refusals
56454	1789237694890	0	387	admitted	admit=22564ms
56490	1789237694926	0	582	admit-ceiling	LIMIT_EXCEEDED: client unresolved admission ceiling
56491	1789237694927	0	549	admit-ceiling	LIMIT_EXCEEDED: client unresolved admission ceiling
56506	1789237694942	0	144	admit-refused	authority refusal LIMIT_EXCEEDED: aggregate admission capacity exhausted
56696	1789237695132	0	429	admit-retried	succeeded after 8 refusals
56696	1789237695132	0	429	admitted	admit=18168ms
56803	1789237695239	0	573	admit-ceiling	LIMIT_EXCEEDED: client unresolved admission ceiling
56850	1789237695286	0	585	admitted	admit=153ms
56930	1789237695366	2	401	admitted	admit=887ms
57062	1789237695498	0	588	admitted	admit=211ms
57131	1789237695567	0	582	admit-retried	succeeded after 1 refusals
57131	1789237695567	0	582	admitted	admit=675ms
57142	1789237695578	2	356	admit-ceiling	LIMIT_EXCEEDED: client unresolved admission ceiling
57167	1789237695603	0	576	admit-ceiling	LIMIT_EXCEEDED: client unresolved admission ceiling
57273	1789237695710	0	594	admit-refused	authority refusal LIMIT_EXCEEDED: aggregate admission capacity exhausted
57334	1789237695771	2	359	admit-refused	authority refusal LIMIT_EXCEEDED: retained input, output or executor capacity
57348	1789237695784	2	371	admit-retried	succeeded after 5 refusals
57348	1789237695784	2	371	admitted	admit=5358ms
57352	1789237695788	0	570	admit-refused	authority refusal LIMIT_EXCEEDED: aggregate admission capacity exhausted
57380	1789237695816	0	549	admit-refused	authority refusal LIMIT_EXCEEDED: aggregate admission capacity exhausted
57382	1789237695818	2	404	admitted	admit=941ms
57387	1789237695823	0	591	admitted	admit=324ms
57420	1789237695857	0	579	admit-refused	authority refusal LIMIT_EXCEEDED: aggregate admission capacity exhausted
57468	1789237695904	0	594	admit-refused	authority refusal LIMIT_EXCEEDED: aggregate admission capacity exhausted
57489	1789237695925	0	597	admit-refused	authority refusal LIMIT_EXCEEDED: aggregate admission capacity exhausted
57498	1789237695934	2	410	admit-refused	authority refusal LIMIT_EXCEEDED: retained input, output or executor capacity
57506	1789237695943	2	413	admit-refused	authority refusal LIMIT_EXCEEDED: retained input, output or executor capacity
57622	1789237696058	2	407	admit-refused	authority refusal LIMIT_EXCEEDED: retained input, output or executor capacity
57625	1789237696062	0	570	admit-refused	authority refusal LIMIT_EXCEEDED: aggregate admission capacity exhausted
57655	1789237696091	2	410	admit-refused	authority refusal LIMIT_EXCEEDED: retained input, output or executor capacity
57665	1789237696101	2	413	admit-refused	authority refusal LIMIT_EXCEEDED: retained input, output or executor capacity
57668	1789237696104	0	597	admit-refused	authority refusal LIMIT_EXCEEDED: aggregate admission capacity exhausted
57989	1789237696425	0	501	admit-ceiling	LIMIT_EXCEEDED: client unresolved admission ceiling
58027	1789237696463	0	570	admit-ceiling	LIMIT_EXCEEDED: client unresolved admission ceiling
58098	1789237696535	0	33	admit-ceiling	LIMIT_EXCEEDED: client unresolved admission ceiling
58251	1789237696687	0	579	admit-retried	succeeded after 1 refusals
58251	1789237696687	0	579	admitted	admit=2470ms
58255	1789237696692	2	407	admit-retried	succeeded after 1 refusals
58255	1789237696692	2	407	admitted	admit=1324ms
58287	1789237696723	2	26	admit-ceiling	LIMIT_EXCEEDED: client unresolved admission ceiling
58328	1789237696764	2	11	admit-ceiling	LIMIT_EXCEEDED: client unresolved admission ceiling
58345	1789237696781	2	413	admit-refused	authority refusal LIMIT_EXCEEDED: retained input, output or executor capacity
58368	1789237696804	2	410	admit-retried	succeeded after 2 refusals
58368	1789237696804	2	410	admitted	admit=985ms
58405	1789237696841	0	573	admit-ceiling	LIMIT_EXCEEDED: client unresolved admission ceiling
58439	1789237696875	2	416	admit-refused	authority refusal LIMIT_EXCEEDED: retained input, output or executor capacity
58505	1789237696941	0	561	admit-retried	succeeded after 5 refusals
58505	1789237696941	0	561	admitted	admit=4626ms
58541	1789237696977	2	416	admit-ceiling	LIMIT_EXCEEDED: client unresolved admission ceiling
58546	1789237696982	2	35	admit-ceiling	LIMIT_EXCEEDED: client unresolved admission ceiling
58671	1789237697107	0	603	admitted	admit=165ms
58742	1789237697178	2	416	admit-ceiling	LIMIT_EXCEEDED: client unresolved admission ceiling
58747	1789237697183	2	413	admit-ceiling	LIMIT_EXCEEDED: client unresolved admission ceiling
58769	1789237697205	0	576	admit-ceiling	LIMIT_EXCEEDED: client unresolved admission ceiling
58796	1789237697232	0	450	admit-ceiling	LIMIT_EXCEEDED: client unresolved admission ceiling
58821	1789237697257	2	47	admit-retried	succeeded after 16 refusals
58821	1789237697257	2	47	admitted	admit=57973ms
58829	1789237697265	0	570	admit-ceiling	LIMIT_EXCEEDED: client unresolved admission ceiling
58904	1789237697340	0	606	admitted	admit=232ms
58935	1789237697371	0	111	admit-ceiling	LIMIT_EXCEEDED: client unresolved admission ceiling
58982	1789237697418	0	549	admit-ceiling	LIMIT_EXCEEDED: client unresolved admission ceiling
59021	1789237697457	0	597	admit-retried	succeeded after 2 refusals
59021	1789237697457	0	597	admitted	admit=1633ms
59067	1789237697503	2	29	admit-retried	succeeded after 16 refusals
59067	1789237697503	2	29	admitted	admit=58220ms
59077	1789237697513	0	609	admitted	admit=172ms
59094	1789237697530	2	419	admit-refused	authority refusal LIMIT_EXCEEDED: retained input, output or executor capacity
59120	1789237697556	0	615	admit-ceiling	LIMIT_EXCEEDED: client unresolved admission ceiling
59121	1789237697557	0	360	admit-ceiling	LIMIT_EXCEEDED: client unresolved admission ceiling
59144	1789237697581	2	416	admit-ceiling	LIMIT_EXCEEDED: client unresolved admission ceiling
59169	1789237697606	2	422	admit-refused	authority refusal LIMIT_EXCEEDED: retained input, output or executor capacity
59202	1789237697638	2	425	admit-refused	authority refusal LIMIT_EXCEEDED: retained input, output or executor capacity
59210	1789237697646	2	374	admit-refused	authority refusal LIMIT_EXCEEDED: retained input, output or executor capacity
59222	1789237697658	0	615	admit-ceiling	LIMIT_EXCEEDED: client unresolved admission ceiling
59226	1789237697662	2	38	admit-refused	authority refusal LIMIT_EXCEEDED: retained input, output or executor capacity
59271	1789237697707	0	456	admit-retried	succeeded after 8 refusals
59271	1789237697707	0	456	admitted	admit=17217ms
59402	1789237697838	0	618	admit-refused	authority refusal LIMIT_EXCEEDED: aggregate admission capacity exhausted
59410	1789237697846	0	600	admitted	admit=1158ms
59441	1789237697877	2	419	admit-refused	authority refusal LIMIT_EXCEEDED: retained input, output or executor capacity
59503	1789237697939	0	618	admit-ceiling	LIMIT_EXCEEDED: client unresolved admission ceiling
59522	1789237697959	0	615	admit-refused	authority refusal LIMIT_EXCEEDED: aggregate admission capacity exhausted
59734	1789237698170	0	612	admit-refused	authority refusal LIMIT_EXCEEDED: aggregate admission capacity exhausted
59846	1789237698282	0	618	admit-refused	authority refusal LIMIT_EXCEEDED: aggregate admission capacity exhausted
59924	1789237698360	0	615	admit-ceiling	LIMIT_EXCEEDED: client unresolved admission ceiling
59946	1789237698382	2	416	admit-ceiling	LIMIT_EXCEEDED: client unresolved admission ceiling
59998	1789237698434	0	612	admit-refused	authority refusal LIMIT_EXCEEDED: aggregate admission capacity exhausted
60005	1789237698441	0	507	admit-refused	authority refusal LIMIT_EXCEEDED: aggregate admission capacity exhausted
60034	1789237698470	2	251	admit-ceiling	LIMIT_EXCEEDED: client unresolved admission ceiling
60066	1789237698502	2	266	admit-ceiling	LIMIT_EXCEEDED: client unresolved admission ceiling
60300	1789237698736	0	594	admit-refused	authority refusal LIMIT_EXCEEDED: aggregate admission capacity exhausted
60398	1789237698834	0	618	admit-refused	authority refusal LIMIT_EXCEEDED: aggregate admission capacity exhausted
60505	1789237698941	0	570	admit-refused	authority refusal LIMIT_EXCEEDED: aggregate admission capacity exhausted
60523	1789237698959	0	612	admit-refused	authority refusal LIMIT_EXCEEDED: aggregate admission capacity exhausted
60942	1789237699378	0	615	admit-refused	authority refusal LIMIT_EXCEEDED: aggregate admission capacity exhausted
60944	1789237699380	2	422	admit-retried	succeeded after 1 refusals
60944	1789237699380	2	422	admitted	admit=2123ms
60949	1789237699385	0	594	admit-retried	succeeded after 3 refusals
60949	1789237699385	0	594	admitted	admit=3817ms
60978	1789237699415	2	428	admit-ceiling	LIMIT_EXCEEDED: client unresolved admission ceiling
60979	1789237699415	2	287	admit-ceiling	LIMIT_EXCEEDED: client unresolved admission ceiling
61046	1789237699482	2	425	admit-retried	succeeded after 1 refusals
61046	1789237699482	2	425	admitted	admit=1978ms
61049	1789237699485	0	624	admit-refused	authority refusal LIMIT_EXCEEDED: aggregate admission capacity exhausted
61062	1789237699498	0	612	admit-retried	succeeded after 3 refusals
61062	1789237699498	0	612	admitted	admit=2041ms
61080	1789237699516	2	428	admit-ceiling	LIMIT_EXCEEDED: client unresolved admission ceiling
61166	1789237699602	2	413	admit-refused	authority refusal LIMIT_EXCEEDED: retained input, output or executor capacity
61177	1789237699613	2	362	admit-refused	authority refusal LIMIT_EXCEEDED: retained input, output or executor capacity
61187	1789237699623	2	431	admit-refused	authority refusal LIMIT_EXCEEDED: retained input, output or executor capacity
61204	1789237699641	2	419	admit-refused	authority refusal LIMIT_EXCEEDED: retained input, output or executor capacity
61224	1789237699660	0	624	admit-refused	authority refusal LIMIT_EXCEEDED: aggregate admission capacity exhausted
61261	1789237699697	0	618	admit-refused	authority refusal LIMIT_EXCEEDED: aggregate admission capacity exhausted
61265	1789237699701	0	627	admit-refused	authority refusal LIMIT_EXCEEDED: aggregate admission capacity exhausted
61490	1789237699926	0	627	admit-refused	authority refusal LIMIT_EXCEEDED: aggregate admission capacity exhausted
61634	1789237700070	0	144	admit-retried	succeeded after 15 refusals
61634	1789237700070	0	144	admitted	admit=53871ms
61692	1789237700128	0	627	admit-ceiling	LIMIT_EXCEEDED: client unresolved admission ceiling
61818	1789237700254	0	624	admit-refused	authority refusal LIMIT_EXCEEDED: aggregate admission capacity exhausted
62050	1789237700486	2	428	admit-retried	succeeded after 2 refusals
62050	1789237700486	2	428	admitted	admit=1105ms
62093	1789237700529	0	627	admit-ceiling	LIMIT_EXCEEDED: client unresolved admission ceiling
62170	1789237700606	2	431	admit-retried	succeeded after 1 refusals
62170	1789237700606	2	431	admitted	admit=1124ms
62185	1789237700621	0	549	admit-ceiling	LIMIT_EXCEEDED: client unresolved admission ceiling
62212	1789237700648	2	437	admit-ceiling	LIMIT_EXCEEDED: client unresolved admission ceiling
62259	1789237700695	0	576	admit-retried	succeeded after 6 refusals
62259	1789237700695	0	576	admitted	admit=6861ms
62297	1789237700733	0	633	admit-ceiling	LIMIT_EXCEEDED: client unresolved admission ceiling
62314	1789237700750	2	437	admit-ceiling	LIMIT_EXCEEDED: client unresolved admission ceiling
62324	1789237700760	2	434	admit-refused	authority refusal LIMIT_EXCEEDED: retained input, output or executor capacity
62336	1789237700772	2	416	admit-refused	authority refusal LIMIT_EXCEEDED: retained input, output or executor capacity
62345	1789237700781	2	356	admit-refused	authority refusal LIMIT_EXCEEDED: retained input, output or executor capacity
62399	1789237700836	0	633	admit-ceiling	LIMIT_EXCEEDED: client unresolved admission ceiling
62497	1789237700933	0	624	admit-retried	succeeded after 3 refusals
62497	1789237700933	0	624	admitted	admit=1548ms
62544	1789237700980	0	615	admit-ceiling	LIMIT_EXCEEDED: client unresolved admission ceiling
62612	1789237701048	0	636	admit-refused	authority refusal LIMIT_EXCEEDED: aggregate admission capacity exhausted
62622	1789237701058	0	630	admitted	admit=986ms
62713	1789237701149	0	636	admit-ceiling	LIMIT_EXCEEDED: client unresolved admission ceiling
62730	1789237701166	2	419	admit-retried	succeeded after 3 refusals
62730	1789237701166	2	419	admitted	admit=4361ms
62770	1789237701206	2	413	admit-ceiling	LIMIT_EXCEEDED: client unresolved admission ceiling
62779	1789237701215	0	639	admit-refused	authority refusal LIMIT_EXCEEDED: aggregate admission capacity exhausted
62788	1789237701224	0	621	admit-refused	authority refusal LIMIT_EXCEEDED: aggregate admission capacity exhausted
62819	1789237701255	0	633	admit-refused	authority refusal LIMIT_EXCEEDED: aggregate admission capacity exhausted
62894	1789237701330	0	627	admit-ceiling	LIMIT_EXCEEDED: client unresolved admission ceiling
62915	1789237701351	0	636	admit-ceiling	LIMIT_EXCEEDED: client unresolved admission ceiling
63012	1789237701448	0	621	admit-refused	authority refusal LIMIT_EXCEEDED: aggregate admission capacity exhausted
63022	1789237701458	0	573	admit-retried	succeeded after 6 refusals
63022	1789237701458	0	573	admitted	admit=7864ms
63100	1789237701536	0	33	admit-ceiling	LIMIT_EXCEEDED: client unresolved admission ceiling
63213	1789237701649	0	621	admit-ceiling	LIMIT_EXCEEDED: client unresolved admission ceiling
63221	1789237701657	0	633	admit-ceiling	LIMIT_EXCEEDED: client unresolved admission ceiling
63289	1789237701725	2	26	admit-ceiling	LIMIT_EXCEEDED: client unresolved admission ceiling
63304	1789237701740	0	642	admitted	admit=281ms
63313	1789237701749	0	501	admit-refused	authority refusal LIMIT_EXCEEDED: aggregate admission capacity exhausted
63339	1789237701775	2	359	admit-retried	succeeded after 7 refusals
63339	1789237701775	2	359	admitted	admit=15086ms
63374	1789237701810	2	443	admit-ceiling	LIMIT_EXCEEDED: client unresolved admission ceiling
63433	1789237701869	2	434	admit-refused	authority refusal LIMIT_EXCEEDED: retained input, output or executor capacity
63433	1789237701869	0	636	admit-refused	authority refusal LIMIT_EXCEEDED: aggregate admission capacity exhausted
63439	1789237701875	2	437	admit-refused	authority refusal LIMIT_EXCEEDED: retained input, output or executor capacity
63447	1789237701883	0	639	admit-refused	authority refusal LIMIT_EXCEEDED: aggregate admission capacity exhausted
63468	1789237701904	0	645	admit-refused	authority refusal LIMIT_EXCEEDED: aggregate admission capacity exhausted
63505	1789237701941	2	440	admit-refused	authority refusal LIMIT_EXCEEDED: retained input, output or executor capacity
63513	1789237701949	2	11	admit-refused	authority refusal LIMIT_EXCEEDED: retained input, output or executor capacity
63707	1789237702144	0	570	admit-ceiling	LIMIT_EXCEEDED: client unresolved admission ceiling
63739	1789237702175	0	639	admit-refused	authority refusal LIMIT_EXCEEDED: aggregate admission capacity exhausted
63740	1789237702176	0	621	admit-retried	succeeded after 3 refusals
63740	1789237702176	0	621	admitted	admit=4329ms
63841	1789237702277	2	437	admit-ceiling	LIMIT_EXCEEDED: client unresolved admission ceiling
63862	1789237702298	0	648	admit-refused	authority refusal LIMIT_EXCEEDED: aggregate admission capacity exhausted
63868	1789237702304	0	645	admit-retried	succeeded after 1 refusals
63868	1789237702304	0	645	admitted	admit=564ms
63882	1789237702318	0	450	admit-refused	authority refusal LIMIT_EXCEEDED: aggregate admission capacity exhausted
63955	1789237702391	2	443	admit-retried	succeeded after 1 refusals
63955	1789237702391	2	443	admitted	admit=614ms
64023	1789237702459	0	633	admit-ceiling	LIMIT_EXCEEDED: client unresolved admission ceiling
64037	1789237702473	0	648	admit-refused	authority refusal LIMIT_EXCEEDED: aggregate admission capacity exhausted
64063	1789237702499	0	651	admit-refused	authority refusal LIMIT_EXCEEDED: aggregate admission capacity exhausted
64165	1789237702601	0	651	admit-ceiling	LIMIT_EXCEEDED: client unresolved admission ceiling
64166	1789237702602	2	440	admit-retried	succeeded after 1 refusals
64166	1789237702602	2	440	admitted	admit=1435ms
64212	1789237702648	2	374	admit-ceiling	LIMIT_EXCEEDED: client unresolved admission ceiling
64229	1789237702666	2	38	admit-ceiling	LIMIT_EXCEEDED: client unresolved admission ceiling
64244	1789237702680	0	360	admit-retried	succeeded after 11 refusals
64244	1789237702680	0	360	admitted	admit=32220ms
64245	1789237702681	0	648	admit-ceiling	LIMIT_EXCEEDED: client unresolved admission ceiling
64280	1789237702716	0	654	admit-ceiling	LIMIT_EXCEEDED: client unresolved admission ceiling
64282	1789237702718	2	446	admit-refused	authority refusal LIMIT_EXCEEDED: retained input, output or executor capacity
64307	1789237702743	2	35	admit-refused	authority refusal LIMIT_EXCEEDED: retained input, output or executor capacity
64317	1789237702754	2	449	admit-refused	authority refusal LIMIT_EXCEEDED: retained input, output or executor capacity
64330	1789237702766	0	636	admit-refused	authority refusal LIMIT_EXCEEDED: aggregate admission capacity exhausted
64335	1789237702771	2	434	admit-refused	authority refusal LIMIT_EXCEEDED: retained input, output or executor capacity
64355	1789237702791	0	639	admit-refused	authority refusal LIMIT_EXCEEDED: aggregate admission capacity exhausted
64496	1789237702932	0	627	admit-ceiling	LIMIT_EXCEEDED: client unresolved admission ceiling
64646	1789237703082	0	648	admit-ceiling	LIMIT_EXCEEDED: client unresolved admission ceiling
64707	1789237703143	0	651	admit-retried	succeeded after 2 refusals
64707	1789237703143	0	651	admitted	admit=838ms
64842	1789237703278	2	449	admit-retried	succeeded after 1 refusals
64842	1789237703278	2	449	admitted	admit=675ms
64886	1789237703322	0	654	admit-refused	authority refusal LIMIT_EXCEEDED: aggregate admission capacity exhausted
64887	1789237703323	0	657	admitted	admit=179ms
64933	1789237703369	2	446	admit-retried	succeeded after 1 refusals
64933	1789237703370	2	446	admitted	admit=978ms
64940	1789237703376	2	437	admit-refused	authority refusal LIMIT_EXCEEDED: retained input, output or executor capacity
64976	1789237703412	2	434	admit-refused	authority refusal LIMIT_EXCEEDED: retained input, output or executor capacity
64991	1789237703427	2	452	admit-refused	authority refusal LIMIT_EXCEEDED: retained input, output or executor capacity
65069	1789237703506	0	507	admit-refused	authority refusal LIMIT_EXCEEDED: aggregate admission capacity exhausted
65071	1789237703507	0	660	admitted	admit=183ms
65156	1789237703592	0	639	admit-ceiling	LIMIT_EXCEEDED: client unresolved admission ceiling
65200	1789237703636	0	654	admit-refused	authority refusal LIMIT_EXCEEDED: aggregate admission capacity exhausted
65225	1789237703661	0	663	admit-refused	authority refusal LIMIT_EXCEEDED: aggregate admission capacity exhausted
65381	1789237703817	0	111	admit-retried	succeeded after 16 refusals
65381	1789237703817	0	111	admitted	admit=62064ms
65460	1789237703896	0	663	admit-refused	authority refusal LIMIT_EXCEEDED: aggregate admission capacity exhausted
65485	1789237703922	0	666	admit-refused	authority refusal LIMIT_EXCEEDED: aggregate admission capacity exhausted
65539	1789237703975	2	416	admit-ceiling	LIMIT_EXCEEDED: client unresolved admission ceiling
65564	1789237704000	0	648	admit-retried	succeeded after 4 refusals
65564	1789237704000	0	648	admitted	admit=1823ms
65624	1789237704060	0	633	admit-ceiling	LIMIT_EXCEEDED: client unresolved admission ceiling
65661	1789237704097	0	663	admit-ceiling	LIMIT_EXCEEDED: client unresolved admission ceiling
65695	1789237704131	0	666	admit-refused	authority refusal LIMIT_EXCEEDED: aggregate admission capacity exhausted
65741	1789237704177	0	654	admit-refused	authority refusal LIMIT_EXCEEDED: aggregate admission capacity exhausted
65778	1789237704214	2	434	admit-ceiling	LIMIT_EXCEEDED: client unresolved admission ceiling
65944	1789237704380	0	618	admit-retried	succeeded after 5 refusals
65944	1789237704380	0	618	admitted	admit=6672ms
65972	1789237704408	2	413	admit-ceiling	LIMIT_EXCEEDED: client unresolved admission ceiling
65981	1789237704417	2	287	admit-ceiling	LIMIT_EXCEEDED: client unresolved admission ceiling
65989	1789237704425	0	672	admit-ceiling	LIMIT_EXCEEDED: client unresolved admission ceiling
66015	1789237704451	0	669	admit-refused	authority refusal LIMIT_EXCEEDED: aggregate admission capacity exhausted
66067	1789237704503	0	636	admit-refused	authority refusal LIMIT_EXCEEDED: aggregate admission capacity exhausted
66073	1789237704509	0	666	admit-refused	authority refusal LIMIT_EXCEEDED: aggregate admission capacity exhausted
66165	1789237704601	2	455	admitted	admit=1231ms
66167	1789237704603	0	663	admit-refused	authority refusal LIMIT_EXCEEDED: aggregate admission capacity exhausted
66202	1789237704639	0	672	admit-refused	authority refusal LIMIT_EXCEEDED: aggregate admission capacity exhausted
66204	1789237704640	2	362	admit-ceiling	LIMIT_EXCEEDED: client unresolved admission ceiling
66233	1789237704669	0	669	admit-refused	authority refusal LIMIT_EXCEEDED: aggregate admission capacity exhausted
66255	1789237704692	2	266	admit-refused	authority refusal LIMIT_EXCEEDED: retained input, output or executor capacity
66269	1789237704705	2	452	admit-refused	authority refusal LIMIT_EXCEEDED: retained input, output or executor capacity
66287	1789237704723	2	251	admit-retried	succeeded after 11 refusals
66287	1789237704723	2	251	admitted	admit=33855ms
66342	1789237704779	2	458	admit-refused	authority refusal LIMIT_EXCEEDED: retained input, output or executor capacity
66432	1789237704868	2	461	admit-refused	authority refusal LIMIT_EXCEEDED: retained input, output or executor capacity
66542	1789237704978	0	654	admit-ceiling	LIMIT_EXCEEDED: client unresolved admission ceiling
66630	1789237705066	0	666	admit-refused	authority refusal LIMIT_EXCEEDED: aggregate admission capacity exhausted
66859	1789237705296	0	639	admit-refused	authority refusal LIMIT_EXCEEDED: aggregate admission capacity exhausted
66884	1789237705320	0	669	admit-refused	authority refusal LIMIT_EXCEEDED: aggregate admission capacity exhausted
67308	1789237705744	0	663	admit-retried	succeeded after 4 refusals
67308	1789237705744	0	663	admitted	admit=2236ms
67339	1789237705776	0	675	admit-ceiling	LIMIT_EXCEEDED: client unresolved admission ceiling
67347	1789237705783	2	356	admit-ceiling	LIMIT_EXCEEDED: client unresolved admission ceiling
67381	1789237705817	2	434	admit-ceiling	LIMIT_EXCEEDED: client unresolved admission ceiling
67411	1789237705847	0	669	admit-refused	authority refusal LIMIT_EXCEEDED: aggregate admission capacity exhausted
67429	1789237705865	0	615	admit-retried	succeeded after 6 refusals
67429	1789237705865	0	615	admitted	admit=8351ms
67446	1789237705882	0	672	admit-refused	authority refusal LIMIT_EXCEEDED: aggregate admission capacity exhausted
67469	1789237705905	2	458	admit-retried	succeeded after 1 refusals
67469	1789237705905	2	458	admitted	admit=1303ms
67490	1789237705926	0	549	admit-refused	authority refusal LIMIT_EXCEEDED: aggregate admission capacity exhausted
67619	1789237706055	2	461	admit-refused	authority refusal LIMIT_EXCEEDED: retained input, output or executor capacity
67630	1789237706066	2	437	admit-refused	authority refusal LIMIT_EXCEEDED: retained input, output or executor capacity
67634	1789237706070	2	452	admit-retried	succeeded after 2 refusals
67634	1789237706070	2	452	admitted	admit=2791ms
67668	1789237706104	0	678	admit-refused	authority refusal LIMIT_EXCEEDED: aggregate admission capacity exhausted
67689	1789237706125	0	675	admit-retried	succeeded after 1 refusals
67689	1789237706125	0	675	admitted	admit=380ms
67698	1789237706134	0	666	admit-refused	authority refusal LIMIT_EXCEEDED: aggregate admission capacity exhausted
67844	1789237706281	0	627	admit-refused	authority refusal LIMIT_EXCEEDED: aggregate admission capacity exhausted
67875	1789237706312	0	678	admit-refused	authority refusal LIMIT_EXCEEDED: aggregate admission capacity exhausted
67910	1789237706346	0	681	admit-refused	authority refusal LIMIT_EXCEEDED: aggregate admission capacity exhausted
68028	1789237706464	2	464	admitted	admit=558ms
68041	1789237706477	0	672	admit-refused	authority refusal LIMIT_EXCEEDED: aggregate admission capacity exhausted
68204	1789237706640	0	681	admit-retried	succeeded after 1 refusals
68204	1789237706640	0	681	admitted	admit=514ms
68235	1789237706671	0	669	admit-ceiling	LIMIT_EXCEEDED: client unresolved admission ceiling
68252	1789237706688	2	470	admit-refused	authority refusal LIMIT_EXCEEDED: retained input, output or executor capacity
68263	1789237706699	2	461	admit-refused	authority refusal LIMIT_EXCEEDED: retained input, output or executor capacity
68271	1789237706707	2	467	admitted	admit=636ms
68280	1789237706716	0	33	admit-refused	authority refusal LIMIT_EXCEEDED: aggregate admission capacity exhausted
68305	1789237706741	0	684	admit-refused	authority refusal LIMIT_EXCEEDED: aggregate admission capacity exhausted
68344	1789237706780	0	654	admit-refused	authority refusal LIMIT_EXCEEDED: aggregate admission capacity exhausted
68349	1789237706785	2	473	admit-refused	authority refusal LIMIT_EXCEEDED: retained input, output or executor capacity
68359	1789237706795	2	26	admit-refused	authority refusal LIMIT_EXCEEDED: retained input, output or executor capacity
68518	1789237706954	0	684	admit-retried	succeeded after 1 refusals
68518	1789237706954	0	684	admitted	admit=312ms
68656	1789237707092	0	687	admit-refused	authority refusal LIMIT_EXCEEDED: aggregate admission capacity exhausted
68832	1789237707268	0	570	admit-refused	authority refusal LIMIT_EXCEEDED: aggregate admission capacity exhausted
68837	1789237707273	0	678	admit-retried	succeeded after 2 refusals
68837	1789237707273	0	678	admitted	admit=1407ms
68873	1789237707309	0	672	admit-ceiling	LIMIT_EXCEEDED: client unresolved admission ceiling
68885	1789237707321	0	450	admit-ceiling	LIMIT_EXCEEDED: client unresolved admission ceiling
69044	1789237707480	0	690	admitted	admit=205ms
69193	1789237707629	2	11	admit-refused	authority refusal LIMIT_EXCEEDED: retained input, output or executor capacity
69206	1789237707643	2	473	admit-retried	succeeded after 1 refusals
69206	1789237707643	2	473	admitted	admit=934ms
69237	1789237707673	0	693	admit-refused	authority refusal LIMIT_EXCEEDED: aggregate admission capacity exhausted
69267	1789237707703	2	470	admit-retried	succeeded after 1 refusals
69267	1789237707703	2	470	admitted	admit=1239ms
69300	1789237707736	0	666	admit-ceiling	LIMIT_EXCEEDED: client unresolved admission ceiling
69303	1789237707739	2	479	admit-ceiling	LIMIT_EXCEEDED: client unresolved admission ceiling
69309	1789237707745	2	35	admit-ceiling	LIMIT_EXCEEDED: client unresolved admission ceiling
69339	1789237707775	0	693	admit-ceiling	LIMIT_EXCEEDED: client unresolved admission ceiling
69405	1789237707841	2	479	admit-ceiling	LIMIT_EXCEEDED: client unresolved admission ceiling
69428	1789237707865	0	636	admit-refused	authority refusal LIMIT_EXCEEDED: aggregate admission capacity exhausted
69455	1789237707891	0	687	admit-refused	authority refusal LIMIT_EXCEEDED: aggregate admission capacity exhausted
69466	1789237707903	0	633	admit-refused	authority refusal LIMIT_EXCEEDED: aggregate admission capacity exhausted
69549	1789237707985	0	501	admit-refused	authority refusal LIMIT_EXCEEDED: aggregate admission capacity exhausted
69597	1789237708033	2	461	admit-retried	succeeded after 3 refusals
69597	1789237708033	2	461	admitted	admit=3309ms
69628	1789237708064	2	479	admit-ceiling	LIMIT_EXCEEDED: client unresolved admission ceiling
69665	1789237708101	0	693	admit-refused	authority refusal LIMIT_EXCEEDED: aggregate admission capacity exhausted
69751	1789237708187	0	687	admit-refused	authority refusal LIMIT_EXCEEDED: aggregate admission capacity exhausted
69911	1789237708347	2	374	admit-refused	authority refusal LIMIT_EXCEEDED: retained input, output or executor capacity
69926	1789237708362	2	38	admit-refused	authority refusal LIMIT_EXCEEDED: retained input, output or executor capacity
69934	1789237708370	2	476	admitted	admit=727ms
70002	1789237708438	0	669	admit-refused	authority refusal LIMIT_EXCEEDED: aggregate admission capacity exhausted
70060	1789237708496	2	485	admit-refused	authority refusal LIMIT_EXCEEDED: retained input, output or executor capacity
70188	1789237708624	0	639	admit-refused	authority refusal LIMIT_EXCEEDED: aggregate admission capacity exhausted
70210	1789237708646	0	507	admit-refused	authority refusal LIMIT_EXCEEDED: aggregate admission capacity exhausted
70233	1789237708669	0	687	admit-refused	authority refusal LIMIT_EXCEEDED: aggregate admission capacity exhausted
70316	1789237708752	2	482	admitted	admit=718ms
70582	1789237709018	2	434	admit-ceiling	LIMIT_EXCEEDED: client unresolved admission ceiling
70624	1789237709060	0	672	admit-retried	succeeded after 5 refusals
70624	1789237709060	0	672	admitted	admit=4679ms
70833	1789237709269	2	437	admit-ceiling	LIMIT_EXCEEDED: client unresolved admission ceiling
70868	1789237709304	0	696	admitted	admit=243ms
70939	1789237709375	0	699	admit-refused	authority refusal LIMIT_EXCEEDED: aggregate admission capacity exhausted
70945	1789237709381	0	693	admit-retried	succeeded after 3 refusals
70945	1789237709381	0	693	admitted	admit=1901ms
70974	1789237709410	2	413	admit-ceiling	LIMIT_EXCEEDED: client unresolved admission ceiling
70983	1789237709419	2	287	admit-ceiling	LIMIT_EXCEEDED: client unresolved admission ceiling
71036	1789237709472	2	479	admit-retried	succeeded after 3 refusals
71036	1789237709472	2	479	admitted	admit=1767ms
71121	1789237709557	2	485	admit-refused	authority refusal LIMIT_EXCEEDED: retained input, output or executor capacity
71144	1789237709581	0	699	admit-refused	authority refusal LIMIT_EXCEEDED: aggregate admission capacity exhausted
71160	1789237709596	2	488	admit-refused	authority refusal LIMIT_EXCEEDED: retained input, output or executor capacity
71170	1789237709606	2	491	admit-refused	authority refusal LIMIT_EXCEEDED: retained input, output or executor capacity
71175	1789237709611	0	702	admit-refused	authority refusal LIMIT_EXCEEDED: aggregate admission capacity exhausted
71237	1789237709673	0	687	admit-refused	authority refusal LIMIT_EXCEEDED: aggregate admission capacity exhausted
71272	1789237709708	2	491	admit-ceiling	LIMIT_EXCEEDED: client unresolved admission ceiling
71324	1789237709760	2	485	admit-ceiling	LIMIT_EXCEEDED: client unresolved admission ceiling
71471	1789237709907	0	702	admit-refused	authority refusal LIMIT_EXCEEDED: aggregate admission capacity exhausted
71473	1789237709909	2	491	admit-ceiling	LIMIT_EXCEEDED: client unresolved admission ceiling
71476	1789237709913	0	699	admit-retried	succeeded after 2 refusals
71477	1789237709913	0	699	admitted	admit=608ms
71523	1789237709959	2	416	admit-refused	authority refusal LIMIT_EXCEEDED: retained input, output or executor capacity
71531	1789237709967	2	362	admit-refused	authority refusal LIMIT_EXCEEDED: retained input, output or executor capacity
71686	1789237710122	0	705	admit-refused	authority refusal LIMIT_EXCEEDED: aggregate admission capacity exhausted
71764	1789237710200	0	702	admit-refused	authority refusal LIMIT_EXCEEDED: aggregate admission capacity exhausted
71770	1789237710206	0	654	admit-retried	succeeded after 6 refusals
71770	1789237710206	0	654	admitted	admit=7526ms
71881	1789237710317	0	705	admit-refused	authority refusal LIMIT_EXCEEDED: aggregate admission capacity exhausted
71905	1789237710341	0	708	admit-refused	authority refusal LIMIT_EXCEEDED: aggregate admission capacity exhausted
72019	1789237710455	2	266	admit-retried	succeeded after 11 refusals
72019	1789237710455	2	266	admitted	admit=37389ms
72124	1789237710561	2	488	admit-retried	succeeded after 1 refusals
72124	1789237710561	2	488	admitted	admit=1807ms
72131	1789237710567	2	491	admit-refused	authority refusal LIMIT_EXCEEDED: retained input, output or executor capacity
72145	1789237710581	0	708	admit-retried	succeeded after 1 refusals
72145	1789237710581	0	708	admitted	admit=374ms
72193	1789237710629	2	494	admit-refused	authority refusal LIMIT_EXCEEDED: retained input, output or executor capacity
72244	1789237710680	2	497	admit-refused	authority refusal LIMIT_EXCEEDED: retained input, output or executor capacity
72287	1789237710723	0	711	admit-refused	authority refusal LIMIT_EXCEEDED: aggregate admission capacity exhausted
72378	1789237710814	0	705	admit-retried	succeeded after 2 refusals
72378	1789237710814	0	705	admitted	admit=900ms
72500	1789237710936	0	714	admit-refused	authority refusal LIMIT_EXCEEDED: aggregate admission capacity exhausted
72526	1789237710963	2	485	admit-retried	succeeded after 3 refusals
72526	1789237710963	2	485	admitted	admit=2591ms
72544	1789237710980	0	711	admit-refused	authority refusal LIMIT_EXCEEDED: aggregate admission capacity exhausted
72659	1789237711095	0	549	admit-retried	succeeded after 8 refusals
72659	1789237711095	0	549	admitted	admit=20275ms
72746	1789237711182	0	711	admit-ceiling	LIMIT_EXCEEDED: client unresolved admission ceiling
72809	1789237711245	0	714	admit-refused	authority refusal LIMIT_EXCEEDED: aggregate admission capacity exhausted
72846	1789237711282	0	627	admit-ceiling	LIMIT_EXCEEDED: client unresolved admission ceiling
72881	1789237711317	2	497	admit-refused	authority refusal LIMIT_EXCEEDED: retained input, output or executor capacity
72905	1789237711341	2	494	admit-retried	succeeded after 1 refusals
72905	1789237711341	2	494	admitted	admit=886ms
72974	1789237711410	2	356	admit-refused	authority refusal LIMIT_EXCEEDED: retained input, output or executor capacity
72985	1789237711422	2	500	admit-refused	authority refusal LIMIT_EXCEEDED: retained input, output or executor capacity
73014	1789237711450	2	503	admit-refused	authority refusal LIMIT_EXCEEDED: retained input, output or executor capacity
73029	1789237711465	2	491	admit-refused	authority refusal LIMIT_EXCEEDED: retained input, output or executor capacity
73037	1789237711473	0	702	admit-retried	succeeded after 3 refusals
73037	1789237711473	0	702	admitted	admit=2090ms
73073	1789237711509	0	720	admit-ceiling	LIMIT_EXCEEDED: client unresolved admission ceiling
73106	1789237711543	0	714	admit-refused	authority refusal LIMIT_EXCEEDED: aggregate admission capacity exhausted
73129	1789237711565	0	687	admit-refused	authority refusal LIMIT_EXCEEDED: aggregate admission capacity exhausted
73204	1789237711640	0	669	admit-ceiling	LIMIT_EXCEEDED: client unresolved admission ceiling
73281	1789237711717	0	33	admit-ceiling	LIMIT_EXCEEDED: client unresolved admission ceiling
73452	1789237711888	0	666	admit-retried	succeeded after 6 refusals
73452	1789237711888	0	666	admitted	admit=8070ms
73508	1789237711944	0	714	admit-ceiling	LIMIT_EXCEEDED: client unresolved admission ceiling
73515	1789237711952	2	503	admit-retried	succeeded after 1 refusals
73515	1789237711952	2	503	admitted	admit=609ms
73577	1789237712013	0	720	admit-refused	authority refusal LIMIT_EXCEEDED: aggregate admission capacity exhausted
73610	1789237712046	0	723	admit-refused	authority refusal LIMIT_EXCEEDED: aggregate admission capacity exhausted
73615	1789237712052	2	497	admit-retried	succeeded after 2 refusals
73615	1789237712052	2	497	admitted	admit=1490ms
73685	1789237712121	2	500	admit-refused	authority refusal LIMIT_EXCEEDED: retained input, output or executor capacity
73691	1789237712128	2	506	admit-refused	authority refusal LIMIT_EXCEEDED: retained input, output or executor capacity
73702	1789237712138	2	509	admit-refused	authority refusal LIMIT_EXCEEDED: retained input, output or executor capacity
73801	1789237712238	0	723	admit-refused	authority refusal LIMIT_EXCEEDED: aggregate admission capacity exhausted
73824	1789237712260	2	26	admit-refused	authority refusal LIMIT_EXCEEDED: retained input, output or executor capacity
73867	1789237712303	0	720	admit-refused	authority refusal LIMIT_EXCEEDED: aggregate admission capacity exhausted
73996	1789237712432	0	450	admit-refused	authority refusal LIMIT_EXCEEDED: aggregate admission capacity exhausted
74142	1789237712578	2	506	admit-retried	succeeded after 1 refusals
74142	1789237712578	2	506	admitted	admit=626ms
74249	1789237712685	2	509	admit-retried	succeeded after 1 refusals
74249	1789237712685	2	509	admitted	admit=632ms
74268	1789237712705	0	720	admit-ceiling	LIMIT_EXCEEDED: client unresolved admission ceiling
74310	1789237712746	2	35	admit-ceiling	LIMIT_EXCEEDED: client unresolved admission ceiling
74310	1789237712746	0	714	admit-ceiling	LIMIT_EXCEEDED: client unresolved admission ceiling
74395	1789237712831	2	500	admit-refused	authority refusal LIMIT_EXCEEDED: retained input, output or executor capacity
74405	1789237712841	2	512	admit-refused	authority refusal LIMIT_EXCEEDED: retained input, output or executor capacity
74415	1789237712851	2	11	admit-refused	authority refusal LIMIT_EXCEEDED: retained input, output or executor capacity
74426	1789237712863	2	515	admit-refused	authority refusal LIMIT_EXCEEDED: retained input, output or executor capacity
74430	1789237712866	0	711	admit-retried	succeeded after 3 refusals
74430	1789237712866	0	711	admitted	admit=2284ms
74491	1789237712927	0	570	admit-retried	succeeded after 8 refusals
74491	1789237712927	0	570	admitted	admit=19770ms
74492	1789237712928	0	633	admit-ceiling	LIMIT_EXCEEDED: client unresolved admission ceiling
74504	1789237712940	0	636	admit-refused	authority refusal LIMIT_EXCEEDED: aggregate admission capacity exhausted
74525	1789237712961	0	717	admit-refused	authority refusal LIMIT_EXCEEDED: aggregate admission capacity exhausted
74552	1789237712988	0	726	admit-refused	authority refusal LIMIT_EXCEEDED: aggregate admission capacity exhausted
74616	1789237713052	0	729	admit-refused	authority refusal LIMIT_EXCEEDED: aggregate admission capacity exhausted
74651	1789237713087	0	501	admit-refused	authority refusal LIMIT_EXCEEDED: aggregate admission capacity exhausted
74672	1789237713108	2	512	admit-refused	authority refusal LIMIT_EXCEEDED: retained input, output or executor capacity
74682	1789237713118	2	515	admit-refused	authority refusal LIMIT_EXCEEDED: retained input, output or executor capacity
74807	1789237713244	0	729	admit-refused	authority refusal LIMIT_EXCEEDED: aggregate admission capacity exhausted
74851	1789237713287	0	717	admit-refused	authority refusal LIMIT_EXCEEDED: aggregate admission capacity exhausted
74913	1789237713349	2	374	admit-ceiling	LIMIT_EXCEEDED: client unresolved admission ceiling
74927	1789237713364	2	38	admit-ceiling	LIMIT_EXCEEDED: client unresolved admission ceiling
74956	1789237713392	2	491	admit-refused	authority refusal LIMIT_EXCEEDED: retained input, output or executor capacity
75070	1789237713506	0	720	admit-ceiling	LIMIT_EXCEEDED: client unresolved admission ceiling
75122	1789237713558	0	726	admit-refused	authority refusal LIMIT_EXCEEDED: aggregate admission capacity exhausted
75141	1789237713577	0	729	admit-retried	succeeded after 2 refusals
75141	1789237713577	0	729	admitted	admit=649ms
75211	1789237713647	0	507	admit-ceiling	LIMIT_EXCEEDED: client unresolved admission ceiling
75325	1789237713761	0	726	admit-ceiling	LIMIT_EXCEEDED: client unresolved admission ceiling
75442	1789237713878	2	500	admit-retried	succeeded after 3 refusals
75442	1789237713878	2	500	admitted	admit=2915ms
75493	1789237713929	0	639	admit-retried	succeeded after 7 refusals
75493	1789237713929	0	639	admitted	admit=12871ms
75534	1789237713970	2	512	admit-retried	succeeded after 2 refusals
75534	1789237713970	2	512	admitted	admit=1391ms
75571	1789237714008	2	515	admit-refused	authority refusal LIMIT_EXCEEDED: retained input, output or executor capacity
75574	1789237714010	0	732	admit-refused	authority refusal LIMIT_EXCEEDED: aggregate admission capacity exhausted
75581	1789237714017	2	518	admit-refused	authority refusal LIMIT_EXCEEDED: retained input, output or executor capacity
75650	1789237714086	2	521	admit-refused	authority refusal LIMIT_EXCEEDED: retained input, output or executor capacity
75661	1789237714097	2	434	admit-refused	authority refusal LIMIT_EXCEEDED: retained input, output or executor capacity
75726	1789237714162	0	726	admit-ceiling	LIMIT_EXCEEDED: client unresolved admission ceiling
75763	1789237714199	0	717	admit-refused	authority refusal LIMIT_EXCEEDED: aggregate admission capacity exhausted
75789	1789237714226	0	723	admit-refused	authority refusal LIMIT_EXCEEDED: aggregate admission capacity exhausted
75790	1789237714226	2	518	admit-refused	authority refusal LIMIT_EXCEEDED: retained input, output or executor capacity
75812	1789237714249	2	521	admit-refused	authority refusal LIMIT_EXCEEDED: retained input, output or executor capacity
75980	1789237714416	2	437	admit-refused	authority refusal LIMIT_EXCEEDED: retained input, output or executor capacity
76014	1789237714450	2	521	admit-ceiling	LIMIT_EXCEEDED: client unresolved admission ceiling
76060	1789237714496	0	714	admit-retried	succeeded after 5 refusals
76060	1789237714496	0	714	admitted	admit=3681ms
76192	1789237714628	0	723	admit-ceiling	LIMIT_EXCEEDED: client unresolved admission ceiling
76290	1789237714726	0	717	admit-refused	authority refusal LIMIT_EXCEEDED: aggregate admission capacity exhausted
76309	1789237714745	0	735	admitted	admit=815ms
76415	1789237714852	2	521	admit-ceiling	LIMIT_EXCEEDED: client unresolved admission ceiling
76483	1789237714919	0	687	admit-refused	authority refusal LIMIT_EXCEEDED: aggregate admission capacity exhausted
76497	1789237714933	0	741	admitted	admit=187ms
76525	1789237714961	2	416	admit-ceiling	LIMIT_EXCEEDED: client unresolved admission ceiling
76533	1789237714969	2	362	admit-ceiling	LIMIT_EXCEEDED: client unresolved admission ceiling
76671	1789237715107	0	720	admit-ceiling	LIMIT_EXCEEDED: client unresolved admission ceiling
76800	1789237715236	2	287	admit-refused	authority refusal LIMIT_EXCEEDED: retained input, output or executor capacity
76820	1789237715256	2	518	admit-refused	authority refusal LIMIT_EXCEEDED: retained input, output or executor capacity
76831	1789237715267	2	413	admit-retried	succeeded after 8 refusals
76831	1789237715267	2	413	admitted	admit=19448ms
76857	1789237715293	0	726	admit-retried	succeeded after 4 refusals
76857	1789237715293	0	726	admitted	admit=2426ms
76925	1789237715361	2	515	admit-retried	succeeded after 3 refusals
76925	1789237715361	2	515	admitted	admit=2676ms
76933	1789237715369	0	738	admit-refused	authority refusal LIMIT_EXCEEDED: aggregate admission capacity exhausted
76957	1789237715393	2	524	admit-refused	authority refusal LIMIT_EXCEEDED: retained input, output or executor capacity
77035	1789237715471	0	738	admit-ceiling	LIMIT_EXCEEDED: client unresolved admission ceiling
77092	1789237715528	0	717	admit-ceiling	LIMIT_EXCEEDED: client unresolved admission ceiling
77236	1789237715672	0	738	admit-ceiling	LIMIT_EXCEEDED: client unresolved admission ceiling
77272	1789237715708	0	723	admit-retried	succeeded after 4 refusals
77272	1789237715708	0	723	admitted	admit=3820ms
77277	1789237715713	0	732	admit-refused	authority refusal LIMIT_EXCEEDED: aggregate admission capacity exhausted
77438	1789237715874	0	750	admitted	admit=165ms
77463	1789237715899	0	744	admit-refused	authority refusal LIMIT_EXCEEDED: aggregate admission capacity exhausted
77577	1789237716014	0	753	admit-refused	authority refusal LIMIT_EXCEEDED: aggregate admission capacity exhausted
77679	1789237716115	0	753	admit-ceiling	LIMIT_EXCEEDED: client unresolved admission ceiling
77688	1789237716124	0	732	admit-refused	authority refusal LIMIT_EXCEEDED: aggregate admission capacity exhausted
77717	1789237716153	0	744	admit-refused	authority refusal LIMIT_EXCEEDED: aggregate admission capacity exhausted
77741	1789237716177	0	738	admit-refused	authority refusal LIMIT_EXCEEDED: aggregate admission capacity exhausted
77742	1789237716178	2	524	admit-retried	succeeded after 1 refusals
77742	1789237716178	2	524	admitted	admit=911ms
77829	1789237716265	2	527	admitted	admit=903ms
77845	1789237716281	0	747	admitted	admit=988ms
77918	1789237716354	2	518	admit-refused	authority refusal LIMIT_EXCEEDED: retained input, output or executor capacity
77930	1789237716366	2	530	admit-refused	authority refusal LIMIT_EXCEEDED: retained input, output or executor capacity
77998	1789237716435	2	533	admit-refused	authority refusal LIMIT_EXCEEDED: retained input, output or executor capacity
78009	1789237716445	2	521	admit-refused	authority refusal LIMIT_EXCEEDED: retained input, output or executor capacity
78062	1789237716498	0	756	admitted	admit=216ms
78094	1789237716530	0	732	admit-ceiling	LIMIT_EXCEEDED: client unresolved admission ceiling
78195	1789237716631	0	759	admit-refused	authority refusal LIMIT_EXCEEDED: aggregate admission capacity exhausted
78299	1789237716735	0	669	admit-retried	succeeded after 7 refusals
78299	1789237716735	0	669	admitted	admit=12734ms
78300	1789237716736	0	759	admit-ceiling	LIMIT_EXCEEDED: client unresolved admission ceiling
78333	1789237716769	0	753	admit-refused	authority refusal LIMIT_EXCEEDED: aggregate admission capacity exhausted
78386	1789237716822	0	33	admit-refused	authority refusal LIMIT_EXCEEDED: aggregate admission capacity exhausted
78416	1789237716852	0	762	admit-refused	authority refusal LIMIT_EXCEEDED: aggregate admission capacity exhausted
78542	1789237716978	0	738	admit-ceiling	LIMIT_EXCEEDED: client unresolved admission ceiling
78596	1789237717032	0	762	admit-refused	authority refusal LIMIT_EXCEEDED: aggregate admission capacity exhausted
78621	1789237717057	0	759	admit-refused	authority refusal LIMIT_EXCEEDED: aggregate admission capacity exhausted
78665	1789237717101	2	533	admit-refused	authority refusal LIMIT_EXCEEDED: retained input, output or executor capacity
78681	1789237717117	2	491	admit-refused	authority refusal LIMIT_EXCEEDED: retained input, output or executor capacity
78684	1789237717120	2	530	admit-retried	succeeded after 1 refusals
78684	1789237717120	2	530	admitted	admit=941ms
78710	1789237717146	2	356	admit-retried	succeeded after 10 refusals
78710	1789237717146	2	356	admitted	admit=30801ms
78809	1789237717245	0	753	admit-refused	authority refusal LIMIT_EXCEEDED: aggregate admission capacity exhausted
78812	1789237717248	2	536	admit-refused	authority refusal LIMIT_EXCEEDED: retained input, output or executor capacity
78815	1789237717251	0	717	admit-retried	succeeded after 5 refusals
78815	1789237717251	0	717	admitted	admit=6155ms
78896	1789237717332	0	732	admit-ceiling	LIMIT_EXCEEDED: client unresolved admission ceiling
78914	1789237717350	2	536	admit-ceiling	LIMIT_EXCEEDED: client unresolved admission ceiling
78930	1789237717366	0	765	admit-refused	authority refusal LIMIT_EXCEEDED: aggregate admission capacity exhausted
78952	1789237717388	0	762	admit-refused	authority refusal LIMIT_EXCEEDED: aggregate admission capacity exhausted
79032	1789237717468	0	765	admit-ceiling	LIMIT_EXCEEDED: client unresolved admission ceiling
79116	1789237717552	0	759	admit-refused	authority refusal LIMIT_EXCEEDED: aggregate admission capacity exhausted
79117	1789237717553	2	536	admit-ceiling	LIMIT_EXCEEDED: client unresolved admission ceiling
79263	1789237717699	0	744	admit-refused	authority refusal LIMIT_EXCEEDED: aggregate admission capacity exhausted
79296	1789237717732	2	539	admitted	admit=585ms
79300	1789237717737	0	765	admit-refused	authority refusal LIMIT_EXCEEDED: aggregate admission capacity exhausted
79333	1789237717769	2	35	admit-ceiling	LIMIT_EXCEEDED: client unresolved admission ceiling
79389	1789237717825	2	518	admit-retried	succeeded after 4 refusals
79389	1789237717825	2	518	admitted	admit=3946ms
79420	1789237717856	2	11	admit-ceiling	LIMIT_EXCEEDED: client unresolved admission ceiling
79442	1789237717878	2	26	admit-refused	authority refusal LIMIT_EXCEEDED: retained input, output or executor capacity
79463	1789237717899	0	627	admit-refused	authority refusal LIMIT_EXCEEDED: aggregate admission capacity exhausted
79482	1789237717918	2	542	admit-refused	authority refusal LIMIT_EXCEEDED: retained input, output or executor capacity
79493	1789237717929	2	545	admit-refused	authority refusal LIMIT_EXCEEDED: retained input, output or executor capacity
79527	1789237717963	0	762	admit-refused	authority refusal LIMIT_EXCEEDED: aggregate admission capacity exhausted
79566	1789237718003	2	533	admit-refused	authority refusal LIMIT_EXCEEDED: retained input, output or executor capacity
79587	1789237718023	0	633	admit-refused	authority refusal LIMIT_EXCEEDED: aggregate admission capacity exhausted
79664	1789237718100	0	744	admit-ceiling	LIMIT_EXCEEDED: client unresolved admission ceiling
79669	1789237718106	0	636	admit-refused	authority refusal LIMIT_EXCEEDED: aggregate admission capacity exhausted
79704	1789237718140	0	753	admit-refused	authority refusal LIMIT_EXCEEDED: aggregate admission capacity exhausted
79839	1789237718275	0	765	admit-refused	authority refusal LIMIT_EXCEEDED: aggregate admission capacity exhausted
79915	1789237718351	2	374	admit-ceiling	LIMIT_EXCEEDED: client unresolved admission ceiling
79929	1789237718365	2	38	admit-ceiling	LIMIT_EXCEEDED: client unresolved admission ceiling
79968	1789237718404	2	533	admit-ceiling	LIMIT_EXCEEDED: client unresolved admission ceiling
80012	1789237718449	0	450	admit-refused	authority refusal LIMIT_EXCEEDED: aggregate admission capacity exhausted
80040	1789237718476	2	545	admit-refused	authority refusal LIMIT_EXCEEDED: retained input, output or executor capacity
80059	1789237718495	2	542	admit-retried	succeeded after 1 refusals
80059	1789237718495	2	542	admitted	admit=762ms
80106	1789237718542	0	759	admit-retried	succeeded after 4 refusals
80106	1789237718542	0	759	admitted	admit=2043ms
80111	1789237718547	2	521	admit-refused	authority refusal LIMIT_EXCEEDED: retained input, output or executor capacity
80136	1789237718572	2	536	admit-retried	succeeded after 3 refusals
80136	1789237718572	2	536	admitted	admit=1425ms
80152	1789237718588	2	548	admit-refused	authority refusal LIMIT_EXCEEDED: retained input, output or executor capacity
80154	1789237718591	0	501	admit-refused	authority refusal LIMIT_EXCEEDED: aggregate admission capacity exhausted
80247	1789237718683	0	738	admit-refused	authority refusal LIMIT_EXCEEDED: aggregate admission capacity exhausted
80275	1789237718711	0	768	admit-refused	authority refusal LIMIT_EXCEEDED: aggregate admission capacity exhausted
80337	1789237718774	0	507	admit-refused	authority refusal LIMIT_EXCEEDED: aggregate admission capacity exhausted
80449	1789237718885	0	762	admit-refused	authority refusal LIMIT_EXCEEDED: aggregate admission capacity exhausted
80477	1789237718914	0	768	admit-refused	authority refusal LIMIT_EXCEEDED: aggregate admission capacity exhausted
80486	1789237718922	2	551	admitted	admit=349ms
80679	1789237719115	0	768	admit-ceiling	LIMIT_EXCEEDED: client unresolved admission ceiling
80717	1789237719153	2	548	admit-retried	succeeded after 1 refusals
80717	1789237719153	2	548	admitted	admit=657ms
80731	1789237719167	0	744	admit-refused	authority refusal LIMIT_EXCEEDED: aggregate admission capacity exhausted
80770	1789237719206	2	533	admit-ceiling	LIMIT_EXCEEDED: client unresolved admission ceiling
80795	1789237719231	2	554	admit-refused	authority refusal LIMIT_EXCEEDED: retained input, output or executor capacity
80832	1789237719268	2	545	admit-refused	authority refusal LIMIT_EXCEEDED: retained input, output or executor capacity
80842	1789237719278	2	434	admit-refused	authority refusal LIMIT_EXCEEDED: retained input, output or executor capacity
80852	1789237719289	2	557	admit-refused	authority refusal LIMIT_EXCEEDED: retained input, output or executor capacity
81206	1789237719642	0	768	admit-retried	succeeded after 3 refusals
81206	1789237719642	0	768	admitted	admit=1099ms
81274	1789237719710	0	765	admit-retried	succeeded after 4 refusals
81274	1789237719710	0	765	admitted	admit=2458ms
81278	1789237719714	0	720	admit-refused	authority refusal LIMIT_EXCEEDED: aggregate admission capacity exhausted
81337	1789237719773	0	771	admit-refused	authority refusal LIMIT_EXCEEDED: aggregate admission capacity exhausted
81426	1789237719862	0	774	admitted	admit=151ms
81470	1789237719906	2	557	admit-retried	succeeded after 1 refusals
81470	1789237719906	2	557	admitted	admit=752ms
81484	1789237719920	0	687	admit-ceiling	LIMIT_EXCEEDED: client unresolved admission ceiling
81527	1789237719963	2	416	admit-ceiling	LIMIT_EXCEEDED: client unresolved admission ceiling
81534	1789237719971	2	362	admit-ceiling	LIMIT_EXCEEDED: client unresolved admission ceiling
81556	1789237719992	0	777	admit-refused	authority refusal LIMIT_EXCEEDED: aggregate admission capacity exhausted
81580	1789237720016	0	771	admit-refused	authority refusal LIMIT_EXCEEDED: aggregate admission capacity exhausted
81605	1789237720041	0	753	admit-refused	authority refusal LIMIT_EXCEEDED: aggregate admission capacity exhausted
81666	1789237720102	2	437	admit-refused	authority refusal LIMIT_EXCEEDED: retained input, output or executor capacity
81677	1789237720113	2	560	admit-refused	authority refusal LIMIT_EXCEEDED: retained input, output or executor capacity
81685	1789237720121	2	554	admit-retried	succeeded after 1 refusals
81685	1789237720121	2	554	admitted	admit=1198ms
81758	1789237720194	2	545	admit-refused	authority refusal LIMIT_EXCEEDED: retained input, output or executor capacity
81812	1789237720248	2	563	admit-refused	authority refusal LIMIT_EXCEEDED: retained input, output or executor capacity
81855	1789237720291	0	771	admit-refused	authority refusal LIMIT_EXCEEDED: aggregate admission capacity exhausted
81860	1789237720296	0	777	admit-retried	succeeded after 1 refusals
81860	1789237720296	0	777	admitted	admit=434ms
82000	1789237720436	2	560	admit-refused	authority refusal LIMIT_EXCEEDED: retained input, output or executor capacity
82228	1789237720664	0	762	admit-retried	succeeded after 5 refusals
82228	1789237720664	0	762	admitted	admit=3928ms
82243	1789237720679	0	732	admit-refused	authority refusal LIMIT_EXCEEDED: aggregate admission capacity exhausted
82295	1789237720731	0	780	admit-refused	authority refusal LIMIT_EXCEEDED: aggregate admission capacity exhausted
82402	1789237720838	2	563	admit-retried	succeeded after 1 refusals
82402	1789237720838	2	563	admitted	admit=717ms
82494	1789237720930	0	744	admit-refused	authority refusal LIMIT_EXCEEDED: aggregate admission capacity exhausted
82514	1789237720950	0	771	admit-refused	authority refusal LIMIT_EXCEEDED: aggregate admission capacity exhausted
82515	1789237720951	2	287	admit-retried	succeeded after 13 refusals
82515	1789237720951	2	287	admitted	admit=45335ms
82546	1789237720982	0	780	admit-refused	authority refusal LIMIT_EXCEEDED: aggregate admission capacity exhausted
82561	1789237720997	2	545	admit-ceiling	LIMIT_EXCEEDED: client unresolved admission ceiling
82561	1789237720997	2	533	admit-refused	authority refusal LIMIT_EXCEEDED: retained input, output or executor capacity
82784	1789237721220	2	560	admit-retried	succeeded after 2 refusals
82784	1789237721220	2	560	admitted	admit=1313ms
83071	1789237721507	2	569	admit-refused	authority refusal LIMIT_EXCEEDED: retained input, output or executor capacity
83095	1789237721531	2	566	admitted	admit=692ms
83400	1789237721836	0	783	admitted	admit=1171ms
83424	1789237721860	2	569	admit-refused	authority refusal LIMIT_EXCEEDED: retained input, output or executor capacity
83444	1789237721880	2	572	admitted	admit=659ms
83448	1789237721885	0	738	admit-ceiling	LIMIT_EXCEEDED: client unresolved admission ceiling
83467	1789237721903	2	521	admit-refused	authority refusal LIMIT_EXCEEDED: retained input, output or executor capacity
83509	1789237721945	0	780	admit-retried	succeeded after 2 refusals
83509	1789237721945	0	780	admitted	admit=1648ms
83532	1789237721968	2	578	admit-refused	authority refusal LIMIT_EXCEEDED: retained input, output or executor capacity
83624	1789237722060	0	771	admit-retried	succeeded after 4 refusals
83624	1789237722060	0	771	admitted	admit=2418ms
83690	1789237722126	0	789	admitted	admit=180ms
83905	1789237722341	2	575	admitted	admit=809ms
83907	1789237722343	2	569	admit-refused	authority refusal LIMIT_EXCEEDED: retained input, output or executor capacity
83917	1789237722353	2	578	admit-refused	authority refusal LIMIT_EXCEEDED: retained input, output or executor capacity
83932	1789237722368	2	491	admit-refused	authority refusal LIMIT_EXCEEDED: retained input, output or executor capacity
83946	1789237722382	0	792	admitted	admit=321ms
83973	1789237722409	2	581	admit-refused	authority refusal LIMIT_EXCEEDED: retained input, output or executor capacity
84100	1789237722536	0	798	admitted	admit=153ms
84115	1789237722551	0	795	admit-refused	authority refusal LIMIT_EXCEEDED: aggregate admission capacity exhausted
84327	1789237722763	0	801	admitted	admit=226ms
84335	1789237722771	2	35	admit-ceiling	LIMIT_EXCEEDED: client unresolved admission ceiling
84399	1789237722835	0	786	admitted	admit=998ms
84422	1789237722858	2	11	admit-ceiling	LIMIT_EXCEEDED: client unresolved admission ceiling
84439	1789237722875	0	804	admit-refused	authority refusal LIMIT_EXCEEDED: aggregate admission capacity exhausted
84444	1789237722880	2	26	admit-ceiling	LIMIT_EXCEEDED: client unresolved admission ceiling
84489	1789237722925	0	807	admit-refused	authority refusal LIMIT_EXCEEDED: aggregate admission capacity exhausted
84526	1789237722962	0	627	admit-refused	authority refusal LIMIT_EXCEEDED: aggregate admission capacity exhausted
84591	1789237723027	0	807	admit-ceiling	LIMIT_EXCEEDED: client unresolved admission ceiling
84659	1789237723095	2	581	admit-retried	succeeded after 1 refusals
84659	1789237723095	2	581	admitted	admit=753ms
84671	1789237723107	0	636	admit-ceiling	LIMIT_EXCEEDED: client unresolved admission ceiling
84680	1789237723116	0	633	admit-refused	authority refusal LIMIT_EXCEEDED: aggregate admission capacity exhausted
84773	1789237723210	2	545	admit-refused	authority refusal LIMIT_EXCEEDED: retained input, output or executor capacity
84787	1789237723223	2	578	admit-retried	succeeded after 2 refusals
84787	1789237723223	2	578	admitted	admit=1342ms
84807	1789237723243	0	753	admit-ceiling	LIMIT_EXCEEDED: client unresolved admission ceiling
84834	1789237723270	2	584	admit-refused	authority refusal LIMIT_EXCEEDED: retained input, output or executor capacity
84936	1789237723372	2	584	admit-ceiling	LIMIT_EXCEEDED: client unresolved admission ceiling
84996	1789237723432	0	807	admit-retried	succeeded after 2 refusals
84996	1789237723432	0	807	admitted	admit=596ms
85001	1789237723437	0	33	admit-refused	authority refusal LIMIT_EXCEEDED: aggregate admission capacity exhausted
85132	1789237723568	2	569	admit-retried	succeeded after 3 refusals
85132	1789237723568	2	569	admitted	admit=2616ms
85170	1789237723606	2	584	admit-ceiling	LIMIT_EXCEEDED: client unresolved admission ceiling
85174	1789237723610	0	795	admit-retried	succeeded after 1 refusals
85174	1789237723610	0	795	admitted	admit=1483ms
85207	1789237723643	0	813	admit-ceiling	LIMIT_EXCEEDED: client unresolved admission ceiling
85264	1789237723700	0	501	admit-refused	authority refusal LIMIT_EXCEEDED: aggregate admission capacity exhausted
85339	1789237723775	0	507	admit-ceiling	LIMIT_EXCEEDED: client unresolved admission ceiling
85445	1789237723881	0	732	admit-ceiling	LIMIT_EXCEEDED: client unresolved admission ceiling
85485	1789237723921	2	374	admit-refused	authority refusal LIMIT_EXCEEDED: retained input, output or executor capacity
85505	1789237723941	2	587	admitted	admit=717ms
85512	1789237723948	2	38	admit-refused	authority refusal LIMIT_EXCEEDED: retained input, output or executor capacity
85545	1789237723982	0	813	admit-retried	succeeded after 1 refusals
85545	1789237723982	0	813	admitted	admit=370ms
85572	1789237724008	2	590	admit-refused	authority refusal LIMIT_EXCEEDED: retained input, output or executor capacity
85644	1789237724080	0	816	admit-refused	authority refusal LIMIT_EXCEEDED: aggregate admission capacity exhausted
85672	1789237724108	0	450	admit-refused	authority refusal LIMIT_EXCEEDED: aggregate admission capacity exhausted
85844	1789237724280	2	434	admit-ceiling	LIMIT_EXCEEDED: client unresolved admission ceiling
85940	1789237724376	0	816	admit-refused	authority refusal LIMIT_EXCEEDED: aggregate admission capacity exhausted
85943	1789237724379	0	804	admit-retried	succeeded after 1 refusals
85943	1789237724379	0	804	admitted	admit=1615ms
85947	1789237724383	0	744	admit-refused	authority refusal LIMIT_EXCEEDED: aggregate admission capacity exhausted
86149	1789237724585	2	584	admit-refused	authority refusal LIMIT_EXCEEDED: retained input, output or executor capacity
86172	1789237724609	2	593	admitted	admit=667ms
86176	1789237724612	0	810	admit-refused	authority refusal LIMIT_EXCEEDED: aggregate admission capacity exhausted
86249	1789237724686	2	590	admit-refused	authority refusal LIMIT_EXCEEDED: retained input, output or executor capacity
86251	1789237724687	0	816	admit-refused	authority refusal LIMIT_EXCEEDED: aggregate admission capacity exhausted
86278	1789237724714	2	596	admit-refused	authority refusal LIMIT_EXCEEDED: retained input, output or executor capacity
86409	1789237724845	0	720	admit-retried	succeeded after 7 refusals
86409	1789237724845	0	720	admitted	admit=13371ms
86507	1789237724943	2	533	admit-retried	succeeded after 6 refusals
86507	1789237724943	2	533	admitted	admit=8677ms
86545	1789237724981	2	362	admit-ceiling	LIMIT_EXCEEDED: client unresolved admission ceiling
86606	1789237725042	0	822	admit-refused	authority refusal LIMIT_EXCEEDED: aggregate admission capacity exhausted
86627	1789237725063	0	687	admit-refused	authority refusal LIMIT_EXCEEDED: aggregate admission capacity exhausted
86668	1789237725104	2	437	admit-ceiling	LIMIT_EXCEEDED: client unresolved admission ceiling
86698	1789237725134	2	590	admit-refused	authority refusal LIMIT_EXCEEDED: retained input, output or executor capacity
86716	1789237725152	2	596	admit-retried	succeeded after 1 refusals
86716	1789237725152	2	596	admitted	admit=542ms
86766	1789237725202	0	810	admit-retried	succeeded after 1 refusals
86766	1789237725202	0	810	admitted	admit=1769ms
86792	1789237725228	0	822	admit-refused	authority refusal LIMIT_EXCEEDED: aggregate admission capacity exhausted
86869	1789237725305	0	825	admit-refused	authority refusal LIMIT_EXCEEDED: aggregate admission capacity exhausted
86886	1789237725323	2	599	admit-refused	authority refusal LIMIT_EXCEEDED: retained input, output or executor capacity
86898	1789237725334	2	602	admit-refused	authority refusal LIMIT_EXCEEDED: retained input, output or executor capacity
86901	1789237725337	0	816	admit-refused	authority refusal LIMIT_EXCEEDED: aggregate admission capacity exhausted
86907	1789237725343	2	416	admit-refused	authority refusal LIMIT_EXCEEDED: retained input, output or executor capacity
87094	1789237725530	0	822	admit-refused	authority refusal LIMIT_EXCEEDED: aggregate admission capacity exhausted
87101	1789237725537	0	825	admit-retried	succeeded after 1 refusals
87101	1789237725537	0	825	admitted	admit=334ms
87252	1789237725688	0	828	admitted	admit=150ms
87298	1789237725734	2	584	admit-retried	succeeded after 4 refusals
87298	1789237725734	2	584	admitted	admit=2638ms
87406	1789237725842	2	599	admit-refused	authority refusal LIMIT_EXCEEDED: retained input, output or executor capacity
87430	1789237725867	2	602	admit-retried	succeeded after 1 refusals
87430	1789237725867	2	602	admitted	admit=714ms
87443	1789237725879	2	605	admit-refused	authority refusal LIMIT_EXCEEDED: retained input, output or executor capacity
87457	1789237725893	2	590	admit-refused	authority refusal LIMIT_EXCEEDED: retained input, output or executor capacity
87556	1789237725992	2	608	admit-refused	authority refusal LIMIT_EXCEEDED: retained input, output or executor capacity
87556	1789237725992	0	831	admit-refused	authority refusal LIMIT_EXCEEDED: aggregate admission capacity exhausted
87575	1789237726011	0	822	admit-refused	authority refusal LIMIT_EXCEEDED: aggregate admission capacity exhausted
87710	1789237726146	2	605	admit-refused	authority refusal LIMIT_EXCEEDED: retained input, output or executor capacity
87737	1789237726173	2	599	admit-refused	authority refusal LIMIT_EXCEEDED: retained input, output or executor capacity
87748	1789237726184	2	608	admit-refused	authority refusal LIMIT_EXCEEDED: retained input, output or executor capacity
87962	1789237726398	0	816	admit-retried	succeeded after 4 refusals
87962	1789237726398	0	816	admitted	admit=2416ms
88025	1789237726461	0	819	admitted	admit=2081ms
88113	1789237726549	0	834	admitted	admit=150ms
88245	1789237726681	0	831	admit-refused	authority refusal LIMIT_EXCEEDED: aggregate admission capacity exhausted
88251	1789237726687	0	840	admitted	admit=137ms
88259	1789237726695	2	590	admit-ceiling	LIMIT_EXCEEDED: client unresolved admission ceiling
88337	1789237726773	2	608	admit-retried	succeeded after 2 refusals
88337	1789237726773	2	608	admitted	admit=905ms
88383	1789237726819	0	843	admit-refused	authority refusal LIMIT_EXCEEDED: aggregate admission capacity exhausted
88440	1789237726876	2	605	admit-retried	succeeded after 2 refusals
88440	1789237726876	2	605	admitted	admit=1141ms
88477	1789237726913	2	521	admit-ceiling	LIMIT_EXCEEDED: client unresolved admission ceiling
88497	1789237726933	0	822	admit-retried	succeeded after 4 refusals
88497	1789237726933	0	822	admitted	admit=2087ms
88522	1789237726958	0	846	admit-ceiling	LIMIT_EXCEEDED: client unresolved admission ceiling
88546	1789237726982	0	831	admit-refused	authority refusal LIMIT_EXCEEDED: aggregate admission capacity exhausted
88574	1789237727010	2	545	admit-refused	authority refusal LIMIT_EXCEEDED: retained input, output or executor capacity
88660	1789237727097	2	611	admit-refused	authority refusal LIMIT_EXCEEDED: retained input, output or executor capacity
88697	1789237727133	2	614	admit-refused	authority refusal LIMIT_EXCEEDED: retained input, output or executor capacity
88723	1789237727159	0	738	admit-refused	authority refusal LIMIT_EXCEEDED: aggregate admission capacity exhausted
88733	1789237727169	2	599	admit-refused	authority refusal LIMIT_EXCEEDED: retained input, output or executor capacity
88807	1789237727244	0	843	admit-retried	succeeded after 1 refusals
88807	1789237727244	0	843	admitted	admit=556ms
89101	1789237727537	0	837	admitted	admit=1075ms
89162	1789237727598	0	831	admit-refused	authority refusal LIMIT_EXCEEDED: aggregate admission capacity exhausted
89289	1789237727726	0	852	admitted	admit=188ms
89413	1789237727850	0	855	admit-refused	authority refusal LIMIT_EXCEEDED: aggregate admission capacity exhausted
89424	1789237727860	2	11	admit-ceiling	LIMIT_EXCEEDED: client unresolved admission ceiling
89446	1789237727882	2	26	admit-ceiling	LIMIT_EXCEEDED: client unresolved admission ceiling
89535	1789237727971	2	599	admit-ceiling	LIMIT_EXCEEDED: client unresolved admission ceiling
89623	1789237728059	2	491	admit-retried	succeeded after 8 refusals
89623	1789237728059	2	491	admitted	admit=18586ms
89643	1789237728079	0	855	admit-retried	succeeded after 1 refusals
89643	1789237728079	0	855	admitted	admit=352ms
89674	1789237728111	0	627	admit-refused	authority refusal LIMIT_EXCEEDED: aggregate admission capacity exhausted
89682	1789237728118	0	633	admit-ceiling	LIMIT_EXCEEDED: client unresolved admission ceiling
89809	1789237728245	0	753	admit-ceiling	LIMIT_EXCEEDED: client unresolved admission ceiling
89862	1789237728298	2	590	admit-ceiling	LIMIT_EXCEEDED: client unresolved admission ceiling
89886	1789237728323	2	614	admit-refused	authority refusal LIMIT_EXCEEDED: retained input, output or executor capacity
89904	1789237728340	2	611	admit-retried	succeeded after 1 refusals
89904	1789237728340	2	611	admitted	admit=1567ms
89916	1789237728352	2	617	admit-refused	authority refusal LIMIT_EXCEEDED: retained input, output or executor capacity
89964	1789237728401	0	831	admit-ceiling	LIMIT_EXCEEDED: client unresolved admission ceiling
90003	1789237728439	0	33	admit-ceiling	LIMIT_EXCEEDED: client unresolved admission ceiling
90021	1789237728457	2	35	admit-refused	authority refusal LIMIT_EXCEEDED: retained input, output or executor capacity
90035	1789237728471	2	620	admit-refused	authority refusal LIMIT_EXCEEDED: retained input, output or executor capacity
90105	1789237728541	2	617	admit-refused	authority refusal LIMIT_EXCEEDED: retained input, output or executor capacity
90266	1789237728702	0	501	admit-ceiling	LIMIT_EXCEEDED: client unresolved admission ceiling
90341	1789237728777	0	507	admit-ceiling	LIMIT_EXCEEDED: client unresolved admission ceiling
90428	1789237728864	2	614	admit-retried	succeeded after 2 refusals
90428	1789237728864	2	614	admitted	admit=1987ms
90437	1789237728873	0	858	admitted	admit=794ms
90469	1789237728905	0	732	admit-ceiling	LIMIT_EXCEEDED: client unresolved admission ceiling
90513	1789237728949	2	38	admit-ceiling	LIMIT_EXCEEDED: client unresolved admission ceiling
90603	1789237729039	0	861	admitted	admit=165ms
90667	1789237729103	2	617	admit-refused	authority refusal LIMIT_EXCEEDED: retained input, output or executor capacity
90674	1789237729111	0	450	admit-ceiling	LIMIT_EXCEEDED: client unresolved admission ceiling
90681	1789237729117	2	623	admit-refused	authority refusal LIMIT_EXCEEDED: retained input, output or executor capacity
90692	1789237729128	2	374	admit-refused	authority refusal LIMIT_EXCEEDED: retained input, output or executor capacity
90695	1789237729131	2	620	admit-retried	succeeded after 1 refusals
90695	1789237729131	2	620	admitted	admit=790ms
90774	1789237729210	2	626	admit-refused	authority refusal LIMIT_EXCEEDED: retained input, output or executor capacity
90824	1789237729260	0	864	admitted	admit=220ms
90944	1789237729380	0	636	admit-retried	succeeded after 10 refusals
90944	1789237729380	0	636	admitted	admit=28445ms
90971	1789237729407	0	744	admit-ceiling	LIMIT_EXCEEDED: client unresolved admission ceiling
91032	1789237729469	0	870	admit-refused	authority refusal LIMIT_EXCEEDED: aggregate admission capacity exhausted
91106	1789237729542	0	867	admit-refused	authority refusal LIMIT_EXCEEDED: aggregate admission capacity exhausted
91137	1789237729573	2	599	admit-ceiling	LIMIT_EXCEEDED: client unresolved admission ceiling
91299	1789237729735	2	623	admit-retried	succeeded after 1 refusals
91299	1789237729735	2	623	admitted	admit=871ms
91350	1789237729786	0	867	admit-retried	succeeded after 1 refusals
91350	1789237729786	0	867	admitted	admit=525ms
91389	1789237729825	2	626	admit-refused	authority refusal LIMIT_EXCEEDED: retained input, output or executor capacity
91408	1789237729845	2	434	admit-retried	succeeded after 10 refusals
91408	1789237729845	2	434	admitted	admit=29358ms
91449	1789237729885	2	629	admit-refused	authority refusal LIMIT_EXCEEDED: retained input, output or executor capacity
91490	1789237729926	2	632	admit-refused	authority refusal LIMIT_EXCEEDED: retained input, output or executor capacity
91516	1789237729952	0	870	admit-refused	authority refusal LIMIT_EXCEEDED: aggregate admission capacity exhausted
91591	1789237730028	2	632	admit-ceiling	LIMIT_EXCEEDED: client unresolved admission ceiling
91629	1789237730066	0	687	admit-ceiling	LIMIT_EXCEEDED: client unresolved admission ceiling
91670	1789237730107	2	437	admit-ceiling	LIMIT_EXCEEDED: client unresolved admission ceiling
91710	1789237730147	2	362	admit-refused	authority refusal LIMIT_EXCEEDED: retained input, output or executor capacity
91718	1789237730154	0	870	admit-ceiling	LIMIT_EXCEEDED: client unresolved admission ceiling
91721	1789237730157	2	629	admit-refused	authority refusal LIMIT_EXCEEDED: retained input, output or executor capacity
91734	1789237730170	2	617	admit-retried	succeeded after 3 refusals
91734	1789237730170	2	617	admitted	admit=2110ms
91761	1789237730197	0	831	admit-refused	authority refusal LIMIT_EXCEEDED: aggregate admission capacity exhausted
91789	1789237730225	2	626	admit-refused	authority refusal LIMIT_EXCEEDED: retained input, output or executor capacity
91923	1789237730359	2	635	admit-refused	authority refusal LIMIT_EXCEEDED: retained input, output or executor capacity
91947	1789237730383	2	632	admit-refused	authority refusal LIMIT_EXCEEDED: retained input, output or executor capacity
91978	1789237730414	2	416	admit-refused	authority refusal LIMIT_EXCEEDED: retained input, output or executor capacity
91988	1789237730424	2	629	admit-refused	authority refusal LIMIT_EXCEEDED: retained input, output or executor capacity
92066	1789237730502	0	846	admit-retried	succeeded after 1 refusals
92066	1789237730502	0	846	admitted	admit=3567ms
92096	1789237730532	0	873	admit-refused	authority refusal LIMIT_EXCEEDED: aggregate admission capacity exhausted
92137	1789237730573	0	849	admit-refused	authority refusal LIMIT_EXCEEDED: aggregate admission capacity exhausted
92185	1789237730621	0	876	admit-refused	authority refusal LIMIT_EXCEEDED: aggregate admission capacity exhausted
92211	1789237730648	0	870	admit-refused	authority refusal LIMIT_EXCEEDED: aggregate admission capacity exhausted
92285	1789237730721	0	873	admit-refused	authority refusal LIMIT_EXCEEDED: aggregate admission capacity exhausted
92319	1789237730755	0	849	admit-refused	authority refusal LIMIT_EXCEEDED: aggregate admission capacity exhausted
92343	1789237730779	2	635	admit-retried	succeeded after 1 refusals
92343	1789237730779	2	635	admitted	admit=608ms
92358	1789237730794	0	876	admit-refused	authority refusal LIMIT_EXCEEDED: aggregate admission capacity exhausted
92667	1789237731104	0	876	admit-refused	authority refusal LIMIT_EXCEEDED: aggregate admission capacity exhausted
92676	1789237731112	0	849	admit-retried	succeeded after 2 refusals
92676	1789237731112	0	849	admitted	admit=3868ms
92747	1789237731183	2	626	admit-retried	succeeded after 3 refusals
92747	1789237731183	2	626	admitted	admit=2051ms
92818	1789237731254	0	879	admitted	admit=141ms
92880	1789237731316	2	632	admit-retried	succeeded after 3 refusals
92880	1789237731316	2	632	admitted	admit=1470ms
92971	1789237731408	0	882	admit-refused	authority refusal LIMIT_EXCEEDED: aggregate admission capacity exhausted
93033	1789237731469	2	641	admit-refused	authority refusal LIMIT_EXCEEDED: retained input, output or executor capacity
93045	1789237731481	2	644	admit-refused	authority refusal LIMIT_EXCEEDED: retained input, output or executor capacity
93058	1789237731494	2	638	admitted	admit=714ms
93147	1789237731583	2	644	admit-ceiling	LIMIT_EXCEEDED: client unresolved admission ceiling
93219	1789237731656	0	876	admit-refused	authority refusal LIMIT_EXCEEDED: aggregate admission capacity exhausted
93225	1789237731661	0	870	admit-retried	succeeded after 4 refusals
93225	1789237731661	0	870	admitted	admit=2280ms
93227	1789237731663	2	629	admit-refused	authority refusal LIMIT_EXCEEDED: retained input, output or executor capacity
93237	1789237731674	2	647	admit-refused	authority refusal LIMIT_EXCEEDED: retained input, output or executor capacity
93252	1789237731688	0	882	admit-refused	authority refusal LIMIT_EXCEEDED: aggregate admission capacity exhausted
93254	1789237731690	2	590	admit-refused	authority refusal LIMIT_EXCEEDED: retained input, output or executor capacity
93264	1789237731700	2	641	admit-refused	authority refusal LIMIT_EXCEEDED: retained input, output or executor capacity
93535	1789237731971	0	882	admit-refused	authority refusal LIMIT_EXCEEDED: aggregate admission capacity exhausted
93544	1789237731980	0	873	admit-retried	succeeded after 2 refusals
93544	1789237731980	0	873	admitted	admit=2193ms
93576	1789237732013	2	545	admit-ceiling	LIMIT_EXCEEDED: client unresolved admission ceiling
93679	1789237732115	0	888	admit-refused	authority refusal LIMIT_EXCEEDED: aggregate admission capacity exhausted
93799	1789237732236	0	738	admit-refused	authority refusal LIMIT_EXCEEDED: aggregate admission capacity exhausted
93809	1789237732245	0	885	admitted	admit=583ms
93909	1789237732345	0	888	admit-refused	authority refusal LIMIT_EXCEEDED: aggregate admission capacity exhausted
94029	1789237732465	2	629	admit-ceiling	LIMIT_EXCEEDED: client unresolved admission ceiling
94074	1789237732510	0	882	admit-refused	authority refusal LIMIT_EXCEEDED: aggregate admission capacity exhausted
94120	1789237732556	0	876	admit-refused	authority refusal LIMIT_EXCEEDED: aggregate admission capacity exhausted
94286	1789237732722	0	888	admit-retried	succeeded after 2 refusals
94286	1789237732722	0	888	admitted	admit=741ms
94340	1789237732776	2	599	admit-ceiling	LIMIT_EXCEEDED: client unresolved admission ceiling
94382	1789237732818	0	894	admit-refused	authority refusal LIMIT_EXCEEDED: aggregate admission capacity exhausted
94426	1789237732862	2	11	admit-ceiling	LIMIT_EXCEEDED: client unresolved admission ceiling
94448	1789237732884	2	26	admit-ceiling	LIMIT_EXCEEDED: client unresolved admission ceiling
94588	1789237733024	0	894	admit-retried	succeeded after 1 refusals
94588	1789237733024	0	894	admitted	admit=301ms
94674	1789237733110	0	891	admit-refused	authority refusal LIMIT_EXCEEDED: aggregate admission capacity exhausted
94724	1789237733160	0	897	admit-refused	authority refusal LIMIT_EXCEEDED: aggregate admission capacity exhausted
94763	1789237733199	0	627	admit-refused	authority refusal LIMIT_EXCEEDED: aggregate admission capacity exhausted
94843	1789237733279	0	633	admit-refused	authority refusal LIMIT_EXCEEDED: aggregate admission capacity exhausted
94964	1789237733400	0	831	admit-ceiling	LIMIT_EXCEEDED: client unresolved admission ceiling
94965	1789237733401	0	891	admit-refused	authority refusal LIMIT_EXCEEDED: aggregate admission capacity exhausted
95000	1789237733436	0	897	admit-refused	authority refusal LIMIT_EXCEEDED: aggregate admission capacity exhausted
95023	1789237733459	2	35	admit-ceiling	LIMIT_EXCEEDED: client unresolved admission ceiling
95039	1789237733475	0	753	admit-refused	authority refusal LIMIT_EXCEEDED: aggregate admission capacity exhausted
95067	1789237733504	2	647	admit-retried	succeeded after 1 refusals
95067	1789237733504	2	647	admitted	admit=2009ms
95162	1789237733598	2	644	admit-retried	succeeded after 2 refusals
95162	1789237733598	2	644	admitted	admit=2281ms
95268	1789237733704	0	501	admit-ceiling	LIMIT_EXCEEDED: client unresolved admission ceiling
95269	1789237733705	0	33	admit-refused	authority refusal LIMIT_EXCEEDED: aggregate admission capacity exhausted
95293	1789237733729	2	641	admit-refused	authority refusal LIMIT_EXCEEDED: retained input, output or executor capacity
95303	1789237733739	2	521	admit-refused	authority refusal LIMIT_EXCEEDED: retained input, output or executor capacity
95313	1789237733750	2	650	admit-refused	authority refusal LIMIT_EXCEEDED: retained input, output or executor capacity
95324	1789237733760	2	653	admit-refused	authority refusal LIMIT_EXCEEDED: retained input, output or executor capacity
95447	1789237733883	0	507	admit-refused	authority refusal LIMIT_EXCEEDED: aggregate admission capacity exhausted
95464	1789237733900	0	891	admit-refused	authority refusal LIMIT_EXCEEDED: aggregate admission capacity exhausted
95592	1789237734028	0	732	admit-retried	succeeded after 8 refusals
95592	1789237734028	0	732	admitted	admit=20449ms
95622	1789237734058	0	897	admit-refused	authority refusal LIMIT_EXCEEDED: aggregate admission capacity exhausted
95693	1789237734129	2	374	admit-ceiling	LIMIT_EXCEEDED: client unresolved admission ceiling
95695	1789237734131	2	641	admit-ceiling	LIMIT_EXCEEDED: client unresolved admission ceiling
95865	1789237734301	0	891	admit-ceiling	LIMIT_EXCEEDED: client unresolved admission ceiling
95905	1789237734341	0	450	admit-retried	succeeded after 15 refusals
95905	1789237734341	0	450	admitted	admit=54507ms
95915	1789237734351	0	876	admit-refused	authority refusal LIMIT_EXCEEDED: aggregate admission capacity exhausted
96012	1789237734448	2	650	admit-refused	authority refusal LIMIT_EXCEEDED: retained input, output or executor capacity
96026	1789237734462	2	653	admit-refused	authority refusal LIMIT_EXCEEDED: retained input, output or executor capacity
96037	1789237734473	2	38	admit-refused	authority refusal LIMIT_EXCEEDED: retained input, output or executor capacity
96047	1789237734484	2	629	admit-refused	authority refusal LIMIT_EXCEEDED: retained input, output or executor capacity
96051	1789237734487	0	744	admit-refused	authority refusal LIMIT_EXCEEDED: aggregate admission capacity exhausted
96051	1789237734487	0	903	admitted	admit=145ms
96212	1789237734649	0	906	admit-refused	authority refusal LIMIT_EXCEEDED: aggregate admission capacity exhausted
96245	1789237734681	0	897	admit-refused	authority refusal LIMIT_EXCEEDED: aggregate admission capacity exhausted
96497	1789237734933	0	906	admit-retried	succeeded after 1 refusals
96497	1789237734933	0	906	admitted	admit=445ms
96570	1789237735006	0	900	admitted	admit=978ms
96621	1789237735057	0	909	admit-refused	authority refusal LIMIT_EXCEEDED: aggregate admission capacity exhausted
96711	1789237735148	2	362	admit-ceiling	LIMIT_EXCEEDED: client unresolved admission ceiling
96723	1789237735159	0	909	admit-ceiling	LIMIT_EXCEEDED: client unresolved admission ceiling
96903	1789237735339	0	912	admit-refused	authority refusal LIMIT_EXCEEDED: aggregate admission capacity exhausted
96935	1789237735371	0	891	admit-refused	authority refusal LIMIT_EXCEEDED: aggregate admission capacity exhausted
96979	1789237735415	2	416	admit-ceiling	LIMIT_EXCEEDED: client unresolved admission ceiling
97005	1789237735441	0	909	admit-refused	authority refusal LIMIT_EXCEEDED: aggregate admission capacity exhausted
97005	1789237735441	0	687	admit-retried	succeeded after 10 refusals
97005	1789237735441	0	687	admitted	admit=28487ms
97112	1789237735548	0	912	admit-refused	authority refusal LIMIT_EXCEEDED: aggregate admission capacity exhausted
97136	1789237735572	0	897	admit-refused	authority refusal LIMIT_EXCEEDED: aggregate admission capacity exhausted
97159	1789237735595	0	915	admit-refused	authority refusal LIMIT_EXCEEDED: aggregate admission capacity exhausted
97185	1789237735621	2	653	admit-retried	succeeded after 2 refusals
97185	1789237735621	2	653	admitted	admit=2022ms
97406	1789237735842	2	650	admit-retried	succeeded after 2 refusals
97406	1789237735842	2	650	admitted	admit=2337ms
97492	1789237735928	0	909	admit-refused	authority refusal LIMIT_EXCEEDED: aggregate admission capacity exhausted
97501	1789237735937	0	912	admit-retried	succeeded after 2 refusals
97501	1789237735937	0	912	admitted	admit=930ms
97590	1789237736026	2	641	admit-refused	authority refusal LIMIT_EXCEEDED: retained input, output or executor capacity
97601	1789237736037	2	659	admit-refused	authority refusal LIMIT_EXCEEDED: retained input, output or executor capacity
97604	1789237736040	2	437	admit-retried	succeeded after 11 refusals
97604	1789237736040	2	437	admitted	admit=35433ms
97661	1789237736098	2	662	admit-refused	authority refusal LIMIT_EXCEEDED: retained input, output or executor capacity
97752	1789237736188	0	918	admitted	admit=250ms
97852	1789237736288	2	659	admit-refused	authority refusal LIMIT_EXCEEDED: retained input, output or executor capacity
97863	1789237736299	2	662	admit-refused	authority refusal LIMIT_EXCEEDED: retained input, output or executor capacity
97871	1789237736307	2	656	admitted	admit=686ms
97975	1789237736411	0	921	admitted	admit=223ms
97984	1789237736420	2	665	admit-refused	authority refusal LIMIT_EXCEEDED: retained input, output or executor capacity
98207	1789237736643	0	915	admit-retried	succeeded after 1 refusals
98207	1789237736643	0	915	admitted	admit=1201ms
98314	1789237736751	0	924	admitted	admit=339ms
98393	1789237736829	0	909	admit-refused	authority refusal LIMIT_EXCEEDED: aggregate admission capacity exhausted
98430	1789237736866	0	930	admit-refused	authority refusal LIMIT_EXCEEDED: aggregate admission capacity exhausted
98524	1789237736960	2	659	admit-retried	succeeded after 2 refusals
98524	1789237736960	2	659	admitted	admit=1118ms
98544	1789237736980	0	927	admit-refused	authority refusal LIMIT_EXCEEDED: aggregate admission capacity exhausted
98578	1789237737014	2	545	admit-ceiling	LIMIT_EXCEEDED: client unresolved admission ceiling
98645	1789237737082	2	665	admit-refused	authority refusal LIMIT_EXCEEDED: retained input, output or executor capacity
98658	1789237737094	2	662	admit-retried	succeeded after 2 refusals
98658	1789237737094	2	662	admitted	admit=1053ms
98712	1789237737148	0	930	admit-retried	succeeded after 1 refusals
98712	1789237737148	0	930	admitted	admit=396ms
98714	1789237737150	2	668	admit-refused	authority refusal LIMIT_EXCEEDED: retained input, output or executor capacity
98738	1789237737174	0	897	admit-ceiling	LIMIT_EXCEEDED: client unresolved admission ceiling
98788	1789237737224	2	671	admit-refused	authority refusal LIMIT_EXCEEDED: retained input, output or executor capacity
98801	1789237737237	0	738	admit-ceiling	LIMIT_EXCEEDED: client unresolved admission ceiling
98818	1789237737254	0	933	admit-refused	authority refusal LIMIT_EXCEEDED: aggregate admission capacity exhausted
98992	1789237737428	2	590	admit-retried	succeeded after 7 refusals
98992	1789237737428	2	590	admitted	admit=13860ms
99012	1789237737449	0	927	admit-retried	succeeded after 1 refusals
99013	1789237737449	0	927	admitted	admit=804ms
99098	1789237737534	0	933	admit-refused	authority refusal LIMIT_EXCEEDED: aggregate admission capacity exhausted
99192	1789237737628	2	641	admit-ceiling	LIMIT_EXCEEDED: client unresolved admission ceiling
99205	1789237737641	0	936	admitted	admit=191ms
99249	1789237737685	2	629	admit-ceiling	LIMIT_EXCEEDED: client unresolved admission ceiling
99300	1789237737736	0	933	admit-ceiling	LIMIT_EXCEEDED: client unresolved admission ceiling
99320	1789237737756	0	876	admit-refused	authority refusal LIMIT_EXCEEDED: aggregate admission capacity exhausted
99341	1789237737777	2	599	admit-ceiling	LIMIT_EXCEEDED: client unresolved admission ceiling
99346	1789237737782	0	939	admit-refused	authority refusal LIMIT_EXCEEDED: aggregate admission capacity exhausted
99429	1789237737865	2	671	admit-retried	succeeded after 1 refusals
99429	1789237737865	2	671	admitted	admit=770ms
99431	1789237737868	2	668	admit-refused	authority refusal LIMIT_EXCEEDED: retained input, output or executor capacity
99455	1789237737891	2	26	admit-ceiling	LIMIT_EXCEEDED: client unresolved admission ceiling
99569	1789237738005	2	665	admit-refused	authority refusal LIMIT_EXCEEDED: retained input, output or executor capacity
99570	1789237738007	0	939	admit-refused	authority refusal LIMIT_EXCEEDED: aggregate admission capacity exhausted
99604	1789237738040	2	11	admit-refused	authority refusal LIMIT_EXCEEDED: retained input, output or executor capacity
99611	1789237738047	2	677	admit-refused	authority refusal LIMIT_EXCEEDED: retained input, output or executor capacity
99678	1789237738114	0	882	admit-retried	succeeded after 4 refusals
99678	1789237738114	0	882	admitted	admit=6859ms
99772	1789237738208	0	939	admit-ceiling	LIMIT_EXCEEDED: client unresolved admission ceiling
99809	1789237738245	2	674	admitted	admit=816ms
99815	1789237738251	0	933	admit-refused	authority refusal LIMIT_EXCEEDED: aggregate admission capacity exhausted
99856	1789237738293	0	942	admit-refused	authority refusal LIMIT_EXCEEDED: aggregate admission capacity exhausted
99909	1789237738345	0	627	admit-refused	authority refusal LIMIT_EXCEEDED: aggregate admission capacity exhausted
99938	1789237738374	0	633	admit-refused	authority refusal LIMIT_EXCEEDED: aggregate admission capacity exhausted
100025	1789237738461	2	35	admit-ceiling	LIMIT_EXCEEDED: client unresolved admission ceiling
100041	1789237738477	0	753	admit-ceiling	LIMIT_EXCEEDED: client unresolved admission ceiling
100106	1789237738542	0	891	admit-retried	succeeded after 5 refusals
100106	1789237738542	0	891	admitted	admit=6296ms
100106	1789237738542	0	909	admit-refused	authority refusal LIMIT_EXCEEDED: aggregate admission capacity exhausted
100156	1789237738592	0	942	admit-refused	authority refusal LIMIT_EXCEEDED: aggregate admission capacity exhausted
100206	1789237738643	0	945	admit-refused	authority refusal LIMIT_EXCEEDED: aggregate admission capacity exhausted
100239	1789237738675	0	939	admit-refused	authority refusal LIMIT_EXCEEDED: aggregate admission capacity exhausted
100282	1789237738718	0	831	admit-refused	authority refusal LIMIT_EXCEEDED: aggregate admission capacity exhausted
100301	1789237738737	2	668	admit-refused	authority refusal LIMIT_EXCEEDED: retained input, output or executor capacity
100324	1789237738760	2	680	admitted	admit=514ms
100331	1789237738767	2	665	admit-refused	authority refusal LIMIT_EXCEEDED: retained input, output or executor capacity
100379	1789237738816	2	677	admit-refused	authority refusal LIMIT_EXCEEDED: retained input, output or executor capacity
100400	1789237738836	2	521	admit-refused	authority refusal LIMIT_EXCEEDED: retained input, output or executor capacity
100425	1789237738861	2	683	admit-refused	authority refusal LIMIT_EXCEEDED: retained input, output or executor capacity
100429	1789237738865	0	945	admit-refused	authority refusal LIMIT_EXCEEDED: aggregate admission capacity exhausted
100457	1789237738893	0	942	admit-refused	authority refusal LIMIT_EXCEEDED: aggregate admission capacity exhausted
100494	1789237738931	0	33	admit-refused	authority refusal LIMIT_EXCEEDED: aggregate admission capacity exhausted
100520	1789237738956	0	507	admit-refused	authority refusal LIMIT_EXCEEDED: aggregate admission capacity exhausted
100527	1789237738963	0	501	admit-refused	authority refusal LIMIT_EXCEEDED: aggregate admission capacity exhausted
100705	1789237739141	0	933	admit-refused	authority refusal LIMIT_EXCEEDED: aggregate admission capacity exhausted
100792	1789237739228	0	945	admit-retried	succeeded after 2 refusals
100792	1789237739228	0	945	admitted	admit=686ms
100955	1789237739391	2	683	admit-retried	succeeded after 1 refusals
100955	1789237739391	2	683	admitted	admit=630ms
100962	1789237739398	0	948	admit-refused	authority refusal LIMIT_EXCEEDED: aggregate admission capacity exhausted
100991	1789237739427	0	942	admit-refused	authority refusal LIMIT_EXCEEDED: aggregate admission capacity exhausted
101039	1789237739475	2	38	admit-ceiling	LIMIT_EXCEEDED: client unresolved admission ceiling
101133	1789237739569	2	665	admit-ceiling	LIMIT_EXCEEDED: client unresolved admission ceiling
101203	1789237739640	0	948	admit-retried	succeeded after 1 refusals
101203	1789237739640	0	948	admitted	admit=410ms
101214	1789237739650	0	939	admit-refused	authority refusal LIMIT_EXCEEDED: aggregate admission capacity exhausted
101229	1789237739665	0	744	admit-refused	authority refusal LIMIT_EXCEEDED: aggregate admission capacity exhausted
101287	1789237739723	0	951	admit-refused	authority refusal LIMIT_EXCEEDED: aggregate admission capacity exhausted
101373	1789237739809	2	677	admit-retried	succeeded after 2 refusals
101373	1789237739809	2	677	admitted	admit=1943ms
101486	1789237739923	2	374	admit-retried	succeeded after 14 refusals
101486	1789237739923	2	374	admitted	admit=49415ms
101562	1789237739998	0	951	admit-retried	succeeded after 1 refusals
101562	1789237739998	0	951	admitted	admit=358ms
101597	1789237740033	2	668	admit-retried	succeeded after 3 refusals
101597	1789237740033	2	668	admitted	admit=3072ms
101713	1789237740149	2	362	admit-ceiling	LIMIT_EXCEEDED: client unresolved admission ceiling
101786	1789237740222	2	689	admit-refused	authority refusal LIMIT_EXCEEDED: retained input, output or executor capacity
101805	1789237740241	2	692	admit-refused	authority refusal LIMIT_EXCEEDED: retained input, output or executor capacity
101816	1789237740252	2	695	admit-refused	authority refusal LIMIT_EXCEEDED: retained input, output or executor capacity
101855	1789237740291	0	942	admit-refused	authority refusal LIMIT_EXCEEDED: aggregate admission capacity exhausted
101935	1789237740371	2	686	admit-refused	authority refusal LIMIT_EXCEEDED: retained input, output or executor capacity
102017	1789237740453	0	897	admit-refused	authority refusal LIMIT_EXCEEDED: aggregate admission capacity exhausted
102036	1789237740472	2	686	admit-ceiling	LIMIT_EXCEEDED: client unresolved admission ceiling
102059	1789237740495	2	689	admit-refused	authority refusal LIMIT_EXCEEDED: retained input, output or executor capacity
102067	1789237740503	2	692	admit-refused	authority refusal LIMIT_EXCEEDED: retained input, output or executor capacity
102077	1789237740513	2	695	admit-refused	authority refusal LIMIT_EXCEEDED: retained input, output or executor capacity
102170	1789237740606	2	416	admit-refused	authority refusal LIMIT_EXCEEDED: retained input, output or executor capacity
102394	1789237740830	2	641	admit-ceiling	LIMIT_EXCEEDED: client unresolved admission ceiling
102454	1789237740890	0	933	admit-refused	authority refusal LIMIT_EXCEEDED: aggregate admission capacity exhausted
102460	1789237740896	0	954	admitted	admit=897ms
102737	1789237741173	2	695	admit-retried	succeeded after 2 refusals
102737	1789237741173	2	695	admitted	admit=1139ms
102771	1789237741207	2	698	admit-ceiling	LIMIT_EXCEEDED: client unresolved admission ceiling
102819	1789237741256	2	689	admit-refused	authority refusal LIMIT_EXCEEDED: retained input, output or executor capacity
102842	1789237741278	2	686	admit-retried	succeeded after 2 refusals
102842	1789237741278	2	686	admitted	admit=1887ms
102911	1789237741347	2	692	admit-refused	authority refusal LIMIT_EXCEEDED: retained input, output or executor capacity
102938	1789237741375	2	665	admit-refused	authority refusal LIMIT_EXCEEDED: retained input, output or executor capacity
102949	1789237741385	2	701	admit-refused	authority refusal LIMIT_EXCEEDED: retained input, output or executor capacity
102952	1789237741388	0	957	admitted	admit=491ms
102965	1789237741402	2	698	admit-refused	authority refusal LIMIT_EXCEEDED: retained input, output or executor capacity
103098	1789237741534	0	960	admitted	admit=144ms
103197	1789237741633	0	963	admit-refused	authority refusal LIMIT_EXCEEDED: aggregate admission capacity exhausted
103473	1789237741909	2	701	admit-retried	succeeded after 1 refusals
103473	1789237741909	2	701	admitted	admit=630ms
103560	1789237741996	0	942	admit-retried	succeeded after 5 refusals
103560	1789237741996	0	942	admitted	admit=3881ms
103579	1789237742015	2	545	admit-ceiling	LIMIT_EXCEEDED: client unresolved admission ceiling
103788	1789237742224	0	909	admit-retried	succeeded after 6 refusals
103788	1789237742224	0	909	admitted	admit=7290ms
103814	1789237742250	0	738	admit-ceiling	LIMIT_EXCEEDED: client unresolved admission ceiling
103877	1789237742313	0	969	admit-refused	authority refusal LIMIT_EXCEEDED: aggregate admission capacity exhausted
103881	1789237742317	0	966	admitted	admit=321ms
104114	1789237742550	0	972	admit-refused	authority refusal LIMIT_EXCEEDED: aggregate admission capacity exhausted
104139	1789237742576	0	969	admit-refused	authority refusal LIMIT_EXCEEDED: aggregate admission capacity exhausted
104195	1789237742631	2	698	admit-retried	succeeded after 2 refusals
104195	1789237742631	2	698	admitted	admit=1457ms
104252	1789237742688	2	629	admit-ceiling	LIMIT_EXCEEDED: client unresolved admission ceiling
104334	1789237742771	2	689	admit-retried	succeeded after 3 refusals
104334	1789237742771	2	689	admitted	admit=2961ms
104341	1789237742777	0	969	admit-ceiling	LIMIT_EXCEEDED: client unresolved admission ceiling
104371	1789237742808	2	599	admit-ceiling	LIMIT_EXCEEDED: client unresolved admission ceiling
104391	1789237742827	2	692	admit-refused	authority refusal LIMIT_EXCEEDED: retained input, output or executor capacity
104393	1789237742829	0	972	admit-refused	authority refusal LIMIT_EXCEEDED: aggregate admission capacity exhausted
104484	1789237742920	2	707	admit-refused	authority refusal LIMIT_EXCEEDED: retained input, output or executor capacity
104517	1789237742953	0	876	admit-refused	authority refusal LIMIT_EXCEEDED: aggregate admission capacity exhausted
104606	1789237743042	2	11	admit-ceiling	LIMIT_EXCEEDED: client unresolved admission ceiling
104640	1789237743076	2	26	admit-refused	authority refusal LIMIT_EXCEEDED: retained input, output or executor capacity
104661	1789237743097	2	704	admitted	admit=1187ms
104689	1789237743125	2	707	admit-refused	authority refusal LIMIT_EXCEEDED: retained input, output or executor capacity
104755	1789237743191	0	972	admit-refused	authority refusal LIMIT_EXCEEDED: aggregate admission capacity exhausted
104803	1789237743239	2	710	admit-refused	authority refusal LIMIT_EXCEEDED: retained input, output or executor capacity
104940	1789237743376	0	633	admit-ceiling	LIMIT_EXCEEDED: client unresolved admission ceiling
104947	1789237743383	0	969	admit-refused	authority refusal LIMIT_EXCEEDED: aggregate admission capacity exhausted
105143	1789237743580	0	963	admit-refused	authority refusal LIMIT_EXCEEDED: aggregate admission capacity exhausted
105155	1789237743591	2	713	admitted	admit=494ms
105160	1789237743596	0	753	admit-retried	succeeded after 10 refusals
105160	1789237743596	0	753	admitted	admit=27721ms
105193	1789237743629	2	692	admit-ceiling	LIMIT_EXCEEDED: client unresolved admission ceiling
105223	1789237743659	2	35	admit-refused	authority refusal LIMIT_EXCEEDED: retained input, output or executor capacity
105284	1789237743720	0	831	admit-ceiling	LIMIT_EXCEEDED: client unresolved admission ceiling
105298	1789237743734	0	975	admit-refused	authority refusal LIMIT_EXCEEDED: aggregate admission capacity exhausted
105301	1789237743737	2	716	admit-refused	authority refusal LIMIT_EXCEEDED: retained input, output or executor capacity
105310	1789237743746	0	972	admit-refused	authority refusal LIMIT_EXCEEDED: aggregate admission capacity exhausted
105333	1789237743769	0	939	admit-refused	authority refusal LIMIT_EXCEEDED: aggregate admission capacity exhausted
105468	1789237743904	2	710	admit-refused	authority refusal LIMIT_EXCEEDED: retained input, output or executor capacity
105486	1789237743922	2	707	admit-retried	succeeded after 2 refusals
105486	1789237743922	2	707	admitted	admit=1290ms
105528	1789237743964	0	963	admit-retried	succeeded after 2 refusals
105528	1789237743964	0	963	admitted	admit=2429ms
105529	1789237743965	0	501	admit-ceiling	LIMIT_EXCEEDED: client unresolved admission ceiling
105563	1789237743999	0	975	admit-refused	authority refusal LIMIT_EXCEEDED: aggregate admission capacity exhausted
105609	1789237744045	0	507	admit-refused	authority refusal LIMIT_EXCEEDED: aggregate admission capacity exhausted
105634	1789237744070	0	978	admit-refused	authority refusal LIMIT_EXCEEDED: aggregate admission capacity exhausted
105748	1789237744184	0	969	admit-ceiling	LIMIT_EXCEEDED: client unresolved admission ceiling
105764	1789237744200	0	975	admit-ceiling	LIMIT_EXCEEDED: client unresolved admission ceiling
105787	1789237744223	2	716	admit-refused	authority refusal LIMIT_EXCEEDED: retained input, output or executor capacity
105802	1789237744238	2	710	admit-refused	authority refusal LIMIT_EXCEEDED: retained input, output or executor capacity
105805	1789237744241	2	521	admit-retried	succeeded after 10 refusals
105805	1789237744241	2	521	admitted	admit=30270ms
105813	1789237744249	2	719	admit-refused	authority refusal LIMIT_EXCEEDED: retained input, output or executor capacity
105876	1789237744312	0	933	admit-retried	succeeded after 6 refusals
105876	1789237744312	0	933	admitted	admit=7164ms
105878	1789237744314	0	978	admit-refused	authority refusal LIMIT_EXCEEDED: aggregate admission capacity exhausted
105971	1789237744407	2	722	admit-refused	authority refusal LIMIT_EXCEEDED: retained input, output or executor capacity
105973	1789237744409	0	981	admit-refused	authority refusal LIMIT_EXCEEDED: aggregate admission capacity exhausted
105991	1789237744428	2	719	admit-refused	authority refusal LIMIT_EXCEEDED: retained input, output or executor capacity
106028	1789237744464	2	716	admit-refused	authority refusal LIMIT_EXCEEDED: retained input, output or executor capacity
106112	1789237744549	0	972	admit-ceiling	LIMIT_EXCEEDED: client unresolved admission ceiling
106166	1789237744602	0	975	admit-ceiling	LIMIT_EXCEEDED: client unresolved admission ceiling
106204	1789237744640	2	710	admit-ceiling	LIMIT_EXCEEDED: client unresolved admission ceiling
106230	1789237744666	0	744	admit-ceiling	LIMIT_EXCEEDED: client unresolved admission ceiling
106379	1789237744815	2	38	admit-retried	succeeded after 25 refusals
106379	1789237744815	2	38	admitted	admit=105532ms
106430	1789237744866	2	716	admit-ceiling	LIMIT_EXCEEDED: client unresolved admission ceiling
106559	1789237744995	2	722	admit-retried	succeeded after 1 refusals
106559	1789237744995	2	722	admitted	admit=754ms
106573	1789237745009	2	725	admit-refused	authority refusal LIMIT_EXCEEDED: retained input, output or executor capacity
106661	1789237745097	2	665	admit-refused	authority refusal LIMIT_EXCEEDED: retained input, output or executor capacity
106717	1789237745153	2	728	admit-refused	authority refusal LIMIT_EXCEEDED: retained input, output or executor capacity
106771	1789237745207	2	725	admit-refused	authority refusal LIMIT_EXCEEDED: retained input, output or executor capacity
106783	1789237745219	2	719	admit-refused	authority refusal LIMIT_EXCEEDED: retained input, output or executor capacity
106911	1789237745347	2	362	admit-refused	authority refusal LIMIT_EXCEEDED: retained input, output or executor capacity
106968	1789237745404	0	975	admit-ceiling	LIMIT_EXCEEDED: client unresolved admission ceiling
107019	1789237745455	0	897	admit-ceiling	LIMIT_EXCEEDED: client unresolved admission ceiling
107052	1789237745488	0	981	admit-retried	succeeded after 1 refusals
107052	1789237745488	0	981	admitted	admit=1175ms
107171	1789237745607	2	416	admit-ceiling	LIMIT_EXCEEDED: client unresolved admission ceiling
107185	1789237745621	2	719	admit-ceiling	LIMIT_EXCEEDED: client unresolved admission ceiling
107232	1789237745668	2	716	admit-ceiling	LIMIT_EXCEEDED: client unresolved admission ceiling
107358	1789237745795	0	627	admit-retried	succeeded after 13 refusals
107358	1789237745795	0	627	admitted	admit=46295ms
107391	1789237745828	0	987	admit-ceiling	LIMIT_EXCEEDED: client unresolved admission ceiling
107396	1789237745832	2	641	admit-ceiling	LIMIT_EXCEEDED: client unresolved admission ceiling
107506	1789237745942	0	984	admitted	admit=453ms
107583	1789237746019	0	969	admit-retried	succeeded after 5 refusals
107583	1789237746019	0	969	admitted	admit=3794ms
107661	1789237746097	0	993	admit-ceiling	LIMIT_EXCEEDED: client unresolved admission ceiling
107697	1789237746133	0	33	admit-retried	succeeded after 25 refusals
107697	1789237746133	0	33	admitted	admit=107140ms
107727	1789237746163	0	972	admit-ceiling	LIMIT_EXCEEDED: client unresolved admission ceiling
107752	1789237746188	0	987	admit-refused	authority refusal LIMIT_EXCEEDED: aggregate admission capacity exhausted
107803	1789237746239	0	996	admit-refused	authority refusal LIMIT_EXCEEDED: aggregate admission capacity exhausted
107835	1789237746271	0	993	admit-refused	authority refusal LIMIT_EXCEEDED: aggregate admission capacity exhausted
107858	1789237746294	0	990	admit-refused	authority refusal LIMIT_EXCEEDED: aggregate admission capacity exhausted
107917	1789237746353	0	978	admit-refused	authority refusal LIMIT_EXCEEDED: aggregate admission capacity exhausted
107986	1789237746422	2	719	admit-ceiling	LIMIT_EXCEEDED: client unresolved admission ceiling
108018	1789237746454	0	996	admit-refused	authority refusal LIMIT_EXCEEDED: aggregate admission capacity exhausted
108029	1789237746465	2	692	admit-retried	succeeded after 5 refusals
108029	1789237746465	2	692	admitted	admit=6542ms
108086	1789237746522	0	990	admit-refused	authority refusal LIMIT_EXCEEDED: aggregate admission capacity exhausted
108124	1789237746560	2	728	admit-retried	succeeded after 1 refusals
108124	1789237746560	2	728	admitted	admit=1564ms
108278	1789237746714	2	725	admit-refused	authority refusal LIMIT_EXCEEDED: retained input, output or executor capacity
108289	1789237746725	2	710	admit-refused	authority refusal LIMIT_EXCEEDED: retained input, output or executor capacity
108297	1789237746733	0	996	admit-refused	authority refusal LIMIT_EXCEEDED: aggregate admission capacity exhausted
108299	1789237746735	2	731	admit-refused	authority refusal LIMIT_EXCEEDED: retained input, output or executor capacity
108301	1789237746737	0	993	admit-retried	succeeded after 2 refusals
108301	1789237746737	0	993	admitted	admit=717ms
108341	1789237746777	2	734	admit-refused	authority refusal LIMIT_EXCEEDED: retained input, output or executor capacity
108441	1789237746877	0	978	admit-refused	authority refusal LIMIT_EXCEEDED: aggregate admission capacity exhausted
108569	1789237747005	0	975	admit-ceiling	LIMIT_EXCEEDED: client unresolved admission ceiling
108606	1789237747042	0	987	admit-refused	authority refusal LIMIT_EXCEEDED: aggregate admission capacity exhausted
108711	1789237747147	0	939	admit-refused	authority refusal LIMIT_EXCEEDED: aggregate admission capacity exhausted
108830	1789237747266	0	996	admit-refused	authority refusal LIMIT_EXCEEDED: aggregate admission capacity exhausted
108834	1789237747270	2	716	admit-ceiling	LIMIT_EXCEEDED: client unresolved admission ceiling
108905	1789237747341	0	738	admit-refused	authority refusal LIMIT_EXCEEDED: aggregate admission capacity exhausted
109137	1789237747573	0	987	admit-retried	succeeded after 3 refusals
109137	1789237747573	0	987	admitted	admit=1778ms
109223	1789237747659	0	990	admit-refused	authority refusal LIMIT_EXCEEDED: aggregate admission capacity exhausted
109253	1789237747689	2	629	admit-ceiling	LIMIT_EXCEEDED: client unresolved admission ceiling
109318	1789237747754	2	731	admit-retried	succeeded after 1 refusals
109318	1789237747754	2	731	admitted	admit=1288ms
109319	1789237747756	0	978	admit-refused	authority refusal LIMIT_EXCEEDED: aggregate admission capacity exhausted
109345	1789237747781	0	1002	admit-refused	authority refusal LIMIT_EXCEEDED: aggregate admission capacity exhausted
109373	1789237747809	2	599	admit-ceiling	LIMIT_EXCEEDED: client unresolved admission ceiling
109558	1789237747994	0	1002	admit-retried	succeeded after 1 refusals
109558	1789237747994	0	1002	admitted	admit=421ms
109579	1789237748016	0	999	admit-refused	authority refusal LIMIT_EXCEEDED: aggregate admission capacity exhausted
109588	1789237748024	2	719	admit-ceiling	LIMIT_EXCEEDED: client unresolved admission ceiling
109608	1789237748044	2	11	admit-ceiling	LIMIT_EXCEEDED: client unresolved admission ceiling
109642	1789237748078	2	26	admit-ceiling	LIMIT_EXCEEDED: client unresolved admission ceiling
109681	1789237748117	0	999	admit-ceiling	LIMIT_EXCEEDED: client unresolved admission ceiling
109725	1789237748162	0	996	admit-refused	authority refusal LIMIT_EXCEEDED: aggregate admission capacity exhausted
109729	1789237748165	0	1005	admitted	admit=170ms
109784	1789237748220	2	545	admit-refused	authority refusal LIMIT_EXCEEDED: retained input, output or executor capacity
109794	1789237748230	2	725	admit-refused	authority refusal LIMIT_EXCEEDED: retained input, output or executor capacity
109802	1789237748238	2	734	admit-retried	succeeded after 1 refusals
109802	1789237748238	2	734	admitted	admit=1676ms
109804	1789237748241	2	737	admit-refused	authority refusal LIMIT_EXCEEDED: retained input, output or executor capacity
109833	1789237748269	0	1008	admit-refused	authority refusal LIMIT_EXCEEDED: aggregate admission capacity exhausted
109873	1789237748309	0	990	admit-refused	authority refusal LIMIT_EXCEEDED: aggregate admission capacity exhausted
109893	1789237748329	2	740	admit-refused	authority refusal LIMIT_EXCEEDED: retained input, output or executor capacity
109978	1789237748414	0	999	admit-refused	authority refusal LIMIT_EXCEEDED: aggregate admission capacity exhausted
110038	1789237748474	0	633	admit-refused	authority refusal LIMIT_EXCEEDED: aggregate admission capacity exhausted
110066	1789237748502	0	1008	admit-refused	authority refusal LIMIT_EXCEEDED: aggregate admission capacity exhausted
110240	1789237748677	2	710	admit-retried	succeeded after 5 refusals
110240	1789237748677	2	710	admitted	admit=5905ms
110291	1789237748727	0	876	admit-retried	succeeded after 8 refusals
110291	1789237748727	0	876	admitted	admit=18225ms
110358	1789237748794	2	737	admit-retried	succeeded after 1 refusals
110358	1789237748794	2	737	admitted	admit=1039ms
110482	1789237748918	2	35	admit-refused	authority refusal LIMIT_EXCEEDED: retained input, output or executor capacity
110489	1789237748925	2	743	admit-refused	authority refusal LIMIT_EXCEEDED: retained input, output or executor capacity
110528	1789237748964	0	999	admit-retried	succeeded after 3 refusals
110528	1789237748964	0	999	admitted	admit=2226ms
110531	1789237748967	2	746	admit-refused	authority refusal LIMIT_EXCEEDED: retained input, output or executor capacity
110556	1789237748992	0	501	admit-ceiling	LIMIT_EXCEEDED: client unresolved admission ceiling
110563	1789237748999	2	740	admit-refused	authority refusal LIMIT_EXCEEDED: retained input, output or executor capacity
110611	1789237749047	0	507	admit-ceiling	LIMIT_EXCEEDED: client unresolved admission ceiling
110679	1789237749115	0	1011	admitted	admit=387ms
110680	1789237749116	0	1014	admit-refused	authority refusal LIMIT_EXCEEDED: aggregate admission capacity exhausted
110772	1789237749208	0	831	admit-refused	authority refusal LIMIT_EXCEEDED: aggregate admission capacity exhausted
110867	1789237749303	0	1017	admitted	admit=187ms
110868	1789237749305	0	1014	admit-refused	authority refusal LIMIT_EXCEEDED: aggregate admission capacity exhausted
110929	1789237749365	0	972	admit-ceiling	LIMIT_EXCEEDED: client unresolved admission ceiling
111001	1789237749437	2	743	admit-retried	succeeded after 1 refusals
111001	1789237749437	2	743	admitted	admit=760ms
111007	1789237749443	0	978	admit-refused	authority refusal LIMIT_EXCEEDED: aggregate admission capacity exhausted
111084	1789237749520	0	1020	admit-refused	authority refusal LIMIT_EXCEEDED: aggregate admission capacity exhausted
111090	1789237749526	2	746	admit-refused	authority refusal LIMIT_EXCEEDED: retained input, output or executor capacity
111107	1789237749543	2	725	admit-retried	succeeded after 4 refusals
111107	1789237749543	2	725	admitted	admit=4727ms
111135	1789237749571	2	749	admit-refused	authority refusal LIMIT_EXCEEDED: retained input, output or executor capacity
111173	1789237749609	2	740	admit-refused	authority refusal LIMIT_EXCEEDED: retained input, output or executor capacity
111214	1789237749650	0	1014	admit-retried	succeeded after 2 refusals
111214	1789237749650	0	1014	admitted	admit=686ms
111250	1789237749686	0	744	admit-ceiling	LIMIT_EXCEEDED: client unresolved admission ceiling
111327	1789237749763	2	752	admit-refused	authority refusal LIMIT_EXCEEDED: retained input, output or executor capacity
111327	1789237749764	0	996	admit-ceiling	LIMIT_EXCEEDED: client unresolved admission ceiling
111335	1789237749771	2	749	admit-refused	authority refusal LIMIT_EXCEEDED: retained input, output or executor capacity
111357	1789237749794	0	1023	admit-refused	authority refusal LIMIT_EXCEEDED: aggregate admission capacity exhausted
111360	1789237749796	2	746	admit-refused	authority refusal LIMIT_EXCEEDED: retained input, output or executor capacity
111383	1789237749819	0	1020	admit-refused	authority refusal LIMIT_EXCEEDED: aggregate admission capacity exhausted
111529	1789237749965	2	752	admit-refused	authority refusal LIMIT_EXCEEDED: retained input, output or executor capacity
111544	1789237749980	0	1008	admit-refused	authority refusal LIMIT_EXCEEDED: aggregate admission capacity exhausted
111579	1789237750015	0	1023	admit-refused	authority refusal LIMIT_EXCEEDED: aggregate admission capacity exhausted
111663	1789237750099	0	1020	admit-refused	authority refusal LIMIT_EXCEEDED: aggregate admission capacity exhausted
111762	1789237750198	2	746	admit-ceiling	LIMIT_EXCEEDED: client unresolved admission ceiling
111840	1789237750276	2	749	admit-retried	succeeded after 2 refusals
111840	1789237750276	2	749	admitted	admit=838ms
111913	1789237750349	2	362	admit-ceiling	LIMIT_EXCEEDED: client unresolved admission ceiling
111936	1789237750372	2	752	admit-refused	authority refusal LIMIT_EXCEEDED: retained input, output or executor capacity
111950	1789237750387	2	665	admit-refused	authority refusal LIMIT_EXCEEDED: retained input, output or executor capacity
111958	1789237750394	2	740	admit-retried	succeeded after 3 refusals
111958	1789237750394	2	740	admitted	admit=2156ms
111963	1789237750400	0	975	admit-retried	succeeded after 6 refusals
111963	1789237750400	0	975	admitted	admit=6802ms
111966	1789237750402	2	755	admit-refused	authority refusal LIMIT_EXCEEDED: retained input, output or executor capacity
112065	1789237750501	0	1020	admit-ceiling	LIMIT_EXCEEDED: client unresolved admission ceiling
112092	1789237750529	0	897	admit-refused	authority refusal LIMIT_EXCEEDED: aggregate admission capacity exhausted
112107	1789237750543	2	758	admit-refused	authority refusal LIMIT_EXCEEDED: retained input, output or executor capacity
112117	1789237750553	2	716	admit-refused	authority refusal LIMIT_EXCEEDED: retained input, output or executor capacity
112128	1789237750564	2	755	admit-refused	authority refusal LIMIT_EXCEEDED: retained input, output or executor capacity
112145	1789237750581	0	1008	admit-refused	authority refusal LIMIT_EXCEEDED: aggregate admission capacity exhausted
112203	1789237750640	2	416	admit-refused	authority refusal LIMIT_EXCEEDED: retained input, output or executor capacity
112376	1789237750812	0	990	admit-retried	succeeded after 4 refusals
112376	1789237750812	0	990	admitted	admit=4869ms
112565	1789237751001	2	746	admit-ceiling	LIMIT_EXCEEDED: client unresolved admission ceiling
112701	1789237751137	2	752	admit-retried	succeeded after 3 refusals
112701	1789237751137	2	752	admitted	admit=1593ms
112779	1789237751215	2	755	admit-refused	authority refusal LIMIT_EXCEEDED: retained input, output or executor capacity
112793	1789237751229	2	758	admit-retried	succeeded after 1 refusals
112793	1789237751230	2	758	admitted	admit=835ms
112990	1789237751426	0	1020	admit-retried	succeeded after 4 refusals
112990	1789237751426	0	1020	admitted	admit=2122ms
112993	1789237751430	2	761	admit-refused	authority refusal LIMIT_EXCEEDED: retained input, output or executor capacity
113003	1789237751439	2	719	admit-refused	authority refusal LIMIT_EXCEEDED: retained input, output or executor capacity
113013	1789237751449	2	764	admit-refused	authority refusal LIMIT_EXCEEDED: retained input, output or executor capacity
113055	1789237751491	0	1008	admit-retried	succeeded after 4 refusals
113055	1789237751491	0	1008	admitted	admit=3325ms
113137	1789237751573	2	641	admit-refused	authority refusal LIMIT_EXCEEDED: retained input, output or executor capacity
113159	1789237751595	2	761	admit-refused	authority refusal LIMIT_EXCEEDED: retained input, output or executor capacity
113686	1789237752122	2	764	admit-retried	succeeded after 1 refusals
113686	1789237752122	2	764	admitted	admit=891ms
113775	1789237752211	0	1023	admit-retried	succeeded after 2 refusals
113775	1789237752211	0	1023	admitted	admit=2560ms
113822	1789237752259	0	939	admit-retried	succeeded after 7 refusals
113823	1789237752259	0	939	admitted	admit=14617ms
114051	1789237752487	0	738	admit-retried	succeeded after 12 refusals
114051	1789237752487	0	738	admitted	admit=37990ms
114090	1789237752527	2	761	admit-refused	authority refusal LIMIT_EXCEEDED: retained input, output or executor capacity
114113	1789237752550	2	755	admit-retried	succeeded after 3 refusals
114113	1789237752550	2	755	admitted	admit=2272ms
114246	1789237752682	2	770	admit-refused	authority refusal LIMIT_EXCEEDED: retained input, output or executor capacity
114263	1789237752699	2	746	admit-refused	authority refusal LIMIT_EXCEEDED: retained input, output or executor capacity
114337	1789237752774	0	978	admit-retried	succeeded after 6 refusals
114337	1789237752774	0	978	admitted	admit=8809ms
114492	1789237752929	2	761	admit-ceiling	LIMIT_EXCEEDED: client unresolved admission ceiling
114610	1789237753046	2	11	admit-ceiling	LIMIT_EXCEEDED: client unresolved admission ceiling
114622	1789237753058	2	767	admit-refused	authority refusal LIMIT_EXCEEDED: retained input, output or executor capacity
114632	1789237753068	2	629	admit-refused	authority refusal LIMIT_EXCEEDED: retained input, output or executor capacity
114643	1789237753079	2	770	admit-refused	authority refusal LIMIT_EXCEEDED: retained input, output or executor capacity
114655	1789237753091	2	599	admit-refused	authority refusal LIMIT_EXCEEDED: retained input, output or executor capacity
114880	1789237753316	0	996	admit-retried	succeeded after 6 refusals
114880	1789237753316	0	996	admitted	admit=7182ms
115203	1789237753639	0	633	admit-retried	succeeded after 15 refusals
115203	1789237753639	0	633	admitted	admit=52942ms
115223	1789237753659	2	26	admit-retried	succeeded after 27 refusals
115223	1789237753659	2	26	admitted	admit=114376ms
115319	1789237753755	2	767	admit-retried	succeeded after 1 refusals
115319	1789237753755	2	767	admitted	admit=1632ms
115327	1789237753764	2	545	admit-refused	authority refusal LIMIT_EXCEEDED: retained input, output or executor capacity
115397	1789237753834	2	773	admit-refused	authority refusal LIMIT_EXCEEDED: retained input, output or executor capacity
115499	1789237753935	2	773	admit-ceiling	LIMIT_EXCEEDED: client unresolved admission ceiling
115501	1789237753938	2	761	admit-refused	authority refusal LIMIT_EXCEEDED: retained input, output or executor capacity
115512	1789237753948	2	776	admit-refused	authority refusal LIMIT_EXCEEDED: retained input, output or executor capacity
115525	1789237753961	2	770	admit-refused	authority refusal LIMIT_EXCEEDED: retained input, output or executor capacity
115545	1789237753981	2	35	admit-refused	authority refusal LIMIT_EXCEEDED: retained input, output or executor capacity
115710	1789237754146	0	501	admit-retried	succeeded after 17 refusals
115710	1789237754146	0	501	admitted	admit=68548ms
115755	1789237754191	0	507	admit-retried	succeeded after 18 refusals
115755	1789237754191	0	507	admitted	admit=67836ms
115798	1789237754234	2	776	admit-refused	authority refusal LIMIT_EXCEEDED: retained input, output or executor capacity
115807	1789237754244	2	773	admit-refused	authority refusal LIMIT_EXCEEDED: retained input, output or executor capacity
116042	1789237754478	0	972	admit-retried	succeeded after 7 refusals
116042	1789237754478	0	972	admitted	admit=12160ms
116144	1789237754580	2	770	admit-retried	succeeded after 3 refusals
116144	1789237754580	2	770	admitted	admit=2029ms
116180	1789237754616	0	831	admit-retried	succeeded after 10 refusals
116180	1789237754616	0	831	admitted	admit=28928ms
116375	1789237754811	0	744	admit-retried	succeeded after 12 refusals
116375	1789237754811	0	744	admitted	admit=39878ms
116563	1789237754999	2	779	admitted	admit=419ms
116751	1789237755187	2	776	admit-retried	succeeded after 2 refusals
116751	1789237755187	2	776	admitted	admit=1431ms
116838	1789237755274	2	773	admit-retried	succeeded after 3 refusals
116838	1789237755274	2	773	admitted	admit=1614ms
116841	1789237755277	2	785	admit-refused	authority refusal LIMIT_EXCEEDED: retained input, output or executor capacity
116882	1789237755318	2	782	admit-refused	authority refusal LIMIT_EXCEEDED: retained input, output or executor capacity
116893	1789237755330	2	788	admit-refused	authority refusal LIMIT_EXCEEDED: retained input, output or executor capacity
116924	1789237755360	2	362	admit-refused	authority refusal LIMIT_EXCEEDED: retained input, output or executor capacity
116961	1789237755397	2	785	admit-refused	authority refusal LIMIT_EXCEEDED: retained input, output or executor capacity
116971	1789237755408	2	665	admit-refused	authority refusal LIMIT_EXCEEDED: retained input, output or executor capacity
116992	1789237755428	2	782	admit-refused	authority refusal LIMIT_EXCEEDED: retained input, output or executor capacity
117139	1789237755575	2	788	admit-refused	authority refusal LIMIT_EXCEEDED: retained input, output or executor capacity
117205	1789237755641	2	416	admit-ceiling	LIMIT_EXCEEDED: client unresolved admission ceiling
117255	1789237755691	2	761	admit-refused	authority refusal LIMIT_EXCEEDED: retained input, output or executor capacity
117270	1789237755706	2	716	admit-refused	authority refusal LIMIT_EXCEEDED: retained input, output or executor capacity
117290	1789237755726	2	785	admit-refused	authority refusal LIMIT_EXCEEDED: retained input, output or executor capacity
117300	1789237755736	2	782	admit-refused	authority refusal LIMIT_EXCEEDED: retained input, output or executor capacity
117932	1789237756368	2	788	admit-retried	succeeded after 2 refusals
117932	1789237756368	2	788	admitted	admit=1093ms
118004	1789237756440	2	719	admit-ceiling	LIMIT_EXCEEDED: client unresolved admission ceiling
118042	1789237756478	0	897	admit-retried	succeeded after 9 refusals
118042	1789237756478	0	897	admitted	admit=23453ms
118042	1789237756478	0	3	admit-refused	authority refusal LIMIT_EXCEEDED: metadata concurrency exhausted
118042	1789237756479	0	0	admit-refused	authority refusal LIMIT_EXCEEDED: metadata concurrency exhausted
118042	1789237756479	0	12	admit-refused	authority refusal LIMIT_EXCEEDED: metadata concurrency exhausted
118042	1789237756479	0	21	admit-refused	authority refusal LIMIT_EXCEEDED: metadata concurrency exhausted
118042	1789237756479	0	18	admit-refused	authority refusal LIMIT_EXCEEDED: metadata concurrency exhausted
118042	1789237756479	0	33	admit-refused	authority refusal LIMIT_EXCEEDED: metadata concurrency exhausted
118043	1789237756479	0	27	admit-refused	authority refusal LIMIT_EXCEEDED: metadata concurrency exhausted
118043	1789237756479	0	24	admit-refused	authority refusal LIMIT_EXCEEDED: metadata concurrency exhausted
118043	1789237756479	0	39	admit-refused	authority refusal LIMIT_EXCEEDED: metadata concurrency exhausted
118043	1789237756479	0	36	admit-refused	authority refusal LIMIT_EXCEEDED: metadata concurrency exhausted
118043	1789237756479	0	30	admit-refused	authority refusal LIMIT_EXCEEDED: metadata concurrency exhausted
118043	1789237756479	0	15	admit-refused	authority refusal LIMIT_EXCEEDED: metadata concurrency exhausted
118073	1789237756509	0	45	succeeded	attempt 1 watch=31ms
118109	1789237756545	0	42	succeeded	attempt 1 watch=66ms
118137	1789237756573	0	9	succeeded	attempt 1 watch=95ms
118139	1789237756575	2	641	admit-ceiling	LIMIT_EXCEEDED: client unresolved admission ceiling
118144	1789237756580	0	21	admit-refused	authority refusal LIMIT_EXCEEDED: metadata concurrency exhausted
118144	1789237756580	0	27	admit-refused	authority refusal LIMIT_EXCEEDED: metadata concurrency exhausted
118144	1789237756580	0	30	admit-refused	authority refusal LIMIT_EXCEEDED: metadata concurrency exhausted
118144	1789237756580	0	36	admit-refused	authority refusal LIMIT_EXCEEDED: metadata concurrency exhausted
118144	1789237756580	0	33	admit-refused	authority refusal LIMIT_EXCEEDED: metadata concurrency exhausted
118144	1789237756580	0	39	admit-refused	authority refusal LIMIT_EXCEEDED: metadata concurrency exhausted
118144	1789237756580	0	18	admit-refused	authority refusal LIMIT_EXCEEDED: metadata concurrency exhausted
118144	1789237756580	0	24	admit-refused	authority refusal LIMIT_EXCEEDED: metadata concurrency exhausted
118168	1789237756605	0	6	succeeded	attempt 1 watch=126ms
118277	1789237756713	0	15	succeeded	attempt 1 watch=235ms
118311	1789237756747	0	12	succeeded	attempt 1 watch=269ms
118337	1789237756774	0	0	succeeded	attempt 1 watch=295ms
118344	1789237756780	0	24	admit-refused	authority refusal LIMIT_EXCEEDED: metadata concurrency exhausted
118344	1789237756781	0	39	admit-refused	authority refusal LIMIT_EXCEEDED: metadata concurrency exhausted
118344	1789237756781	0	36	admit-refused	authority refusal LIMIT_EXCEEDED: metadata concurrency exhausted
118344	1789237756781	0	27	admit-refused	authority refusal LIMIT_EXCEEDED: metadata concurrency exhausted
118368	1789237756804	2	746	admit-retried	succeeded after 6 refusals
118368	1789237756804	2	746	admitted	admit=8010ms
118372	1789237756809	0	3	succeeded	attempt 1 watch=330ms
118471	1789237756908	2	785	admit-refused	authority refusal LIMIT_EXCEEDED: retained input, output or executor capacity
118526	1789237756962	0	18	succeeded	attempt 1 watch=484ms
118531	1789237756967	0	45	first-usable-output	
118531	1789237756967	0	45	chunk-verified	fetch=457ms
118558	1789237756994	0	30	succeeded	attempt 1 watch=516ms
118588	1789237757024	0	33	succeeded	attempt 1 watch=546ms
118614	1789237757051	0	21	succeeded	attempt 1 watch=572ms
118649	1789237757085	0	12	admit-refused	stalled read ordinal 12
118649	1789237757085	0	0	admit-refused	stalled read ordinal 0
118679	1789237757115	0	6	chunk-verified	fetch=510ms
118704	1789237757140	0	15	chunk-verified	fetch=426ms
118709	1789237757145	0	48	succeeded	attempt 1 watch=178ms
118835	1789237757271	0	51	succeeded	attempt 1 watch=155ms
118855	1789237757291	2	782	admit-retried	succeeded after 3 refusals
118855	1789237757291	2	782	admitted	admit=2291ms
118871	1789237757307	0	54	succeeded	attempt 1 watch=166ms
118916	1789237757352	0	3	chunk-verified	fetch=543ms
118942	1789237757378	0	27	succeeded	attempt 1 watch=900ms
118956	1789237757392	2	797	admit-refused	authority refusal LIMIT_EXCEEDED: retained input, output or executor capacity
118974	1789237757410	2	791	admitted	admit=1041ms
118978	1789237757415	0	39	succeeded	attempt 1 watch=936ms
119001	1789237757437	2	794	admit-refused	authority refusal LIMIT_EXCEEDED: retained input, output or executor capacity
119014	1789237757451	0	36	succeeded	attempt 1 watch=972ms
119022	1789237757458	2	800	admit-refused	authority refusal LIMIT_EXCEEDED: retained input, output or executor capacity
119045	1789237757481	0	24	succeeded	attempt 1 watch=1002ms
119046	1789237757482	0	33	admit-refused	stalled read ordinal 33
119046	1789237757482	0	21	admit-refused	stalled read ordinal 21
119068	1789237757504	2	797	admit-refused	authority refusal LIMIT_EXCEEDED: retained input, output or executor capacity
119111	1789237757547	0	48	admit-refused	stalled read ordinal 48
119142	1789237757578	0	57	succeeded	attempt 1 watch=226ms
119178	1789237757614	0	9	chunk-verified	fetch=1041ms
119261	1789237757697	0	51	admit-refused	stalled read ordinal 51
119261	1789237757698	0	54	admit-refused	stalled read ordinal 54
119270	1789237757707	0	0	chunk-verified	fetch=932ms
119283	1789237757720	2	794	admit-refused	authority refusal LIMIT_EXCEEDED: retained input, output or executor capacity
119297	1789237757734	0	27	admit-refused	stalled read ordinal 27
119299	1789237757736	2	800	admit-refused	authority refusal LIMIT_EXCEEDED: retained input, output or executor capacity
119323	1789237757759	0	12	chunk-verified	fetch=1011ms
119329	1789237757765	0	60	succeeded	attempt 1 watch=150ms
119330	1789237757766	0	36	admit-refused	stalled read ordinal 36
119330	1789237757766	0	24	admit-refused	stalled read ordinal 24
119332	1789237757768	2	797	admit-refused	authority refusal LIMIT_EXCEEDED: retained input, output or executor capacity
119356	1789237757792	0	63	succeeded	attempt 1 watch=85ms
119357	1789237757793	0	57	admit-refused	stalled read ordinal 57
119357	1789237757793	0	33	admit-refused	stalled read ordinal 33
119357	1789237757793	0	21	admit-refused	stalled read ordinal 21
119359	1789237757795	2	785	admit-refused	authority refusal LIMIT_EXCEEDED: retained input, output or executor capacity
119381	1789237757817	0	66	succeeded	attempt 1 watch=57ms
119411	1789237757847	0	48	admit-refused	stalled read ordinal 48
119472	1789237757909	0	60	admit-refused	stalled read ordinal 60
119473	1789237757909	0	63	admit-refused	stalled read ordinal 63
119473	1789237757910	0	51	admit-refused	stalled read ordinal 51
119474	1789237757910	0	54	admit-refused	stalled read ordinal 54
119474	1789237757910	0	66	admit-refused	stalled read ordinal 66
119474	1789237757910	0	27	admit-refused	stalled read ordinal 27
119475	1789237757911	0	36	admit-refused	stalled read ordinal 36
119475	1789237757911	0	24	admit-refused	stalled read ordinal 24
119475	1789237757911	0	57	admit-refused	stalled read ordinal 57
119561	1789237757997	0	21	admit-refused	stalled read ordinal 21
119561	1789237757997	0	33	admit-refused	stalled read ordinal 33
119575	1789237758011	0	63	admit-refused	stalled read ordinal 63
119576	1789237758012	0	60	admit-refused	stalled read ordinal 60
119576	1789237758012	0	66	admit-refused	stalled read ordinal 66
119613	1789237758049	0	48	admit-refused	stalled read ordinal 48
119657	1789237758093	2	599	admit-ceiling	LIMIT_EXCEEDED: client unresolved admission ceiling
119678	1789237758114	0	51	admit-refused	stalled read ordinal 51
119678	1789237758114	0	54	admit-refused	stalled read ordinal 54
119678	1789237758115	0	27	admit-refused	stalled read ordinal 27
119679	1789237758115	0	24	admit-refused	stalled read ordinal 24
119679	1789237758115	0	36	admit-refused	stalled read ordinal 36
119679	1789237758115	0	57	admit-refused	stalled read ordinal 57
119734	1789237758170	2	797	admit-ceiling	LIMIT_EXCEEDED: client unresolved admission ceiling
119779	1789237758215	0	63	admit-refused	stalled read ordinal 63
119779	1789237758215	0	66	admit-refused	stalled read ordinal 66
119779	1789237758215	0	60	admit-refused	stalled read ordinal 60
119873	1789237758309	0	18	chunk-verified	fetch=1347ms
119893	1789237758329	0	39	chunk-verified	fetch=914ms
119903	1789237758339	0	69	succeeded	attempt 1 watch=29ms
119934	1789237758370	0	72	succeeded	attempt 1 watch=41ms
119982	1789237758418	0	30	chunk-verified	fetch=1423ms
120012	1789237758448	0	75	succeeded	attempt 1 watch=30ms
120014	1789237758450	0	21	admit-refused	stalled read ordinal 21
120039	1789237758475	0	75	admit-refused	stalled read ordinal 75
120039	1789237758476	0	48	admit-refused	stalled read ordinal 48
120058	1789237758494	0	72	chunk-verified	fetch=124ms
120088	1789237758525	0	78	succeeded	attempt 1 watch=30ms
120116	1789237758552	0	24	admit-refused	stalled read ordinal 24
120116	1789237758552	0	27	admit-refused	stalled read ordinal 27
120116	1789237758553	0	54	admit-refused	stalled read ordinal 54
120117	1789237758553	0	36	admit-refused	stalled read ordinal 36
120117	1789237758553	0	57	admit-refused	stalled read ordinal 57
120117	1789237758553	0	78	admit-refused	stalled read ordinal 78
120147	1789237758583	0	51	chunk-verified	fetch=1312ms
120171	1789237758607	0	81	succeeded	attempt 1 watch=24ms
120177	1789237758613	0	33	chunk-verified	fetch=1588ms
120211	1789237758648	0	75	chunk-verified	fetch=199ms
120239	1789237758675	0	84	succeeded	attempt 1 watch=62ms
120254	1789237758690	0	69	chunk-verified	fetch=350ms
120270	1789237758706	0	87	succeeded	attempt 1 watch=58ms
120284	1789237758720	0	81	chunk-verified	fetch=112ms
120329	1789237758765	2	545	admit-ceiling	LIMIT_EXCEEDED: client unresolved admission ceiling
120329	1789237758766	0	90	succeeded	attempt 1 watch=75ms
120334	1789237758770	0	66	chunk-verified	fetch=953ms
120370	1789237758806	0	78	chunk-verified	fetch=281ms
120395	1789237758831	0	60	chunk-verified	fetch=1065ms
120395	1789237758831	0	93	succeeded	attempt 1 watch=110ms
120415	1789237758851	0	63	chunk-verified	fetch=1058ms
120436	1789237758872	0	84	chunk-verified	fetch=196ms
120457	1789237758893	2	761	admit-ceiling	LIMIT_EXCEEDED: client unresolved admission ceiling
120466	1789237758902	0	96	succeeded	attempt 1 watch=132ms
120477	1789237758913	0	42	chunk-verified	fetch=2367ms
120493	1789237758929	0	99	succeeded	attempt 1 watch=123ms
120536	1789237758972	2	797	admit-ceiling	LIMIT_EXCEEDED: client unresolved admission ceiling
120537	1789237758973	0	87	chunk-verified	fetch=267ms
120546	1789237758982	2	35	admit-ceiling	LIMIT_EXCEEDED: client unresolved admission ceiling
120557	1789237758993	0	102	succeeded	attempt 1 watch=162ms
120584	1789237759020	0	105	succeeded	attempt 1 watch=168ms
120610	1789237759046	0	108	succeeded	attempt 1 watch=173ms
120624	1789237759060	0	90	chunk-verified	fetch=294ms
120670	1789237759106	0	111	succeeded	attempt 1 watch=193ms
120681	1789237759117	2	11	admit-retried	succeeded after 28 refusals
120681	1789237759117	2	11	admitted	admit=119834ms
120732	1789237759168	0	114	succeeded	attempt 1 watch=195ms
120747	1789237759183	0	93	chunk-verified	fetch=352ms
120777	1789237759213	2	800	admit-refused	authority refusal LIMIT_EXCEEDED: retained input, output or executor capacity
120799	1789237759235	2	794	admit-retried	succeeded after 2 refusals
120799	1789237759235	2	794	admitted	admit=2430ms
120856	1789237759293	0	117	succeeded	attempt 1 watch=232ms
120887	1789237759323	0	96	chunk-verified	fetch=420ms
120923	1789237759359	0	99	chunk-verified	fetch=429ms
120953	1789237759389	0	120	succeeded	attempt 1 watch=205ms
120993	1789237759429	0	102	chunk-verified	fetch=436ms
121011	1789237759447	2	803	admit-refused	authority refusal LIMIT_EXCEEDED: retained input, output or executor capacity
121014	1789237759451	0	108	chunk-verified	fetch=404ms
121019	1789237759455	2	629	admit-retried	succeeded after 10 refusals
121019	1789237759455	0	123	succeeded	attempt 1 watch=131ms
121019	1789237759455	2	629	admitted	admit=29719ms
121044	1789237759480	0	111	chunk-verified	fetch=373ms
121054	1789237759490	0	126	succeeded	attempt 1 watch=131ms
121059	1789237759495	0	114	chunk-verified	fetch=326ms
121099	1789237759536	0	105	chunk-verified	fetch=515ms
121115	1789237759552	0	129	succeeded	attempt 1 watch=122ms
121125	1789237759561	0	21	chunk-verified	fetch=2510ms
121145	1789237759581	0	48	chunk-verified	fetch=2435ms
121149	1789237759585	0	132	succeeded	attempt 1 watch=134ms
121154	1789237759590	0	117	chunk-verified	fetch=297ms
121179	1789237759615	2	800	admit-ceiling	LIMIT_EXCEEDED: client unresolved admission ceiling
121185	1789237759621	0	24	chunk-verified	fetch=2140ms
121216	1789237759652	0	135	succeeded	attempt 1 watch=171ms
121220	1789237759656	0	27	chunk-verified	fetch=2278ms
121234	1789237759670	0	54	chunk-verified	fetch=2363ms
121275	1789237759711	0	36	chunk-verified	fetch=2260ms
121285	1789237759721	0	138	succeeded	attempt 1 watch=225ms
121299	1789237759735	0	57	chunk-verified	fetch=2156ms
121320	1789237759756	0	141	succeeded	attempt 1 watch=220ms
121325	1789237759761	0	120	chunk-verified	fetch=372ms
121367	1789237759803	0	144	succeeded	attempt 1 watch=241ms
121397	1789237759833	0	147	succeeded	attempt 1 watch=252ms
121434	1789237759870	0	150	succeeded	attempt 1 watch=279ms
121468	1789237759904	0	153	succeeded	attempt 1 watch=282ms
121473	1789237759910	0	123	chunk-verified	fetch=454ms
121529	1789237759965	0	156	succeeded	attempt 1 watch=308ms
121555	1789237759991	0	159	succeeded	attempt 1 watch=320ms
121579	1789237760015	0	162	succeeded	attempt 1 watch=304ms
121589	1789237760025	0	126	chunk-verified	fetch=534ms
121625	1789237760062	2	785	admit-retried	succeeded after 5 refusals
121625	1789237760062	2	785	admitted	admit=4873ms
121631	1789237760067	0	165	succeeded	attempt 1 watch=332ms
121687	1789237760123	0	168	succeeded	attempt 1 watch=362ms
121715	1789237760152	2	806	admit-refused	authority refusal LIMIT_EXCEEDED: retained input, output or executor capacity
121723	1789237760159	0	129	chunk-verified	fetch=607ms
121735	1789237760172	2	809	admit-refused	authority refusal LIMIT_EXCEEDED: retained input, output or executor capacity
121775	1789237760212	2	812	admit-refused	authority refusal LIMIT_EXCEEDED: retained input, output or executor capacity
121782	1789237760219	0	132	chunk-verified	fetch=633ms
121816	1789237760252	2	803	admit-refused	authority refusal LIMIT_EXCEEDED: retained input, output or executor capacity
121837	1789237760274	0	171	succeeded	attempt 1 watch=364ms
121881	1789237760317	0	135	chunk-verified	fetch=665ms
121948	1789237760385	0	174	succeeded	attempt 1 watch=359ms
121973	1789237760409	2	665	admit-ceiling	LIMIT_EXCEEDED: client unresolved admission ceiling
121981	1789237760417	2	800	admit-ceiling	LIMIT_EXCEEDED: client unresolved admission ceiling
121984	1789237760420	0	138	chunk-verified	fetch=699ms
122014	1789237760450	0	141	chunk-verified	fetch=693ms
122017	1789237760453	2	803	admit-ceiling	LIMIT_EXCEEDED: client unresolved admission ceiling
122045	1789237760481	0	177	succeeded	attempt 1 watch=321ms
122050	1789237760486	0	144	chunk-verified	fetch=683ms
122075	1789237760511	0	180	succeeded	attempt 1 watch=292ms
122085	1789237760521	0	147	chunk-verified	fetch=687ms
122105	1789237760541	0	150	chunk-verified	fetch=670ms
122124	1789237760560	0	153	chunk-verified	fetch=656ms
122138	1789237760574	2	797	admit-ceiling	LIMIT_EXCEEDED: client unresolved admission ceiling
122140	1789237760576	0	183	succeeded	attempt 1 watch=258ms
122144	1789237760580	0	156	chunk-verified	fetch=615ms
122179	1789237760615	0	162	chunk-verified	fetch=599ms
122193	1789237760630	0	159	chunk-verified	fetch=638ms
122206	1789237760642	2	416	admit-ceiling	LIMIT_EXCEEDED: client unresolved admission ceiling
122208	1789237760645	0	186	succeeded	attempt 1 watch=224ms
122213	1789237760649	0	165	chunk-verified	fetch=581ms
122243	1789237760679	0	189	succeeded	attempt 1 watch=229ms
122248	1789237760684	0	168	chunk-verified	fetch=561ms
122272	1789237760708	2	716	admit-ceiling	LIMIT_EXCEEDED: client unresolved admission ceiling
122294	1789237760730	0	192	succeeded	attempt 1 watch=244ms
122357	1789237760793	0	195	succeeded	attempt 1 watch=272ms
122385	1789237760821	0	198	succeeded	attempt 1 watch=280ms
122418	1789237760854	2	803	admit-ceiling	LIMIT_EXCEEDED: client unresolved admission ceiling
122419	1789237760855	0	201	succeeded	attempt 1 watch=295ms
122435	1789237760871	0	171	chunk-verified	fetch=597ms
122485	1789237760921	0	204	succeeded	attempt 1 watch=340ms
122512	1789237760948	0	207	succeeded	attempt 1 watch=332ms
122516	1789237760953	0	174	chunk-verified	fetch=567ms
122543	1789237760979	0	210	succeeded	attempt 1 watch=349ms
122593	1789237761029	0	213	succeeded	attempt 1 watch=380ms
122648	1789237761084	0	216	succeeded	attempt 1 watch=399ms
122688	1789237761124	0	177	chunk-verified	fetch=643ms
122716	1789237761152	0	180	chunk-verified	fetch=641ms
122801	1789237761237	2	812	admit-retried	succeeded after 1 refusals
122801	1789237761237	2	812	admitted	admit=1175ms
122818	1789237761254	0	219	succeeded	attempt 1 watch=382ms
122861	1789237761297	0	183	chunk-verified	fetch=721ms
122910	1789237761346	0	222	succeeded	attempt 1 watch=393ms
122936	1789237761372	2	809	admit-refused	authority refusal LIMIT_EXCEEDED: retained input, output or executor capacity
122960	1789237761396	2	806	admit-retried	succeeded after 1 refusals
122960	1789237761396	2	806	admitted	admit=2159ms
122983	1789237761419	0	186	chunk-verified	fetch=774ms
122991	1789237761427	2	362	admit-refused	authority refusal LIMIT_EXCEEDED: retained input, output or executor capacity
123018	1789237761454	0	189	chunk-verified	fetch=775ms
123031	1789237761467	2	815	admit-refused	authority refusal LIMIT_EXCEEDED: retained input, output or executor capacity
123044	1789237761480	0	225	succeeded	attempt 1 watch=356ms
123049	1789237761485	0	192	chunk-verified	fetch=754ms
123078	1789237761514	0	228	succeeded	attempt 1 watch=361ms
123083	1789237761519	0	195	chunk-verified	fetch=725ms
123116	1789237761552	0	198	chunk-verified	fetch=730ms
123130	1789237761566	0	201	chunk-verified	fetch=710ms
123141	1789237761577	2	641	admit-ceiling	LIMIT_EXCEEDED: client unresolved admission ceiling
123146	1789237761583	0	231	succeeded	attempt 1 watch=285ms
123151	1789237761587	0	204	chunk-verified	fetch=665ms
123182	1789237761618	0	207	chunk-verified	fetch=670ms
123210	1789237761646	0	234	succeeded	attempt 1 watch=227ms
123216	1789237761653	0	210	chunk-verified	fetch=673ms
123220	1789237761656	2	803	admit-ceiling	LIMIT_EXCEEDED: client unresolved admission ceiling
123237	1789237761673	0	213	chunk-verified	fetch=643ms
123248	1789237761684	0	237	succeeded	attempt 1 watch=229ms
123252	1789237761688	0	216	chunk-verified	fetch=603ms
123306	1789237761742	0	240	succeeded	attempt 1 watch=257ms
123350	1789237761786	0	243	succeeded	attempt 1 watch=266ms
123376	1789237761812	0	246	succeeded	attempt 1 watch=259ms
123381	1789237761817	0	219	chunk-verified	fetch=562ms
123406	1789237761843	0	249	succeeded	attempt 1 watch=276ms
123463	1789237761899	0	252	succeeded	attempt 1 watch=311ms
123489	1789237761925	0	255	succeeded	attempt 1 watch=307ms
123500	1789237761936	0	222	chunk-verified	fetch=589ms
123551	1789237761987	0	258	succeeded	attempt 1 watch=334ms
123572	1789237762008	0	261	succeeded	attempt 1 watch=335ms
123582	1789237762018	2	800	admit-ceiling	LIMIT_EXCEEDED: client unresolved admission ceiling
123633	1789237762069	0	264	succeeded	attempt 1 watch=380ms
123668	1789237762104	0	225	chunk-verified	fetch=624ms
123702	1789237762138	0	228	chunk-verified	fetch=623ms
123758	1789237762194	0	267	succeeded	attempt 1 watch=377ms
123829	1789237762265	0	231	chunk-verified	fetch=682ms
123870	1789237762306	0	270	succeeded	attempt 1 watch=370ms
123910	1789237762347	0	234	chunk-verified	fetch=700ms
123971	1789237762407	0	237	chunk-verified	fetch=723ms
123975	1789237762412	2	818	admitted	admit=1015ms
124000	1789237762436	0	273	succeeded	attempt 1 watch=331ms
124005	1789237762441	0	240	chunk-verified	fetch=698ms
124035	1789237762471	0	276	succeeded	attempt 1 watch=332ms
124039	1789237762475	0	243	chunk-verified	fetch=689ms
124079	1789237762515	0	246	chunk-verified	fetch=703ms
124083	1789237762519	2	719	admit-retried	succeeded after 8 refusals
124083	1789237762519	2	719	admitted	admit=18596ms
124103	1789237762539	0	279	succeeded	attempt 1 watch=273ms
124108	1789237762544	0	249	chunk-verified	fetch=701ms
124128	1789237762564	0	252	chunk-verified	fetch=665ms
124149	1789237762585	0	255	chunk-verified	fetch=659ms
124172	1789237762608	2	815	admit-refused	authority refusal LIMIT_EXCEEDED: retained input, output or executor capacity
124173	1789237762609	0	282	succeeded	attempt 1 watch=262ms
124179	1789237762615	0	258	chunk-verified	fetch=627ms
124186	1789237762622	2	809	admit-refused	authority refusal LIMIT_EXCEEDED: retained input, output or executor capacity
124196	1789237762633	2	821	admit-refused	authority refusal LIMIT_EXCEEDED: retained input, output or executor capacity
124209	1789237762646	0	285	succeeded	attempt 1 watch=238ms
124214	1789237762650	0	261	chunk-verified	fetch=642ms
124245	1789237762681	0	264	chunk-verified	fetch=612ms
124273	1789237762709	0	288	succeeded	attempt 1 watch=268ms
124321	1789237762757	0	291	succeeded	attempt 1 watch=281ms
124352	1789237762788	0	294	succeeded	attempt 1 watch=273ms
124357	1789237762793	0	267	chunk-verified	fetch=598ms
124408	1789237762844	0	297	succeeded	attempt 1 watch=299ms
124438	1789237762875	0	300	succeeded	attempt 1 watch=310ms
124469	1789237762905	0	303	succeeded	attempt 1 watch=320ms
124475	1789237762911	0	270	chunk-verified	fetch=604ms
124523	1789237762959	0	306	succeeded	attempt 1 watch=344ms
124566	1789237763002	0	309	succeeded	attempt 1 watch=351ms
124597	1789237763033	0	312	succeeded	attempt 1 watch=351ms
124607	1789237763043	0	273	chunk-verified	fetch=606ms
124659	1789237763096	2	599	admit-ceiling	LIMIT_EXCEEDED: client unresolved admission ceiling
124662	1789237763098	0	276	chunk-verified	fetch=627ms
124714	1789237763150	0	315	succeeded	attempt 1 watch=357ms
124751	1789237763187	0	279	chunk-verified	fetch=647ms
124822	1789237763258	2	803	admit-ceiling	LIMIT_EXCEEDED: client unresolved admission ceiling
124833	1789237763269	0	318	succeeded	attempt 1 watch=358ms
124869	1789237763305	0	282	chunk-verified	fetch=695ms
124904	1789237763341	0	285	chunk-verified	fetch=694ms
124960	1789237763396	0	321	succeeded	attempt 1 watch=353ms
124976	1789237763412	2	824	admitted	admit=892ms
124996	1789237763432	0	324	succeeded	attempt 1 watch=333ms
125000	1789237763437	0	288	chunk-verified	fetch=727ms
125036	1789237763472	0	291	chunk-verified	fetch=715ms
125050	1789237763486	0	294	chunk-verified	fetch=697ms
125066	1789237763502	0	327	succeeded	attempt 1 watch=315ms
125070	1789237763506	0	297	chunk-verified	fetch=662ms
125100	1789237763537	0	300	chunk-verified	fetch=661ms
125120	1789237763556	2	815	admit-refused	authority refusal LIMIT_EXCEEDED: retained input, output or executor capacity
125133	1789237763569	2	821	admit-retried	succeeded after 1 refusals
125133	1789237763569	0	330	succeeded	attempt 1 watch=263ms
125133	1789237763569	2	821	admitted	admit=1156ms
125137	1789237763573	0	306	chunk-verified	fetch=613ms
125163	1789237763599	0	333	succeeded	attempt 1 watch=258ms
125167	1789237763603	0	303	chunk-verified	fetch=697ms
125191	1789237763627	2	827	admit-refused	authority refusal LIMIT_EXCEEDED: retained input, output or executor capacity
125197	1789237763633	0	309	chunk-verified	fetch=631ms
125223	1789237763659	0	312	chunk-verified	fetch=625ms
125255	1789237763691	0	336	succeeded	attempt 1 watch=254ms
125286	1789237763722	0	339	succeeded	attempt 1 watch=249ms
125292	1789237763728	0	315	chunk-verified	fetch=577ms
125316	1789237763752	0	342	succeeded	attempt 1 watch=266ms
125340	1789237763776	2	797	admit-ceiling	LIMIT_EXCEEDED: client unresolved admission ceiling
125360	1789237763796	0	345	succeeded	attempt 1 watch=289ms
125385	1789237763821	0	348	succeeded	attempt 1 watch=284ms
125389	1789237763826	0	318	chunk-verified	fetch=556ms
125446	1789237763882	0	351	succeeded	attempt 1 watch=309ms
125459	1789237763896	2	761	admit-ceiling	LIMIT_EXCEEDED: client unresolved admission ceiling
125505	1789237763941	0	354	succeeded	attempt 1 watch=337ms
125509	1789237763945	2	809	admit-retried	succeeded after 3 refusals
125509	1789237763945	2	809	admitted	admit=4489ms
125542	1789237763979	0	357	succeeded	attempt 1 watch=345ms
125547	1789237763983	0	321	chunk-verified	fetch=586ms
125548	1789237763984	2	815	admit-ceiling	LIMIT_EXCEEDED: client unresolved admission ceiling
125548	1789237763984	2	35	admit-ceiling	LIMIT_EXCEEDED: client unresolved admission ceiling
125573	1789237764009	0	360	succeeded	attempt 1 watch=349ms
125613	1789237764049	0	324	chunk-verified	fetch=617ms
125658	1789237764094	0	363	succeeded	attempt 1 watch=366ms
125717	1789237764153	0	327	chunk-verified	fetch=651ms
125744	1789237764180	0	366	succeeded	attempt 1 watch=354ms
125785	1789237764221	0	330	chunk-verified	fetch=652ms
125805	1789237764241	0	333	chunk-verified	fetch=642ms
125857	1789237764294	0	369	succeeded	attempt 1 watch=310ms
125913	1789237764349	0	372	succeeded	attempt 1 watch=299ms
125919	1789237764355	0	336	chunk-verified	fetch=663ms
125950	1789237764386	2	830	admitted	admit=817ms
125955	1789237764391	0	339	chunk-verified	fetch=668ms
125982	1789237764418	0	375	succeeded	attempt 1 watch=265ms
125992	1789237764428	0	342	chunk-verified	fetch=675ms
126013	1789237764449	0	345	chunk-verified	fetch=652ms
126023	1789237764459	0	348	chunk-verified	fetch=637ms
126053	1789237764489	0	378	succeeded	attempt 1 watch=267ms
126057	1789237764493	0	351	chunk-verified	fetch=610ms
126082	1789237764518	0	381	succeeded	attempt 1 watch=276ms
126087	1789237764523	0	354	chunk-verified	fetch=581ms
126116	1789237764552	0	357	chunk-verified	fetch=573ms
126147	1789237764583	0	360	chunk-verified	fetch=573ms
126165	1789237764601	2	827	admit-refused	authority refusal LIMIT_EXCEEDED: retained input, output or executor capacity
126167	1789237764603	0	384	succeeded	attempt 1 watch=248ms
126192	1789237764628	2	545	admit-refused	authority refusal LIMIT_EXCEEDED: retained input, output or executor capacity
126194	1789237764630	0	387	succeeded	attempt 1 watch=239ms
126209	1789237764645	0	363	chunk-verified	fetch=551ms
126232	1789237764668	2	836	admit-refused	authority refusal LIMIT_EXCEEDED: retained input, output or executor capacity
126251	1789237764687	0	390	succeeded	attempt 1 watch=259ms
126282	1789237764719	0	393	succeeded	attempt 1 watch=269ms
126296	1789237764732	2	833	admit-refused	authority refusal LIMIT_EXCEEDED: retained input, output or executor capacity
126308	1789237764744	0	396	succeeded	attempt 1 watch=285ms
126318	1789237764754	0	366	chunk-verified	fetch=573ms
126365	1789237764801	0	399	succeeded	attempt 1 watch=308ms
126420	1789237764856	0	402	succeeded	attempt 1 watch=333ms
126442	1789237764878	0	405	succeeded	attempt 1 watch=325ms
126457	1789237764893	0	369	chunk-verified	fetch=599ms
126472	1789237764908	0	408	succeeded	attempt 1 watch=325ms
126478	1789237764914	0	372	chunk-verified	fetch=564ms
126557	1789237764993	0	411	succeeded	attempt 1 watch=347ms
126594	1789237765030	0	375	chunk-verified	fetch=612ms
126667	1789237765103	0	414	succeeded	attempt 1 watch=349ms
126706	1789237765142	0	378	chunk-verified	fetch=653ms
126741	1789237765178	0	381	chunk-verified	fetch=659ms
126784	1789237765220	0	417	succeeded	attempt 1 watch=326ms
126785	1789237765221	2	800	admit-ceiling	LIMIT_EXCEEDED: client unresolved admission ceiling
126823	1789237765259	0	420	succeeded	attempt 1 watch=345ms
126860	1789237765296	0	384	chunk-verified	fetch=692ms
126875	1789237765311	0	423	succeeded	attempt 1 watch=280ms
126884	1789237765321	0	387	chunk-verified	fetch=690ms
126905	1789237765341	0	390	chunk-verified	fetch=653ms
126931	1789237765367	0	393	chunk-verified	fetch=648ms
126945	1789237765382	0	426	succeeded	attempt 1 watch=239ms
126951	1789237765387	0	399	chunk-verified	fetch=585ms
126965	1789237765401	0	396	chunk-verified	fetch=656ms
126974	1789237765411	2	665	admit-ceiling	LIMIT_EXCEEDED: client unresolved admission ceiling
126981	1789237765417	0	429	succeeded	attempt 1 watch=239ms
126985	1789237765421	0	402	chunk-verified	fetch=564ms
127016	1789237765452	0	405	chunk-verified	fetch=574ms
127052	1789237765488	0	408	chunk-verified	fetch=579ms
127067	1789237765503	0	432	succeeded	attempt 1 watch=206ms
127077	1789237765513	0	411	chunk-verified	fetch=520ms
127118	1789237765554	0	435	succeeded	attempt 1 watch=233ms
127136	1789237765572	0	438	succeeded	attempt 1 watch=231ms
127162	1789237765598	0	441	succeeded	attempt 1 watch=230ms
127177	1789237765613	0	414	chunk-verified	fetch=509ms
127208	1789237765644	2	416	admit-ceiling	LIMIT_EXCEEDED: client unresolved admission ceiling
127208	1789237765644	0	444	succeeded	attempt 1 watch=257ms
127224	1789237765660	0	447	succeeded	attempt 1 watch=259ms
127258	1789237765694	0	450	succeeded	attempt 1 watch=273ms
127275	1789237765711	2	716	admit-ceiling	LIMIT_EXCEEDED: client unresolved admission ceiling
127285	1789237765721	0	453	succeeded	attempt 1 watch=268ms
127300	1789237765736	0	417	chunk-verified	fetch=516ms
127316	1789237765752	0	456	succeeded	attempt 1 watch=263ms
127325	1789237765762	0	420	chunk-verified	fetch=502ms
127363	1789237765799	0	459	succeeded	attempt 1 watch=286ms
127399	1789237765835	0	423	chunk-verified	fetch=524ms
127456	1789237765892	0	462	succeeded	attempt 1 watch=279ms
127496	1789237765932	0	426	chunk-verified	fetch=550ms
127548	1789237765985	0	429	chunk-verified	fetch=567ms
127590	1789237766026	0	465	succeeded	attempt 1 watch=289ms
127628	1789237766064	0	468	succeeded	attempt 1 watch=302ms
127658	1789237766094	0	432	chunk-verified	fetch=591ms
127695	1789237766131	0	471	succeeded	attempt 1 watch=295ms
127705	1789237766141	0	435	chunk-verified	fetch=586ms
127735	1789237766171	0	438	chunk-verified	fetch=599ms
127755	1789237766191	0	441	chunk-verified	fetch=593ms
127770	1789237766206	0	474	succeeded	attempt 1 watch=273ms
127776	1789237766212	0	444	chunk-verified	fetch=567ms
127805	1789237766242	0	477	succeeded	attempt 1 watch=256ms
127810	1789237766246	0	447	chunk-verified	fetch=585ms
127829	1789237766265	0	450	chunk-verified	fetch=570ms
127849	1789237766285	0	453	chunk-verified	fetch=564ms
127849	1789237766285	2	833	admit-retried	succeeded after 1 refusals
127849	1789237766285	2	833	admitted	admit=2339ms
127881	1789237766317	0	456	chunk-verified	fetch=565ms
127901	1789237766337	0	480	succeeded	attempt 1 watch=243ms
127937	1789237766373	0	459	chunk-verified	fetch=573ms
127967	1789237766403	0	483	succeeded	attempt 1 watch=262ms
127983	1789237766420	2	836	admit-retried	succeeded after 1 refusals
127984	1789237766420	2	836	admitted	admit=2033ms
127999	1789237766435	0	486	succeeded	attempt 1 watch=263ms
128002	1789237766438	2	815	admit-refused	authority refusal LIMIT_EXCEEDED: retained input, output or executor capacity
128003	1789237766440	0	462	chunk-verified	fetch=547ms
128017	1789237766453	2	827	admit-refused	authority refusal LIMIT_EXCEEDED: retained input, output or executor capacity
128030	1789237766466	0	489	succeeded	attempt 1 watch=274ms
128049	1789237766485	2	839	admit-refused	authority refusal LIMIT_EXCEEDED: retained input, output or executor capacity
128085	1789237766521	0	492	succeeded	attempt 1 watch=308ms
128107	1789237766543	2	842	admit-refused	authority refusal LIMIT_EXCEEDED: retained input, output or executor capacity
128118	1789237766554	2	362	admit-refused	authority refusal LIMIT_EXCEEDED: retained input, output or executor capacity
128128	1789237766564	2	803	admit-refused	authority refusal LIMIT_EXCEEDED: retained input, output or executor capacity
128141	1789237766577	0	495	succeeded	attempt 1 watch=331ms
128163	1789237766599	0	498	succeeded	attempt 1 watch=334ms
128195	1789237766631	0	501	succeeded	attempt 1 watch=345ms
128199	1789237766635	0	465	chunk-verified	fetch=608ms
128229	1789237766665	0	504	succeeded	attempt 1 watch=348ms
128236	1789237766672	0	468	chunk-verified	fetch=608ms
128289	1789237766725	0	507	succeeded	attempt 1 watch=351ms
128294	1789237766730	0	471	chunk-verified	fetch=599ms
128370	1789237766806	0	510	succeeded	attempt 1 watch=366ms
128421	1789237766857	0	474	chunk-verified	fetch=650ms
128451	1789237766887	0	477	chunk-verified	fetch=645ms
128503	1789237766939	0	513	succeeded	attempt 1 watch=303ms
128540	1789237766976	0	516	succeeded	attempt 1 watch=304ms
128572	1789237767008	0	480	chunk-verified	fetch=670ms
128596	1789237767033	0	519	succeeded	attempt 1 watch=302ms
128633	1789237767069	0	483	chunk-verified	fetch=665ms
128664	1789237767100	0	522	succeeded	attempt 1 watch=242ms
128669	1789237767105	0	489	chunk-verified	fetch=638ms
128694	1789237767130	0	486	chunk-verified	fetch=694ms
128699	1789237767135	0	525	succeeded	attempt 1 watch=247ms
128713	1789237767149	0	495	chunk-verified	fetch=571ms
128738	1789237767174	0	498	chunk-verified	fetch=574ms
128759	1789237767195	0	501	chunk-verified	fetch=563ms
128783	1789237767219	0	504	chunk-verified	fetch=553ms
128788	1789237767224	0	528	succeeded	attempt 1 watch=216ms
128808	1789237767244	0	507	chunk-verified	fetch=518ms
128843	1789237767279	0	492	chunk-verified	fetch=757ms
128858	1789237767294	0	531	succeeded	attempt 1 watch=224ms
128864	1789237767300	0	510	chunk-verified	fetch=493ms
128915	1789237767352	0	534	succeeded	attempt 1 watch=246ms
128950	1789237767386	0	537	succeeded	attempt 1 watch=256ms
128991	1789237767428	0	540	succeeded	attempt 1 watch=278ms
129027	1789237767463	0	543	succeeded	attempt 1 watch=289ms
129032	1789237767468	0	513	chunk-verified	fetch=528ms
129061	1789237767497	0	546	succeeded	attempt 1 watch=302ms
129067	1789237767503	0	516	chunk-verified	fetch=526ms
129091	1789237767527	0	549	succeeded	attempt 1 watch=308ms
129128	1789237767564	2	641	admit-retried	succeeded after 11 refusals
129128	1789237767564	2	641	admitted	admit=36380ms
129158	1789237767594	0	552	succeeded	attempt 1 watch=350ms
129191	1789237767627	0	555	succeeded	attempt 1 watch=348ms
129197	1789237767633	0	519	chunk-verified	fetch=600ms
129215	1789237767651	2	842	admit-refused	authority refusal LIMIT_EXCEEDED: retained input, output or executor capacity
129238	1789237767674	2	839	admit-retried	succeeded after 1 refusals
129238	1789237767674	2	839	admitted	admit=1388ms
129264	1789237767700	0	558	succeeded	attempt 1 watch=400ms
129305	1789237767741	0	522	chunk-verified	fetch=641ms
129319	1789237767755	2	845	admit-refused	authority refusal LIMIT_EXCEEDED: retained input, output or executor capacity
129361	1789237767797	0	525	chunk-verified	fetch=662ms
129401	1789237767837	0	561	succeeded	attempt 1 watch=369ms
129453	1789237767889	0	564	succeeded	attempt 1 watch=386ms
129520	1789237767957	0	528	chunk-verified	fetch=732ms
129571	1789237768007	0	567	succeeded	attempt 1 watch=374ms
129606	1789237768042	0	531	chunk-verified	fetch=748ms
129632	1789237768069	0	570	succeeded	attempt 1 watch=327ms
129637	1789237768073	2	827	admit-retried	succeeded after 3 refusals
129637	1789237768073	2	827	admitted	admit=4661ms
129643	1789237768079	0	534	chunk-verified	fetch=727ms
129668	1789237768104	0	573	succeeded	attempt 1 watch=306ms
129674	1789237768110	0	537	chunk-verified	fetch=723ms
129674	1789237768110	2	851	admit-ceiling	LIMIT_EXCEEDED: client unresolved admission ceiling
129675	1789237768111	2	599	admit-ceiling	LIMIT_EXCEEDED: client unresolved admission ceiling
129699	1789237768135	0	540	chunk-verified	fetch=707ms
129719	1789237768156	0	543	chunk-verified	fetch=692ms
129740	1789237768176	0	546	chunk-verified	fetch=678ms
129770	1789237768206	0	576	succeeded	attempt 1 watch=249ms
129774	1789237768210	0	549	chunk-verified	fetch=683ms
129776	1789237768212	2	851	admit-ceiling	LIMIT_EXCEEDED: client unresolved admission ceiling
129795	1789237768231	0	552	chunk-verified	fetch=636ms
129810	1789237768246	0	555	chunk-verified	fetch=618ms
129836	1789237768272	0	579	succeeded	attempt 1 watch=230ms
129846	1789237768282	0	558	chunk-verified	fetch=582ms
129882	1789237768319	0	582	succeeded	attempt 1 watch=239ms
129914	1789237768350	0	585	succeeded	attempt 1 watch=240ms
129930	1789237768366	0	588	succeeded	attempt 1 watch=230ms
129965	1789237768402	0	591	succeeded	attempt 1 watch=246ms
129970	1789237768406	0	561	chunk-verified	fetch=568ms
129978	1789237768414	2	851	admit-ceiling	LIMIT_EXCEEDED: client unresolved admission ceiling
129997	1789237768433	0	594	succeeded	attempt 1 watch=256ms
130007	1789237768443	0	564	chunk-verified	fetch=553ms
130049	1789237768486	0	597	succeeded	attempt 1 watch=275ms
130070	1789237768506	0	600	succeeded	attempt 1 watch=275ms
130101	1789237768537	0	603	succeeded	attempt 1 watch=290ms
130107	1789237768543	0	567	chunk-verified	fetch=535ms
130167	1789237768603	0	606	succeeded	attempt 1 watch=320ms
130208	1789237768645	0	570	chunk-verified	fetch=576ms
130218	1789237768654	2	848	admitted	admit=980ms
130225	1789237768661	2	842	admit-refused	authority refusal LIMIT_EXCEEDED: retained input, output or executor capacity
130238	1789237768674	0	573	chunk-verified	fetch=570ms
130276	1789237768713	2	815	admit-refused	authority refusal LIMIT_EXCEEDED: retained input, output or executor capacity
130302	1789237768738	2	845	admit-refused	authority refusal LIMIT_EXCEEDED: retained input, output or executor capacity
130324	1789237768760	0	609	succeeded	attempt 1 watch=354ms
130327	1789237768763	2	854	admit-refused	authority refusal LIMIT_EXCEEDED: retained input, output or executor capacity
130377	1789237768813	0	612	succeeded	attempt 1 watch=369ms
130424	1789237768860	0	576	chunk-verified	fetch=654ms
130504	1789237768940	2	845	admit-ceiling	LIMIT_EXCEEDED: client unresolved admission ceiling
130514	1789237768950	0	615	succeeded	attempt 1 watch=407ms
130550	1789237768986	2	35	admit-ceiling	LIMIT_EXCEEDED: client unresolved admission ceiling
130557	1789237768993	0	579	chunk-verified	fetch=720ms
130573	1789237769009	0	618	succeeded	attempt 1 watch=364ms
130577	1789237769013	0	582	chunk-verified	fetch=694ms
130602	1789237769038	0	621	succeeded	attempt 1 watch=364ms
130613	1789237769049	0	585	chunk-verified	fetch=698ms
130627	1789237769063	2	842	admit-ceiling	LIMIT_EXCEEDED: client unresolved admission ceiling
130640	1789237769076	0	588	chunk-verified	fetch=709ms
130659	1789237769095	0	591	chunk-verified	fetch=693ms
130675	1789237769111	0	594	chunk-verified	fetch=678ms
130706	1789237769142	0	624	succeeded	attempt 1 watch=281ms
130712	1789237769148	0	597	chunk-verified	fetch=662ms
130742	1789237769178	0	600	chunk-verified	fetch=671ms
130756	1789237769193	0	603	chunk-verified	fetch=655ms
130772	1789237769208	0	627	succeeded	attempt 1 watch=215ms
130778	1789237769214	0	606	chunk-verified	fetch=610ms
130825	1789237769261	0	630	succeeded	attempt 1 watch=248ms
130886	1789237769322	0	633	succeeded	attempt 1 watch=272ms
130906	1789237769342	2	845	admit-ceiling	LIMIT_EXCEEDED: client unresolved admission ceiling
130916	1789237769352	0	636	succeeded	attempt 1 watch=276ms
130926	1789237769362	0	609	chunk-verified	fetch=602ms
130953	1789237769389	0	639	succeeded	attempt 1 watch=293ms
130983	1789237769419	0	642	succeeded	attempt 1 watch=308ms
130993	1789237769430	0	612	chunk-verified	fetch=616ms
131053	1789237769489	0	645	succeeded	attempt 1 watch=341ms
131075	1789237769511	2	797	admit-retried	succeeded after 7 refusals
131075	1789237769511	2	797	admitted	admit=12219ms
131080	1789237769516	0	648	succeeded	attempt 1 watch=338ms
131090	1789237769526	0	615	chunk-verified	fetch=575ms
131116	1789237769552	0	651	succeeded	attempt 1 watch=359ms
131161	1789237769597	2	854	admit-refused	authority refusal LIMIT_EXCEEDED: retained input, output or executor capacity
131162	1789237769598	0	654	succeeded	attempt 1 watch=384ms
131178	1789237769614	2	851	admit-retried	succeeded after 3 refusals
131178	1789237769614	2	851	admitted	admit=1540ms
131202	1789237769638	0	618	chunk-verified	fetch=629ms
131229	1789237769665	0	621	chunk-verified	fetch=626ms
131267	1789237769704	0	657	succeeded	attempt 1 watch=341ms
131322	1789237769758	0	660	succeeded	attempt 1 watch=328ms
131359	1789237769795	0	624	chunk-verified	fetch=653ms
131362	1789237769799	2	854	admit-ceiling	LIMIT_EXCEEDED: client unresolved admission ceiling
131367	1789237769803	2	761	admit-refused	authority refusal LIMIT_EXCEEDED: retained input, output or executor capacity
131377	1789237769813	2	857	admit-refused	authority refusal LIMIT_EXCEEDED: retained input, output or executor capacity
131417	1789237769853	0	663	succeeded	attempt 1 watch=327ms
131479	1789237769915	0	627	chunk-verified	fetch=706ms
131504	1789237769940	0	666	succeeded	attempt 1 watch=301ms
131509	1789237769946	0	630	chunk-verified	fetch=684ms
131537	1789237769973	0	669	succeeded	attempt 1 watch=307ms
131572	1789237770008	0	633	chunk-verified	fetch=686ms
131597	1789237770033	0	636	chunk-verified	fetch=680ms
131618	1789237770054	0	639	chunk-verified	fetch=664ms
131632	1789237770068	0	672	succeeded	attempt 1 watch=273ms
131642	1789237770078	0	642	chunk-verified	fetch=658ms
131663	1789237770099	0	645	chunk-verified	fetch=610ms
131682	1789237770118	0	648	chunk-verified	fetch=601ms
131704	1789237770140	0	675	succeeded	attempt 1 watch=224ms
131708	1789237770144	2	845	admit-ceiling	LIMIT_EXCEEDED: client unresolved admission ceiling
131709	1789237770145	0	651	chunk-verified	fetch=593ms
131725	1789237770161	0	654	chunk-verified	fetch=563ms
131764	1789237770201	2	854	admit-ceiling	LIMIT_EXCEEDED: client unresolved admission ceiling
131766	1789237770202	0	678	succeeded	attempt 1 watch=256ms
131786	1789237770223	2	800	admit-ceiling	LIMIT_EXCEEDED: client unresolved admission ceiling
131817	1789237770253	0	681	succeeded	attempt 1 watch=245ms
131823	1789237770259	0	657	chunk-verified	fetch=555ms
131844	1789237770280	0	684	succeeded	attempt 1 watch=246ms
131875	1789237770311	0	687	succeeded	attempt 1 watch=257ms
131880	1789237770316	0	660	chunk-verified	fetch=558ms
131922	1789237770358	0	690	succeeded	attempt 1 watch=279ms
131948	1789237770384	0	693	succeeded	attempt 1 watch=285ms
131976	1789237770412	2	665	admit-ceiling	LIMIT_EXCEEDED: client unresolved admission ceiling
131980	1789237770416	0	696	succeeded	attempt 1 watch=297ms
131994	1789237770430	0	663	chunk-verified	fetch=577ms
132036	1789237770472	0	699	succeeded	attempt 1 watch=326ms
132061	1789237770497	0	702	succeeded	attempt 1 watch=335ms
132101	1789237770538	0	666	chunk-verified	fetch=597ms
132132	1789237770568	0	669	chunk-verified	fetch=594ms
132157	1789237770593	0	705	succeeded	attempt 1 watch=334ms
132168	1789237770604	2	860	admitted	admit=989ms
132211	1789237770647	2	416	admit-ceiling	LIMIT_EXCEEDED: client unresolved admission ceiling
132250	1789237770686	0	708	succeeded	attempt 1 watch=369ms
132270	1789237770707	2	545	admit-retried	succeeded after 14 refusals
132270	1789237770707	2	545	admitted	admit=52881ms
132291	1789237770728	0	672	chunk-verified	fetch=659ms
132309	1789237770745	2	716	admit-ceiling	LIMIT_EXCEEDED: client unresolved admission ceiling
132356	1789237770792	0	711	succeeded	attempt 1 watch=362ms
132397	1789237770833	0	675	chunk-verified	fetch=693ms
132449	1789237770885	0	714	succeeded	attempt 1 watch=347ms
132463	1789237770899	0	678	chunk-verified	fetch=697ms
132467	1789237770903	2	842	admit-refused	authority refusal LIMIT_EXCEEDED: retained input, output or executor capacity
132476	1789237770912	2	857	admit-refused	authority refusal LIMIT_EXCEEDED: retained input, output or executor capacity
132478	1789237770915	0	717	succeeded	attempt 1 watch=346ms
132483	1789237770919	0	681	chunk-verified	fetch=665ms
132491	1789237770927	2	863	admit-refused	authority refusal LIMIT_EXCEEDED: retained input, output or executor capacity
132502	1789237770938	2	866	admit-refused	authority refusal LIMIT_EXCEEDED: retained input, output or executor capacity
132555	1789237770991	0	684	chunk-verified	fetch=711ms
132575	1789237771011	0	687	chunk-verified	fetch=700ms
132580	1789237771016	0	720	succeeded	attempt 1 watch=288ms
132594	1789237771030	0	690	chunk-verified	fetch=672ms
132620	1789237771056	0	693	chunk-verified	fetch=671ms
132639	1789237771075	0	723	succeeded	attempt 1 watch=242ms
132644	1789237771080	0	696	chunk-verified	fetch=664ms
132667	1789237771103	2	854	admit-refused	authority refusal LIMIT_EXCEEDED: retained input, output or executor capacity
132674	1789237771110	0	699	chunk-verified	fetch=638ms
132683	1789237771119	2	863	admit-refused	authority refusal LIMIT_EXCEEDED: retained input, output or executor capacity
132700	1789237771136	0	702	chunk-verified	fetch=638ms
132704	1789237771140	0	726	succeeded	attempt 1 watch=241ms
132764	1789237771200	2	866	admit-refused	authority refusal LIMIT_EXCEEDED: retained input, output or executor capacity
132765	1789237771201	0	729	succeeded	attempt 1 watch=282ms
132792	1789237771228	0	732	succeeded	attempt 1 watch=237ms
132797	1789237771233	0	705	chunk-verified	fetch=639ms
132824	1789237771260	0	735	succeeded	attempt 1 watch=248ms
132829	1789237771265	0	708	chunk-verified	fetch=579ms
132881	1789237771317	0	738	succeeded	attempt 1 watch=286ms
132912	1789237771348	0	741	succeeded	attempt 1 watch=292ms
132916	1789237771352	0	711	chunk-verified	fetch=559ms
132969	1789237771406	0	744	succeeded	attempt 1 watch=325ms
133000	1789237771436	0	747	succeeded	attempt 1 watch=326ms
133006	1789237771442	0	714	chunk-verified	fetch=557ms
133037	1789237771473	0	750	succeeded	attempt 1 watch=336ms
133107	1789237771543	0	717	chunk-verified	fetch=628ms
133130	1789237771566	2	803	admit-ceiling	LIMIT_EXCEEDED: client unresolved admission ceiling
133153	1789237771589	0	753	succeeded	attempt 1 watch=356ms
133202	1789237771638	0	756	succeeded	attempt 1 watch=372ms
133243	1789237771680	0	720	chunk-verified	fetch=663ms
133290	1789237771726	0	759	succeeded	attempt 1 watch=373ms
133310	1789237771747	2	845	admit-ceiling	LIMIT_EXCEEDED: client unresolved admission ceiling
133328	1789237771764	0	723	chunk-verified	fetch=689ms
133369	1789237771805	0	762	succeeded	attempt 1 watch=363ms
133440	1789237771877	0	765	succeeded	attempt 1 watch=333ms
133452	1789237771888	0	726	chunk-verified	fetch=747ms
133475	1789237771911	0	729	chunk-verified	fetch=709ms
133479	1789237771915	2	815	admit-ceiling	LIMIT_EXCEEDED: client unresolved admission ceiling
133498	1789237771934	0	732	chunk-verified	fetch=705ms
133523	1789237771959	0	735	chunk-verified	fetch=698ms
133553	1789237771989	0	768	succeeded	attempt 1 watch=309ms
133558	1789237771994	0	738	chunk-verified	fetch=676ms
133594	1789237772030	0	741	chunk-verified	fetch=682ms
133625	1789237772061	0	771	succeeded	attempt 1 watch=297ms
133630	1789237772066	0	744	chunk-verified	fetch=660ms
133667	1789237772103	0	747	chunk-verified	fetch=667ms
133709	1789237772145	0	750	chunk-verified	fetch=672ms
133739	1789237772175	0	774	succeeded	attempt 1 watch=287ms
133775	1789237772211	0	777	succeeded	attempt 1 watch=300ms
133810	1789237772246	0	780	succeeded	attempt 1 watch=312ms
133816	1789237772252	0	753	chunk-verified	fetch=663ms
133848	1789237772284	0	783	succeeded	attempt 1 watch=325ms
133852	1789237772288	0	756	chunk-verified	fetch=650ms
133904	1789237772340	0	786	succeeded	attempt 1 watch=346ms
133939	1789237772375	0	789	succeeded	attempt 1 watch=344ms
133949	1789237772385	0	759	chunk-verified	fetch=658ms
133984	1789237772420	0	792	succeeded	attempt 1 watch=354ms
134020	1789237772456	0	795	succeeded	attempt 1 watch=352ms
134024	1789237772460	0	762	chunk-verified	fetch=654ms
134049	1789237772485	0	798	succeeded	attempt 1 watch=339ms
134053	1789237772490	0	765	chunk-verified	fetch=612ms
134068	1789237772504	2	842	admit-ceiling	LIMIT_EXCEEDED: client unresolved admission ceiling
134156	1789237772592	0	801	succeeded	attempt 1 watch=339ms
134216	1789237772653	0	804	succeeded	attempt 1 watch=364ms
134253	1789237772689	0	768	chunk-verified	fetch=699ms
134269	1789237772705	2	854	admit-ceiling	LIMIT_EXCEEDED: client unresolved admission ceiling
134303	1789237772739	0	807	succeeded	attempt 1 watch=353ms
134337	1789237772773	0	771	chunk-verified	fetch=711ms
134387	1789237772823	0	810	succeeded	attempt 1 watch=363ms
134429	1789237772865	0	813	succeeded	attempt 1 watch=375ms
134470	1789237772906	0	774	chunk-verified	fetch=730ms
134490	1789237772926	0	777	chunk-verified	fetch=715ms
134513	1789237772949	0	783	chunk-verified	fetch=664ms
134544	1789237772980	0	816	succeeded	attempt 1 watch=291ms
134551	1789237772987	0	786	chunk-verified	fetch=646ms
134576	1789237773012	0	780	chunk-verified	fetch=765ms
134601	1789237773037	0	789	chunk-verified	fetch=661ms
134616	1789237773052	0	819	succeeded	attempt 1 watch=279ms
134622	1789237773059	0	792	chunk-verified	fetch=638ms
134658	1789237773094	0	795	chunk-verified	fetch=638ms
134677	1789237773113	2	599	admit-ceiling	LIMIT_EXCEEDED: client unresolved admission ceiling
134689	1789237773125	0	798	chunk-verified	fetch=639ms
134717	1789237773153	0	822	succeeded	attempt 1 watch=247ms
134722	1789237773158	0	801	chunk-verified	fetch=566ms
134755	1789237773191	0	825	succeeded	attempt 1 watch=264ms
134787	1789237773223	0	828	succeeded	attempt 1 watch=274ms
134793	1789237773230	0	804	chunk-verified	fetch=577ms
134848	1789237773284	0	831	succeeded	attempt 1 watch=297ms
134875	1789237773311	0	834	succeeded	attempt 1 watch=299ms
134907	1789237773343	0	837	succeeded	attempt 1 watch=306ms
134918	1789237773354	0	807	chunk-verified	fetch=615ms
134965	1789237773401	0	840	succeeded	attempt 1 watch=342ms
134997	1789237773433	0	843	succeeded	attempt 1 watch=338ms
135003	1789237773439	0	810	chunk-verified	fetch=615ms
135029	1789237773465	0	846	succeeded	attempt 1 watch=340ms
135035	1789237773471	2	863	admit-retried	succeeded after 2 refusals
135035	1789237773471	2	863	admitted	admit=2866ms
135040	1789237773476	0	813	chunk-verified	fetch=611ms
135103	1789237773540	0	849	succeeded	attempt 1 watch=381ms
135149	1789237773585	2	857	admit-retried	succeeded after 2 refusals
135149	1789237773585	2	857	admitted	admit=4073ms
135197	1789237773633	0	852	succeeded	attempt 1 watch=403ms
135230	1789237773666	0	816	chunk-verified	fetch=685ms
135316	1789237773752	0	855	succeeded	attempt 1 watch=398ms
135355	1789237773791	0	819	chunk-verified	fetch=738ms
135411	1789237773847	0	858	succeeded	attempt 1 watch=407ms
135469	1789237773905	0	861	succeeded	attempt 1 watch=428ms
135510	1789237773947	0	822	chunk-verified	fetch=793ms
135545	1789237773981	0	825	chunk-verified	fetch=790ms
135553	1789237773989	2	35	admit-ceiling	LIMIT_EXCEEDED: client unresolved admission ceiling
135561	1789237773997	0	828	chunk-verified	fetch=773ms
135576	1789237774012	0	864	succeeded	attempt 1 watch=345ms
135581	1789237774017	0	831	chunk-verified	fetch=733ms
135611	1789237774048	0	834	chunk-verified	fetch=736ms
135625	1789237774061	0	837	chunk-verified	fetch=717ms
135641	1789237774077	0	867	succeeded	attempt 1 watch=286ms
135646	1789237774082	0	840	chunk-verified	fetch=680ms
135677	1789237774113	0	843	chunk-verified	fetch=680ms
135712	1789237774148	0	846	chunk-verified	fetch=682ms
135742	1789237774178	0	870	succeeded	attempt 1 watch=231ms
135747	1789237774184	0	849	chunk-verified	fetch=644ms
135773	1789237774210	0	873	succeeded	attempt 1 watch=228ms
135783	1789237774219	0	852	chunk-verified	fetch=585ms
135799	1789237774235	0	876	succeeded	attempt 1 watch=237ms
135848	1789237774284	2	869	admit-refused	authority refusal LIMIT_EXCEEDED: retained input, output or executor capacity
135850	1789237774286	0	879	succeeded	attempt 1 watch=268ms
135858	1789237774294	2	866	admit-refused	authority refusal LIMIT_EXCEEDED: retained input, output or executor capacity
135868	1789237774304	2	872	admit-refused	authority refusal LIMIT_EXCEEDED: retained input, output or executor capacity
135880	1789237774317	0	882	succeeded	attempt 1 watch=269ms
135885	1789237774321	0	855	chunk-verified	fetch=568ms
135898	1789237774334	2	362	admit-refused	authority refusal LIMIT_EXCEEDED: retained input, output or executor capacity
135911	1789237774347	0	885	succeeded	attempt 1 watch=286ms
135957	1789237774393	0	888	succeeded	attempt 1 watch=311ms
135993	1789237774429	0	891	succeeded	attempt 1 watch=315ms
136003	1789237774439	0	858	chunk-verified	fetch=592ms
136018	1789237774454	0	894	succeeded	attempt 1 watch=305ms
136033	1789237774469	0	861	chunk-verified	fetch=564ms
136074	1789237774510	0	897	succeeded	attempt 1 watch=326ms
136129	1789237774565	0	900	succeeded	attempt 1 watch=346ms
136186	1789237774622	0	864	chunk-verified	fetch=610ms
136236	1789237774672	0	903	succeeded	attempt 1 watch=350ms
136296	1789237774732	0	867	chunk-verified	fetch=654ms
136309	1789237774745	2	869	admit-refused	authority refusal LIMIT_EXCEEDED: retained input, output or executor capacity
136319	1789237774756	2	872	admit-refused	authority refusal LIMIT_EXCEEDED: retained input, output or executor capacity
136331	1789237774768	0	906	succeeded	attempt 1 watch=328ms
136375	1789237774811	0	909	succeeded	attempt 1 watch=341ms
136410	1789237774846	0	870	chunk-verified	fetch=667ms
136440	1789237774877	0	873	chunk-verified	fetch=667ms
136470	1789237774907	0	912	succeeded	attempt 1 watch=284ms
136476	1789237774912	0	876	chunk-verified	fetch=677ms
136496	1789237774932	0	879	chunk-verified	fetch=646ms
136516	1789237774952	0	882	chunk-verified	fetch=635ms
136521	1789237774957	2	872	admit-ceiling	LIMIT_EXCEEDED: client unresolved admission ceiling
136540	1789237774976	0	915	succeeded	attempt 1 watch=244ms
136546	1789237774982	0	885	chunk-verified	fetch=634ms
136570	1789237775006	0	888	chunk-verified	fetch=613ms
136600	1789237775036	0	891	chunk-verified	fetch=607ms
136610	1789237775046	2	866	admit-refused	authority refusal LIMIT_EXCEEDED: retained input, output or executor capacity
136615	1789237775051	0	894	chunk-verified	fetch=597ms
136641	1789237775077	0	918	succeeded	attempt 1 watch=231ms
136647	1789237775083	0	897	chunk-verified	fetch=573ms
136671	1789237775107	0	921	succeeded	attempt 1 watch=230ms
136676	1789237775113	0	900	chunk-verified	fetch=547ms
136729	1789237775165	0	924	succeeded	attempt 1 watch=252ms
136751	1789237775187	0	927	succeeded	attempt 1 watch=254ms
136787	1789237775223	0	930	succeeded	attempt 1 watch=271ms
136791	1789237775227	0	903	chunk-verified	fetch=555ms
136839	1789237775275	0	933	succeeded	attempt 1 watch=293ms
136865	1789237775301	0	936	succeeded	attempt 1 watch=294ms
136896	1789237775332	0	939	succeeded	attempt 1 watch=296ms
136900	1789237775337	0	906	chunk-verified	fetch=569ms
136924	1789237775360	2	872	admit-ceiling	LIMIT_EXCEEDED: client unresolved admission ceiling
136927	1789237775363	0	942	succeeded	attempt 1 watch=311ms
136936	1789237775373	0	909	chunk-verified	fetch=561ms
136977	1789237775413	2	665	admit-ceiling	LIMIT_EXCEEDED: client unresolved admission ceiling
136992	1789237775428	0	945	succeeded	attempt 1 watch=345ms
137044	1789237775480	0	948	succeeded	attempt 1 watch=367ms
137079	1789237775515	0	912	chunk-verified	fetch=608ms
137136	1789237775572	0	951	succeeded	attempt 1 watch=344ms
137173	1789237775609	0	915	chunk-verified	fetch=633ms
137212	1789237775648	2	416	admit-ceiling	LIMIT_EXCEEDED: client unresolved admission ceiling
137230	1789237775666	0	954	succeeded	attempt 1 watch=329ms
137266	1789237775703	0	957	succeeded	attempt 1 watch=329ms
137270	1789237775706	2	842	admit-ceiling	LIMIT_EXCEEDED: client unresolved admission ceiling
137307	1789237775743	0	918	chunk-verified	fetch=666ms
137310	1789237775746	2	716	admit-ceiling	LIMIT_EXCEEDED: client unresolved admission ceiling
137332	1789237775768	0	921	chunk-verified	fetch=660ms
137358	1789237775794	0	960	succeeded	attempt 1 watch=278ms
137367	1789237775804	0	924	chunk-verified	fetch=638ms
137397	1789237775833	0	927	chunk-verified	fetch=646ms
137412	1789237775848	2	866	admit-ceiling	LIMIT_EXCEEDED: client unresolved admission ceiling
137422	1789237775858	0	930	chunk-verified	fetch=634ms
137427	1789237775863	0	963	succeeded	attempt 1 watch=253ms
137447	1789237775883	0	933	chunk-verified	fetch=607ms
137462	1789237775898	2	761	admit-retried	succeeded after 9 refusals
137462	1789237775898	2	761	admitted	admit=24760ms
137467	1789237775903	0	936	chunk-verified	fetch=602ms
137482	1789237775918	0	939	chunk-verified	fetch=585ms
137498	1789237775935	2	854	admit-ceiling	LIMIT_EXCEEDED: client unresolved admission ceiling
137502	1789237775938	0	942	chunk-verified	fetch=575ms
137527	1789237775963	0	966	succeeded	attempt 1 watch=219ms
137531	1789237775968	0	945	chunk-verified	fetch=539ms
137562	1789237775998	0	969	succeeded	attempt 1 watch=230ms
137567	1789237776003	0	948	chunk-verified	fetch=523ms
137570	1789237776007	2	869	admit-refused	authority refusal LIMIT_EXCEEDED: retained input, output or executor capacity
137588	1789237776025	2	800	admit-retried	succeeded after 8 refusals
137588	1789237776025	2	800	admitted	admit=18614ms
137619	1789237776055	0	972	succeeded	attempt 1 watch=251ms
137649	1789237776085	0	975	succeeded	attempt 1 watch=251ms
137653	1789237776089	0	951	chunk-verified	fetch=516ms
137674	1789237776110	0	978	succeeded	attempt 1 watch=252ms
137732	1789237776168	0	981	succeeded	attempt 1 watch=284ms
137762	1789237776198	0	984	succeeded	attempt 1 watch=294ms
137768	1789237776204	0	954	chunk-verified	fetch=537ms
137791	1789237776227	2	845	admit-refused	authority refusal LIMIT_EXCEEDED: retained input, output or executor capacity
137792	1789237776228	0	987	succeeded	attempt 1 watch=310ms
137802	1789237776238	2	875	admit-refused	authority refusal LIMIT_EXCEEDED: retained input, output or executor capacity
137812	1789237776248	2	878	admit-refused	authority refusal LIMIT_EXCEEDED: retained input, output or executor capacity
137823	1789237776259	0	990	succeeded	attempt 1 watch=321ms
137829	1789237776265	0	957	chunk-verified	fetch=562ms
137843	1789237776279	2	872	admit-refused	authority refusal LIMIT_EXCEEDED: retained input, output or executor capacity
137875	1789237776311	0	993	succeeded	attempt 1 watch=343ms
137907	1789237776343	0	996	succeeded	attempt 1 watch=339ms
137943	1789237776379	0	960	chunk-verified	fetch=585ms
137993	1789237776430	0	999	succeeded	attempt 1 watch=340ms
138051	1789237776487	2	875	admit-refused	authority refusal LIMIT_EXCEEDED: retained input, output or executor capacity
138058	1789237776494	0	963	chunk-verified	fetch=630ms
138067	1789237776503	2	878	admit-refused	authority refusal LIMIT_EXCEEDED: retained input, output or executor capacity
138077	1789237776513	2	869	admit-refused	authority refusal LIMIT_EXCEEDED: retained input, output or executor capacity
138104	1789237776540	0	1002	succeeded	attempt 1 watch=336ms
138182	1789237776618	0	1005	succeeded	attempt 1 watch=352ms
138219	1789237776655	0	966	chunk-verified	fetch=692ms
138255	1789237776691	0	969	chunk-verified	fetch=692ms
138279	1789237776715	0	1008	succeeded	attempt 1 watch=335ms
138285	1789237776721	0	972	chunk-verified	fetch=665ms
138315	1789237776751	0	975	chunk-verified	fetch=666ms
138335	1789237776771	0	1011	succeeded	attempt 1 watch=276ms
138351	1789237776787	0	978	chunk-verified	fetch=676ms
138371	1789237776808	0	981	chunk-verified	fetch=639ms
138390	1789237776826	0	984	chunk-verified	fetch=628ms
138405	1789237776841	0	987	chunk-verified	fetch=612ms
138420	1789237776856	0	990	chunk-verified	fetch=596ms
138435	1789237776871	0	1014	succeeded	attempt 1 watch=215ms
138440	1789237776876	0	993	chunk-verified	fetch=565ms
138470	1789237776906	0	1017	succeeded	attempt 1 watch=215ms
138475	1789237776911	0	996	chunk-verified	fetch=567ms
138525	1789237776962	0	1020	succeeded	attempt 1 watch=240ms
138561	1789237776997	0	1023	succeeded	attempt 1 watch=245ms
138565	1789237777001	0	999	chunk-verified	fetch=571ms
138635	1789237777071	0	1002	chunk-verified	fetch=530ms
138655	1789237777092	0	1005	chunk-verified	fetch=473ms
138672	1789237777108	2	878	admit-retried	succeeded after 2 refusals
138672	1789237777108	2	878	admitted	admit=1082ms
138702	1789237777138	0	1008	chunk-verified	fetch=423ms
138739	1789237777176	0	1023	admit-refused	stalled read ordinal 1023
138769	1789237777205	0	1011	chunk-verified	fetch=434ms
138790	1789237777227	0	1014	chunk-verified	fetch=355ms
138819	1789237777256	2	815	admit-refused	authority refusal LIMIT_EXCEEDED: retained input, output or executor capacity
138832	1789237777268	0	1017	chunk-verified	fetch=362ms
138836	1789237777272	2	875	admit-refused	authority refusal LIMIT_EXCEEDED: retained input, output or executor capacity
138847	1789237777283	2	803	admit-retried	succeeded after 8 refusals
138847	1789237777283	2	803	admitted	admit=18165ms
138862	1789237777299	0	1020	chunk-verified	fetch=337ms
138881	1789237777318	0	1023	chunk-verified	fetch=320ms
138903	1789237777339	2	881	admit-refused	authority refusal LIMIT_EXCEEDED: retained input, output or executor capacity
138919	1789237777355	2	884	admit-refused	authority refusal LIMIT_EXCEEDED: retained input, output or executor capacity
138928	1789237777364	2	869	admit-refused	authority refusal LIMIT_EXCEEDED: retained input, output or executor capacity
139033	1789237777469	0	-1	scope-pages	2 pages
139122	1789237777558	0	-1	checkpoint	declared 342
139181	1789237777617	0	-1	complete	declared 342
139181	1789237777617	0	-1	commits	342 chunks
139202	1789237777638	2	866	admit-retried	succeeded after 5 refusals
139202	1789237777639	2	866	admitted	admit=6931ms
139262	1789237777698	0	-1	session-close	
