148	1789131314692	1	-1	session-open	workload-b
149	1789131314692	2	-1	session-open	workload-c
149	1789131314692	0	-1	session-open	workload-a
208	1789131314751	1	-1	declared	batch 0: 100 entities
213	1789131314756	2	-1	declared	batch 0: 100 entities
223	1789131314767	0	-1	declared	batch 0: 100 entities
273	1789131314816	1	-1	declared	batch 1: 100 entities
295	1789131314838	2	-1	declared	batch 1: 100 entities
300	1789131314843	0	-1	declared	batch 1: 100 entities
337	1789131314880	1	-1	declared	batch 2: 56 entities
360	1789131314903	0	-1	declared	batch 2: 56 entities
362	1789131314905	2	-1	declared	batch 2: 56 entities
647	1789131315190	1	31	admit-ceiling	LIMIT_EXCEEDED: client unresolved admission ceiling
747	1789131315290	0	45	admit-ceiling	LIMIT_EXCEEDED: client unresolved admission ceiling
758	1789131315302	1	46	admit-ceiling	LIMIT_EXCEEDED: client unresolved admission ceiling
865	1789131315408	1	19	admit-ceiling	LIMIT_EXCEEDED: client unresolved admission ceiling
932	1789131315475	1	22	admit-ceiling	LIMIT_EXCEEDED: client unresolved admission ceiling
972	1789131315515	1	13	admitted	admit=634ms
1012	1789131315555	1	1	admitted	admit=674ms
1012	1789131315555	0	6	admitted	admit=651ms
1012	1789131315555	2	2	admitted	admit=649ms
1045	1789131315588	2	20	admitted	admit=682ms
1054	1789131315597	0	0	admitted	admit=693ms
1054	1789131315597	1	4	admitted	admit=716ms
1070	1789131315613	2	26	admitted	admit=706ms
1078	1789131315621	1	10	admitted	admit=739ms
1080	1789131315623	0	9	admitted	admit=719ms
1096	1789131315639	2	29	admitted	admit=732ms
1102	1789131315645	1	34	admitted	admit=763ms
1102	1789131315645	0	12	admitted	admit=741ms
1124	1789131315667	2	11	admitted	admit=760ms
1127	1789131315670	1	43	admitted	admit=788ms
1127	1789131315670	0	21	admitted	admit=765ms
1154	1789131315697	2	5	admitted	admit=789ms
1156	1789131315699	1	28	admitted	admit=817ms
1162	1789131315705	0	24	admitted	admit=800ms
1183	1789131315726	1	40	admitted	admit=844ms
1186	1789131315729	2	8	admitted	admit=821ms
1191	1789131315734	0	3	admitted	admit=830ms
1219	1789131315763	2	17	admitted	admit=855ms
1222	1789131315765	0	15	admitted	admit=861ms
1225	1789131315768	1	7	admitted	admit=886ms
1246	1789131315790	2	14	admitted	admit=881ms
1250	1789131315794	0	18	admitted	admit=889ms
1255	1789131315799	1	25	admitted	admit=916ms
1259	1789131315802	1	19	admit-ceiling	LIMIT_EXCEEDED: client unresolved admission ceiling
1260	1789131315803	1	22	admit-ceiling	LIMIT_EXCEEDED: client unresolved admission ceiling
1292	1789131315835	2	32	admitted	admit=927ms
1292	1789131315835	0	30	admitted	admit=930ms
1295	1789131315838	1	49	admit-ceiling	LIMIT_EXCEEDED: client unresolved admission ceiling
1326	1789131315869	2	47	admitted	admit=960ms
1329	1789131315872	0	27	admitted	admit=967ms
1329	1789131315872	1	52	admit-ceiling	LIMIT_EXCEEDED: client unresolved admission ceiling
1364	1789131315908	0	36	admitted	admit=1003ms
1367	1789131315910	2	41	admitted	admit=1001ms
1369	1789131315913	1	55	admit-ceiling	LIMIT_EXCEEDED: client unresolved admission ceiling
1409	1789131315952	0	33	admitted	admit=1047ms
1412	1789131315955	2	35	admitted	admit=1046ms
1459	1789131316002	0	42	admitted	admit=1097ms
1462	1789131316005	2	38	admitted	admit=1096ms
1462	1789131316005	1	61	admit-ceiling	LIMIT_EXCEEDED: client unresolved admission ceiling
1492	1789131316035	2	23	admitted	admit=1129ms
1492	1789131316035	0	39	admitted	admit=1130ms
1531	1789131316074	2	44	admitted	admit=1164ms
1538	1789131316081	1	67	admit-ceiling	LIMIT_EXCEEDED: client unresolved admission ceiling
1612	1789131316156	1	73	admit-ceiling	LIMIT_EXCEEDED: client unresolved admission ceiling
1654	1789131316197	1	31	admit-retried	succeeded after 1 refusals
1654	1789131316197	1	31	admitted	admit=1315ms
1682	1789131316225	0	60	admit-ceiling	LIMIT_EXCEEDED: client unresolved admission ceiling
1721	1789131316264	1	58	admitted	admit=464ms
1745	1789131316288	2	50	admit-refused	authority refusal LIMIT_EXCEEDED: aggregate admission capacity exhausted
1761	1789131316305	2	59	admit-refused	authority refusal LIMIT_EXCEEDED: aggregate admission capacity exhausted
1764	1789131316307	1	64	admitted	admit=507ms
1795	1789131316338	2	62	admit-refused	authority refusal LIMIT_EXCEEDED: aggregate admission capacity exhausted
1811	1789131316354	1	70	admitted	admit=554ms
1812	1789131316355	1	49	admit-ceiling	LIMIT_EXCEEDED: client unresolved admission ceiling
1813	1789131316356	1	52	admit-ceiling	LIMIT_EXCEEDED: client unresolved admission ceiling
1813	1789131316356	1	19	admit-ceiling	LIMIT_EXCEEDED: client unresolved admission ceiling
1813	1789131316356	1	22	admit-ceiling	LIMIT_EXCEEDED: client unresolved admission ceiling
1813	1789131316356	1	55	admit-ceiling	LIMIT_EXCEEDED: client unresolved admission ceiling
1814	1789131316357	1	61	admit-ceiling	LIMIT_EXCEEDED: client unresolved admission ceiling
1814	1789131316357	1	67	admit-ceiling	LIMIT_EXCEEDED: client unresolved admission ceiling
1814	1789131316357	1	73	admit-ceiling	LIMIT_EXCEEDED: client unresolved admission ceiling
1842	1789131316385	0	72	admit-ceiling	LIMIT_EXCEEDED: client unresolved admission ceiling
1842	1789131316385	1	79	admit-ceiling	LIMIT_EXCEEDED: client unresolved admission ceiling
1882	1789131316426	0	75	admit-ceiling	LIMIT_EXCEEDED: client unresolved admission ceiling
1996	1789131316539	0	66	admit-refused	authority refusal LIMIT_EXCEEDED: aggregate admission capacity exhausted
2027	1789131316570	1	85	admit-ceiling	LIMIT_EXCEEDED: client unresolved admission ceiling
2049	1789131316592	0	63	admit-refused	authority refusal LIMIT_EXCEEDED: aggregate admission capacity exhausted
2051	1789131316594	2	77	admit-ceiling	LIMIT_EXCEEDED: client unresolved admission ceiling
2060	1789131316603	2	68	admit-refused	authority refusal LIMIT_EXCEEDED: aggregate admission capacity exhausted
2067	1789131316610	1	88	admit-ceiling	LIMIT_EXCEEDED: client unresolved admission ceiling
2106	1789131316649	2	74	admit-refused	authority refusal LIMIT_EXCEEDED: aggregate admission capacity exhausted
2122	1789131316666	0	84	admit-ceiling	LIMIT_EXCEEDED: client unresolved admission ceiling
2125	1789131316668	1	16	admitted	admit=1786ms
2127	1789131316671	1	79	admit-ceiling	LIMIT_EXCEEDED: client unresolved admission ceiling
2128	1789131316671	1	49	admit-ceiling	LIMIT_EXCEEDED: client unresolved admission ceiling
2128	1789131316671	1	52	admit-ceiling	LIMIT_EXCEEDED: client unresolved admission ceiling
2128	1789131316671	1	55	admit-ceiling	LIMIT_EXCEEDED: client unresolved admission ceiling
2128	1789131316671	1	61	admit-ceiling	LIMIT_EXCEEDED: client unresolved admission ceiling
2128	1789131316672	1	73	admit-ceiling	LIMIT_EXCEEDED: client unresolved admission ceiling
2129	1789131316672	1	67	admit-ceiling	LIMIT_EXCEEDED: client unresolved admission ceiling
2146	1789131316689	0	48	admit-refused	authority refusal LIMIT_EXCEEDED: aggregate admission capacity exhausted
2170	1789131316713	1	91	admit-ceiling	LIMIT_EXCEEDED: client unresolved admission ceiling
2171	1789131316714	1	85	admit-ceiling	LIMIT_EXCEEDED: client unresolved admission ceiling
2171	1789131316714	1	88	admit-ceiling	LIMIT_EXCEEDED: client unresolved admission ceiling
2179	1789131316723	0	81	admit-refused	authority refusal LIMIT_EXCEEDED: aggregate admission capacity exhausted
2189	1789131316732	2	65	admit-refused	authority refusal LIMIT_EXCEEDED: aggregate admission capacity exhausted
2202	1789131316745	0	78	admit-refused	authority refusal LIMIT_EXCEEDED: aggregate admission capacity exhausted
2210	1789131316753	1	37	admitted	admit=1870ms
2221	1789131316764	2	83	admit-refused	authority refusal LIMIT_EXCEEDED: aggregate admission capacity exhausted
2221	1789131316764	0	87	admit-refused	authority refusal LIMIT_EXCEEDED: aggregate admission capacity exhausted
2228	1789131316771	0	45	admit-retried	succeeded after 1 refusals
2228	1789131316771	0	45	admitted	admit=1866ms
2238	1789131316781	2	71	admit-refused	authority refusal LIMIT_EXCEEDED: aggregate admission capacity exhausted
2255	1789131316799	2	86	admit-refused	authority refusal LIMIT_EXCEEDED: aggregate admission capacity exhausted
2261	1789131316805	0	54	admitted	admit=768ms
2285	1789131316828	2	89	admit-refused	authority refusal LIMIT_EXCEEDED: aggregate admission capacity exhausted
2287	1789131316830	1	82	admitted	admit=474ms
2288	1789131316831	1	22	admit-ceiling	LIMIT_EXCEEDED: client unresolved admission ceiling
2288	1789131316831	1	91	admit-ceiling	LIMIT_EXCEEDED: client unresolved admission ceiling
2300	1789131316843	0	51	admitted	admit=840ms
2334	1789131316877	1	97	admit-ceiling	LIMIT_EXCEEDED: client unresolved admission ceiling
2335	1789131316878	1	79	admit-ceiling	LIMIT_EXCEEDED: client unresolved admission ceiling
2339	1789131316883	0	57	admitted	admit=846ms
2345	1789131316888	2	53	admitted	admit=852ms
2376	1789131316919	2	56	admitted	admit=844ms
2376	1789131316919	0	90	admitted	admit=881ms
2380	1789131316923	0	66	admit-ceiling	LIMIT_EXCEEDED: client unresolved admission ceiling
2380	1789131316923	0	63	admit-ceiling	LIMIT_EXCEEDED: client unresolved admission ceiling
2380	1789131316923	0	84	admit-ceiling	LIMIT_EXCEEDED: client unresolved admission ceiling
2381	1789131316924	0	48	admit-ceiling	LIMIT_EXCEEDED: client unresolved admission ceiling
2381	1789131316924	0	81	admit-ceiling	LIMIT_EXCEEDED: client unresolved admission ceiling
2381	1789131316924	0	78	admit-ceiling	LIMIT_EXCEEDED: client unresolved admission ceiling
2381	1789131316925	0	87	admit-ceiling	LIMIT_EXCEEDED: client unresolved admission ceiling
2382	1789131316925	0	69	admit-refused	authority refusal LIMIT_EXCEEDED: aggregate admission capacity exhausted
2384	1789131316927	1	94	admitted	admit=174ms
2418	1789131316962	2	80	admitted	admit=886ms
2418	1789131316962	1	19	admit-retried	succeeded after 3 refusals
2418	1789131316962	1	19	admitted	admit=2079ms
2461	1789131317004	0	96	admit-ceiling	LIMIT_EXCEEDED: client unresolved admission ceiling
2461	1789131317004	1	100	admit-ceiling	LIMIT_EXCEEDED: client unresolved admission ceiling
2467	1789131317010	2	92	admitted	admit=934ms
2470	1789131317014	2	77	admit-ceiling	LIMIT_EXCEEDED: client unresolved admission ceiling
2471	1789131317014	2	68	admit-ceiling	LIMIT_EXCEEDED: client unresolved admission ceiling
2471	1789131317014	2	74	admit-ceiling	LIMIT_EXCEEDED: client unresolved admission ceiling
2471	1789131317014	2	65	admit-ceiling	LIMIT_EXCEEDED: client unresolved admission ceiling
2471	1789131317014	2	83	admit-ceiling	LIMIT_EXCEEDED: client unresolved admission ceiling
2471	1789131317015	2	71	admit-ceiling	LIMIT_EXCEEDED: client unresolved admission ceiling
2472	1789131317015	2	86	admit-ceiling	LIMIT_EXCEEDED: client unresolved admission ceiling
2472	1789131317015	2	89	admit-ceiling	LIMIT_EXCEEDED: client unresolved admission ceiling
2501	1789131317045	0	99	admit-ceiling	LIMIT_EXCEEDED: client unresolved admission ceiling
2510	1789131317053	1	103	admit-ceiling	LIMIT_EXCEEDED: client unresolved admission ceiling
2511	1789131317054	1	97	admit-ceiling	LIMIT_EXCEEDED: client unresolved admission ceiling
2511	1789131317054	1	91	admit-ceiling	LIMIT_EXCEEDED: client unresolved admission ceiling
2512	1789131317056	2	98	admit-ceiling	LIMIT_EXCEEDED: client unresolved admission ceiling
2529	1789131317072	0	102	admit-ceiling	LIMIT_EXCEEDED: client unresolved admission ceiling
2530	1789131317073	1	49	admit-ceiling	LIMIT_EXCEEDED: client unresolved admission ceiling
2531	1789131317074	1	55	admit-ceiling	LIMIT_EXCEEDED: client unresolved admission ceiling
2531	1789131317074	1	61	admit-ceiling	LIMIT_EXCEEDED: client unresolved admission ceiling
2531	1789131317074	1	73	admit-ceiling	LIMIT_EXCEEDED: client unresolved admission ceiling
2531	1789131317074	1	52	admit-ceiling	LIMIT_EXCEEDED: client unresolved admission ceiling
2531	1789131317075	1	67	admit-ceiling	LIMIT_EXCEEDED: client unresolved admission ceiling
2549	1789131317092	2	101	admit-ceiling	LIMIT_EXCEEDED: client unresolved admission ceiling
2555	1789131317098	0	60	admit-refused	authority refusal LIMIT_EXCEEDED: aggregate admission capacity exhausted
2560	1789131317103	2	95	admit-refused	authority refusal LIMIT_EXCEEDED: aggregate admission capacity exhausted
2563	1789131317106	0	69	admit-ceiling	LIMIT_EXCEEDED: client unresolved admission ceiling
2563	1789131317106	0	75	admit-refused	authority refusal LIMIT_EXCEEDED: aggregate admission capacity exhausted
2583	1789131317127	0	48	admit-ceiling	LIMIT_EXCEEDED: client unresolved admission ceiling
2584	1789131317127	0	66	admit-ceiling	LIMIT_EXCEEDED: client unresolved admission ceiling
2584	1789131317127	0	63	admit-ceiling	LIMIT_EXCEEDED: client unresolved admission ceiling
2584	1789131317127	1	85	admit-retried	succeeded after 2 refusals
2584	1789131317127	1	85	admitted	admit=772ms
2585	1789131317128	0	84	admit-ceiling	LIMIT_EXCEEDED: client unresolved admission ceiling
2585	1789131317128	0	78	admit-ceiling	LIMIT_EXCEEDED: client unresolved admission ceiling
2585	1789131317128	0	81	admit-ceiling	LIMIT_EXCEEDED: client unresolved admission ceiling
2585	1789131317128	0	87	admit-ceiling	LIMIT_EXCEEDED: client unresolved admission ceiling
2597	1789131317140	0	72	admit-refused	authority refusal LIMIT_EXCEEDED: aggregate admission capacity exhausted
2620	1789131317163	1	46	admit-retried	succeeded after 1 refusals
2620	1789131317163	2	107	admit-ceiling	LIMIT_EXCEEDED: client unresolved admission ceiling
2620	1789131317163	1	46	admitted	admit=2281ms
2621	1789131317164	2	98	admit-ceiling	LIMIT_EXCEEDED: client unresolved admission ceiling
2631	1789131317174	0	102	admit-ceiling	LIMIT_EXCEEDED: client unresolved admission ceiling
2656	1789131317199	1	88	admit-retried	succeeded after 2 refusals
2656	1789131317199	1	88	admitted	admit=843ms
2672	1789131317215	2	104	admitted	admit=203ms
2674	1789131317218	2	95	admit-ceiling	LIMIT_EXCEEDED: client unresolved admission ceiling
2676	1789131317219	2	74	admit-ceiling	LIMIT_EXCEEDED: client unresolved admission ceiling
2676	1789131317219	2	77	admit-ceiling	LIMIT_EXCEEDED: client unresolved admission ceiling
2676	1789131317219	2	68	admit-ceiling	LIMIT_EXCEEDED: client unresolved admission ceiling
2676	1789131317219	2	65	admit-ceiling	LIMIT_EXCEEDED: client unresolved admission ceiling
2676	1789131317220	2	86	admit-ceiling	LIMIT_EXCEEDED: client unresolved admission ceiling
2677	1789131317220	2	83	admit-ceiling	LIMIT_EXCEEDED: client unresolved admission ceiling
2677	1789131317220	2	71	admit-ceiling	LIMIT_EXCEEDED: client unresolved admission ceiling
2709	1789131317252	0	96	admit-refused	authority refusal LIMIT_EXCEEDED: aggregate admission capacity exhausted
2724	1789131317267	1	109	admit-ceiling	LIMIT_EXCEEDED: client unresolved admission ceiling
2724	1789131317267	2	110	admit-ceiling	LIMIT_EXCEEDED: client unresolved admission ceiling
2724	1789131317267	2	89	admit-ceiling	LIMIT_EXCEEDED: client unresolved admission ceiling
2725	1789131317268	2	107	admit-ceiling	LIMIT_EXCEEDED: client unresolved admission ceiling
2737	1789131317281	0	99	admit-refused	authority refusal LIMIT_EXCEEDED: aggregate admission capacity exhausted
2750	1789131317293	1	112	admit-ceiling	LIMIT_EXCEEDED: client unresolved admission ceiling
2751	1789131317294	1	97	admit-ceiling	LIMIT_EXCEEDED: client unresolved admission ceiling
2751	1789131317294	1	79	admit-ceiling	LIMIT_EXCEEDED: client unresolved admission ceiling
2761	1789131317305	2	101	admit-refused	authority refusal LIMIT_EXCEEDED: aggregate admission capacity exhausted
2766	1789131317309	0	69	admit-ceiling	LIMIT_EXCEEDED: client unresolved admission ceiling
2789	1789131317332	0	105	admit-refused	authority refusal LIMIT_EXCEEDED: aggregate admission capacity exhausted
2813	1789131317356	1	106	admitted	admit=192ms
2820	1789131317363	0	60	admit-refused	authority refusal LIMIT_EXCEEDED: aggregate admission capacity exhausted
2825	1789131317369	2	110	admit-ceiling	LIMIT_EXCEEDED: client unresolved admission ceiling
2839	1789131317382	0	75	admit-refused	authority refusal LIMIT_EXCEEDED: aggregate admission capacity exhausted
2842	1789131317385	1	109	admit-ceiling	LIMIT_EXCEEDED: client unresolved admission ceiling
2852	1789131317395	1	112	admit-ceiling	LIMIT_EXCEEDED: client unresolved admission ceiling
2860	1789131317403	0	72	admit-refused	authority refusal LIMIT_EXCEEDED: aggregate admission capacity exhausted
2877	1789131317420	2	95	admit-ceiling	LIMIT_EXCEEDED: client unresolved admission ceiling
2885	1789131317428	0	102	admit-refused	authority refusal LIMIT_EXCEEDED: aggregate admission capacity exhausted
2912	1789131317456	1	91	admit-ceiling	LIMIT_EXCEEDED: client unresolved admission ceiling
2926	1789131317469	2	107	admit-ceiling	LIMIT_EXCEEDED: client unresolved admission ceiling
2954	1789131317497	1	115	admitted	admit=140ms
2960	1789131317503	1	103	admit-refused	authority refusal LIMIT_EXCEEDED: aggregate admission capacity exhausted
2985	1789131317528	0	66	admit-ceiling	LIMIT_EXCEEDED: client unresolved admission ceiling
2985	1789131317529	0	48	admit-ceiling	LIMIT_EXCEEDED: client unresolved admission ceiling
2986	1789131317529	0	63	admit-ceiling	LIMIT_EXCEEDED: client unresolved admission ceiling
2986	1789131317529	0	84	admit-ceiling	LIMIT_EXCEEDED: client unresolved admission ceiling
2987	1789131317530	0	87	admit-ceiling	LIMIT_EXCEEDED: client unresolved admission ceiling
2987	1789131317531	0	78	admit-ceiling	LIMIT_EXCEEDED: client unresolved admission ceiling
2987	1789131317531	0	81	admit-ceiling	LIMIT_EXCEEDED: client unresolved admission ceiling
3144	1789131317687	1	112	admit-ceiling	LIMIT_EXCEEDED: client unresolved admission ceiling
3144	1789131317687	1	22	admit-ceiling	LIMIT_EXCEEDED: client unresolved admission ceiling
3145	1789131317688	2	98	admit-retried	succeeded after 2 refusals
3145	1789131317688	2	98	admitted	admit=677ms
3148	1789131317692	2	110	admit-ceiling	LIMIT_EXCEEDED: client unresolved admission ceiling
3149	1789131317692	2	77	admit-ceiling	LIMIT_EXCEEDED: client unresolved admission ceiling
3149	1789131317692	2	74	admit-ceiling	LIMIT_EXCEEDED: client unresolved admission ceiling
3149	1789131317692	2	83	admit-ceiling	LIMIT_EXCEEDED: client unresolved admission ceiling
3149	1789131317692	2	68	admit-ceiling	LIMIT_EXCEEDED: client unresolved admission ceiling
3149	1789131317692	2	65	admit-ceiling	LIMIT_EXCEEDED: client unresolved admission ceiling
3149	1789131317692	2	86	admit-ceiling	LIMIT_EXCEEDED: client unresolved admission ceiling
3149	1789131317692	2	71	admit-ceiling	LIMIT_EXCEEDED: client unresolved admission ceiling
3149	1789131317693	2	89	admit-ceiling	LIMIT_EXCEEDED: client unresolved admission ceiling
3152	1789131317695	1	97	admit-ceiling	LIMIT_EXCEEDED: client unresolved admission ceiling
3156	1789131317699	0	93	admit-refused	authority refusal LIMIT_EXCEEDED: aggregate admission capacity exhausted
3161	1789131317704	1	103	admit-ceiling	LIMIT_EXCEEDED: client unresolved admission ceiling
3179	1789131317722	0	105	admit-refused	authority refusal LIMIT_EXCEEDED: aggregate admission capacity exhausted
3205	1789131317748	2	113	admit-ceiling	LIMIT_EXCEEDED: client unresolved admission ceiling
3206	1789131317749	0	99	admit-refused	authority refusal LIMIT_EXCEEDED: aggregate admission capacity exhausted
3211	1789131317755	1	118	admit-refused	authority refusal LIMIT_EXCEEDED: aggregate admission capacity exhausted
3239	1789131317782	2	101	admit-refused	authority refusal LIMIT_EXCEEDED: aggregate admission capacity exhausted
3241	1789131317784	1	76	admitted	admit=1983ms
3246	1789131317790	2	50	admit-retried	succeeded after 1 refusals
3246	1789131317790	2	50	admitted	admit=1753ms
3258	1789131317801	0	93	admit-ceiling	LIMIT_EXCEEDED: client unresolved admission ceiling
3261	1789131317804	0	72	admit-ceiling	LIMIT_EXCEEDED: client unresolved admission ceiling
3286	1789131317829	0	102	admit-ceiling	LIMIT_EXCEEDED: client unresolved admission ceiling
3307	1789131317850	2	113	admit-ceiling	LIMIT_EXCEEDED: client unresolved admission ceiling
3312	1789131317855	0	69	admit-refused	authority refusal LIMIT_EXCEEDED: aggregate admission capacity exhausted
3323	1789131317867	1	109	admit-refused	authority refusal LIMIT_EXCEEDED: aggregate admission capacity exhausted
3328	1789131317871	2	107	admit-ceiling	LIMIT_EXCEEDED: client unresolved admission ceiling
3334	1789131317877	1	61	admit-ceiling	LIMIT_EXCEEDED: client unresolved admission ceiling
3334	1789131317877	1	73	admit-ceiling	LIMIT_EXCEEDED: client unresolved admission ceiling
3334	1789131317877	1	55	admit-ceiling	LIMIT_EXCEEDED: client unresolved admission ceiling
3334	1789131317877	1	67	admit-ceiling	LIMIT_EXCEEDED: client unresolved admission ceiling
3334	1789131317877	1	52	admit-ceiling	LIMIT_EXCEEDED: client unresolved admission ceiling
3337	1789131317880	1	121	admit-refused	authority refusal LIMIT_EXCEEDED: aggregate admission capacity exhausted
3347	1789131317890	2	116	admit-refused	authority refusal LIMIT_EXCEEDED: aggregate admission capacity exhausted
3361	1789131317905	2	95	admit-refused	authority refusal LIMIT_EXCEEDED: aggregate admission capacity exhausted
3365	1789131317908	1	118	admit-refused	authority refusal LIMIT_EXCEEDED: aggregate admission capacity exhausted
3408	1789131317951	0	75	admit-retried	succeeded after 3 refusals
3408	1789131317951	0	75	admitted	admit=1913ms
3411	1789131317954	1	49	admit-retried	succeeded after 4 refusals
3411	1789131317954	1	49	admitted	admit=2226ms
3429	1789131317972	0	60	admit-refused	authority refusal LIMIT_EXCEEDED: aggregate admission capacity exhausted
3486	1789131318029	0	108	admit-refused	authority refusal LIMIT_EXCEEDED: aggregate admission capacity exhausted
3497	1789131318040	2	59	admit-refused	authority refusal LIMIT_EXCEEDED: aggregate admission capacity exhausted
3503	1789131318046	2	116	admit-refused	authority refusal LIMIT_EXCEEDED: aggregate admission capacity exhausted
3505	1789131318048	1	124	admit-refused	authority refusal LIMIT_EXCEEDED: aggregate admission capacity exhausted
3508	1789131318051	0	93	admit-refused	authority refusal LIMIT_EXCEEDED: aggregate admission capacity exhausted
3560	1789131318103	0	105	admit-refused	authority refusal LIMIT_EXCEEDED: aggregate admission capacity exhausted
3563	1789131318106	1	103	admit-ceiling	LIMIT_EXCEEDED: client unresolved admission ceiling
3566	1789131318109	1	118	admit-ceiling	LIMIT_EXCEEDED: client unresolved admission ceiling
3590	1789131318133	1	121	admit-retried	succeeded after 1 refusals
3590	1789131318134	1	121	admitted	admit=349ms
3625	1789131318169	1	124	admit-ceiling	LIMIT_EXCEEDED: client unresolved admission ceiling
3661	1789131318205	1	112	admit-retried	succeeded after 3 refusals
3661	1789131318205	1	112	admitted	admit=1004ms
3698	1789131318241	2	59	admit-ceiling	LIMIT_EXCEEDED: client unresolved admission ceiling
3704	1789131318247	2	116	admit-ceiling	LIMIT_EXCEEDED: client unresolved admission ceiling
3714	1789131318257	1	91	admit-ceiling	LIMIT_EXCEEDED: client unresolved admission ceiling
3717	1789131318260	0	108	admit-retried	succeeded after 1 refusals
3717	1789131318260	0	108	admitted	admit=308ms
3718	1789131318261	1	130	admit-refused	authority refusal LIMIT_EXCEEDED: aggregate admission capacity exhausted
3780	1789131318323	1	109	admit-refused	authority refusal LIMIT_EXCEEDED: aggregate admission capacity exhausted
3787	1789131318330	0	66	admit-ceiling	LIMIT_EXCEEDED: client unresolved admission ceiling
3788	1789131318331	0	84	admit-ceiling	LIMIT_EXCEEDED: client unresolved admission ceiling
3788	1789131318331	0	63	admit-ceiling	LIMIT_EXCEEDED: client unresolved admission ceiling
3789	1789131318332	0	87	admit-ceiling	LIMIT_EXCEEDED: client unresolved admission ceiling
3789	1789131318332	0	81	admit-ceiling	LIMIT_EXCEEDED: client unresolved admission ceiling
3789	1789131318333	0	78	admit-ceiling	LIMIT_EXCEEDED: client unresolved admission ceiling
3800	1789131318343	0	111	admit-refused	authority refusal LIMIT_EXCEEDED: aggregate admission capacity exhausted
3825	1789131318369	0	99	admit-refused	authority refusal LIMIT_EXCEEDED: aggregate admission capacity exhausted
3827	1789131318370	1	124	admit-ceiling	LIMIT_EXCEEDED: client unresolved admission ceiling
3917	1789131318460	2	110	admit-retried	succeeded after 3 refusals
3917	1789131318460	2	110	admitted	admit=1243ms
3950	1789131318493	2	74	admit-ceiling	LIMIT_EXCEEDED: client unresolved admission ceiling
3950	1789131318493	2	77	admit-ceiling	LIMIT_EXCEEDED: client unresolved admission ceiling
3952	1789131318495	2	89	admit-ceiling	LIMIT_EXCEEDED: client unresolved admission ceiling
3952	1789131318495	2	65	admit-ceiling	LIMIT_EXCEEDED: client unresolved admission ceiling
3952	1789131318496	2	86	admit-ceiling	LIMIT_EXCEEDED: client unresolved admission ceiling
3953	1789131318496	2	71	admit-ceiling	LIMIT_EXCEEDED: client unresolved admission ceiling
3953	1789131318496	2	83	admit-ceiling	LIMIT_EXCEEDED: client unresolved admission ceiling
3953	1789131318496	2	68	admit-ceiling	LIMIT_EXCEEDED: client unresolved admission ceiling
3954	1789131318497	1	97	admit-ceiling	LIMIT_EXCEEDED: client unresolved admission ceiling
3961	1789131318504	0	105	admit-ceiling	LIMIT_EXCEEDED: client unresolved admission ceiling
3967	1789131318510	1	118	admit-ceiling	LIMIT_EXCEEDED: client unresolved admission ceiling
3991	1789131318534	0	111	admit-refused	authority refusal LIMIT_EXCEEDED: aggregate admission capacity exhausted
3995	1789131318538	0	93	admit-retried	succeeded after 3 refusals
3995	1789131318538	0	93	admitted	admit=1653ms
4000	1789131318544	2	119	admit-refused	authority refusal LIMIT_EXCEEDED: aggregate admission capacity exhausted
4011	1789131318554	2	101	admit-refused	authority refusal LIMIT_EXCEEDED: aggregate admission capacity exhausted
4059	1789131318602	0	48	admit-refused	authority refusal LIMIT_EXCEEDED: aggregate admission capacity exhausted
4068	1789131318611	1	130	admit-retried	succeeded after 1 refusals
4068	1789131318611	1	130	admitted	admit=406ms
4105	1789131318649	2	116	admit-ceiling	LIMIT_EXCEEDED: client unresolved admission ceiling
4123	1789131318667	0	114	admit-refused	authority refusal LIMIT_EXCEEDED: aggregate admission capacity exhausted
4130	1789131318673	2	107	admit-ceiling	LIMIT_EXCEEDED: client unresolved admission ceiling
4141	1789131318684	0	72	admit-retried	succeeded after 4 refusals
4141	1789131318684	0	72	admitted	admit=2647ms
4163	1789131318706	2	95	admit-ceiling	LIMIT_EXCEEDED: client unresolved admission ceiling
4192	1789131318735	0	111	admit-ceiling	LIMIT_EXCEEDED: client unresolved admission ceiling
4205	1789131318748	2	119	admit-retried	succeeded after 1 refusals
4205	1789131318748	2	119	admitted	admit=287ms
4207	1789131318750	1	133	admitted	admit=138ms
4210	1789131318754	0	117	admit-refused	authority refusal LIMIT_EXCEEDED: aggregate admission capacity exhausted
4230	1789131318773	0	60	admit-ceiling	LIMIT_EXCEEDED: client unresolved admission ceiling
4232	1789131318775	1	79	admit-refused	authority refusal LIMIT_EXCEEDED: aggregate admission capacity exhausted
4252	1789131318795	1	100	admit-refused	authority refusal LIMIT_EXCEEDED: aggregate admission capacity exhausted
4265	1789131318808	1	127	admitted	admit=674ms
4276	1789131318819	1	136	admit-refused	authority refusal LIMIT_EXCEEDED: aggregate admission capacity exhausted
4312	1789131318855	0	117	admit-ceiling	LIMIT_EXCEEDED: client unresolved admission ceiling
4316	1789131318859	2	59	admit-retried	succeeded after 3 refusals
4316	1789131318859	2	59	admitted	admit=2784ms
4350	1789131318893	1	124	admit-retried	succeeded after 3 refusals
4350	1789131318893	1	124	admitted	admit=939ms
4356	1789131318899	0	114	admit-refused	authority refusal LIMIT_EXCEEDED: aggregate admission capacity exhausted
4409	1789131318952	2	125	admitted	admit=92ms
4445	1789131318988	1	142	admit-refused	authority refusal LIMIT_EXCEEDED: aggregate admission capacity exhausted
4496	1789131319039	2	128	admitted	admit=86ms
4503	1789131319046	1	139	admit-refused	authority refusal LIMIT_EXCEEDED: aggregate admission capacity exhausted
4525	1789131319068	1	100	admit-retried	succeeded after 2 refusals
4525	1789131319068	1	100	admitted	admit=2105ms
4559	1789131319102	0	114	admit-ceiling	LIMIT_EXCEEDED: client unresolved admission ceiling
4559	1789131319102	2	131	admit-refused	authority refusal LIMIT_EXCEEDED: aggregate admission capacity exhausted
4582	1789131319125	1	109	admit-ceiling	LIMIT_EXCEEDED: client unresolved admission ceiling
4599	1789131319142	1	145	admit-refused	authority refusal LIMIT_EXCEEDED: aggregate admission capacity exhausted
4613	1789131319156	0	117	admit-retried	succeeded after 2 refusals
4613	1789131319156	0	117	admitted	admit=472ms
4642	1789131319185	0	69	admit-retried	succeeded after 4 refusals
4642	1789131319185	0	69	admitted	admit=3148ms
4672	1789131319215	0	120	admit-ceiling	LIMIT_EXCEEDED: client unresolved admission ceiling
4690	1789131319233	1	139	admit-retried	succeeded after 1 refusals
4690	1789131319233	1	139	admitted	admit=424ms
4695	1789131319238	0	123	admit-ceiling	LIMIT_EXCEEDED: client unresolved admission ceiling
4723	1789131319266	2	131	admit-refused	authority refusal LIMIT_EXCEEDED: aggregate admission capacity exhausted
4735	1789131319278	1	142	admit-retried	succeeded after 1 refusals
4735	1789131319278	1	142	admitted	admit=384ms
4738	1789131319281	2	62	admit-retried	succeeded after 1 refusals
4738	1789131319281	2	62	admitted	admit=3206ms
4769	1789131319312	1	151	admit-ceiling	LIMIT_EXCEEDED: client unresolved admission ceiling
4770	1789131319313	1	22	admit-ceiling	LIMIT_EXCEEDED: client unresolved admission ceiling
4770	1789131319313	1	118	admit-ceiling	LIMIT_EXCEEDED: client unresolved admission ceiling
4775	1789131319318	0	111	admit-refused	authority refusal LIMIT_EXCEEDED: aggregate admission capacity exhausted
4775	1789131319318	1	148	admit-refused	authority refusal LIMIT_EXCEEDED: aggregate admission capacity exhausted
4782	1789131319325	0	99	admit-retried	succeeded after 4 refusals
4782	1789131319325	0	99	admitted	admit=2405ms
4802	1789131319345	0	126	admit-ceiling	LIMIT_EXCEEDED: client unresolved admission ceiling
4803	1789131319346	0	123	admit-ceiling	LIMIT_EXCEEDED: client unresolved admission ceiling
4818	1789131319361	0	96	admit-refused	authority refusal LIMIT_EXCEEDED: aggregate admission capacity exhausted
4828	1789131319371	2	134	admit-refused	authority refusal LIMIT_EXCEEDED: aggregate admission capacity exhausted
4833	1789131319376	1	145	admit-refused	authority refusal LIMIT_EXCEEDED: aggregate admission capacity exhausted
4863	1789131319406	2	101	admit-refused	authority refusal LIMIT_EXCEEDED: aggregate admission capacity exhausted
4930	1789131319473	2	134	admit-ceiling	LIMIT_EXCEEDED: client unresolved admission ceiling
4935	1789131319478	1	61	admit-ceiling	LIMIT_EXCEEDED: client unresolved admission ceiling
4937	1789131319480	1	52	admit-ceiling	LIMIT_EXCEEDED: client unresolved admission ceiling
4937	1789131319480	1	55	admit-ceiling	LIMIT_EXCEEDED: client unresolved admission ceiling
4937	1789131319480	1	67	admit-ceiling	LIMIT_EXCEEDED: client unresolved admission ceiling
4937	1789131319481	1	73	admit-ceiling	LIMIT_EXCEEDED: client unresolved admission ceiling
4960	1789131319504	0	114	admit-ceiling	LIMIT_EXCEEDED: client unresolved admission ceiling
4966	1789131319509	1	148	admit-retried	succeeded after 1 refusals
4966	1789131319509	1	148	admitted	admit=275ms
4974	1789131319517	2	131	admit-refused	authority refusal LIMIT_EXCEEDED: aggregate admission capacity exhausted
4993	1789131319536	2	116	admit-retried	succeeded after 4 refusals
4993	1789131319536	2	116	admitted	admit=1746ms
5025	1789131319568	0	126	admit-retried	succeeded after 1 refusals
5025	1789131319568	0	126	admitted	admit=242ms
5057	1789131319600	0	129	admit-ceiling	LIMIT_EXCEEDED: client unresolved admission ceiling
5060	1789131319603	1	136	admit-retried	succeeded after 1 refusals
5060	1789131319603	1	136	admitted	admit=852ms
5063	1789131319606	1	154	admit-refused	authority refusal LIMIT_EXCEEDED: aggregate admission capacity exhausted
5106	1789131319650	2	137	admitted	admit=113ms
5136	1789131319679	1	157	admit-refused	authority refusal LIMIT_EXCEEDED: aggregate admission capacity exhausted
5159	1789131319702	0	129	admit-ceiling	LIMIT_EXCEEDED: client unresolved admission ceiling
5193	1789131319736	0	123	admit-retried	succeeded after 2 refusals
5193	1789131319736	0	123	admitted	admit=550ms
5198	1789131319741	2	113	admit-retried	succeeded after 2 refusals
5198	1789131319741	2	113	admitted	admit=2051ms
5204	1789131319748	2	140	admit-refused	authority refusal LIMIT_EXCEEDED: aggregate admission capacity exhausted
5220	1789131319763	0	96	admit-ceiling	LIMIT_EXCEEDED: client unresolved admission ceiling
5229	1789131319773	2	134	admit-refused	authority refusal LIMIT_EXCEEDED: aggregate admission capacity exhausted
5237	1789131319781	1	157	admit-ceiling	LIMIT_EXCEEDED: client unresolved admission ceiling
5278	1789131319822	1	151	admit-retried	succeeded after 1 refusals
5278	1789131319822	1	151	admitted	admit=542ms
5285	1789131319828	2	143	admit-refused	authority refusal LIMIT_EXCEEDED: aggregate admission capacity exhausted
5316	1789131319859	1	91	admit-ceiling	LIMIT_EXCEEDED: client unresolved admission ceiling
5320	1789131319863	0	132	admitted	admit=126ms
5357	1789131319901	0	102	admit-refused	authority refusal LIMIT_EXCEEDED: aggregate admission capacity exhausted
5390	1789131319933	0	84	admit-ceiling	LIMIT_EXCEEDED: client unresolved admission ceiling
5390	1789131319933	0	66	admit-ceiling	LIMIT_EXCEEDED: client unresolved admission ceiling
5390	1789131319933	0	63	admit-ceiling	LIMIT_EXCEEDED: client unresolved admission ceiling
5391	1789131319934	0	78	admit-ceiling	LIMIT_EXCEEDED: client unresolved admission ceiling
5391	1789131319934	0	87	admit-ceiling	LIMIT_EXCEEDED: client unresolved admission ceiling
5392	1789131319935	0	81	admit-ceiling	LIMIT_EXCEEDED: client unresolved admission ceiling
5394	1789131319937	1	160	admitted	admit=115ms
5403	1789131319946	0	129	admit-refused	authority refusal LIMIT_EXCEEDED: aggregate admission capacity exhausted
5403	1789131319946	2	122	admit-refused	authority refusal LIMIT_EXCEEDED: aggregate admission capacity exhausted
5428	1789131319971	0	135	admit-refused	authority refusal LIMIT_EXCEEDED: aggregate admission capacity exhausted
5439	1789131319982	1	157	admit-ceiling	LIMIT_EXCEEDED: client unresolved admission ceiling
5439	1789131319983	1	154	admit-refused	authority refusal LIMIT_EXCEEDED: aggregate admission capacity exhausted
5499	1789131320042	0	105	admit-retried	succeeded after 4 refusals
5499	1789131320042	0	105	admitted	admit=3120ms
5499	1789131320042	2	131	admit-retried	succeeded after 3 refusals
5499	1789131320042	2	131	admitted	admit=1001ms
5551	1789131320094	2	74	admit-ceiling	LIMIT_EXCEEDED: client unresolved admission ceiling
5551	1789131320095	2	77	admit-ceiling	LIMIT_EXCEEDED: client unresolved admission ceiling
5555	1789131320098	2	89	admit-ceiling	LIMIT_EXCEEDED: client unresolved admission ceiling
5555	1789131320098	2	83	admit-ceiling	LIMIT_EXCEEDED: client unresolved admission ceiling
5555	1789131320098	2	65	admit-ceiling	LIMIT_EXCEEDED: client unresolved admission ceiling
5555	1789131320098	2	68	admit-ceiling	LIMIT_EXCEEDED: client unresolved admission ceiling
5555	1789131320099	2	86	admit-ceiling	LIMIT_EXCEEDED: client unresolved admission ceiling
5556	1789131320099	2	71	admit-ceiling	LIMIT_EXCEEDED: client unresolved admission ceiling
5582	1789131320125	0	138	admit-refused	authority refusal LIMIT_EXCEEDED: aggregate admission capacity exhausted
5586	1789131320129	1	163	admitted	admit=191ms
5597	1789131320140	2	143	admit-refused	authority refusal LIMIT_EXCEEDED: aggregate admission capacity exhausted
5607	1789131320150	2	122	admit-refused	authority refusal LIMIT_EXCEEDED: aggregate admission capacity exhausted
5627	1789131320170	2	146	admit-refused	authority refusal LIMIT_EXCEEDED: aggregate admission capacity exhausted
5638	1789131320181	0	111	admit-retried	succeeded after 4 refusals
5638	1789131320181	0	111	admitted	admit=1920ms
5659	1789131320202	1	97	admit-retried	succeeded after 5 refusals
5659	1789131320202	1	97	admitted	admit=3371ms
5667	1789131320210	0	120	admit-refused	authority refusal LIMIT_EXCEEDED: aggregate admission capacity exhausted
5719	1789131320262	1	166	admitted	admit=132ms
5741	1789131320285	1	172	admit-ceiling	LIMIT_EXCEEDED: client unresolved admission ceiling
5742	1789131320285	0	138	admit-refused	authority refusal LIMIT_EXCEEDED: aggregate admission capacity exhausted
5753	1789131320296	0	48	admit-refused	authority refusal LIMIT_EXCEEDED: aggregate admission capacity exhausted
5765	1789131320309	2	95	admit-ceiling	LIMIT_EXCEEDED: client unresolved admission ceiling
5778	1789131320321	2	107	admit-refused	authority refusal LIMIT_EXCEEDED: aggregate admission capacity exhausted
5788	1789131320331	2	146	admit-refused	authority refusal LIMIT_EXCEEDED: aggregate admission capacity exhausted
5831	1789131320374	0	60	admit-ceiling	LIMIT_EXCEEDED: client unresolved admission ceiling
5833	1789131320376	1	79	admit-ceiling	LIMIT_EXCEEDED: client unresolved admission ceiling
5840	1789131320383	1	157	admit-ceiling	LIMIT_EXCEEDED: client unresolved admission ceiling
5843	1789131320386	1	172	admit-ceiling	LIMIT_EXCEEDED: client unresolved admission ceiling
5854	1789131320398	0	114	admit-refused	authority refusal LIMIT_EXCEEDED: aggregate admission capacity exhausted
5860	1789131320403	2	122	admit-refused	authority refusal LIMIT_EXCEEDED: aggregate admission capacity exhausted
5864	1789131320407	2	134	admit-retried	succeeded after 3 refusals
5864	1789131320407	2	134	admitted	admit=1125ms
5867	1789131320411	2	143	admit-refused	authority refusal LIMIT_EXCEEDED: aggregate admission capacity exhausted
5897	1789131320440	2	140	admit-refused	authority refusal LIMIT_EXCEEDED: aggregate admission capacity exhausted
5912	1789131320455	0	141	admit-refused	authority refusal LIMIT_EXCEEDED: aggregate admission capacity exhausted
5951	1789131320494	0	120	admit-refused	authority refusal LIMIT_EXCEEDED: aggregate admission capacity exhausted
5966	1789131320509	2	149	admit-refused	authority refusal LIMIT_EXCEEDED: aggregate admission capacity exhausted
5972	1789131320515	0	138	admit-refused	authority refusal LIMIT_EXCEEDED: aggregate admission capacity exhausted
5981	1789131320524	0	129	admit-refused	authority refusal LIMIT_EXCEEDED: aggregate admission capacity exhausted
5996	1789131320539	0	135	admit-refused	authority refusal LIMIT_EXCEEDED: aggregate admission capacity exhausted
6024	1789131320567	2	146	admit-refused	authority refusal LIMIT_EXCEEDED: aggregate admission capacity exhausted
6044	1789131320587	1	172	admit-ceiling	LIMIT_EXCEEDED: client unresolved admission ceiling
6132	1789131320675	1	154	admit-refused	authority refusal LIMIT_EXCEEDED: aggregate admission capacity exhausted
6141	1789131320684	2	140	admit-refused	authority refusal LIMIT_EXCEEDED: aggregate admission capacity exhausted
6143	1789131320686	2	149	admit-retried	succeeded after 1 refusals
6143	1789131320686	2	149	admitted	admit=278ms
6194	1789131320738	0	141	admit-retried	succeeded after 1 refusals
6194	1789131320738	0	141	admitted	admit=556ms
6298	1789131320841	0	144	admit-refused	authority refusal LIMIT_EXCEEDED: aggregate admission capacity exhausted
6315	1789131320858	0	135	admit-retried	succeeded after 2 refusals
6315	1789131320858	0	135	admitted	admit=995ms
6348	1789131320891	2	122	admit-retried	succeeded after 3 refusals
6348	1789131320891	2	122	admitted	admit=2143ms
6353	1789131320896	1	109	admit-retried	succeeded after 5 refusals
6353	1789131320896	1	109	admitted	admit=3696ms
6364	1789131320907	2	152	admit-refused	authority refusal LIMIT_EXCEEDED: aggregate admission capacity exhausted
6379	1789131320922	1	118	admit-ceiling	LIMIT_EXCEEDED: client unresolved admission ceiling
6400	1789131320944	0	144	admit-ceiling	LIMIT_EXCEEDED: client unresolved admission ceiling
6402	1789131320945	0	120	admit-refused	authority refusal LIMIT_EXCEEDED: aggregate admission capacity exhausted
6445	1789131320988	1	172	admit-ceiling	LIMIT_EXCEEDED: client unresolved admission ceiling
6455	1789131320999	2	155	admitted	admit=107ms
6481	1789131321024	0	138	admit-retried	succeeded after 3 refusals
6481	1789131321024	0	138	admitted	admit=981ms
6510	1789131321053	2	101	admit-ceiling	LIMIT_EXCEEDED: client unresolved admission ceiling
6520	1789131321063	0	147	admit-refused	authority refusal LIMIT_EXCEEDED: aggregate admission capacity exhausted
6534	1789131321078	1	154	admit-ceiling	LIMIT_EXCEEDED: client unresolved admission ceiling
6535	1789131321079	2	146	admit-refused	authority refusal LIMIT_EXCEEDED: aggregate admission capacity exhausted
6576	1789131321120	2	158	admit-refused	authority refusal LIMIT_EXCEEDED: aggregate admission capacity exhausted
6594	1789131321137	1	175	admit-refused	authority refusal LIMIT_EXCEEDED: aggregate admission capacity exhausted
6608	1789131321151	2	140	admit-refused	authority refusal LIMIT_EXCEEDED: aggregate admission capacity exhausted
6615	1789131321158	2	152	admit-retried	succeeded after 1 refusals
6615	1789131321158	2	152	admitted	admit=471ms
6636	1789131321179	0	144	admit-refused	authority refusal LIMIT_EXCEEDED: aggregate admission capacity exhausted
6653	1789131321196	0	150	admitted	admit=171ms
6695	1789131321238	2	161	admit-refused	authority refusal LIMIT_EXCEEDED: aggregate admission capacity exhausted
6695	1789131321238	1	175	admit-ceiling	LIMIT_EXCEEDED: client unresolved admission ceiling
6707	1789131321250	0	96	admit-refused	authority refusal LIMIT_EXCEEDED: aggregate admission capacity exhausted
6715	1789131321258	2	158	admit-refused	authority refusal LIMIT_EXCEEDED: aggregate admission capacity exhausted
6725	1789131321269	0	153	admit-refused	authority refusal LIMIT_EXCEEDED: aggregate admission capacity exhausted
6741	1789131321284	1	157	admit-refused	authority refusal LIMIT_EXCEEDED: aggregate admission capacity exhausted
6754	1789131321297	1	103	admit-refused	authority refusal LIMIT_EXCEEDED: aggregate admission capacity exhausted
6826	1789131321369	1	145	admit-refused	authority refusal LIMIT_EXCEEDED: aggregate admission capacity exhausted
6875	1789131321418	2	161	admit-retried	succeeded after 1 refusals
6875	1789131321418	2	161	admitted	admit=259ms
6967	1789131321510	2	164	admit-refused	authority refusal LIMIT_EXCEEDED: aggregate admission capacity exhausted
6976	1789131321520	2	143	admit-retried	succeeded after 3 refusals
6976	1789131321520	2	143	admitted	admit=1777ms
7050	1789131321593	0	102	admit-retried	succeeded after 5 refusals
7050	1789131321593	0	102	admitted	admit=4672ms
7070	1789131321613	0	156	admit-ceiling	LIMIT_EXCEEDED: client unresolved admission ceiling
7111	1789131321655	2	164	admit-refused	authority refusal LIMIT_EXCEEDED: aggregate admission capacity exhausted
7125	1789131321669	2	167	admitted	admit=148ms
7193	1789131321737	0	144	admit-retried	succeeded after 3 refusals
7193	1789131321737	0	144	admitted	admit=998ms
7194	1789131321737	2	158	admit-refused	authority refusal LIMIT_EXCEEDED: aggregate admission capacity exhausted
7210	1789131321753	0	147	admit-retried	succeeded after 1 refusals
7210	1789131321753	0	147	admitted	admit=894ms
7227	1789131321770	0	153	admit-refused	authority refusal LIMIT_EXCEEDED: aggregate admission capacity exhausted
7245	1789131321788	0	162	admit-ceiling	LIMIT_EXCEEDED: client unresolved admission ceiling
7253	1789131321796	0	129	admit-refused	authority refusal LIMIT_EXCEEDED: aggregate admission capacity exhausted
7270	1789131321813	0	159	admit-refused	authority refusal LIMIT_EXCEEDED: aggregate admission capacity exhausted
7271	1789131321814	0	120	admit-refused	authority refusal LIMIT_EXCEEDED: aggregate admission capacity exhausted
7280	1789131321823	0	156	admit-refused	authority refusal LIMIT_EXCEEDED: aggregate admission capacity exhausted
7294	1789131321837	1	145	admit-retried	succeeded after 3 refusals
7294	1789131321837	1	145	admitted	admit=2768ms
7318	1789131321861	1	172	admit-retried	succeeded after 4 refusals
7318	1789131321861	1	172	admitted	admit=1598ms
7371	1789131321914	1	154	admit-ceiling	LIMIT_EXCEEDED: client unresolved admission ceiling
7413	1789131321956	1	178	admitted	admit=95ms
7419	1789131321962	0	162	admit-refused	authority refusal LIMIT_EXCEEDED: aggregate admission capacity exhausted
7428	1789131321971	2	146	admit-retried	succeeded after 4 refusals
7428	1789131321971	2	146	admitted	admit=1929ms
7438	1789131321981	0	159	admit-retried	succeeded after 1 refusals
7438	1789131321981	0	159	admitted	admit=228ms
7474	1789131322017	1	181	admitted	admit=156ms
7517	1789131322060	0	153	admit-refused	authority refusal LIMIT_EXCEEDED: aggregate admission capacity exhausted
7541	1789131322084	2	140	admit-retried	succeeded after 4 refusals
7541	1789131322084	2	140	admitted	admit=2434ms
7541	1789131322084	1	184	admitted	admit=127ms
7590	1789131322133	0	114	admit-refused	authority refusal LIMIT_EXCEEDED: aggregate admission capacity exhausted
7593	1789131322136	1	187	admit-refused	authority refusal LIMIT_EXCEEDED: aggregate admission capacity exhausted
7596	1789131322139	2	158	admit-ceiling	LIMIT_EXCEEDED: client unresolved admission ceiling
7603	1789131322146	1	190	admit-refused	authority refusal LIMIT_EXCEEDED: aggregate admission capacity exhausted
7606	1789131322149	0	156	admit-refused	authority refusal LIMIT_EXCEEDED: aggregate admission capacity exhausted
7653	1789131322196	2	176	admitted	admit=111ms
7666	1789131322209	0	165	admit-refused	authority refusal LIMIT_EXCEEDED: aggregate admission capacity exhausted
7676	1789131322219	0	162	admit-refused	authority refusal LIMIT_EXCEEDED: aggregate admission capacity exhausted
7683	1789131322226	2	173	admitted	admit=254ms
7799	1789131322342	2	179	admitted	admit=115ms
7804	1789131322347	1	187	admit-retried	succeeded after 1 refusals
7804	1789131322347	1	187	admitted	admit=329ms
7876	1789131322419	2	164	admit-refused	authority refusal LIMIT_EXCEEDED: aggregate admission capacity exhausted
7886	1789131322429	2	182	admit-refused	authority refusal LIMIT_EXCEEDED: aggregate admission capacity exhausted
7904	1789131322448	2	185	admit-refused	authority refusal LIMIT_EXCEEDED: aggregate admission capacity exhausted
7928	1789131322471	2	170	admit-refused	authority refusal LIMIT_EXCEEDED: aggregate admission capacity exhausted
7958	1789131322501	0	165	admit-retried	succeeded after 1 refusals
7958	1789131322501	0	165	admitted	admit=518ms
7971	1789131322515	1	22	admit-ceiling	LIMIT_EXCEEDED: client unresolved admission ceiling
7978	1789131322521	0	153	admit-retried	succeeded after 3 refusals
7978	1789131322521	0	153	admitted	admit=1325ms
7985	1789131322528	1	190	admit-refused	authority refusal LIMIT_EXCEEDED: aggregate admission capacity exhausted
7996	1789131322540	1	175	admit-retried	succeeded after 2 refusals
7996	1789131322540	1	175	admitted	admit=1642ms
8126	1789131322670	1	196	admitted	admit=129ms
8155	1789131322699	2	170	admit-refused	authority refusal LIMIT_EXCEEDED: aggregate admission capacity exhausted
8156	1789131322699	1	73	admit-ceiling	LIMIT_EXCEEDED: client unresolved admission ceiling
8156	1789131322699	1	67	admit-ceiling	LIMIT_EXCEEDED: client unresolved admission ceiling
8156	1789131322699	1	55	admit-ceiling	LIMIT_EXCEEDED: client unresolved admission ceiling
8156	1789131322700	1	52	admit-ceiling	LIMIT_EXCEEDED: client unresolved admission ceiling
8170	1789131322714	0	171	admit-refused	authority refusal LIMIT_EXCEEDED: aggregate admission capacity exhausted
8182	1789131322725	0	162	admit-retried	succeeded after 3 refusals
8182	1789131322725	0	162	admitted	admit=970ms
8186	1789131322729	1	190	admit-ceiling	LIMIT_EXCEEDED: client unresolved admission ceiling
8205	1789131322748	1	199	admit-refused	authority refusal LIMIT_EXCEEDED: aggregate admission capacity exhausted
8220	1789131322763	1	193	admit-refused	authority refusal LIMIT_EXCEEDED: aggregate admission capacity exhausted
8262	1789131322805	0	156	admit-refused	authority refusal LIMIT_EXCEEDED: aggregate admission capacity exhausted
8315	1789131322858	0	174	admit-refused	authority refusal LIMIT_EXCEEDED: aggregate admission capacity exhausted
8316	1789131322859	2	185	admit-refused	authority refusal LIMIT_EXCEEDED: aggregate admission capacity exhausted
8340	1789131322883	0	171	admit-retried	succeeded after 1 refusals
8340	1789131322883	0	171	admitted	admit=361ms
8343	1789131322887	1	157	admit-ceiling	LIMIT_EXCEEDED: client unresolved admission ceiling
8356	1789131322899	1	103	admit-ceiling	LIMIT_EXCEEDED: client unresolved admission ceiling
8395	1789131322938	1	193	admit-refused	authority refusal LIMIT_EXCEEDED: aggregate admission capacity exhausted
8407	1789131322950	1	199	admit-retried	succeeded after 1 refusals
8407	1789131322950	1	199	admitted	admit=280ms
8417	1789131322960	2	164	admit-refused	authority refusal LIMIT_EXCEEDED: aggregate admission capacity exhausted
8441	1789131322985	0	177	admit-refused	authority refusal LIMIT_EXCEEDED: aggregate admission capacity exhausted
8530	1789131323073	0	174	admit-retried	succeeded after 1 refusals
8530	1789131323073	0	174	admitted	admit=348ms
8561	1789131323104	0	168	admit-refused	authority refusal LIMIT_EXCEEDED: aggregate admission capacity exhausted
8568	1789131323112	2	185	admit-refused	authority refusal LIMIT_EXCEEDED: aggregate admission capacity exhausted
8588	1789131323132	1	190	admit-ceiling	LIMIT_EXCEEDED: client unresolved admission ceiling
8593	1789131323136	0	84	admit-ceiling	LIMIT_EXCEEDED: client unresolved admission ceiling
8593	1789131323136	0	66	admit-ceiling	LIMIT_EXCEEDED: client unresolved admission ceiling
8594	1789131323137	0	78	admit-ceiling	LIMIT_EXCEEDED: client unresolved admission ceiling
8594	1789131323137	0	87	admit-ceiling	LIMIT_EXCEEDED: client unresolved admission ceiling
8594	1789131323137	0	81	admit-ceiling	LIMIT_EXCEEDED: client unresolved admission ceiling
8597	1789131323140	1	193	admit-ceiling	LIMIT_EXCEEDED: client unresolved admission ceiling
8631	1789131323174	0	180	admitted	admit=100ms
8642	1789131323186	0	63	admit-refused	authority refusal LIMIT_EXCEEDED: aggregate admission capacity exhausted
8667	1789131323210	0	177	admit-refused	authority refusal LIMIT_EXCEEDED: aggregate admission capacity exhausted
8752	1789131323295	0	168	admit-refused	authority refusal LIMIT_EXCEEDED: aggregate admission capacity exhausted
8753	1789131323296	2	74	admit-ceiling	LIMIT_EXCEEDED: client unresolved admission ceiling
8758	1789131323301	2	71	admit-ceiling	LIMIT_EXCEEDED: client unresolved admission ceiling
8758	1789131323302	2	68	admit-ceiling	LIMIT_EXCEEDED: client unresolved admission ceiling
8759	1789131323302	2	65	admit-ceiling	LIMIT_EXCEEDED: client unresolved admission ceiling
8759	1789131323302	2	89	admit-ceiling	LIMIT_EXCEEDED: client unresolved admission ceiling
8759	1789131323302	2	86	admit-ceiling	LIMIT_EXCEEDED: client unresolved admission ceiling
8759	1789131323302	2	83	admit-ceiling	LIMIT_EXCEEDED: client unresolved admission ceiling
8762	1789131323305	0	183	admit-refused	authority refusal LIMIT_EXCEEDED: aggregate admission capacity exhausted
8822	1789131323366	2	77	admit-retried	succeeded after 6 refusals
8822	1789131323366	2	77	admitted	admit=7290ms
8864	1789131323407	1	61	admit-retried	succeeded after 6 refusals
8864	1789131323407	1	61	admitted	admit=7607ms
8872	1789131323416	0	120	admit-ceiling	LIMIT_EXCEEDED: client unresolved admission ceiling
8906	1789131323449	0	96	admit-refused	authority refusal LIMIT_EXCEEDED: aggregate admission capacity exhausted
8918	1789131323461	2	170	admit-retried	succeeded after 2 refusals
8918	1789131323461	2	170	admitted	admit=1791ms
8927	1789131323470	0	129	admit-refused	authority refusal LIMIT_EXCEEDED: aggregate admission capacity exhausted
8936	1789131323479	1	91	admit-retried	succeeded after 6 refusals
8936	1789131323479	1	91	admitted	admit=6809ms
8942	1789131323485	0	177	admit-refused	authority refusal LIMIT_EXCEEDED: aggregate admission capacity exhausted
8959	1789131323502	2	188	admitted	admit=136ms
8960	1789131323504	0	183	admit-refused	authority refusal LIMIT_EXCEEDED: aggregate admission capacity exhausted
8985	1789131323528	2	95	admit-ceiling	LIMIT_EXCEEDED: client unresolved admission ceiling
8985	1789131323528	2	185	admit-ceiling	LIMIT_EXCEEDED: client unresolved admission ceiling
8985	1789131323528	2	107	admit-ceiling	LIMIT_EXCEEDED: client unresolved admission ceiling
9010	1789131323553	0	48	admit-refused	authority refusal LIMIT_EXCEEDED: aggregate admission capacity exhausted
9012	1789131323555	1	205	admitted	admit=147ms
9013	1789131323556	1	193	admit-ceiling	LIMIT_EXCEEDED: client unresolved admission ceiling
9029	1789131323572	0	168	admit-refused	authority refusal LIMIT_EXCEEDED: aggregate admission capacity exhausted
9032	1789131323576	2	191	admitted	admit=114ms
9037	1789131323581	1	211	admit-ceiling	LIMIT_EXCEEDED: client unresolved admission ceiling
9038	1789131323581	1	79	admit-ceiling	LIMIT_EXCEEDED: client unresolved admission ceiling
9086	1789131323629	1	208	admitted	admit=149ms
9105	1789131323648	0	60	admit-refused	authority refusal LIMIT_EXCEEDED: aggregate admission capacity exhausted
9107	1789131323651	2	197	admit-refused	authority refusal LIMIT_EXCEEDED: aggregate admission capacity exhausted
9110	1789131323653	0	156	admit-refused	authority refusal LIMIT_EXCEEDED: aggregate admission capacity exhausted
9139	1789131323682	1	211	admit-ceiling	LIMIT_EXCEEDED: client unresolved admission ceiling
9174	1789131323717	1	154	admit-retried	succeeded after 5 refusals
9174	1789131323717	1	154	admitted	admit=4208ms
9197	1789131323740	2	182	admit-retried	succeeded after 1 refusals
9197	1789131323740	2	182	admitted	admit=1513ms
9222	1789131323765	2	164	admit-ceiling	LIMIT_EXCEEDED: client unresolved admission ceiling
9223	1789131323766	1	214	admitted	admit=136ms
9268	1789131323811	2	200	admit-refused	authority refusal LIMIT_EXCEEDED: aggregate admission capacity exhausted
9273	1789131323816	0	183	admit-retried	succeeded after 2 refusals
9273	1789131323816	0	183	admitted	admit=641ms
9345	1789131323888	1	220	admitted	admit=121ms
9370	1789131323913	1	223	admit-ceiling	LIMIT_EXCEEDED: client unresolved admission ceiling
9390	1789131323933	1	190	admit-ceiling	LIMIT_EXCEEDED: client unresolved admission ceiling
9393	1789131323936	0	186	admitted	admit=120ms
9449	1789131323993	0	177	admit-retried	succeeded after 3 refusals
9450	1789131323993	0	177	admitted	admit=1109ms
9451	1789131323994	0	189	admit-refused	authority refusal LIMIT_EXCEEDED: aggregate admission capacity exhausted
9452	1789131323995	1	202	admitted	admit=1044ms
9460	1789131324003	2	200	admit-retried	succeeded after 1 refusals
9460	1789131324003	2	200	admitted	admit=262ms
9489	1789131324032	1	223	admit-ceiling	LIMIT_EXCEEDED: client unresolved admission ceiling
9524	1789131324067	1	169	admitted	admit=3863ms
9544	1789131324087	1	211	admit-retried	succeeded after 2 refusals
9544	1789131324087	1	211	admitted	admit=531ms
9549	1789131324093	2	203	admitted	admit=89ms
9564	1789131324107	2	194	admit-refused	authority refusal LIMIT_EXCEEDED: aggregate admission capacity exhausted
9585	1789131324129	1	226	admitted	admit=132ms
9652	1789131324195	1	235	admit-ceiling	LIMIT_EXCEEDED: client unresolved admission ceiling
9697	1789131324240	1	232	admit-refused	authority refusal LIMIT_EXCEEDED: aggregate admission capacity exhausted
9701	1789131324244	2	158	admit-retried	succeeded after 4 refusals
9701	1789131324244	2	158	admitted	admit=3244ms
9706	1789131324249	1	118	admit-retried	succeeded after 6 refusals
9706	1789131324249	1	118	admitted	admit=6752ms
9707	1789131324250	2	194	admit-refused	authority refusal LIMIT_EXCEEDED: aggregate admission capacity exhausted
9726	1789131324269	1	229	admit-refused	authority refusal LIMIT_EXCEEDED: aggregate admission capacity exhausted
9760	1789131324303	1	223	admit-refused	authority refusal LIMIT_EXCEEDED: aggregate admission capacity exhausted
9764	1789131324308	1	217	admit-refused	authority refusal LIMIT_EXCEEDED: aggregate admission capacity exhausted
9786	1789131324330	2	185	admit-ceiling	LIMIT_EXCEEDED: client unresolved admission ceiling
9787	1789131324330	1	238	admit-refused	authority refusal LIMIT_EXCEEDED: aggregate admission capacity exhausted
9798	1789131324341	1	235	admit-refused	authority refusal LIMIT_EXCEEDED: aggregate admission capacity exhausted
9800	1789131324343	2	206	admit-refused	authority refusal LIMIT_EXCEEDED: aggregate admission capacity exhausted
9811	1789131324354	2	209	admit-refused	authority refusal LIMIT_EXCEEDED: aggregate admission capacity exhausted
9812	1789131324355	2	101	admit-retried	succeeded after 6 refusals
9812	1789131324355	2	101	admitted	admit=7344ms
9837	1789131324380	1	232	admit-refused	authority refusal LIMIT_EXCEEDED: aggregate admission capacity exhausted
9873	1789131324416	1	193	admit-refused	authority refusal LIMIT_EXCEEDED: aggregate admission capacity exhausted
9890	1789131324433	2	212	admit-refused	authority refusal LIMIT_EXCEEDED: aggregate admission capacity exhausted
9891	1789131324434	1	229	admit-refused	authority refusal LIMIT_EXCEEDED: aggregate admission capacity exhausted
9900	1789131324444	1	217	admit-refused	authority refusal LIMIT_EXCEEDED: aggregate admission capacity exhausted
9931	1789131324475	1	238	admit-refused	authority refusal LIMIT_EXCEEDED: aggregate admission capacity exhausted
9947	1789131324490	2	206	admit-refused	authority refusal LIMIT_EXCEEDED: aggregate admission capacity exhausted
9986	1789131324529	2	194	admit-refused	authority refusal LIMIT_EXCEEDED: aggregate admission capacity exhausted
10039	1789131324582	2	212	admit-refused	authority refusal LIMIT_EXCEEDED: aggregate admission capacity exhausted
10041	1789131324584	2	209	admit-retried	succeeded after 1 refusals
10041	1789131324584	2	209	admitted	admit=339ms
10070	1789131324613	0	189	admit-retried	succeeded after 1 refusals
10070	1789131324613	0	189	admitted	admit=676ms
10136	1789131324679	1	232	admit-refused	authority refusal LIMIT_EXCEEDED: aggregate admission capacity exhausted
10145	1789131324688	1	235	admit-retried	succeeded after 2 refusals
10145	1789131324688	1	235	admitted	admit=558ms
10164	1789131324707	1	217	admit-refused	authority refusal LIMIT_EXCEEDED: aggregate admission capacity exhausted
10198	1789131324741	1	229	admit-refused	authority refusal LIMIT_EXCEEDED: aggregate admission capacity exhausted
10221	1789131324764	1	238	admit-refused	authority refusal LIMIT_EXCEEDED: aggregate admission capacity exhausted
10230	1789131324773	1	241	admit-refused	authority refusal LIMIT_EXCEEDED: aggregate admission capacity exhausted
10237	1789131324780	0	195	admitted	admit=166ms
10248	1789131324792	1	223	admit-refused	authority refusal LIMIT_EXCEEDED: aggregate admission capacity exhausted
10295	1789131324838	2	212	admit-refused	authority refusal LIMIT_EXCEEDED: aggregate admission capacity exhausted
10385	1789131324928	0	198	admitted	admit=147ms
10417	1789131324960	1	241	admit-retried	succeeded after 1 refusals
10417	1789131324960	1	241	admitted	admit=271ms
10466	1789131325009	2	194	admit-retried	succeeded after 3 refusals
10466	1789131325009	2	194	admitted	admit=1506ms
10526	1789131325069	0	201	admitted	admit=141ms
10531	1789131325074	1	244	admitted	admit=114ms
10536	1789131325079	2	218	admit-refused	authority refusal LIMIT_EXCEEDED: aggregate admission capacity exhausted
10554	1789131325097	2	215	admit-refused	authority refusal LIMIT_EXCEEDED: aggregate admission capacity exhausted
10622	1789131325165	2	197	admit-refused	authority refusal LIMIT_EXCEEDED: aggregate admission capacity exhausted
10622	1789131325165	1	238	admit-ceiling	LIMIT_EXCEEDED: client unresolved admission ceiling
10644	1789131325187	1	217	admit-refused	authority refusal LIMIT_EXCEEDED: aggregate admission capacity exhausted
10652	1789131325195	1	229	admit-refused	authority refusal LIMIT_EXCEEDED: aggregate admission capacity exhausted
10653	1789131325196	1	232	admit-retried	succeeded after 3 refusals
10653	1789131325196	1	232	admitted	admit=1067ms
10687	1789131325230	0	204	admitted	admit=160ms
10725	1789131325268	0	192	admitted	admit=1274ms
10729	1789131325272	2	212	admit-refused	authority refusal LIMIT_EXCEEDED: aggregate admission capacity exhausted
10751	1789131325294	2	218	admit-retried	succeeded after 1 refusals
10751	1789131325294	2	218	admitted	admit=284ms
10766	1789131325309	1	250	admitted	admit=112ms
10800	1789131325343	0	114	admit-ceiling	LIMIT_EXCEEDED: client unresolved admission ceiling
10824	1789131325367	2	164	admit-ceiling	LIMIT_EXCEEDED: client unresolved admission ceiling
10841	1789131325384	0	207	admitted	admit=115ms
10852	1789131325395	2	215	admit-refused	authority refusal LIMIT_EXCEEDED: aggregate admission capacity exhausted
10915	1789131325458	1	253	admitted	admit=148ms
10917	1789131325461	2	221	admitted	admit=166ms
10954	1789131325498	2	197	admit-refused	authority refusal LIMIT_EXCEEDED: aggregate admission capacity exhausted
10973	1789131325516	0	213	admitted	admit=132ms
11044	1789131325587	1	256	admit-refused	authority refusal LIMIT_EXCEEDED: aggregate admission capacity exhausted
11046	1789131325589	0	216	admit-refused	authority refusal LIMIT_EXCEEDED: aggregate admission capacity exhausted
11057	1789131325600	1	190	admit-retried	succeeded after 5 refusals
11057	1789131325600	1	190	admitted	admit=3516ms
11073	1789131325616	0	210	admitted	admit=347ms
11140	1789131325684	1	259	admit-refused	authority refusal LIMIT_EXCEEDED: aggregate admission capacity exhausted
11160	1789131325703	0	219	admitted	admit=86ms
11210	1789131325753	1	256	admit-refused	authority refusal LIMIT_EXCEEDED: aggregate admission capacity exhausted
11213	1789131325757	1	223	admit-refused	authority refusal LIMIT_EXCEEDED: aggregate admission capacity exhausted
11229	1789131325772	2	215	admit-refused	authority refusal LIMIT_EXCEEDED: aggregate admission capacity exhausted
11314	1789131325857	0	216	admit-retried	succeeded after 1 refusals
11314	1789131325857	0	216	admitted	admit=340ms
11331	1789131325874	0	222	admit-refused	authority refusal LIMIT_EXCEEDED: aggregate admission capacity exhausted
11338	1789131325881	1	259	admit-retried	succeeded after 1 refusals
11338	1789131325881	1	259	admitted	admit=279ms
11339	1789131325882	1	247	admit-refused	authority refusal LIMIT_EXCEEDED: aggregate admission capacity exhausted
11345	1789131325888	2	224	admitted	admit=427ms
11401	1789131325945	0	225	admitted	admit=86ms
11447	1789131325990	1	262	admitted	admit=108ms
11481	1789131326024	1	265	admit-ceiling	LIMIT_EXCEEDED: client unresolved admission ceiling
11482	1789131326025	1	229	admit-ceiling	LIMIT_EXCEEDED: client unresolved admission ceiling
11482	1789131326025	1	193	admit-ceiling	LIMIT_EXCEEDED: client unresolved admission ceiling
11501	1789131326044	2	197	admit-retried	succeeded after 3 refusals
11501	1789131326044	2	197	admitted	admit=2468ms
11531	1789131326074	2	212	admit-ceiling	LIMIT_EXCEEDED: client unresolved admission ceiling
11542	1789131326085	1	238	admit-refused	authority refusal LIMIT_EXCEEDED: aggregate admission capacity exhausted
11557	1789131326100	1	217	admit-retried	succeeded after 4 refusals
11557	1789131326100	1	217	admitted	admit=2382ms
11557	1789131326100	0	228	admitted	admit=154ms
11578	1789131326121	0	222	admit-refused	authority refusal LIMIT_EXCEEDED: aggregate admission capacity exhausted
11587	1789131326130	1	268	admit-ceiling	LIMIT_EXCEEDED: client unresolved admission ceiling
11588	1789131326131	1	265	admit-ceiling	LIMIT_EXCEEDED: client unresolved admission ceiling
11607	1789131326150	2	206	admit-refused	authority refusal LIMIT_EXCEEDED: aggregate admission capacity exhausted
11608	1789131326151	2	230	admitted	admit=106ms
11625	1789131326168	1	157	admit-refused	authority refusal LIMIT_EXCEEDED: aggregate admission capacity exhausted
11645	1789131326188	0	231	admit-refused	authority refusal LIMIT_EXCEEDED: aggregate admission capacity exhausted
11724	1789131326268	1	256	admit-retried	succeeded after 2 refusals
11724	1789131326268	1	256	admitted	admit=809ms
11774	1789131326317	0	168	admit-refused	authority refusal LIMIT_EXCEEDED: aggregate admission capacity exhausted
11775	1789131326318	2	233	admitted	admit=166ms
11789	1789131326332	1	265	admit-ceiling	LIMIT_EXCEEDED: client unresolved admission ceiling
11854	1789131326397	0	222	admit-retried	succeeded after 2 refusals
11854	1789131326397	0	222	admitted	admit=693ms
11869	1789131326412	1	271	admit-refused	authority refusal LIMIT_EXCEEDED: aggregate admission capacity exhausted
11877	1789131326421	1	103	admit-retried	succeeded after 6 refusals
11877	1789131326421	1	103	admitted	admit=9457ms
11883	1789131326426	2	236	admitted	admit=108ms
11973	1789131326517	0	234	admit-refused	authority refusal LIMIT_EXCEEDED: aggregate admission capacity exhausted
12002	1789131326546	2	239	admitted	admit=119ms
12016	1789131326560	2	206	admit-ceiling	LIMIT_EXCEEDED: client unresolved admission ceiling
12051	1789131326595	2	242	admit-refused	authority refusal LIMIT_EXCEEDED: aggregate admission capacity exhausted
12069	1789131326612	1	271	admit-retried	succeeded after 1 refusals
12069	1789131326612	1	271	admitted	admit=344ms
12108	1789131326651	0	96	admit-ceiling	LIMIT_EXCEEDED: client unresolved admission ceiling
12128	1789131326672	0	129	admit-ceiling	LIMIT_EXCEEDED: client unresolved admission ceiling
12137	1789131326680	1	274	admitted	admit=258ms
12165	1789131326708	0	120	admit-refused	authority refusal LIMIT_EXCEEDED: aggregate admission capacity exhausted
12175	1789131326718	0	231	admit-retried	succeeded after 1 refusals
12175	1789131326718	0	231	admitted	admit=617ms
12191	1789131326734	1	265	admit-ceiling	LIMIT_EXCEEDED: client unresolved admission ceiling
12218	1789131326761	1	280	admit-refused	authority refusal LIMIT_EXCEEDED: aggregate admission capacity exhausted
12232	1789131326776	2	242	admit-retried	succeeded after 1 refusals
12232	1789131326776	2	242	admitted	admit=229ms
12443	1789131326986	1	280	admit-refused	authority refusal LIMIT_EXCEEDED: aggregate admission capacity exhausted
12444	1789131326987	1	277	admitted	admit=374ms
12461	1789131327004	1	268	admit-refused	authority refusal LIMIT_EXCEEDED: aggregate admission capacity exhausted
12491	1789131327034	2	227	admitted	admit=1145ms
12511	1789131327054	1	283	admit-refused	authority refusal LIMIT_EXCEEDED: aggregate admission capacity exhausted
12537	1789131327080	2	245	admitted	admit=304ms
12598	1789131327141	2	248	admit-refused	authority refusal LIMIT_EXCEEDED: aggregate admission capacity exhausted
12664	1789131327207	0	168	admit-retried	succeeded after 4 refusals
12664	1789131327207	0	168	admitted	admit=4685ms
12676	1789131327220	1	283	admit-refused	authority refusal LIMIT_EXCEEDED: aggregate admission capacity exhausted
12690	1789131327234	1	247	admit-retried	succeeded after 1 refusals
12690	1789131327234	1	247	admitted	admit=2158ms
12697	1789131327241	1	280	admit-refused	authority refusal LIMIT_EXCEEDED: aggregate admission capacity exhausted
12718	1789131327261	1	268	admit-refused	authority refusal LIMIT_EXCEEDED: aggregate admission capacity exhausted
12805	1789131327348	0	234	admit-retried	succeeded after 1 refusals
12805	1789131327348	0	234	admitted	admit=949ms
12815	1789131327358	2	248	admit-retried	succeeded after 1 refusals
12815	1789131327358	2	248	admitted	admit=324ms
12840	1789131327383	2	206	admit-ceiling	LIMIT_EXCEEDED: client unresolved admission ceiling
12912	1789131327455	0	237	admitted	admit=737ms
12922	1789131327466	1	223	admit-retried	succeeded after 5 refusals
12922	1789131327466	1	223	admitted	admit=3577ms
12976	1789131327520	0	243	admitted	admit=171ms
12993	1789131327536	1	265	admit-ceiling	LIMIT_EXCEEDED: client unresolved admission ceiling
12996	1789131327540	2	254	admitted	admit=180ms
13003	1789131327546	0	246	admit-refused	authority refusal LIMIT_EXCEEDED: aggregate admission capacity exhausted
13083	1789131327627	1	229	admit-ceiling	LIMIT_EXCEEDED: client unresolved admission ceiling
13099	1789131327643	1	280	admit-ceiling	LIMIT_EXCEEDED: client unresolved admission ceiling
13109	1789131327653	2	257	admitted	admit=112ms
13120	1789131327663	1	268	admit-ceiling	LIMIT_EXCEEDED: client unresolved admission ceiling
13134	1789131327677	2	212	admit-ceiling	LIMIT_EXCEEDED: client unresolved admission ceiling
13145	1789131327688	1	238	admit-ceiling	LIMIT_EXCEEDED: client unresolved admission ceiling
13159	1789131327702	1	52	admit-ceiling	LIMIT_EXCEEDED: client unresolved admission ceiling
13159	1789131327703	1	67	admit-ceiling	LIMIT_EXCEEDED: client unresolved admission ceiling
13159	1789131327703	1	73	admit-ceiling	LIMIT_EXCEEDED: client unresolved admission ceiling
13160	1789131327703	1	55	admit-ceiling	LIMIT_EXCEEDED: client unresolved admission ceiling
13187	1789131327730	1	283	admit-retried	succeeded after 2 refusals
13187	1789131327730	1	283	admitted	admit=743ms
13205	1789131327748	0	246	admit-retried	succeeded after 1 refusals
13205	1789131327748	0	246	admitted	admit=292ms
13328	1789131327871	0	249	admitted	admit=350ms
13334	1789131327878	0	252	admit-refused	authority refusal LIMIT_EXCEEDED: aggregate admission capacity exhausted
13347	1789131327890	0	240	admit-refused	authority refusal LIMIT_EXCEEDED: aggregate admission capacity exhausted
13369	1789131327912	2	260	admitted	admit=259ms
13405	1789131327948	0	255	admit-refused	authority refusal LIMIT_EXCEEDED: aggregate admission capacity exhausted
13450	1789131327993	2	263	admitted	admit=81ms
13485	1789131328028	0	252	admit-refused	authority refusal LIMIT_EXCEEDED: aggregate admission capacity exhausted
13514	1789131328058	0	240	admit-refused	authority refusal LIMIT_EXCEEDED: aggregate admission capacity exhausted
13538	1789131328082	2	266	admitted	admit=87ms
13548	1789131328091	0	255	admit-refused	authority refusal LIMIT_EXCEEDED: aggregate admission capacity exhausted
13596	1789131328139	0	78	admit-ceiling	LIMIT_EXCEEDED: client unresolved admission ceiling
13596	1789131328139	0	87	admit-ceiling	LIMIT_EXCEEDED: client unresolved admission ceiling
13644	1789131328187	0	63	admit-ceiling	LIMIT_EXCEEDED: client unresolved admission ceiling
13687	1789131328230	0	252	admit-ceiling	LIMIT_EXCEEDED: client unresolved admission ceiling
13694	1789131328237	0	81	admit-refused	authority refusal LIMIT_EXCEEDED: aggregate admission capacity exhausted
13695	1789131328238	1	289	admitted	admit=772ms
13718	1789131328262	0	84	admit-refused	authority refusal LIMIT_EXCEEDED: aggregate admission capacity exhausted
13750	1789131328293	2	269	admitted	admit=211ms
13773	1789131328317	1	295	admitted	admit=78ms
13776	1789131328319	2	74	admit-ceiling	LIMIT_EXCEEDED: client unresolved admission ceiling
13776	1789131328319	2	86	admit-ceiling	LIMIT_EXCEEDED: client unresolved admission ceiling
13776	1789131328319	2	65	admit-ceiling	LIMIT_EXCEEDED: client unresolved admission ceiling
13776	1789131328319	2	68	admit-ceiling	LIMIT_EXCEEDED: client unresolved admission ceiling
13776	1789131328320	2	71	admit-ceiling	LIMIT_EXCEEDED: client unresolved admission ceiling
13777	1789131328320	2	89	admit-ceiling	LIMIT_EXCEEDED: client unresolved admission ceiling
13777	1789131328320	2	83	admit-ceiling	LIMIT_EXCEEDED: client unresolved admission ceiling
13850	1789131328393	0	255	admit-refused	authority refusal LIMIT_EXCEEDED: aggregate admission capacity exhausted
13851	1789131328395	0	240	admit-retried	succeeded after 2 refusals
13851	1789131328395	0	240	admitted	admit=1186ms
13902	1789131328445	1	280	admit-ceiling	LIMIT_EXCEEDED: client unresolved admission ceiling
13922	1789131328465	1	268	admit-ceiling	LIMIT_EXCEEDED: client unresolved admission ceiling
13923	1789131328466	1	292	admit-refused	authority refusal LIMIT_EXCEEDED: aggregate admission capacity exhausted
13978	1789131328521	2	272	admitted	admit=227ms
13997	1789131328540	2	95	admit-ceiling	LIMIT_EXCEEDED: client unresolved admission ceiling
13997	1789131328540	2	107	admit-ceiling	LIMIT_EXCEEDED: client unresolved admission ceiling
14026	1789131328569	2	164	admit-ceiling	LIMIT_EXCEEDED: client unresolved admission ceiling
14040	1789131328583	1	79	admit-ceiling	LIMIT_EXCEEDED: client unresolved admission ceiling
14057	1789131328600	1	298	admit-refused	authority refusal LIMIT_EXCEEDED: aggregate admission capacity exhausted
14071	1789131328614	2	275	admitted	admit=92ms
14113	1789131328656	0	48	admit-retried	succeeded after 7 refusals
14113	1789131328656	0	48	admitted	admit=12703ms
14114	1789131328657	0	60	admit-ceiling	LIMIT_EXCEEDED: client unresolved admission ceiling
14148	1789131328691	0	261	admit-ceiling	LIMIT_EXCEEDED: client unresolved admission ceiling
14176	1789131328720	1	22	admit-refused	authority refusal LIMIT_EXCEEDED: aggregate admission capacity exhausted
14203	1789131328746	0	252	admit-retried	succeeded after 3 refusals
14203	1789131328746	0	252	admitted	admit=997ms
14210	1789131328754	1	298	admit-refused	authority refusal LIMIT_EXCEEDED: aggregate admission capacity exhausted
14251	1789131328794	0	261	admit-ceiling	LIMIT_EXCEEDED: client unresolved admission ceiling
14252	1789131328795	0	255	admit-ceiling	LIMIT_EXCEEDED: client unresolved admission ceiling
14274	1789131328817	0	264	admit-refused	authority refusal LIMIT_EXCEEDED: aggregate admission capacity exhausted
14299	1789131328843	1	292	admit-refused	authority refusal LIMIT_EXCEEDED: aggregate admission capacity exhausted
14384	1789131328927	2	278	admitted	admit=313ms
14442	1789131328986	2	206	admit-ceiling	LIMIT_EXCEEDED: client unresolved admission ceiling
14452	1789131328995	0	261	admit-ceiling	LIMIT_EXCEEDED: client unresolved admission ceiling
14477	1789131329021	2	215	admit-retried	succeeded after 3 refusals
14477	1789131329021	2	215	admitted	admit=4436ms
14522	1789131329065	2	251	admit-refused	authority refusal LIMIT_EXCEEDED: aggregate admission capacity exhausted
14541	1789131329084	0	156	admit-retried	succeeded after 5 refusals
14541	1789131329084	0	156	admitted	admit=7490ms
14572	1789131329116	2	284	admit-refused	authority refusal LIMIT_EXCEEDED: aggregate admission capacity exhausted
14596	1789131329139	0	264	admit-retried	succeeded after 1 refusals
14596	1789131329139	0	264	admitted	admit=392ms
14613	1789131329156	0	66	admit-refused	authority refusal LIMIT_EXCEEDED: aggregate admission capacity exhausted
14654	1789131329197	0	267	admitted	admit=112ms
14672	1789131329215	0	270	admit-refused	authority refusal LIMIT_EXCEEDED: aggregate admission capacity exhausted
14684	1789131329228	1	193	admit-ceiling	LIMIT_EXCEEDED: client unresolved admission ceiling
14718	1789131329261	0	273	admit-refused	authority refusal LIMIT_EXCEEDED: aggregate admission capacity exhausted
14720	1789131329263	2	284	admit-refused	authority refusal LIMIT_EXCEEDED: aggregate admission capacity exhausted
14766	1789131329309	1	265	admit-retried	succeeded after 5 refusals
14766	1789131329309	1	265	admitted	admit=3318ms
14799	1789131329342	1	292	admit-refused	authority refusal LIMIT_EXCEEDED: aggregate admission capacity exhausted
14850	1789131329393	0	273	admit-refused	authority refusal LIMIT_EXCEEDED: aggregate admission capacity exhausted
14864	1789131329407	0	270	admit-retried	succeeded after 1 refusals
14864	1789131329407	0	270	admitted	admit=267ms
14878	1789131329421	1	298	admit-refused	authority refusal LIMIT_EXCEEDED: aggregate admission capacity exhausted
14889	1789131329433	1	301	admitted	admit=122ms
14938	1789131329481	0	276	admit-refused	authority refusal LIMIT_EXCEEDED: aggregate admission capacity exhausted
14952	1789131329495	0	261	admit-retried	succeeded after 3 refusals
14952	1789131329495	0	261	admitted	admit=838ms
14959	1789131329502	1	304	admit-refused	authority refusal LIMIT_EXCEEDED: aggregate admission capacity exhausted
14999	1789131329542	2	284	admit-retried	succeeded after 2 refusals
14999	1789131329542	2	284	admitted	admit=521ms
15008	1789131329551	0	279	admit-refused	authority refusal LIMIT_EXCEEDED: aggregate admission capacity exhausted
15099	1789131329642	0	258	admit-refused	authority refusal LIMIT_EXCEEDED: aggregate admission capacity exhausted
15156	1789131329699	0	255	admit-refused	authority refusal LIMIT_EXCEEDED: aggregate admission capacity exhausted
15157	1789131329700	0	276	admit-retried	succeeded after 1 refusals
15157	1789131329700	0	276	admitted	admit=292ms
15247	1789131329790	2	251	admit-retried	succeeded after 1 refusals
15247	1789131329790	2	251	admitted	admit=2709ms
15254	1789131329797	1	292	admit-refused	authority refusal LIMIT_EXCEEDED: aggregate admission capacity exhausted
15265	1789131329808	1	304	admit-retried	succeeded after 1 refusals
15265	1789131329808	1	304	admitted	admit=375ms
15327	1789131329870	0	279	admit-refused	authority refusal LIMIT_EXCEEDED: aggregate admission capacity exhausted
15331	1789131329874	2	287	admitted	admit=331ms
15349	1789131329893	0	282	admitted	admit=192ms
15392	1789131329935	1	307	admit-refused	authority refusal LIMIT_EXCEEDED: aggregate admission capacity exhausted
15411	1789131329954	2	290	admitted	admit=164ms
15413	1789131329956	1	298	admit-refused	authority refusal LIMIT_EXCEEDED: aggregate admission capacity exhausted
15470	1789131330013	2	293	admitted	admit=138ms
15472	1789131330016	0	285	admitted	admit=122ms
15542	1789131330085	2	296	admitted	admit=130ms
15552	1789131330095	0	273	admit-refused	authority refusal LIMIT_EXCEEDED: aggregate admission capacity exhausted
15564	1789131330107	2	299	admit-refused	authority refusal LIMIT_EXCEEDED: aggregate admission capacity exhausted
15581	1789131330124	0	279	admit-refused	authority refusal LIMIT_EXCEEDED: aggregate admission capacity exhausted
15615	1789131330158	1	268	admit-refused	authority refusal LIMIT_EXCEEDED: aggregate admission capacity exhausted
15621	1789131330164	1	307	admit-retried	succeeded after 1 refusals
15621	1789131330164	1	307	admitted	admit=356ms
15631	1789131330174	2	302	admit-refused	authority refusal LIMIT_EXCEEDED: aggregate admission capacity exhausted
15746	1789131330289	2	299	admit-retried	succeeded after 1 refusals
15746	1789131330289	2	299	admitted	admit=276ms
15757	1789131330300	1	310	admitted	admit=135ms
15809	1789131330352	0	258	admit-retried	succeeded after 1 refusals
15809	1789131330352	0	258	admitted	admit=1956ms
15816	1789131330359	2	302	admit-refused	authority refusal LIMIT_EXCEEDED: aggregate admission capacity exhausted
15823	1789131330366	2	281	admit-refused	authority refusal LIMIT_EXCEEDED: aggregate admission capacity exhausted
15842	1789131330385	2	305	admit-refused	authority refusal LIMIT_EXCEEDED: aggregate admission capacity exhausted
15906	1789131330449	1	280	admit-refused	authority refusal LIMIT_EXCEEDED: aggregate admission capacity exhausted
15917	1789131330460	1	286	admitted	admit=3226ms
15919	1789131330462	1	313	admit-refused	authority refusal LIMIT_EXCEEDED: aggregate admission capacity exhausted
15935	1789131330478	0	114	admit-retried	succeeded after 7 refusals
15935	1789131330478	0	114	admitted	admit=11939ms
15983	1789131330526	0	279	admit-ceiling	LIMIT_EXCEEDED: client unresolved admission ceiling
16000	1789131330543	2	281	admit-refused	authority refusal LIMIT_EXCEEDED: aggregate admission capacity exhausted
16016	1789131330559	2	305	admit-retried	succeeded after 1 refusals
16016	1789131330559	2	305	admitted	admit=269ms
16039	1789131330582	1	316	admitted	admit=121ms
16071	1789131330614	0	273	admit-refused	authority refusal LIMIT_EXCEEDED: aggregate admission capacity exhausted
16159	1789131330702	0	294	admitted	admit=223ms
16167	1789131330710	1	292	admit-retried	succeeded after 4 refusals
16167	1789131330710	1	292	admitted	admit=2979ms
16189	1789131330733	2	302	admit-retried	succeeded after 2 refusals
16189	1789131330733	2	302	admitted	admit=647ms
16241	1789131330784	2	308	admit-refused	authority refusal LIMIT_EXCEEDED: aggregate admission capacity exhausted
16248	1789131330791	0	297	admitted	admit=88ms
16265	1789131330808	1	322	admitted	admit=98ms
16274	1789131330817	2	311	admit-refused	authority refusal LIMIT_EXCEEDED: aggregate admission capacity exhausted
16286	1789131330829	2	281	admit-refused	authority refusal LIMIT_EXCEEDED: aggregate admission capacity exhausted
16312	1789131330855	0	288	admitted	admit=839ms
16315	1789131330858	1	298	admit-retried	succeeded after 4 refusals
16315	1789131330858	1	298	admitted	admit=2541ms
16339	1789131330882	1	328	admit-ceiling	LIMIT_EXCEEDED: client unresolved admission ceiling
16346	1789131330889	1	238	admit-ceiling	LIMIT_EXCEEDED: client unresolved admission ceiling
16369	1789131330912	0	303	admit-refused	authority refusal LIMIT_EXCEEDED: aggregate admission capacity exhausted
16379	1789131330922	0	300	admit-refused	authority refusal LIMIT_EXCEEDED: aggregate admission capacity exhausted
16379	1789131330922	1	229	admit-refused	authority refusal LIMIT_EXCEEDED: aggregate admission capacity exhausted
16394	1789131330937	0	291	admit-refused	authority refusal LIMIT_EXCEEDED: aggregate admission capacity exhausted
16403	1789131330946	2	212	admit-retried	succeeded after 6 refusals
16403	1789131330946	2	212	admitted	admit=6590ms
16403	1789131330946	2	311	admit-refused	authority refusal LIMIT_EXCEEDED: aggregate admission capacity exhausted
16413	1789131330956	2	308	admit-refused	authority refusal LIMIT_EXCEEDED: aggregate admission capacity exhausted
16487	1789131331031	2	314	admit-refused	authority refusal LIMIT_EXCEEDED: aggregate admission capacity exhausted
16548	1789131331091	0	291	admit-refused	authority refusal LIMIT_EXCEEDED: aggregate admission capacity exhausted
16559	1789131331102	1	328	admit-refused	authority refusal LIMIT_EXCEEDED: aggregate admission capacity exhausted
16562	1789131331105	0	300	admit-retried	succeeded after 1 refusals
16562	1789131331105	0	300	admitted	admit=313ms
16569	1789131331112	0	303	admit-refused	authority refusal LIMIT_EXCEEDED: aggregate admission capacity exhausted
16572	1789131331115	1	313	admit-retried	succeeded after 1 refusals
16572	1789131331115	1	313	admitted	admit=814ms
16669	1789131331212	1	331	admitted	admit=96ms
16674	1789131331217	0	306	admit-refused	authority refusal LIMIT_EXCEEDED: aggregate admission capacity exhausted
16687	1789131331230	2	281	admit-ceiling	LIMIT_EXCEEDED: client unresolved admission ceiling
16712	1789131331255	2	308	admit-refused	authority refusal LIMIT_EXCEEDED: aggregate admission capacity exhausted
16715	1789131331259	1	157	admit-retried	succeeded after 7 refusals
16715	1789131331259	1	157	admitted	admit=11655ms
16723	1789131331266	2	314	admit-retried	succeeded after 1 refusals
16723	1789131331266	2	314	admitted	admit=320ms
16733	1789131331276	1	334	admit-refused	authority refusal LIMIT_EXCEEDED: aggregate admission capacity exhausted
16752	1789131331295	1	319	admit-refused	authority refusal LIMIT_EXCEEDED: aggregate admission capacity exhausted
16785	1789131331328	0	279	admit-ceiling	LIMIT_EXCEEDED: client outgoing stream ceiling
16796	1789131331339	1	337	admit-refused	authority refusal LIMIT_EXCEEDED: aggregate admission capacity exhausted
16862	1789131331405	1	325	admit-refused	authority refusal LIMIT_EXCEEDED: aggregate admission capacity exhausted
16873	1789131331417	0	273	admit-ceiling	LIMIT_EXCEEDED: client unresolved admission ceiling
16921	1789131331464	1	319	admit-retried	succeeded after 1 refusals
16921	1789131331464	1	319	admitted	admit=881ms
16926	1789131331469	0	306	admit-retried	succeeded after 1 refusals
16926	1789131331469	0	306	admitted	admit=363ms
16931	1789131331474	1	334	admit-refused	authority refusal LIMIT_EXCEEDED: aggregate admission capacity exhausted
16931	1789131331475	2	311	admit-retried	succeeded after 2 refusals
16931	1789131331475	2	311	admitted	admit=741ms
16951	1789131331494	1	337	admit-refused	authority refusal LIMIT_EXCEEDED: aggregate admission capacity exhausted
16971	1789131331514	0	303	admit-refused	authority refusal LIMIT_EXCEEDED: aggregate admission capacity exhausted
17016	1789131331559	1	325	admit-refused	authority refusal LIMIT_EXCEEDED: aggregate admission capacity exhausted
17029	1789131331572	0	309	admit-refused	authority refusal LIMIT_EXCEEDED: aggregate admission capacity exhausted
17029	1789131331572	1	328	admit-refused	authority refusal LIMIT_EXCEEDED: aggregate admission capacity exhausted
17035	1789131331579	2	320	admitted	admit=103ms
17041	1789131331584	1	340	admit-refused	authority refusal LIMIT_EXCEEDED: aggregate admission capacity exhausted
17131	1789131331674	0	309	admit-ceiling	LIMIT_EXCEEDED: client unresolved admission ceiling
17151	1789131331694	2	323	admitted	admit=115ms
17167	1789131331710	0	120	admit-ceiling	LIMIT_EXCEEDED: client unresolved admission ceiling
17178	1789131331721	2	308	admit-refused	authority refusal LIMIT_EXCEEDED: aggregate admission capacity exhausted
17248	1789131331791	2	326	admitted	admit=97ms
17265	1789131331808	1	340	admit-retried	succeeded after 1 refusals
17265	1789131331808	1	340	admitted	admit=343ms
17267	1789131331810	1	325	admit-refused	authority refusal LIMIT_EXCEEDED: aggregate admission capacity exhausted
17270	1789131331813	0	129	admit-retried	succeeded after 7 refusals
17270	1789131331813	0	129	admitted	admit=12244ms
17274	1789131331817	1	337	admit-refused	authority refusal LIMIT_EXCEEDED: aggregate admission capacity exhausted
17285	1789131331828	1	334	admit-refused	authority refusal LIMIT_EXCEEDED: aggregate admission capacity exhausted
17333	1789131331876	0	309	admit-ceiling	LIMIT_EXCEEDED: client unresolved admission ceiling
17349	1789131331892	2	329	admit-refused	authority refusal LIMIT_EXCEEDED: aggregate admission capacity exhausted
17352	1789131331896	1	343	admitted	admit=87ms
17373	1789131331916	0	303	admit-ceiling	LIMIT_EXCEEDED: client unresolved admission ceiling
17437	1789131331980	1	346	admit-refused	authority refusal LIMIT_EXCEEDED: aggregate admission capacity exhausted
17488	1789131332031	1	328	admit-retried	succeeded after 3 refusals
17488	1789131332031	1	328	admitted	admit=1172ms
17540	1789131332083	2	329	admit-retried	succeeded after 1 refusals
17540	1789131332083	2	329	admitted	admit=291ms
17550	1789131332093	2	281	admit-refused	authority refusal LIMIT_EXCEEDED: aggregate admission capacity exhausted
17565	1789131332108	2	185	admit-retried	succeeded after 5 refusals
17565	1789131332108	2	185	admitted	admit=9765ms
17572	1789131332116	1	349	admit-refused	authority refusal LIMIT_EXCEEDED: aggregate admission capacity exhausted
17631	1789131332174	2	332	admit-refused	authority refusal LIMIT_EXCEEDED: aggregate admission capacity exhausted
17686	1789131332229	1	334	admit-ceiling	LIMIT_EXCEEDED: client unresolved admission ceiling
17695	1789131332238	2	206	admit-refused	authority refusal LIMIT_EXCEEDED: aggregate admission capacity exhausted
17709	1789131332252	0	291	admit-retried	succeeded after 2 refusals
17709	1789131332252	0	291	admitted	admit=1899ms
17759	1789131332303	0	96	admit-retried	succeeded after 7 refusals
17759	1789131332303	0	96	admitted	admit=15418ms
17776	1789131332319	2	335	admit-refused	authority refusal LIMIT_EXCEEDED: aggregate admission capacity exhausted
17782	1789131332326	1	325	admit-retried	succeeded after 3 refusals
17782	1789131332326	1	325	admitted	admit=1516ms
17790	1789131332333	0	318	admit-ceiling	LIMIT_EXCEEDED: client unresolved admission ceiling
17801	1789131332344	1	337	admit-refused	authority refusal LIMIT_EXCEEDED: aggregate admission capacity exhausted
17814	1789131332357	1	349	admit-retried	succeeded after 1 refusals
17814	1789131332357	1	349	admitted	admit=325ms
17834	1789131332377	0	315	admit-refused	authority refusal LIMIT_EXCEEDED: aggregate admission capacity exhausted
17848	1789131332391	0	309	admit-retried	succeeded after 3 refusals
17848	1789131332391	0	309	admitted	admit=921ms
17868	1789131332411	0	312	admit-refused	authority refusal LIMIT_EXCEEDED: aggregate admission capacity exhausted
17892	1789131332435	0	255	admit-refused	authority refusal LIMIT_EXCEEDED: aggregate admission capacity exhausted
17920	1789131332463	0	321	admit-refused	authority refusal LIMIT_EXCEEDED: aggregate admission capacity exhausted
17922	1789131332465	1	352	admit-refused	authority refusal LIMIT_EXCEEDED: aggregate admission capacity exhausted
17925	1789131332468	1	355	admit-refused	authority refusal LIMIT_EXCEEDED: aggregate admission capacity exhausted
17946	1789131332489	2	335	admit-retried	succeeded after 1 refusals
17946	1789131332489	2	335	admitted	admit=380ms
17972	1789131332515	0	315	admit-refused	authority refusal LIMIT_EXCEEDED: aggregate admission capacity exhausted
17978	1789131332521	0	318	admit-retried	succeeded after 1 refusals
17978	1789131332521	0	318	admitted	admit=217ms
18024	1789131332567	0	312	admit-refused	authority refusal LIMIT_EXCEEDED: aggregate admission capacity exhausted
18080	1789131332623	0	321	admit-refused	authority refusal LIMIT_EXCEEDED: aggregate admission capacity exhausted
18081	1789131332624	2	308	admit-retried	succeeded after 4 refusals
18081	1789131332624	2	308	admitted	admit=2064ms
18082	1789131332625	0	324	admit-refused	authority refusal LIMIT_EXCEEDED: aggregate admission capacity exhausted
18099	1789131332642	2	332	admit-refused	authority refusal LIMIT_EXCEEDED: aggregate admission capacity exhausted
18100	1789131332643	2	338	admitted	admit=152ms
18120	1789131332664	1	352	admit-retried	succeeded after 1 refusals
18120	1789131332664	1	352	admitted	admit=306ms
18161	1789131332705	1	52	admit-ceiling	LIMIT_EXCEEDED: client unresolved admission ceiling
18162	1789131332705	1	67	admit-ceiling	LIMIT_EXCEEDED: client unresolved admission ceiling
18162	1789131332705	1	73	admit-ceiling	LIMIT_EXCEEDED: client unresolved admission ceiling
18186	1789131332729	2	344	admit-refused	authority refusal LIMIT_EXCEEDED: aggregate admission capacity exhausted
18208	1789131332751	2	341	admitted	admit=107ms
18218	1789131332761	1	55	admit-refused	authority refusal LIMIT_EXCEEDED: aggregate admission capacity exhausted
18234	1789131332777	1	358	admitted	admit=113ms
18252	1789131332795	0	303	admit-refused	authority refusal LIMIT_EXCEEDED: aggregate admission capacity exhausted
18281	1789131332824	0	312	admit-refused	authority refusal LIMIT_EXCEEDED: aggregate admission capacity exhausted
18328	1789131332871	2	347	admit-refused	authority refusal LIMIT_EXCEEDED: aggregate admission capacity exhausted
18456	1789131332999	1	361	admitted	admit=221ms
18480	1789131333023	0	279	admit-retried	succeeded after 5 refusals
18480	1789131333023	0	279	admitted	admit=3527ms
18483	1789131333026	1	355	admit-retried	succeeded after 1 refusals
18483	1789131333026	1	355	admitted	admit=668ms
18504	1789131333047	0	327	admit-ceiling	LIMIT_EXCEEDED: client unresolved admission ceiling
18529	1789131333072	2	332	admit-refused	authority refusal LIMIT_EXCEEDED: aggregate admission capacity exhausted
18565	1789131333108	0	273	admit-retried	succeeded after 5 refusals
18565	1789131333108	0	273	admitted	admit=3910ms
18573	1789131333116	2	344	admit-refused	authority refusal LIMIT_EXCEEDED: aggregate admission capacity exhausted
18598	1789131333141	0	78	admit-ceiling	LIMIT_EXCEEDED: client unresolved admission ceiling
18598	1789131333141	0	87	admit-ceiling	LIMIT_EXCEEDED: client unresolved admission ceiling
18605	1789131333148	0	327	admit-ceiling	LIMIT_EXCEEDED: client unresolved admission ceiling
18607	1789131333150	1	334	admit-refused	authority refusal LIMIT_EXCEEDED: aggregate admission capacity exhausted
18624	1789131333167	1	364	admitted	admit=140ms
18646	1789131333189	0	63	admit-ceiling	LIMIT_EXCEEDED: client unresolved admission ceiling
18664	1789131333207	0	330	admit-refused	authority refusal LIMIT_EXCEEDED: aggregate admission capacity exhausted
18687	1789131333231	2	317	admitted	admit=1963ms
18696	1789131333239	0	81	admit-ceiling	LIMIT_EXCEEDED: client unresolved admission ceiling
18720	1789131333263	0	84	admit-ceiling	LIMIT_EXCEEDED: client unresolved admission ceiling
18729	1789131333272	1	337	admit-refused	authority refusal LIMIT_EXCEEDED: aggregate admission capacity exhausted
18741	1789131333285	1	370	admitted	admit=117ms
18759	1789131333303	2	350	admit-refused	authority refusal LIMIT_EXCEEDED: aggregate admission capacity exhausted
18766	1789131333309	0	330	admit-ceiling	LIMIT_EXCEEDED: client unresolved admission ceiling
18778	1789131333322	2	83	admit-ceiling	LIMIT_EXCEEDED: client unresolved admission ceiling
18779	1789131333322	2	65	admit-ceiling	LIMIT_EXCEEDED: client unresolved admission ceiling
18779	1789131333322	2	71	admit-ceiling	LIMIT_EXCEEDED: client unresolved admission ceiling
18779	1789131333322	2	68	admit-ceiling	LIMIT_EXCEEDED: client unresolved admission ceiling
18779	1789131333322	2	89	admit-ceiling	LIMIT_EXCEEDED: client unresolved admission ceiling
18812	1789131333355	0	312	admit-retried	succeeded after 3 refusals
18812	1789131333355	0	312	admitted	admit=1541ms
18829	1789131333372	1	367	admit-refused	authority refusal LIMIT_EXCEEDED: aggregate admission capacity exhausted
18854	1789131333397	1	373	admitted	admit=111ms
18854	1789131333397	0	333	admit-ceiling	LIMIT_EXCEEDED: client unresolved admission ceiling
18862	1789131333405	2	350	admit-ceiling	LIMIT_EXCEEDED: client unresolved admission ceiling
18873	1789131333416	1	268	admit-refused	authority refusal LIMIT_EXCEEDED: aggregate admission capacity exhausted
18885	1789131333428	2	74	admit-refused	authority refusal LIMIT_EXCEEDED: aggregate admission capacity exhausted
18888	1789131333432	2	344	admit-retried	succeeded after 2 refusals
18888	1789131333432	2	344	admitted	admit=788ms
18917	1789131333460	1	376	admit-refused	authority refusal LIMIT_EXCEEDED: aggregate admission capacity exhausted
18947	1789131333490	0	327	admit-retried	succeeded after 2 refusals
18947	1789131333490	0	327	admitted	admit=466ms
18968	1789131333511	0	333	admit-ceiling	LIMIT_EXCEEDED: client unresolved admission ceiling
18968	1789131333511	0	330	admit-ceiling	LIMIT_EXCEEDED: client unresolved admission ceiling
18972	1789131333515	2	353	admit-refused	authority refusal LIMIT_EXCEEDED: aggregate admission capacity exhausted
18988	1789131333531	2	332	admit-refused	authority refusal LIMIT_EXCEEDED: aggregate admission capacity exhausted
19028	1789131333571	2	164	admit-ceiling	LIMIT_EXCEEDED: client unresolved admission ceiling
19044	1789131333587	1	367	admit-retried	succeeded after 1 refusals
19044	1789131333587	1	367	admitted	admit=561ms
19057	1789131333600	0	336	admitted	admit=110ms
19063	1789131333607	2	350	admit-ceiling	LIMIT_EXCEEDED: client unresolved admission ceiling
19073	1789131333616	2	353	admit-ceiling	LIMIT_EXCEEDED: client unresolved admission ceiling
19107	1789131333650	1	280	admit-ceiling	LIMIT_EXCEEDED: client unresolved admission ceiling
19116	1789131333659	0	60	admit-ceiling	LIMIT_EXCEEDED: client unresolved admission ceiling
19152	1789131333696	2	281	admit-ceiling	LIMIT_EXCEEDED: client unresolved admission ceiling
19159	1789131333702	1	79	admit-refused	authority refusal LIMIT_EXCEEDED: aggregate admission capacity exhausted
19162	1789131333705	1	379	admitted	admit=117ms
19170	1789131333713	0	333	admit-ceiling	LIMIT_EXCEEDED: client unresolved admission ceiling
19252	1789131333795	0	339	admitted	admit=194ms
19268	1789131333811	1	382	admit-refused	authority refusal LIMIT_EXCEEDED: aggregate admission capacity exhausted
19268	1789131333811	2	107	admit-retried	succeeded after 8 refusals
19268	1789131333811	2	107	admitted	admit=16799ms
19276	1789131333819	2	86	admit-refused	authority refusal LIMIT_EXCEEDED: aggregate admission capacity exhausted
19289	1789131333833	2	95	admit-retried	succeeded after 8 refusals
19289	1789131333833	2	95	admitted	admit=17756ms
19318	1789131333861	0	342	admit-refused	authority refusal LIMIT_EXCEEDED: aggregate admission capacity exhausted
19321	1789131333864	0	315	admit-retried	succeeded after 2 refusals
19321	1789131333864	0	315	admitted	admit=1611ms
19376	1789131333919	2	356	admit-refused	authority refusal LIMIT_EXCEEDED: aggregate admission capacity exhausted
19379	1789131333922	2	353	admit-retried	succeeded after 2 refusals
19379	1789131333922	2	353	admitted	admit=490ms
19418	1789131333961	0	330	admit-refused	authority refusal LIMIT_EXCEEDED: aggregate admission capacity exhausted
19427	1789131333970	0	345	admitted	admit=105ms
19477	1789131334021	2	356	admit-ceiling	LIMIT_EXCEEDED: client unresolved admission ceiling
19482	1789131334025	2	362	admit-refused	authority refusal LIMIT_EXCEEDED: aggregate admission capacity exhausted
19484	1789131334027	1	376	admit-refused	authority refusal LIMIT_EXCEEDED: aggregate admission capacity exhausted
19487	1789131334030	0	342	admit-refused	authority refusal LIMIT_EXCEEDED: aggregate admission capacity exhausted
19497	1789131334040	1	22	admit-refused	authority refusal LIMIT_EXCEEDED: aggregate admission capacity exhausted
19499	1789131334042	0	348	admit-refused	authority refusal LIMIT_EXCEEDED: aggregate admission capacity exhausted
19553	1789131334096	2	350	admit-retried	succeeded after 3 refusals
19553	1789131334096	2	350	admitted	admit=864ms
19598	1789131334142	0	324	admit-refused	authority refusal LIMIT_EXCEEDED: aggregate admission capacity exhausted
19646	1789131334190	1	382	admit-refused	authority refusal LIMIT_EXCEEDED: aggregate admission capacity exhausted
19655	1789131334198	2	359	admitted	admit=364ms
19662	1789131334205	2	362	admit-refused	authority refusal LIMIT_EXCEEDED: aggregate admission capacity exhausted
19705	1789131334249	0	348	admit-retried	succeeded after 1 refusals
19705	1789131334249	0	348	admitted	admit=278ms
19730	1789131334273	0	351	admit-ceiling	LIMIT_EXCEEDED: client unresolved admission ceiling
19779	1789131334322	0	342	admit-refused	authority refusal LIMIT_EXCEEDED: aggregate admission capacity exhausted
19785	1789131334328	0	333	admit-retried	succeeded after 3 refusals
19785	1789131334328	0	333	admitted	admit=972ms
19789	1789131334332	2	332	admit-ceiling	LIMIT_EXCEEDED: client unresolved admission ceiling
19828	1789131334371	1	376	admit-refused	authority refusal LIMIT_EXCEEDED: aggregate admission capacity exhausted
19832	1789131334375	0	351	admit-ceiling	LIMIT_EXCEEDED: client unresolved admission ceiling
19841	1789131334385	2	368	admit-refused	authority refusal LIMIT_EXCEEDED: aggregate admission capacity exhausted
19854	1789131334397	0	303	admit-ceiling	LIMIT_EXCEEDED: client unresolved admission ceiling
19887	1789131334430	1	382	admit-refused	authority refusal LIMIT_EXCEEDED: aggregate admission capacity exhausted
19902	1789131334445	0	324	admit-refused	authority refusal LIMIT_EXCEEDED: aggregate admission capacity exhausted
19905	1789131334448	1	193	admit-refused	authority refusal LIMIT_EXCEEDED: aggregate admission capacity exhausted
19943	1789131334486	2	368	admit-ceiling	LIMIT_EXCEEDED: client unresolved admission ceiling
20058	1789131334601	0	321	admit-refused	authority refusal LIMIT_EXCEEDED: aggregate admission capacity exhausted
20129	1789131334672	0	351	admit-retried	succeeded after 2 refusals
20129	1789131334672	0	351	admitted	admit=423ms
20145	1789131334688	2	368	admit-ceiling	LIMIT_EXCEEDED: client unresolved admission ceiling
20220	1789131334763	0	330	admit-ceiling	LIMIT_EXCEEDED: client unresolved admission ceiling
20221	1789131334765	2	365	admitted	admit=668ms
20268	1789131334811	0	357	admitted	admit=138ms
20329	1789131334873	0	342	admit-retried	succeeded after 3 refusals
20329	1789131334873	0	342	admitted	admit=1076ms
20331	1789131334874	1	337	admit-ceiling	LIMIT_EXCEEDED: client unresolved admission ceiling
20350	1789131334894	0	363	admit-ceiling	LIMIT_EXCEEDED: client unresolved admission ceiling
20358	1789131334901	2	371	admitted	admit=136ms
20371	1789131334914	0	360	admit-refused	authority refusal LIMIT_EXCEEDED: aggregate admission capacity exhausted
20381	1789131334924	0	324	admit-refused	authority refusal LIMIT_EXCEEDED: aggregate admission capacity exhausted
20382	1789131334925	2	362	admit-retried	succeeded after 2 refusals
20382	1789131334925	2	362	admitted	admit=1002ms
20394	1789131334937	0	354	admit-refused	authority refusal LIMIT_EXCEEDED: aggregate admission capacity exhausted
20412	1789131334955	1	382	admit-refused	authority refusal LIMIT_EXCEEDED: aggregate admission capacity exhausted
20423	1789131334966	1	334	admit-retried	succeeded after 5 refusals
20423	1789131334966	1	334	admitted	admit=3753ms
20430	1789131334974	1	376	admit-refused	authority refusal LIMIT_EXCEEDED: aggregate admission capacity exhausted
20495	1789131335038	2	374	admitted	admit=113ms
20496	1789131335039	0	354	admit-ceiling	LIMIT_EXCEEDED: client unresolved admission ceiling
20496	1789131335039	1	385	admit-refused	authority refusal LIMIT_EXCEEDED: aggregate admission capacity exhausted
20516	1789131335059	2	377	admitted	admit=134ms
20532	1789131335075	0	66	admit-refused	authority refusal LIMIT_EXCEEDED: aggregate admission capacity exhausted
20547	1789131335090	0	360	admit-refused	authority refusal LIMIT_EXCEEDED: aggregate admission capacity exhausted
20550	1789131335093	0	363	admit-refused	authority refusal LIMIT_EXCEEDED: aggregate admission capacity exhausted
20565	1789131335108	2	368	admit-ceiling	LIMIT_EXCEEDED: client unresolved admission ceiling
20635	1789131335179	2	383	admit-refused	authority refusal LIMIT_EXCEEDED: aggregate admission capacity exhausted
20638	1789131335182	2	380	admitted	admit=122ms
20667	1789131335210	1	385	admit-retried	succeeded after 1 refusals
20667	1789131335210	1	385	admitted	admit=244ms
20722	1789131335265	2	386	admitted	admit=83ms
20730	1789131335273	1	346	admit-refused	authority refusal LIMIT_EXCEEDED: aggregate admission capacity exhausted
20859	1789131335402	0	360	admit-retried	succeeded after 2 refusals
20859	1789131335402	0	360	admitted	admit=590ms
20883	1789131335426	1	388	admitted	admit=215ms
20926	1789131335470	0	366	admit-refused	authority refusal LIMIT_EXCEEDED: aggregate admission capacity exhausted
20937	1789131335480	0	363	admit-retried	succeeded after 2 refusals
20937	1789131335480	0	363	admitted	admit=606ms
20977	1789131335520	2	389	admitted	admit=254ms
21003	1789131335546	0	354	admit-retried	succeeded after 2 refusals
21003	1789131335546	0	354	admitted	admit=1217ms
21015	1789131335558	1	346	admit-retried	succeeded after 2 refusals
21015	1789131335558	1	346	admitted	admit=3662ms
21060	1789131335603	2	356	admit-refused	authority refusal LIMIT_EXCEEDED: aggregate admission capacity exhausted
21074	1789131335618	2	392	admit-refused	authority refusal LIMIT_EXCEEDED: aggregate admission capacity exhausted
21075	1789131335618	1	391	admitted	admit=191ms
21075	1789131335618	2	347	admit-retried	succeeded after 1 refusals
21075	1789131335618	2	347	admitted	admit=2866ms
21084	1789131335627	0	372	admit-refused	authority refusal LIMIT_EXCEEDED: aggregate admission capacity exhausted
21158	1789131335701	0	366	admit-refused	authority refusal LIMIT_EXCEEDED: aggregate admission capacity exhausted
21158	1789131335701	0	255	admit-retried	succeeded after 6 refusals
21158	1789131335701	0	255	admitted	admit=7830ms
21186	1789131335729	0	372	admit-ceiling	LIMIT_EXCEEDED: client unresolved admission ceiling
21213	1789131335757	1	394	admitted	admit=197ms
21255	1789131335799	2	392	admit-retried	succeeded after 1 refusals
21255	1789131335799	2	392	admitted	admit=278ms
21263	1789131335806	0	375	admit-refused	authority refusal LIMIT_EXCEEDED: aggregate admission capacity exhausted
21274	1789131335817	2	395	admitted	admit=198ms
21282	1789131335825	0	324	admit-refused	authority refusal LIMIT_EXCEEDED: aggregate admission capacity exhausted
21292	1789131335835	1	400	admit-refused	authority refusal LIMIT_EXCEEDED: aggregate admission capacity exhausted
21302	1789131335845	1	382	admit-retried	succeeded after 4 refusals
21302	1789131335845	1	382	admitted	admit=2139ms
21312	1789131335855	1	376	admit-refused	authority refusal LIMIT_EXCEEDED: aggregate admission capacity exhausted
21379	1789131335922	2	401	admit-refused	authority refusal LIMIT_EXCEEDED: aggregate admission capacity exhausted
21388	1789131335931	0	372	admit-ceiling	LIMIT_EXCEEDED: client unresolved admission ceiling
21394	1789131335937	1	400	admit-ceiling	LIMIT_EXCEEDED: client unresolved admission ceiling
21416	1789131335960	1	403	admit-refused	authority refusal LIMIT_EXCEEDED: aggregate admission capacity exhausted
21461	1789131336004	2	356	admit-ceiling	LIMIT_EXCEEDED: client unresolved admission ceiling
21470	1789131336013	1	229	admit-refused	authority refusal LIMIT_EXCEEDED: aggregate admission capacity exhausted
21473	1789131336016	0	366	admit-refused	authority refusal LIMIT_EXCEEDED: aggregate admission capacity exhausted
21481	1789131336024	2	401	admit-ceiling	LIMIT_EXCEEDED: client unresolved admission ceiling
21504	1789131336047	0	375	admit-refused	authority refusal LIMIT_EXCEEDED: aggregate admission capacity exhausted
21507	1789131336050	1	238	admit-refused	authority refusal LIMIT_EXCEEDED: aggregate admission capacity exhausted
21529	1789131336072	2	398	admit-refused	authority refusal LIMIT_EXCEEDED: aggregate admission capacity exhausted
21579	1789131336123	0	321	admit-refused	authority refusal LIMIT_EXCEEDED: aggregate admission capacity exhausted
21580	1789131336123	2	332	admit-refused	authority refusal LIMIT_EXCEEDED: aggregate admission capacity exhausted
21641	1789131336184	1	400	admit-refused	authority refusal LIMIT_EXCEEDED: aggregate admission capacity exhausted
21666	1789131336210	1	403	admit-refused	authority refusal LIMIT_EXCEEDED: aggregate admission capacity exhausted
21737	1789131336280	2	383	admit-refused	authority refusal LIMIT_EXCEEDED: aggregate admission capacity exhausted
21748	1789131336291	0	375	admit-refused	authority refusal LIMIT_EXCEEDED: aggregate admission capacity exhausted
21879	1789131336422	2	401	admit-retried	succeeded after 2 refusals
21879	1789131336422	2	401	admitted	admit=604ms
21908	1789131336451	0	330	admit-retried	succeeded after 5 refusals
21908	1789131336451	0	330	admitted	admit=3342ms
21919	1789131336462	1	403	admit-refused	authority refusal LIMIT_EXCEEDED: aggregate admission capacity exhausted
21919	1789131336462	1	397	admitted	admit=843ms
22010	1789131336553	2	404	admitted	admit=131ms
22010	1789131336553	2	383	admit-refused	authority refusal LIMIT_EXCEEDED: aggregate admission capacity exhausted
22018	1789131336562	0	378	admit-refused	authority refusal LIMIT_EXCEEDED: aggregate admission capacity exhausted
22018	1789131336562	0	366	admit-retried	succeeded after 3 refusals
22018	1789131336562	0	366	admitted	admit=1158ms
22089	1789131336632	2	407	admit-refused	authority refusal LIMIT_EXCEEDED: aggregate admission capacity exhausted
22130	1789131336673	1	400	admit-retried	succeeded after 3 refusals
22130	1789131336673	1	400	admitted	admit=916ms
22131	1789131336674	0	381	admit-refused	authority refusal LIMIT_EXCEEDED: aggregate admission capacity exhausted
22170	1789131336713	0	120	admit-ceiling	LIMIT_EXCEEDED: client unresolved admission ceiling
22186	1789131336729	1	406	admit-refused	authority refusal LIMIT_EXCEEDED: aggregate admission capacity exhausted
22198	1789131336741	0	375	admit-refused	authority refusal LIMIT_EXCEEDED: aggregate admission capacity exhausted
22211	1789131336754	0	378	admit-retried	succeeded after 1 refusals
22211	1789131336754	0	378	admitted	admit=302ms
22244	1789131336787	1	409	admitted	admit=113ms
22266	1789131336809	2	407	admit-retried	succeeded after 1 refusals
22266	1789131336809	2	407	admitted	admit=255ms
22331	1789131336874	0	384	admit-refused	authority refusal LIMIT_EXCEEDED: aggregate admission capacity exhausted
22350	1789131336893	1	406	admit-refused	authority refusal LIMIT_EXCEEDED: aggregate admission capacity exhausted
22354	1789131336897	2	281	admit-ceiling	LIMIT_EXCEEDED: client unresolved admission ceiling
22373	1789131336917	2	356	admit-refused	authority refusal LIMIT_EXCEEDED: aggregate admission capacity exhausted
22386	1789131336930	0	381	admit-refused	authority refusal LIMIT_EXCEEDED: aggregate admission capacity exhausted
22406	1789131336949	1	403	admit-retried	succeeded after 3 refusals
22406	1789131336949	1	403	admitted	admit=1104ms
22420	1789131336963	0	321	admit-refused	authority refusal LIMIT_EXCEEDED: aggregate admission capacity exhausted
22422	1789131336965	1	412	admit-refused	authority refusal LIMIT_EXCEEDED: aggregate admission capacity exhausted
22473	1789131337016	0	384	admit-refused	authority refusal LIMIT_EXCEEDED: aggregate admission capacity exhausted
22476	1789131337019	1	415	admit-refused	authority refusal LIMIT_EXCEEDED: aggregate admission capacity exhausted
22489	1789131337032	2	383	admit-refused	authority refusal LIMIT_EXCEEDED: aggregate admission capacity exhausted
22590	1789131337134	0	372	admit-retried	succeeded after 3 refusals
22590	1789131337134	0	372	admitted	admit=1587ms
22654	1789131337197	0	381	admit-refused	authority refusal LIMIT_EXCEEDED: aggregate admission capacity exhausted
22665	1789131337208	0	387	admit-refused	authority refusal LIMIT_EXCEEDED: aggregate admission capacity exhausted
22665	1789131337209	1	412	admit-refused	authority refusal LIMIT_EXCEEDED: aggregate admission capacity exhausted
22666	1789131337209	1	415	admit-retried	succeeded after 1 refusals
22666	1789131337209	1	415	admitted	admit=259ms
22687	1789131337230	1	406	admit-refused	authority refusal LIMIT_EXCEEDED: aggregate admission capacity exhausted
22721	1789131337264	2	410	admitted	admit=454ms
22759	1789131337302	0	369	admit-refused	authority refusal LIMIT_EXCEEDED: aggregate admission capacity exhausted
22762	1789131337305	1	418	admit-refused	authority refusal LIMIT_EXCEEDED: aggregate admission capacity exhausted
22781	1789131337324	2	206	admit-retried	succeeded after 7 refusals
22781	1789131337324	2	206	admitted	admit=13231ms
22811	1789131337354	2	413	admit-refused	authority refusal LIMIT_EXCEEDED: aggregate admission capacity exhausted
22829	1789131337372	2	368	admit-retried	succeeded after 4 refusals
22829	1789131337372	2	368	admitted	admit=3174ms
22857	1789131337400	0	384	admit-retried	succeeded after 2 refusals
22857	1789131337400	0	384	admitted	admit=645ms
22916	1789131337460	0	387	admit-retried	succeeded after 1 refusals
22916	1789131337460	0	387	admitted	admit=325ms
22941	1789131337484	2	419	admit-refused	authority refusal LIMIT_EXCEEDED: aggregate admission capacity exhausted
22960	1789131337503	2	416	admit-refused	authority refusal LIMIT_EXCEEDED: aggregate admission capacity exhausted
22973	1789131337516	2	413	admit-refused	authority refusal LIMIT_EXCEEDED: aggregate admission capacity exhausted
22991	1789131337534	0	390	admit-refused	authority refusal LIMIT_EXCEEDED: aggregate admission capacity exhausted
23003	1789131337546	1	412	admit-retried	succeeded after 2 refusals
23003	1789131337546	1	412	admitted	admit=758ms
23005	1789131337548	0	393	admit-refused	authority refusal LIMIT_EXCEEDED: aggregate admission capacity exhausted
23020	1789131337563	0	369	admit-refused	authority refusal LIMIT_EXCEEDED: aggregate admission capacity exhausted
23065	1789131337608	1	376	admit-retried	succeeded after 5 refusals
23065	1789131337608	1	376	admitted	admit=4210ms
23079	1789131337622	1	421	admit-refused	authority refusal LIMIT_EXCEEDED: aggregate admission capacity exhausted
23094	1789131337637	0	390	admit-ceiling	LIMIT_EXCEEDED: client unresolved admission ceiling
23097	1789131337640	0	375	admit-refused	authority refusal LIMIT_EXCEEDED: aggregate admission capacity exhausted
23102	1789131337645	2	419	admit-refused	authority refusal LIMIT_EXCEEDED: aggregate admission capacity exhausted
23116	1789131337659	2	416	admit-refused	authority refusal LIMIT_EXCEEDED: aggregate admission capacity exhausted
23132	1789131337675	2	398	admit-refused	authority refusal LIMIT_EXCEEDED: aggregate admission capacity exhausted
23148	1789131337692	0	393	admit-refused	authority refusal LIMIT_EXCEEDED: aggregate admission capacity exhausted
23164	1789131337707	0	381	admit-retried	succeeded after 3 refusals
23164	1789131337707	0	381	admitted	admit=1144ms
23164	1789131337707	1	52	admit-ceiling	LIMIT_EXCEEDED: client unresolved admission ceiling
23164	1789131337707	1	67	admit-ceiling	LIMIT_EXCEEDED: client unresolved admission ceiling
23172	1789131337715	1	406	admit-refused	authority refusal LIMIT_EXCEEDED: aggregate admission capacity exhausted
23191	1789131337734	1	424	admit-refused	authority refusal LIMIT_EXCEEDED: aggregate admission capacity exhausted
23216	1789131337759	0	324	admit-refused	authority refusal LIMIT_EXCEEDED: aggregate admission capacity exhausted
23218	1789131337761	1	73	admit-refused	authority refusal LIMIT_EXCEEDED: aggregate admission capacity exhausted
23226	1789131337769	0	303	admit-refused	authority refusal LIMIT_EXCEEDED: aggregate admission capacity exhausted
23244	1789131337787	1	421	admit-refused	authority refusal LIMIT_EXCEEDED: aggregate admission capacity exhausted
23247	1789131337790	0	396	admit-refused	authority refusal LIMIT_EXCEEDED: aggregate admission capacity exhausted
23266	1789131337809	0	369	admit-refused	authority refusal LIMIT_EXCEEDED: aggregate admission capacity exhausted
23303	1789131337847	1	55	admit-retried	succeeded after 9 refusals
23303	1789131337847	1	55	admitted	admit=22078ms
23333	1789131337876	2	398	admit-ceiling	LIMIT_EXCEEDED: client unresolved admission ceiling
23358	1789131337901	0	390	admit-refused	authority refusal LIMIT_EXCEEDED: aggregate admission capacity exhausted
23390	1789131337933	1	424	admit-retried	succeeded after 1 refusals
23390	1789131337933	1	424	admitted	admit=324ms
23409	1789131337952	0	396	admit-refused	authority refusal LIMIT_EXCEEDED: aggregate admission capacity exhausted
23443	1789131337986	2	413	admit-retried	succeeded after 2 refusals
23443	1789131337986	2	413	admitted	admit=721ms
23470	1789131338014	2	419	admit-refused	authority refusal LIMIT_EXCEEDED: aggregate admission capacity exhausted
23481	1789131338024	1	427	admit-refused	authority refusal LIMIT_EXCEEDED: aggregate admission capacity exhausted
23481	1789131338024	2	383	admit-retried	succeeded after 4 refusals
23481	1789131338024	2	383	admitted	admit=2964ms
23548	1789131338091	2	422	admit-refused	authority refusal LIMIT_EXCEEDED: aggregate admission capacity exhausted
23598	1789131338141	1	337	admit-retried	succeeded after 6 refusals
23598	1789131338141	1	337	admitted	admit=6882ms
23599	1789131338142	1	421	admit-refused	authority refusal LIMIT_EXCEEDED: aggregate admission capacity exhausted
23648	1789131338191	0	63	admit-ceiling	LIMIT_EXCEEDED: client unresolved admission ceiling
23668	1789131338211	0	369	admit-ceiling	LIMIT_EXCEEDED: client unresolved admission ceiling
23701	1789131338244	0	396	admit-retried	succeeded after 2 refusals
23701	1789131338244	0	396	admitted	admit=536ms
23735	1789131338278	0	399	admit-ceiling	LIMIT_EXCEEDED: client unresolved admission ceiling
23736	1789131338279	0	84	admit-ceiling	LIMIT_EXCEEDED: client unresolved admission ceiling
23738	1789131338281	2	425	admit-refused	authority refusal LIMIT_EXCEEDED: aggregate admission capacity exhausted
23745	1789131338288	2	422	admit-retried	succeeded after 1 refusals
23745	1789131338288	2	422	admitted	admit=302ms
23760	1789131338303	0	390	admit-ceiling	LIMIT_EXCEEDED: client unresolved admission ceiling
23781	1789131338324	2	71	admit-ceiling	LIMIT_EXCEEDED: client unresolved admission ceiling
23781	1789131338324	2	65	admit-ceiling	LIMIT_EXCEEDED: client unresolved admission ceiling
23782	1789131338325	2	68	admit-ceiling	LIMIT_EXCEEDED: client unresolved admission ceiling
23782	1789131338325	2	89	admit-ceiling	LIMIT_EXCEEDED: client unresolved admission ceiling
23823	1789131338366	2	428	admit-refused	authority refusal LIMIT_EXCEEDED: aggregate admission capacity exhausted
23826	1789131338369	2	398	admit-retried	succeeded after 3 refusals
23826	1789131338369	2	398	admitted	admit=2551ms
23826	1789131338369	1	430	admit-refused	authority refusal LIMIT_EXCEEDED: aggregate admission capacity exhausted
23837	1789131338380	0	399	admit-ceiling	LIMIT_EXCEEDED: client unresolved admission ceiling
23838	1789131338381	2	83	admit-refused	authority refusal LIMIT_EXCEEDED: aggregate admission capacity exhausted
23887	1789131338430	2	74	admit-ceiling	LIMIT_EXCEEDED: client unresolved admission ceiling
23924	1789131338467	2	428	admit-ceiling	LIMIT_EXCEEDED: client unresolved admission ceiling
23926	1789131338469	2	425	admit-refused	authority refusal LIMIT_EXCEEDED: aggregate admission capacity exhausted
23928	1789131338471	1	430	admit-ceiling	LIMIT_EXCEEDED: client unresolved admission ceiling
23974	1789131338517	1	406	admit-ceiling	LIMIT_EXCEEDED: client unresolved admission ceiling
24001	1789131338544	1	421	admit-ceiling	LIMIT_EXCEEDED: client unresolved admission ceiling
24021	1789131338564	0	321	admit-ceiling	LIMIT_EXCEEDED: client unresolved admission ceiling
24030	1789131338573	2	356	admit-refused	authority refusal LIMIT_EXCEEDED: aggregate admission capacity exhausted
24038	1789131338581	0	399	admit-ceiling	LIMIT_EXCEEDED: client unresolved admission ceiling
24073	1789131338616	0	393	admit-retried	succeeded after 2 refusals
24073	1789131338616	0	393	admitted	admit=1155ms
24112	1789131338655	1	427	admit-retried	succeeded after 1 refusals
24112	1789131338655	1	427	admitted	admit=807ms
24117	1789131338660	0	60	admit-ceiling	LIMIT_EXCEEDED: client unresolved admission ceiling
24126	1789131338669	2	428	admit-ceiling	LIMIT_EXCEEDED: client unresolved admission ceiling
24129	1789131338672	2	425	admit-ceiling	LIMIT_EXCEEDED: client unresolved admission ceiling
24139	1789131338682	1	436	admit-ceiling	LIMIT_EXCEEDED: client unresolved admission ceiling
24139	1789131338682	1	430	admit-ceiling	LIMIT_EXCEEDED: client unresolved admission ceiling
24161	1789131338704	1	79	admit-ceiling	LIMIT_EXCEEDED: client unresolved admission ceiling
24184	1789131338727	0	402	admitted	admit=110ms
24196	1789131338740	1	280	admit-retried	succeeded after 7 refusals
24196	1789131338740	1	280	admitted	admit=12059ms
24251	1789131338794	0	87	admit-retried	succeeded after 9 refusals
24251	1789131338794	0	87	admitted	admit=22756ms
24251	1789131338794	1	433	admitted	admit=652ms
24278	1789131338821	1	442	admit-ceiling	LIMIT_EXCEEDED: client unresolved admission ceiling
24278	1789131338821	2	86	admit-ceiling	LIMIT_EXCEEDED: client unresolved admission ceiling
24309	1789131338852	1	436	admit-refused	authority refusal LIMIT_EXCEEDED: aggregate admission capacity exhausted
24309	1789131338852	0	405	admitted	admit=124ms
24376	1789131338920	2	419	admit-retried	succeeded after 3 refusals
24376	1789131338920	2	419	admitted	admit=1547ms
24414	1789131338957	0	411	admitted	admit=104ms
24428	1789131338971	1	442	admit-refused	authority refusal LIMIT_EXCEEDED: aggregate admission capacity exhausted
24451	1789131338995	2	416	admit-retried	succeeded after 2 refusals
24451	1789131338995	2	416	admitted	admit=1670ms
24469	1789131339013	1	439	admit-refused	authority refusal LIMIT_EXCEEDED: aggregate admission capacity exhausted
24480	1789131339023	0	408	admitted	admit=229ms
24481	1789131339024	0	369	admit-ceiling	LIMIT_EXCEEDED: client unresolved admission ceiling
24491	1789131339034	2	434	admit-refused	authority refusal LIMIT_EXCEEDED: aggregate admission capacity exhausted
24501	1789131339044	0	78	admit-refused	authority refusal LIMIT_EXCEEDED: aggregate admission capacity exhausted
24530	1789131339073	2	425	admit-ceiling	LIMIT_EXCEEDED: client unresolved admission ceiling
24541	1789131339084	1	430	admit-ceiling	LIMIT_EXCEEDED: client unresolved admission ceiling
24562	1789131339105	0	390	admit-ceiling	LIMIT_EXCEEDED: client unresolved admission ceiling
24571	1789131339114	1	439	admit-ceiling	LIMIT_EXCEEDED: client unresolved admission ceiling
24580	1789131339123	1	436	admit-refused	authority refusal LIMIT_EXCEEDED: aggregate admission capacity exhausted
24586	1789131339130	2	428	admit-refused	authority refusal LIMIT_EXCEEDED: aggregate admission capacity exhausted
24599	1789131339142	2	437	admit-refused	authority refusal LIMIT_EXCEEDED: aggregate admission capacity exhausted
24602	1789131339146	0	399	admit-refused	authority refusal LIMIT_EXCEEDED: aggregate admission capacity exhausted
24638	1789131339181	2	434	admit-refused	authority refusal LIMIT_EXCEEDED: aggregate admission capacity exhausted
24658	1789131339201	1	268	admit-refused	authority refusal LIMIT_EXCEEDED: aggregate admission capacity exhausted
24668	1789131339211	1	442	admit-refused	authority refusal LIMIT_EXCEEDED: aggregate admission capacity exhausted
24678	1789131339221	0	81	admit-refused	authority refusal LIMIT_EXCEEDED: aggregate admission capacity exhausted
24681	1789131339224	1	22	admit-refused	authority refusal LIMIT_EXCEEDED: aggregate admission capacity exhausted
24733	1789131339277	2	431	admit-refused	authority refusal LIMIT_EXCEEDED: aggregate admission capacity exhausted
24736	1789131339279	2	164	admit-retried	succeeded after 8 refusals
24736	1789131339279	2	164	admitted	admit=17860ms
24740	1789131339283	0	414	admit-refused	authority refusal LIMIT_EXCEEDED: aggregate admission capacity exhausted
24746	1789131339289	2	437	admit-refused	authority refusal LIMIT_EXCEEDED: aggregate admission capacity exhausted
24801	1789131339345	0	375	admit-refused	authority refusal LIMIT_EXCEEDED: aggregate admission capacity exhausted
24851	1789131339394	2	332	admit-refused	authority refusal LIMIT_EXCEEDED: aggregate admission capacity exhausted
24888	1789131339431	1	421	admit-refused	authority refusal LIMIT_EXCEEDED: aggregate admission capacity exhausted
24909	1789131339453	1	439	admit-retried	succeeded after 2 refusals
24909	1789131339453	1	439	admitted	admit=712ms
24921	1789131339464	2	431	admit-refused	authority refusal LIMIT_EXCEEDED: aggregate admission capacity exhausted
24931	1789131339474	2	440	admitted	admit=194ms
24996	1789131339539	1	193	admit-refused	authority refusal LIMIT_EXCEEDED: aggregate admission capacity exhausted
24997	1789131339540	2	434	admit-refused	authority refusal LIMIT_EXCEEDED: aggregate admission capacity exhausted
25013	1789131339556	0	417	admitted	admit=532ms
25021	1789131339565	1	436	admit-refused	authority refusal LIMIT_EXCEEDED: aggregate admission capacity exhausted
25029	1789131339572	1	445	admit-refused	authority refusal LIMIT_EXCEEDED: aggregate admission capacity exhausted
25148	1789131339691	1	442	admit-retried	succeeded after 3 refusals
25148	1789131339691	1	442	admitted	admit=896ms
25230	1789131339773	1	448	admit-refused	authority refusal LIMIT_EXCEEDED: aggregate admission capacity exhausted
25230	1789131339773	2	437	admit-retried	succeeded after 2 refusals
25230	1789131339773	2	437	admitted	admit=778ms
25264	1789131339807	2	443	admit-refused	authority refusal LIMIT_EXCEEDED: aggregate admission capacity exhausted
25286	1789131339829	2	431	admit-retried	succeeded after 2 refusals
25286	1789131339829	2	431	admitted	admit=1460ms
25292	1789131339835	0	420	admitted	admit=278ms
25295	1789131339838	1	445	admit-retried	succeeded after 1 refusals
25295	1789131339838	1	445	admitted	admit=384ms
25370	1789131339913	2	446	admit-refused	authority refusal LIMIT_EXCEEDED: aggregate admission capacity exhausted
25398	1789131339941	2	434	admit-ceiling	LIMIT_EXCEEDED: client unresolved admission ceiling
25440	1789131339983	2	443	admit-refused	authority refusal LIMIT_EXCEEDED: aggregate admission capacity exhausted
25457	1789131340000	0	399	admit-refused	authority refusal LIMIT_EXCEEDED: aggregate admission capacity exhausted
25466	1789131340009	0	423	admitted	admit=173ms
25488	1789131340031	2	449	admit-refused	authority refusal LIMIT_EXCEEDED: aggregate admission capacity exhausted
25499	1789131340042	1	451	admitted	admit=204ms
25558	1789131340101	2	446	admit-refused	authority refusal LIMIT_EXCEEDED: aggregate admission capacity exhausted
25582	1789131340125	1	454	admit-refused	authority refusal LIMIT_EXCEEDED: aggregate admission capacity exhausted
25586	1789131340129	1	448	admit-retried	succeeded after 1 refusals
25586	1789131340129	1	448	admitted	admit=438ms
25589	1789131340132	0	426	admitted	admit=123ms
25684	1789131340227	1	454	admit-ceiling	LIMIT_EXCEEDED: client unresolved admission ceiling
25691	1789131340235	0	429	admitted	admit=101ms
25694	1789131340237	2	428	admit-refused	authority refusal LIMIT_EXCEEDED: aggregate admission capacity exhausted
25723	1789131340266	2	443	admit-refused	authority refusal LIMIT_EXCEEDED: aggregate admission capacity exhausted
25732	1789131340275	1	457	admitted	admit=144ms
25746	1789131340289	0	66	admit-refused	authority refusal LIMIT_EXCEEDED: aggregate admission capacity exhausted
25767	1789131340310	0	432	admit-refused	authority refusal LIMIT_EXCEEDED: aggregate admission capacity exhausted
25786	1789131340329	2	449	admit-refused	authority refusal LIMIT_EXCEEDED: aggregate admission capacity exhausted
25801	1789131340344	1	418	admit-refused	authority refusal LIMIT_EXCEEDED: aggregate admission capacity exhausted
25814	1789131340357	1	460	admit-refused	authority refusal LIMIT_EXCEEDED: aggregate admission capacity exhausted
25837	1789131340380	0	414	admit-retried	succeeded after 1 refusals
25837	1789131340380	0	414	admitted	admit=1422ms
25861	1789131340405	2	446	admit-retried	succeeded after 2 refusals
25862	1789131340405	2	446	admitted	admit=631ms
25887	1789131340430	1	406	admit-refused	authority refusal LIMIT_EXCEEDED: aggregate admission capacity exhausted
25912	1789131340455	1	436	admit-retried	succeeded after 4 refusals
25912	1789131340455	1	436	admitted	admit=1799ms
25944	1789131340487	0	432	admit-refused	authority refusal LIMIT_EXCEEDED: aggregate admission capacity exhausted
25966	1789131340509	1	454	admit-refused	authority refusal LIMIT_EXCEEDED: aggregate admission capacity exhausted
25983	1789131340526	0	435	admit-refused	authority refusal LIMIT_EXCEEDED: aggregate admission capacity exhausted
25997	1789131340540	2	425	admit-retried	succeeded after 4 refusals
25997	1789131340540	2	425	admitted	admit=2515ms
26100	1789131340643	2	449	admit-refused	authority refusal LIMIT_EXCEEDED: aggregate admission capacity exhausted
26146	1789131340689	1	463	admitted	admit=233ms
26196	1789131340740	0	435	admit-retried	succeeded after 1 refusals
26197	1789131340740	0	435	admitted	admit=359ms
26223	1789131340766	0	390	admit-refused	authority refusal LIMIT_EXCEEDED: aggregate admission capacity exhausted
26228	1789131340771	1	460	admit-refused	authority refusal LIMIT_EXCEEDED: aggregate admission capacity exhausted
26249	1789131340792	2	443	admit-retried	succeeded after 3 refusals
26249	1789131340792	2	443	admitted	admit=1317ms
26257	1789131340800	1	466	admitted	admit=111ms
26257	1789131340800	0	432	admit-retried	succeeded after 2 refusals
26257	1789131340800	0	432	admitted	admit=565ms
26304	1789131340847	1	430	admit-refused	authority refusal LIMIT_EXCEEDED: aggregate admission capacity exhausted
26336	1789131340879	0	441	admit-refused	authority refusal LIMIT_EXCEEDED: aggregate admission capacity exhausted
26342	1789131340885	2	458	admit-refused	authority refusal LIMIT_EXCEEDED: aggregate admission capacity exhausted
26344	1789131340888	0	438	admitted	admit=147ms
26451	1789131340994	0	444	admit-refused	authority refusal LIMIT_EXCEEDED: aggregate admission capacity exhausted
26472	1789131341015	1	229	admit-ceiling	LIMIT_EXCEEDED: client unresolved admission ceiling
26475	1789131341018	2	434	admit-retried	succeeded after 4 refusals
26475	1789131341018	2	434	admitted	admit=2097ms
26477	1789131341020	2	452	admit-refused	authority refusal LIMIT_EXCEEDED: aggregate admission capacity exhausted
26490	1789131341033	1	421	admit-ceiling	LIMIT_EXCEEDED: client unresolved admission ceiling
26508	1789131341051	1	238	admit-ceiling	LIMIT_EXCEEDED: client unresolved admission ceiling
26515	1789131341058	2	458	admit-refused	authority refusal LIMIT_EXCEEDED: aggregate admission capacity exhausted
26537	1789131341081	0	369	admit-retried	succeeded after 5 refusals
26537	1789131341081	0	369	admitted	admit=5600ms
26562	1789131341105	0	441	admit-refused	authority refusal LIMIT_EXCEEDED: aggregate admission capacity exhausted
26579	1789131341123	1	418	admit-refused	authority refusal LIMIT_EXCEEDED: aggregate admission capacity exhausted
26593	1789131341136	1	469	admitted	admit=334ms
26595	1789131341138	2	449	admit-refused	authority refusal LIMIT_EXCEEDED: aggregate admission capacity exhausted
26622	1789131341165	2	452	admit-refused	authority refusal LIMIT_EXCEEDED: aggregate admission capacity exhausted
26629	1789131341172	0	447	admit-refused	authority refusal LIMIT_EXCEEDED: aggregate admission capacity exhausted
26634	1789131341177	2	461	admit-refused	authority refusal LIMIT_EXCEEDED: aggregate admission capacity exhausted
26655	1789131341198	1	460	admit-refused	authority refusal LIMIT_EXCEEDED: aggregate admission capacity exhausted
26686	1789131341229	0	444	admit-retried	succeeded after 1 refusals
26686	1789131341229	0	444	admitted	admit=341ms
26694	1789131341238	1	472	admit-refused	authority refusal LIMIT_EXCEEDED: aggregate admission capacity exhausted
26697	1789131341240	2	455	admit-refused	authority refusal LIMIT_EXCEEDED: aggregate admission capacity exhausted
26749	1789131341292	1	454	admit-refused	authority refusal LIMIT_EXCEEDED: aggregate admission capacity exhausted
26823	1789131341366	0	447	admit-retried	succeeded after 1 refusals
26823	1789131341366	0	447	admitted	admit=285ms
26834	1789131341377	0	441	admit-refused	authority refusal LIMIT_EXCEEDED: aggregate admission capacity exhausted
26885	1789131341429	2	458	admit-retried	succeeded after 2 refusals
26885	1789131341429	2	458	admitted	admit=636ms
26894	1789131341437	0	453	admit-refused	authority refusal LIMIT_EXCEEDED: aggregate admission capacity exhausted
26897	1789131341440	1	472	admit-refused	authority refusal LIMIT_EXCEEDED: aggregate admission capacity exhausted
26899	1789131341443	0	450	admit-refused	authority refusal LIMIT_EXCEEDED: aggregate admission capacity exhausted
26902	1789131341445	2	455	admit-refused	authority refusal LIMIT_EXCEEDED: aggregate admission capacity exhausted
26907	1789131341450	2	452	admit-refused	authority refusal LIMIT_EXCEEDED: aggregate admission capacity exhausted
26964	1789131341507	2	464	admitted	admit=78ms
27069	1789131341612	2	467	admit-refused	authority refusal LIMIT_EXCEEDED: aggregate admission capacity exhausted
27074	1789131341617	1	418	admit-refused	authority refusal LIMIT_EXCEEDED: aggregate admission capacity exhausted
27114	1789131341657	1	460	admit-refused	authority refusal LIMIT_EXCEEDED: aggregate admission capacity exhausted
27145	1789131341688	2	455	admit-refused	authority refusal LIMIT_EXCEEDED: aggregate admission capacity exhausted
27158	1789131341701	1	472	admit-refused	authority refusal LIMIT_EXCEEDED: aggregate admission capacity exhausted
27171	1789131341714	0	120	admit-ceiling	LIMIT_EXCEEDED: client unresolved admission ceiling
27218	1789131341761	0	450	admit-retried	succeeded after 1 refusals
27218	1789131341761	0	450	admitted	admit=531ms
27239	1789131341783	0	321	admit-ceiling	LIMIT_EXCEEDED: client unresolved admission ceiling
27240	1789131341783	0	441	admit-ceiling	LIMIT_EXCEEDED: client unresolved admission ceiling
27249	1789131341792	2	467	admit-refused	authority refusal LIMIT_EXCEEDED: aggregate admission capacity exhausted
27306	1789131341849	0	456	admitted	admit=87ms
27341	1789131341884	2	356	admit-refused	authority refusal LIMIT_EXCEEDED: aggregate admission capacity exhausted
27367	1789131341910	2	461	admit-refused	authority refusal LIMIT_EXCEEDED: aggregate admission capacity exhausted
27375	1789131341918	0	453	admit-refused	authority refusal LIMIT_EXCEEDED: aggregate admission capacity exhausted
27393	1789131341937	2	452	admit-refused	authority refusal LIMIT_EXCEEDED: aggregate admission capacity exhausted
27406	1789131341949	2	281	admit-refused	authority refusal LIMIT_EXCEEDED: aggregate admission capacity exhausted
27408	1789131341952	0	459	admit-refused	authority refusal LIMIT_EXCEEDED: aggregate admission capacity exhausted
27433	1789131341976	2	449	admit-refused	authority refusal LIMIT_EXCEEDED: aggregate admission capacity exhausted
27437	1789131341981	0	399	admit-refused	authority refusal LIMIT_EXCEEDED: aggregate admission capacity exhausted
27489	1789131342032	2	467	admit-refused	authority refusal LIMIT_EXCEEDED: aggregate admission capacity exhausted
27569	1789131342113	0	459	admit-refused	authority refusal LIMIT_EXCEEDED: aggregate admission capacity exhausted
27620	1789131342163	2	461	admit-refused	authority refusal LIMIT_EXCEEDED: aggregate admission capacity exhausted
27622	1789131342165	2	455	admit-retried	succeeded after 3 refusals
27622	1789131342165	2	455	admitted	admit=1624ms
27665	1789131342209	0	453	admit-refused	authority refusal LIMIT_EXCEEDED: aggregate admission capacity exhausted
27703	1789131342246	0	324	admit-refused	authority refusal LIMIT_EXCEEDED: aggregate admission capacity exhausted
27725	1789131342268	1	472	admit-retried	succeeded after 3 refusals
27725	1789131342268	1	472	admitted	admit=1132ms
27766	1789131342309	1	454	admit-retried	succeeded after 4 refusals
27766	1789131342309	1	454	admitted	admit=2266ms
27818	1789131342361	2	470	admitted	admit=195ms
27853	1789131342396	1	475	admitted	admit=127ms
27898	1789131342441	1	478	admitted	admit=131ms
27921	1789131342464	0	459	admit-refused	authority refusal LIMIT_EXCEEDED: aggregate admission capacity exhausted
27925	1789131342468	1	460	admit-ceiling	LIMIT_EXCEEDED: client unresolved admission ceiling
27953	1789131342496	2	473	admitted	admit=135ms
27973	1789131342516	2	467	admit-refused	authority refusal LIMIT_EXCEEDED: aggregate admission capacity exhausted
28012	1789131342555	1	481	admit-refused	authority refusal LIMIT_EXCEEDED: aggregate admission capacity exhausted
28014	1789131342558	2	476	admit-refused	authority refusal LIMIT_EXCEEDED: aggregate admission capacity exhausted
28037	1789131342580	1	484	admitted	admit=137ms
28092	1789131342635	2	461	admit-refused	authority refusal LIMIT_EXCEEDED: aggregate admission capacity exhausted
28147	1789131342690	0	375	admit-retried	succeeded after 6 refusals
28147	1789131342690	0	375	admitted	admit=6988ms
28168	1789131342711	1	481	admit-refused	authority refusal LIMIT_EXCEEDED: aggregate admission capacity exhausted
28171	1789131342714	1	418	admit-retried	succeeded after 4 refusals
28171	1789131342714	1	418	admitted	admit=5504ms
28202	1789131342745	1	490	admit-ceiling	LIMIT_EXCEEDED: client unresolved admission ceiling
28219	1789131342762	1	73	admit-ceiling	LIMIT_EXCEEDED: client unresolved admission ceiling
28223	1789131342766	0	453	admit-retried	succeeded after 3 refusals
28223	1789131342766	0	453	admitted	admit=1399ms
28223	1789131342766	1	430	admit-refused	authority refusal LIMIT_EXCEEDED: aggregate admission capacity exhausted
28273	1789131342817	1	67	admit-refused	authority refusal LIMIT_EXCEEDED: aggregate admission capacity exhausted
28284	1789131342827	2	476	admit-retried	succeeded after 1 refusals
28284	1789131342827	2	476	admitted	admit=330ms
28328	1789131342871	2	452	admit-retried	succeeded after 4 refusals
28328	1789131342871	2	452	admitted	admit=2465ms
28341	1789131342885	0	465	admit-refused	authority refusal LIMIT_EXCEEDED: aggregate admission capacity exhausted
28348	1789131342891	1	487	admitted	admit=310ms
28369	1789131342912	0	462	admitted	admit=221ms
28418	1789131342961	2	482	admit-refused	authority refusal LIMIT_EXCEEDED: aggregate admission capacity exhausted
28443	1789131342986	0	465	admit-ceiling	LIMIT_EXCEEDED: client unresolved admission ceiling
28445	1789131342988	1	481	admit-refused	authority refusal LIMIT_EXCEEDED: aggregate admission capacity exhausted
28455	1789131342998	0	459	admit-refused	authority refusal LIMIT_EXCEEDED: aggregate admission capacity exhausted
28468	1789131343011	0	468	admit-refused	authority refusal LIMIT_EXCEEDED: aggregate admission capacity exhausted
28474	1789131343017	1	490	admit-refused	authority refusal LIMIT_EXCEEDED: aggregate admission capacity exhausted
28600	1789131343143	2	482	admit-retried	succeeded after 1 refusals
28600	1789131343144	2	482	admitted	admit=272ms
28665	1789131343208	0	468	admit-retried	succeeded after 1 refusals
28665	1789131343208	0	468	admitted	admit=295ms
28687	1789131343230	0	471	admit-ceiling	LIMIT_EXCEEDED: client unresolved admission ceiling
28695	1789131343238	1	52	admit-retried	succeeded after 10 refusals
28695	1789131343238	1	52	admitted	admit=27469ms
28711	1789131343254	2	485	admitted	admit=110ms
28729	1789131343272	0	63	admit-refused	authority refusal LIMIT_EXCEEDED: aggregate admission capacity exhausted
28772	1789131343315	1	496	admit-refused	authority refusal LIMIT_EXCEEDED: aggregate admission capacity exhausted
28784	1789131343328	2	65	admit-ceiling	LIMIT_EXCEEDED: client unresolved admission ceiling
28784	1789131343328	2	71	admit-ceiling	LIMIT_EXCEEDED: client unresolved admission ceiling
28785	1789131343328	2	89	admit-ceiling	LIMIT_EXCEEDED: client unresolved admission ceiling
28785	1789131343328	1	490	admit-retried	succeeded after 2 refusals
28785	1789131343328	1	490	admitted	admit=613ms
28785	1789131343328	2	68	admit-ceiling	LIMIT_EXCEEDED: client unresolved admission ceiling
28789	1789131343332	0	471	admit-ceiling	LIMIT_EXCEEDED: client unresolved admission ceiling
28862	1789131343405	2	488	admitted	admit=150ms
28862	1789131343405	2	467	admit-refused	authority refusal LIMIT_EXCEEDED: aggregate admission capacity exhausted
28878	1789131343421	1	499	admit-refused	authority refusal LIMIT_EXCEEDED: aggregate admission capacity exhausted
28890	1789131343433	2	74	admit-ceiling	LIMIT_EXCEEDED: client unresolved admission ceiling
28893	1789131343437	2	461	admit-ceiling	LIMIT_EXCEEDED: client unresolved admission ceiling
28900	1789131343443	1	481	admit-refused	authority refusal LIMIT_EXCEEDED: aggregate admission capacity exhausted
28943	1789131343487	1	496	admit-refused	authority refusal LIMIT_EXCEEDED: aggregate admission capacity exhausted
28954	1789131343497	0	465	admit-refused	authority refusal LIMIT_EXCEEDED: aggregate admission capacity exhausted
28956	1789131343499	2	491	admit-refused	authority refusal LIMIT_EXCEEDED: aggregate admission capacity exhausted
28956	1789131343500	0	84	admit-retried	succeeded after 10 refusals
28956	1789131343500	0	84	admitted	admit=27462ms
29059	1789131343602	2	491	admit-ceiling	LIMIT_EXCEEDED: client unresolved admission ceiling
29060	1789131343603	1	499	admit-retried	succeeded after 1 refusals
29060	1789131343603	1	499	admitted	admit=274ms
29073	1789131343617	0	474	admitted	admit=116ms
29105	1789131343649	2	428	admit-refused	authority refusal LIMIT_EXCEEDED: aggregate admission capacity exhausted
29115	1789131343658	0	471	admit-refused	authority refusal LIMIT_EXCEEDED: aggregate admission capacity exhausted
29158	1789131343701	1	406	admit-refused	authority refusal LIMIT_EXCEEDED: aggregate admission capacity exhausted
29168	1789131343711	1	502	admitted	admit=108ms
29187	1789131343730	2	449	admit-retried	succeeded after 5 refusals
29187	1789131343730	2	449	admitted	admit=3900ms
29196	1789131343739	0	60	admit-retried	succeeded after 10 refusals
29196	1789131343739	0	60	admitted	admit=27702ms
29197	1789131343740	2	83	admit-refused	authority refusal LIMIT_EXCEEDED: aggregate admission capacity exhausted
29256	1789131343800	0	459	admit-ceiling	LIMIT_EXCEEDED: client unresolved admission ceiling
29281	1789131343824	2	494	admit-refused	authority refusal LIMIT_EXCEEDED: aggregate admission capacity exhausted
29289	1789131343833	1	496	admit-retried	succeeded after 2 refusals
29289	1789131343833	1	496	admitted	admit=594ms
29289	1789131343833	0	480	admit-refused	authority refusal LIMIT_EXCEEDED: aggregate admission capacity exhausted
29297	1789131343840	1	79	admit-refused	authority refusal LIMIT_EXCEEDED: aggregate admission capacity exhausted
29323	1789131343866	1	505	admit-refused	authority refusal LIMIT_EXCEEDED: aggregate admission capacity exhausted
29327	1789131343871	2	491	admit-retried	succeeded after 2 refusals
29327	1789131343871	2	491	admitted	admit=464ms
29341	1789131343884	0	303	admit-refused	authority refusal LIMIT_EXCEEDED: aggregate admission capacity exhausted
29350	1789131343894	0	477	admitted	admit=276ms
29357	1789131343900	1	508	admit-refused	authority refusal LIMIT_EXCEEDED: aggregate admission capacity exhausted
29375	1789131343918	2	86	admit-refused	authority refusal LIMIT_EXCEEDED: aggregate admission capacity exhausted
29382	1789131343925	1	493	admit-refused	authority refusal LIMIT_EXCEEDED: aggregate admission capacity exhausted
29402	1789131343945	2	497	admit-refused	authority refusal LIMIT_EXCEEDED: aggregate admission capacity exhausted
29425	1789131343969	0	390	admit-ceiling	LIMIT_EXCEEDED: client unresolved admission ceiling
29441	1789131343984	2	494	admit-refused	authority refusal LIMIT_EXCEEDED: aggregate admission capacity exhausted
29451	1789131343995	0	465	admit-refused	authority refusal LIMIT_EXCEEDED: aggregate admission capacity exhausted
29510	1789131344053	1	508	admit-refused	authority refusal LIMIT_EXCEEDED: aggregate admission capacity exhausted
29512	1789131344055	2	479	admitted	admit=1228ms
29515	1789131344058	1	505	admit-retried	succeeded after 1 refusals
29515	1789131344058	1	505	admitted	admit=346ms
29517	1789131344060	0	471	admit-ceiling	LIMIT_EXCEEDED: client unresolved admission ceiling
29550	1789131344093	1	493	admit-refused	authority refusal LIMIT_EXCEEDED: aggregate admission capacity exhausted
29603	1789131344146	0	78	admit-retried	succeeded after 10 refusals
29603	1789131344146	0	78	admitted	admit=28108ms
29611	1789131344155	1	511	admit-refused	authority refusal LIMIT_EXCEEDED: aggregate admission capacity exhausted
29657	1789131344201	2	497	admit-retried	succeeded after 1 refusals
29657	1789131344201	2	497	admitted	admit=329ms
29658	1789131344201	1	460	admit-refused	authority refusal LIMIT_EXCEEDED: aggregate admission capacity exhausted
29679	1789131344222	0	81	admit-ceiling	LIMIT_EXCEEDED: client unresolved admission ceiling
29712	1789131344255	1	508	admit-ceiling	LIMIT_EXCEEDED: client unresolved admission ceiling
29713	1789131344256	1	511	admit-ceiling	LIMIT_EXCEEDED: client unresolved admission ceiling
29728	1789131344271	2	494	admit-refused	authority refusal LIMIT_EXCEEDED: aggregate admission capacity exhausted
29729	1789131344272	0	441	admit-refused	authority refusal LIMIT_EXCEEDED: aggregate admission capacity exhausted
29742	1789131344285	2	503	admit-refused	authority refusal LIMIT_EXCEEDED: aggregate admission capacity exhausted
29751	1789131344294	1	493	admit-ceiling	LIMIT_EXCEEDED: client unresolved admission ceiling
29776	1789131344319	2	500	admit-refused	authority refusal LIMIT_EXCEEDED: aggregate admission capacity exhausted
29854	1789131344397	1	22	admit-retried	succeeded after 10 refusals
29854	1789131344397	1	22	admitted	admit=29514ms
29916	1789131344459	1	511	admit-ceiling	LIMIT_EXCEEDED: client unresolved admission ceiling
29929	1789131344472	0	480	admit-retried	succeeded after 1 refusals
29929	1789131344472	0	480	admitted	admit=733ms
29938	1789131344481	2	500	admit-refused	authority refusal LIMIT_EXCEEDED: aggregate admission capacity exhausted
29943	1789131344486	1	514	admit-refused	authority refusal LIMIT_EXCEEDED: aggregate admission capacity exhausted
29950	1789131344493	2	503	admit-retried	succeeded after 1 refusals
29950	1789131344493	2	503	admitted	admit=291ms
29951	1789131344494	2	332	admit-refused	authority refusal LIMIT_EXCEEDED: aggregate admission capacity exhausted
29959	1789131344502	1	481	admit-refused	authority refusal LIMIT_EXCEEDED: aggregate admission capacity exhausted
30041	1789131344584	0	489	admitted	admit=111ms
30101	1789131344644	1	514	admit-refused	authority refusal LIMIT_EXCEEDED: aggregate admission capacity exhausted
30107	1789131344651	1	193	admit-retried	succeeded after 9 refusals
30107	1789131344651	1	193	admitted	admit=22303ms
30137	1789131344680	2	506	admitted	admit=186ms
30142	1789131344685	0	492	admitted	admit=100ms
30153	1789131344697	1	493	admit-ceiling	LIMIT_EXCEEDED: client unresolved admission ceiling
30223	1789131344766	0	483	admitted	admit=871ms
30255	1789131344798	1	517	admit-refused	authority refusal LIMIT_EXCEEDED: aggregate admission capacity exhausted
30265	1789131344808	2	500	admit-refused	authority refusal LIMIT_EXCEEDED: aggregate admission capacity exhausted
30269	1789131344812	2	509	admitted	admit=131ms
30285	1789131344828	2	494	admit-refused	authority refusal LIMIT_EXCEEDED: aggregate admission capacity exhausted
30308	1789131344851	0	495	admitted	admit=165ms
30308	1789131344852	0	498	admit-refused	authority refusal LIMIT_EXCEEDED: aggregate admission capacity exhausted
30317	1789131344860	1	511	admit-ceiling	LIMIT_EXCEEDED: client unresolved admission ceiling
30356	1789131344899	1	517	admit-ceiling	LIMIT_EXCEEDED: client unresolved admission ceiling
30390	1789131344933	1	514	admit-refused	authority refusal LIMIT_EXCEEDED: aggregate admission capacity exhausted
30393	1789131344936	0	501	admit-refused	authority refusal LIMIT_EXCEEDED: aggregate admission capacity exhausted
30398	1789131344941	1	508	admit-retried	succeeded after 3 refusals
30398	1789131344941	1	508	admitted	admit=1107ms
30468	1789131345011	0	498	admit-refused	authority refusal LIMIT_EXCEEDED: aggregate admission capacity exhausted
30485	1789131345029	1	520	admitted	admit=87ms
30512	1789131345055	2	512	admitted	admit=242ms
30530	1789131345073	0	471	admit-refused	authority refusal LIMIT_EXCEEDED: aggregate admission capacity exhausted
30569	1789131345112	2	461	admit-refused	authority refusal LIMIT_EXCEEDED: aggregate admission capacity exhausted
30575	1789131345118	2	467	admit-retried	succeeded after 5 refusals
30575	1789131345118	2	467	admitted	admit=3610ms
30585	1789131345128	0	486	admit-refused	authority refusal LIMIT_EXCEEDED: aggregate admission capacity exhausted
30588	1789131345131	0	501	admit-retried	succeeded after 1 refusals
30588	1789131345131	0	501	admitted	admit=279ms
30602	1789131345145	2	515	admit-refused	authority refusal LIMIT_EXCEEDED: aggregate admission capacity exhausted
30636	1789131345179	2	518	admit-refused	authority refusal LIMIT_EXCEEDED: aggregate admission capacity exhausted
30638	1789131345181	1	517	admit-retried	succeeded after 2 refusals
30638	1789131345181	1	517	admitted	admit=530ms
30657	1789131345200	0	504	admit-refused	authority refusal LIMIT_EXCEEDED: aggregate admission capacity exhausted
30679	1789131345223	0	399	admit-refused	authority refusal LIMIT_EXCEEDED: aggregate admission capacity exhausted
30735	1789131345278	1	526	admit-refused	authority refusal LIMIT_EXCEEDED: aggregate admission capacity exhausted
30743	1789131345286	1	421	admit-refused	authority refusal LIMIT_EXCEEDED: aggregate admission capacity exhausted
30752	1789131345295	0	498	admit-refused	authority refusal LIMIT_EXCEEDED: aggregate admission capacity exhausted
30753	1789131345296	2	500	admit-refused	authority refusal LIMIT_EXCEEDED: aggregate admission capacity exhausted
30776	1789131345319	2	518	admit-refused	authority refusal LIMIT_EXCEEDED: aggregate admission capacity exhausted
30802	1789131345345	2	515	admit-refused	authority refusal LIMIT_EXCEEDED: aggregate admission capacity exhausted
30810	1789131345353	0	504	admit-refused	authority refusal LIMIT_EXCEEDED: aggregate admission capacity exhausted
30812	1789131345355	0	486	admit-retried	succeeded after 1 refusals
30812	1789131345355	0	486	admitted	admit=1208ms
30833	1789131345376	0	66	admit-refused	authority refusal LIMIT_EXCEEDED: aggregate admission capacity exhausted
30898	1789131345441	1	514	admit-retried	succeeded after 3 refusals
30898	1789131345441	1	514	admitted	admit=1043ms
30898	1789131345441	0	507	admit-refused	authority refusal LIMIT_EXCEEDED: aggregate admission capacity exhausted
30940	1789131345483	1	526	admit-retried	succeeded after 1 refusals
30940	1789131345483	1	526	admitted	admit=301ms
30956	1789131345500	1	493	admit-ceiling	LIMIT_EXCEEDED: client unresolved admission ceiling
30972	1789131345515	0	459	admit-refused	authority refusal LIMIT_EXCEEDED: aggregate admission capacity exhausted
30973	1789131345517	1	529	admit-refused	authority refusal LIMIT_EXCEEDED: aggregate admission capacity exhausted
30995	1789131345539	1	532	admit-refused	authority refusal LIMIT_EXCEEDED: aggregate admission capacity exhausted
31096	1789131345639	0	507	admit-retried	succeeded after 1 refusals
31096	1789131345639	0	507	admitted	admit=283ms
31099	1789131345643	0	504	admit-refused	authority refusal LIMIT_EXCEEDED: aggregate admission capacity exhausted
31119	1789131345662	1	511	admit-ceiling	LIMIT_EXCEEDED: client unresolved admission ceiling
31171	1789131345714	1	529	admit-refused	authority refusal LIMIT_EXCEEDED: aggregate admission capacity exhausted
31172	1789131345715	2	494	admit-retried	succeeded after 4 refusals
31172	1789131345715	2	494	admitted	admit=1984ms
31183	1789131345726	1	532	admit-retried	succeeded after 1 refusals
31183	1789131345726	1	532	admitted	admit=242ms
31196	1789131345739	2	515	admit-retried	succeeded after 2 refusals
31196	1789131345739	2	515	admitted	admit=683ms
31213	1789131345756	0	498	admit-refused	authority refusal LIMIT_EXCEEDED: aggregate admission capacity exhausted
31232	1789131345775	0	510	admitted	admit=136ms
31308	1789131345851	2	521	admit-refused	authority refusal LIMIT_EXCEEDED: aggregate admission capacity exhausted
31321	1789131345865	0	513	admit-refused	authority refusal LIMIT_EXCEEDED: aggregate admission capacity exhausted
31333	1789131345877	2	524	admit-refused	authority refusal LIMIT_EXCEEDED: aggregate admission capacity exhausted
31361	1789131345904	1	535	admitted	admit=177ms
31398	1789131345941	0	441	admit-retried	succeeded after 5 refusals
31398	1789131345941	0	441	admitted	admit=5139ms
31414	1789131345957	0	465	admit-refused	authority refusal LIMIT_EXCEEDED: aggregate admission capacity exhausted
31425	1789131345968	1	430	admit-ceiling	LIMIT_EXCEEDED: client unresolved admission ceiling
31474	1789131346017	1	229	admit-ceiling	LIMIT_EXCEEDED: client unresolved admission ceiling
31481	1789131346024	0	516	admit-refused	authority refusal LIMIT_EXCEEDED: aggregate admission capacity exhausted
31509	1789131346052	1	238	admit-ceiling	LIMIT_EXCEEDED: client unresolved admission ceiling
31517	1789131346060	2	521	admit-retried	succeeded after 1 refusals
31517	1789131346060	2	521	admitted	admit=344ms
31558	1789131346101	2	524	admit-retried	succeeded after 1 refusals
31558	1789131346101	2	524	admitted	admit=361ms
31560	1789131346103	1	481	admit-ceiling	LIMIT_EXCEEDED: client unresolved admission ceiling
31582	1789131346125	2	527	admit-refused	authority refusal LIMIT_EXCEEDED: aggregate admission capacity exhausted
31617	1789131346160	2	500	admit-refused	authority refusal LIMIT_EXCEEDED: aggregate admission capacity exhausted
31630	1789131346173	2	530	admit-refused	authority refusal LIMIT_EXCEEDED: aggregate admission capacity exhausted
31637	1789131346180	0	504	admit-retried	succeeded after 3 refusals
31637	1789131346180	0	504	admitted	admit=1048ms
31687	1789131346230	0	516	admit-retried	succeeded after 1 refusals
31687	1789131346230	0	516	admitted	admit=289ms
31706	1789131346249	0	519	admit-refused	authority refusal LIMIT_EXCEEDED: aggregate admission capacity exhausted
31727	1789131346270	1	523	admitted	admit=1241ms
31759	1789131346303	2	527	admit-retried	succeeded after 1 refusals
31759	1789131346303	2	527	admitted	admit=241ms
31841	1789131346384	2	533	admit-refused	authority refusal LIMIT_EXCEEDED: aggregate admission capacity exhausted
31843	1789131346386	0	522	admitted	admit=155ms
31867	1789131346410	1	541	admitted	admit=140ms
31904	1789131346447	0	519	admit-refused	authority refusal LIMIT_EXCEEDED: aggregate admission capacity exhausted
31974	1789131346517	1	544	admit-refused	authority refusal LIMIT_EXCEEDED: aggregate admission capacity exhausted
31988	1789131346531	1	529	admit-refused	authority refusal LIMIT_EXCEEDED: aggregate admission capacity exhausted
32026	1789131346569	2	533	admit-retried	succeeded after 1 refusals
32026	1789131346569	2	533	admitted	admit=266ms
32135	1789131346678	2	536	admitted	admit=108ms
32138	1789131346681	0	525	admit-refused	authority refusal LIMIT_EXCEEDED: aggregate admission capacity exhausted
32143	1789131346686	0	498	admit-retried	succeeded after 4 refusals
32143	1789131346686	0	498	admitted	admit=1919ms
32153	1789131346696	0	519	admit-refused	authority refusal LIMIT_EXCEEDED: aggregate admission capacity exhausted
32174	1789131346717	1	544	admit-retried	succeeded after 1 refusals
32174	1789131346717	1	544	admitted	admit=306ms
32217	1789131346760	0	471	admit-refused	authority refusal LIMIT_EXCEEDED: aggregate admission capacity exhausted
32241	1789131346784	0	321	admit-ceiling	LIMIT_EXCEEDED: client unresolved admission ceiling
32249	1789131346792	2	530	admit-retried	succeeded after 1 refusals
32249	1789131346792	2	530	admitted	admit=690ms
32279	1789131346823	1	547	admitted	admit=105ms
32283	1789131346826	0	120	admit-refused	authority refusal LIMIT_EXCEEDED: aggregate admission capacity exhausted
32303	1789131346846	0	528	admit-refused	authority refusal LIMIT_EXCEEDED: aggregate admission capacity exhausted
32317	1789131346860	0	525	admit-refused	authority refusal LIMIT_EXCEEDED: aggregate admission capacity exhausted
32343	1789131346887	2	356	admit-ceiling	LIMIT_EXCEEDED: client unresolved admission ceiling
32364	1789131346907	2	428	admit-refused	authority refusal LIMIT_EXCEEDED: aggregate admission capacity exhausted
32367	1789131346910	2	542	admitted	admit=117ms
32380	1789131346923	2	518	admit-refused	authority refusal LIMIT_EXCEEDED: aggregate admission capacity exhausted
32426	1789131346969	1	538	admitted	admit=1064ms
32464	1789131347007	2	545	admit-refused	authority refusal LIMIT_EXCEEDED: aggregate admission capacity exhausted
32478	1789131347021	2	281	admit-refused	authority refusal LIMIT_EXCEEDED: aggregate admission capacity exhausted
32486	1789131347029	1	268	admit-refused	authority refusal LIMIT_EXCEEDED: aggregate admission capacity exhausted
32505	1789131347048	1	553	admit-refused	authority refusal LIMIT_EXCEEDED: aggregate admission capacity exhausted
32519	1789131347062	1	529	admit-refused	authority refusal LIMIT_EXCEEDED: aggregate admission capacity exhausted
32646	1789131347190	0	525	admit-retried	succeeded after 2 refusals
32647	1789131347190	0	525	admitted	admit=803ms
32698	1789131347241	2	545	admit-retried	succeeded after 1 refusals
32698	1789131347241	2	545	admitted	admit=331ms
32705	1789131347248	0	324	admit-ceiling	LIMIT_EXCEEDED: client unresolved admission ceiling
32720	1789131347263	0	531	admit-refused	authority refusal LIMIT_EXCEEDED: aggregate admission capacity exhausted
32728	1789131347271	0	519	admit-retried	succeeded after 3 refusals
32728	1789131347271	0	519	admitted	admit=1090ms
32741	1789131347284	1	493	admit-retried	succeeded after 5 refusals
32741	1789131347284	1	493	admitted	admit=4393ms
32793	1789131347337	2	548	admitted	admit=94ms
32826	1789131347369	1	556	admit-refused	authority refusal LIMIT_EXCEEDED: aggregate admission capacity exhausted
32831	1789131347374	0	534	admitted	admit=102ms
32851	1789131347394	1	511	admit-refused	authority refusal LIMIT_EXCEEDED: aggregate admission capacity exhausted
32943	1789131347487	2	551	admitted	admit=149ms
33008	1789131347552	1	556	admit-retried	succeeded after 1 refusals
33008	1789131347552	1	556	admitted	admit=266ms
33016	1789131347559	0	465	admit-ceiling	LIMIT_EXCEEDED: client unresolved admission ceiling
33068	1789131347612	0	537	admitted	admit=237ms
33106	1789131347649	1	550	admit-refused	authority refusal LIMIT_EXCEEDED: aggregate admission capacity exhausted
33116	1789131347660	0	513	admit-refused	authority refusal LIMIT_EXCEEDED: aggregate admission capacity exhausted
33121	1789131347665	1	559	admitted	admit=112ms
33168	1789131347711	0	540	admit-refused	authority refusal LIMIT_EXCEEDED: aggregate admission capacity exhausted
33215	1789131347758	0	528	admit-refused	authority refusal LIMIT_EXCEEDED: aggregate admission capacity exhausted
33242	1789131347785	1	460	admit-refused	authority refusal LIMIT_EXCEEDED: aggregate admission capacity exhausted
33244	1789131347788	1	562	admitted	admit=122ms
33273	1789131347816	1	550	admit-refused	authority refusal LIMIT_EXCEEDED: aggregate admission capacity exhausted
33314	1789131347857	1	73	admit-refused	authority refusal LIMIT_EXCEEDED: aggregate admission capacity exhausted
33318	1789131347861	2	500	admit-retried	succeeded after 5 refusals
33318	1789131347861	2	500	admitted	admit=3805ms
33415	1789131347958	1	67	admit-retried	succeeded after 11 refusals
33415	1789131347958	1	67	admitted	admit=32158ms
33475	1789131348018	1	550	admit-ceiling	LIMIT_EXCEEDED: client unresolved admission ceiling
33485	1789131348029	1	553	admit-refused	authority refusal LIMIT_EXCEEDED: aggregate admission capacity exhausted
33502	1789131348045	1	568	admit-refused	authority refusal LIMIT_EXCEEDED: aggregate admission capacity exhausted
33535	1789131348078	1	529	admit-refused	authority refusal LIMIT_EXCEEDED: aggregate admission capacity exhausted
33556	1789131348099	0	540	admit-retried	succeeded after 1 refusals
33556	1789131348099	0	540	admitted	admit=487ms
33628	1789131348171	0	543	admit-refused	authority refusal LIMIT_EXCEEDED: aggregate admission capacity exhausted
33638	1789131348181	0	528	admit-retried	succeeded after 2 refusals
33638	1789131348181	0	528	admitted	admit=1495ms
33719	1789131348262	0	531	admit-refused	authority refusal LIMIT_EXCEEDED: aggregate admission capacity exhausted
33730	1789131348273	0	546	admit-refused	authority refusal LIMIT_EXCEEDED: aggregate admission capacity exhausted
33771	1789131348314	2	461	admit-ceiling	LIMIT_EXCEEDED: client unresolved admission ceiling
33787	1789131348330	2	68	admit-ceiling	LIMIT_EXCEEDED: client unresolved admission ceiling
33787	1789131348330	2	65	admit-ceiling	LIMIT_EXCEEDED: client unresolved admission ceiling
33787	1789131348330	2	89	admit-ceiling	LIMIT_EXCEEDED: client unresolved admission ceiling
33787	1789131348330	2	71	admit-ceiling	LIMIT_EXCEEDED: client unresolved admission ceiling
33815	1789131348358	1	568	admit-retried	succeeded after 1 refusals
33815	1789131348358	1	568	admitted	admit=400ms
33861	1789131348404	1	553	admit-retried	succeeded after 2 refusals
33861	1789131348404	1	553	admitted	admit=1434ms
33874	1789131348417	0	63	admit-refused	authority refusal LIMIT_EXCEEDED: aggregate admission capacity exhausted
33887	1789131348430	0	546	admit-refused	authority refusal LIMIT_EXCEEDED: aggregate admission capacity exhausted
33891	1789131348434	2	74	admit-ceiling	LIMIT_EXCEEDED: client unresolved admission ceiling
33902	1789131348445	1	571	admitted	admit=86ms
33984	1789131348527	2	539	admitted	admit=1848ms
33991	1789131348534	0	543	admit-retried	succeeded after 1 refusals
33991	1789131348534	0	543	admitted	admit=434ms
34013	1789131348556	0	531	admit-refused	authority refusal LIMIT_EXCEEDED: aggregate admission capacity exhausted
34020	1789131348564	1	550	admit-refused	authority refusal LIMIT_EXCEEDED: aggregate admission capacity exhausted
34035	1789131348578	1	577	admit-refused	authority refusal LIMIT_EXCEEDED: aggregate admission capacity exhausted
34042	1789131348585	2	518	admit-retried	succeeded after 3 refusals
34042	1789131348585	2	518	admitted	admit=3466ms
34057	1789131348600	1	574	admit-refused	authority refusal LIMIT_EXCEEDED: aggregate admission capacity exhausted
34079	1789131348622	2	557	admitted	admit=760ms
34085	1789131348628	1	565	admit-refused	authority refusal LIMIT_EXCEEDED: aggregate admission capacity exhausted
34094	1789131348637	0	549	admit-refused	authority refusal LIMIT_EXCEEDED: aggregate admission capacity exhausted
34095	1789131348638	2	560	admitted	admit=110ms
34175	1789131348718	2	563	admitted	admit=132ms
34180	1789131348724	0	546	admit-retried	succeeded after 2 refusals
34180	1789131348724	0	546	admitted	admit=541ms
34207	1789131348751	2	83	admit-ceiling	LIMIT_EXCEEDED: client unresolved admission ceiling
34272	1789131348815	1	406	admit-refused	authority refusal LIMIT_EXCEEDED: aggregate admission capacity exhausted
34274	1789131348817	1	574	admit-retried	succeeded after 1 refusals
34274	1789131348817	1	574	admitted	admit=412ms
34288	1789131348831	0	552	admit-refused	authority refusal LIMIT_EXCEEDED: aggregate admission capacity exhausted
34291	1789131348834	1	577	admit-refused	authority refusal LIMIT_EXCEEDED: aggregate admission capacity exhausted
34340	1789131348884	2	572	admit-refused	authority refusal LIMIT_EXCEEDED: aggregate admission capacity exhausted
34346	1789131348889	2	569	admitted	admit=250ms
34349	1789131348892	0	459	admit-refused	authority refusal LIMIT_EXCEEDED: aggregate admission capacity exhausted
34354	1789131348897	2	554	admit-refused	authority refusal LIMIT_EXCEEDED: aggregate admission capacity exhausted
34401	1789131348944	0	513	admit-refused	authority refusal LIMIT_EXCEEDED: aggregate admission capacity exhausted
34413	1789131348956	1	79	admit-retried	succeeded after 11 refusals
34413	1789131348956	1	79	admitted	admit=32648ms
34416	1789131348959	1	580	admit-refused	authority refusal LIMIT_EXCEEDED: aggregate admission capacity exhausted
34427	1789131348970	0	390	admit-ceiling	LIMIT_EXCEEDED: client unresolved admission ceiling
34457	1789131349000	2	554	admit-ceiling	LIMIT_EXCEEDED: client unresolved admission ceiling
34459	1789131349002	1	565	admit-refused	authority refusal LIMIT_EXCEEDED: aggregate admission capacity exhausted
34464	1789131349007	0	552	admit-refused	authority refusal LIMIT_EXCEEDED: aggregate admission capacity exhausted
34483	1789131349026	2	86	admit-refused	authority refusal LIMIT_EXCEEDED: aggregate admission capacity exhausted
34512	1789131349056	1	583	admit-refused	authority refusal LIMIT_EXCEEDED: aggregate admission capacity exhausted
34528	1789131349071	2	572	admit-refused	authority refusal LIMIT_EXCEEDED: aggregate admission capacity exhausted
34543	1789131349086	0	303	admit-refused	authority refusal LIMIT_EXCEEDED: aggregate admission capacity exhausted
34565	1789131349108	1	580	admit-refused	authority refusal LIMIT_EXCEEDED: aggregate admission capacity exhausted
34567	1789131349110	1	577	admit-retried	succeeded after 2 refusals
34567	1789131349110	1	577	admitted	admit=664ms
34649	1789131349192	1	586	admit-refused	authority refusal LIMIT_EXCEEDED: aggregate admission capacity exhausted
34678	1789131349221	2	575	admit-refused	authority refusal LIMIT_EXCEEDED: aggregate admission capacity exhausted
34691	1789131349235	1	583	admit-refused	authority refusal LIMIT_EXCEEDED: aggregate admission capacity exhausted
34695	1789131349239	2	566	admit-refused	authority refusal LIMIT_EXCEEDED: aggregate admission capacity exhausted
34760	1789131349303	2	554	admit-retried	succeeded after 2 refusals
34760	1789131349303	2	554	admitted	admit=1815ms
34765	1789131349308	0	552	admit-retried	succeeded after 2 refusals
34765	1789131349308	0	552	admitted	admit=583ms
34803	1789131349346	0	513	admit-ceiling	LIMIT_EXCEEDED: client unresolved admission ceiling
34822	1789131349365	1	550	admit-ceiling	LIMIT_EXCEEDED: client unresolved admission ceiling
34860	1789131349403	0	555	admit-refused	authority refusal LIMIT_EXCEEDED: aggregate admission capacity exhausted
34866	1789131349409	0	531	admit-retried	succeeded after 3 refusals
34866	1789131349409	0	531	admitted	admit=2219ms
34914	1789131349458	1	580	admit-retried	succeeded after 2 refusals
34915	1789131349458	1	580	admitted	admit=640ms
34923	1789131349466	2	575	admit-refused	authority refusal LIMIT_EXCEEDED: aggregate admission capacity exhausted
34933	1789131349476	1	586	admit-retried	succeeded after 1 refusals
34933	1789131349476	1	586	admitted	admit=366ms
34946	1789131349489	0	549	admit-retried	succeeded after 1 refusals
34946	1789131349489	0	549	admitted	admit=954ms
34980	1789131349523	0	558	admitted	admit=113ms
34988	1789131349531	2	572	admit-refused	authority refusal LIMIT_EXCEEDED: aggregate admission capacity exhausted
35008	1789131349551	1	592	admit-ceiling	LIMIT_EXCEEDED: client unresolved admission ceiling
35029	1789131349572	1	583	admit-refused	authority refusal LIMIT_EXCEEDED: aggregate admission capacity exhausted
35044	1789131349587	0	555	admit-refused	authority refusal LIMIT_EXCEEDED: aggregate admission capacity exhausted
35050	1789131349593	2	332	admit-retried	succeeded after 8 refusals
35050	1789131349593	2	332	admitted	admit=17485ms
35074	1789131349617	0	561	admit-refused	authority refusal LIMIT_EXCEEDED: aggregate admission capacity exhausted
35089	1789131349632	0	564	admit-refused	authority refusal LIMIT_EXCEEDED: aggregate admission capacity exhausted
35133	1789131349676	2	581	admit-refused	authority refusal LIMIT_EXCEEDED: aggregate admission capacity exhausted
35137	1789131349680	1	529	admit-ceiling	LIMIT_EXCEEDED: client unresolved admission ceiling
35165	1789131349708	2	575	admit-refused	authority refusal LIMIT_EXCEEDED: aggregate admission capacity exhausted
35173	1789131349716	1	481	admit-refused	authority refusal LIMIT_EXCEEDED: aggregate admission capacity exhausted
35173	1789131349716	0	81	admit-refused	authority refusal LIMIT_EXCEEDED: aggregate admission capacity exhausted
35262	1789131349805	0	564	admit-refused	authority refusal LIMIT_EXCEEDED: aggregate admission capacity exhausted
35266	1789131349810	0	561	admit-retried	succeeded after 1 refusals
35266	1789131349810	0	561	admitted	admit=286ms
35325	1789131349868	2	581	admit-retried	succeeded after 1 refusals
35325	1789131349868	2	581	admitted	admit=274ms
35334	1789131349877	0	555	admit-refused	authority refusal LIMIT_EXCEEDED: aggregate admission capacity exhausted
35383	1789131349926	0	567	admitted	admit=116ms
35423	1789131349966	2	578	admit-refused	authority refusal LIMIT_EXCEEDED: aggregate admission capacity exhausted
35426	1789131349969	1	592	admit-refused	authority refusal LIMIT_EXCEEDED: aggregate admission capacity exhausted
35450	1789131349993	2	572	admit-refused	authority refusal LIMIT_EXCEEDED: aggregate admission capacity exhausted
35454	1789131349997	1	589	admit-refused	authority refusal LIMIT_EXCEEDED: aggregate admission capacity exhausted
35474	1789131350017	2	584	admit-refused	authority refusal LIMIT_EXCEEDED: aggregate admission capacity exhausted
35476	1789131350019	1	583	admit-refused	authority refusal LIMIT_EXCEEDED: aggregate admission capacity exhausted
35485	1789131350029	0	471	admit-refused	authority refusal LIMIT_EXCEEDED: aggregate admission capacity exhausted
35552	1789131350096	0	570	admitted	admit=168ms
35661	1789131350204	1	589	admit-retried	succeeded after 1 refusals
35661	1789131350204	1	589	admitted	admit=727ms
35714	1789131350257	1	592	admit-refused	authority refusal LIMIT_EXCEEDED: aggregate admission capacity exhausted
35728	1789131350271	0	399	admit-refused	authority refusal LIMIT_EXCEEDED: aggregate admission capacity exhausted
35767	1789131350311	1	595	admitted	admit=106ms
35806	1789131350349	0	555	admit-refused	authority refusal LIMIT_EXCEEDED: aggregate admission capacity exhausted
35862	1789131350406	1	598	admit-refused	authority refusal LIMIT_EXCEEDED: aggregate admission capacity exhausted
35915	1789131350458	0	66	admit-refused	authority refusal LIMIT_EXCEEDED: aggregate admission capacity exhausted
35915	1789131350458	0	573	admitted	admit=362ms
35921	1789131350464	1	421	admit-retried	succeeded after 7 refusals
35921	1789131350464	1	421	admitted	admit=12918ms
35988	1789131350532	2	584	admit-retried	succeeded after 1 refusals
35988	1789131350532	2	584	admitted	admit=663ms
36037	1789131350580	0	576	admit-refused	authority refusal LIMIT_EXCEEDED: aggregate admission capacity exhausted
36123	1789131350666	2	575	admit-retried	succeeded after 3 refusals
36123	1789131350666	2	575	admitted	admit=1776ms
36135	1789131350678	1	598	admit-refused	authority refusal LIMIT_EXCEEDED: aggregate admission capacity exhausted
36146	1789131350690	1	511	admit-retried	succeeded after 6 refusals
36146	1789131350690	1	511	admitted	admit=6631ms
36155	1789131350698	1	565	admit-refused	authority refusal LIMIT_EXCEEDED: aggregate admission capacity exhausted
36157	1789131350700	0	513	admit-retried	succeeded after 4 refusals
36157	1789131350700	0	513	admitted	admit=4924ms
36221	1789131350765	2	587	admitted	admit=232ms
36250	1789131350793	2	578	admit-refused	authority refusal LIMIT_EXCEEDED: aggregate admission capacity exhausted
36263	1789131350806	1	592	admit-refused	authority refusal LIMIT_EXCEEDED: aggregate admission capacity exhausted
36267	1789131350810	2	590	admitted	admit=143ms
36295	1789131350838	0	579	admit-refused	authority refusal LIMIT_EXCEEDED: aggregate admission capacity exhausted
36325	1789131350868	0	465	admit-refused	authority refusal LIMIT_EXCEEDED: aggregate admission capacity exhausted
36334	1789131350877	1	583	admit-refused	authority refusal LIMIT_EXCEEDED: aggregate admission capacity exhausted
36336	1789131350879	1	604	admitted	admit=188ms
36336	1789131350879	2	593	admit-refused	authority refusal LIMIT_EXCEEDED: aggregate admission capacity exhausted
36342	1789131350885	0	576	admit-refused	authority refusal LIMIT_EXCEEDED: aggregate admission capacity exhausted
36404	1789131350947	2	596	admitted	admit=136ms
36408	1789131350951	2	572	admit-refused	authority refusal LIMIT_EXCEEDED: aggregate admission capacity exhausted
36422	1789131350965	0	564	admit-refused	authority refusal LIMIT_EXCEEDED: aggregate admission capacity exhausted
36427	1789131350970	1	430	admit-ceiling	LIMIT_EXCEEDED: client unresolved admission ceiling
36475	1789131351018	1	607	admit-refused	authority refusal LIMIT_EXCEEDED: aggregate admission capacity exhausted
36482	1789131351026	0	579	admit-retried	succeeded after 1 refusals
36482	1789131351026	0	579	admitted	admit=325ms
36484	1789131351027	2	599	admit-refused	authority refusal LIMIT_EXCEEDED: aggregate admission capacity exhausted
36506	1789131351049	1	598	admit-refused	authority refusal LIMIT_EXCEEDED: aggregate admission capacity exhausted
36539	1789131351082	2	578	admit-refused	authority refusal LIMIT_EXCEEDED: aggregate admission capacity exhausted
36542	1789131351085	1	229	admit-refused	authority refusal LIMIT_EXCEEDED: aggregate admission capacity exhausted
36561	1789131351104	1	238	admit-refused	authority refusal LIMIT_EXCEEDED: aggregate admission capacity exhausted
36568	1789131351111	2	593	admit-refused	authority refusal LIMIT_EXCEEDED: aggregate admission capacity exhausted
36578	1789131351121	0	582	admit-refused	authority refusal LIMIT_EXCEEDED: aggregate admission capacity exhausted
36593	1789131351136	0	576	admit-refused	authority refusal LIMIT_EXCEEDED: aggregate admission capacity exhausted
36593	1789131351136	1	550	admit-refused	authority refusal LIMIT_EXCEEDED: aggregate admission capacity exhausted
36655	1789131351198	2	599	admit-refused	authority refusal LIMIT_EXCEEDED: aggregate admission capacity exhausted
36656	1789131351199	2	566	admit-retried	succeeded after 1 refusals
36656	1789131351199	2	566	admitted	admit=2561ms
36680	1789131351223	1	607	admit-refused	authority refusal LIMIT_EXCEEDED: aggregate admission capacity exhausted
36721	1789131351264	1	565	admit-refused	authority refusal LIMIT_EXCEEDED: aggregate admission capacity exhausted
36724	1789131351267	0	582	admit-refused	authority refusal LIMIT_EXCEEDED: aggregate admission capacity exhausted
36732	1789131351275	0	555	admit-retried	succeeded after 4 refusals
36732	1789131351275	0	555	admitted	admit=1966ms
36790	1789131351333	2	602	admit-refused	authority refusal LIMIT_EXCEEDED: aggregate admission capacity exhausted
36857	1789131351400	2	593	admit-retried	succeeded after 2 refusals
36857	1789131351400	2	593	admitted	admit=635ms
36947	1789131351490	2	599	admit-refused	authority refusal LIMIT_EXCEEDED: aggregate admission capacity exhausted
36948	1789131351492	0	585	admitted	admit=216ms
36980	1789131351523	2	605	admit-refused	authority refusal LIMIT_EXCEEDED: aggregate admission capacity exhausted
37018	1789131351561	2	578	admit-refused	authority refusal LIMIT_EXCEEDED: aggregate admission capacity exhausted
37022	1789131351566	2	602	admit-refused	authority refusal LIMIT_EXCEEDED: aggregate admission capacity exhausted
37032	1789131351575	0	582	admit-refused	authority refusal LIMIT_EXCEEDED: aggregate admission capacity exhausted
37050	1789131351593	1	598	admit-retried	succeeded after 3 refusals
37050	1789131351593	1	598	admitted	admit=1281ms
37050	1789131351594	0	588	admit-refused	authority refusal LIMIT_EXCEEDED: aggregate admission capacity exhausted
37069	1789131351612	0	576	admit-refused	authority refusal LIMIT_EXCEEDED: aggregate admission capacity exhausted
37095	1789131351639	0	564	admit-refused	authority refusal LIMIT_EXCEEDED: aggregate admission capacity exhausted
37115	1789131351658	1	607	admit-refused	authority refusal LIMIT_EXCEEDED: aggregate admission capacity exhausted
37184	1789131351727	1	592	admit-refused	authority refusal LIMIT_EXCEEDED: aggregate admission capacity exhausted
37207	1789131351750	0	588	admit-refused	authority refusal LIMIT_EXCEEDED: aggregate admission capacity exhausted
37246	1789131351789	1	610	admit-refused	authority refusal LIMIT_EXCEEDED: aggregate admission capacity exhausted
37366	1789131351909	2	428	admit-ceiling	LIMIT_EXCEEDED: client unresolved admission ceiling
37367	1789131351910	0	120	admit-refused	authority refusal LIMIT_EXCEEDED: aggregate admission capacity exhausted
37427	1789131351970	2	602	admit-retried	succeeded after 2 refusals
37427	1789131351970	2	602	admitted	admit=770ms
37484	1789131352027	2	356	admit-retried	succeeded after 8 refusals
37484	1789131352027	2	356	admitted	admit=18194ms
37516	1789131352060	2	611	admit-ceiling	LIMIT_EXCEEDED: client unresolved admission ceiling
37534	1789131352077	1	610	admit-retried	succeeded after 1 refusals
37534	1789131352077	1	610	admitted	admit=483ms
37543	1789131352086	0	588	admit-refused	authority refusal LIMIT_EXCEEDED: aggregate admission capacity exhausted
37562	1789131352105	1	613	admit-ceiling	LIMIT_EXCEEDED: client unresolved admission ceiling
37587	1789131352130	0	582	admit-refused	authority refusal LIMIT_EXCEEDED: aggregate admission capacity exhausted
37593	1789131352136	1	601	admit-refused	authority refusal LIMIT_EXCEEDED: aggregate admission capacity exhausted
37618	1789131352161	2	611	admit-ceiling	LIMIT_EXCEEDED: client unresolved admission ceiling
37629	1789131352172	1	565	admit-refused	authority refusal LIMIT_EXCEEDED: aggregate admission capacity exhausted
37729	1789131352272	2	608	admitted	admit=301ms
37743	1789131352286	1	601	admit-refused	authority refusal LIMIT_EXCEEDED: aggregate admission capacity exhausted
37752	1789131352295	1	607	admit-retried	succeeded after 3 refusals
37752	1789131352295	1	607	admitted	admit=1415ms
37766	1789131352309	1	613	admit-refused	authority refusal LIMIT_EXCEEDED: aggregate admission capacity exhausted
37784	1789131352327	0	324	admit-retried	succeeded after 8 refusals
37784	1789131352327	0	324	admitted	admit=19805ms
37821	1789131352364	2	611	admit-ceiling	LIMIT_EXCEEDED: client unresolved admission ceiling
37821	1789131352364	2	578	admit-ceiling	LIMIT_EXCEEDED: client unresolved admission ceiling
37843	1789131352386	1	268	admit-refused	authority refusal LIMIT_EXCEEDED: aggregate admission capacity exhausted
37882	1789131352425	1	616	admit-refused	authority refusal LIMIT_EXCEEDED: aggregate admission capacity exhausted
37903	1789131352446	2	614	admitted	admit=173ms
37962	1789131352505	0	576	admit-refused	authority refusal LIMIT_EXCEEDED: aggregate admission capacity exhausted
37967	1789131352510	2	281	admit-retried	succeeded after 9 refusals
37967	1789131352510	2	281	admitted	admit=23582ms
37975	1789131352519	0	591	admitted	admit=191ms
37980	1789131352524	0	564	admit-refused	authority refusal LIMIT_EXCEEDED: aggregate admission capacity exhausted
38002	1789131352545	2	599	admit-refused	authority refusal LIMIT_EXCEEDED: aggregate admission capacity exhausted
38052	1789131352596	0	588	admit-retried	succeeded after 3 refusals
38052	1789131352596	0	588	admitted	admit=1103ms
38062	1789131352605	0	594	admit-refused	authority refusal LIMIT_EXCEEDED: aggregate admission capacity exhausted
38063	1789131352606	1	583	admit-retried	succeeded after 5 refusals
38063	1789131352606	1	583	admitted	admit=3650ms
38065	1789131352608	1	613	admit-refused	authority refusal LIMIT_EXCEEDED: aggregate admission capacity exhausted
38073	1789131352616	1	616	admit-refused	authority refusal LIMIT_EXCEEDED: aggregate admission capacity exhausted
38105	1789131352648	2	620	admitted	admit=137ms
38139	1789131352682	0	597	admit-refused	authority refusal LIMIT_EXCEEDED: aggregate admission capacity exhausted
38146	1789131352689	1	619	admit-refused	authority refusal LIMIT_EXCEEDED: aggregate admission capacity exhausted
38174	1789131352718	2	623	admit-refused	authority refusal LIMIT_EXCEEDED: aggregate admission capacity exhausted
38221	1789131352764	2	572	admit-retried	succeeded after 5 refusals
38221	1789131352764	2	572	admitted	admit=4044ms
38245	1789131352789	0	594	admit-retried	succeeded after 1 refusals
38245	1789131352789	0	594	admitted	admit=269ms
38276	1789131352819	2	623	admit-ceiling	LIMIT_EXCEEDED: client unresolved admission ceiling
38300	1789131352844	1	601	admit-retried	succeeded after 2 refusals
38300	1789131352844	1	601	admitted	admit=2378ms
38302	1789131352845	0	597	admit-refused	authority refusal LIMIT_EXCEEDED: aggregate admission capacity exhausted
38324	1789131352867	0	321	admit-refused	authority refusal LIMIT_EXCEEDED: aggregate admission capacity exhausted
38330	1789131352873	1	73	admit-ceiling	LIMIT_EXCEEDED: client unresolved admission ceiling
38332	1789131352876	2	626	admit-refused	authority refusal LIMIT_EXCEEDED: aggregate admission capacity exhausted
38339	1789131352882	1	529	admit-ceiling	LIMIT_EXCEEDED: client unresolved admission ceiling
38340	1789131352883	2	611	admit-refused	authority refusal LIMIT_EXCEEDED: aggregate admission capacity exhausted
38346	1789131352890	0	600	admit-refused	authority refusal LIMIT_EXCEEDED: aggregate admission capacity exhausted
38368	1789131352911	1	460	admit-refused	authority refusal LIMIT_EXCEEDED: aggregate admission capacity exhausted
38448	1789131352991	0	582	admit-refused	authority refusal LIMIT_EXCEEDED: aggregate admission capacity exhausted
38484	1789131353027	2	617	admitted	admit=580ms
38484	1789131353027	1	622	admit-refused	authority refusal LIMIT_EXCEEDED: aggregate admission capacity exhausted
38518	1789131353061	1	613	admit-refused	authority refusal LIMIT_EXCEEDED: aggregate admission capacity exhausted
38540	1789131353083	2	605	admit-retried	succeeded after 1 refusals
38540	1789131353083	2	605	admitted	admit=1682ms
38567	1789131353110	0	600	admit-retried	succeeded after 1 refusals
38567	1789131353110	0	600	admitted	admit=320ms
38583	1789131353126	1	619	admit-refused	authority refusal LIMIT_EXCEEDED: aggregate admission capacity exhausted
38624	1789131353167	2	632	admit-refused	authority refusal LIMIT_EXCEEDED: aggregate admission capacity exhausted
38628	1789131353172	1	616	admit-refused	authority refusal LIMIT_EXCEEDED: aggregate admission capacity exhausted
38638	1789131353181	2	629	admit-refused	authority refusal LIMIT_EXCEEDED: aggregate admission capacity exhausted
38651	1789131353194	2	623	admit-refused	authority refusal LIMIT_EXCEEDED: aggregate admission capacity exhausted
38658	1789131353201	1	622	admit-refused	authority refusal LIMIT_EXCEEDED: aggregate admission capacity exhausted
38662	1789131353206	2	626	admit-refused	authority refusal LIMIT_EXCEEDED: aggregate admission capacity exhausted
38665	1789131353208	0	603	admit-refused	authority refusal LIMIT_EXCEEDED: aggregate admission capacity exhausted
38790	1789131353333	2	68	admit-ceiling	LIMIT_EXCEEDED: client unresolved admission ceiling
38790	1789131353334	2	89	admit-ceiling	LIMIT_EXCEEDED: client unresolved admission ceiling
38791	1789131353334	2	65	admit-ceiling	LIMIT_EXCEEDED: client unresolved admission ceiling
38795	1789131353338	0	597	admit-retried	succeeded after 2 refusals
38795	1789131353338	0	597	admitted	admit=742ms
38803	1789131353346	2	599	admit-ceiling	LIMIT_EXCEEDED: client unresolved admission ceiling
38862	1789131353405	2	632	admit-retried	succeeded after 1 refusals
38862	1789131353405	2	632	admitted	admit=320ms
38873	1789131353417	2	71	admit-refused	authority refusal LIMIT_EXCEEDED: aggregate admission capacity exhausted
38881	1789131353424	1	619	admit-refused	authority refusal LIMIT_EXCEEDED: aggregate admission capacity exhausted
38883	1789131353427	2	629	admit-retried	succeeded after 1 refusals
38883	1789131353427	2	629	admitted	admit=398ms
38903	1789131353446	1	592	admit-refused	authority refusal LIMIT_EXCEEDED: aggregate admission capacity exhausted
38906	1789131353449	2	461	admit-refused	authority refusal LIMIT_EXCEEDED: aggregate admission capacity exhausted
38921	1789131353464	1	622	admit-refused	authority refusal LIMIT_EXCEEDED: aggregate admission capacity exhausted
38959	1789131353502	0	606	admitted	admit=163ms
39033	1789131353577	2	74	admit-refused	authority refusal LIMIT_EXCEEDED: aggregate admission capacity exhausted
39049	1789131353592	0	603	admit-refused	authority refusal LIMIT_EXCEEDED: aggregate admission capacity exhausted
39055	1789131353598	0	609	admitted	admit=96ms
39108	1789131353651	2	623	admit-refused	authority refusal LIMIT_EXCEEDED: aggregate admission capacity exhausted
39122	1789131353665	2	638	admit-refused	authority refusal LIMIT_EXCEEDED: aggregate admission capacity exhausted
39146	1789131353689	1	616	admit-retried	succeeded after 3 refusals
39146	1789131353689	1	616	admitted	admit=1394ms
39149	1789131353692	0	612	admitted	admit=93ms
39224	1789131353768	2	638	admit-ceiling	LIMIT_EXCEEDED: client unresolved admission ceiling
39312	1789131353855	2	83	admit-retried	succeeded after 12 refusals
39312	1789131353855	2	83	admitted	admit=37779ms
39317	1789131353860	2	611	admit-refused	authority refusal LIMIT_EXCEEDED: aggregate admission capacity exhausted
39327	1789131353871	1	565	admit-retried	succeeded after 5 refusals
39327	1789131353871	1	565	admitted	admit=6082ms
39329	1789131353872	1	622	admit-ceiling	LIMIT_EXCEEDED: client unresolved admission ceiling
39355	1789131353898	0	603	admit-retried	succeeded after 2 refusals
39355	1789131353898	0	603	admitted	admit=787ms
39358	1789131353901	1	628	admit-ceiling	LIMIT_EXCEEDED: client unresolved admission ceiling
39362	1789131353905	1	619	admit-refused	authority refusal LIMIT_EXCEEDED: aggregate admission capacity exhausted
39399	1789131353942	2	635	admit-refused	authority refusal LIMIT_EXCEEDED: aggregate admission capacity exhausted
39420	1789131353964	2	641	admit-refused	authority refusal LIMIT_EXCEEDED: aggregate admission capacity exhausted
39456	1789131353999	0	615	admitted	admit=307ms
39481	1789131354024	0	621	admit-ceiling	LIMIT_EXCEEDED: client unresolved admission ceiling
39499	1789131354042	2	638	admit-refused	authority refusal LIMIT_EXCEEDED: aggregate admission capacity exhausted
39501	1789131354044	2	626	admit-retried	succeeded after 2 refusals
39501	1789131354044	2	626	admitted	admit=1280ms
39518	1789131354061	2	578	admit-refused	authority refusal LIMIT_EXCEEDED: aggregate admission capacity exhausted
39538	1789131354081	0	390	admit-retried	succeeded after 8 refusals
39538	1789131354081	0	390	admitted	admit=16680ms
39539	1789131354083	0	618	admit-refused	authority refusal LIMIT_EXCEEDED: aggregate admission capacity exhausted
39560	1789131354103	1	628	admit-retried	succeeded after 1 refusals
39560	1789131354103	1	628	admitted	admit=231ms
39567	1789131354110	0	576	admit-ceiling	LIMIT_EXCEEDED: client unresolved admission ceiling
39582	1789131354126	0	621	admit-ceiling	LIMIT_EXCEEDED: client unresolved admission ceiling
39583	1789131354126	0	564	admit-ceiling	LIMIT_EXCEEDED: client unresolved admission ceiling
39603	1789131354146	2	86	admit-refused	authority refusal LIMIT_EXCEEDED: aggregate admission capacity exhausted
39616	1789131354160	2	641	admit-refused	authority refusal LIMIT_EXCEEDED: aggregate admission capacity exhausted
39642	1789131354185	0	618	admit-ceiling	LIMIT_EXCEEDED: client unresolved admission ceiling
39699	1789131354243	2	644	admit-refused	authority refusal LIMIT_EXCEEDED: aggregate admission capacity exhausted
39709	1789131354252	1	406	admit-retried	succeeded after 8 refusals
39709	1789131354252	1	406	admitted	admit=17789ms
39753	1789131354296	1	631	admitted	admit=192ms
39784	1789131354327	0	621	admit-ceiling	LIMIT_EXCEEDED: client unresolved admission ceiling
39791	1789131354335	1	634	admit-refused	authority refusal LIMIT_EXCEEDED: aggregate admission capacity exhausted
39827	1789131354371	1	637	admit-refused	authority refusal LIMIT_EXCEEDED: aggregate admission capacity exhausted
39843	1789131354386	0	618	admit-ceiling	LIMIT_EXCEEDED: client unresolved admission ceiling
39855	1789131354398	2	644	admit-refused	authority refusal LIMIT_EXCEEDED: aggregate admission capacity exhausted
39857	1789131354400	1	550	admit-refused	authority refusal LIMIT_EXCEEDED: aggregate admission capacity exhausted
39858	1789131354402	2	635	admit-retried	succeeded after 1 refusals
39858	1789131354402	2	635	admitted	admit=974ms
39968	1789131354512	1	634	admit-refused	authority refusal LIMIT_EXCEEDED: aggregate admission capacity exhausted
39983	1789131354526	2	647	admitted	admit=124ms
40033	1789131354576	1	637	admit-retried	succeeded after 1 refusals
40033	1789131354576	1	637	admitted	admit=279ms
40049	1789131354592	0	582	admit-ceiling	LIMIT_EXCEEDED: client unresolved admission ceiling
40050	1789131354593	2	650	admit-refused	authority refusal LIMIT_EXCEEDED: aggregate admission capacity exhausted
40054	1789131354597	2	623	admit-refused	authority refusal LIMIT_EXCEEDED: aggregate admission capacity exhausted
40142	1789131354685	1	640	admitted	admit=108ms
40145	1789131354688	2	644	admit-retried	succeeded after 2 refusals
40145	1789131354688	2	644	admitted	admit=643ms
40173	1789131354717	1	619	admit-ceiling	LIMIT_EXCEEDED: client unresolved admission ceiling
40174	1789131354717	1	634	admit-ceiling	LIMIT_EXCEEDED: client unresolved admission ceiling
40175	1789131354719	1	481	admit-ceiling	LIMIT_EXCEEDED: client unresolved admission ceiling
40176	1789131354719	0	81	admit-ceiling	LIMIT_EXCEEDED: client unresolved admission ceiling
40186	1789131354729	0	621	admit-ceiling	LIMIT_EXCEEDED: client unresolved admission ceiling
40220	1789131354763	0	459	admit-retried	succeeded after 7 refusals
40220	1789131354763	0	459	admitted	admit=12912ms
40220	1789131354763	1	622	admit-refused	authority refusal LIMIT_EXCEEDED: aggregate admission capacity exhausted
40238	1789131354781	1	643	admit-refused	authority refusal LIMIT_EXCEEDED: aggregate admission capacity exhausted
40241	1789131354784	2	650	admit-refused	authority refusal LIMIT_EXCEEDED: aggregate admission capacity exhausted
40245	1789131354789	0	618	admit-ceiling	LIMIT_EXCEEDED: client unresolved admission ceiling
40257	1789131354800	2	653	admit-refused	authority refusal LIMIT_EXCEEDED: aggregate admission capacity exhausted
40262	1789131354805	1	625	admit-refused	authority refusal LIMIT_EXCEEDED: aggregate admission capacity exhausted
40300	1789131354843	0	303	admit-retried	succeeded after 9 refusals
40300	1789131354843	0	303	admitted	admit=23987ms
40350	1789131354893	0	627	admitted	admit=130ms
40433	1789131354976	0	633	admit-refused	authority refusal LIMIT_EXCEEDED: aggregate admission capacity exhausted
40434	1789131354977	0	630	admitted	admit=133ms
40443	1789131354986	2	650	admit-ceiling	LIMIT_EXCEEDED: client unresolved admission ceiling
40467	1789131355010	1	625	admit-refused	authority refusal LIMIT_EXCEEDED: aggregate admission capacity exhausted
40469	1789131355012	1	643	admit-retried	succeeded after 1 refusals
40469	1789131355012	1	643	admitted	admit=326ms
40470	1789131355013	2	599	admit-refused	authority refusal LIMIT_EXCEEDED: aggregate admission capacity exhausted
40480	1789131355023	2	653	admit-retried	succeeded after 1 refusals
40480	1789131355023	2	653	admitted	admit=334ms
40536	1789131355079	0	633	admit-ceiling	LIMIT_EXCEEDED: client unresolved admission ceiling
40591	1789131355134	2	656	admitted	admit=110ms
40648	1789131355191	0	471	admit-retried	succeeded after 7 refusals
40648	1789131355191	0	471	admitted	admit=11981ms
40666	1789131355209	1	634	admit-refused	authority refusal LIMIT_EXCEEDED: aggregate admission capacity exhausted
40694	1789131355237	1	646	admitted	admit=224ms
40713	1789131355257	2	659	admitted	admit=122ms
40730	1789131355274	0	399	admit-ceiling	LIMIT_EXCEEDED: client unresolved admission ceiling
40737	1789131355280	0	633	admit-ceiling	LIMIT_EXCEEDED: client unresolved admission ceiling
40806	1789131355349	1	625	admit-refused	authority refusal LIMIT_EXCEEDED: aggregate admission capacity exhausted
40813	1789131355357	1	649	admitted	admit=118ms
40824	1789131355367	2	662	admitted	admit=110ms
40834	1789131355377	1	613	admit-refused	authority refusal LIMIT_EXCEEDED: aggregate admission capacity exhausted
40918	1789131355461	2	611	admit-ceiling	LIMIT_EXCEEDED: client unresolved admission ceiling
40918	1789131355461	0	66	admit-ceiling	LIMIT_EXCEEDED: client unresolved admission ceiling
40928	1789131355472	2	665	admit-refused	authority refusal LIMIT_EXCEEDED: aggregate admission capacity exhausted
40962	1789131355505	0	639	admitted	admit=314ms
40989	1789131355532	0	621	admit-ceiling	LIMIT_EXCEEDED: client unresolved admission ceiling
41010	1789131355553	1	652	admit-refused	authority refusal LIMIT_EXCEEDED: aggregate admission capacity exhausted
41047	1789131355590	0	618	admit-ceiling	LIMIT_EXCEEDED: client unresolved admission ceiling
41071	1789131355614	0	624	admit-refused	authority refusal LIMIT_EXCEEDED: aggregate admission capacity exhausted
41083	1789131355626	0	642	admitted	admit=120ms
41162	1789131355706	2	665	admit-retried	succeeded after 1 refusals
41163	1789131355706	2	665	admitted	admit=337ms
41172	1789131355715	0	624	admit-ceiling	LIMIT_EXCEEDED: client unresolved admission ceiling
41216	1789131355760	1	652	admit-retried	succeeded after 1 refusals
41216	1789131355760	1	652	admitted	admit=402ms
41250	1789131355793	0	633	admit-retried	succeeded after 3 refusals
41250	1789131355793	0	633	admitted	admit=899ms
41282	1789131355825	0	645	admit-refused	authority refusal LIMIT_EXCEEDED: aggregate admission capacity exhausted
41291	1789131355834	0	63	admit-refused	authority refusal LIMIT_EXCEEDED: aggregate admission capacity exhausted
41307	1789131355850	0	636	admit-refused	authority refusal LIMIT_EXCEEDED: aggregate admission capacity exhausted
41314	1789131355857	2	668	admitted	admit=150ms
41336	1789131355879	1	625	admit-retried	succeeded after 3 refusals
41336	1789131355879	1	625	admitted	admit=2189ms
41396	1789131355939	0	465	admit-refused	authority refusal LIMIT_EXCEEDED: aggregate admission capacity exhausted
41405	1789131355948	2	638	admit-refused	authority refusal LIMIT_EXCEEDED: aggregate admission capacity exhausted
41531	1789131356074	2	671	admitted	admit=217ms
41544	1789131356087	1	229	admit-ceiling	LIMIT_EXCEEDED: client unresolved admission ceiling
41583	1789131356126	1	655	admitted	admit=366ms
41586	1789131356129	0	645	admit-retried	succeeded after 1 refusals
41586	1789131356129	0	645	admitted	admit=502ms
41633	1789131356176	1	430	admit-retried	succeeded after 8 refusals
41633	1789131356176	1	430	admitted	admit=18242ms
41641	1789131356184	2	674	admitted	admit=109ms
41642	1789131356185	1	238	admit-refused	authority refusal LIMIT_EXCEEDED: aggregate admission capacity exhausted
41645	1789131356189	1	634	admit-refused	authority refusal LIMIT_EXCEEDED: aggregate admission capacity exhausted
41688	1789131356231	0	651	admit-refused	authority refusal LIMIT_EXCEEDED: aggregate admission capacity exhausted
41763	1789131356306	2	677	admit-refused	authority refusal LIMIT_EXCEEDED: aggregate admission capacity exhausted
41822	1789131356365	1	622	admit-ceiling	LIMIT_EXCEEDED: client unresolved admission ceiling
41845	1789131356389	0	636	admit-retried	succeeded after 1 refusals
41845	1789131356389	0	636	admitted	admit=1411ms
41847	1789131356390	0	651	admit-refused	authority refusal LIMIT_EXCEEDED: aggregate admission capacity exhausted
41867	1789131356410	1	619	admit-retried	succeeded after 5 refusals
41867	1789131356410	1	619	admitted	admit=3803ms
41895	1789131356438	1	664	admit-refused	authority refusal LIMIT_EXCEEDED: aggregate admission capacity exhausted
41896	1789131356439	0	648	admit-refused	authority refusal LIMIT_EXCEEDED: aggregate admission capacity exhausted
41907	1789131356450	2	641	admit-refused	authority refusal LIMIT_EXCEEDED: aggregate admission capacity exhausted
41949	1789131356492	2	677	admit-refused	authority refusal LIMIT_EXCEEDED: aggregate admission capacity exhausted
41957	1789131356501	0	654	admitted	admit=111ms
41978	1789131356521	1	667	admitted	admit=110ms
42011	1789131356554	1	661	admit-refused	authority refusal LIMIT_EXCEEDED: aggregate admission capacity exhausted
42074	1789131356617	1	658	admit-refused	authority refusal LIMIT_EXCEEDED: aggregate admission capacity exhausted
42080	1789131356624	2	650	admit-retried	succeeded after 3 refusals
42081	1789131356624	2	650	admitted	admit=2097ms
42091	1789131356634	1	664	admit-refused	authority refusal LIMIT_EXCEEDED: aggregate admission capacity exhausted
42114	1789131356657	0	651	admit-refused	authority refusal LIMIT_EXCEEDED: aggregate admission capacity exhausted
42115	1789131356658	0	624	admit-retried	succeeded after 2 refusals
42115	1789131356658	0	624	admitted	admit=2577ms
42125	1789131356668	1	670	admit-refused	authority refusal LIMIT_EXCEEDED: aggregate admission capacity exhausted
42192	1789131356735	2	680	admitted	admit=111ms
42223	1789131356766	0	657	admit-refused	authority refusal LIMIT_EXCEEDED: aggregate admission capacity exhausted
42239	1789131356782	2	677	admit-retried	succeeded after 2 refusals
42239	1789131356782	2	677	admitted	admit=597ms
42244	1789131356787	1	661	admit-retried	succeeded after 1 refusals
42244	1789131356787	1	661	admitted	admit=660ms
42251	1789131356795	1	658	admit-refused	authority refusal LIMIT_EXCEEDED: aggregate admission capacity exhausted
42285	1789131356828	2	638	admit-refused	authority refusal LIMIT_EXCEEDED: aggregate admission capacity exhausted
42320	1789131356863	2	683	admit-refused	authority refusal LIMIT_EXCEEDED: aggregate admission capacity exhausted
42320	1789131356863	0	660	admitted	admit=204ms
42348	1789131356891	2	686	admit-refused	authority refusal LIMIT_EXCEEDED: aggregate admission capacity exhausted
42356	1789131356899	1	673	admit-refused	authority refusal LIMIT_EXCEEDED: aggregate admission capacity exhausted
42374	1789131356917	2	623	admit-refused	authority refusal LIMIT_EXCEEDED: aggregate admission capacity exhausted
42392	1789131356935	2	641	admit-refused	authority refusal LIMIT_EXCEEDED: aggregate admission capacity exhausted
42420	1789131356964	1	664	admit-refused	authority refusal LIMIT_EXCEEDED: aggregate admission capacity exhausted
42425	1789131356968	1	592	admit-retried	succeeded after 6 refusals
42425	1789131356968	1	592	admitted	admit=7491ms
42427	1789131356971	2	428	admit-refused	authority refusal LIMIT_EXCEEDED: aggregate admission capacity exhausted
42457	1789131357000	1	673	admit-ceiling	LIMIT_EXCEEDED: client unresolved admission ceiling
42516	1789131357060	0	651	admit-ceiling	LIMIT_EXCEEDED: client unresolved admission ceiling
42522	1789131357065	2	686	admit-refused	authority refusal LIMIT_EXCEEDED: aggregate admission capacity exhausted
42534	1789131357077	1	613	admit-refused	authority refusal LIMIT_EXCEEDED: aggregate admission capacity exhausted
42549	1789131357092	1	676	admit-refused	authority refusal LIMIT_EXCEEDED: aggregate admission capacity exhausted
42561	1789131357104	2	683	admit-retried	succeeded after 1 refusals
42561	1789131357104	2	683	admitted	admit=368ms
42571	1789131357115	1	658	admit-refused	authority refusal LIMIT_EXCEEDED: aggregate admission capacity exhausted
42591	1789131357134	0	621	admit-ceiling	LIMIT_EXCEEDED: client unresolved admission ceiling
42649	1789131357192	0	618	admit-ceiling	LIMIT_EXCEEDED: client unresolved admission ceiling
42649	1789131357192	2	689	admit-refused	authority refusal LIMIT_EXCEEDED: aggregate admission capacity exhausted
42678	1789131357222	0	663	admitted	admit=358ms
42761	1789131357304	1	673	admit-retried	succeeded after 2 refusals
42761	1789131357304	1	673	admitted	admit=516ms
42769	1789131357312	0	576	admit-ceiling	LIMIT_EXCEEDED: client unresolved admission ceiling
42787	1789131357330	0	666	admitted	admit=108ms
42821	1789131357364	0	669	admit-ceiling	LIMIT_EXCEEDED: client unresolved admission ceiling
42840	1789131357383	2	686	admit-retried	succeeded after 2 refusals
42840	1789131357384	2	686	admitted	admit=601ms
42844	1789131357387	1	268	admit-ceiling	LIMIT_EXCEEDED: client unresolved admission ceiling
42863	1789131357406	0	564	admit-refused	authority refusal LIMIT_EXCEEDED: aggregate admission capacity exhausted
42865	1789131357408	1	670	admit-refused	authority refusal LIMIT_EXCEEDED: aggregate admission capacity exhausted
42892	1789131357436	1	679	admit-refused	authority refusal LIMIT_EXCEEDED: aggregate admission capacity exhausted
42907	1789131357450	1	664	admit-refused	authority refusal LIMIT_EXCEEDED: aggregate admission capacity exhausted
42950	1789131357493	2	692	admitted	admit=109ms
43019	1789131357562	2	695	admit-refused	authority refusal LIMIT_EXCEEDED: aggregate admission capacity exhausted
43059	1789131357602	0	669	admit-retried	succeeded after 1 refusals
43059	1789131357602	0	669	admitted	admit=271ms
43064	1789131357607	2	689	admit-refused	authority refusal LIMIT_EXCEEDED: aggregate admission capacity exhausted
43134	1789131357677	1	658	admit-retried	succeeded after 3 refusals
43134	1789131357677	1	658	admitted	admit=1797ms
43181	1789131357724	0	672	admitted	admit=121ms
43189	1789131357732	1	670	admit-retried	succeeded after 2 refusals
43189	1789131357732	1	670	admitted	admit=1210ms
43235	1789131357778	1	682	admit-refused	authority refusal LIMIT_EXCEEDED: aggregate admission capacity exhausted
43236	1789131357779	2	695	admit-retried	succeeded after 1 refusals
43236	1789131357779	2	695	admitted	admit=286ms
43242	1789131357785	0	120	admit-retried	succeeded after 12 refusals
43242	1789131357785	0	120	admitted	admit=38599ms
43272	1789131357815	0	582	admit-ceiling	LIMIT_EXCEEDED: client unresolved admission ceiling
43297	1789131357840	2	578	admit-retried	succeeded after 6 refusals
43297	1789131357840	2	578	admitted	admit=8537ms
43318	1789131357861	0	651	admit-ceiling	LIMIT_EXCEEDED: client unresolved admission ceiling
43327	1789131357870	0	321	admit-ceiling	LIMIT_EXCEEDED: client unresolved admission ceiling
43332	1789131357875	1	73	admit-ceiling	LIMIT_EXCEEDED: client unresolved admission ceiling
43337	1789131357880	1	682	admit-ceiling	LIMIT_EXCEEDED: client unresolved admission ceiling
43341	1789131357884	1	529	admit-ceiling	LIMIT_EXCEEDED: client unresolved admission ceiling
43353	1789131357896	0	678	admit-refused	authority refusal LIMIT_EXCEEDED: aggregate admission capacity exhausted
43370	1789131357913	1	460	admit-ceiling	LIMIT_EXCEEDED: client unresolved admission ceiling
43380	1789131357923	2	689	admit-refused	authority refusal LIMIT_EXCEEDED: aggregate admission capacity exhausted
43395	1789131357939	2	701	admit-refused	authority refusal LIMIT_EXCEEDED: aggregate admission capacity exhausted
43474	1789131358018	2	641	admit-retried	succeeded after 4 refusals
43474	1789131358018	2	641	admitted	admit=4161ms
43539	1789131358082	1	682	admit-ceiling	LIMIT_EXCEEDED: client unresolved admission ceiling
43559	1789131358102	2	701	admit-refused	authority refusal LIMIT_EXCEEDED: aggregate admission capacity exhausted
43576	1789131358120	2	704	admit-refused	authority refusal LIMIT_EXCEEDED: aggregate admission capacity exhausted
43587	1789131358130	0	678	admit-retried	succeeded after 1 refusals
43587	1789131358130	0	678	admitted	admit=344ms
43598	1789131358141	0	648	admit-refused	authority refusal LIMIT_EXCEEDED: aggregate admission capacity exhausted
43603	1789131358146	0	675	admitted	admit=420ms
43708	1789131358251	1	664	admit-ceiling	LIMIT_EXCEEDED: client unresolved admission ceiling
43731	1789131358274	0	681	admit-refused	authority refusal LIMIT_EXCEEDED: aggregate admission capacity exhausted
43741	1789131358284	0	684	admit-refused	authority refusal LIMIT_EXCEEDED: aggregate admission capacity exhausted
43758	1789131358301	2	599	admit-retried	succeeded after 6 refusals
43758	1789131358301	2	599	admitted	admit=7354ms
43760	1789131358303	0	657	admit-refused	authority refusal LIMIT_EXCEEDED: aggregate admission capacity exhausted
43766	1789131358309	1	634	admit-retried	succeeded after 5 refusals
43766	1789131358309	1	634	admitted	admit=4056ms
43803	1789131358346	2	704	admit-retried	succeeded after 1 refusals
43803	1789131358346	2	704	admitted	admit=328ms
43805	1789131358348	2	65	admit-ceiling	LIMIT_EXCEEDED: client unresolved admission ceiling
43805	1789131358348	2	68	admit-ceiling	LIMIT_EXCEEDED: client unresolved admission ceiling
43805	1789131358348	2	89	admit-ceiling	LIMIT_EXCEEDED: client unresolved admission ceiling
43838	1789131358381	2	710	admit-ceiling	LIMIT_EXCEEDED: client unresolved admission ceiling
43875	1789131358418	2	71	admit-ceiling	LIMIT_EXCEEDED: client unresolved admission ceiling
43899	1789131358442	2	707	admitted	admit=140ms
43906	1789131358449	2	701	admit-refused	authority refusal LIMIT_EXCEEDED: aggregate admission capacity exhausted
43916	1789131358459	2	461	admit-ceiling	LIMIT_EXCEEDED: client unresolved admission ceiling
43926	1789131358469	1	688	admitted	admit=159ms
43940	1789131358483	2	710	admit-ceiling	LIMIT_EXCEEDED: client unresolved admission ceiling
43941	1789131358484	0	681	admit-retried	succeeded after 1 refusals
43941	1789131358484	0	681	admitted	admit=338ms
43952	1789131358495	1	682	admit-ceiling	LIMIT_EXCEEDED: client unresolved admission ceiling
43967	1789131358510	0	684	admit-refused	authority refusal LIMIT_EXCEEDED: aggregate admission capacity exhausted
44027	1789131358570	2	638	admit-refused	authority refusal LIMIT_EXCEEDED: aggregate admission capacity exhausted
44060	1789131358603	1	691	admitted	admit=133ms
44062	1789131358605	0	687	admit-refused	authority refusal LIMIT_EXCEEDED: aggregate admission capacity exhausted
44062	1789131358605	0	657	admit-retried	succeeded after 2 refusals
44062	1789131358605	0	657	admitted	admit=2104ms
44088	1789131358632	0	648	admit-refused	authority refusal LIMIT_EXCEEDED: aggregate admission capacity exhausted
44122	1789131358665	2	74	admit-refused	authority refusal LIMIT_EXCEEDED: aggregate admission capacity exhausted
44126	1789131358669	2	713	admitted	admit=226ms
44147	1789131358690	2	710	admit-ceiling	LIMIT_EXCEEDED: client unresolved admission ceiling
44209	1789131358752	2	716	admit-refused	authority refusal LIMIT_EXCEEDED: aggregate admission capacity exhausted
44211	1789131358754	0	687	admit-refused	authority refusal LIMIT_EXCEEDED: aggregate admission capacity exhausted
44211	1789131358754	1	694	admitted	admit=151ms
44222	1789131358765	0	690	admitted	admit=158ms
44234	1789131358778	2	689	admit-refused	authority refusal LIMIT_EXCEEDED: aggregate admission capacity exhausted
44291	1789131358834	0	693	admit-refused	authority refusal LIMIT_EXCEEDED: aggregate admission capacity exhausted
44335	1789131358878	1	685	admitted	admit=1145ms
44350	1789131358893	0	684	admit-refused	authority refusal LIMIT_EXCEEDED: aggregate admission capacity exhausted
44377	1789131358920	1	697	admitted	admit=164ms
44424	1789131358967	2	701	admit-retried	succeeded after 3 refusals
44424	1789131358967	2	701	admitted	admit=1126ms
44480	1789131359023	1	703	admit-refused	authority refusal LIMIT_EXCEEDED: aggregate admission capacity exhausted
44481	1789131359024	1	700	admitted	admit=145ms
44501	1789131359044	0	693	admit-retried	succeeded after 1 refusals
44501	1789131359045	0	693	admitted	admit=279ms
44509	1789131359052	1	679	admit-refused	authority refusal LIMIT_EXCEEDED: aggregate admission capacity exhausted
44539	1789131359082	0	687	admit-refused	authority refusal LIMIT_EXCEEDED: aggregate admission capacity exhausted
44548	1789131359091	1	676	admit-refused	authority refusal LIMIT_EXCEEDED: aggregate admission capacity exhausted
44560	1789131359103	2	611	admit-refused	authority refusal LIMIT_EXCEEDED: aggregate admission capacity exhausted
44568	1789131359111	2	719	admitted	admit=143ms
44581	1789131359124	1	706	admit-refused	authority refusal LIMIT_EXCEEDED: aggregate admission capacity exhausted
44605	1789131359148	2	86	admit-ceiling	LIMIT_EXCEEDED: client unresolved admission ceiling
44667	1789131359210	1	703	admit-retried	succeeded after 1 refusals
44667	1789131359210	1	703	admitted	admit=289ms
44721	1789131359264	2	716	admit-refused	authority refusal LIMIT_EXCEEDED: aggregate admission capacity exhausted
44754	1789131359297	1	682	admit-ceiling	LIMIT_EXCEEDED: client unresolved admission ceiling
44780	1789131359323	0	648	admit-retried	succeeded after 3 refusals
44780	1789131359323	0	648	admitted	admit=3529ms
44813	1789131359356	1	676	admit-refused	authority refusal LIMIT_EXCEEDED: aggregate admission capacity exhausted
44814	1789131359357	1	709	admitted	admit=146ms
44841	1789131359384	1	706	admit-refused	authority refusal LIMIT_EXCEEDED: aggregate admission capacity exhausted
44862	1789131359405	0	684	admit-retried	succeeded after 3 refusals
44862	1789131359405	0	684	admitted	admit=1258ms
44873	1789131359416	1	679	admit-refused	authority refusal LIMIT_EXCEEDED: aggregate admission capacity exhausted
44884	1789131359427	0	699	admit-refused	authority refusal LIMIT_EXCEEDED: aggregate admission capacity exhausted
44919	1789131359462	0	696	admit-refused	authority refusal LIMIT_EXCEEDED: aggregate admission capacity exhausted
44932	1789131359475	1	550	admit-refused	authority refusal LIMIT_EXCEEDED: aggregate admission capacity exhausted
44954	1789131359497	0	702	admit-refused	authority refusal LIMIT_EXCEEDED: aggregate admission capacity exhausted
44959	1789131359502	1	712	admit-refused	authority refusal LIMIT_EXCEEDED: aggregate admission capacity exhausted
44975	1789131359519	0	651	admit-refused	authority refusal LIMIT_EXCEEDED: aggregate admission capacity exhausted
44998	1789131359541	2	716	admit-refused	authority refusal LIMIT_EXCEEDED: aggregate admission capacity exhausted
45013	1789131359556	0	687	admit-refused	authority refusal LIMIT_EXCEEDED: aggregate admission capacity exhausted
45060	1789131359604	0	699	admit-refused	authority refusal LIMIT_EXCEEDED: aggregate admission capacity exhausted
45076	1789131359619	2	698	admit-refused	authority refusal LIMIT_EXCEEDED: aggregate admission capacity exhausted
45081	1789131359624	0	696	admit-refused	authority refusal LIMIT_EXCEEDED: aggregate admission capacity exhausted
45133	1789131359676	0	702	admit-refused	authority refusal LIMIT_EXCEEDED: aggregate admission capacity exhausted
45141	1789131359684	2	689	admit-refused	authority refusal LIMIT_EXCEEDED: aggregate admission capacity exhausted
45191	1789131359735	1	712	admit-retried	succeeded after 1 refusals
45191	1789131359735	1	712	admitted	admit=377ms
45221	1789131359764	1	676	admit-ceiling	LIMIT_EXCEEDED: client unresolved admission ceiling
45274	1789131359817	1	679	admit-ceiling	LIMIT_EXCEEDED: client unresolved admission ceiling
45285	1789131359828	1	715	admit-refused	authority refusal LIMIT_EXCEEDED: aggregate admission capacity exhausted
45293	1789131359836	2	698	admit-refused	authority refusal LIMIT_EXCEEDED: aggregate admission capacity exhausted
45341	1789131359884	0	699	admit-retried	succeeded after 2 refusals
45341	1789131359884	0	699	admitted	admit=560ms
45343	1789131359886	1	481	admit-refused	authority refusal LIMIT_EXCEEDED: aggregate admission capacity exhausted
45357	1789131359900	0	81	admit-retried	succeeded after 13 refusals
45357	1789131359900	0	81	admitted	admit=43862ms
45362	1789131359905	0	696	admit-refused	authority refusal LIMIT_EXCEEDED: aggregate admission capacity exhausted
45428	1789131359971	1	664	admit-retried	succeeded after 5 refusals
45428	1789131359972	1	664	admitted	admit=3795ms
45443	1789131359986	1	715	admit-refused	authority refusal LIMIT_EXCEEDED: aggregate admission capacity exhausted
45466	1789131360010	0	705	admit-refused	authority refusal LIMIT_EXCEEDED: aggregate admission capacity exhausted
45482	1789131360025	2	722	admit-refused	authority refusal LIMIT_EXCEEDED: aggregate admission capacity exhausted
45485	1789131360029	0	708	admit-refused	authority refusal LIMIT_EXCEEDED: aggregate admission capacity exhausted
45507	1789131360050	1	622	admit-refused	authority refusal LIMIT_EXCEEDED: aggregate admission capacity exhausted
45517	1789131360060	1	718	admit-refused	authority refusal LIMIT_EXCEEDED: aggregate admission capacity exhausted
45530	1789131360073	1	706	admit-refused	authority refusal LIMIT_EXCEEDED: aggregate admission capacity exhausted
45541	1789131360084	2	716	admit-refused	authority refusal LIMIT_EXCEEDED: aggregate admission capacity exhausted
45622	1789131360165	2	698	admit-retried	succeeded after 2 refusals
45622	1789131360165	2	698	admitted	admit=2385ms
45743	1789131360286	1	718	admit-retried	succeeded after 1 refusals
45743	1789131360286	1	718	admitted	admit=314ms
45764	1789131360307	0	696	admit-ceiling	LIMIT_EXCEEDED: client unresolved admission ceiling
45777	1789131360320	2	725	admit-refused	authority refusal LIMIT_EXCEEDED: aggregate admission capacity exhausted
45792	1789131360335	0	621	admit-ceiling	LIMIT_EXCEEDED: client unresolved admission ceiling
45815	1789131360359	0	687	admit-ceiling	LIMIT_EXCEEDED: client unresolved admission ceiling
45851	1789131360394	0	708	admit-retried	succeeded after 1 refusals
45851	1789131360394	0	708	admitted	admit=493ms
45883	1789131360426	1	721	admitted	admit=139ms
45886	1789131360429	0	711	admit-ceiling	LIMIT_EXCEEDED: client unresolved admission ceiling
45920	1789131360463	0	66	admit-ceiling	LIMIT_EXCEEDED: client unresolved admission ceiling
45956	1789131360499	0	618	admit-retried	succeeded after 6 refusals
45956	1789131360499	0	618	admitted	admit=6600ms
45974	1789131360517	1	613	admit-retried	succeeded after 6 refusals
45974	1789131360517	1	613	admitted	admit=8440ms
45990	1789131360534	1	724	admit-refused	authority refusal LIMIT_EXCEEDED: aggregate admission capacity exhausted
46000	1789131360544	2	725	admit-refused	authority refusal LIMIT_EXCEEDED: aggregate admission capacity exhausted
46001	1789131360544	0	702	admit-retried	succeeded after 2 refusals
46001	1789131360544	0	702	admitted	admit=1138ms
46011	1789131360554	1	706	admit-refused	authority refusal LIMIT_EXCEEDED: aggregate admission capacity exhausted
46019	1789131360562	0	717	admit-ceiling	LIMIT_EXCEEDED: client unresolved admission ceiling
46029	1789131360573	0	714	admit-refused	authority refusal LIMIT_EXCEEDED: aggregate admission capacity exhausted
46064	1789131360607	0	711	admit-refused	authority refusal LIMIT_EXCEEDED: aggregate admission capacity exhausted
46091	1789131360635	1	724	admit-ceiling	LIMIT_EXCEEDED: client unresolved admission ceiling
46093	1789131360636	1	727	admit-refused	authority refusal LIMIT_EXCEEDED: aggregate admission capacity exhausted
46112	1789131360655	1	676	admit-refused	authority refusal LIMIT_EXCEEDED: aggregate admission capacity exhausted
46131	1789131360674	1	679	admit-refused	authority refusal LIMIT_EXCEEDED: aggregate admission capacity exhausted
46266	1789131360810	0	711	admit-ceiling	LIMIT_EXCEEDED: client unresolved admission ceiling
46292	1789131360835	2	722	admit-retried	succeeded after 1 refusals
46292	1789131360835	2	722	admitted	admit=1724ms
46293	1789131360836	0	63	admit-ceiling	LIMIT_EXCEEDED: client unresolved admission ceiling
46302	1789131360845	2	725	admit-refused	authority refusal LIMIT_EXCEEDED: aggregate admission capacity exhausted
46372	1789131360915	1	727	admit-refused	authority refusal LIMIT_EXCEEDED: aggregate admission capacity exhausted
46393	1789131360937	0	714	admit-refused	authority refusal LIMIT_EXCEEDED: aggregate admission capacity exhausted
46401	1789131360944	0	705	admit-retried	succeeded after 1 refusals
46401	1789131360944	0	705	admitted	admit=1044ms
46437	1789131360980	0	717	admit-refused	authority refusal LIMIT_EXCEEDED: aggregate admission capacity exhausted
46463	1789131361006	2	623	admit-retried	succeeded after 6 refusals
46463	1789131361006	2	623	admitted	admit=8357ms
46463	1789131361006	2	710	admit-refused	authority refusal LIMIT_EXCEEDED: aggregate admission capacity exhausted
46472	1789131361016	0	720	admit-refused	authority refusal LIMIT_EXCEEDED: aggregate admission capacity exhausted
46481	1789131361024	0	465	admit-refused	authority refusal LIMIT_EXCEEDED: aggregate admission capacity exhausted
46491	1789131361035	1	724	admit-refused	authority refusal LIMIT_EXCEEDED: aggregate admission capacity exhausted
46550	1789131361093	1	715	admit-refused	authority refusal LIMIT_EXCEEDED: aggregate admission capacity exhausted
46553	1789131361096	2	731	admitted	admit=89ms
46555	1789131361098	2	728	admit-refused	authority refusal LIMIT_EXCEEDED: aggregate admission capacity exhausted
46583	1789131361126	2	716	admit-refused	authority refusal LIMIT_EXCEEDED: aggregate admission capacity exhausted
46628	1789131361172	2	734	admit-refused	authority refusal LIMIT_EXCEEDED: aggregate admission capacity exhausted
46640	1789131361183	0	717	admit-ceiling	LIMIT_EXCEEDED: client unresolved admission ceiling
46669	1789131361212	0	711	admit-ceiling	LIMIT_EXCEEDED: client unresolved admission ceiling
46689	1789131361233	1	727	admit-refused	authority refusal LIMIT_EXCEEDED: aggregate admission capacity exhausted
46713	1789131361256	2	728	admit-refused	authority refusal LIMIT_EXCEEDED: aggregate admission capacity exhausted
46754	1789131361297	1	229	admit-refused	authority refusal LIMIT_EXCEEDED: aggregate admission capacity exhausted
46766	1789131361309	1	238	admit-refused	authority refusal LIMIT_EXCEEDED: aggregate admission capacity exhausted
46815	1789131361358	2	689	admit-refused	authority refusal LIMIT_EXCEEDED: aggregate admission capacity exhausted
46823	1789131361366	2	725	admit-retried	succeeded after 3 refusals
46823	1789131361366	2	725	admitted	admit=1200ms
46859	1789131361402	0	720	admit-retried	succeeded after 1 refusals
46859	1789131361402	0	720	admitted	admit=457ms
46890	1789131361433	0	714	admit-retried	succeeded after 2 refusals
46890	1789131361433	0	714	admitted	admit=933ms
46903	1789131361446	2	734	admit-refused	authority refusal LIMIT_EXCEEDED: aggregate admission capacity exhausted
46913	1789131361456	2	737	admit-refused	authority refusal LIMIT_EXCEEDED: aggregate admission capacity exhausted
46914	1789131361457	1	706	admit-refused	authority refusal LIMIT_EXCEEDED: aggregate admission capacity exhausted
46931	1789131361474	1	682	admit-refused	authority refusal LIMIT_EXCEEDED: aggregate admission capacity exhausted
46951	1789131361494	1	724	admit-refused	authority refusal LIMIT_EXCEEDED: aggregate admission capacity exhausted
47009	1789131361552	0	723	admit-refused	authority refusal LIMIT_EXCEEDED: aggregate admission capacity exhausted
47028	1789131361571	0	726	admit-refused	authority refusal LIMIT_EXCEEDED: aggregate admission capacity exhausted
47052	1789131361596	1	715	admit-refused	authority refusal LIMIT_EXCEEDED: aggregate admission capacity exhausted
47067	1789131361611	2	728	admit-refused	authority refusal LIMIT_EXCEEDED: aggregate admission capacity exhausted
47129	1789131361672	0	726	admit-ceiling	LIMIT_EXCEEDED: client unresolved admission ceiling
47187	1789131361730	1	727	admit-retried	succeeded after 3 refusals
47187	1789131361730	1	727	admitted	admit=1212ms
47192	1789131361735	0	723	admit-retried	succeeded after 1 refusals
47192	1789131361735	0	723	admitted	admit=301ms
47212	1789131361755	2	734	admit-retried	succeeded after 2 refusals
47212	1789131361755	2	734	admitted	admit=658ms
47331	1789131361874	0	726	admit-ceiling	LIMIT_EXCEEDED: client unresolved admission ceiling
47352	1789131361895	2	638	admit-retried	succeeded after 6 refusals
47352	1789131361895	2	638	admitted	admit=8468ms
47381	1789131361925	2	710	admit-refused	authority refusal LIMIT_EXCEEDED: aggregate admission capacity exhausted
47405	1789131361948	2	740	admit-refused	authority refusal LIMIT_EXCEEDED: aggregate admission capacity exhausted
47417	1789131361960	0	687	admit-ceiling	LIMIT_EXCEEDED: client unresolved admission ceiling
47470	1789131362014	0	711	admit-ceiling	LIMIT_EXCEEDED: client unresolved admission ceiling
47478	1789131362021	2	743	admitted	admit=125ms
47507	1789131362051	2	740	admit-ceiling	LIMIT_EXCEEDED: client unresolved admission ceiling
47508	1789131362052	2	428	admit-refused	authority refusal LIMIT_EXCEEDED: aggregate admission capacity exhausted
47553	1789131362097	0	399	admit-retried	succeeded after 9 refusals
47553	1789131362097	0	399	admitted	admit=23852ms
47594	1789131362137	2	746	admit-refused	authority refusal LIMIT_EXCEEDED: aggregate admission capacity exhausted
47624	1789131362167	1	730	admitted	admit=436ms
47679	1789131362222	0	729	admitted	admit=486ms
47688	1789131362231	0	732	admit-refused	authority refusal LIMIT_EXCEEDED: aggregate admission capacity exhausted
47726	1789131362269	0	696	admit-refused	authority refusal LIMIT_EXCEEDED: aggregate admission capacity exhausted
47738	1789131362281	2	737	admit-retried	succeeded after 1 refusals
47738	1789131362281	2	737	admitted	admit=914ms
47790	1789131362333	0	732	admit-ceiling	LIMIT_EXCEEDED: client unresolved admission ceiling
47811	1789131362354	2	749	admit-refused	authority refusal LIMIT_EXCEEDED: aggregate admission capacity exhausted
47836	1789131362379	0	576	admit-refused	authority refusal LIMIT_EXCEEDED: aggregate admission capacity exhausted
47846	1789131362389	1	268	admit-ceiling	LIMIT_EXCEEDED: client unresolved admission ceiling
47854	1789131362397	1	715	admit-ceiling	LIMIT_EXCEEDED: client unresolved admission ceiling
47869	1789131362412	2	746	admit-refused	authority refusal LIMIT_EXCEEDED: aggregate admission capacity exhausted
47876	1789131362419	1	679	admit-retried	succeeded after 5 refusals
47876	1789131362419	1	679	admitted	admit=5114ms
47937	1789131362480	0	735	admit-refused	authority refusal LIMIT_EXCEEDED: aggregate admission capacity exhausted
47943	1789131362486	0	726	admit-retried	succeeded after 3 refusals
47943	1789131362486	0	726	admitted	admit=1052ms
47976	1789131362519	1	724	admit-retried	succeeded after 4 refusals
47976	1789131362519	1	724	admitted	admit=2093ms
48009	1789131362552	2	728	admit-refused	authority refusal LIMIT_EXCEEDED: aggregate admission capacity exhausted
48015	1789131362558	1	736	admitted	admit=139ms
48020	1789131362564	2	749	admit-retried	succeeded after 1 refusals
48020	1789131362564	2	749	admitted	admit=281ms
48039	1789131362582	0	735	admit-ceiling	LIMIT_EXCEEDED: client unresolved admission ceiling
48095	1789131362638	1	739	admitted	admit=117ms
48129	1789131362672	0	564	admit-retried	succeeded after 7 refusals
48129	1789131362672	0	564	admitted	admit=13148ms
48133	1789131362676	0	738	admit-refused	authority refusal LIMIT_EXCEEDED: aggregate admission capacity exhausted
48162	1789131362705	2	746	admit-refused	authority refusal LIMIT_EXCEEDED: aggregate admission capacity exhausted
48187	1789131362730	0	732	admit-refused	authority refusal LIMIT_EXCEEDED: aggregate admission capacity exhausted
48209	1789131362752	1	742	admitted	admit=193ms
48223	1789131362766	2	740	admit-refused	authority refusal LIMIT_EXCEEDED: aggregate admission capacity exhausted
48241	1789131362784	0	735	admit-ceiling	LIMIT_EXCEEDED: client unresolved admission ceiling
48246	1789131362790	1	745	admit-refused	authority refusal LIMIT_EXCEEDED: aggregate admission capacity exhausted
48274	1789131362817	0	582	admit-ceiling	LIMIT_EXCEEDED: client unresolved admission ceiling
48276	1789131362819	2	752	admit-refused	authority refusal LIMIT_EXCEEDED: aggregate admission capacity exhausted
48286	1789131362829	0	738	admit-refused	authority refusal LIMIT_EXCEEDED: aggregate admission capacity exhausted
48291	1789131362835	2	716	admit-refused	authority refusal LIMIT_EXCEEDED: aggregate admission capacity exhausted
48294	1789131362837	1	748	admit-refused	authority refusal LIMIT_EXCEEDED: aggregate admission capacity exhausted
48297	1789131362840	0	651	admit-refused	authority refusal LIMIT_EXCEEDED: aggregate admission capacity exhausted
48348	1789131362891	1	745	admit-ceiling	LIMIT_EXCEEDED: client unresolved admission ceiling
48372	1789131362915	1	460	admit-ceiling	LIMIT_EXCEEDED: client unresolved admission ceiling
48385	1789131362928	0	321	admit-refused	authority refusal LIMIT_EXCEEDED: aggregate admission capacity exhausted
48395	1789131362938	1	748	admit-ceiling	LIMIT_EXCEEDED: client unresolved admission ceiling
48404	1789131362947	1	529	admit-refused	authority refusal LIMIT_EXCEEDED: aggregate admission capacity exhausted
48425	1789131362968	1	733	admit-refused	authority refusal LIMIT_EXCEEDED: aggregate admission capacity exhausted
48526	1789131363069	1	73	admit-retried	succeeded after 14 refusals
48526	1789131363069	1	73	admitted	admit=47269ms
48549	1789131363092	1	745	admit-ceiling	LIMIT_EXCEEDED: client unresolved admission ceiling
48551	1789131363094	2	752	admit-refused	authority refusal LIMIT_EXCEEDED: aggregate admission capacity exhausted
48572	1789131363115	0	738	admit-retried	succeeded after 2 refusals
48572	1789131363115	0	738	admitted	admit=628ms
48597	1789131363140	1	748	admit-ceiling	LIMIT_EXCEEDED: client unresolved admission ceiling
48642	1789131363185	0	735	admit-ceiling	LIMIT_EXCEEDED: client unresolved admission ceiling
48645	1789131363188	2	746	admit-refused	authority refusal LIMIT_EXCEEDED: aggregate admission capacity exhausted
48658	1789131363201	1	706	admit-refused	authority refusal LIMIT_EXCEEDED: aggregate admission capacity exhausted
48663	1789131363206	2	740	admit-refused	authority refusal LIMIT_EXCEEDED: aggregate admission capacity exhausted
48678	1789131363221	0	744	admitted	admit=105ms
48732	1789131363275	1	733	admit-refused	authority refusal LIMIT_EXCEEDED: aggregate admission capacity exhausted
48764	1789131363307	0	732	admit-retried	succeeded after 3 refusals
48764	1789131363307	0	732	admitted	admit=1210ms
48767	1789131363310	0	747	admit-refused	authority refusal LIMIT_EXCEEDED: aggregate admission capacity exhausted
48811	1789131363354	2	728	admit-ceiling	LIMIT_EXCEEDED: client unresolved admission ceiling
48858	1789131363401	2	752	admit-retried	succeeded after 2 refusals
48858	1789131363401	2	752	admitted	admit=837ms
48877	1789131363420	2	71	admit-ceiling	LIMIT_EXCEEDED: client unresolved admission ceiling
48917	1789131363461	2	461	admit-ceiling	LIMIT_EXCEEDED: client unresolved admission ceiling
48930	1789131363474	0	741	admit-refused	authority refusal LIMIT_EXCEEDED: aggregate admission capacity exhausted
48940	1789131363483	0	750	admitted	admit=175ms
48983	1789131363526	2	710	admit-ceiling	LIMIT_EXCEEDED: client unresolved admission ceiling
48999	1789131363542	1	748	admit-ceiling	LIMIT_EXCEEDED: client unresolved admission ceiling
49011	1789131363555	0	753	admit-refused	authority refusal LIMIT_EXCEEDED: aggregate admission capacity exhausted
49014	1789131363557	2	89	admit-refused	authority refusal LIMIT_EXCEEDED: aggregate admission capacity exhausted
49027	1789131363571	0	747	admit-refused	authority refusal LIMIT_EXCEEDED: aggregate admission capacity exhausted
49039	1789131363583	1	745	admit-retried	succeeded after 3 refusals
49039	1789131363583	1	745	admitted	admit=944ms
49062	1789131363605	1	733	admit-refused	authority refusal LIMIT_EXCEEDED: aggregate admission capacity exhausted
49108	1789131363652	0	741	admit-refused	authority refusal LIMIT_EXCEEDED: aggregate admission capacity exhausted
49129	1789131363672	1	754	admitted	admit=89ms
49131	1789131363674	2	65	admit-refused	authority refusal LIMIT_EXCEEDED: aggregate admission capacity exhausted
49152	1789131363695	2	755	admit-refused	authority refusal LIMIT_EXCEEDED: aggregate admission capacity exhausted
49170	1789131363713	0	711	admit-retried	succeeded after 5 refusals
49170	1789131363713	0	711	admitted	admit=3319ms
49172	1789131363715	2	74	admit-refused	authority refusal LIMIT_EXCEEDED: aggregate admission capacity exhausted
49225	1789131363768	1	676	admit-refused	authority refusal LIMIT_EXCEEDED: aggregate admission capacity exhausted
49245	1789131363788	2	68	admit-retried	succeeded after 14 refusals
49245	1789131363788	2	68	admitted	admit=47713ms
49288	1789131363831	1	757	admitted	admit=158ms
49302	1789131363845	0	756	admit-refused	authority refusal LIMIT_EXCEEDED: aggregate admission capacity exhausted
49313	1789131363857	0	747	admit-retried	succeeded after 2 refusals
49313	1789131363857	0	747	admitted	admit=635ms
49336	1789131363879	0	696	admit-ceiling	LIMIT_EXCEEDED: client unresolved admission ceiling
49338	1789131363881	2	755	admit-refused	authority refusal LIMIT_EXCEEDED: aggregate admission capacity exhausted
49375	1789131363918	0	741	admit-refused	authority refusal LIMIT_EXCEEDED: aggregate admission capacity exhausted
49388	1789131363931	0	759	admit-refused	authority refusal LIMIT_EXCEEDED: aggregate admission capacity exhausted
49399	1789131363942	0	753	admit-refused	authority refusal LIMIT_EXCEEDED: aggregate admission capacity exhausted
49422	1789131363966	1	760	admitted	admit=134ms
49484	1789131364027	0	756	admit-refused	authority refusal LIMIT_EXCEEDED: aggregate admission capacity exhausted
49501	1789131364044	0	735	admit-refused	authority refusal LIMIT_EXCEEDED: aggregate admission capacity exhausted
49521	1789131364064	2	746	admit-refused	authority refusal LIMIT_EXCEEDED: aggregate admission capacity exhausted
49528	1789131364071	2	758	admitted	admit=282ms
49531	1789131364074	1	763	admit-refused	authority refusal LIMIT_EXCEEDED: aggregate admission capacity exhausted
49538	1789131364081	2	740	admit-refused	authority refusal LIMIT_EXCEEDED: aggregate admission capacity exhausted
49555	1789131364098	0	759	admit-refused	authority refusal LIMIT_EXCEEDED: aggregate admission capacity exhausted
49587	1789131364130	1	733	admit-retried	succeeded after 3 refusals
49587	1789131364130	1	733	admitted	admit=1962ms
49652	1789131364195	2	761	admitted	admit=123ms
49653	1789131364196	2	611	admit-refused	authority refusal LIMIT_EXCEEDED: aggregate admission capacity exhausted
49666	1789131364210	2	86	admit-refused	authority refusal LIMIT_EXCEEDED: aggregate admission capacity exhausted
49679	1789131364222	1	766	admit-refused	authority refusal LIMIT_EXCEEDED: aggregate admission capacity exhausted
49690	1789131364234	2	755	admit-refused	authority refusal LIMIT_EXCEEDED: aggregate admission capacity exhausted
49697	1789131364241	1	763	admit-refused	authority refusal LIMIT_EXCEEDED: aggregate admission capacity exhausted
49732	1789131364275	2	764	admit-refused	authority refusal LIMIT_EXCEEDED: aggregate admission capacity exhausted
49762	1789131364305	0	756	admit-retried	succeeded after 2 refusals
49762	1789131364305	0	756	admitted	admit=591ms
49783	1789131364326	0	741	admit-ceiling	LIMIT_EXCEEDED: client unresolved admission ceiling
49894	1789131364437	0	762	admitted	admit=131ms
49909	1789131364452	1	748	admit-retried	succeeded after 4 refusals
49909	1789131364452	1	748	admitted	admit=1699ms
49933	1789131364476	1	550	admit-ceiling	LIMIT_EXCEEDED: client unresolved admission ceiling
50061	1789131364604	1	751	admit-refused	authority refusal LIMIT_EXCEEDED: aggregate admission capacity exhausted
50064	1789131364607	0	717	admit-refused	authority refusal LIMIT_EXCEEDED: aggregate admission capacity exhausted
50083	1789131364626	1	763	admit-refused	authority refusal LIMIT_EXCEEDED: aggregate admission capacity exhausted
50187	1789131364730	2	755	admit-retried	succeeded after 3 refusals
50187	1789131364730	2	755	admitted	admit=1328ms
50189	1789131364732	2	689	admit-refused	authority refusal LIMIT_EXCEEDED: aggregate admission capacity exhausted
50222	1789131364765	2	764	admit-refused	authority refusal LIMIT_EXCEEDED: aggregate admission capacity exhausted
50227	1789131364770	1	751	admit-refused	authority refusal LIMIT_EXCEEDED: aggregate admission capacity exhausted
50230	1789131364773	1	682	admit-retried	succeeded after 6 refusals
50230	1789131364773	1	682	admitted	admit=7096ms
50248	1789131364792	1	715	admit-refused	authority refusal LIMIT_EXCEEDED: aggregate admission capacity exhausted
50295	1789131364838	2	767	admitted	admit=107ms
50309	1789131364852	1	766	admit-refused	authority refusal LIMIT_EXCEEDED: aggregate admission capacity exhausted
50412	1789131364955	0	753	admit-retried	succeeded after 2 refusals
50412	1789131364955	0	753	admitted	admit=1471ms
50492	1789131365036	0	759	admit-retried	succeeded after 2 refusals
50492	1789131365036	0	759	admitted	admit=1178ms
50511	1789131365054	1	766	admit-ceiling	LIMIT_EXCEEDED: client unresolved admission ceiling
50516	1789131365059	2	764	admit-retried	succeeded after 2 refusals
50516	1789131365059	2	764	admitted	admit=864ms
50552	1789131365095	1	481	admit-retried	succeeded after 9 refusals
50552	1789131365095	1	481	admitted	admit=22698ms
50705	1789131365248	1	751	admit-retried	succeeded after 2 refusals
50705	1789131365248	1	751	admitted	admit=2178ms
50732	1789131365275	0	687	admit-retried	succeeded after 6 refusals
50732	1789131365275	0	687	admitted	admit=6790ms
50799	1789131365342	1	763	admit-retried	succeeded after 3 refusals
50799	1789131365342	1	763	admitted	admit=1376ms
50876	1789131365419	0	621	admit-retried	succeeded after 7 refusals
50876	1789131365419	0	621	admitted	admit=11419ms
50963	1789131365506	0	741	admit-refused	authority refusal LIMIT_EXCEEDED: aggregate admission capacity exhausted
50963	1789131365506	0	717	admit-retried	succeeded after 4 refusals
50963	1789131365506	0	717	admitted	admit=4961ms
50983	1789131365526	0	66	admit-refused	authority refusal LIMIT_EXCEEDED: aggregate admission capacity exhausted
50989	1789131365532	1	766	admit-retried	succeeded after 3 refusals
50989	1789131365532	1	766	admitted	admit=1401ms
51172	1789131365715	0	735	admit-retried	succeeded after 5 refusals
51172	1789131365715	0	735	admitted	admit=3492ms
51217	1789131365760	1	622	admit-retried	succeeded after 7 refusals
51217	1789131365760	1	622	admitted	admit=12916ms
51227	1789131365770	2	746	admit-retried	succeeded after 5 refusals
51227	1789131365770	2	746	admitted	admit=3748ms
51252	1789131365796	0	765	admitted	admit=1358ms
51350	1789131365893	2	740	admit-retried	succeeded after 5 refusals
51350	1789131365893	2	740	admitted	admit=4137ms
51350	1789131365894	0	63	admit-refused	authority refusal LIMIT_EXCEEDED: aggregate admission capacity exhausted
51552	1789131366095	0	465	admit-retried	succeeded after 9 refusals
51552	1789131366095	0	465	admitted	admit=23328ms
51577	1789131366121	2	716	admit-retried	succeeded after 6 refusals
51577	1789131366121	2	716	admitted	admit=7451ms
51730	1789131366274	2	728	admit-retried	succeeded after 5 refusals
51730	1789131366274	2	728	admitted	admit=5437ms
51845	1789131366388	1	229	admit-retried	succeeded after 13 refusals
51845	1789131366388	1	229	admitted	admit=42300ms
51860	1789131366403	1	238	admit-retried	succeeded after 13 refusals
51860	1789131366403	1	238	admitted	admit=42152ms
51954	1789131366497	1	706	admit-retried	succeeded after 6 refusals
51954	1789131366497	1	706	admitted	admit=7473ms
52278	1789131366821	2	710	admit-retried	succeeded after 6 refusals
52278	1789131366821	2	710	admitted	admit=8474ms
52510	1789131367054	1	676	admit-retried	succeeded after 6 refusals
52510	1789131367054	1	676	admitted	admit=10085ms
52589	1789131367133	2	428	admit-retried	succeeded after 10 refusals
52589	1789131367133	2	428	admitted	admit=28843ms
52635	1789131367178	0	696	admit-retried	succeeded after 6 refusals
52635	1789131367178	0	696	admitted	admit=8133ms
52656	1789131367199	0	741	admit-retried	succeeded after 5 refusals
52656	1789131367199	0	741	admitted	admit=4526ms
52915	1789131367459	0	576	admit-retried	succeeded after 8 refusals
52915	1789131367459	0	576	admitted	admit=16999ms
52940	1789131367483	1	268	admit-retried	succeeded after 12 refusals
52940	1789131367483	1	268	admitted	admit=41382ms
53355	1789131367898	0	582	admit-retried	succeeded after 8 refusals
53355	1789131367898	0	582	admitted	admit=16872ms
53399	1789131367942	0	651	admit-retried	succeeded after 7 refusals
53399	1789131367942	0	651	admitted	admit=11812ms
53457	1789131368001	1	460	admit-retried	succeeded after 10 refusals
53457	1789131368001	1	460	admitted	admit=27725ms
53503	1789131368047	1	529	admit-retried	succeeded after 9 refusals
53503	1789131368047	1	529	admitted	admit=22605ms
53655	1789131368199	1	715	admit-retried	succeeded after 6 refusals
53655	1789131368199	1	715	admitted	admit=8463ms
53953	1789131368496	2	71	admit-retried	succeeded after 15 refusals
53953	1789131368496	2	71	admitted	admit=52421ms
54001	1789131368544	2	461	admit-retried	succeeded after 10 refusals
54001	1789131368544	2	461	admitted	admit=27526ms
54193	1789131368736	2	89	admit-retried	succeeded after 15 refusals
54193	1789131368736	2	89	admitted	admit=52660ms
54221	1789131368765	0	321	admit-retried	succeeded after 11 refusals
54221	1789131368765	0	321	admitted	admit=36373ms
54231	1789131368775	2	65	admit-retried	succeeded after 15 refusals
54231	1789131368775	2	65	admitted	admit=52699ms
54265	1789131368808	2	74	admit-retried	succeeded after 15 refusals
54265	1789131368808	2	74	admitted	admit=52733ms
54748	1789131369291	2	86	admit-retried	succeeded after 15 refusals
54748	1789131369291	2	86	admitted	admit=53215ms
54776	1789131369319	2	611	admit-retried	succeeded after 8 refusals
54776	1789131369319	2	611	admitted	admit=17291ms
54993	1789131369536	1	550	admit-retried	succeeded after 9 refusals
54993	1789131369536	1	550	admitted	admit=22713ms
54993	1789131369536	1	22	admit-refused	authority refusal LIMIT_EXCEEDED: metadata concurrency exhausted
54993	1789131369537	1	16	admit-refused	authority refusal LIMIT_EXCEEDED: metadata concurrency exhausted
54994	1789131369537	1	46	admit-refused	authority refusal LIMIT_EXCEEDED: metadata concurrency exhausted
54994	1789131369537	1	1	admit-refused	authority refusal LIMIT_EXCEEDED: metadata concurrency exhausted
54994	1789131369537	1	34	admit-refused	authority refusal LIMIT_EXCEEDED: metadata concurrency exhausted
54994	1789131369537	1	28	admit-refused	authority refusal LIMIT_EXCEEDED: metadata concurrency exhausted
54994	1789131369537	1	37	admit-refused	authority refusal LIMIT_EXCEEDED: metadata concurrency exhausted
54994	1789131369537	1	25	admit-refused	authority refusal LIMIT_EXCEEDED: metadata concurrency exhausted
54994	1789131369537	1	13	admit-refused	authority refusal LIMIT_EXCEEDED: metadata concurrency exhausted
54994	1789131369537	1	43	admit-refused	authority refusal LIMIT_EXCEEDED: metadata concurrency exhausted
54994	1789131369537	1	10	admit-refused	authority refusal LIMIT_EXCEEDED: metadata concurrency exhausted
54994	1789131369537	1	40	admit-refused	authority refusal LIMIT_EXCEEDED: metadata concurrency exhausted
55007	1789131369550	1	4	succeeded	attempt 1 watch=13ms
55026	1789131369570	1	19	succeeded	attempt 1 watch=33ms
55050	1789131369593	1	7	succeeded	attempt 1 watch=56ms
55063	1789131369606	1	31	succeeded	attempt 1 watch=69ms
55095	1789131369638	1	16	admit-refused	authority refusal LIMIT_EXCEEDED: metadata concurrency exhausted
55095	1789131369638	1	13	admit-refused	authority refusal LIMIT_EXCEEDED: metadata concurrency exhausted
55095	1789131369638	1	40	admit-refused	authority refusal LIMIT_EXCEEDED: metadata concurrency exhausted
55095	1789131369638	1	1	admit-refused	authority refusal LIMIT_EXCEEDED: metadata concurrency exhausted
55095	1789131369638	1	46	admit-refused	authority refusal LIMIT_EXCEEDED: metadata concurrency exhausted
55095	1789131369638	1	10	admit-refused	authority refusal LIMIT_EXCEEDED: metadata concurrency exhausted
55095	1789131369638	1	34	admit-refused	authority refusal LIMIT_EXCEEDED: metadata concurrency exhausted
55095	1789131369638	1	28	admit-refused	authority refusal LIMIT_EXCEEDED: metadata concurrency exhausted
55140	1789131369683	1	22	succeeded	attempt 1 watch=146ms
55154	1789131369697	1	4	first-usable-output	
55154	1789131369697	1	4	chunk-verified	fetch=147ms
55162	1789131369705	1	37	succeeded	attempt 1 watch=168ms
55175	1789131369718	1	43	succeeded	attempt 1 watch=182ms
55189	1789131369732	1	25	succeeded	attempt 1 watch=195ms
55226	1789131369769	1	31	chunk-verified	fetch=162ms
55243	1789131369786	1	19	chunk-verified	fetch=216ms
55246	1789131369789	1	7	chunk-verified	fetch=195ms
55250	1789131369794	1	49	succeeded	attempt 1 watch=96ms
55292	1789131369835	2	689	admit-retried	succeeded after 7 refusals
55292	1789131369835	2	689	admitted	admit=12730ms
55292	1789131369835	2	32	admit-refused	authority refusal LIMIT_EXCEEDED: metadata concurrency exhausted
55292	1789131369835	2	47	admit-refused	authority refusal LIMIT_EXCEEDED: metadata concurrency exhausted
55292	1789131369835	2	17	admit-refused	authority refusal LIMIT_EXCEEDED: metadata concurrency exhausted
55292	1789131369835	2	44	admit-refused	authority refusal LIMIT_EXCEEDED: metadata concurrency exhausted
55292	1789131369835	2	35	admit-refused	authority refusal LIMIT_EXCEEDED: metadata concurrency exhausted
55292	1789131369835	2	14	admit-refused	authority refusal LIMIT_EXCEEDED: metadata concurrency exhausted
55292	1789131369835	2	11	admit-refused	authority refusal LIMIT_EXCEEDED: metadata concurrency exhausted
55292	1789131369835	2	41	admit-refused	authority refusal LIMIT_EXCEEDED: metadata concurrency exhausted
55292	1789131369835	2	26	admit-refused	authority refusal LIMIT_EXCEEDED: metadata concurrency exhausted
55292	1789131369835	2	8	admit-refused	authority refusal LIMIT_EXCEEDED: metadata concurrency exhausted
55292	1789131369835	2	5	admit-refused	authority refusal LIMIT_EXCEEDED: metadata concurrency exhausted
55292	1789131369835	2	2	admit-refused	authority refusal LIMIT_EXCEEDED: metadata concurrency exhausted
55296	1789131369839	1	16	admit-refused	authority refusal LIMIT_EXCEEDED: metadata concurrency exhausted
55296	1789131369839	1	10	admit-refused	authority refusal LIMIT_EXCEEDED: metadata concurrency exhausted
55296	1789131369839	1	34	admit-refused	authority refusal LIMIT_EXCEEDED: metadata concurrency exhausted
55296	1789131369839	1	13	admit-refused	authority refusal LIMIT_EXCEEDED: metadata concurrency exhausted
55313	1789131369856	1	52	succeeded	attempt 1 watch=86ms
55315	1789131369858	2	29	succeeded	attempt 1 watch=23ms
55333	1789131369876	1	22	chunk-verified	fetch=193ms
55340	1789131369884	1	58	succeeded	attempt 1 watch=94ms
55343	1789131369886	2	20	succeeded	attempt 1 watch=51ms
55346	1789131369889	1	37	chunk-verified	fetch=183ms
55363	1789131369907	2	23	succeeded	attempt 1 watch=71ms
55381	1789131369925	1	55	succeeded	attempt 1 watch=138ms
55384	1789131369927	2	38	succeeded	attempt 1 watch=92ms
55393	1789131369937	2	11	admit-refused	authority refusal LIMIT_EXCEEDED: metadata concurrency exhausted
55393	1789131369937	2	35	admit-refused	authority refusal LIMIT_EXCEEDED: metadata concurrency exhausted
55393	1789131369937	2	26	admit-refused	authority refusal LIMIT_EXCEEDED: metadata concurrency exhausted
55393	1789131369937	2	14	admit-refused	authority refusal LIMIT_EXCEEDED: metadata concurrency exhausted
55394	1789131369937	2	5	admit-refused	authority refusal LIMIT_EXCEEDED: metadata concurrency exhausted
55394	1789131369937	2	44	admit-refused	authority refusal LIMIT_EXCEEDED: metadata concurrency exhausted
55394	1789131369937	2	17	admit-refused	authority refusal LIMIT_EXCEEDED: metadata concurrency exhausted
55394	1789131369937	2	8	admit-refused	authority refusal LIMIT_EXCEEDED: metadata concurrency exhausted
55406	1789131369949	1	28	succeeded	attempt 1 watch=412ms
55424	1789131369967	1	43	chunk-verified	fetch=248ms
55424	1789131369967	1	46	succeeded	attempt 1 watch=430ms
55442	1789131369985	1	25	chunk-verified	fetch=253ms
55445	1789131369988	1	40	succeeded	attempt 1 watch=451ms
55468	1789131370011	1	1	succeeded	attempt 1 watch=475ms
55486	1789131370029	2	32	succeeded	attempt 1 watch=194ms
55498	1789131370041	2	2	succeeded	attempt 1 watch=206ms
55498	1789131370041	1	61	succeeded	attempt 1 watch=165ms
55511	1789131370054	2	47	succeeded	attempt 1 watch=219ms
55538	1789131370082	2	41	succeeded	attempt 1 watch=246ms
55541	1789131370084	1	64	succeeded	attempt 1 watch=195ms
55572	1789131370115	2	29	first-usable-output	
55572	1789131370115	2	29	chunk-verified	fetch=256ms
55594	1789131370138	2	14	admit-refused	authority refusal LIMIT_EXCEEDED: metadata concurrency exhausted
55595	1789131370138	2	35	admit-refused	authority refusal LIMIT_EXCEEDED: metadata concurrency exhausted
55595	1789131370138	2	26	admit-refused	authority refusal LIMIT_EXCEEDED: metadata concurrency exhausted
55595	1789131370138	2	17	admit-refused	authority refusal LIMIT_EXCEEDED: metadata concurrency exhausted
55614	1789131370157	1	49	chunk-verified	fetch=363ms
55619	1789131370162	2	20	chunk-verified	fetch=275ms
55627	1789131370170	2	23	chunk-verified	fetch=263ms
55646	1789131370190	1	67	succeeded	attempt 1 watch=222ms
55670	1789131370213	2	38	chunk-verified	fetch=285ms
55679	1789131370223	2	50	succeeded	attempt 1 watch=107ms
55689	1789131370232	2	32	chunk-verified	fetch=203ms
55701	1789131370245	2	8	succeeded	attempt 1 watch=409ms
55711	1789131370254	1	70	succeeded	attempt 1 watch=269ms
55719	1789131370262	2	5	succeeded	attempt 1 watch=427ms
55732	1789131370275	2	2	chunk-verified	fetch=233ms
55747	1789131370290	2	44	succeeded	attempt 1 watch=455ms
55772	1789131370315	2	11	succeeded	attempt 1 watch=480ms
55772	1789131370315	1	52	chunk-verified	fetch=459ms
55787	1789131370330	1	58	chunk-verified	fetch=446ms
55797	1789131370340	2	53	succeeded	attempt 1 watch=178ms
55800	1789131370343	1	73	succeeded	attempt 1 watch=185ms
55808	1789131370351	1	55	chunk-verified	fetch=426ms
55822	1789131370365	2	56	succeeded	attempt 1 watch=195ms
55825	1789131370368	1	28	chunk-verified	fetch=418ms
55843	1789131370386	2	59	succeeded	attempt 1 watch=173ms
55846	1789131370389	1	16	succeeded	attempt 1 watch=852ms
55846	1789131370389	1	46	chunk-verified	fetch=421ms
55861	1789131370404	2	47	chunk-verified	fetch=349ms
55879	1789131370422	1	40	chunk-verified	fetch=434ms
55881	1789131370425	1	10	succeeded	attempt 1 watch=888ms
55889	1789131370432	2	41	chunk-verified	fetch=350ms
55901	1789131370444	2	62	succeeded	attempt 1 watch=212ms
55901	1789131370444	1	13	succeeded	attempt 1 watch=908ms
55924	1789131370468	1	34	succeeded	attempt 1 watch=931ms
55969	1789131370512	1	76	succeeded	attempt 1 watch=196ms
55972	1789131370515	2	65	succeeded	attempt 1 watch=239ms
55984	1789131370528	1	1	chunk-verified	fetch=516ms
55992	1789131370535	1	79	succeeded	attempt 1 watch=205ms
55995	1789131370538	1	61	chunk-verified	fetch=496ms
56033	1789131370576	1	64	chunk-verified	fetch=492ms
56041	1789131370584	1	82	succeeded	attempt 1 watch=233ms
56063	1789131370606	1	85	succeeded	attempt 1 watch=238ms
56083	1789131370626	1	88	succeeded	attempt 1 watch=236ms
56087	1789131370631	0	66	admit-retried	succeeded after 15 refusals
56087	1789131370631	0	66	admitted	admit=54594ms
56092	1789131370636	1	67	chunk-verified	fetch=445ms
56136	1789131370679	2	68	succeeded	attempt 1 watch=274ms
56164	1789131370707	2	71	succeeded	attempt 1 watch=275ms
56167	1789131370710	1	91	succeeded	attempt 1 watch=287ms
56189	1789131370732	2	50	chunk-verified	fetch=509ms
56225	1789131370768	1	70	chunk-verified	fetch=513ms
56235	1789131370778	1	94	succeeded	attempt 1 watch=250ms
56237	1789131370781	2	17	succeeded	attempt 1 watch=945ms
56245	1789131370788	2	8	chunk-verified	fetch=543ms
56258	1789131370801	2	14	succeeded	attempt 1 watch=966ms
56268	1789131370811	2	5	chunk-verified	fetch=549ms
56271	1789131370814	1	97	succeeded	attempt 1 watch=276ms
56279	1789131370822	2	35	succeeded	attempt 1 watch=987ms
56294	1789131370837	1	100	succeeded	attempt 1 watch=260ms
56302	1789131370845	2	26	succeeded	attempt 1 watch=1010ms
56304	1789131370847	2	59	admit-refused	stalled read ordinal 59
56309	1789131370852	1	73	chunk-verified	fetch=509ms
56338	1789131370881	2	44	chunk-verified	fetch=591ms
56353	1789131370896	2	11	chunk-verified	fetch=581ms
56384	1789131370928	2	53	chunk-verified	fetch=587ms
56384	1789131370928	2	74	succeeded	attempt 1 watch=195ms
56397	1789131370941	1	103	succeeded	attempt 1 watch=304ms
56418	1789131370961	2	56	chunk-verified	fetch=595ms
56421	1789131370964	1	76	admit-refused	stalled read ordinal 76
56433	1789131370976	1	16	chunk-verified	fetch=587ms
56449	1789131370992	2	77	succeeded	attempt 1 watch=204ms
56452	1789131370995	2	62	chunk-verified	fetch=550ms
56452	1789131370995	1	10	chunk-verified	fetch=570ms
56452	1789131370995	1	106	succeeded	attempt 1 watch=226ms
56461	1789131371005	1	34	chunk-verified	fetch=537ms
56469	1789131371012	2	65	chunk-verified	fetch=497ms
56474	1789131371017	0	63	admit-retried	succeeded after 15 refusals
56474	1789131371017	0	63	admitted	admit=54981ms
56474	1789131371018	0	36	admit-refused	authority refusal LIMIT_EXCEEDED: metadata concurrency exhausted
56475	1789131371018	0	33	admit-refused	authority refusal LIMIT_EXCEEDED: metadata concurrency exhausted
56475	1789131371018	0	12	admit-refused	authority refusal LIMIT_EXCEEDED: metadata concurrency exhausted
56475	1789131371018	0	15	admit-refused	authority refusal LIMIT_EXCEEDED: metadata concurrency exhausted
56475	1789131371018	0	45	admit-refused	authority refusal LIMIT_EXCEEDED: metadata concurrency exhausted
56475	1789131371018	0	39	admit-refused	authority refusal LIMIT_EXCEEDED: metadata concurrency exhausted
56475	1789131371018	0	6	admit-refused	authority refusal LIMIT_EXCEEDED: metadata concurrency exhausted
56475	1789131371018	0	24	admit-refused	authority refusal LIMIT_EXCEEDED: metadata concurrency exhausted
56475	1789131371018	0	30	admit-refused	authority refusal LIMIT_EXCEEDED: metadata concurrency exhausted
56475	1789131371018	0	18	admit-refused	authority refusal LIMIT_EXCEEDED: metadata concurrency exhausted
56475	1789131371018	0	27	admit-refused	authority refusal LIMIT_EXCEEDED: metadata concurrency exhausted
56475	1789131371018	0	21	admit-refused	authority refusal LIMIT_EXCEEDED: metadata concurrency exhausted
56492	1789131371035	2	80	succeeded	attempt 1 watch=223ms
56505	1789131371048	1	79	chunk-verified	fetch=512ms
56528	1789131371072	0	3	succeeded	attempt 1 watch=54ms
56536	1789131371079	1	13	chunk-verified	fetch=634ms
56549	1789131371092	1	109	succeeded	attempt 1 watch=239ms
56554	1789131371097	0	9	succeeded	attempt 1 watch=79ms
56567	1789131371110	2	83	succeeded	attempt 1 watch=229ms
56575	1789131371118	0	27	admit-refused	authority refusal LIMIT_EXCEEDED: metadata concurrency exhausted
56575	1789131371118	0	6	admit-refused	authority refusal LIMIT_EXCEEDED: metadata concurrency exhausted
56575	1789131371118	0	33	admit-refused	authority refusal LIMIT_EXCEEDED: metadata concurrency exhausted
56575	1789131371118	0	24	admit-refused	authority refusal LIMIT_EXCEEDED: metadata concurrency exhausted
56575	1789131371118	0	45	admit-refused	authority refusal LIMIT_EXCEEDED: metadata concurrency exhausted
56575	1789131371118	0	18	admit-refused	authority refusal LIMIT_EXCEEDED: metadata concurrency exhausted
56575	1789131371118	0	12	admit-refused	authority refusal LIMIT_EXCEEDED: metadata concurrency exhausted
56575	1789131371118	0	15	admit-refused	authority refusal LIMIT_EXCEEDED: metadata concurrency exhausted
56579	1789131371122	0	42	succeeded	attempt 1 watch=104ms
56589	1789131371132	2	68	chunk-verified	fetch=453ms
56589	1789131371132	1	82	chunk-verified	fetch=548ms
56604	1789131371147	2	86	succeeded	attempt 1 watch=250ms
56604	1789131371147	2	71	chunk-verified	fetch=440ms
56607	1789131371150	1	112	succeeded	attempt 1 watch=173ms
56607	1789131371150	1	91	chunk-verified	fetch=440ms
56609	1789131371152	0	0	succeeded	attempt 1 watch=135ms
56642	1789131371185	1	85	chunk-verified	fetch=578ms
56645	1789131371188	1	115	succeeded	attempt 1 watch=192ms
56665	1789131371208	1	88	chunk-verified	fetch=582ms
56673	1789131371217	2	89	succeeded	attempt 1 watch=288ms
56699	1789131371242	2	92	succeeded	attempt 1 watch=281ms
56702	1789131371245	1	118	succeeded	attempt 1 watch=240ms
56704	1789131371248	0	21	succeeded	attempt 1 watch=230ms
56722	1789131371265	0	39	succeeded	attempt 1 watch=248ms
56725	1789131371268	1	121	succeeded	attempt 1 watch=219ms
56749	1789131371292	2	17	chunk-verified	fetch=511ms
56749	1789131371292	1	94	chunk-verified	fetch=513ms
56754	1789131371297	1	97	chunk-verified	fetch=483ms
56757	1789131371300	0	30	succeeded	attempt 1 watch=282ms
56759	1789131371302	1	124	succeeded	attempt 1 watch=223ms
56759	1789131371302	2	95	succeeded	attempt 1 watch=307ms
56776	1789131371319	0	6	admit-refused	authority refusal LIMIT_EXCEEDED: metadata concurrency exhausted
56776	1789131371319	0	12	admit-refused	authority refusal LIMIT_EXCEEDED: metadata concurrency exhausted
56776	1789131371319	0	27	admit-refused	authority refusal LIMIT_EXCEEDED: metadata concurrency exhausted
56776	1789131371319	0	33	admit-refused	authority refusal LIMIT_EXCEEDED: metadata concurrency exhausted
56777	1789131371320	0	36	succeeded	attempt 1 watch=302ms
56782	1789131371325	2	98	succeeded	attempt 1 watch=312ms
56792	1789131371336	1	100	chunk-verified	fetch=498ms
56805	1789131371348	1	127	succeeded	attempt 1 watch=216ms
56818	1789131371361	2	14	chunk-verified	fetch=559ms
56843	1789131371386	1	103	chunk-verified	fetch=445ms
56846	1789131371389	2	35	chunk-verified	fetch=566ms
56858	1789131371401	1	130	succeeded	attempt 1 watch=251ms
56863	1789131371406	0	3	first-usable-output	
56863	1789131371406	0	3	chunk-verified	fetch=334ms
56871	1789131371414	2	104	succeeded	attempt 1 watch=266ms
56876	1789131371419	2	26	chunk-verified	fetch=574ms
56889	1789131371432	1	133	succeeded	attempt 1 watch=246ms
56894	1789131371437	0	9	chunk-verified	fetch=340ms
56927	1789131371471	2	101	succeeded	attempt 1 watch=338ms
56943	1789131371486	1	136	succeeded	attempt 1 watch=277ms
56948	1789131371491	0	15	succeeded	attempt 1 watch=473ms
56976	1789131371519	2	74	chunk-verified	fetch=591ms
56986	1789131371529	1	106	chunk-verified	fetch=533ms
56988	1789131371531	2	59	chunk-verified	fetch=1145ms
56991	1789131371534	0	24	succeeded	attempt 1 watch=516ms
57017	1789131371560	1	76	chunk-verified	fetch=1047ms
57019	1789131371563	0	45	succeeded	attempt 1 watch=545ms
57022	1789131371565	2	107	succeeded	attempt 1 watch=273ms
57027	1789131371570	1	139	succeeded	attempt 1 watch=278ms
57043	1789131371586	2	77	chunk-verified	fetch=593ms
57045	1789131371588	0	18	succeeded	attempt 1 watch=571ms
57056	1789131371599	1	142	succeeded	attempt 1 watch=301ms
57116	1789131371659	0	48	succeeded	attempt 1 watch=253ms
57119	1789131371662	1	145	succeeded	attempt 1 watch=326ms
57119	1789131371662	2	110	succeeded	attempt 1 watch=300ms
57131	1789131371675	2	80	chunk-verified	fetch=639ms
57134	1789131371677	1	109	chunk-verified	fetch=585ms
57137	1789131371680	0	42	chunk-verified	fetch=557ms
57148	1789131371691	0	51	succeeded	attempt 1 watch=253ms
57151	1789131371694	2	113	succeeded	attempt 1 watch=304ms
57151	1789131371694	0	0	chunk-verified	fetch=541ms
57171	1789131371714	0	39	chunk-verified	fetch=449ms
57181	1789131371725	2	83	chunk-verified	fetch=614ms
57184	1789131371727	1	148	succeeded	attempt 1 watch=340ms
57189	1789131371732	2	116	succeeded	attempt 1 watch=313ms
57192	1789131371735	1	112	chunk-verified	fetch=585ms
57194	1789131371738	0	30	chunk-verified	fetch=437ms
57243	1789131371786	0	21	chunk-verified	fetch=538ms
57266	1789131371809	2	86	chunk-verified	fetch=662ms
57269	1789131371812	2	119	succeeded	attempt 1 watch=293ms
57271	1789131371815	1	115	chunk-verified	fetch=626ms
57289	1789131371832	2	89	chunk-verified	fetch=615ms
57299	1789131371842	1	151	succeeded	attempt 1 watch=313ms
57301	1789131371845	2	92	chunk-verified	fetch=602ms
57304	1789131371847	2	122	succeeded	attempt 1 watch=315ms
57309	1789131371852	0	36	chunk-verified	fetch=532ms
57322	1789131371865	0	54	succeeded	attempt 1 watch=185ms
57325	1789131371868	1	154	succeeded	attempt 1 watch=307ms
57350	1789131371893	1	118	chunk-verified	fetch=648ms
57370	1789131371913	2	125	succeeded	attempt 1 watch=327ms
57373	1789131371916	1	121	chunk-verified	fetch=648ms
57378	1789131371921	0	57	succeeded	attempt 1 watch=227ms
57383	1789131371926	2	95	chunk-verified	fetch=623ms
57401	1789131371944	0	60	succeeded	attempt 1 watch=229ms
57403	1789131371946	2	98	chunk-verified	fetch=621ms
57416	1789131371959	0	15	chunk-verified	fetch=468ms
57419	1789131371962	2	128	succeeded	attempt 1 watch=287ms
57437	1789131371980	0	33	succeeded	attempt 1 watch=962ms
57437	1789131371980	1	157	succeeded	attempt 1 watch=302ms
57440	1789131371983	1	124	chunk-verified	fetch=680ms
57465	1789131372008	0	27	succeeded	attempt 1 watch=991ms
57488	1789131372031	0	6	succeeded	attempt 1 watch=1014ms
57491	1789131372034	1	160	succeeded	attempt 1 watch=298ms
57491	1789131372034	1	127	chunk-verified	fetch=685ms
57501	1789131372044	2	131	succeeded	attempt 1 watch=319ms
57514	1789131372057	0	12	succeeded	attempt 1 watch=1039ms
57524	1789131372067	1	163	succeeded	attempt 1 watch=252ms
57526	1789131372070	2	134	succeeded	attempt 1 watch=260ms
57542	1789131372085	2	104	chunk-verified	fetch=670ms
57542	1789131372085	1	130	chunk-verified	fetch=683ms
57544	1789131372087	0	63	succeeded	attempt 1 watch=349ms
57565	1789131372108	1	136	chunk-verified	fetch=621ms
57570	1789131372113	0	66	succeeded	attempt 1 watch=326ms
57572	1789131372116	2	101	chunk-verified	fetch=645ms
57585	1789131372128	0	18	chunk-verified	fetch=539ms
57595	1789131372138	2	137	succeeded	attempt 1 watch=306ms
57600	1789131372144	1	133	chunk-verified	fetch=711ms
57603	1789131372146	0	69	succeeded	attempt 1 watch=293ms
57603	1789131372146	0	48	chunk-verified	fetch=486ms
57616	1789131372160	1	166	succeeded	attempt 1 watch=266ms
57639	1789131372182	0	24	chunk-verified	fetch=648ms
57654	1789131372197	1	169	succeeded	attempt 1 watch=280ms
57659	1789131372202	2	140	succeeded	attempt 1 watch=357ms
57659	1789131372202	0	45	chunk-verified	fetch=639ms
57683	1789131372227	1	139	chunk-verified	fetch=656ms
57684	1789131372227	0	51	chunk-verified	fetch=535ms
57691	1789131372234	1	142	chunk-verified	fetch=635ms
57706	1789131372249	2	107	chunk-verified	fetch=684ms
57711	1789131372255	2	143	succeeded	attempt 1 watch=328ms
57716	1789131372260	1	172	succeeded	attempt 1 watch=276ms
57722	1789131372265	1	145	chunk-verified	fetch=602ms
57722	1789131372266	0	72	succeeded	attempt 1 watch=306ms
57742	1789131372286	2	146	succeeded	attempt 1 watch=339ms
57750	1789131372293	1	148	chunk-verified	fetch=566ms
57768	1789131372311	2	110	chunk-verified	fetch=649ms
57778	1789131372322	1	175	succeeded	attempt 1 watch=287ms
57817	1789131372360	2	113	chunk-verified	fetch=665ms
57832	1789131372375	1	178	succeeded	attempt 1 watch=290ms
57839	1789131372383	2	116	chunk-verified	fetch=650ms
57852	1789131372396	1	181	succeeded	attempt 1 watch=287ms
57855	1789131372398	2	149	succeeded	attempt 1 watch=313ms
57875	1789131372418	1	151	chunk-verified	fetch=576ms
57878	1789131372421	1	184	succeeded	attempt 1 watch=277ms
57890	1789131372434	1	154	chunk-verified	fetch=565ms
57893	1789131372436	2	152	succeeded	attempt 1 watch=320ms
57903	1789131372446	2	119	chunk-verified	fetch=634ms
57936	1789131372479	0	75	succeeded	attempt 1 watch=350ms
57969	1789131372512	1	187	succeeded	attempt 1 watch=285ms
57971	1789131372514	2	122	chunk-verified	fetch=667ms
57987	1789131372530	2	155	succeeded	attempt 1 watch=280ms
57992	1789131372535	2	125	chunk-verified	fetch=621ms
58002	1789131372545	1	190	succeeded	attempt 1 watch=310ms
58005	1789131372548	0	78	succeeded	attempt 1 watch=401ms
58025	1789131372568	1	157	chunk-verified	fetch=588ms
58043	1789131372586	0	81	succeeded	attempt 1 watch=403ms
58055	1789131372598	0	54	chunk-verified	fetch=732ms
58062	1789131372606	1	193	succeeded	attempt 1 watch=340ms
58078	1789131372621	2	158	succeeded	attempt 1 watch=309ms
58080	1789131372624	0	84	succeeded	attempt 1 watch=421ms
58093	1789131372636	1	196	succeeded	attempt 1 watch=342ms
58106	1789131372649	1	160	chunk-verified	fetch=615ms
58109	1789131372652	0	87	succeeded	attempt 1 watch=425ms
58111	1789131372654	2	161	succeeded	attempt 1 watch=294ms
58131	1789131372674	2	128	chunk-verified	fetch=712ms
58131	1789131372674	0	57	chunk-verified	fetch=753ms
58137	1789131372680	2	164	succeeded	attempt 1 watch=297ms
58141	1789131372684	0	63	admit-refused	stalled read ordinal 63
58141	1789131372684	0	66	admit-refused	stalled read ordinal 66
58152	1789131372695	0	60	chunk-verified	fetch=751ms
58152	1789131372695	2	131	chunk-verified	fetch=651ms
58157	1789131372700	1	163	chunk-verified	fetch=633ms
58167	1789131372710	2	134	chunk-verified	fetch=640ms
58170	1789131372713	0	33	chunk-verified	fetch=733ms
58192	1789131372735	0	27	chunk-verified	fetch=726ms
58206	1789131372750	1	199	succeeded	attempt 1 watch=331ms
58209	1789131372752	0	6	chunk-verified	fetch=720ms
58227	1789131372770	2	167	succeeded	attempt 1 watch=323ms
58240	1789131372783	0	69	chunk-verified	fetch=636ms
58255	1789131372798	2	170	succeeded	attempt 1 watch=283ms
58255	1789131372798	0	12	chunk-verified	fetch=741ms
58268	1789131372811	1	202	succeeded	attempt 1 watch=377ms
58273	1789131372816	0	90	succeeded	attempt 1 watch=217ms
58281	1789131372824	2	140	chunk-verified	fetch=621ms
58293	1789131372837	2	173	succeeded	attempt 1 watch=301ms
58299	1789131372842	2	137	chunk-verified	fetch=703ms
58316	1789131372860	1	166	chunk-verified	fetch=700ms
58324	1789131372867	1	169	chunk-verified	fetch=670ms
58354	1789131372897	1	205	succeeded	attempt 1 watch=328ms
58364	1789131372907	2	143	chunk-verified	fetch=652ms
58366	1789131372910	0	93	succeeded	attempt 1 watch=235ms
58372	1789131372915	2	146	chunk-verified	fetch=629ms
58390	1789131372933	1	172	chunk-verified	fetch=673ms
58392	1789131372935	0	96	succeeded	attempt 1 watch=240ms
58396	1789131372939	2	176	succeeded	attempt 1 watch=264ms
58404	1789131372947	0	72	chunk-verified	fetch=681ms
58422	1789131372965	0	99	succeeded	attempt 1 watch=252ms
58424	1789131372968	1	208	succeeded	attempt 1 watch=318ms
58449	1789131372993	0	102	succeeded	attempt 1 watch=257ms
58452	1789131372995	2	179	succeeded	attempt 1 watch=299ms
58460	1789131373003	1	211	succeeded	attempt 1 watch=302ms
58460	1789131373003	0	75	chunk-verified	fetch=524ms
58470	1789131373013	1	178	chunk-verified	fetch=637ms
58477	1789131373021	2	182	succeeded	attempt 1 watch=310ms
58482	1789131373026	0	105	succeeded	attempt 1 watch=273ms
58498	1789131373041	2	149	chunk-verified	fetch=642ms
58498	1789131373041	1	175	chunk-verified	fetch=719ms
58517	1789131373060	2	152	chunk-verified	fetch=624ms
58520	1789131373063	1	181	chunk-verified	fetch=667ms
58522	1789131373066	0	108	succeeded	attempt 1 watch=282ms
58530	1789131373073	1	184	chunk-verified	fetch=651ms
58535	1789131373078	0	78	chunk-verified	fetch=530ms
58550	1789131373094	0	81	chunk-verified	fetch=507ms
58556	1789131373099	1	214	succeeded	attempt 1 watch=239ms
58583	1789131373127	2	185	succeeded	attempt 1 watch=302ms
58589	1789131373132	1	187	chunk-verified	fetch=620ms
58589	1789131373132	1	217	succeeded	attempt 1 watch=264ms
58596	1789131373140	0	111	succeeded	attempt 1 watch=341ms
58614	1789131373157	2	188	succeeded	attempt 1 watch=315ms
58617	1789131373160	1	190	chunk-verified	fetch=614ms
58637	1789131373180	0	84	chunk-verified	fetch=556ms
58658	1789131373201	1	220	succeeded	attempt 1 watch=267ms
58665	1789131373208	0	87	chunk-verified	fetch=556ms
58676	1789131373219	2	191	succeeded	attempt 1 watch=311ms
58683	1789131373226	1	193	chunk-verified	fetch=620ms
58691	1789131373234	2	155	chunk-verified	fetch=704ms
58708	1789131373252	1	196	chunk-verified	fetch=615ms
58711	1789131373254	2	194	succeeded	attempt 1 watch=339ms
58726	1789131373270	0	114	succeeded	attempt 1 watch=322ms
58739	1789131373282	1	223	succeeded	attempt 1 watch=269ms
58747	1789131373290	2	158	chunk-verified	fetch=668ms
58765	1789131373308	2	161	chunk-verified	fetch=653ms
58767	1789131373310	1	226	succeeded	attempt 1 watch=269ms
58783	1789131373326	0	117	succeeded	attempt 1 watch=323ms
58791	1789131373334	2	164	chunk-verified	fetch=654ms
58801	1789131373344	1	229	succeeded	attempt 1 watch=281ms
58801	1789131373344	1	199	chunk-verified	fetch=594ms
58834	1789131373377	2	197	succeeded	attempt 1 watch=336ms
58839	1789131373383	1	232	succeeded	attempt 1 watch=309ms
58850	1789131373393	1	202	chunk-verified	fetch=582ms
58868	1789131373411	2	200	succeeded	attempt 1 watch=350ms
58890	1789131373433	2	167	chunk-verified	fetch=662ms
58899	1789131373443	0	120	succeeded	attempt 1 watch=364ms
58902	1789131373445	1	235	succeeded	attempt 1 watch=313ms
58907	1789131373450	0	66	chunk-verified	fetch=1337ms
58934	1789131373477	0	123	succeeded	attempt 1 watch=383ms
58936	1789131373479	2	170	chunk-verified	fetch=681ms
58939	1789131373482	0	63	chunk-verified	fetch=1394ms
58975	1789131373518	1	238	succeeded	attempt 1 watch=357ms
58990	1789131373533	0	126	succeeded	attempt 1 watch=352ms
58995	1789131373538	1	205	chunk-verified	fetch=641ms
59000	1789131373543	2	173	chunk-verified	fetch=706ms
59002	1789131373546	0	90	chunk-verified	fetch=729ms
59015	1789131373558	0	93	chunk-verified	fetch=648ms
59025	1789131373568	2	203	succeeded	attempt 1 watch=334ms
59030	1789131373573	0	129	succeeded	attempt 1 watch=364ms
59041	1789131373584	1	241	succeeded	attempt 1 watch=357ms
59043	1789131373586	0	96	chunk-verified	fetch=650ms
59050	1789131373594	1	208	chunk-verified	fetch=626ms
59071	1789131373614	1	244	succeeded	attempt 1 watch=362ms
59074	1789131373617	0	99	chunk-verified	fetch=651ms
59089	1789131373632	1	211	chunk-verified	fetch=629ms
59105	1789131373648	2	206	succeeded	attempt 1 watch=357ms
59110	1789131373653	2	176	chunk-verified	fetch=713ms
59135	1789131373678	0	102	chunk-verified	fetch=685ms
59140	1789131373683	2	209	succeeded	attempt 1 watch=375ms
59155	1789131373698	0	105	chunk-verified	fetch=672ms
59170	1789131373714	2	212	succeeded	attempt 1 watch=379ms
59176	1789131373720	0	108	chunk-verified	fetch=653ms
59179	1789131373722	0	132	succeeded	attempt 1 watch=271ms
59189	1789131373732	2	179	chunk-verified	fetch=737ms
59207	1789131373750	0	135	succeeded	attempt 1 watch=268ms
59212	1789131373756	1	247	succeeded	attempt 1 watch=411ms
59230	1789131373773	2	182	chunk-verified	fetch=752ms
59246	1789131373789	2	215	succeeded	attempt 1 watch=355ms
59271	1789131373814	0	111	chunk-verified	fetch=674ms
59273	1789131373817	1	250	succeeded	attempt 1 watch=423ms
59276	1789131373819	2	218	succeeded	attempt 1 watch=339ms
59293	1789131373836	2	185	chunk-verified	fetch=709ms
59296	1789131373839	0	138	succeeded	attempt 1 watch=293ms
59308	1789131373851	2	221	succeeded	attempt 1 watch=308ms
59324	1789131373867	1	214	chunk-verified	fetch=768ms
59326	1789131373869	0	141	succeeded	attempt 1 watch=311ms
59352	1789131373895	1	217	chunk-verified	fetch=763ms
59354	1789131373898	2	188	chunk-verified	fetch=740ms
59378	1789131373921	2	194	chunk-verified	fetch=666ms
59385	1789131373929	1	253	succeeded	attempt 1 watch=390ms
59388	1789131373931	0	144	succeeded	attempt 1 watch=345ms
59390	1789131373934	2	224	succeeded	attempt 1 watch=280ms
59408	1789131373951	2	191	chunk-verified	fetch=731ms
59413	1789131373956	0	147	succeeded	attempt 1 watch=339ms
59439	1789131373983	1	220	chunk-verified	fetch=781ms
59445	1789131373988	0	114	chunk-verified	fetch=718ms
59450	1789131373993	0	117	chunk-verified	fetch=667ms
59453	1789131373996	0	150	succeeded	attempt 1 watch=317ms
59458	1789131374001	1	256	succeeded	attempt 1 watch=407ms
59484	1789131374027	2	227	succeeded	attempt 1 watch=294ms
59489	1789131374032	0	153	succeeded	attempt 1 watch=334ms
59513	1789131374056	0	120	chunk-verified	fetch=613ms
59515	1789131374058	2	230	succeeded	attempt 1 watch=285ms
59518	1789131374061	1	259	succeeded	attempt 1 watch=429ms
59526	1789131374069	2	197	chunk-verified	fetch=691ms
59551	1789131374094	0	156	succeeded	attempt 1 watch=374ms
59556	1789131374099	1	223	chunk-verified	fetch=816ms
59573	1789131374116	2	200	chunk-verified	fetch=705ms
59576	1789131374119	1	229	chunk-verified	fetch=774ms
59588	1789131374131	1	232	chunk-verified	fetch=748ms
59593	1789131374136	2	233	succeeded	attempt 1 watch=299ms
59606	1789131374149	1	226	chunk-verified	fetch=838ms
59613	1789131374157	1	262	succeeded	attempt 1 watch=289ms
59621	1789131374164	0	159	succeeded	attempt 1 watch=350ms
59621	1789131374164	1	235	chunk-verified	fetch=719ms
59631	1789131374175	0	123	chunk-verified	fetch=697ms
59644	1789131374187	1	238	chunk-verified	fetch=669ms
59644	1789131374187	1	265	succeeded	attempt 1 watch=292ms
59667	1789131374210	0	126	chunk-verified	fetch=677ms
59672	1789131374215	2	236	succeeded	attempt 1 watch=317ms
59685	1789131374228	2	203	chunk-verified	fetch=659ms
59702	1789131374245	2	239	succeeded	attempt 1 watch=324ms
59707	1789131374250	1	241	chunk-verified	fetch=666ms
59710	1789131374253	2	206	chunk-verified	fetch=605ms
59722	1789131374266	0	129	chunk-verified	fetch=692ms
59735	1789131374278	1	268	succeeded	attempt 1 watch=295ms
59761	1789131374304	0	162	succeeded	attempt 1 watch=316ms
59766	1789131374309	2	242	succeeded	attempt 1 watch=358ms
59784	1789131374327	1	244	chunk-verified	fetch=712ms
59794	1789131374337	1	271	succeeded	attempt 1 watch=238ms
59814	1789131374357	1	247	chunk-verified	fetch=601ms
59819	1789131374362	2	209	chunk-verified	fetch=678ms
59834	1789131374377	1	274	succeeded	attempt 1 watch=258ms
59837	1789131374380	0	165	succeeded	attempt 1 watch=386ms
59855	1789131374398	2	245	succeeded	attempt 1 watch=328ms
59855	1789131374398	2	212	chunk-verified	fetch=684ms
59868	1789131374411	1	277	succeeded	attempt 1 watch=279ms
59878	1789131374421	0	168	succeeded	attempt 1 watch=365ms
59880	1789131374424	2	248	succeeded	attempt 1 watch=307ms
59888	1789131374431	1	250	chunk-verified	fetch=614ms
59893	1789131374436	1	280	succeeded	attempt 1 watch=287ms
59896	1789131374439	2	215	chunk-verified	fetch=650ms
59926	1789131374470	0	132	chunk-verified	fetch=747ms
59948	1789131374492	0	135	chunk-verified	fetch=741ms
59951	1789131374494	1	283	succeeded	attempt 1 watch=329ms
59966	1789131374509	2	221	chunk-verified	fetch=657ms
59969	1789131374512	0	171	succeeded	attempt 1 watch=337ms
59976	1789131374519	2	251	succeeded	attempt 1 watch=291ms
59984	1789131374527	1	286	succeeded	attempt 1 watch=339ms
59999	1789131374542	0	174	succeeded	attempt 1 watch=332ms
60017	1789131374560	0	138	chunk-verified	fetch=720ms
60024	1789131374568	2	218	chunk-verified	fetch=748ms
60027	1789131374570	0	177	succeeded	attempt 1 watch=304ms
60027	1789131374570	2	254	succeeded	attempt 1 watch=317ms
60029	1789131374573	0	141	chunk-verified	fetch=703ms
60040	1789131374583	1	289	succeeded	attempt 1 watch=332ms
60047	1789131374590	1	253	chunk-verified	fetch=661ms
60068	1789131374611	2	224	chunk-verified	fetch=677ms
60075	1789131374618	1	256	chunk-verified	fetch=617ms
60075	1789131374618	0	147	chunk-verified	fetch=662ms
60090	1789131374633	2	257	succeeded	attempt 1 watch=271ms
60092	1789131374636	0	150	chunk-verified	fetch=639ms
60095	1789131374638	2	227	chunk-verified	fetch=610ms
60115	1789131374658	1	292	succeeded	attempt 1 watch=331ms
60120	1789131374663	2	260	succeeded	attempt 1 watch=264ms
60135	1789131374678	1	259	chunk-verified	fetch=616ms
60135	1789131374678	0	144	chunk-verified	fetch=746ms
60145	1789131374688	0	180	succeeded	attempt 1 watch=218ms
60153	1789131374696	0	153	chunk-verified	fetch=663ms
60165	1789131374709	2	230	chunk-verified	fetch=649ms
60168	1789131374711	0	156	chunk-verified	fetch=616ms
60175	1789131374719	0	183	succeeded	attempt 1 watch=227ms
60183	1789131374726	1	295	succeeded	attempt 1 watch=369ms
60196	1789131374739	0	159	chunk-verified	fetch=574ms
60214	1789131374757	2	263	succeeded	attempt 1 watch=317ms
60242	1789131374785	2	266	succeeded	attempt 1 watch=275ms
60254	1789131374797	2	233	chunk-verified	fetch=660ms
60272	1789131374815	0	186	succeeded	attempt 1 watch=255ms
60282	1789131374825	2	236	chunk-verified	fetch=610ms
60303	1789131374846	2	269	succeeded	attempt 1 watch=278ms
60313	1789131374856	2	239	chunk-verified	fetch=610ms
60316	1789131374859	1	298	succeeded	attempt 1 watch=427ms
60347	1789131374890	0	189	succeeded	attempt 1 watch=317ms
60364	1789131374907	2	272	succeeded	attempt 1 watch=295ms
60377	1789131374920	1	262	chunk-verified	fetch=763ms
60381	1789131374924	0	192	succeeded	attempt 1 watch=305ms
60393	1789131374936	2	242	chunk-verified	fetch=627ms
60396	1789131374939	0	162	chunk-verified	fetch=634ms
60409	1789131374952	0	195	succeeded	attempt 1 watch=316ms
60419	1789131374962	2	275	succeeded	attempt 1 watch=324ms
60424	1789131374967	1	265	chunk-verified	fetch=779ms
60439	1789131374982	1	301	succeeded	attempt 1 watch=392ms
60442	1789131374985	0	198	succeeded	attempt 1 watch=306ms
60442	1789131374985	0	165	chunk-verified	fetch=604ms
60475	1789131375019	0	168	chunk-verified	fetch=597ms
60478	1789131375021	2	278	succeeded	attempt 1 watch=312ms
60478	1789131375021	1	304	succeeded	attempt 1 watch=402ms
60493	1789131375036	1	268	chunk-verified	fetch=757ms
60495	1789131375038	2	245	chunk-verified	fetch=640ms
60515	1789131375058	0	201	succeeded	attempt 1 watch=361ms
60519	1789131375062	2	248	chunk-verified	fetch=638ms
60536	1789131375080	1	307	succeeded	attempt 1 watch=401ms
60541	1789131375085	0	204	succeeded	attempt 1 watch=373ms
60556	1789131375100	2	281	succeeded	attempt 1 watch=302ms
60574	1789131375117	0	207	succeeded	attempt 1 watch=377ms
60577	1789131375120	1	271	chunk-verified	fetch=782ms
60592	1789131375135	1	274	chunk-verified	fetch=757ms
60599	1789131375142	2	284	succeeded	attempt 1 watch=316ms
60618	1789131375162	2	251	chunk-verified	fetch=642ms
60618	1789131375162	1	277	chunk-verified	fetch=750ms
60628	1789131375172	1	280	chunk-verified	fetch=735ms
60631	1789131375174	1	310	succeeded	attempt 1 watch=254ms
60641	1789131375184	0	171	chunk-verified	fetch=672ms
60661	1789131375204	1	289	chunk-verified	fetch=621ms
60668	1789131375212	2	287	succeeded	attempt 1 watch=355ms
60668	1789131375212	1	313	succeeded	attempt 1 watch=244ms
60683	1789131375226	0	174	chunk-verified	fetch=684ms
60694	1789131375237	1	283	chunk-verified	fetch=742ms
60694	1789131375237	0	177	chunk-verified	fetch=666ms
60696	1789131375239	0	210	succeeded	attempt 1 watch=300ms
60716	1789131375259	2	254	chunk-verified	fetch=689ms
60729	1789131375272	2	290	succeeded	attempt 1 watch=335ms
60731	1789131375275	1	286	chunk-verified	fetch=747ms
60739	1789131375282	2	257	chunk-verified	fetch=649ms
60757	1789131375300	1	316	succeeded	attempt 1 watch=264ms
60800	1789131375343	2	260	chunk-verified	fetch=680ms
60816	1789131375359	0	213	succeeded	attempt 1 watch=373ms
60818	1789131375362	1	319	succeeded	attempt 1 watch=241ms
60821	1789131375365	1	292	chunk-verified	fetch=706ms
60824	1789131375367	2	293	succeeded	attempt 1 watch=328ms
60847	1789131375391	1	295	chunk-verified	fetch=664ms
60850	1789131375393	1	322	succeeded	attempt 1 watch=258ms
60853	1789131375396	0	216	succeeded	attempt 1 watch=377ms
60863	1789131375406	2	296	succeeded	attempt 1 watch=344ms
60876	1789131375419	2	263	chunk-verified	fetch=662ms
60895	1789131375438	1	325	succeeded	attempt 1 watch=276ms
60903	1789131375446	0	180	chunk-verified	fetch=757ms
60921	1789131375464	1	328	succeeded	attempt 1 watch=292ms
60931	1789131375474	2	266	chunk-verified	fetch=689ms
60941	1789131375484	2	299	succeeded	attempt 1 watch=322ms
60941	1789131375484	1	298	chunk-verified	fetch=625ms
60970	1789131375513	0	219	succeeded	attempt 1 watch=328ms
60979	1789131375523	1	331	succeeded	attempt 1 watch=318ms
60985	1789131375528	0	183	chunk-verified	fetch=809ms
60997	1789131375541	0	222	succeeded	attempt 1 watch=314ms
61002	1789131375546	0	186	chunk-verified	fetch=730ms
61013	1789131375556	2	269	chunk-verified	fetch=710ms
61015	1789131375558	0	189	chunk-verified	fetch=668ms
61036	1789131375579	2	272	chunk-verified	fetch=672ms
61036	1789131375579	0	225	succeeded	attempt 1 watch=342ms
61038	1789131375582	2	302	succeeded	attempt 1 watch=322ms
61061	1789131375604	1	334	succeeded	attempt 1 watch=367ms
61068	1789131375611	1	301	chunk-verified	fetch=629ms
61101	1789131375644	1	337	succeeded	attempt 1 watch=369ms
61111	1789131375655	2	305	succeeded	attempt 1 watch=372ms
61116	1789131375659	0	192	chunk-verified	fetch=735ms
61129	1789131375673	0	195	chunk-verified	fetch=720ms
61137	1789131375680	2	308	succeeded	attempt 1 watch=336ms
61149	1789131375692	1	304	chunk-verified	fetch=671ms
61154	1789131375697	0	198	chunk-verified	fetch=712ms
61154	1789131375697	2	275	chunk-verified	fetch=734ms
61169	1789131375712	0	228	succeeded	attempt 1 watch=266ms
61169	1789131375712	1	307	chunk-verified	fetch=632ms
61182	1789131375725	0	201	chunk-verified	fetch=666ms
61189	1789131375732	2	278	chunk-verified	fetch=711ms
61204	1789131375747	1	340	succeeded	attempt 1 watch=382ms
61206	1789131375749	0	204	chunk-verified	fetch=664ms
61224	1789131375767	0	207	chunk-verified	fetch=650ms
61237	1789131375780	1	343	succeeded	attempt 1 watch=389ms
61239	1789131375783	0	231	succeeded	attempt 1 watch=254ms
61239	1789131375783	2	311	succeeded	attempt 1 watch=363ms
61260	1789131375803	2	314	succeeded	attempt 1 watch=328ms
61288	1789131375831	2	281	chunk-verified	fetch=731ms
61293	1789131375836	0	234	succeeded	attempt 1 watch=290ms
61317	1789131375860	0	237	succeeded	attempt 1 watch=301ms
61324	1789131375867	2	317	succeeded	attempt 1 watch=311ms
61344	1789131375887	2	284	chunk-verified	fetch=744ms
61353	1789131375896	1	346	succeeded	attempt 1 watch=412ms
61361	1789131375904	2	287	chunk-verified	fetch=692ms
61386	1789131375929	0	240	succeeded	attempt 1 watch=269ms
61389	1789131375932	2	320	succeeded	attempt 1 watch=352ms
61399	1789131375942	0	210	chunk-verified	fetch=702ms
61401	1789131375945	1	310	chunk-verified	fetch=770ms
61420	1789131375963	0	213	chunk-verified	fetch=604ms
61422	1789131375966	0	243	succeeded	attempt 1 watch=292ms
61422	1789131375966	1	313	chunk-verified	fetch=754ms
61443	1789131375986	2	290	chunk-verified	fetch=714ms
61453	1789131375997	1	349	succeeded	attempt 1 watch=385ms
61458	1789131376002	0	216	chunk-verified	fetch=605ms
61461	1789131376004	0	246	succeeded	attempt 1 watch=307ms
61497	1789131376040	2	323	succeeded	attempt 1 watch=343ms
61512	1789131376055	2	293	chunk-verified	fetch=687ms
61519	1789131376062	1	352	succeeded	attempt 1 watch=369ms
61524	1789131376067	0	249	succeeded	attempt 1 watch=342ms
61524	1789131376068	1	316	chunk-verified	fetch=767ms
61532	1789131376075	2	326	succeeded	attempt 1 watch=342ms
61552	1789131376096	0	252	succeeded	attempt 1 watch=346ms
61552	1789131376096	1	355	succeeded	attempt 1 watch=383ms
61573	1789131376116	2	296	chunk-verified	fetch=709ms
61575	1789131376118	1	319	chunk-verified	fetch=756ms
61578	1789131376121	0	255	succeeded	attempt 1 watch=353ms
61601	1789131376144	0	219	chunk-verified	fetch=630ms
61606	1789131376149	2	329	succeeded	attempt 1 watch=317ms
61649	1789131376192	1	322	chunk-verified	fetch=798ms
61657	1789131376200	2	299	chunk-verified	fetch=715ms
61662	1789131376205	0	222	chunk-verified	fetch=664ms
61667	1789131376210	1	331	chunk-verified	fetch=687ms
61675	1789131376218	1	325	chunk-verified	fetch=779ms
61675	1789131376218	2	332	succeeded	attempt 1 watch=330ms
61677	1789131376221	1	358	succeeded	attempt 1 watch=275ms
61703	1789131376246	2	335	succeeded	attempt 1 watch=341ms
61706	1789131376249	1	361	succeeded	attempt 1 watch=283ms
61706	1789131376249	1	328	chunk-verified	fetch=784ms
61726	1789131376270	2	302	chunk-verified	fetch=688ms
61729	1789131376272	0	258	succeeded	attempt 1 watch=330ms
61734	1789131376277	0	225	chunk-verified	fetch=697ms
61751	1789131376295	1	334	chunk-verified	fetch=690ms
61761	1789131376304	0	261	succeeded	attempt 1 watch=341ms
61766	1789131376310	2	338	succeeded	attempt 1 watch=323ms
61781	1789131376324	1	337	chunk-verified	fetch=679ms
61783	1789131376327	2	305	chunk-verified	fetch=671ms
61804	1789131376347	1	364	succeeded	attempt 1 watch=279ms
61804	1789131376347	2	308	chunk-verified	fetch=667ms
61822	1789131376365	2	341	succeeded	attempt 1 watch=310ms
61829	1789131376373	0	264	succeeded	attempt 1 watch=370ms
61863	1789131376406	1	367	succeeded	attempt 1 watch=287ms
61884	1789131376427	2	344	succeeded	attempt 1 watch=311ms
61884	1789131376427	0	228	chunk-verified	fetch=715ms
61892	1789131376435	1	370	succeeded	attempt 1 watch=242ms
61909	1789131376452	1	340	chunk-verified	fetch=704ms
61916	1789131376459	2	311	chunk-verified	fetch=676ms
61923	1789131376466	1	343	chunk-verified	fetch=686ms
61928	1789131376471	2	314	chunk-verified	fetch=667ms
61935	1789131376479	1	346	chunk-verified	fetch=582ms
61935	1789131376479	1	373	succeeded	attempt 1 watch=268ms
61953	1789131376497	2	347	succeeded	attempt 1 watch=296ms
61956	1789131376499	2	317	chunk-verified	fetch=631ms
61966	1789131376509	1	376	succeeded	attempt 1 watch=291ms
61982	1789131376525	0	267	succeeded	attempt 1 watch=381ms
62010	1789131376553	0	270	succeeded	attempt 1 watch=348ms
62030	1789131376573	1	379	succeeded	attempt 1 watch=324ms
62030	1789131376573	0	231	chunk-verified	fetch=790ms
62035	1789131376578	2	350	succeeded	attempt 1 watch=308ms
62053	1789131376596	0	237	chunk-verified	fetch=736ms
62056	1789131376599	2	320	chunk-verified	fetch=667ms
62075	1789131376618	0	273	succeeded	attempt 1 watch=341ms
62083	1789131376626	0	240	chunk-verified	fetch=696ms
62086	1789131376629	1	382	succeeded	attempt 1 watch=334ms
62103	1789131376646	2	353	succeeded	attempt 1 watch=319ms
62108	1789131376651	1	349	chunk-verified	fetch=654ms
62113	1789131376656	1	385	succeeded	attempt 1 watch=332ms
62128	1789131376671	1	352	chunk-verified	fetch=609ms
62136	1789131376679	2	356	succeeded	attempt 1 watch=331ms
62138	1789131376682	0	234	chunk-verified	fetch=845ms
62154	1789131376697	0	276	succeeded	attempt 1 watch=269ms
62155	1789131376698	0	255	admit-refused	stalled read ordinal 255
62159	1789131376702	2	323	chunk-verified	fetch=661ms
62179	1789131376722	0	246	chunk-verified	fetch=717ms
62194	1789131376737	0	249	chunk-verified	fetch=669ms
62204	1789131376747	1	355	chunk-verified	fetch=651ms
62227	1789131376770	0	243	chunk-verified	fetch=804ms
62232	1789131376775	2	326	chunk-verified	fetch=699ms
62242	1789131376785	0	252	chunk-verified	fetch=689ms
62250	1789131376793	2	359	succeeded	attempt 1 watch=333ms
62250	1789131376793	1	388	succeeded	attempt 1 watch=340ms
62255	1789131376798	0	279	succeeded	attempt 1 watch=224ms
62285	1789131376828	2	362	succeeded	attempt 1 watch=357ms
62285	1789131376829	1	391	succeeded	attempt 1 watch=362ms
62290	1789131376833	0	282	succeeded	attempt 1 watch=236ms
62298	1789131376841	2	329	chunk-verified	fetch=692ms
62301	1789131376844	0	258	chunk-verified	fetch=571ms
62318	1789131376861	1	394	succeeded	attempt 1 watch=382ms
62338	1789131376881	2	365	succeeded	attempt 1 watch=382ms
62351	1789131376894	0	285	succeeded	attempt 1 watch=267ms
62381	1789131376924	0	288	succeeded	attempt 1 watch=242ms
62389	1789131376932	2	332	chunk-verified	fetch=713ms
62402	1789131376945	2	368	succeeded	attempt 1 watch=345ms
62404	1789131376947	0	261	chunk-verified	fetch=642ms
62417	1789131376960	2	335	chunk-verified	fetch=713ms
62422	1789131376965	0	264	chunk-verified	fetch=592ms
62432	1789131376975	1	358	chunk-verified	fetch=754ms
62437	1789131376981	2	338	chunk-verified	fetch=671ms
62455	1789131376998	0	291	succeeded	attempt 1 watch=276ms
62487	1789131377031	0	294	succeeded	attempt 1 watch=293ms
62497	1789131377041	1	397	succeeded	attempt 1 watch=389ms
62497	1789131377041	2	371	succeeded	attempt 1 watch=338ms
62500	1789131377043	1	361	chunk-verified	fetch=794ms
62510	1789131377053	0	267	chunk-verified	fetch=528ms
62525	1789131377069	0	297	succeeded	attempt 1 watch=298ms
62528	1789131377071	0	270	chunk-verified	fetch=517ms
62535	1789131377079	2	341	chunk-verified	fetch=713ms
62551	1789131377094	1	400	succeeded	attempt 1 watch=422ms
62553	1789131377096	0	300	succeeded	attempt 1 watch=311ms
62556	1789131377099	2	374	succeeded	attempt 1 watch=323ms
62573	1789131377117	2	344	chunk-verified	fetch=689ms
62581	1789131377124	1	403	succeeded	attempt 1 watch=376ms
62588	1789131377132	1	367	chunk-verified	fetch=725ms
62611	1789131377154	1	370	chunk-verified	fetch=719ms
62638	1789131377181	2	377	succeeded	attempt 1 watch=339ms
62658	1789131377201	1	364	chunk-verified	fetch=854ms
62661	1789131377204	0	303	succeeded	attempt 1 watch=359ms
62681	1789131377224	2	347	chunk-verified	fetch=727ms
62700	1789131377244	0	273	chunk-verified	fetch=625ms
62703	1789131377246	2	380	succeeded	attempt 1 watch=314ms
62711	1789131377254	2	350	chunk-verified	fetch=675ms
62718	1789131377262	1	406	succeeded	attempt 1 watch=286ms
62756	1789131377299	1	373	chunk-verified	fetch=820ms
62779	1789131377322	1	382	chunk-verified	fetch=693ms
62791	1789131377335	2	383	succeeded	attempt 1 watch=374ms
62794	1789131377337	0	306	succeeded	attempt 1 watch=389ms
62796	1789131377340	1	409	succeeded	attempt 1 watch=296ms
62799	1789131377342	1	376	chunk-verified	fetch=833ms
62823	1789131377366	2	386	succeeded	attempt 1 watch=385ms
62825	1789131377368	0	309	succeeded	attempt 1 watch=403ms
62828	1789131377371	1	379	chunk-verified	fetch=797ms
62838	1789131377381	2	353	chunk-verified	fetch=734ms
62840	1789131377383	1	385	chunk-verified	fetch=727ms
62843	1789131377386	0	276	chunk-verified	fetch=688ms
62884	1789131377427	2	356	chunk-verified	fetch=747ms
62884	1789131377427	2	389	succeeded	attempt 1 watch=348ms
62884	1789131377427	1	412	succeeded	attempt 1 watch=295ms
62902	1789131377445	2	359	chunk-verified	fetch=652ms
62910	1789131377453	0	312	succeeded	attempt 1 watch=399ms
62920	1789131377463	1	415	succeeded	attempt 1 watch=308ms
62925	1789131377468	1	388	chunk-verified	fetch=675ms
62934	1789131377477	0	315	succeeded	attempt 1 watch=406ms
62937	1789131377480	2	392	succeeded	attempt 1 watch=363ms
62949	1789131377492	1	418	succeeded	attempt 1 watch=291ms
62972	1789131377515	1	391	chunk-verified	fetch=686ms
62975	1789131377518	2	362	chunk-verified	fetch=689ms
62996	1789131377539	1	394	chunk-verified	fetch=677ms
63004	1789131377547	2	365	chunk-verified	fetch=665ms
63008	1789131377552	2	395	succeeded	attempt 1 watch=327ms
63011	1789131377554	1	421	succeeded	attempt 1 watch=255ms
63049	1789131377592	0	279	chunk-verified	fetch=793ms
63049	1789131377592	1	424	succeeded	attempt 1 watch=269ms
63051	1789131377594	1	397	chunk-verified	fetch=553ms
63066	1789131377609	0	318	succeeded	attempt 1 watch=365ms
63066	1789131377609	0	285	chunk-verified	fetch=715ms
63079	1789131377622	2	398	succeeded	attempt 1 watch=367ms
63086	1789131377629	2	368	chunk-verified	fetch=684ms
63101	1789131377644	0	288	chunk-verified	fetch=719ms
63108	1789131377652	1	427	succeeded	attempt 1 watch=309ms
63126	1789131377669	0	255	chunk-verified	fetch=1548ms
63139	1789131377682	1	430	succeeded	attempt 1 watch=310ms
63144	1789131377687	0	282	chunk-verified	fetch=853ms
63149	1789131377692	2	401	succeeded	attempt 1 watch=311ms
63149	1789131377692	0	321	succeeded	attempt 1 watch=305ms
63162	1789131377705	1	400	chunk-verified	fetch=610ms
63177	1789131377720	1	433	succeeded	attempt 1 watch=336ms
63189	1789131377732	0	291	chunk-verified	fetch=734ms
63212	1789131377755	2	404	succeeded	attempt 1 watch=328ms
63217	1789131377761	0	294	chunk-verified	fetch=729ms
63220	1789131377763	2	371	chunk-verified	fetch=722ms
63238	1789131377781	1	403	chunk-verified	fetch=656ms
63245	1789131377788	0	324	succeeded	attempt 1 watch=196ms
63268	1789131377811	2	407	succeeded	attempt 1 watch=366ms
63273	1789131377816	0	327	succeeded	attempt 1 watch=206ms
63281	1789131377824	1	436	succeeded	attempt 1 watch=356ms
63291	1789131377834	0	297	chunk-verified	fetch=765ms
63308	1789131377852	0	303	chunk-verified	fetch=647ms
63324	1789131377867	2	374	chunk-verified	fetch=767ms
63336	1789131377879	1	439	succeeded	attempt 1 watch=363ms
63338	1789131377881	2	377	chunk-verified	fetch=700ms
63343	1789131377886	2	410	succeeded	attempt 1 watch=368ms
63348	1789131377892	0	330	succeeded	attempt 1 watch=247ms
63351	1789131377894	0	306	chunk-verified	fetch=556ms
63364	1789131377907	1	442	succeeded	attempt 1 watch=367ms
63377	1789131377920	0	300	chunk-verified	fetch=823ms
63379	1789131377922	0	333	succeeded	attempt 1 watch=253ms
63389	1789131377933	1	406	chunk-verified	fetch=671ms
63395	1789131377938	2	413	succeeded	attempt 1 watch=391ms
63397	1789131377940	0	309	chunk-verified	fetch=571ms
63407	1789131377951	0	336	succeeded	attempt 1 watch=263ms
63447	1789131377990	1	445	succeeded	attempt 1 watch=395ms
63457	1789131378000	2	416	succeeded	attempt 1 watch=370ms
63459	1789131378002	2	380	chunk-verified	fetch=756ms
63472	1789131378015	0	339	succeeded	attempt 1 watch=282ms
63480	1789131378023	0	312	chunk-verified	fetch=570ms
63491	1789131378034	1	409	chunk-verified	fetch=694ms
63495	1789131378039	2	383	chunk-verified	fetch=703ms
63495	1789131378039	0	342	succeeded	attempt 1 watch=278ms
63519	1789131378062	2	386	chunk-verified	fetch=696ms
63539	1789131378083	0	315	chunk-verified	fetch=605ms
63539	1789131378083	2	419	succeeded	attempt 1 watch=319ms
63554	1789131378097	1	448	succeeded	attempt 1 watch=392ms
63582	1789131378125	2	389	chunk-verified	fetch=698ms
63589	1789131378132	2	422	succeeded	attempt 1 watch=265ms
63592	1789131378135	2	392	chunk-verified	fetch=655ms
63594	1789131378137	0	345	succeeded	attempt 1 watch=303ms
63613	1789131378156	1	451	succeeded	attempt 1 watch=375ms
63635	1789131378178	0	348	succeeded	attempt 1 watch=326ms
63635	1789131378178	1	412	chunk-verified	fetch=750ms
63652	1789131378195	2	425	succeeded	attempt 1 watch=313ms
63665	1789131378208	1	415	chunk-verified	fetch=745ms
63682	1789131378225	0	318	chunk-verified	fetch=616ms
63687	1789131378230	1	418	chunk-verified	fetch=737ms
63692	1789131378235	2	395	chunk-verified	fetch=683ms
63707	1789131378250	0	351	succeeded	attempt 1 watch=356ms
63718	1789131378261	2	398	chunk-verified	fetch=639ms
63737	1789131378281	0	354	succeeded	attempt 1 watch=360ms
63742	1789131378286	1	454	succeeded	attempt 1 watch=352ms
63745	1789131378288	2	428	succeeded	attempt 1 watch=285ms
63770	1789131378313	2	431	succeeded	attempt 1 watch=274ms
63792	1789131378335	2	401	chunk-verified	fetch=643ms
63795	1789131378338	1	421	chunk-verified	fetch=783ms
63800	1789131378343	0	357	succeeded	attempt 1 watch=402ms
63810	1789131378353	1	427	chunk-verified	fetch=701ms
63813	1789131378356	1	457	succeeded	attempt 1 watch=322ms
63830	1789131378373	2	404	chunk-verified	fetch=617ms
63835	1789131378378	1	424	chunk-verified	fetch=786ms
63850	1789131378393	2	434	succeeded	attempt 1 watch=331ms
63852	1789131378396	1	430	chunk-verified	fetch=713ms
63865	1789131378408	0	321	chunk-verified	fetch=716ms
63880	1789131378423	2	437	succeeded	attempt 1 watch=297ms
63885	1789131378428	1	433	chunk-verified	fetch=708ms
63895	1789131378438	0	360	succeeded	attempt 1 watch=414ms
63897	1789131378440	2	407	chunk-verified	fetch=629ms
63907	1789131378450	1	460	succeeded	attempt 1 watch=272ms
63928	1789131378471	1	463	succeeded	attempt 1 watch=263ms
63936	1789131378479	2	440	succeeded	attempt 1 watch=344ms
63949	1789131378492	1	436	chunk-verified	fetch=668ms
63956	1789131378499	0	363	succeeded	attempt 1 watch=416ms
63961	1789131378504	1	466	succeeded	attempt 1 watch=273ms
63961	1789131378504	1	439	chunk-verified	fetch=625ms
63969	1789131378512	0	324	chunk-verified	fetch=723ms
63974	1789131378517	2	410	chunk-verified	fetch=631ms
64004	1789131378547	2	443	succeeded	attempt 1 watch=311ms
64007	1789131378550	2	413	chunk-verified	fetch=611ms
64017	1789131378560	0	327	chunk-verified	fetch=743ms
64024	1789131378567	1	469	succeeded	attempt 1 watch=228ms
64039	1789131378582	1	442	chunk-verified	fetch=674ms
64041	1789131378584	2	446	succeeded	attempt 1 watch=323ms
64056	1789131378600	0	366	succeeded	attempt 1 watch=374ms
64059	1789131378602	2	416	chunk-verified	fetch=602ms
64059	1789131378602	1	472	succeeded	attempt 1 watch=248ms
64069	1789131378613	0	330	chunk-verified	fetch=720ms
64079	1789131378623	1	445	chunk-verified	fetch=632ms
64113	1789131378656	2	449	succeeded	attempt 1 watch=320ms
64115	1789131378658	1	475	succeeded	attempt 1 watch=279ms
64138	1789131378681	2	452	succeeded	attempt 1 watch=307ms
64143	1789131378686	1	478	succeeded	attempt 1 watch=290ms
64157	1789131378701	0	333	chunk-verified	fetch=778ms
64162	1789131378706	2	419	chunk-verified	fetch=622ms
64165	1789131378708	1	448	chunk-verified	fetch=610ms
64172	1789131378715	0	369	succeeded	attempt 1 watch=306ms
64182	1789131378725	0	336	chunk-verified	fetch=774ms
64184	1789131378728	1	451	chunk-verified	fetch=571ms
64185	1789131378728	1	481	succeeded	attempt 1 watch=299ms
64187	1789131378730	0	339	chunk-verified	fetch=715ms
64226	1789131378769	0	372	succeeded	attempt 1 watch=256ms
64238	1789131378781	2	455	succeeded	attempt 1 watch=340ms
64248	1789131378791	0	342	chunk-verified	fetch=752ms
64273	1789131378816	1	484	succeeded	attempt 1 watch=324ms
64276	1789131378819	2	422	chunk-verified	fetch=686ms
64279	1789131378822	0	375	succeeded	attempt 1 watch=261ms
64296	1789131378839	0	345	chunk-verified	fetch=701ms
64299	1789131378842	2	425	chunk-verified	fetch=646ms
64301	1789131378844	2	458	succeeded	attempt 1 watch=327ms
64310	1789131378853	1	487	succeeded	attempt 1 watch=348ms
64323	1789131378866	0	348	chunk-verified	fetch=688ms
64341	1789131378884	2	461	succeeded	attempt 1 watch=334ms
64344	1789131378887	0	351	chunk-verified	fetch=636ms
64344	1789131378887	0	378	succeeded	attempt 1 watch=274ms
64381	1789131378924	0	381	succeeded	attempt 1 watch=223ms
64384	1789131378927	1	454	chunk-verified	fetch=641ms
64386	1789131378929	0	357	chunk-verified	fetch=586ms
64414	1789131378958	1	490	succeeded	attempt 1 watch=375ms
64426	1789131378969	0	354	chunk-verified	fetch=688ms
64436	1789131378979	2	464	succeeded	attempt 1 watch=376ms
64455	1789131378998	0	384	succeeded	attempt 1 watch=272ms
64470	1789131379013	1	493	succeeded	attempt 1 watch=390ms
64475	1789131379018	2	428	chunk-verified	fetch=730ms
64488	1789131379031	0	387	succeeded	attempt 1 watch=300ms
64508	1789131379051	2	431	chunk-verified	fetch=737ms
64513	1789131379056	1	457	chunk-verified	fetch=699ms
64525	1789131379068	2	467	succeeded	attempt 1 watch=362ms
64542	1789131379085	0	360	chunk-verified	fetch=647ms
64560	1789131379103	0	390	succeeded	attempt 1 watch=311ms
64570	1789131379113	2	434	chunk-verified	fetch=719ms
64575	1789131379118	1	496	succeeded	attempt 1 watch=410ms
64585	1789131379128	2	470	succeeded	attempt 1 watch=308ms
64595	1789131379138	2	440	chunk-verified	fetch=658ms
64615	1789131379158	1	499	succeeded	attempt 1 watch=430ms
64617	1789131379161	0	393	succeeded	attempt 1 watch=321ms
64620	1789131379163	2	473	succeeded	attempt 1 watch=321ms
64633	1789131379176	0	363	chunk-verified	fetch=676ms
64651	1789131379194	0	396	succeeded	attempt 1 watch=327ms
64657	1789131379201	0	366	chunk-verified	fetch=600ms
64662	1789131379206	2	437	chunk-verified	fetch=782ms
64682	1789131379225	1	460	chunk-verified	fetch=774ms
64700	1789131379243	0	399	succeeded	attempt 1 watch=356ms
64710	1789131379253	1	463	chunk-verified	fetch=781ms
64723	1789131379266	2	443	chunk-verified	fetch=718ms
64728	1789131379271	1	502	succeeded	attempt 1 watch=344ms
64733	1789131379276	1	466	chunk-verified	fetch=771ms
64761	1789131379304	2	476	succeeded	attempt 1 watch=286ms
64761	1789131379304	1	469	chunk-verified	fetch=737ms
64761	1789131379304	2	449	chunk-verified	fetch=648ms
64764	1789131379307	0	402	succeeded	attempt 1 watch=377ms
64789	1789131379332	2	479	succeeded	attempt 1 watch=281ms
64792	1789131379335	2	446	chunk-verified	fetch=750ms
64804	1789131379347	0	405	succeeded	attempt 1 watch=378ms
64806	1789131379349	2	452	chunk-verified	fetch=668ms
64813	1789131379357	0	369	chunk-verified	fetch=641ms
64826	1789131379369	1	472	chunk-verified	fetch=766ms
64836	1789131379379	1	505	succeeded	attempt 1 watch=323ms
64844	1789131379387	1	475	chunk-verified	fetch=728ms
64869	1789131379412	2	482	succeeded	attempt 1 watch=299ms
64886	1789131379429	2	455	chunk-verified	fetch=648ms
64889	1789131379432	1	478	chunk-verified	fetch=746ms
64891	1789131379435	0	408	succeeded	attempt 1 watch=349ms
64927	1789131379470	0	372	chunk-verified	fetch=701ms
64932	1789131379475	1	508	succeeded	attempt 1 watch=249ms
64934	1789131379478	2	485	succeeded	attempt 1 watch=339ms
64959	1789131379502	1	511	succeeded	attempt 1 watch=249ms
64964	1789131379508	1	481	chunk-verified	fetch=779ms
64972	1789131379515	0	375	chunk-verified	fetch=693ms
64979	1789131379523	1	484	chunk-verified	fetch=706ms
64994	1789131379538	2	488	succeeded	attempt 1 watch=332ms
64994	1789131379538	0	411	succeeded	attempt 1 watch=361ms
64997	1789131379540	1	487	chunk-verified	fetch=686ms
65017	1789131379560	0	414	succeeded	attempt 1 watch=359ms
65029	1789131379572	1	514	succeeded	attempt 1 watch=296ms
65039	1789131379582	2	491	succeeded	attempt 1 watch=316ms
65042	1789131379585	2	458	chunk-verified	fetch=740ms
65042	1789131379585	0	378	chunk-verified	fetch=698ms
65054	1789131379597	1	517	succeeded	attempt 1 watch=293ms
65067	1789131379610	2	464	chunk-verified	fetch=630ms
65069	1789131379612	2	494	succeeded	attempt 1 watch=307ms
65079	1789131379622	2	461	chunk-verified	fetch=738ms
65082	1789131379625	1	520	succeeded	attempt 1 watch=255ms
65089	1789131379632	1	490	chunk-verified	fetch=674ms
65104	1789131379648	1	523	succeeded	attempt 1 watch=260ms
65139	1789131379683	1	493	chunk-verified	fetch=669ms
65139	1789131379683	0	381	chunk-verified	fetch=758ms
65160	1789131379703	2	497	succeeded	attempt 1 watch=367ms
65165	1789131379708	1	526	succeeded	attempt 1 watch=275ms
65175	1789131379718	1	496	chunk-verified	fetch=600ms
65185	1789131379728	0	417	succeeded	attempt 1 watch=371ms
65190	1789131379733	2	500	succeeded	attempt 1 watch=383ms
65225	1789131379768	1	499	chunk-verified	fetch=609ms
65231	1789131379775	0	384	chunk-verified	fetch=776ms
65236	1789131379779	2	467	chunk-verified	fetch=710ms
65254	1789131379797	0	387	chunk-verified	fetch=765ms
65256	1789131379799	2	503	succeeded	attempt 1 watch=369ms
65259	1789131379802	0	420	succeeded	attempt 1 watch=331ms
65264	1789131379807	1	529	succeeded	attempt 1 watch=299ms
65289	1789131379833	1	532	succeeded	attempt 1 watch=309ms
65297	1789131379840	0	423	succeeded	attempt 1 watch=324ms
65300	1789131379843	0	390	chunk-verified	fetch=739ms
65305	1789131379848	2	470	chunk-verified	fetch=719ms
65310	1789131379853	2	473	chunk-verified	fetch=689ms
65325	1789131379868	1	535	succeeded	attempt 1 watch=328ms
65330	1789131379873	1	502	chunk-verified	fetch=602ms
65345	1789131379888	0	393	chunk-verified	fetch=727ms
65362	1789131379905	2	506	succeeded	attempt 1 watch=320ms
65380	1789131379923	0	426	succeeded	attempt 1 watch=338ms
65385	1789131379928	2	509	succeeded	attempt 1 watch=318ms
65403	1789131379946	0	429	succeeded	attempt 1 watch=263ms
65419	1789131379962	0	396	chunk-verified	fetch=767ms
65429	1789131379972	1	538	succeeded	attempt 1 watch=339ms
65431	1789131379974	2	512	succeeded	attempt 1 watch=351ms
65434	1789131379977	0	405	chunk-verified	fetch=629ms
65459	1789131380002	0	432	succeeded	attempt 1 watch=227ms
65461	1789131380004	0	408	chunk-verified	fetch=569ms
65478	1789131380022	2	476	chunk-verified	fetch=717ms
65493	1789131380036	1	541	succeeded	attempt 1 watch=353ms
65498	1789131380041	0	399	chunk-verified	fetch=798ms
65501	1789131380044	0	435	succeeded	attempt 1 watch=247ms
65503	1789131380046	2	479	chunk-verified	fetch=714ms
65506	1789131380049	1	505	chunk-verified	fetch=669ms
65520	1789131380064	0	402	chunk-verified	fetch=756ms
65530	1789131380074	2	515	succeeded	attempt 1 watch=294ms
65557	1789131380100	1	544	succeeded	attempt 1 watch=382ms
65575	1789131380118	2	482	chunk-verified	fetch=706ms
65586	1789131380129	1	547	succeeded	attempt 1 watch=361ms
65594	1789131380137	0	438	succeeded	attempt 1 watch=294ms
65594	1789131380137	2	518	succeeded	attempt 1 watch=289ms
65606	1789131380149	1	508	chunk-verified	fetch=674ms
65618	1789131380162	1	511	chunk-verified	fetch=659ms
65618	1789131380162	2	485	chunk-verified	fetch=683ms
65630	1789131380173	0	441	succeeded	attempt 1 watch=285ms
65633	1789131380176	2	521	succeeded	attempt 1 watch=323ms
65635	1789131380178	2	488	chunk-verified	fetch=640ms
65638	1789131380181	0	411	chunk-verified	fetch=643ms
65671	1789131380214	2	491	chunk-verified	fetch=631ms
65674	1789131380217	0	414	chunk-verified	fetch=657ms
65700	1789131380243	1	550	succeeded	attempt 1 watch=370ms
65710	1789131380254	0	444	succeeded	attempt 1 watch=291ms
65731	1789131380274	2	494	chunk-verified	fetch=661ms
65738	1789131380281	1	514	chunk-verified	fetch=709ms
65749	1789131380292	0	447	succeeded	attempt 1 watch=315ms
65754	1789131380297	1	517	chunk-verified	fetch=699ms
65754	1789131380297	2	524	succeeded	attempt 1 watch=275ms
65756	1789131380299	2	497	chunk-verified	fetch=596ms
65756	1789131380299	0	417	chunk-verified	fetch=571ms
65764	1789131380307	1	520	chunk-verified	fetch=682ms
65777	1789131380320	1	553	succeeded	attempt 1 watch=270ms
65779	1789131380322	2	527	succeeded	attempt 1 watch=275ms
65798	1789131380342	2	500	chunk-verified	fetch=608ms
65804	1789131380347	1	523	chunk-verified	fetch=699ms
65819	1789131380362	1	526	chunk-verified	fetch=653ms
65819	1789131380362	0	450	succeeded	attempt 1 watch=357ms
65847	1789131380391	0	453	succeeded	attempt 1 watch=349ms
65848	1789131380391	2	530	succeeded	attempt 1 watch=272ms
65864	1789131380407	2	503	chunk-verified	fetch=607ms
65877	1789131380420	1	556	succeeded	attempt 1 watch=270ms
65913	1789131380456	0	456	succeeded	attempt 1 watch=392ms
65916	1789131380459	1	559	succeeded	attempt 1 watch=297ms
65918	1789131380462	2	533	succeeded	attempt 1 watch=299ms
65921	1789131380464	1	529	chunk-verified	fetch=657ms
65934	1789131380477	0	420	chunk-verified	fetch=675ms
65947	1789131380490	1	532	chunk-verified	fetch=657ms
65954	1789131380497	0	423	chunk-verified	fetch=656ms
65969	1789131380513	2	536	succeeded	attempt 1 watch=334ms
65975	1789131380518	1	562	succeeded	attempt 1 watch=236ms
65977	1789131380520	1	538	chunk-verified	fetch=548ms
66001	1789131380544	2	539	succeeded	attempt 1 watch=329ms
66005	1789131380548	1	535	chunk-verified	fetch=680ms
66008	1789131380551	0	459	succeeded	attempt 1 watch=369ms
66008	1789131380551	1	565	succeeded	attempt 1 watch=254ms
66013	1789131380556	2	506	chunk-verified	fetch=650ms
66028	1789131380572	1	541	chunk-verified	fetch=535ms
66038	1789131380581	2	542	succeeded	attempt 1 watch=307ms
66043	1789131380587	0	462	succeeded	attempt 1 watch=369ms
66056	1789131380599	1	568	succeeded	attempt 1 watch=292ms
66061	1789131380604	2	509	chunk-verified	fetch=676ms
66066	1789131380609	0	426	chunk-verified	fetch=686ms
66079	1789131380622	2	512	chunk-verified	fetch=647ms
66084	1789131380627	0	429	chunk-verified	fetch=681ms
66102	1789131380645	2	545	succeeded	attempt 1 watch=345ms
66107	1789131380650	0	465	succeeded	attempt 1 watch=350ms
66112	1789131380655	1	571	succeeded	attempt 1 watch=308ms
66136	1789131380679	2	548	succeeded	attempt 1 watch=337ms
66144	1789131380687	1	574	succeeded	attempt 1 watch=325ms
66182	1789131380725	1	544	chunk-verified	fetch=624ms
66197	1789131380740	1	547	chunk-verified	fetch=610ms
66199	1789131380742	2	515	chunk-verified	fetch=668ms
66202	1789131380745	0	432	chunk-verified	fetch=743ms
66226	1789131380769	1	577	succeeded	attempt 1 watch=304ms
66236	1789131380780	2	551	succeeded	attempt 1 watch=372ms
66251	1789131380795	1	580	succeeded	attempt 1 watch=304ms
66252	1789131380795	0	435	chunk-verified	fetch=750ms
66257	1789131380800	2	518	chunk-verified	fetch=662ms
66259	1789131380803	1	550	chunk-verified	fetch=559ms
66265	1789131380808	0	468	succeeded	attempt 1 watch=331ms
66294	1789131380837	0	471	succeeded	attempt 1 watch=340ms
66310	1789131380853	1	583	succeeded	attempt 1 watch=332ms
66317	1789131380861	0	438	chunk-verified	fetch=723ms
66320	1789131380863	2	521	chunk-verified	fetch=687ms
66333	1789131380877	0	441	chunk-verified	fetch=703ms
66339	1789131380882	1	586	succeeded	attempt 1 watch=333ms
66357	1789131380900	2	554	succeeded	attempt 1 watch=343ms
66370	1789131380913	0	474	succeeded	attempt 1 watch=303ms
66390	1789131380934	1	589	succeeded	attempt 1 watch=361ms
66398	1789131380941	0	477	succeeded	attempt 1 watch=314ms
66408	1789131380952	2	557	succeeded	attempt 1 watch=347ms
66416	1789131380960	0	444	chunk-verified	fetch=706ms
66435	1789131380978	2	560	succeeded	attempt 1 watch=355ms
66455	1789131380998	2	524	chunk-verified	fetch=701ms
66458	1789131381001	0	480	succeeded	attempt 1 watch=255ms
66462	1789131381006	1	553	chunk-verified	fetch=685ms
66475	1789131381019	0	447	chunk-verified	fetch=726ms
66496	1789131381039	0	483	succeeded	attempt 1 watch=244ms
66496	1789131381039	0	453	chunk-verified	fetch=648ms
66514	1789131381057	0	456	chunk-verified	fetch=601ms
66525	1789131381068	2	563	succeeded	attempt 1 watch=325ms
66525	1789131381068	1	595	succeeded	attempt 1 watch=327ms
66541	1789131381084	2	527	chunk-verified	fetch=761ms
66551	1789131381094	1	556	chunk-verified	fetch=674ms
66562	1789131381105	1	592	succeeded	attempt 1 watch=380ms
66572	1789131381116	2	530	chunk-verified	fetch=724ms
66591	1789131381134	2	566	succeeded	attempt 1 watch=333ms
66601	1789131381144	0	450	chunk-verified	fetch=782ms
66612	1789131381155	0	486	succeeded	attempt 1 watch=294ms
66619	1789131381162	1	559	chunk-verified	fetch=703ms
66634	1789131381177	2	569	succeeded	attempt 1 watch=313ms
66641	1789131381184	2	533	chunk-verified	fetch=722ms
66658	1789131381201	1	598	succeeded	attempt 1 watch=398ms
66663	1789131381206	0	489	succeeded	attempt 1 watch=329ms
66669	1789131381212	0	459	chunk-verified	fetch=661ms
66688	1789131381231	2	536	chunk-verified	fetch=718ms
66715	1789131381258	2	539	chunk-verified	fetch=714ms
66723	1789131381266	0	462	chunk-verified	fetch=679ms
66728	1789131381271	2	542	chunk-verified	fetch=689ms
66749	1789131381292	1	562	chunk-verified	fetch=773ms
66780	1789131381323	0	492	succeeded	attempt 1 watch=363ms
66795	1789131381338	2	572	succeeded	attempt 1 watch=340ms
66798	1789131381341	0	465	chunk-verified	fetch=690ms
66821	1789131381364	1	601	succeeded	attempt 1 watch=358ms
66833	1789131381376	1	565	chunk-verified	fetch=825ms
66841	1789131381384	2	545	chunk-verified	fetch=739ms
66854	1789131381397	0	495	succeeded	attempt 1 watch=378ms
66857	1789131381400	1	568	chunk-verified	fetch=800ms
66867	1789131381410	2	575	succeeded	attempt 1 watch=326ms
66872	1789131381415	2	548	chunk-verified	fetch=736ms
66887	1789131381431	1	571	chunk-verified	fetch=775ms
66890	1789131381433	1	604	succeeded	attempt 1 watch=338ms
66893	1789131381436	0	498	succeeded	attempt 1 watch=396ms
66898	1789131381441	2	578	succeeded	attempt 1 watch=325ms
66916	1789131381460	2	551	chunk-verified	fetch=680ms
66939	1789131381482	1	574	chunk-verified	fetch=795ms
66942	1789131381485	1	607	succeeded	attempt 1 watch=322ms
66949	1789131381492	1	577	chunk-verified	fetch=723ms
66954	1789131381497	0	501	succeeded	attempt 1 watch=439ms
66983	1789131381526	2	581	succeeded	attempt 1 watch=342ms
66988	1789131381531	0	504	succeeded	attempt 1 watch=387ms
67004	1789131381547	0	471	chunk-verified	fetch=709ms
67006	1789131381549	1	610	succeeded	attempt 1 watch=257ms
67022	1789131381565	1	580	chunk-verified	fetch=770ms
67022	1789131381565	2	584	succeeded	attempt 1 watch=333ms
67036	1789131381580	0	468	chunk-verified	fetch=771ms
67041	1789131381585	2	554	chunk-verified	fetch=684ms
67044	1789131381587	1	583	chunk-verified	fetch=734ms
67062	1789131381605	0	507	succeeded	attempt 1 watch=392ms
67064	1789131381608	1	586	chunk-verified	fetch=725ms
67067	1789131381610	2	587	succeeded	attempt 1 watch=351ms
67087	1789131381630	1	613	succeeded	attempt 1 watch=253ms
67102	1789131381645	2	590	succeeded	attempt 1 watch=374ms
67113	1789131381656	1	616	succeeded	attempt 1 watch=255ms
67118	1789131381661	0	510	succeeded	attempt 1 watch=395ms
67126	1789131381669	2	557	chunk-verified	fetch=717ms
67131	1789131381675	1	589	chunk-verified	fetch=741ms
67142	1789131381685	2	560	chunk-verified	fetch=706ms
67142	1789131381685	0	474	chunk-verified	fetch=772ms
67147	1789131381690	1	619	succeeded	attempt 1 watch=259ms
67166	1789131381709	0	477	chunk-verified	fetch=767ms
67166	1789131381709	1	595	chunk-verified	fetch=640ms
67173	1789131381717	2	593	succeeded	attempt 1 watch=332ms
67176	1789131381719	2	563	chunk-verified	fetch=651ms
67181	1789131381724	0	513	succeeded	attempt 1 watch=383ms
67212	1789131381756	1	625	succeeded	attempt 1 watch=263ms
67228	1789131381771	1	592	chunk-verified	fetch=666ms
67233	1789131381776	2	596	succeeded	attempt 1 watch=361ms
67240	1789131381784	1	622	succeeded	attempt 1 watch=301ms
67240	1789131381784	0	480	chunk-verified	fetch=782ms
67290	1789131381833	0	483	chunk-verified	fetch=793ms
67299	1789131381842	2	599	succeeded	attempt 1 watch=382ms
67319	1789131381862	2	566	chunk-verified	fetch=728ms
67327	1789131381871	1	598	chunk-verified	fetch=669ms
67338	1789131381881	1	628	succeeded	attempt 1 watch=316ms
67341	1789131381884	0	516	succeeded	attempt 1 watch=337ms
67346	1789131381889	2	569	chunk-verified	fetch=712ms
67362	1789131381905	0	519	succeeded	attempt 1 watch=325ms
67364	1789131381907	1	631	succeeded	attempt 1 watch=320ms
67393	1789131381936	0	486	chunk-verified	fetch=781ms
67395	1789131381938	1	634	succeeded	attempt 1 watch=330ms
67402	1789131381945	2	602	succeeded	attempt 1 watch=360ms
67418	1789131381961	1	601	chunk-verified	fetch=597ms
67448	1789131381991	0	489	chunk-verified	fetch=785ms
67471	1789131382015	0	522	succeeded	attempt 1 watch=329ms
67506	1789131382050	0	525	succeeded	attempt 1 watch=340ms
67510	1789131382053	2	605	succeeded	attempt 1 watch=384ms
67526	1789131382069	1	637	succeeded	attempt 1 watch=394ms
67528	1789131382071	0	492	chunk-verified	fetch=748ms
67549	1789131382092	2	608	succeeded	attempt 1 watch=406ms
67561	1789131382104	2	572	chunk-verified	fetch=766ms
67587	1789131382130	0	528	succeeded	attempt 1 watch=346ms
67590	1789131382133	2	611	succeeded	attempt 1 watch=413ms
67596	1789131382139	0	495	chunk-verified	fetch=741ms
67609	1789131382152	1	640	succeeded	attempt 1 watch=442ms
67616	1789131382159	1	604	chunk-verified	fetch=726ms
67619	1789131382162	0	498	chunk-verified	fetch=726ms
67627	1789131382170	0	531	succeeded	attempt 1 watch=337ms
67652	1789131382196	0	501	chunk-verified	fetch=698ms
67663	1789131382206	1	643	succeeded	attempt 1 watch=434ms
67673	1789131382216	0	504	chunk-verified	fetch=684ms
67681	1789131382224	2	575	chunk-verified	fetch=813ms
67688	1789131382231	2	578	chunk-verified	fetch=789ms
67723	1789131382267	0	534	succeeded	attempt 1 watch=330ms
67726	1789131382269	1	646	succeeded	attempt 1 watch=398ms
67734	1789131382277	2	614	succeeded	attempt 1 watch=414ms
67739	1789131382282	0	507	chunk-verified	fetch=677ms
67747	1789131382290	1	607	chunk-verified	fetch=805ms
67752	1789131382295	0	537	succeeded	attempt 1 watch=303ms
67757	1789131382301	0	510	chunk-verified	fetch=639ms
67763	1789131382306	2	617	succeeded	attempt 1 watch=416ms
67773	1789131382316	2	581	chunk-verified	fetch=789ms
67800	1789131382343	1	610	chunk-verified	fetch=794ms
67833	1789131382376	2	584	chunk-verified	fetch=810ms
67843	1789131382386	2	587	chunk-verified	fetch=775ms
67848	1789131382391	1	649	succeeded	attempt 1 watch=429ms
67853	1789131382396	0	540	succeeded	attempt 1 watch=324ms
67858	1789131382401	2	590	chunk-verified	fetch=755ms
67874	1789131382417	2	620	succeeded	attempt 1 watch=312ms
67898	1789131382442	1	613	chunk-verified	fetch=811ms
67911	1789131382454	0	543	succeeded	attempt 1 watch=314ms
67916	1789131382459	1	619	chunk-verified	fetch=769ms
67924	1789131382467	0	513	chunk-verified	fetch=742ms
67947	1789131382490	1	652	succeeded	attempt 1 watch=330ms
67947	1789131382490	1	616	chunk-verified	fetch=834ms
67950	1789131382493	0	546	succeeded	attempt 1 watch=331ms
67965	1789131382508	2	623	succeeded	attempt 1 watch=284ms
67968	1789131382511	2	593	chunk-verified	fetch=794ms
67986	1789131382529	2	626	succeeded	attempt 1 watch=297ms
67988	1789131382531	2	596	chunk-verified	fetch=754ms
68011	1789131382554	1	625	chunk-verified	fetch=798ms
68014	1789131382557	2	599	chunk-verified	fetch=715ms
68014	1789131382557	0	549	succeeded	attempt 1 watch=361ms
68035	1789131382578	1	622	chunk-verified	fetch=794ms
68045	1789131382588	1	655	succeeded	attempt 1 watch=298ms
68048	1789131382591	0	552	succeeded	attempt 1 watch=374ms
68066	1789131382609	0	516	chunk-verified	fetch=725ms
68074	1789131382617	1	658	succeeded	attempt 1 watch=273ms
68079	1789131382622	2	629	succeeded	attempt 1 watch=306ms
68097	1789131382641	1	628	chunk-verified	fetch=759ms
68102	1789131382646	0	519	chunk-verified	fetch=740ms
68105	1789131382648	2	632	succeeded	attempt 1 watch=272ms
68110	1789131382653	1	634	chunk-verified	fetch=714ms
68125	1789131382668	2	602	chunk-verified	fetch=722ms
68127	1789131382671	1	631	chunk-verified	fetch=763ms
68128	1789131382671	0	555	succeeded	attempt 1 watch=388ms
68128	1789131382671	2	635	succeeded	attempt 1 watch=285ms
68128	1789131382671	1	661	succeeded	attempt 1 watch=229ms
68152	1789131382695	1	640	chunk-verified	fetch=543ms
68154	1789131382698	1	637	chunk-verified	fetch=628ms
68154	1789131382698	2	605	chunk-verified	fetch=644ms
68157	1789131382700	2	638	succeeded	attempt 1 watch=298ms
68157	1789131382700	1	664	succeeded	attempt 1 watch=240ms
68170	1789131382713	2	608	chunk-verified	fetch=621ms
68189	1789131382732	0	558	succeeded	attempt 1 watch=431ms
68199	1789131382742	1	667	succeeded	attempt 1 watch=251ms
68222	1789131382766	0	522	chunk-verified	fetch=750ms
68243	1789131382786	2	611	chunk-verified	fetch=653ms
68246	1789131382789	1	643	chunk-verified	fetch=583ms
68253	1789131382797	2	641	succeeded	attempt 1 watch=285ms
68264	1789131382807	0	528	chunk-verified	fetch=676ms
68271	1789131382814	1	670	succeeded	attempt 1 watch=259ms
68276	1789131382819	1	646	chunk-verified	fetch=550ms
68282	1789131382825	0	561	succeeded	attempt 1 watch=357ms
68297	1789131382840	1	673	succeeded	attempt 1 watch=262ms
68303	1789131382846	0	525	chunk-verified	fetch=796ms
68313	1789131382856	2	644	succeeded	attempt 1 watch=325ms
68339	1789131382883	2	647	succeeded	attempt 1 watch=325ms
68360	1789131382903	2	614	chunk-verified	fetch=625ms
68360	1789131382903	0	531	chunk-verified	fetch=733ms
68396	1789131382939	1	676	succeeded	attempt 1 watch=298ms
68396	1789131382939	2	617	chunk-verified	fetch=633ms
68421	1789131382964	0	564	succeeded	attempt 1 watch=355ms
68424	1789131382967	2	650	succeeded	attempt 1 watch=298ms
68426	1789131382970	1	679	succeeded	attempt 1 watch=316ms
68455	1789131382998	0	567	succeeded	attempt 1 watch=352ms
68458	1789131383001	1	682	succeeded	attempt 1 watch=330ms
68470	1789131383014	0	534	chunk-verified	fetch=746ms
68470	1789131383014	1	649	chunk-verified	fetch=622ms
68478	1789131383022	2	653	succeeded	attempt 1 watch=323ms
68512	1789131383055	1	685	succeeded	attempt 1 watch=360ms
68525	1789131383069	0	537	chunk-verified	fetch=773ms
68531	1789131383074	2	656	succeeded	attempt 1 watch=360ms
68531	1789131383074	0	570	succeeded	attempt 1 watch=308ms
68533	1789131383076	1	688	succeeded	attempt 1 watch=378ms
68552	1789131383095	0	540	chunk-verified	fetch=698ms
68554	1789131383098	0	573	succeeded	attempt 1 watch=290ms
68557	1789131383100	2	659	succeeded	attempt 1 watch=313ms
68572	1789131383116	0	543	chunk-verified	fetch=661ms
68578	1789131383121	2	620	chunk-verified	fetch=703ms
68591	1789131383134	2	623	chunk-verified	fetch=625ms
68627	1789131383171	0	576	succeeded	attempt 1 watch=324ms
68633	1789131383176	1	691	succeeded	attempt 1 watch=386ms
68638	1789131383181	2	626	chunk-verified	fetch=651ms
68645	1789131383188	1	652	chunk-verified	fetch=697ms
68656	1789131383199	0	579	succeeded	attempt 1 watch=295ms
68674	1789131383218	0	546	chunk-verified	fetch=724ms
68683	1789131383226	2	662	succeeded	attempt 1 watch=322ms
68685	1789131383228	1	694	succeeded	attempt 1 watch=408ms
68698	1789131383241	0	552	chunk-verified	fetch=649ms
68713	1789131383256	0	549	chunk-verified	fetch=699ms
68713	1789131383256	2	665	succeeded	attempt 1 watch=317ms
68729	1789131383272	2	629	chunk-verified	fetch=649ms
68736	1789131383280	0	582	succeeded	attempt 1 watch=265ms
68753	1789131383296	1	655	chunk-verified	fetch=707ms
68771	1789131383314	0	585	succeeded	attempt 1 watch=245ms
68779	1789131383322	2	632	chunk-verified	fetch=673ms
68801	1789131383344	0	555	chunk-verified	fetch=673ms
68809	1789131383352	2	635	chunk-verified	fetch=681ms
68811	1789131383354	1	658	chunk-verified	fetch=737ms
68834	1789131383377	2	638	chunk-verified	fetch=677ms
68836	1789131383380	0	558	chunk-verified	fetch=647ms
68844	1789131383387	0	588	succeeded	attempt 1 watch=292ms
68852	1789131383395	1	697	succeeded	attempt 1 watch=381ms
68872	1789131383416	2	671	succeeded	attempt 1 watch=281ms
68891	1789131383434	2	641	chunk-verified	fetch=637ms
68901	1789131383444	1	661	chunk-verified	fetch=773ms
68906	1789131383450	2	668	succeeded	attempt 1 watch=328ms
68912	1789131383455	0	591	succeeded	attempt 1 watch=339ms
68924	1789131383468	0	561	chunk-verified	fetch=642ms
68940	1789131383483	2	674	succeeded	attempt 1 watch=302ms
68942	1789131383485	2	644	chunk-verified	fetch=629ms
68957	1789131383500	1	700	succeeded	attempt 1 watch=312ms
68963	1789131383506	1	664	chunk-verified	fetch=805ms
68981	1789131383524	2	647	chunk-verified	fetch=641ms
69000	1789131383543	1	667	chunk-verified	fetch=800ms
69008	1789131383551	0	594	succeeded	attempt 1 watch=333ms
69029	1789131383572	0	597	succeeded	attempt 1 watch=331ms
69031	1789131383575	2	677	succeeded	attempt 1 watch=302ms
69041	1789131383584	1	703	succeeded	attempt 1 watch=288ms
69051	1789131383594	1	670	chunk-verified	fetch=780ms
69056	1789131383599	0	564	chunk-verified	fetch=634ms
69064	1789131383607	0	600	succeeded	attempt 1 watch=351ms
69067	1789131383610	1	673	chunk-verified	fetch=769ms
69072	1789131383615	0	567	chunk-verified	fetch=616ms
69072	1789131383615	2	680	succeeded	attempt 1 watch=293ms
69072	1789131383615	1	706	succeeded	attempt 1 watch=260ms
69087	1789131383630	2	650	chunk-verified	fetch=662ms
69089	1789131383632	1	679	chunk-verified	fetch=662ms
69109	1789131383652	1	676	chunk-verified	fetch=713ms
69112	1789131383655	2	683	succeeded	attempt 1 watch=303ms
69117	1789131383660	2	653	chunk-verified	fetch=638ms
69133	1789131383676	2	656	chunk-verified	fetch=602ms
69135	1789131383679	1	682	chunk-verified	fetch=677ms
69141	1789131383684	1	709	succeeded	attempt 1 watch=239ms
69143	1789131383687	2	686	succeeded	attempt 1 watch=309ms
69157	1789131383700	2	659	chunk-verified	fetch=599ms
69162	1789131383705	1	685	chunk-verified	fetch=650ms
69167	1789131383711	0	603	succeeded	attempt 1 watch=366ms
69206	1789131383749	1	688	chunk-verified	fetch=672ms
69214	1789131383757	1	712	succeeded	attempt 1 watch=251ms
69217	1789131383760	2	689	succeeded	attempt 1 watch=326ms
69217	1789131383760	0	570	chunk-verified	fetch=686ms
69245	1789131383788	1	715	succeeded	attempt 1 watch=245ms
69248	1789131383791	0	606	succeeded	attempt 1 watch=411ms
69271	1789131383814	1	691	chunk-verified	fetch=638ms
69286	1789131383830	1	694	chunk-verified	fetch=601ms
69304	1789131383847	0	573	chunk-verified	fetch=749ms
69322	1789131383866	1	718	succeeded	attempt 1 watch=271ms
69322	1789131383866	0	609	succeeded	attempt 1 watch=398ms
69325	1789131383868	0	576	chunk-verified	fetch=697ms
69328	1789131383871	2	692	succeeded	attempt 1 watch=385ms
69348	1789131383892	1	721	succeeded	attempt 1 watch=281ms
69364	1789131383907	2	695	succeeded	attempt 1 watch=382ms
69369	1789131383912	2	662	chunk-verified	fetch=686ms
69385	1789131383928	0	579	chunk-verified	fetch=728ms
69395	1789131383938	2	665	chunk-verified	fetch=681ms
69405	1789131383948	1	724	succeeded	attempt 1 watch=315ms
69413	1789131383956	0	612	succeeded	attempt 1 watch=357ms
69442	1789131383985	1	727	succeeded	attempt 1 watch=332ms
69444	1789131383988	0	615	succeeded	attempt 1 watch=372ms
69460	1789131384003	2	698	succeeded	attempt 1 watch=373ms
69460	1789131384003	1	697	chunk-verified	fetch=608ms
69479	1789131384022	1	730	succeeded	attempt 1 watch=343ms
69525	1789131384069	2	701	succeeded	attempt 1 watch=408ms
69530	1789131384074	0	582	chunk-verified	fetch=793ms
69535	1789131384079	0	618	succeeded	attempt 1 watch=318ms
69543	1789131384086	1	733	succeeded	attempt 1 watch=381ms
69546	1789131384089	0	588	chunk-verified	fetch=701ms
69556	1789131384100	2	704	succeeded	attempt 1 watch=423ms
69567	1789131384110	0	585	chunk-verified	fetch=796ms
69580	1789131384123	1	700	chunk-verified	fetch=622ms
69593	1789131384136	1	736	succeeded	attempt 1 watch=387ms
69601	1789131384144	0	621	succeeded	attempt 1 watch=296ms
69601	1789131384144	0	591	chunk-verified	fetch=688ms
69606	1789131384149	2	707	succeeded	attempt 1 watch=448ms
69652	1789131384195	2	671	chunk-verified	fetch=779ms
69654	1789131384198	1	739	succeeded	attempt 1 watch=383ms
69667	1789131384210	0	624	succeeded	attempt 1 watch=341ms
69667	1789131384210	2	668	chunk-verified	fetch=760ms
69680	1789131384223	1	742	succeeded	attempt 1 watch=393ms
69688	1789131384231	0	627	succeeded	attempt 1 watch=303ms
69711	1789131384254	2	674	chunk-verified	fetch=771ms
69714	1789131384257	0	594	chunk-verified	fetch=706ms
69724	1789131384267	1	703	chunk-verified	fetch=683ms
69729	1789131384272	2	710	succeeded	attempt 1 watch=359ms
69734	1789131384278	0	597	chunk-verified	fetch=705ms
69762	1789131384306	2	713	succeeded	attempt 1 watch=367ms
69778	1789131384321	2	677	chunk-verified	fetch=746ms
69786	1789131384329	1	706	chunk-verified	fetch=714ms
69791	1789131384334	0	630	succeeded	attempt 1 watch=260ms
69804	1789131384347	2	680	chunk-verified	fetch=732ms
69807	1789131384350	0	600	chunk-verified	fetch=742ms
69830	1789131384373	1	745	succeeded	attempt 1 watch=369ms
69830	1789131384373	2	683	chunk-verified	fetch=718ms
69835	1789131384378	0	603	chunk-verified	fetch=667ms
69838	1789131384381	0	633	succeeded	attempt 1 watch=291ms
69867	1789131384410	0	636	succeeded	attempt 1 watch=299ms
69898	1789131384441	0	606	chunk-verified	fetch=650ms
69900	1789131384444	0	639	succeeded	attempt 1 watch=299ms
69913	1789131384456	1	709	chunk-verified	fetch=771ms
69915	1789131384458	2	686	chunk-verified	fetch=771ms
69921	1789131384464	2	716	succeeded	attempt 1 watch=268ms
69926	1789131384469	1	748	succeeded	attempt 1 watch=345ms
69933	1789131384477	1	712	chunk-verified	fetch=719ms
69951	1789131384495	2	689	chunk-verified	fetch=734ms
69954	1789131384497	2	719	succeeded	attempt 1 watch=286ms
69992	1789131384535	0	609	chunk-verified	fetch=669ms
69993	1789131384536	2	722	succeeded	attempt 1 watch=281ms
69995	1789131384538	2	692	chunk-verified	fetch=667ms
70007	1789131384551	1	715	chunk-verified	fetch=762ms
70023	1789131384566	2	695	chunk-verified	fetch=658ms
70041	1789131384584	0	642	succeeded	attempt 1 watch=327ms
70061	1789131384605	1	751	succeeded	attempt 1 watch=337ms
70067	1789131384610	1	718	chunk-verified	fetch=744ms
70069	1789131384613	0	645	succeeded	attempt 1 watch=334ms
70080	1789131384623	1	754	succeeded	attempt 1 watch=293ms
70080	1789131384623	2	725	succeeded	attempt 1 watch=301ms
70096	1789131384639	0	612	chunk-verified	fetch=682ms
70098	1789131384641	1	721	chunk-verified	fetch=749ms
70122	1789131384666	1	727	chunk-verified	fetch=680ms
70123	1789131384666	2	728	succeeded	attempt 1 watch=318ms
70125	1789131384668	0	615	chunk-verified	fetch=680ms
70133	1789131384676	0	648	succeeded	attempt 1 watch=326ms
70146	1789131384689	1	724	chunk-verified	fetch=740ms
70151	1789131384694	2	698	chunk-verified	fetch=690ms
70165	1789131384709	1	757	succeeded	attempt 1 watch=252ms
70165	1789131384709	2	731	succeeded	attempt 1 watch=335ms
70169	1789131384712	2	701	chunk-verified	fetch=643ms
70171	1789131384714	1	730	chunk-verified	fetch=692ms
70192	1789131384735	1	733	chunk-verified	fetch=648ms
70199	1789131384742	0	618	chunk-verified	fetch=663ms
70202	1789131384745	2	734	succeeded	attempt 1 watch=286ms
70202	1789131384745	0	651	succeeded	attempt 1 watch=366ms
70219	1789131384762	1	760	succeeded	attempt 1 watch=285ms
70232	1789131384775	2	704	chunk-verified	fetch=675ms
70250	1789131384793	1	763	succeeded	attempt 1 watch=242ms
70250	1789131384793	2	707	chunk-verified	fetch=644ms
70258	1789131384801	2	737	succeeded	attempt 1 watch=306ms
70265	1789131384809	0	654	succeeded	attempt 1 watch=367ms
70271	1789131384814	1	739	chunk-verified	fetch=616ms
70280	1789131384823	1	742	chunk-verified	fetch=600ms
70304	1789131384847	1	766	succeeded	attempt 1 watch=237ms
70312	1789131384856	0	657	succeeded	attempt 1 watch=320ms
70315	1789131384858	0	621	chunk-verified	fetch=714ms
70332	1789131384876	2	740	succeeded	attempt 1 watch=337ms
70335	1789131384878	0	624	chunk-verified	fetch=667ms
70361	1789131384905	0	627	chunk-verified	fetch=673ms
70367	1789131384910	1	736	chunk-verified	fetch=774ms
70370	1789131384913	2	743	succeeded	attempt 1 watch=347ms
70387	1789131384930	2	710	chunk-verified	fetch=657ms
70393	1789131384936	1	745	chunk-verified	fetch=562ms
70413	1789131384956	2	713	chunk-verified	fetch=650ms
70423	1789131384966	1	748	chunk-verified	fetch=497ms
70427	1789131384970	0	660	succeeded	attempt 1 watch=331ms
70439	1789131384983	0	630	chunk-verified	fetch=648ms
70451	1789131384994	0	663	succeeded	attempt 1 watch=325ms
70463	1789131385006	2	746	succeeded	attempt 1 watch=312ms
70469	1789131385013	1	766	admit-refused	stalled read ordinal 766
70474	1789131385017	1	751	chunk-verified	fetch=412ms
70496	1789131385039	1	754	chunk-verified	fetch=415ms
70496	1789131385039	0	666	succeeded	attempt 1 watch=296ms
70518	1789131385061	0	633	chunk-verified	fetch=680ms
70527	1789131385070	2	749	succeeded	attempt 1 watch=358ms
70527	1789131385070	1	757	chunk-verified	fetch=361ms
70545	1789131385088	1	760	chunk-verified	fetch=325ms
70576	1789131385119	0	636	chunk-verified	fetch=709ms
70581	1789131385124	1	763	chunk-verified	fetch=330ms
70583	1789131385127	2	752	succeeded	attempt 1 watch=351ms
70602	1789131385145	0	639	chunk-verified	fetch=701ms
70605	1789131385148	1	766	chunk-verified	fetch=300ms
70614	1789131385157	0	669	succeeded	attempt 1 watch=298ms
70629	1789131385172	2	755	succeeded	attempt 1 watch=378ms
70631	1789131385174	2	716	chunk-verified	fetch=710ms
70643	1789131385186	0	672	succeeded	attempt 1 watch=307ms
70669	1789131385212	0	675	succeeded	attempt 1 watch=307ms
70689	1789131385232	0	642	chunk-verified	fetch=647ms
70690	1789131385234	2	719	chunk-verified	fetch=736ms
70691	1789131385234	1	-1	scope-pages	1 pages
70709	1789131385252	0	645	chunk-verified	fetch=639ms
70711	1789131385254	2	722	chunk-verified	fetch=717ms
70724	1789131385267	0	678	succeeded	attempt 1 watch=284ms
70724	1789131385267	2	758	succeeded	attempt 1 watch=336ms
70754	1789131385297	2	761	succeeded	attempt 1 watch=340ms
70762	1789131385305	1	-1	checkpoint	declared 256
70799	1789131385342	0	648	chunk-verified	fetch=666ms
70805	1789131385348	2	725	chunk-verified	fetch=725ms
70807	1789131385350	1	-1	complete	declared 256
70807	1789131385350	1	-1	commits	256 chunks
70811	1789131385354	0	681	succeeded	attempt 1 watch=292ms
70827	1789131385370	2	731	chunk-verified	fetch=661ms
70840	1789131385383	0	684	succeeded	attempt 1 watch=263ms
70849	1789131385392	2	728	chunk-verified	fetch=726ms
70851	1789131385394	0	654	chunk-verified	fetch=585ms
70857	1789131385400	0	687	succeeded	attempt 1 watch=254ms
70873	1789131385416	0	657	chunk-verified	fetch=560ms
70873	1789131385416	2	734	chunk-verified	fetch=671ms
70884	1789131385427	2	764	succeeded	attempt 1 watch=252ms
70888	1789131385431	1	-1	session-close	
70894	1789131385437	0	651	chunk-verified	fetch=692ms
70929	1789131385472	2	737	chunk-verified	fetch=670ms
70934	1789131385478	2	767	succeeded	attempt 1 watch=243ms
70952	1789131385495	2	740	chunk-verified	fetch=619ms
70958	1789131385501	0	690	succeeded	attempt 1 watch=269ms
70965	1789131385508	2	743	chunk-verified	fetch=595ms
70983	1789131385526	0	693	succeeded	attempt 1 watch=273ms
70993	1789131385536	0	660	chunk-verified	fetch=565ms
71030	1789131385573	2	746	chunk-verified	fetch=566ms
71037	1789131385580	2	764	admit-refused	stalled read ordinal 764
71037	1789131385580	2	767	admit-refused	stalled read ordinal 767
71054	1789131385597	2	755	chunk-verified	fetch=425ms
71057	1789131385600	0	663	chunk-verified	fetch=605ms
71063	1789131385606	0	666	chunk-verified	fetch=567ms
71063	1789131385606	0	696	succeeded	attempt 1 watch=263ms
71078	1789131385621	2	758	chunk-verified	fetch=354ms
71095	1789131385639	2	749	chunk-verified	fetch=568ms
71100	1789131385644	0	699	succeeded	attempt 1 watch=249ms
71114	1789131385657	2	761	chunk-verified	fetch=360ms
71132	1789131385675	0	702	succeeded	attempt 1 watch=259ms
71162	1789131385705	0	705	succeeded	attempt 1 watch=267ms
71164	1789131385707	2	752	chunk-verified	fetch=580ms
71175	1789131385718	0	669	chunk-verified	fetch=560ms
71183	1789131385727	2	767	chunk-verified	fetch=248ms
71195	1789131385738	0	672	chunk-verified	fetch=552ms
71216	1789131385759	2	764	chunk-verified	fetch=331ms
71229	1789131385772	0	675	chunk-verified	fetch=559ms
71231	1789131385774	0	708	succeeded	attempt 1 watch=238ms
71243	1789131385786	0	711	succeeded	attempt 1 watch=185ms
71254	1789131385797	0	714	succeeded	attempt 1 watch=191ms
71261	1789131385805	0	678	chunk-verified	fetch=537ms
71280	1789131385823	0	681	chunk-verified	fetch=468ms
71294	1789131385837	2	-1	scope-pages	1 pages
71319	1789131385863	0	684	chunk-verified	fetch=479ms
71355	1789131385899	0	717	succeeded	attempt 1 watch=180ms
71358	1789131385902	0	687	chunk-verified	fetch=501ms
71376	1789131385919	2	-1	checkpoint	declared 256
71382	1789131385925	0	720	succeeded	attempt 1 watch=186ms
71401	1789131385944	0	690	chunk-verified	fetch=443ms
71409	1789131385953	0	693	chunk-verified	fetch=426ms
71421	1789131385964	0	723	succeeded	attempt 1 watch=192ms
71422	1789131385965	2	-1	complete	declared 256
71422	1789131385965	2	-1	commits	256 chunks
71459	1789131386002	0	726	succeeded	attempt 1 watch=197ms
71474	1789131386018	0	729	succeeded	attempt 1 watch=194ms
71490	1789131386033	0	696	chunk-verified	fetch=427ms
71493	1789131386036	0	732	succeeded	attempt 1 watch=173ms
71502	1789131386045	2	-1	session-close	
71502	1789131386045	0	699	chunk-verified	fetch=401ms
71527	1789131386070	0	705	chunk-verified	fetch=365ms
71538	1789131386082	0	702	chunk-verified	fetch=406ms
71541	1789131386085	0	735	succeeded	attempt 1 watch=182ms
71567	1789131386110	0	738	succeeded	attempt 1 watch=166ms
71584	1789131386127	0	741	succeeded	attempt 1 watch=174ms
71597	1789131386141	0	708	chunk-verified	fetch=366ms
71642	1789131386185	0	711	chunk-verified	fetch=399ms
71648	1789131386191	0	714	chunk-verified	fetch=393ms
71663	1789131386206	0	744	succeeded	attempt 1 watch=172ms
71684	1789131386227	0	747	succeeded	attempt 1 watch=182ms
71699	1789131386242	0	750	succeeded	attempt 1 watch=171ms
71715	1789131386258	0	753	succeeded	attempt 1 watch=176ms
71734	1789131386277	0	717	chunk-verified	fetch=378ms
71760	1789131386303	0	720	chunk-verified	fetch=377ms
71778	1789131386321	0	756	succeeded	attempt 1 watch=180ms
71799	1789131386342	0	762	succeeded	attempt 1 watch=151ms
71811	1789131386354	0	723	chunk-verified	fetch=389ms
71820	1789131386363	0	726	chunk-verified	fetch=360ms
71823	1789131386366	0	759	succeeded	attempt 1 watch=180ms
71847	1789131386390	0	729	chunk-verified	fetch=372ms
71869	1789131386412	0	732	chunk-verified	fetch=376ms
71911	1789131386454	0	765	succeeded	attempt 1 watch=177ms
71923	1789131386466	0	735	chunk-verified	fetch=381ms
71939	1789131386482	0	741	chunk-verified	fetch=354ms
71954	1789131386497	0	738	chunk-verified	fetch=386ms
71976	1789131386519	0	756	admit-refused	stalled read ordinal 756
71976	1789131386520	0	762	admit-refused	stalled read ordinal 762
71977	1789131386520	0	759	admit-refused	stalled read ordinal 759
71977	1789131386520	0	765	admit-refused	stalled read ordinal 765
71990	1789131386533	0	744	chunk-verified	fetch=327ms
72002	1789131386545	0	747	chunk-verified	fetch=317ms
72018	1789131386561	0	753	chunk-verified	fetch=303ms
72035	1789131386579	0	750	chunk-verified	fetch=336ms
72107	1789131386650	0	759	chunk-verified	fetch=284ms
72129	1789131386672	0	765	chunk-verified	fetch=218ms
72138	1789131386681	0	762	chunk-verified	fetch=339ms
72197	1789131386740	0	756	chunk-verified	fetch=419ms
72252	1789131386795	0	-1	scope-pages	1 pages
72313	1789131386856	0	-1	checkpoint	declared 256
72357	1789131386901	0	-1	complete	declared 256
72357	1789131386901	0	-1	commits	256 chunks
72437	1789131386980	0	-1	session-close	
0	1789131387087	-	-	final-verified	50331648 bytes
