# pipestream-resources-v2	interval_ms=100
1	5	200888	618	615	206836	377192	35	18	0	8265728	98304	-	-
2	105	200888	618	615	210668	377192	41	22	0	8474624	98304	-	-
3	206	200888	618	615	279700	377192	47	20	0	8634368	98304	-	-
4	306	200888	618	615	281856	377192	48	23	0	9048064	98304	-	-
5	406	200888	618	615	220768	377192	46	23	0	9048064	98304	-	-
6	506	200888	618	615	221236	377192	46	23	0	9048064	98304	-	-
7	606	200888	618	615	223268	377192	46	23	0	9125888	98304	-	-
8	708	200888	618	615	224376	377192	46	23	0	9183232	98304	-	-
9	806	200888	618	615	225180	377192	46	26	0	9195520	98304	-	-
10	964	200888	618	615	228948	377192	47	25	0	9285632	98304	62183	heap:jstat
11	1006	200888	618	615	230212	377192	47	23	0	9289728	98304	-	-
12	1106	200888	618	615	246892	377192	48	23	0	9289728	98304	-	-
13	1206	200888	618	615	264120	377192	48	23	0	9289728	98304	-	-
14	1306	200888	618	615	268880	377192	48	23	0	9289728	98304	-	-
15	1406	200888	618	615	270060	377192	48	23	0	9289728	98304	-	-
16	1506	200888	618	615	271552	377192	48	23	0	9289728	98304	-	-
17	1606	200888	618	615	272856	377192	48	24	0	9289728	98304	-	-
18	1707	200888	618	615	275548	377192	48	23	0	9314304	98304	-	-
19	1806	200888	618	615	276848	377192	48	23	0	9314304	98304	-	-
20	1966	200888	618	615	243792	377192	47	24	0	9314304	98304	75495	heap:jstat
21	2007	200888	618	615	244676	377192	47	23	0	9314304	98304	-	-
22	2104	200888	618	615	245796	377192	47	23	0	9314304	98304	-	-
23	2204	200888	618	615	246900	377192	47	23	0	9314304	98304	-	-
24	2304	200888	618	615	289268	377192	49	23	0	9314304	98304	-	-
25	2404	200888	618	615	291432	377192	49	23	0	9314304	98304	-	-
26	2504	200888	618	615	293944	377192	49	23	0	9314304	98304	-	-
27	2604	200888	618	615	272468	377192	48	23	0	9314304	98304	-	-
28	2704	200888	618	615	293816	377192	49	23	0	9314304	98304	-	-
29	2804	200888	618	615	317028	377192	49	23	0	9314304	98304	-	-
30	2964	200888	618	615	318440	377192	49	23	0	9314304	98304	86759	heap:jstat
31	3007	200888	618	615	256776	377192	47	23	0	9314304	98304	-	-
32	3107	200888	618	615	267180	377192	48	23	0	9314304	98304	-	-
33	3208	200888	618	615	289072	377192	48	23	0	9314304	98304	-	-
34	3307	200888	618	615	262944	377192	47	23	0	9314304	98304	-	-
35	3407	200888	618	615	264520	377192	47	23	0	9314304	98304	-	-
36	3508	200888	618	615	266108	377192	47	23	0	9314304	98304	-	-
37	3608	200888	618	615	272028	377192	47	23	0	9314304	98304	-	-
38	3708	200888	618	615	273600	377192	47	24	0	9314304	98304	-	-
39	3808	200888	618	615	275796	377192	47	23	0	9314304	98304	-	-
40	3964	200888	618	615	276928	377192	47	23	0	9314304	98304	98023	heap:jstat
41	4008	200888	618	615	278008	377192	47	23	0	9314304	98304	-	-
42	4108	200888	618	615	279080	377192	47	23	0	9314304	98304	-	-
43	4208	200888	618	615	280352	377192	47	23	0	9314304	98304	-	-
44	4308	200888	618	615	281412	377192	47	23	0	9314304	98304	-	-
45	4408	200888	618	615	282480	377192	47	23	0	9314304	98304	-	-
46	4510	200888	618	615	283964	377192	47	23	0	9314304	98304	-	-
47	4607	200888	618	615	289248	377192	47	23	0	9371648	98304	-	-
48	4707	200888	618	615	291748	377192	47	24	0	9379840	98304	-	-
49	4808	200888	618	615	278424	377192	48	24	0	9453568	98304	-	-
50	4966	200888	618	615	283176	377192	48	23	0	9478144	98304	112359	heap:jstat
51	5008	200888	618	615	285184	377192	48	23	0	9478144	98304	-	-
52	5108	200888	618	615	286920	377192	48	23	0	9478144	98304	-	-
53	5208	200888	618	615	288296	377192	48	23	0	9478144	98304	-	-
54	5309	200888	618	615	289812	377192	48	23	0	9478144	98304	-	-
55	5409	200888	618	615	296916	377192	51	23	0	9478144	98304	-	-
56	5508	200888	618	615	296916	377192	51	23	0	9478144	98304	-	-
57	5608	200888	618	615	296920	377192	51	23	0	9478144	98304	-	-
58	5708	200888	618	615	296928	377192	51	24	0	9478144	98304	-	-
59	5809	200888	618	615	297020	377192	51	23	0	9502720	98304	-	-
60	5967	200888	618	615	295480	377192	50	23	0	9502720	98304	18081	heap:jstat
61	6009	200888	618	615	295480	377192	50	23	0	9502720	98304	-	-
62	6108	200888	618	615	295480	377192	50	23	0	9502720	98304	-	-
63	6208	200888	618	615	295484	377192	50	23	0	9502720	98304	-	-
64	6309	200888	618	615	296640	377192	50	23	0	9502720	98304	-	-
65	6409	200888	618	615	296660	377192	50	23	0	9502720	98304	-	-
66	6509	200888	618	615	296664	377192	50	23	0	9502720	98304	-	-
67	6609	200888	618	615	296684	377192	50	23	0	9502720	98304	-	-
68	6709	200888	618	615	297040	377192	50	23	0	9502720	98304	-	-
69	6809	200888	618	615	297068	377192	50	23	0	9502720	98304	-	-
70	6964	200888	618	615	297068	377192	50	23	0	9502720	98304	32417	heap:jstat
71	7009	200888	618	615	297068	377192	50	23	0	9502720	98304	-	-
72	7107	200888	618	615	297072	377192	49	23	0	9502720	98304	-	-
73	7207	200888	618	615	297084	377192	49	23	0	9502720	98304	-	-
74	7307	200888	618	615	297092	377192	49	23	0	9502720	98304	-	-
75	7407	200888	618	615	297124	377192	49	23	0	9502720	98304	-	-
76	7507	200888	618	615	298608	377192	49	23	0	9502720	98304	-	-
77	7607	200888	618	615	298616	377192	49	23	0	9502720	98304	-	-
78	7707	200888	618	615	298616	377192	49	23	0	9502720	98304	-	-
79	7807	200888	618	615	298656	377192	49	23	0	9502720	98304	-	-
80	7967	200888	618	615	298656	377192	49	23	0	9502720	98304	46753	heap:jstat
81	8009	200888	618	615	298664	377192	49	23	0	9502720	98304	-	-
82	8110	200888	618	615	298668	377192	49	23	0	9502720	98304	-	-
83	8210	200888	618	615	298672	377192	49	23	0	9502720	98304	-	-
84	8310	200888	618	615	298676	377192	49	23	0	9502720	98304	-	-
85	8411	200888	618	615	308404	377192	49	23	0	9502720	98304	-	-
86	8510	200888	618	615	298028	377192	49	23	0	9502720	98304	-	-
87	8612	200888	618	615	298776	377192	49	23	0	9564160	98304	-	-
88	8710	200888	618	615	298804	377192	49	23	0	9564160	98304	-	-
89	8811	200888	618	615	300296	377192	50	24	0	9633792	98304	-	-
90	8969	200888	618	615	301504	377192	50	23	0	9670656	98304	66209	heap:jstat
91	9011	200888	618	615	301656	377192	50	23	0	9670656	98304	-	-
92	9111	200888	618	615	301712	377192	50	23	0	9670656	98304	-	-
93	9210	200888	618	615	301712	377192	50	23	0	9670656	98304	-	-
94	9311	200888	618	615	301784	377192	50	23	0	9670656	98304	-	-
95	9411	200888	618	615	301276	377192	50	23	0	9670656	98304	-	-
96	9511	200888	618	615	301784	377192	50	23	0	9670656	98304	-	-
97	9611	200888	618	615	301752	377192	48	23	0	9670656	98304	-	-
98	9711	200888	618	615	301752	377192	48	23	0	9670656	98304	-	-
99	9812	200888	618	615	314140	377192	49	24	0	9670656	98304	-	-
100	9968	200888	618	615	317828	377192	49	23	0	9695232	98304	83617	heap:jstat
101	10010	200888	618	615	317828	377192	49	24	0	9695232	98304	-	-
102	10110	200888	618	615	317828	377192	49	23	0	9695232	98304	-	-
103	10210	200888	618	615	317832	377192	49	23	0	9695232	98304	-	-
104	10311	200888	618	615	317836	377192	49	23	0	9695232	98304	-	-
105	10411	200888	618	615	301316	377192	49	23	0	9695232	98304	-	-
106	10512	200888	618	615	301316	377192	49	23	0	9695232	98304	-	-
107	10611	200888	618	615	301320	377192	49	23	0	9695232	98304	-	-
108	10711	200888	618	615	301320	377192	49	23	0	9695232	98304	-	-
109	10811	200888	618	615	301368	377192	49	23	0	9695232	98304	-	-
110	10970	200888	618	615	307152	377192	49	24	0	9695232	98304	101025	heap:jstat
111	11012	200888	618	615	302060	377192	49	23	0	9695232	98304	-	-
112	11111	200888	618	615	302064	377192	49	23	0	9695232	98304	-	-
113	11211	200888	618	615	302064	377192	49	23	0	9695232	98304	-	-
114	11312	200888	618	615	302068	377192	49	23	0	9695232	98304	-	-
115	11412	200888	618	615	302068	377192	49	23	0	9695232	98304	-	-
116	11513	200888	618	615	302068	377192	49	23	0	9695232	98304	-	-
117	11612	200888	618	615	302068	377192	49	23	0	9695232	98304	-	-
118	11712	200888	618	615	302068	377192	49	23	0	9695232	98304	-	-
119	11812	200888	618	615	302068	377192	48	23	0	9695232	98304	-	-
120	11970	200888	618	615	303092	377192	48	23	0	9695232	98304	117409	heap:jstat
121	12012	200888	618	615	303748	377192	48	23	0	9695232	98304	-	-
122	12112	200888	618	615	303780	377192	48	23	0	9695232	98304	-	-
123	12212	200888	618	615	303780	377192	48	23	0	9695232	98304	-	-
124	12312	200888	618	615	303796	377192	48	23	0	9695232	98304	-	-
125	12412	200888	618	615	303800	377192	48	23	0	9695232	98304	-	-
126	12512	200888	618	615	304348	377192	48	23	0	9695232	98304	-	-
127	12612	200888	618	615	305972	377192	49	23	0	9752576	98304	-	-
128	12713	200888	618	615	307596	377192	49	25	0	9760768	98304	-	-
129	12813	200888	618	615	310716	377192	49	26	0	9842688	98304	-	-
130	12973	200888	618	615	315172	377192	49	23	0	9859072	98304	136865	heap:jstat
131	13013	200888	618	615	317264	377192	49	23	0	9883648	98304	-	-
132	13113	200888	618	615	319252	377192	49	23	0	9883648	98304	-	-
133	13212	200888	618	615	321048	377192	49	23	0	9883648	98304	-	-
134	13313	200888	618	615	324676	377192	49	23	0	9883648	98304	-	-
135	13413	200888	618	615	326472	377192	49	23	0	9883648	98304	-	-
136	13514	200888	618	615	327960	377192	49	24	0	9883648	98304	-	-
137	13613	200888	618	615	329000	377192	49	23	0	9883648	98304	-	-
138	13713	200888	618	615	330804	377192	49	23	0	9883648	98304	-	-
139	13813	200888	618	615	332636	377192	49	23	0	9883648	98304	-	-
140	13971	200888	618	615	334444	377192	48	23	0	9883648	98304	155297	heap:jstat
141	14014	200888	618	615	336320	377192	48	24	0	9883648	98304	-	-
142	14113	200888	618	615	343180	377192	49	23	0	9883648	98304	-	-
143	14213	200888	618	615	343180	377192	49	23	0	9883648	98304	-	-
144	14314	200888	618	615	343184	377192	49	23	0	9883648	98304	-	-
145	14414	200888	618	615	343184	377192	49	23	0	9883648	98304	-	-
146	14514	200888	618	615	343184	377192	49	23	0	9883648	98304	-	-
147	14614	200888	618	615	343184	377192	49	23	0	9883648	98304	-	-
148	14714	200888	618	615	343184	377192	49	23	0	9883648	98304	-	-
149	14814	200888	618	615	343184	377192	49	23	0	9883648	98304	-	-
150	14971	200888	618	615	343240	377192	49	23	0	9883648	98304	26526	heap:jstat
151	15014	200888	618	615	343240	377192	49	23	0	9883648	98304	-	-
152	15114	200888	618	615	343260	377192	49	23	0	9883648	98304	-	-
153	15214	200888	618	615	343260	377192	49	23	0	9883648	98304	-	-
154	15314	200888	618	615	343260	377192	49	23	0	9883648	98304	-	-
155	15414	200888	618	615	343260	377192	49	23	0	9883648	98304	-	-
156	15514	200888	618	615	343260	377192	49	23	0	9883648	98304	-	-
157	15614	200888	618	615	343260	377192	49	23	0	9883648	98304	-	-
158	15714	200888	618	615	343260	377192	49	23	0	9883648	98304	-	-
159	15814	200888	618	615	343260	377192	49	23	0	9883648	98304	-	-
160	15973	200888	618	615	343268	377192	49	23	0	9883648	98304	47006	heap:jstat
161	16015	200888	618	615	343268	377192	49	23	0	9883648	98304	-	-
162	16115	200888	618	615	356832	377192	49	23	0	9883648	98304	-	-
163	16215	200888	618	615	353960	377192	49	23	0	9883648	98304	-	-
164	16315	200888	618	615	353960	377192	49	23	0	9883648	98304	-	-
165	16416	200888	618	615	353968	377192	49	23	0	9883648	98304	-	-
166	16515	200888	618	615	354344	377192	49	23	0	9883648	98304	-	-
167	16615	200888	618	615	354448	377192	49	23	0	9940992	98304	-	-
168	16716	200888	618	615	354456	377192	49	23	0	9940992	98304	-	-
169	16815	200888	618	615	354468	377192	49	25	0	10010624	98304	-	-
170	16973	200888	618	615	354472	377192	49	23	0	10047488	98304	70558	heap:jstat
171	17015	200888	618	615	355224	377192	49	23	0	10047488	98304	-	-
172	17115	200888	618	615	355248	377192	49	25	0	10252288	98304	-	-
173	17215	200888	618	615	355268	377192	49	23	0	10256384	98304	-	-
174	17315	200888	618	615	355268	377192	49	23	0	10256384	98304	-	-
175	17416	200888	618	615	355268	377192	49	23	0	10256384	98304	-	-
176	17516	200888	618	615	355268	377192	49	23	0	10256384	98304	-	-
177	17615	200888	618	615	355268	377192	49	23	0	10256384	98304	-	-
178	17716	200888	618	615	355268	377192	49	23	0	10256384	98304	-	-
179	17816	200888	618	615	355268	377192	49	23	0	10256384	98304	-	-
180	17974	200888	618	615	355268	377192	49	23	0	10256384	98304	93086	heap:jstat
181	18016	200888	618	615	355272	377192	49	23	0	10256384	98304	-	-
182	18116	200888	618	615	355272	377192	49	23	0	10256384	98304	-	-
183	18216	200888	618	615	355324	377192	49	23	0	10256384	98304	-	-
184	18316	200888	618	615	355324	377192	49	23	0	10256384	98304	-	-
185	18416	200888	618	615	355324	377192	49	23	0	10256384	98304	-	-
186	18516	200888	618	615	355324	377192	49	23	0	10256384	98304	-	-
187	18616	200888	618	615	355324	377192	49	23	0	10256384	98304	-	-
188	18716	200888	618	615	355324	377192	49	23	0	10256384	98304	-	-
189	18817	200888	618	615	355324	377192	49	23	0	10256384	98304	-	-
190	18974	200888	618	615	355324	377192	49	23	0	10256384	98304	116638	heap:jstat
191	19017	200888	618	615	355324	377192	49	23	0	10256384	98304	-	-
192	19114	200888	618	615	355324	377192	49	23	0	10256384	98304	-	-
193	19214	200888	618	615	355328	377192	49	23	0	10256384	98304	-	-
194	19314	200888	618	615	355328	377192	49	23	0	10256384	98304	-	-
195	19414	200888	618	615	356368	377192	49	23	0	10256384	98304	-	-
196	19514	200888	618	615	356388	377192	49	23	0	10256384	98304	-	-
197	19614	200888	618	615	357248	377192	49	23	0	10256384	98304	-	-
198	19717	200888	618	615	359256	377192	49	23	0	10256384	98304	-	-
199	19817	200888	618	615	365904	377192	49	24	0	10256384	98304	-	-
200	19975	200888	618	615	366144	377192	49	23	0	10256384	98304	138142	heap:jstat
201	20017	200888	618	615	366388	377192	49	23	0	10256384	98304	-	-
202	20117	200888	618	615	366536	377192	49	23	0	10256384	98304	-	-
203	20217	200888	618	615	366632	377192	49	23	0	10256384	98304	-	-
204	20317	200888	618	615	366636	377192	49	23	0	10256384	98304	-	-
205	20418	200888	618	615	366644	377192	49	23	0	10256384	98304	-	-
206	20517	200888	618	615	366656	377192	49	23	0	10256384	98304	-	-
207	20617	200888	618	615	366684	377192	49	23	0	10313728	98304	-	-
208	20718	200888	618	615	366824	377192	50	24	0	10321920	98304	-	-
209	20818	200888	618	615	378068	378068	50	26	0	10403840	98304	-	-
210	20981	200888	618	615	381156	381156	50	23	0	10420224	98304	16348	heap:jstat
211	21018	200888	618	615	381156	381156	50	23	0	10420224	98304	-	-
212	21118	200888	618	615	381156	381156	50	23	0	10420224	98304	-	-
213	21218	200888	618	615	381156	381156	50	24	0	10420224	98304	-	-
214	21318	200888	618	615	381340	381340	50	23	0	10444800	98304	-	-
215	21418	200888	618	615	381344	381344	50	23	0	10444800	98304	-	-
216	21518	200888	618	615	381344	381344	50	23	0	10444800	98304	-	-
217	21618	200888	618	615	381344	381344	50	23	0	10444800	98304	-	-
218	21719	200888	618	615	381344	381344	50	23	0	10444800	98304	-	-
219	21818	200888	618	615	381348	381348	50	23	0	10444800	98304	-	-
220	21978	200888	618	615	381348	381348	50	23	0	10444800	98304	42972	heap:jstat
221	22019	200888	618	615	381348	381348	50	23	0	10444800	98304	-	-
222	22118	200888	618	615	381348	381348	50	23	0	10444800	98304	-	-
223	22218	200888	618	615	381348	381348	50	23	0	10444800	98304	-	-
224	22319	200888	618	615	381804	381804	49	23	0	10444800	98304	-	-
225	22419	200888	618	615	381804	381804	49	23	0	10444800	98304	-	-
226	22519	200888	618	615	381804	381804	49	23	0	10444800	98304	-	-
227	22619	200888	618	615	381804	381804	49	23	0	10444800	98304	-	-
228	22719	200888	618	615	381804	381804	49	23	0	10444800	98304	-	-
229	22818	200888	618	615	381804	381804	49	23	0	10444800	98304	-	-
230	22981	200888	618	615	381804	381804	49	23	0	10444800	98304	67548	heap:jstat
231	23019	200888	618	615	381804	381804	49	23	0	10444800	98304	-	-
232	23119	200888	618	615	381804	381804	49	23	0	10444800	98304	-	-
233	23219	200888	618	615	381804	381804	49	23	0	10444800	98304	-	-
234	23319	200888	618	615	381808	381808	49	24	0	10444800	98304	-	-
235	23419	200888	618	615	347096	377192	49	23	0	10444800	98304	-	-
236	23519	200888	618	615	347792	377192	49	23	0	10444800	98304	-	-
237	23619	200888	618	615	347792	377192	49	23	0	10444800	98304	-	-
238	23720	200888	618	615	347792	377192	49	23	0	10444800	98304	-	-
239	23819	200888	618	615	347792	377192	49	24	0	10444800	98304	-	-
240	23979	200888	618	615	347280	377192	49	23	0	10444800	98304	92124	heap:jstat
241	24020	200888	618	615	347280	377192	49	23	0	10444800	98304	-	-
242	24120	200888	618	615	347280	377192	49	23	0	10444800	98304	-	-
243	24220	200888	618	615	347280	377192	49	23	0	10444800	98304	-	-
244	24320	200888	618	615	347280	377192	49	23	0	10444800	98304	-	-
245	24420	200888	618	615	347300	377192	49	23	0	10444800	98304	-	-
246	24520	200888	618	615	347300	377192	49	23	0	10444800	98304	-	-
247	24619	200888	618	615	347328	377192	49	23	0	10502144	98304	-	-
248	24720	200888	618	615	347344	377192	49	24	0	10510336	98304	-	-
249	24820	200888	618	615	347412	377192	49	25	0	10604544	98304	-	-
250	24978	200888	618	615	347444	377192	49	23	0	10608640	98304	121820	heap:jstat
251	25020	200888	618	615	347452	377192	49	23	0	10608640	98304	-	-
252	25120	200888	618	615	347468	377192	49	23	0	10608640	98304	-	-
253	25220	200888	618	615	347468	377192	49	23	0	10608640	98304	-	-
254	25320	200888	618	615	347468	377192	49	23	0	10608640	98304	-	-
255	25420	200888	618	615	347484	377192	49	26	0	10633216	98304	-	-
256	25520	200888	618	615	347484	377192	49	23	0	10633216	98304	-	-
257	25621	200888	618	615	347488	377192	49	23	0	10633216	98304	-	-
258	25720	200888	618	615	347488	377192	49	23	0	10633216	98304	-	-
259	25820	200888	618	615	347488	377192	49	23	0	10633216	98304	-	-
260	25978	200888	618	615	347488	377192	49	23	0	10633216	98304	150492	heap:jstat
261	26021	200888	618	615	347488	377192	49	23	0	10633216	98304	-	-
262	26121	200888	618	615	347496	377192	49	23	0	10633216	98304	-	-
263	26221	200888	618	615	347500	377192	49	23	0	10633216	98304	-	-
264	26321	200888	618	615	347932	377192	49	23	0	10633216	98304	-	-
265	26421	200888	618	615	347932	377192	49	23	0	10633216	98304	-	-
266	26521	200888	618	615	347960	377192	49	23	0	10633216	98304	-	-
267	26621	200888	618	615	347960	377192	49	23	0	10633216	98304	-	-
268	26722	200888	618	615	347960	377192	49	23	0	10633216	98304	-	-
269	26821	200888	618	615	347964	377192	49	23	0	10633216	98304	-	-
270	26982	200888	618	615	347968	377192	49	23	0	10633216	98304	29490	heap:jstat
271	27021	200888	618	615	347968	377192	49	23	0	10633216	98304	-	-
272	27123	200888	618	615	347968	377192	49	23	0	10633216	98304	-	-
273	27221	200888	618	615	347972	377192	49	24	0	10633216	98304	-	-
274	27322	200888	618	615	347976	377192	49	23	0	10633216	98304	-	-
275	27421	200888	618	615	347976	377192	49	23	0	10633216	98304	-	-
276	27522	200888	618	615	350180	377192	49	23	0	10633216	98304	-	-
277	27621	200888	618	615	350180	377192	49	23	0	10633216	98304	-	-
278	27722	200888	618	615	350188	377192	49	23	0	10633216	98304	-	-
279	27821	200888	618	615	350188	377192	49	23	0	10633216	98304	-	-
280	27981	200888	618	615	350188	377192	49	23	0	10633216	98304	58162	heap:jstat
281	28022	200888	618	615	350188	377192	49	23	0	10633216	98304	-	-
282	28121	200888	618	615	350188	377192	49	23	0	10633216	98304	-	-
283	28222	200888	618	615	350188	377192	49	23	0	10633216	98304	-	-
284	28322	200888	618	615	350188	377192	49	23	0	10633216	98304	-	-
285	28422	200888	618	615	350188	377192	49	23	0	10633216	98304	-	-
286	28522	200888	618	615	350188	377192	49	23	0	10633216	98304	-	-
287	28623	200888	618	615	350188	377192	49	23	0	10633216	98304	-	-
288	28723	200888	618	615	350192	377192	49	23	0	10633216	98304	-	-
289	28823	200888	618	615	350192	377192	49	23	0	10633216	98304	-	-
290	28981	200888	618	615	350192	377192	49	23	0	10633216	98304	85810	heap:jstat
291	29022	200888	618	615	350192	377192	49	23	0	10633216	98304	-	-
292	29120	200888	618	615	350192	377192	49	23	0	10633216	98304	-	-
293	29220	200888	618	615	351384	377192	49	23	0	10633216	98304	-	-
294	29320	200888	618	615	351444	377192	49	23	0	10633216	98304	-	-
295	29420	200888	618	615	351472	377192	49	23	0	10690560	98304	-	-
296	29522	200888	618	615	351496	377192	49	26	0	10690560	98304	-	-
297	29622	200888	618	615	349384	377192	49	25	0	10768384	98304	-	-
298	29723	200888	618	615	349392	377192	49	23	0	10805248	98304	-	-
299	29823	200888	618	615	349468	377192	50	24	0	10809344	98304	-	-
300	29979	200888	618	615	349472	377192	50	23	0	10813440	98304	117554	heap:jstat
301	30022	200888	618	615	349472	377192	50	23	0	10813440	98304	-	-
302	30122	200888	618	615	349472	377192	50	23	0	10813440	98304	-	-
303	30223	200888	618	615	349476	377192	50	23	0	10813440	98304	-	-
304	30323	200888	618	615	349512	377192	50	20	0	10817536	503808	-	-
305	30423	200888	618	615	349512	377192	50	20	0	10817536	503808	-	-
306	30523	200888	618	615	349512	377192	50	20	0	10817536	503808	-	-
307	30624	200888	618	615	349560	377192	50	20	0	10842112	503808	-	-
308	30723	200888	618	615	349560	377192	50	21	0	10842112	503808	-	-
309	30823	200888	618	615	349560	377192	50	20	0	10842112	503808	-	-
310	30981	200888	618	615	349560	377192	50	20	0	10842112	503808	149298	heap:jstat
311	31024	200888	618	615	349560	377192	50	20	0	10842112	503808	-	-
312	31123	200888	618	615	349560	377192	50	20	0	10842112	503808	-	-
313	31224	200888	618	615	349560	377192	50	20	0	10842112	503808	-	-
314	31324	200888	618	615	349636	377192	50	20	0	10842112	503808	-	-
315	31424	200888	618	615	349636	377192	50	20	0	10842112	503808	-	-
316	31524	200888	618	615	349640	377192	50	20	0	10842112	503808	-	-
317	31624	200888	618	615	349640	377192	50	20	0	10842112	503808	-	-
318	31724	200888	618	615	349672	377192	49	20	0	10842112	503808	-	-
319	31824	200888	618	615	349672	377192	49	20	0	10842112	503808	-	-
320	31981	200888	618	615	349672	377192	49	20	0	10842112	503808	30518	heap:jstat
321	32024	200888	618	615	349672	377192	49	20	0	10842112	503808	-	-
322	32124	200888	618	615	349672	377192	49	20	0	10842112	503808	-	-
323	32224	200888	618	615	349672	377192	49	20	0	10842112	503808	-	-
324	32324	200888	618	615	349672	377192	49	20	0	10842112	503808	-	-
325	32424	200888	618	615	349672	377192	49	21	0	10842112	503808	-	-
326	32525	200888	618	615	349672	377192	49	20	0	10842112	503808	-	-
327	32624	200888	618	615	349672	377192	49	20	0	10842112	503808	-	-
328	32725	200888	618	615	351708	377192	50	20	0	10899456	503808	-	-
329	32825	200888	618	615	351748	377192	50	21	0	10907648	503808	-	-
330	32983	200888	618	615	351860	377192	50	23	0	10989568	503808	64310	heap:jstat
331	33025	200888	618	615	351916	377192	50	20	0	11005952	503808	-	-
332	33126	200888	618	615	351920	377192	50	20	0	11005952	503808	-	-
333	33225	200888	618	615	351920	377192	50	20	0	11005952	503808	-	-
334	33325	200888	618	615	351920	377192	50	20	0	11005952	503808	-	-
335	33425	200888	618	615	351944	377192	50	20	0	11005952	503808	-	-
336	33525	200888	618	615	351944	377192	50	21	0	11005952	503808	-	-
337	33626	200888	618	615	351944	377192	50	20	0	11005952	503808	-	-
338	33726	200888	618	615	351944	377192	50	21	0	11005952	503808	-	-
339	33825	200888	618	615	351956	377192	49	21	0	11034624	503808	-	-
340	33983	200888	618	615	351956	377192	49	20	0	11034624	503808	97078	heap:jstat
341	34026	200888	618	615	351956	377192	49	20	0	11034624	503808	-	-
342	34125	200888	618	615	351956	377192	49	20	0	11034624	503808	-	-
343	34226	200888	618	615	351192	377192	49	20	0	11034624	503808	-	-
344	34326	200888	618	615	351192	377192	49	20	0	11034624	503808	-	-
345	34426	200888	618	615	351192	377192	49	20	0	11034624	503808	-	-
346	34526	200888	618	615	351192	377192	49	20	0	11034624	503808	-	-
347	34626	200888	618	615	351192	377192	49	20	0	11034624	503808	-	-
348	34726	200888	618	615	351192	377192	49	20	0	11034624	503808	-	-
349	34826	200888	618	615	312132	377192	49	20	0	11034624	503808	-	-
350	34987	200888	618	615	312132	377192	49	20	0	11034624	503808	130870	heap:jstat
351	35026	200888	618	615	312132	377192	49	20	0	11034624	503808	-	-
352	35126	200888	618	615	312132	377192	49	20	0	11034624	503808	-	-
353	35226	200888	618	615	312132	377192	49	20	0	11034624	503808	-	-
354	35326	200888	618	615	340208	377192	49	20	0	11034624	503808	-	-
355	35427	200888	618	615	341992	377192	49	20	0	11034624	503808	-	-
356	35526	200888	618	615	341992	377192	49	20	0	11034624	503808	-	-
357	35626	200888	618	615	341992	377192	49	20	0	11034624	503808	-	-
358	35726	200888	618	615	341992	377192	49	20	0	11034624	503808	-	-
359	35826	200888	618	615	341992	377192	49	21	0	11034624	503808	-	-
360	35983	200888	618	615	342092	377192	49	20	0	11034624	503808	15537	heap:jstat
361	36027	200888	618	615	342092	377192	49	20	0	11034624	503808	-	-
362	36126	200888	618	615	342092	377192	49	20	0	11034624	503808	-	-
363	36226	200888	618	615	342092	377192	49	20	0	11034624	503808	-	-
364	36327	200888	618	615	342092	377192	49	20	0	11034624	503808	-	-
365	36427	200888	618	615	346768	377192	49	20	0	11034624	503808	-	-
366	36527	200888	618	615	346768	377192	49	20	0	11034624	503808	-	-
367	36626	200888	618	615	346892	377192	49	20	0	11116544	503808	-	-
368	36727	200888	618	615	347024	377192	49	22	0	11128832	503808	-	-
369	36827	200888	618	615	348044	377192	49	22	0	11218944	503808	-	-
370	36987	200888	618	615	348080	377192	49	20	0	11247616	503808	55473	heap:jstat
371	37027	200888	618	615	348116	377192	49	21	0	11247616	503808	-	-
372	37127	200888	618	615	348116	377192	49	20	0	11247616	503808	-	-
373	37227	200888	618	615	348116	377192	49	20	0	11247616	503808	-	-
374	37327	200888	618	615	348116	377192	49	20	0	11247616	503808	-	-
375	37427	200888	618	615	348116	377192	49	20	0	11247616	503808	-	-
376	37527	200888	618	615	348116	377192	49	20	0	11247616	503808	-	-
377	37627	200888	618	615	348116	377192	49	20	0	11247616	503808	-	-
378	37727	200888	618	615	348116	377192	49	20	0	11247616	503808	-	-
379	37827	200888	618	615	348116	377192	49	21	0	11247616	503808	-	-
380	37991	200888	618	615	348116	377192	49	21	0	11247616	503808	90289	heap:jstat
381	38028	200888	618	615	348184	377192	49	20	0	11247616	503808	-	-
382	38127	200888	618	615	348184	377192	49	20	0	11247616	503808	-	-
383	38228	200888	618	615	348184	377192	49	20	0	11247616	503808	-	-
384	38328	200888	618	615	348184	377192	49	20	0	11247616	503808	-	-
385	38428	200888	618	615	348184	377192	49	20	0	11247616	503808	-	-
386	38528	200888	618	615	348184	377192	49	20	0	11247616	503808	-	-
387	38628	200888	618	615	348184	377192	49	20	0	11247616	503808	-	-
388	38729	200888	618	615	348188	377192	49	20	0	11247616	503808	-	-
389	38829	200888	618	615	348188	377192	49	20	0	11247616	503808	-	-
390	38986	200888	618	615	348188	377192	49	20	0	11247616	503808	126129	heap:jstat
391	39028	200888	618	615	348192	377192	49	20	0	11247616	503808	-	-
392	39128	200888	618	615	348192	377192	49	20	0	11247616	503808	-	-
393	39229	200888	618	615	348192	377192	49	20	0	11247616	503808	-	-
394	39329	200888	618	615	348192	377192	49	20	0	11247616	503808	-	-
395	39429	200888	618	615	348192	377192	49	20	0	11247616	503808	-	-
396	39529	200888	618	615	348192	377192	49	20	0	11247616	503808	-	-
397	39629	200888	618	615	348192	377192	49	20	0	11247616	503808	-	-
398	39729	200888	618	615	348192	377192	49	20	0	11247616	503808	-	-
399	39828	200888	618	615	348192	377192	49	20	0	11247616	503808	-	-
400	39989	200888	618	615	348192	377192	49	20	0	11247616	503808	9203	heap:jstat
401	40028	200888	618	615	348228	377192	49	20	0	11247616	503808	-	-
402	40131	200888	618	615	348228	377192	49	20	0	11247616	503808	-	-
403	40229	200888	618	615	348228	377192	49	20	0	11247616	503808	-	-
404	40329	200888	618	615	348228	377192	49	20	0	11247616	503808	-	-
405	40429	200888	618	615	348228	377192	49	20	0	11247616	503808	-	-
406	40529	200888	618	615	348232	377192	49	20	0	11247616	503808	-	-
407	40629	200888	618	615	348232	377192	49	20	0	11247616	503808	-	-
408	40729	200888	618	615	348304	377192	49	20	0	11304960	503808	-	-
409	40830	200888	618	615	348392	377192	50	23	0	11313152	503808	-	-
410	40986	200888	618	615	348404	377192	50	20	0	11374592	503808	45043	heap:jstat
411	41030	200888	618	615	348460	377192	50	21	0	11419648	503808	-	-
412	41130	200888	618	615	348692	377192	50	21	0	11436032	503808	-	-
413	41229	200888	618	615	348692	377192	50	20	0	11436032	503808	-	-
414	41330	200888	618	615	348692	377192	50	20	0	11436032	503808	-	-
415	41430	200888	618	615	348692	377192	50	20	0	11436032	503808	-	-
416	41530	200888	618	615	348692	377192	50	20	0	11436032	503808	-	-
417	41630	200888	618	615	348692	377192	50	20	0	11436032	503808	-	-
418	41730	200888	618	615	348692	377192	50	20	0	11436032	503808	-	-
419	41830	200888	618	615	348692	377192	50	20	0	11436032	503808	-	-
420	41987	200888	618	615	348692	377192	50	21	0	11436032	503808	83955	heap:jstat
421	42031	200888	618	615	359128	377192	49	20	0	11436032	503808	-	-
422	42130	200888	618	615	363816	377192	49	20	0	11436032	503808	-	-
423	42230	200888	618	615	363816	377192	49	20	0	11436032	503808	-	-
424	42330	200888	618	615	363816	377192	49	20	0	11436032	503808	-	-
425	42430	200888	618	615	363820	377192	49	20	0	11436032	503808	-	-
426	42530	200888	618	615	363820	377192	49	20	0	11436032	503808	-	-
427	42631	200888	618	615	363820	377192	49	20	0	11436032	503808	-	-
428	42730	200888	618	615	363820	377192	49	20	0	11436032	503808	-	-
429	42831	200888	618	615	363820	377192	49	20	0	11436032	503808	-	-
430	42991	200888	618	615	363820	377192	49	20	0	11436032	503808	122867	heap:jstat
431	43031	200888	618	615	363820	377192	49	20	0	11436032	503808	-	-
432	43131	200888	618	615	363820	377192	49	23	0	11436032	503808	-	-
433	43231	200888	618	615	363820	377192	49	20	0	11436032	503808	-	-
434	43331	200888	618	615	363820	377192	49	20	0	11436032	503808	-	-
435	43431	200888	618	615	325760	377192	49	20	0	11436032	503808	-	-
436	43531	200888	618	615	328760	377192	49	20	0	11436032	503808	-	-
437	43631	200888	618	615	329056	377192	49	20	0	11436032	503808	-	-
438	43731	200888	618	615	329056	377192	49	20	0	11436032	503808	-	-
439	43831	200888	618	615	330552	377192	49	20	0	11436032	503808	-	-
440	43990	200888	618	615	330552	377192	49	20	0	11436032	503808	12275	heap:jstat
441	44032	200888	618	615	330728	377192	49	20	0	11436032	503808	-	-
442	44131	200888	618	615	330728	377192	49	20	0	11436032	503808	-	-
443	44232	200888	618	615	330728	377192	49	20	0	11436032	503808	-	-
444	44332	200888	618	615	330728	377192	49	20	0	11436032	503808	-	-
445	44432	200888	618	615	330768	377192	49	20	0	11436032	503808	-	-
446	44532	200888	618	615	330772	377192	49	20	0	11436032	503808	-	-
447	44631	200888	618	615	331008	377192	49	20	0	11493376	503808	-	-
448	44732	200888	618	615	337836	377192	49	21	0	11501568	503808	-	-
449	44832	200888	618	615	337880	377192	49	23	0	11583488	503808	-	-
450	44989	200888	618	615	339736	377192	49	20	0	11599872	503808	55283	heap:jstat
451	45032	200888	618	615	339880	377192	54	20	0	11599872	503808	-	-
452	45132	200888	618	615	339912	377192	54	20	0	11599872	503808	-	-
453	45232	200888	618	615	341264	377192	54	23	0	11771904	503808	-	-
454	45333	200888	618	615	344612	377192	54	20	0	11784192	503808	-	-
455	45432	200888	618	615	344612	377192	54	20	0	11784192	503808	-	-
456	45532	200888	618	615	344612	377192	54	20	0	11784192	503808	-	-
457	45632	200888	618	615	344612	377192	54	20	0	11784192	503808	-	-
458	45732	200888	618	615	344612	377192	54	20	0	11784192	503808	-	-
459	45832	200888	618	615	344612	377192	54	20	0	11784192	503808	-	-
460	45990	200888	618	615	344636	377192	52	20	0	11784192	503808	96243	heap:jstat
461	46033	200888	618	615	344636	377192	52	20	0	11784192	503808	-	-
462	46132	200888	618	615	344644	377192	52	20	0	11784192	503808	-	-
463	46232	200888	618	615	344644	377192	52	20	0	11784192	503808	-	-
464	46333	200888	618	615	344700	377192	52	20	0	11784192	503808	-	-
465	46433	200888	618	615	344700	377192	52	20	0	11784192	503808	-	-
466	46533	200888	618	615	344700	377192	52	20	0	11784192	503808	-	-
467	46633	200888	618	615	344700	377192	52	20	0	11784192	503808	-	-
468	46733	200888	618	615	344700	377192	52	20	0	11784192	503808	-	-
469	46833	200888	618	615	344700	377192	52	20	0	11784192	503808	-	-
470	46990	200888	618	615	344700	377192	52	20	0	11784192	503808	138227	heap:jstat
471	47033	200888	618	615	344708	377192	50	20	0	11784192	503808	-	-
472	47133	200888	618	615	344708	377192	50	20	0	11784192	503808	-	-
473	47233	200888	618	615	344708	377192	50	21	0	11784192	503808	-	-
474	47334	200888	618	615	344712	377192	49	20	0	11784192	503808	-	-
475	47434	200888	618	615	344832	377192	49	20	0	11784192	503808	-	-
476	47534	200888	618	615	344832	377192	49	20	0	11784192	503808	-	-
477	47633	200888	618	615	344832	377192	49	20	0	11784192	503808	-	-
478	47734	200888	618	615	344832	377192	49	20	0	11784192	503808	-	-
479	47833	200888	618	615	344832	377192	49	20	0	11784192	503808	-	-
480	47992	200888	618	615	344832	377192	49	21	0	11784192	503808	28849	heap:jstat
481	48034	200888	618	615	344832	377192	49	20	0	11784192	503808	-	-
482	48134	200888	618	615	344832	377192	49	20	0	11784192	503808	-	-
483	48234	200888	618	615	344832	377192	49	20	0	11784192	503808	-	-
484	48334	200888	618	615	313920	377192	49	21	0	11784192	503808	-	-
485	48434	200888	618	615	333832	377192	50	20	0	11784192	503808	-	-
486	48535	200888	618	615	343324	377192	50	20	0	11784192	503808	-	-
487	48633	200888	618	615	343484	377192	51	20	0	11841536	503808	-	-
488	48734	200888	618	615	351200	377192	51	23	0	11853824	503808	-	-
489	48834	200888	618	615	351276	377192	51	20	0	11948032	503808	-	-
490	48993	200888	618	615	351300	377192	51	20	0	11948032	503808	75953	heap:jstat
491	49035	200888	618	615	351348	377192	51	20	0	11948032	503808	-	-
492	49134	200888	618	615	351348	377192	51	20	0	11948032	503808	-	-
493	49235	200888	618	615	351348	377192	51	20	0	11948032	503808	-	-
494	49335	200888	618	615	351360	377192	51	20	0	11948032	503808	-	-
495	49435	200888	618	615	351392	377192	51	20	0	11972608	503808	-	-
496	49535	200888	618	615	351392	377192	51	20	0	11972608	503808	-	-
497	49635	200888	618	615	351392	377192	51	20	0	11972608	503808	-	-
498	49734	200888	618	615	351392	377192	51	20	0	11972608	503808	-	-
499	49835	200888	618	615	351392	377192	51	20	0	11972608	503808	-	-
500	49995	200888	618	615	351392	377192	50	20	0	11972608	503808	119985	heap:jstat
501	50034	200888	618	615	351392	377192	50	20	0	11972608	503808	-	-
502	50136	200888	618	615	351464	377192	49	20	0	11972608	503808	-	-
503	50235	200888	618	615	358680	377192	49	20	0	11972608	503808	-	-
504	50336	200888	618	615	358680	377192	49	20	0	11972608	503808	-	-
505	50435	200888	618	615	358680	377192	49	21	0	11972608	503808	-	-
506	50535	200888	618	615	352372	377192	49	20	0	11972608	503808	-	-
507	50636	200888	618	615	352372	377192	49	20	0	11972608	503808	-	-
508	50735	200888	618	615	352372	377192	49	20	0	11972608	503808	-	-
509	50835	200888	618	615	352424	377192	49	20	0	11972608	503808	-	-
510	50996	200888	618	615	352424	377192	49	20	0	11972608	503808	15155	heap:jstat
511	51036	200888	618	615	352424	377192	49	20	0	11972608	503808	-	-
512	51135	200888	618	615	352424	377192	49	20	0	11972608	503808	-	-
513	51235	200888	618	615	352424	377192	49	20	0	11972608	503808	-	-
514	51336	200888	618	615	352424	377192	49	20	0	11972608	503808	-	-
515	51436	200888	618	615	352424	377192	49	20	0	11972608	503808	-	-
516	51536	200888	618	615	357636	377192	49	20	0	11972608	503808	-	-
517	51636	200888	618	615	361664	377192	49	20	0	11972608	503808	-	-
518	51736	200888	618	615	361664	377192	49	20	0	11972608	503808	-	-
519	51836	200888	618	615	361664	377192	49	21	0	11972608	503808	-	-
520	51993	200888	618	615	361664	377192	49	20	0	11972608	503808	58163	heap:jstat
521	52036	200888	618	615	361664	377192	49	20	0	11972608	503808	-	-
522	52136	200888	618	615	361664	377192	49	20	0	11972608	503808	-	-
523	52236	200888	618	615	361664	377192	49	20	0	11972608	503808	-	-
524	52337	200888	618	615	361664	377192	49	20	0	11972608	503808	-	-
525	52436	200888	618	615	361700	377192	49	20	0	11972608	503808	-	-
526	52537	200888	618	615	361716	377192	49	22	0	11972608	503808	-	-
527	52637	200888	618	615	361800	377192	49	20	0	12029952	503808	-	-
528	52737	200888	618	615	361816	377192	49	20	0	12029952	503808	-	-
529	52837	200888	618	615	361840	377192	49	21	0	12099584	503808	-	-
530	52996	200888	618	615	365252	377192	49	20	0	12136448	503808	106291	heap:jstat
531	53037	200888	618	615	365268	377192	49	20	0	12136448	503808	-	-
532	53137	200888	618	615	365272	377192	49	20	0	12136448	503808	-	-
533	53237	200888	618	615	365272	377192	49	20	0	12136448	503808	-	-
534	53337	200888	618	615	365272	377192	49	20	0	12136448	503808	-	-
535	53438	200888	618	615	365272	377192	49	20	0	12136448	503808	-	-
536	53537	200888	618	615	365272	377192	49	21	0	12136448	503808	-	-
537	53637	200888	618	615	365272	377192	49	21	0	12136448	503808	-	-
538	53737	200888	618	615	365280	377192	49	23	0	12161024	503808	-	-
539	53837	200888	618	615	365280	377192	49	20	0	12161024	503808	-	-
540	53996	200888	618	615	365280	377192	49	20	0	12161024	503808	153395	heap:jstat
541	54038	200888	618	615	365280	377192	49	20	0	12161024	503808	-	-
542	54137	200888	618	615	365360	377192	49	20	0	12161024	503808	-	-
543	54237	200888	618	615	314656	377192	49	21	0	12161024	503808	-	-
544	54338	200888	618	615	314656	377192	49	20	0	12161024	503808	-	-
545	54438	200888	618	615	314656	377192	49	20	0	12161024	503808	-	-
546	54537	200888	618	615	314656	377192	49	20	0	12161024	503808	-	-
547	54638	200888	618	615	314656	377192	49	20	0	12161024	503808	-	-
548	54737	200888	618	615	314656	377192	49	20	0	12161024	503808	-	-
549	54839	200888	618	615	366072	377192	49	20	0	12161024	503808	-	-
550	54996	200888	618	615	365548	377192	49	21	0	12161024	503808	49974	heap:jstat
551	55038	200888	618	615	365548	377192	49	20	0	12161024	503808	-	-
552	55137	200888	618	615	365548	377192	49	20	0	12161024	503808	-	-
553	55237	200888	618	615	365548	377192	49	20	0	12161024	503808	-	-
554	55338	200888	618	615	365548	377192	49	20	0	12161024	503808	-	-
555	55438	200888	618	615	365548	377192	49	20	0	12161024	503808	-	-
556	55538	200888	618	615	365548	377192	49	20	0	12161024	503808	-	-
557	55638	200888	618	615	365548	377192	49	20	0	12161024	503808	-	-
558	55739	200888	618	615	365548	377192	49	20	0	12161024	503808	-	-
559	55838	200888	618	615	365548	377192	49	23	0	12161024	503808	-	-
560	55998	200888	618	615	365552	377192	49	20	0	12161024	503808	97078	heap:jstat
561	56039	200888	618	615	365552	377192	49	20	0	12161024	503808	-	-
562	56138	200888	618	615	365552	377192	49	20	0	12161024	503808	-	-
563	56238	200888	618	615	365552	377192	49	20	0	12161024	503808	-	-
564	56339	200888	618	615	365552	377192	49	20	0	12161024	503808	-	-
565	56439	200888	618	615	314920	377192	49	20	0	12161024	503808	-	-
566	56539	200888	618	615	314920	377192	49	20	0	12161024	503808	-	-
567	56638	200888	618	615	314992	377192	49	20	0	12218368	503808	-	-
568	56740	200888	618	615	333844	377192	49	22	0	12218368	503808	-	-
569	56839	200888	618	615	333864	377192	49	22	0	12288000	503808	-	-
570	56998	200888	618	615	336688	377192	49	24	0	12308480	503808	146230	heap:jstat
571	57039	200888	618	615	336852	377192	49	21	0	12324864	503808	-	-
572	57139	200888	618	615	336884	377192	49	20	0	12324864	503808	-	-
573	57239	200888	618	615	337092	377192	49	20	0	12324864	503808	-	-
574	57340	200888	618	615	337092	377192	49	20	0	12324864	503808	-	-
575	57439	200888	618	615	337092	377192	49	20	0	12324864	503808	-	-
576	57539	200888	618	615	337092	377192	49	20	0	12324864	503808	-	-
577	57640	200888	618	615	337092	377192	49	20	0	12324864	503808	-	-
578	57739	200888	618	615	337092	377192	49	20	0	12324864	503808	-	-
579	57839	200888	618	615	337092	377192	49	20	0	12324864	503808	-	-
580	57996	200888	618	615	337092	377192	49	20	0	12324864	503808	39925	heap:jstat
581	58040	200888	618	615	337092	377192	49	21	0	12324864	503808	-	-
582	58140	200888	618	615	337104	377192	49	20	0	12349440	503808	-	-
583	58240	200888	618	615	337104	377192	49	20	0	12349440	503808	-	-
584	58340	200888	618	615	337108	377192	49	20	0	12349440	503808	-	-
585	58440	200888	618	615	337108	377192	49	20	0	12349440	503808	-	-
586	58540	200888	618	615	337420	377192	49	20	0	12349440	503808	-	-
587	58640	200888	618	615	337420	377192	49	20	0	12349440	503808	-	-
588	58741	200888	618	615	348452	377192	49	20	0	12349440	503808	-	-
589	58840	200888	618	615	348452	377192	49	20	0	12349440	503808	-	-
590	59001	200888	618	615	348452	377192	49	20	0	12349440	503808	89077	heap:jstat
591	59041	200888	618	615	422476	422476	51	20	0	12349440	503808	-	-
592	59141	200888	618	615	430144	430144	51	23	0	12349440	503808	-	-
593	59241	200888	618	615	430144	430144	51	20	0	12349440	503808	-	-
594	59341	200888	618	615	430144	430144	51	20	0	12349440	503808	-	-
595	59441	200888	618	615	430088	430088	50	20	0	12349440	503808	-	-
596	59541	200888	618	615	430088	430088	50	20	0	12349440	503808	-	-
597	59641	200888	618	615	430088	430088	50	20	0	12349440	503808	-	-
598	59740	200888	618	615	430088	430088	50	20	0	12349440	503808	-	-
599	59840	200888	618	615	430088	430088	50	20	0	12349440	503808	-	-
600	59999	200888	618	615	430088	430088	50	20	0	12349440	503808	137205	heap:jstat
601	60040	200888	618	615	430088	430088	50	20	0	12349440	503808	-	-
602	60140	200888	618	615	315304	424084	50	20	0	12349440	503808	-	-
603	60241	200888	618	615	315304	424084	50	20	0	12349440	503808	-	-
604	60341	200888	618	615	315392	424084	50	20	0	12349440	503808	-	-
605	60441	200888	618	615	329096	424084	48	20	0	12349440	503808	-	-
606	60541	200888	618	615	336620	424084	48	20	0	12357632	503808	-	-
607	60641	200888	618	615	342396	424084	48	21	0	12414976	503808	-	-
608	60741	200888	618	615	342924	424084	48	21	0	12423168	503808	-	-
609	60840	200888	618	615	342944	424084	48	22	0	12488704	503808	-	-
610	60997	200888	618	615	345232	424084	48	20	0	12525568	503808	41783	heap:jstat
611	61041	200888	618	615	345248	424084	48	20	0	12525568	503808	-	-
612	61139	200888	618	615	345252	424084	48	20	0	12525568	503808	-	-
613	61239	200888	618	615	345260	424084	48	23	0	12554240	503808	-	-
614	61339	200888	618	615	345260	424084	48	20	0	12554240	503808	-	-
615	61439	200888	618	615	345260	424084	48	20	0	12554240	503808	-	-
616	61539	200888	618	615	345260	424084	48	20	0	12554240	503808	-	-
617	61639	200888	618	615	345260	424084	48	21	0	12554240	503808	-	-
618	61742	200888	618	615	345260	424084	48	20	0	12554240	503808	-	-
619	61842	200888	618	615	345260	424084	48	20	0	12554240	503808	-	-
620	62001	200888	618	615	345260	424084	48	20	0	12554240	503808	94007	heap:jstat
621	62042	200888	618	615	345260	424084	48	20	0	12554240	503808	-	-
622	62142	200888	618	615	345260	424084	48	20	0	12554240	503808	-	-
623	62242	200888	618	615	345260	424084	48	20	0	12554240	503808	-	-
624	62342	200888	618	615	345260	424084	48	20	0	12554240	503808	-	-
625	62442	200888	618	615	345264	424084	48	20	0	12554240	503808	-	-
626	62542	200888	618	615	345264	424084	48	20	0	12554240	503808	-	-
627	62642	200888	618	615	345264	424084	48	20	0	12554240	503808	-	-
628	62742	200888	618	615	345388	424084	48	20	0	12554240	503808	-	-
629	62842	200888	618	615	345388	424084	48	20	0	12554240	503808	-	-
630	62996	200888	618	615	345388	424084	48	21	0	12554240	503808	145207	heap:jstat
631	63043	200888	618	615	345388	424084	48	20	0	12554240	503808	-	-
632	63142	200888	618	615	345388	424084	48	20	0	12554240	503808	-	-
633	63243	200888	618	615	345436	424084	48	20	0	12558336	503808	-	-
634	63343	200888	618	615	345436	424084	48	20	0	12558336	503808	-	-
635	63443	200888	618	615	345436	424084	48	20	0	12558336	503808	-	-
636	63543	200888	618	615	345436	424084	48	20	0	12558336	503808	-	-
637	63643	200888	618	615	345460	424084	48	20	0	12558336	503808	-	-
638	63743	200888	618	615	345460	424084	48	20	0	12558336	503808	-	-
639	63843	200888	618	615	345460	424084	48	20	0	12558336	503808	-	-
640	63999	200888	618	615	345460	424084	48	20	0	12558336	503808	48759	heap:jstat
641	64043	200888	618	615	345460	424084	48	20	0	12558336	503808	-	-
642	64143	200888	618	615	345460	424084	48	20	0	12558336	503808	-	-
643	64244	200888	618	615	345460	424084	48	20	0	12558336	503808	-	-
644	64343	200888	618	615	345460	424084	48	21	0	12558336	503808	-	-
645	64444	200888	618	615	345472	424084	48	20	0	12558336	503808	-	-
646	64544	200888	618	615	345528	424084	49	20	0	12558336	503808	-	-
647	64643	200888	618	615	345564	424084	49	20	0	12615680	503808	-	-
648	64743	200888	618	615	345580	424084	49	22	0	12627968	503808	-	-
649	64843	200888	618	615	345632	424084	49	20	0	12722176	503808	-	-
650	65004	200888	618	615	345636	424084	49	21	0	12722176	503808	103031	heap:jstat
651	65044	200888	618	615	345716	424084	49	20	0	12722176	503808	-	-
652	65144	200888	618	615	345716	424084	49	20	0	12722176	503808	-	-
653	65244	200888	618	615	345716	424084	49	20	0	12722176	503808	-	-
654	65344	200888	618	615	345716	424084	49	20	0	12722176	503808	-	-
655	65445	200888	618	615	345732	424084	49	20	0	12746752	503808	-	-
656	65544	200888	618	615	345732	424084	49	20	0	12746752	503808	-	-
657	65644	200888	618	615	345732	424084	49	20	0	12746752	503808	-	-
658	65744	200888	618	615	345732	424084	49	20	0	12746752	503808	-	-
659	65844	200888	618	615	345732	424084	49	20	0	12746752	503808	-	-
660	66001	200888	618	615	345732	424084	49	20	0	12746752	503808	10324	heap:jstat
661	66045	200888	618	615	349644	424084	49	20	0	12746752	503808	-	-
662	66144	200888	618	615	349644	424084	49	20	0	12746752	503808	-	-
663	66244	200888	618	615	349644	424084	49	20	0	12746752	503808	-	-
664	66344	200888	618	615	349644	424084	49	20	0	12746752	503808	-	-
665	66444	200888	618	615	349644	424084	49	21	0	12746752	503808	-	-
666	66545	200888	618	615	349644	424084	48	20	0	12746752	503808	-	-
667	66645	200888	618	615	392028	424084	49	20	0	12746752	503808	-	-
668	66745	200888	618	615	392028	424084	49	20	0	12746752	503808	-	-
669	66845	200888	618	615	392028	424084	49	21	0	12746752	503808	-	-
670	67003	200888	618	615	392028	424084	49	20	0	12746752	503808	64596	heap:jstat
671	67045	200888	618	615	392028	424084	49	20	0	12746752	503808	-	-
672	67145	200888	618	615	392028	424084	49	20	0	12746752	503808	-	-
673	67245	200888	618	615	392028	424084	49	20	0	12746752	503808	-	-
674	67345	200888	618	615	401592	424084	49	20	0	12746752	503808	-	-
675	67445	200888	618	615	401592	424084	49	21	0	12746752	503808	-	-
676	67545	200888	618	615	401592	424084	49	20	0	12746752	503808	-	-
677	67646	200888	618	615	401592	424084	49	20	0	12746752	503808	-	-
678	67746	200888	618	615	401592	424084	49	20	0	12746752	503808	-	-
679	67845	200888	618	615	401592	424084	49	20	0	12746752	503808	-	-
680	68003	200888	618	615	401592	424084	49	20	0	12746752	503808	119892	heap:jstat
681	68046	200888	618	615	401592	424084	49	20	0	12746752	503808	-	-
682	68146	200888	618	615	401592	424084	49	20	0	12746752	503808	-	-
683	68245	200888	618	615	401592	424084	49	20	0	12746752	503808	-	-
684	68346	200888	618	615	350260	424084	49	20	0	12746752	503808	-	-
685	68446	200888	618	615	334916	424084	49	20	0	12746752	503808	-	-
686	68546	200888	618	615	335292	424084	49	21	0	12746752	503808	-	-
687	68646	200888	618	615	335496	424084	49	20	0	12804096	503808	-	-
688	68746	200888	618	615	345684	424084	49	21	0	12812288	503808	-	-
689	68846	200888	618	615	348792	424084	49	20	0	12873728	503808	-	-
690	69005	200888	618	615	349628	424084	49	20	0	12910592	503808	20737	heap:jstat
691	69047	200888	618	615	351788	424084	49	20	0	12910592	503808	-	-
692	69146	200888	618	615	351788	424084	49	20	0	12910592	503808	-	-
693	69246	200888	618	615	351788	424084	49	20	0	12910592	503808	-	-
694	69346	200888	618	615	351788	424084	49	20	0	12910592	503808	-	-
695	69446	200888	618	615	351788	424084	49	20	0	12910592	503808	-	-
696	69547	200888	618	615	351788	424084	49	20	0	12910592	503808	-	-
697	69647	200888	618	615	351788	424084	49	21	0	12910592	503808	-	-
698	69747	200888	618	615	351800	424084	49	20	0	12935168	503808	-	-
699	69847	200888	618	615	351800	424084	49	20	0	12935168	503808	-	-
700	70006	200888	618	615	351800	424084	49	20	0	12935168	503808	80129	heap:jstat
701	70045	200888	618	615	351808	424084	48	20	0	12935168	503808	-	-
702	70147	200888	618	615	351812	424084	48	20	0	12935168	503808	-	-
703	70247	200888	618	615	351812	424084	48	21	0	12935168	503808	-	-
704	70347	200888	618	615	351812	424084	48	20	0	12935168	503808	-	-
705	70447	200888	618	615	351812	424084	48	20	0	12935168	503808	-	-
706	70547	200888	618	615	351812	424084	48	20	0	12935168	503808	-	-
707	70647	200888	618	615	351812	424084	48	20	0	12935168	503808	-	-
708	70747	200888	618	615	351812	424084	48	20	0	12935168	503808	-	-
709	70847	200888	618	615	351812	424084	48	20	0	12935168	503808	-	-
710	71008	200888	618	615	351812	424084	48	20	0	12935168	503808	136449	heap:jstat
711	71048	200888	618	615	322428	424084	48	20	0	12935168	503808	-	-
712	71147	200888	618	615	322428	424084	48	20	0	12935168	503808	-	-
713	71248	200888	618	615	322428	424084	48	20	0	12935168	503808	-	-
714	71348	200888	618	615	322428	424084	48	20	0	12935168	503808	-	-
715	71448	200888	618	615	322428	424084	48	20	0	12935168	503808	-	-
716	71548	200888	618	615	337336	424084	48	21	0	12935168	503808	-	-
717	71648	200888	618	615	337376	424084	48	20	0	12935168	503808	-	-
718	71748	200888	618	615	337376	424084	48	21	0	12935168	503808	-	-
719	71848	200888	618	615	337376	424084	48	20	0	12935168	503808	-	-
720	72010	200888	618	615	337376	424084	48	20	0	12935168	503808	39158	heap:jstat
721	72048	200888	618	615	337376	424084	48	20	0	12935168	503808	-	-
722	72148	200888	618	615	337376	424084	48	21	0	12935168	503808	-	-
723	72248	200888	618	615	337376	424084	48	20	0	12935168	503808	-	-
724	72348	200888	618	615	337376	424084	48	20	0	12935168	503808	-	-
725	72448	200888	618	615	337388	424084	48	20	0	12935168	503808	-	-
726	72548	200888	618	615	338512	424084	53	20	0	12935168	503808	-	-
727	72648	200888	618	615	339260	424084	53	20	0	13017088	503808	-	-
728	72749	200888	618	615	339512	424084	53	23	0	13029376	503808	-	-
729	72849	200888	618	615	354872	424084	53	24	0	13246464	503808	-	-
730	73008	200888	618	615	354988	424084	53	20	0	13283328	503808	102646	heap:jstat
731	73049	200888	618	615	354988	424084	53	20	0	13283328	503808	-	-
732	73148	200888	618	615	354988	424084	53	20	0	13283328	503808	-	-
733	73248	200888	618	615	354988	424084	53	20	0	13283328	503808	-	-
734	73349	200888	618	615	354988	424084	53	20	0	13283328	503808	-	-
735	73448	200888	618	615	354992	424084	53	20	0	13283328	503808	-	-
736	73549	200888	618	615	354992	424084	53	20	0	13283328	503808	-	-
737	73648	200888	618	615	354992	424084	53	20	0	13283328	503808	-	-
738	73749	200888	618	615	355008	424084	51	20	0	13283328	503808	-	-
739	73846	200888	618	615	355008	424084	51	20	0	13283328	503808	-	-
740	74005	200888	618	615	363140	424084	49	21	0	13307904	503808	162038	heap:jstat
741	74047	200888	618	615	363184	424084	48	20	0	13307904	503808	-	-
742	74146	200888	618	615	363184	424084	48	20	0	13307904	503808	-	-
743	74246	200888	618	615	363184	424084	48	20	0	13307904	503808	-	-
744	74347	200888	618	615	363188	424084	48	20	0	13307904	503808	-	-
745	74446	200888	618	615	363188	424084	48	20	0	13307904	503808	-	-
746	74547	200888	618	615	363188	424084	48	20	0	13307904	503808	-	-
747	74647	200888	618	615	363188	424084	48	20	0	13307904	503808	-	-
748	74747	200888	618	615	363188	424084	48	20	0	13307904	503808	-	-
749	74848	200888	618	615	363188	424084	48	20	0	13307904	503808	-	-
750	75010	200888	618	615	363188	424084	48	20	0	13307904	503808	65808	heap:jstat
751	75050	200888	618	615	364960	424084	48	21	0	13307904	503808	-	-
752	75150	200888	618	615	364960	424084	48	20	0	13307904	503808	-	-
753	75250	200888	618	615	364960	424084	48	20	0	13307904	503808	-	-
754	75350	200888	618	615	364960	424084	48	20	0	13307904	503808	-	-
755	75450	200888	618	615	364960	424084	48	20	0	13307904	503808	-	-
756	75550	200888	618	615	364960	424084	48	20	0	13307904	503808	-	-
757	75650	200888	618	615	364960	424084	48	21	0	13307904	503808	-	-
758	75750	200888	618	615	364960	424084	48	20	0	13307904	503808	-	-
759	75850	200888	618	615	364960	424084	48	20	0	13307904	503808	-	-
760	76006	200888	618	615	364960	424084	48	20	0	13307904	503808	118032	heap:jstat
761	76051	200888	618	615	323780	424084	48	20	0	13307904	503808	-	-
762	76150	200888	618	615	323780	424084	48	21	0	13307904	503808	-	-
763	76250	200888	618	615	323780	424084	48	20	0	13307904	503808	-	-
764	76350	200888	618	615	323780	424084	48	20	0	13307904	503808	-	-
765	76451	200888	618	615	338932	424084	48	20	0	13307904	503808	-	-
766	76551	200888	618	615	338956	424084	48	20	0	13307904	503808	-	-
767	76650	200888	618	615	338972	424084	48	20	0	13365248	503808	-	-
768	76751	200888	618	615	340364	424084	48	22	0	13430784	503808	-	-
769	76851	200888	618	615	343472	424084	48	20	0	13471744	503808	-	-
770	77014	200888	618	615	343480	424084	48	20	0	13471744	503808	24854	heap:jstat
771	77051	200888	618	615	343488	424084	48	21	0	13471744	503808	-	-
772	77151	200888	618	615	346112	424084	48	20	0	13496320	503808	-	-
773	77251	200888	618	615	346112	424084	48	20	0	13496320	503808	-	-
774	77351	200888	618	615	346112	424084	48	20	0	13496320	503808	-	-
775	77451	200888	618	615	346112	424084	48	20	0	13496320	503808	-	-
776	77551	200888	618	615	346112	424084	48	20	0	13496320	503808	-	-
777	77651	200888	618	615	346112	424084	48	20	0	13496320	503808	-	-
778	77751	200888	618	615	346112	424084	48	20	0	13496320	503808	-	-
779	77851	200888	618	615	346112	424084	48	20	0	13496320	503808	-	-
780	78012	200888	618	615	346112	424084	48	20	0	13496320	503808	85270	heap:jstat
781	78052	200888	618	615	346116	424084	48	20	0	13496320	503808	-	-
782	78152	200888	618	615	323928	424084	48	21	0	13496320	503808	-	-
783	78252	200888	618	615	371852	424084	48	20	0	13496320	503808	-	-
784	78352	200888	618	615	371852	424084	48	20	0	13496320	503808	-	-
785	78452	200888	618	615	371852	424084	48	21	0	13496320	503808	-	-
786	78552	200888	618	615	371852	424084	48	20	0	13496320	503808	-	-
787	78652	200888	618	615	371852	424084	48	20	0	13496320	503808	-	-
788	78752	200888	618	615	371852	424084	48	20	0	13496320	503808	-	-
789	78852	200888	618	615	371852	424084	48	20	0	13496320	503808	-	-
790	79010	200888	618	615	371852	424084	48	20	0	13496320	503808	150806	heap:jstat
791	79052	200888	618	615	371852	424084	48	20	0	13496320	503808	-	-
792	79152	200888	618	615	371852	424084	48	20	0	13496320	503808	-	-
793	79252	200888	618	615	323952	424084	48	20	0	13496320	503808	-	-
794	79352	200888	618	615	323952	424084	48	20	0	13496320	503808	-	-
795	79453	200888	618	615	323952	424084	48	20	0	13496320	503808	-	-
796	79553	200888	618	615	323952	424084	48	20	0	13496320	503808	-	-
797	79653	200888	618	615	323952	424084	48	21	0	13496320	503808	-	-
798	79753	200888	618	615	323952	424084	48	20	0	13496320	503808	-	-
799	79853	200888	618	615	323952	424084	48	20	0	13496320	503808	-	-
800	80021	200888	618	615	323952	424084	48	20	0	13496320	503808	56606	heap:jstat
801	80053	200888	618	615	323952	424084	48	20	0	13496320	503808	-	-
802	80153	200888	618	615	323952	424084	48	20	0	13496320	503808	-	-
803	80253	200888	618	615	323952	424084	48	22	0	13496320	503808	-	-
804	80353	200888	618	615	323952	424084	48	20	0	13496320	503808	-	-
805	80453	200888	618	615	341368	424084	48	20	0	13496320	503808	-	-
806	80553	200888	618	615	341556	424084	48	20	0	13496320	503808	-	-
807	80653	200888	618	615	341576	424084	48	20	0	13553664	503808	-	-
808	80753	200888	618	615	343048	424084	48	21	0	13561856	503808	-	-
809	80854	200888	618	615	343940	424084	48	23	0	13643776	503808	-	-
810	81011	200888	618	615	344204	424084	48	20	0	13660160	503808	123166	heap:jstat
811	81054	200888	618	615	344204	424084	48	20	0	13660160	503808	-	-
812	81153	200888	618	615	344636	424084	48	20	0	13660160	503808	-	-
813	81254	200888	618	615	344636	424084	48	20	0	13660160	503808	-	-
814	81354	200888	618	615	354012	424084	48	23	0	13684736	503808	-	-
815	81454	200888	618	615	354012	424084	48	21	0	13684736	503808	-	-
816	81554	200888	618	615	354020	424084	48	20	0	13684736	503808	-	-
817	81654	200888	618	615	354020	424084	48	20	0	13684736	503808	-	-
818	81754	200888	618	615	354020	424084	48	20	0	13684736	503808	-	-
819	81854	200888	618	615	354020	424084	48	20	0	13684736	503808	-	-
820	82011	200888	618	615	354204	424084	48	20	0	13684736	503808	35115	heap:jstat
821	82054	200888	618	615	354204	424084	48	20	0	13684736	503808	-	-
822	82154	200888	618	615	354208	424084	48	20	0	13684736	503808	-	-
823	82254	200888	618	615	354208	424084	48	20	0	13684736	503808	-	-
824	82354	200888	618	615	354208	424084	48	20	0	13684736	503808	-	-
825	82454	200888	618	615	354208	424084	48	20	0	13684736	503808	-	-
826	82554	200888	618	615	354208	424084	48	20	0	13684736	503808	-	-
827	82654	200888	618	615	354208	424084	48	20	0	13684736	503808	-	-
828	82755	200888	618	615	354208	424084	48	20	0	13684736	503808	-	-
829	82855	200888	618	615	354208	424084	48	20	0	13684736	503808	-	-
830	83008	200888	618	615	324148	424084	48	20	0	13684736	503808	100651	heap:jstat
831	83055	200888	618	615	324148	424084	48	20	0	13684736	503808	-	-
832	83155	200888	618	615	324148	424084	48	21	0	13684736	503808	-	-
833	83255	200888	618	615	324148	424084	48	20	0	13684736	503808	-	-
834	83355	200888	618	615	324148	424084	48	20	0	13684736	503808	-	-
835	83455	200888	618	615	324148	424084	48	20	0	13684736	503808	-	-
836	83555	200888	618	615	324148	424084	48	20	0	13684736	503808	-	-
837	83655	200888	618	615	324148	424084	48	20	0	13684736	503808	-	-
838	83755	200888	618	615	324148	424084	48	21	0	13684736	503808	-	-
839	83855	200888	618	615	324148	424084	48	20	0	13684736	503808	-	-
840	84011	200888	618	615	324148	424084	48	20	0	13684736	503808	9497	heap:jstat
841	84055	200888	618	615	324156	424084	48	20	0	13684736	503808	-	-
842	84155	200888	618	615	324156	424084	48	20	0	13684736	503808	-	-
843	84256	200888	618	615	324156	424084	48	20	0	13684736	503808	-	-
844	84356	200888	618	615	324156	424084	48	21	0	13684736	503808	-	-
845	84456	200888	618	615	340036	424084	48	21	0	13684736	503808	-	-
846	84556	200888	618	615	340312	424084	48	20	0	13742080	503808	-	-
847	84655	200888	618	615	340312	424084	48	20	0	13742080	503808	-	-
848	84755	200888	618	615	346284	424084	48	22	0	13807616	503808	-	-
849	84853	200888	618	615	346284	424084	48	20	0	13848576	503808	-	-
850	85014	200888	618	615	346600	424084	48	20	0	13848576	503808	79129	heap:jstat
851	85053	200888	618	615	349724	424084	49	20	0	13848576	503808	-	-
852	85153	200888	618	615	349724	424084	49	20	0	13848576	503808	-	-
853	85253	200888	618	615	349724	424084	49	20	0	13848576	503808	-	-
854	85353	200888	618	615	349724	424084	49	20	0	13848576	503808	-	-
855	85455	200888	618	615	349728	424084	49	20	0	13848576	503808	-	-
856	85556	200888	618	615	353644	424084	48	23	0	13873152	503808	-	-
857	85656	200888	618	615	368604	424084	48	20	0	13873152	503808	-	-
858	85756	200888	618	615	368604	424084	48	20	0	13873152	503808	-	-
859	85856	200888	618	615	368604	424084	48	20	0	13873152	503808	-	-
860	86013	200888	618	615	368604	424084	48	20	0	13873152	503808	146713	heap:jstat
861	86057	200888	618	615	368604	424084	48	20	0	13873152	503808	-	-
862	86156	200888	618	615	368604	424084	48	21	0	13873152	503808	-	-
863	86256	200888	618	615	368604	424084	48	20	0	13873152	503808	-	-
864	86357	200888	618	615	368616	424084	48	20	0	13873152	503808	-	-
865	86456	200888	618	615	368616	424084	48	20	0	13873152	503808	-	-
866	86557	200888	618	615	368616	424084	48	20	0	13873152	503808	-	-
867	86656	200888	618	615	324300	424084	48	20	0	13873152	503808	-	-
868	86757	200888	618	615	324300	424084	48	21	0	13873152	503808	-	-
869	86857	200888	618	615	324300	424084	48	20	0	13873152	503808	-	-
870	87015	200888	618	615	324300	424084	48	20	0	13873152	503808	58687	heap:jstat
871	87057	200888	618	615	324300	424084	48	20	0	13873152	503808	-	-
872	87157	200888	618	615	324300	424084	48	20	0	13873152	503808	-	-
873	87257	200888	618	615	324300	424084	48	20	0	13873152	503808	-	-
874	87357	200888	618	615	324300	424084	48	20	0	13873152	503808	-	-
875	87457	200888	618	615	324300	424084	48	20	0	13873152	503808	-	-
876	87557	200888	618	615	324300	424084	48	20	0	13873152	503808	-	-
877	87657	200888	618	615	324300	424084	48	23	0	13873152	503808	-	-
878	87758	200888	618	615	324300	424084	48	20	0	13873152	503808	-	-
879	87857	200888	618	615	324300	424084	48	20	0	13873152	503808	-	-
880	88017	200888	618	615	339040	424084	48	20	0	13873152	503808	126271	heap:jstat
881	88058	200888	618	615	339040	424084	48	20	0	13873152	503808	-	-
882	88160	200888	618	615	339040	424084	48	20	0	13873152	503808	-	-
883	88258	200888	618	615	339040	424084	48	20	0	13873152	503808	-	-
884	88358	200888	618	615	339040	424084	48	20	0	13873152	503808	-	-
885	88458	200888	618	615	341632	424084	48	20	0	13873152	503808	-	-
886	88558	200888	618	615	341668	424084	48	21	0	13926400	503808	-	-
887	88658	200888	618	615	341712	424084	48	20	0	13930496	503808	-	-
888	88758	200888	618	615	341724	424084	48	24	0	13938688	503808	-	-
889	88858	200888	618	615	341736	424084	48	21	0	14008320	503808	-	-
890	89015	200888	618	615	342452	424084	48	20	0	14036992	503808	42288	heap:jstat
891	89058	200888	618	615	342452	424084	48	20	0	14036992	503808	-	-
892	89158	200888	618	615	342468	424084	48	21	0	14036992	503808	-	-
893	89259	200888	618	615	342468	424084	48	20	0	14036992	503808	-	-
894	89358	200888	618	615	342468	424084	48	20	0	14036992	503808	-	-
895	89458	200888	618	615	342468	424084	48	20	0	14036992	503808	-	-
896	89559	200888	618	615	342468	424084	48	20	0	14036992	503808	-	-
897	89658	200888	618	615	342468	424084	48	20	0	14036992	503808	-	-
898	89758	200888	618	615	342472	424084	48	20	0	14036992	503808	-	-
899	89859	200888	618	615	342860	424084	48	20	0	14065664	503808	-	-
900	90015	200888	618	615	342860	424084	48	20	0	14065664	503808	112944	heap:jstat
901	90057	200888	618	615	342860	424084	48	20	0	14065664	503808	-	-
902	90158	200888	618	615	342860	424084	48	20	0	14065664	503808	-	-
903	90259	200888	618	615	342860	424084	48	20	0	14065664	503808	-	-
904	90359	200888	618	615	342860	424084	48	20	0	14065664	503808	-	-
905	90459	200888	618	615	342860	424084	48	20	0	14065664	503808	-	-
906	90559	200888	618	615	342860	424084	48	20	0	14065664	503808	-	-
907	90659	200888	618	615	342860	424084	48	20	0	14065664	503808	-	-
908	90759	200888	618	615	342860	424084	48	21	0	14065664	503808	-	-
909	90859	200888	618	615	324592	424084	48	20	0	14065664	503808	-	-
910	91015	200888	618	615	324592	424084	48	20	0	14065664	503808	26947	heap:jstat
911	91059	200888	618	615	324592	424084	48	20	0	14065664	503808	-	-
912	91157	200888	618	615	324592	424084	48	20	0	14065664	503808	-	-
913	91257	200888	618	615	340328	424084	48	21	0	14069760	503808	-	-
914	91357	200888	618	615	340328	424084	48	20	0	14069760	503808	-	-
915	91457	200888	618	615	340328	424084	48	20	0	14069760	503808	-	-
916	91557	200888	618	615	340328	424084	48	20	0	14069760	503808	-	-
917	91657	200888	618	615	340328	424084	48	20	0	14069760	503808	-	-
918	91757	200888	618	615	340328	424084	48	20	0	14069760	503808	-	-
919	91859	200888	618	615	340328	424084	48	21	0	14069760	503808	-	-
920	92016	200888	618	615	348788	424084	48	20	0	14073856	503808	97603	heap:jstat
921	92060	200888	618	615	348788	424084	48	20	0	14073856	503808	-	-
922	92160	200888	618	615	348788	424084	48	20	0	14073856	503808	-	-
923	92260	200888	618	615	348788	424084	48	20	0	14073856	503808	-	-
924	92360	200888	618	615	348788	424084	48	20	0	14073856	503808	-	-
925	92460	200888	618	615	348816	424084	48	20	0	14073856	503808	-	-
926	92560	200888	618	615	348672	424084	48	20	0	14131200	503808	-	-
927	92660	200888	618	615	348672	424084	48	20	0	14131200	503808	-	-
928	92761	200888	618	615	354392	424084	49	22	0	14200832	503808	-	-
929	92860	200888	618	615	354396	424084	49	20	0	14241792	503808	-	-
930	93016	200888	618	615	354400	424084	49	21	0	14241792	503808	10579	heap:jstat
931	93060	200888	618	615	354556	424084	49	20	0	14270464	503808	-	-
932	93158	200888	618	615	354556	424084	49	20	0	14270464	503808	-	-
933	93258	200888	618	615	354556	424084	49	20	0	14270464	503808	-	-
934	93361	200888	618	615	354556	424084	49	21	0	14270464	503808	-	-
935	93461	200888	618	615	354556	424084	49	20	0	14270464	503808	-	-
936	93561	200888	618	615	354556	424084	49	20	0	14270464	503808	-	-
937	93661	200888	618	615	354556	424084	49	20	0	14270464	503808	-	-
938	93761	200888	618	615	354556	424084	49	20	0	14270464	503808	-	-
939	93861	200888	618	615	354556	424084	49	20	0	14270464	503808	-	-
940	94018	200888	618	615	354556	424084	49	20	0	14270464	503808	76115	heap:jstat
941	94061	200888	618	615	324660	424084	49	21	0	14270464	503808	-	-
942	94162	200888	618	615	367672	424084	48	20	0	14270464	503808	-	-
943	94261	200888	618	615	367672	424084	48	20	0	14270464	503808	-	-
944	94361	200888	618	615	367680	424084	48	20	0	14270464	503808	-	-
945	94462	200888	618	615	367680	424084	48	21	0	14270464	503808	-	-
946	94561	200888	618	615	367680	424084	48	20	0	14270464	503808	-	-
947	94662	200888	618	615	367680	424084	48	20	0	14270464	503808	-	-
948	94762	200888	618	615	367680	424084	48	20	0	14270464	503808	-	-
949	94861	200888	618	615	367680	424084	48	20	0	14270464	503808	-	-
950	95019	200888	618	615	367680	424084	48	21	0	14270464	503808	148819	heap:jstat
951	95062	200888	618	615	367680	424084	48	20	0	14270464	503808	-	-
952	95162	200888	618	615	367684	424084	48	20	0	14270464	503808	-	-
953	95262	200888	618	615	367684	424084	48	20	0	14270464	503808	-	-
954	95362	200888	618	615	367684	424084	48	20	0	14270464	503808	-	-
955	95462	200888	618	615	367684	424084	48	20	0	14270464	503808	-	-
956	95562	200888	618	615	324696	424084	48	20	0	14270464	503808	-	-
957	95662	200888	618	615	324696	424084	48	20	0	14270464	503808	-	-
958	95762	200888	618	615	324696	424084	48	20	0	14270464	503808	-	-
959	95862	200888	618	615	324696	424084	48	20	0	14270464	503808	-	-
960	96020	200888	618	615	324696	424084	48	20	0	14270464	503808	68927	heap:jstat
961	96062	200888	618	615	324696	424084	48	20	0	14270464	503808	-	-
962	96160	200888	618	615	324696	424084	48	21	0	14270464	503808	-	-
963	96260	200888	618	615	324696	424084	48	20	0	14270464	503808	-	-
964	96360	200888	618	615	324696	424084	48	20	0	14270464	503808	-	-
965	96460	200888	618	615	324756	424084	49	20	0	14270464	503808	-	-
966	96560	200888	618	615	324800	424084	49	20	0	14327808	503808	-	-
967	96660	200888	618	615	324808	424084	49	20	0	14327808	503808	-	-
968	96760	200888	618	615	324916	424084	49	22	0	14393344	503808	-	-
969	96860	200888	618	615	324920	424084	49	20	0	14434304	503808	-	-
970	97017	200888	618	615	325128	424084	50	20	0	14434304	503808	143679	heap:jstat
971	97063	200888	618	615	342616	424084	50	20	0	14434304	503808	-	-
972	97160	200888	618	615	342640	424084	50	20	0	14434304	503808	-	-
973	97260	200888	618	615	342656	424084	50	21	0	14458880	503808	-	-
974	97360	200888	618	615	342656	424084	50	20	0	14458880	503808	-	-
975	97460	200888	618	615	342660	424084	50	20	0	14458880	503808	-	-
976	97561	200888	618	615	342660	424084	50	20	0	14458880	503808	-	-
977	97661	200888	618	615	342660	424084	50	20	0	14458880	503808	-	-
978	97761	200888	618	615	342660	424084	50	20	0	14458880	503808	-	-
979	97861	200888	618	615	342660	424084	50	20	0	14458880	503808	-	-
980	98018	200888	618	615	342660	424084	50	20	0	14458880	503808	64863	heap:jstat
981	98063	200888	618	615	342660	424084	50	20	0	14458880	503808	-	-
982	98164	200888	618	615	342660	424084	50	21	0	14458880	503808	-	-
983	98263	200888	618	615	325184	424084	50	20	0	14458880	503808	-	-
984	98364	200888	618	615	325184	424084	50	20	0	14594048	503808	-	-
985	98464	200888	618	615	325184	424084	50	20	0	14594048	503808	-	-
986	98564	200888	618	615	325184	424084	50	21	0	14594048	503808	-	-
987	98664	200888	618	615	325184	424084	50	20	0	14594048	503808	-	-
988	98764	200888	618	615	325184	424084	50	20	0	14594048	503808	-	-
989	98864	200888	618	615	325184	424084	50	20	0	14594048	503808	-	-
990	99025	200888	618	615	325184	424084	50	20	0	14594048	503808	139615	heap:jstat
991	99064	200888	618	615	325184	424084	50	20	0	14594048	503808	-	-
992	99164	200888	618	615	325184	424084	50	20	0	14594048	503808	-	-
993	99264	200888	618	615	325184	424084	50	20	0	14594048	503808	-	-
994	99364	200888	618	615	325188	424084	50	21	0	14594048	503808	-	-
995	99465	200888	618	615	325188	424084	50	20	0	14594048	503808	-	-
996	99565	200888	618	615	325188	424084	50	21	0	14594048	503808	-	-
997	99665	200888	618	615	325188	424084	50	20	0	14594048	503808	-	-
998	99765	200888	618	615	325188	424084	50	20	0	14594048	503808	-	-
999	99865	200888	618	615	325188	424084	50	20	0	14594048	503808	-	-
1000	100025	200888	618	615	325188	424084	50	20	0	14594048	503808	59715	heap:jstat
1001	100063	200888	618	615	325188	424084	50	20	0	14594048	503808	-	-
1002	100164	200888	618	615	325188	424084	50	20	0	14594048	503808	-	-
1003	100265	200888	618	615	325188	424084	50	20	0	14594048	503808	-	-
1004	100365	200888	618	615	325188	424084	50	20	0	14594048	503808	-	-
1005	100465	200888	618	615	340724	424084	50	20	0	14594048	503808	-	-
1006	100565	200888	618	615	343144	424084	50	20	0	14659584	503808	-	-
1007	100665	200888	618	615	343144	424084	50	20	0	14659584	503808	-	-
1008	100766	200888	618	615	345176	424084	50	22	0	14729216	503808	-	-
1009	100865	200888	618	615	345212	424084	50	20	0	14766080	503808	-	-
1010	101024	200888	618	615	345224	424084	50	20	0	14766080	503808	136515	heap:jstat
1011	101066	200888	618	615	346412	424084	50	20	0	14766080	503808	-	-
1012	101165	200888	618	615	346412	424084	50	21	0	14766080	503808	-	-
1013	101265	200888	618	615	346412	424084	50	20	0	14766080	503808	-	-
1014	101366	200888	618	615	346416	424084	50	20	0	14766080	503808	-	-
1015	101466	200888	618	615	346420	424084	50	21	0	14766080	503808	-	-
1016	101566	200888	618	615	346424	424084	50	20	0	14790656	503808	-	-
1017	101666	200888	618	615	346424	424084	50	20	0	14790656	503808	-	-
1018	101766	200888	618	615	346424	424084	50	20	0	14790656	503808	-	-
1019	101866	200888	618	615	346424	424084	50	21	0	14790656	503808	-	-
1020	102022	200888	618	615	346424	424084	50	20	0	14790656	503808	56678	heap:jstat
1021	102066	200888	618	615	326424	424084	50	20	0	14790656	503808	-	-
1022	102166	200888	618	615	326424	424084	50	20	0	14790656	503808	-	-
1023	102266	200888	618	615	326424	424084	50	20	0	14790656	503808	-	-
1024	102364	200888	618	615	326424	424084	50	21	0	14790656	503808	-	-
1025	102466	200888	618	615	326424	424084	50	20	0	14790656	503808	-	-
1026	102566	200888	618	615	326424	424084	50	21	0	14790656	503808	-	-
1027	102666	200888	618	615	326424	424084	50	20	0	14790656	503808	-	-
1028	102766	200888	618	615	326424	424084	50	20	0	14790656	503808	-	-
1029	102867	200888	618	615	326424	424084	50	20	0	14790656	503808	-	-
1030	103025	200888	618	615	326424	424084	50	20	0	14790656	503808	134502	heap:jstat
1031	103067	200888	618	615	326424	424084	50	20	0	14790656	503808	-	-
1032	103167	200888	618	615	326424	424084	50	20	0	14790656	503808	-	-
1033	103267	200888	618	615	326424	424084	50	20	0	14790656	503808	-	-
1034	103367	200888	618	615	326424	424084	50	20	0	14790656	503808	-	-
1035	103467	200888	618	615	326424	424084	50	20	0	14790656	503808	-	-
1036	103567	200888	618	615	326432	424084	50	20	0	14790656	503808	-	-
1037	103667	200888	618	615	326432	424084	50	20	0	14790656	503808	-	-
1038	103767	200888	618	615	326432	424084	50	20	0	14790656	503808	-	-
1039	103867	200888	618	615	326432	424084	50	20	0	14790656	503808	-	-
1040	104024	200888	618	615	326432	424084	50	20	0	14790656	503808	57675	heap:jstat
1041	104067	200888	618	615	326432	424084	50	20	0	14790656	503808	-	-
1042	104167	200888	618	615	326432	424084	50	20	0	14790656	503808	-	-
1043	104268	200888	618	615	325460	424084	50	20	0	14790656	503808	-	-
1044	104368	200888	618	615	325460	424084	50	21	0	14790656	503808	-	-
1045	104468	200888	618	615	325488	424084	50	20	0	14790656	503808	-	-
1046	104567	200888	618	615	325544	424084	50	20	0	14848000	503808	-	-
1047	104667	200888	618	615	325544	424084	50	21	0	14848000	503808	-	-
1048	104768	200888	618	615	341004	424084	50	23	0	14860288	503808	-	-
1049	104868	200888	618	615	342032	424084	50	20	0	14954496	503808	-	-
1050	105027	200888	618	615	342036	424084	50	21	0	14954496	503808	135499	heap:jstat
1051	105068	200888	618	615	343192	424084	50	20	0	14954496	503808	-	-
1052	105168	200888	618	615	343192	424084	50	20	0	14954496	503808	-	-
1053	105268	200888	618	615	343192	424084	50	20	0	14954496	503808	-	-
1054	105368	200888	618	615	343192	424084	50	20	0	14954496	503808	-	-
1055	105468	200888	618	615	343200	424084	50	21	0	14954496	503808	-	-
1056	105568	200888	618	615	343200	424084	50	20	0	14954496	503808	-	-
1057	105668	200888	618	615	343200	424084	50	20	0	14954496	503808	-	-
1058	105768	200888	618	615	351916	424084	48	22	0	14979072	503808	-	-
1059	105868	200888	618	615	351920	424084	48	20	0	14991360	503808	-	-
1060	106027	200888	618	615	351920	424084	48	20	0	14991360	503808	61809	heap:jstat
1061	106069	200888	618	615	351920	424084	48	20	0	14991360	503808	-	-
1062	106168	200888	618	615	351920	424084	48	20	0	14991360	503808	-	-
1063	106268	200888	618	615	351920	424084	48	20	0	14991360	503808	-	-
1064	106369	200888	618	615	351920	424084	48	20	0	14991360	503808	-	-
1065	106468	200888	618	615	351920	424084	48	20	0	14991360	503808	-	-
1066	106569	200888	618	615	351920	424084	48	20	0	14991360	503808	-	-
1067	106669	200888	618	615	351920	424084	48	20	0	14991360	503808	-	-
1068	106769	200888	618	615	325632	424084	48	20	0	14991360	503808	-	-
1069	106870	200888	618	615	357912	424084	48	20	0	14991360	503808	-	-
1070	107026	200888	618	615	360828	424084	48	20	0	14991360	503808	142705	heap:jstat
1071	107069	200888	618	615	360828	424084	48	20	0	14991360	503808	-	-
1072	107169	200888	618	615	360828	424084	48	20	0	14991360	503808	-	-
1073	107269	200888	618	615	360828	424084	48	20	0	14991360	503808	-	-
1074	107369	200888	618	615	360840	424084	48	20	0	14991360	503808	-	-
1075	107469	200888	618	615	360840	424084	48	20	0	14991360	503808	-	-
1076	107569	200888	618	615	360840	424084	48	20	0	14991360	503808	-	-
1077	107669	200888	618	615	360840	424084	48	20	0	14991360	503808	-	-
1078	107769	200888	618	615	360840	424084	48	20	0	14991360	503808	-	-
1079	107869	200888	618	615	360840	424084	48	21	0	14991360	503808	-	-
1080	108027	200888	618	615	360900	424084	48	20	0	14991360	503808	67931	heap:jstat
1081	108070	200888	618	615	360900	424084	48	20	0	14991360	503808	-	-
1082	108169	200888	618	615	360900	424084	48	20	0	14991360	503808	-	-
1083	108269	200888	618	615	360900	424084	48	20	0	14991360	503808	-	-
1084	108370	200888	618	615	360900	424084	48	20	0	14991360	503808	-	-
1085	108470	200888	618	615	360900	424084	48	20	0	14991360	503808	-	-
1086	108570	200888	618	615	360908	424084	48	20	0	15060992	503808	-	-
1087	108670	200888	618	615	360908	424084	48	20	0	15060992	503808	-	-
1088	108770	200888	618	615	369084	424084	48	21	0	15130624	503808	-	-
1089	108870	200888	618	615	369100	424084	48	20	0	15167488	503808	-	-
1090	109033	200888	618	615	369112	424084	48	22	0	15187968	503808	150875	heap:jstat
1091	109070	200888	618	615	369124	424084	48	20	0	15192064	503808	-	-
1092	109170	200888	618	615	369124	424084	48	20	0	15192064	503808	-	-
1093	109271	200888	618	615	369140	424084	48	20	0	15192064	503808	-	-
1094	109370	200888	618	615	369140	424084	48	20	0	15192064	503808	-	-
1095	109470	200888	618	615	369144	424084	48	20	0	15192064	503808	-	-
1096	109570	200888	618	615	369144	424084	48	20	0	15192064	503808	-	-
1097	109670	200888	618	615	369144	424084	48	20	0	15192064	503808	-	-
1098	109770	200888	618	615	369144	424084	48	20	0	15192064	503808	-	-
1099	109871	200888	618	615	369144	424084	48	21	0	15192064	503808	-	-
1100	110027	200888	618	615	369144	424084	48	20	0	15192064	503808	65925	heap:jstat
1101	110069	200888	618	615	369144	424084	48	20	0	15192064	503808	-	-
1102	110171	200888	618	615	369144	424084	48	20	0	15192064	503808	-	-
1103	110270	200888	618	615	369144	424084	48	20	0	15192064	503808	-	-
1104	110371	200888	618	615	369144	424084	48	21	0	15192064	503808	-	-
1105	110471	200888	618	615	369144	424084	48	20	0	15192064	503808	-	-
1106	110571	200888	618	615	369144	424084	48	20	0	15192064	503808	-	-
1107	110672	200888	618	615	325768	424084	48	20	0	15192064	503808	-	-
1108	110771	200888	618	615	325768	424084	48	20	0	15192064	503808	-	-
1109	110871	200888	618	615	325768	424084	48	21	0	15192064	503808	-	-
1110	111027	200888	618	615	325768	424084	48	20	0	15192064	503808	148869	heap:jstat
1111	111072	200888	618	615	325768	424084	48	20	0	15192064	503808	-	-
1112	111172	200888	618	615	368844	424084	48	20	0	15192064	503808	-	-
1113	111272	200888	618	615	378284	424084	48	20	0	15192064	503808	-	-
1114	111371	200888	618	615	378284	424084	48	20	0	15192064	503808	-	-
1115	111471	200888	618	615	378284	424084	48	20	0	15192064	503808	-	-
1116	111571	200888	618	615	378284	424084	48	20	0	15192064	503808	-	-
1117	111672	200888	618	615	378284	424084	48	20	0	15192064	503808	-	-
1118	111772	200888	618	615	378284	424084	48	20	0	15192064	503808	-	-
1119	111872	200888	618	615	378284	424084	48	20	0	15192064	503808	-	-
1120	112029	200888	618	615	378284	424084	48	20	0	15192064	503808	77161	heap:jstat
1121	112072	200888	618	615	378284	424084	48	20	0	15192064	503808	-	-
1122	112172	200888	618	615	378284	424084	48	21	0	15192064	503808	-	-
1123	112272	200888	618	615	325784	424084	48	21	0	15192064	503808	-	-
1124	112371	200888	618	615	325784	424084	48	20	0	15192064	503808	-	-
1125	112472	200888	618	615	342708	424084	48	20	0	15192064	503808	-	-
1126	112572	200888	618	615	343828	424084	48	20	0	15249408	503808	-	-
1127	112672	200888	618	615	343828	424084	48	20	0	15249408	503808	-	-
1128	112770	200888	618	615	344372	424084	48	21	0	15319040	503808	-	-
1129	112869	200888	618	615	344372	424084	48	20	0	15355904	503808	-	-
1130	113032	200888	618	615	344536	424084	48	20	0	15355904	503808	162153	heap:jstat
1131	113073	200888	618	615	345540	424084	48	20	0	15355904	503808	-	-
1132	113173	200888	618	615	345540	424084	48	20	0	15355904	503808	-	-
1133	113273	200888	618	615	345544	424084	48	21	0	15376384	503808	-	-
1134	113373	200888	618	615	345368	424084	48	20	0	15380480	503808	-	-
1135	113473	200888	618	615	345368	424084	48	20	0	15380480	503808	-	-
1136	113573	200888	618	615	345368	424084	48	20	0	15380480	503808	-	-
1137	113673	200888	618	615	345368	424084	48	20	0	15380480	503808	-	-
1138	113773	200888	618	615	345368	424084	48	20	0	15380480	503808	-	-
1139	113873	200888	618	615	345368	424084	48	20	0	15380480	503808	-	-
1140	114033	200888	618	615	345368	424084	48	20	0	15380480	503808	93581	heap:jstat
1141	114073	200888	618	615	325708	424084	48	20	0	15380480	503808	-	-
1142	114173	200888	618	615	325708	424084	48	20	0	15380480	503808	-	-
1143	114273	200888	618	615	325708	424084	48	20	0	15380480	503808	-	-
1144	114373	200888	618	615	325860	424084	48	20	0	15380480	503808	-	-
1145	114473	200888	618	615	325860	424084	48	20	0	15380480	503808	-	-
1146	114573	200888	618	615	325860	424084	48	20	0	15380480	503808	-	-
1147	114673	200888	618	615	325860	424084	48	20	0	15380480	503808	-	-
1148	114773	200888	618	615	325860	424084	48	20	0	15380480	503808	-	-
1149	114874	200888	618	615	325860	424084	48	20	0	15380480	503808	-	-
1150	115032	200888	618	615	325860	424084	48	20	0	15380480	503808	23923	heap:jstat
1151	115074	200888	618	615	325860	424084	48	20	0	15380480	503808	-	-
1152	115173	200888	618	615	325860	424084	48	20	0	15380480	503808	-	-
1153	115274	200888	618	615	325860	424084	48	20	0	15380480	503808	-	-
1154	115374	200888	618	615	325860	424084	48	21	0	15380480	503808	-	-
1155	115474	200888	618	615	340724	424084	48	20	0	15380480	503808	-	-
1156	115574	200888	618	615	340724	424084	48	20	0	15380480	503808	-	-
1157	115674	200888	618	615	340724	424084	48	20	0	15380480	503808	-	-
1158	115774	200888	618	615	340728	424084	48	20	0	15380480	503808	-	-
1159	115873	200888	618	615	340728	424084	48	20	0	15380480	503808	-	-
1160	116036	200888	618	615	340728	424084	48	20	0	15380480	503808	109939	heap:jstat
1161	116075	200888	618	615	340728	424084	48	20	0	15380480	503808	-	-
1162	116174	200888	618	615	340728	424084	48	20	0	15380480	503808	-	-
1163	116274	200888	618	615	340728	424084	48	20	0	15380480	503808	-	-
1164	116374	200888	618	615	340728	424084	48	20	0	15380480	503808	-	-
1165	116475	200888	618	615	340816	424084	48	20	0	15380480	503808	-	-
1166	116574	200888	618	615	340832	424084	48	20	0	15441920	503808	-	-
1167	116674	200888	618	615	340840	424084	48	20	0	15441920	503808	-	-
1168	116775	200888	618	615	340856	424084	48	22	0	15511552	503808	-	-
1169	116875	200888	618	615	341196	424084	48	20	0	15548416	503808	-	-
1170	117036	200888	618	615	341244	424084	48	20	0	15548416	503808	42365	heap:jstat
1171	117075	200888	618	615	341244	424084	48	20	0	15548416	503808	-	-
1172	117174	200888	618	615	341244	424084	48	20	0	15548416	503808	-	-
1173	117275	200888	618	615	341244	424084	48	20	0	15548416	503808	-	-
1174	117375	200888	618	615	341236	424084	48	20	0	15548416	503808	-	-
1175	117475	200888	618	615	341252	424084	48	21	0	15548416	503808	-	-
1176	117576	200888	618	615	362708	424084	48	20	0	15572992	503808	-	-
1177	117675	200888	618	615	362708	424084	48	20	0	15572992	503808	-	-
1178	117775	200888	618	615	362708	424084	48	20	0	15572992	503808	-	-
1179	117875	200888	618	615	362708	424084	48	21	0	15572992	503808	-	-
1180	118033	200888	618	615	362708	424084	48	20	0	15572992	503808	127357	heap:jstat
1181	118076	200888	618	615	362708	424084	48	20	0	15572992	503808	-	-
1182	118175	200888	618	615	362700	424084	48	20	0	15572992	503808	-	-
1183	118275	200888	618	615	362708	424084	48	20	0	15572992	503808	-	-
1184	118375	200888	618	615	362712	424084	48	21	0	15572992	503808	-	-
1185	118475	200888	618	615	362712	424084	48	20	0	15572992	503808	-	-
1186	118576	200888	618	615	362860	424084	48	21	0	15572992	503808	-	-
1187	118676	200888	618	615	362868	424084	48	20	0	15572992	503808	-	-
1188	118776	200888	618	615	362868	424084	48	20	0	15572992	503808	-	-
1189	118876	200888	618	615	362860	424084	48	20	0	15572992	503808	-	-
1190	119037	200888	618	615	362860	424084	48	20	0	15572992	503808	60805	heap:jstat
1191	119076	200888	618	615	362860	424084	48	20	0	15572992	503808	-	-
1192	119176	200888	618	615	362868	424084	48	20	0	15572992	503808	-	-
1193	119276	200888	618	615	362868	424084	48	21	0	15572992	503808	-	-
1194	119376	200888	618	615	362868	424084	48	20	0	15572992	503808	-	-
1195	119476	200888	618	615	362868	424084	48	20	0	15572992	503808	-	-
1196	119576	200888	618	615	362860	424084	48	20	0	15572992	503808	-	-
1197	119677	200888	618	615	362876	424084	48	20	0	15572992	503808	-	-
1198	119776	200888	618	615	362876	424084	48	20	0	15572992	503808	-	-
1199	119877	200888	618	615	362876	424084	48	20	0	15572992	503808	-	-
1200	120035	200888	618	615	362868	424084	48	20	0	15572992	503808	149893	heap:jstat
1201	120075	200888	618	615	362876	424084	48	20	0	15572992	503808	-	-
1202	120176	200888	618	615	362868	424084	48	21	0	15572992	503808	-	-
1203	120277	200888	618	615	362884	424084	48	20	0	15572992	503808	-	-
1204	120377	200888	618	615	362884	424084	48	20	0	15572992	503808	-	-
1205	120477	200888	618	615	362892	424084	48	20	0	15572992	503808	-	-
1206	120577	200888	618	615	362912	424084	48	20	0	15630336	503808	-	-
1207	120677	200888	618	615	362904	424084	48	21	0	15630336	503808	-	-
1208	120777	200888	618	615	362792	424084	48	23	0	15654912	503808	-	-
1209	120877	200888	618	615	362816	424084	48	21	0	15732736	503808	-	-
1210	121034	200888	618	615	362820	424084	48	20	0	15761408	503808	88443	heap:jstat
1211	121077	200888	618	615	362820	424084	48	20	0	15761408	503808	-	-
1212	121177	200888	618	615	362840	424084	48	20	0	15761408	503808	-	-
1213	121277	200888	618	615	362840	424084	48	20	0	15761408	503808	-	-
1214	121377	200888	618	615	362840	424084	48	20	0	15761408	503808	-	-
1215	121477	200888	618	615	362840	424084	48	20	0	15761408	503808	-	-
1216	121578	200888	618	615	362840	424084	48	20	0	15761408	503808	-	-
1217	121678	200888	618	615	362840	424084	48	20	0	15761408	503808	-	-
1218	121778	200888	618	615	362840	424084	48	20	0	15761408	503808	-	-
1219	121878	200888	618	615	362920	424084	48	22	0	15785984	503808	-	-
1220	122034	200888	618	615	362920	424084	48	20	0	15790080	503808	26015	heap:jstat
1221	122078	200888	618	615	362920	424084	48	21	0	15790080	503808	-	-
1222	122178	200888	618	615	362920	424084	48	20	0	15790080	503808	-	-
1223	122278	200888	618	615	362920	424084	48	20	0	15790080	503808	-	-
1224	122377	200888	618	615	362920	424084	48	20	0	15790080	503808	-	-
1225	122478	200888	618	615	362920	424084	48	20	0	15790080	503808	-	-
1226	122578	200888	618	615	362920	424084	48	20	0	15790080	503808	-	-
1227	122678	200888	618	615	362920	424084	48	20	0	15790080	503808	-	-
1228	122778	200888	618	615	362920	424084	48	20	0	15790080	503808	-	-
1229	122879	200888	618	615	362920	424084	48	20	0	15790080	503808	-	-
1230	123036	200888	618	615	362920	424084	48	20	0	15790080	503808	114079	heap:jstat
1231	123079	200888	618	615	362920	424084	48	20	0	15790080	503808	-	-
1232	123178	200888	618	615	362920	424084	48	20	0	15790080	503808	-	-
1233	123278	200888	618	615	362920	424084	48	20	0	15790080	503808	-	-
1234	123378	200888	618	615	362920	424084	48	21	0	15790080	503808	-	-
1235	123478	200888	618	615	362920	424084	48	20	0	15790080	503808	-	-
1236	123579	200888	618	615	362920	424084	48	20	0	15790080	503808	-	-
1237	123679	200888	618	615	362920	424084	48	20	0	15798272	503808	-	-
1238	123779	200888	618	615	362920	424084	48	20	0	15798272	503808	-	-
1239	123879	200888	618	615	362920	424084	48	20	0	15798272	503808	-	-
1240	124038	200888	618	615	362920	424084	48	23	0	15798272	503808	49537	heap:jstat
1241	124079	200888	618	615	362920	424084	48	20	0	15798272	503808	-	-
1242	124179	200888	618	615	362920	424084	48	20	0	15798272	503808	-	-
1243	124279	200888	618	615	362920	424084	48	21	0	15798272	503808	-	-
1244	124379	200888	618	615	362920	424084	48	20	0	15798272	503808	-	-
1245	124479	200888	618	615	362936	424084	48	20	0	15798272	503808	-	-
1246	124580	200888	618	615	363396	424084	48	20	0	15855616	503808	-	-
1247	124679	200888	618	615	363396	424084	48	21	0	15855616	503808	-	-
1248	124780	200888	618	615	363248	424084	48	22	0	15929344	503808	-	-
1249	124880	200888	618	615	363256	424084	48	20	0	15966208	503808	-	-
1250	125040	200888	618	615	363260	424084	48	20	0	15966208	503808	129409	heap:jstat
1251	125080	200888	618	615	363472	424084	48	22	0	16117760	503808	-	-
1252	125180	200888	618	615	363260	424084	48	20	0	16146432	503808	-	-
1253	125280	200888	618	615	363260	424084	48	20	0	16146432	503808	-	-
1254	125380	200888	618	615	363272	424084	48	20	0	16146432	503808	-	-
1255	125480	200888	618	615	363272	424084	48	20	0	16146432	503808	-	-
1256	125580	200888	618	615	363272	424084	48	20	0	16146432	503808	-	-
1257	125680	200888	618	615	363272	424084	48	20	0	16146432	503808	-	-
1258	125780	200888	618	615	363352	424084	48	21	0	16146432	503808	-	-
1259	125880	200888	618	615	363272	424084	48	20	0	16146432	503808	-	-
1260	126038	200888	618	615	363272	424084	48	20	0	16146432	503808	62892	heap:jstat
1261	126080	200888	618	615	325952	424084	48	20	0	16146432	503808	-	-
1262	126180	200888	618	615	325956	424084	48	23	0	16146432	503808	-	-
1263	126280	200888	618	615	325956	424084	48	20	0	16146432	503808	-	-
1264	126380	200888	618	615	325956	424084	48	20	0	16146432	503808	-	-
1265	126480	200888	618	615	325956	424084	48	20	0	16146432	503808	-	-
1266	126581	200888	618	615	325956	424084	48	20	0	16146432	503808	-	-
1267	126681	200888	618	615	326120	424084	48	21	0	16146432	503808	-	-
1268	126781	200888	618	615	325956	424084	48	20	0	16146432	503808	-	-
1269	126881	200888	618	615	325956	424084	48	20	0	16146432	503808	-	-
1270	127038	200888	618	615	325956	424084	48	20	0	16146432	503808	157100	heap:jstat
1271	127081	200888	618	615	325956	424084	48	20	0	16146432	503808	-	-
1272	127181	200888	618	615	325956	424084	48	20	0	16146432	503808	-	-
1273	127281	200888	618	615	325996	424084	48	20	0	16146432	503808	-	-
1274	127382	200888	618	615	325996	424084	48	20	0	16146432	503808	-	-
1275	127481	200888	618	615	325996	424084	48	20	0	16146432	503808	-	-
1276	127581	200888	618	615	325996	424084	48	20	0	16146432	503808	-	-
1277	127682	200888	618	615	325996	424084	48	20	0	16146432	503808	-	-
1278	127782	200888	618	615	325996	424084	48	20	0	16146432	503808	-	-
1279	127881	200888	618	615	325996	424084	48	20	0	16146432	503808	-	-
1280	128040	200888	618	615	326160	424084	48	21	0	16146432	503808	90503	heap:jstat
1281	128082	200888	618	615	325996	424084	48	20	0	16146432	503808	-	-
1282	128181	200888	618	615	325996	424084	48	20	0	16146432	503808	-	-
1283	128282	200888	618	615	325996	424084	48	23	0	16146432	503808	-	-
1284	128382	200888	618	615	325996	424084	48	21	0	16146432	503808	-	-
1285	128482	200888	618	615	325996	424084	48	20	0	16146432	503808	-	-
1286	128582	200888	618	615	346392	424084	48	20	0	16203776	503808	-	-
1287	128681	200888	618	615	346392	424084	48	20	0	16203776	503808	-	-
1288	128782	200888	618	615	346432	424084	48	22	0	16273408	503808	-	-
1289	128882	200888	618	615	346484	424084	48	20	0	16310272	503808	-	-
1290	129038	200888	618	615	360068	424084	48	20	0	16310272	503808	35245	heap:jstat
1291	129082	200888	618	615	360072	424084	48	20	0	16310272	503808	-	-
1292	129182	200888	618	615	360072	424084	48	20	0	16310272	503808	-	-
1293	129282	200888	618	615	360072	424084	48	20	0	16310272	503808	-	-
1294	129382	200888	618	615	364008	424084	48	22	0	16334848	503808	-	-
1295	129482	200888	618	615	364012	424084	48	20	0	16334848	503808	-	-
1296	129582	200888	618	615	364012	424084	48	20	0	16334848	503808	-	-
1297	129682	200888	618	615	364012	424084	48	21	0	16334848	503808	-	-
1298	129782	200888	618	615	364012	424084	48	20	0	16334848	503808	-	-
1299	129883	200888	618	615	364012	424084	48	20	0	16334848	503808	-	-
1300	130042	200888	618	615	364012	424084	48	20	0	16334848	503808	128429	heap:jstat
1301	130081	200888	618	615	364012	424084	48	20	0	16334848	503808	-	-
1302	130182	200888	618	615	364012	424084	48	20	0	16334848	503808	-	-
1303	130283	200888	618	615	364012	424084	48	20	0	16334848	503808	-	-
1304	130383	200888	618	615	366732	424084	48	20	0	16334848	503808	-	-
1305	130483	200888	618	615	366732	424084	48	20	0	16334848	503808	-	-
1306	130583	200888	618	615	366732	424084	48	20	0	16334848	503808	-	-
1307	130683	200888	618	615	366732	424084	48	20	0	16334848	503808	-	-
1308	130783	200888	618	615	366732	424084	48	20	0	16334848	503808	-	-
1309	130883	200888	618	615	366732	424084	48	20	0	16334848	503808	-	-
1310	131038	200888	618	615	366732	424084	48	21	0	16334848	503808	64937	heap:jstat
1311	131083	200888	618	615	366732	424084	48	20	0	16334848	503808	-	-
1312	131181	200888	618	615	366732	424084	48	20	0	16334848	503808	-	-
1313	131281	200888	618	615	366732	424084	48	20	0	16334848	503808	-	-
1314	131380	200888	618	615	326140	424084	48	21	0	16334848	503808	-	-
1315	131481	200888	618	615	326136	424084	48	21	0	16334848	503808	-	-
1316	131581	200888	618	615	340796	424084	48	20	0	16334848	503808	-	-
1317	131681	200888	618	615	340796	424084	48	20	0	16334848	503808	-	-
1318	131781	200888	618	615	340796	424084	48	20	0	16334848	503808	-	-
1319	131881	200888	618	615	340796	424084	48	20	0	16334848	503808	-	-
1320	132038	200888	618	615	340796	424084	48	20	0	16334848	503808	161193	heap:jstat
1321	132084	200888	618	615	340796	424084	48	20	0	16334848	503808	-	-
1322	132184	200888	618	615	340796	424084	48	20	0	16334848	503808	-	-
1323	132283	200888	618	615	340824	424084	48	21	0	16334848	503808	-	-
1324	132384	200888	618	615	340796	424084	48	20	0	16334848	503808	-	-
1325	132484	200888	618	615	340796	424084	48	20	0	16334848	503808	-	-
1326	132584	200888	618	615	326220	424084	48	21	0	16392192	503808	-	-
1327	132684	200888	618	615	326224	424084	48	20	0	16392192	503808	-	-
1328	132784	200888	618	615	340188	424084	51	21	0	16461824	503808	-	-
1329	132885	200888	618	615	340460	424084	51	23	0	16482304	503808	-	-
1330	133042	200888	618	615	340480	424084	51	20	0	16498688	503808	104853	heap:jstat
1331	133085	200888	618	615	342084	424084	51	20	0	16498688	503808	-	-
1332	133184	200888	618	615	342084	424084	51	20	0	16498688	503808	-	-
1333	133284	200888	618	615	342084	424084	51	20	0	16498688	503808	-	-
1334	133385	200888	618	615	342084	424084	51	20	0	16498688	503808	-	-
1335	133484	200888	618	615	342084	424084	51	20	0	16498688	503808	-	-
1336	133584	200888	618	615	342084	424084	51	21	0	16498688	503808	-	-
1337	133685	200888	618	615	342080	424084	51	21	0	16498688	503808	-	-
1338	133785	200888	618	615	342088	424084	51	20	0	16523264	503808	-	-
1339	133885	200888	618	615	342088	424084	51	20	0	16523264	503808	-	-
1340	134041	200888	618	615	342088	424084	51	21	0	16523264	503808	44475	heap:jstat
1341	134085	200888	618	615	326448	424084	51	20	0	16523264	503808	-	-
1342	134185	200888	618	615	326448	424084	51	20	0	16523264	503808	-	-
1343	134285	200888	618	615	326448	424084	51	20	0	16523264	503808	-	-
1344	134385	200888	618	615	326460	424084	51	21	0	16523264	503808	-	-
1345	134485	200888	618	615	326448	424084	51	20	0	16523264	503808	-	-
1346	134585	200888	618	615	326448	424084	51	20	0	16523264	503808	-	-
1347	134685	200888	618	615	326448	424084	51	20	0	16523264	503808	-	-
1348	134786	200888	618	615	326444	424084	51	22	0	16523264	503808	-	-
1349	134886	200888	618	615	352976	424084	51	20	0	16523264	503808	-	-
1350	135045	200888	618	615	352976	424084	51	20	0	16523264	503808	143803	heap:jstat
1351	135086	200888	618	615	352976	424084	51	20	0	16523264	503808	-	-
1352	135186	200888	618	615	352976	424084	51	21	0	16523264	503808	-	-
1353	135285	200888	618	615	352976	424084	51	20	0	16523264	503808	-	-
1354	135386	200888	618	615	352976	424084	51	20	0	16523264	503808	-	-
1355	135486	200888	618	615	352976	424084	51	20	0	16523264	503808	-	-
1356	135586	200888	618	615	352976	424084	51	20	0	16523264	503808	-	-
1357	135686	200888	618	615	352976	424084	51	20	0	16523264	503808	-	-
1358	135786	200888	618	615	352976	424084	51	20	0	16523264	503808	-	-
1359	135887	200888	618	615	370032	424084	48	21	0	16523264	503808	-	-
1360	136047	200888	618	615	372612	424084	48	20	0	16523264	503808	84371	heap:jstat
1361	136087	200888	618	615	372612	424084	48	20	0	16523264	503808	-	-
1362	136186	200888	618	615	372612	424084	48	20	0	16523264	503808	-	-
1363	136286	200888	618	615	372612	424084	48	20	0	16523264	503808	-	-
1364	136386	200888	618	615	372612	424084	48	20	0	16523264	503808	-	-
1365	136487	200888	618	615	372612	424084	48	20	0	16523264	503808	-	-
1366	136587	200888	618	615	372632	424084	48	20	0	16605184	503808	-	-
1367	136686	200888	618	615	372632	424084	48	20	0	16605184	503808	-	-
1368	136787	200888	618	615	376280	424084	48	21	0	16674816	503808	-	-
1369	136887	200888	618	615	368508	424084	48	21	0	16711680	503808	-	-
1370	137050	200888	618	615	368624	424084	48	23	0	16736256	503808	29101	heap:jstat
1371	137087	200888	618	615	368624	424084	48	20	0	16736256	503808	-	-
1372	137186	200888	618	615	368624	424084	48	20	0	16736256	503808	-	-
1373	137286	200888	618	615	368624	424084	48	20	0	16736256	503808	-	-
1374	137387	200888	618	615	368624	424084	48	20	0	16736256	503808	-	-
1375	137487	200888	618	615	368624	424084	48	20	0	16736256	503808	-	-
1376	137587	200888	618	615	368624	424084	48	20	0	16736256	503808	-	-
1377	137687	200888	618	615	368624	424084	48	20	0	16736256	503808	-	-
1378	137787	200888	618	615	368624	424084	48	20	0	16736256	503808	-	-
1379	137887	200888	618	615	368624	424084	48	20	0	16736256	503808	-	-
1380	138049	200888	618	615	326808	424084	48	21	0	16736256	503808	123309	heap:jstat
1381	138088	200888	618	615	326740	424084	48	20	0	16736256	503808	-	-
1382	138187	200888	618	615	326740	424084	48	20	0	16736256	503808	-	-
1383	138287	200888	618	615	326740	424084	48	20	0	16736256	503808	-	-
1384	138388	200888	618	615	326768	424084	48	21	0	16736256	503808	-	-
1385	138487	200888	618	615	326744	424084	48	20	0	16736256	503808	-	-
1386	138588	200888	618	615	326744	424084	48	20	0	16736256	503808	-	-
1387	138687	200888	618	615	326744	424084	48	20	0	16736256	503808	-	-
1388	138788	200888	618	615	326936	424084	48	21	0	16736256	503808	-	-
1389	138887	200888	618	615	326744	424084	48	20	0	16736256	503808	-	-
1390	139047	200888	618	615	326744	424084	48	20	0	16736256	503808	57765	heap:jstat
1391	139088	200888	618	615	326740	424084	48	21	0	16736256	503808	-	-
1392	139188	200888	618	615	326744	424084	48	20	0	16736256	503808	-	-
1393	139288	200888	618	615	326640	424084	48	20	0	16736256	503808	-	-
1394	139388	200888	618	615	326640	424084	48	20	0	16736256	503808	-	-
1395	139488	200888	618	615	326640	424084	48	20	0	16736256	503808	-	-
1396	139588	200888	618	615	326640	424084	48	20	0	16736256	503808	-	-
1397	139688	200888	618	615	326640	424084	48	20	0	16736256	503808	-	-
1398	139788	200888	618	615	326640	424084	48	20	0	16736256	503808	-	-
1399	139888	200888	618	615	326640	424084	48	20	0	16736256	503808	-	-
1400	140046	200888	618	615	326640	424084	48	20	0	16736256	503808	157093	heap:jstat
1401	140087	200888	618	615	326640	424084	48	20	0	16736256	503808	-	-
1402	140189	200888	618	615	368260	424084	48	23	0	16736256	503808	-	-
1403	140289	200888	618	615	369148	424084	48	20	0	16736256	503808	-	-
1404	140389	200888	618	615	369148	424084	48	20	0	16736256	503808	-	-
1405	140489	200888	618	615	369152	424084	48	21	0	16736256	503808	-	-
1406	140589	200888	618	615	369068	424084	48	20	0	16793600	503808	-	-
1407	140689	200888	618	615	369068	424084	48	20	0	16793600	503808	-	-
1408	140789	200888	618	615	369144	424084	48	21	0	16871424	503808	-	-
1409	140889	200888	618	615	369152	424084	48	20	0	16900096	503808	-	-
1410	141049	200888	618	615	369152	424084	48	20	0	16900096	503808	106911	heap:jstat
1411	141089	200888	618	615	369152	424084	48	20	0	16900096	503808	-	-
1412	141189	200888	618	615	369152	424084	48	21	0	16900096	503808	-	-
1413	141289	200888	618	615	369152	424084	48	20	0	16928768	503808	-	-
1414	141389	200888	618	615	369152	424084	48	20	0	16928768	503808	-	-
1415	141489	200888	618	615	369152	424084	48	20	0	16928768	503808	-	-
1416	141589	200888	618	615	369156	424084	48	20	0	16928768	503808	-	-
1417	141690	200888	618	615	369156	424084	48	20	0	16928768	503808	-	-
1418	141790	200888	618	615	369156	424084	48	20	0	16928768	503808	-	-
1419	141889	200888	618	615	326688	424084	48	20	0	16928768	503808	-	-
1420	142050	200888	618	615	326688	424084	48	20	0	16928768	503808	52670	heap:jstat
1421	142090	200888	618	615	326688	424084	48	20	0	16928768	503808	-	-
1422	142190	200888	618	615	326688	424084	48	20	0	16928768	503808	-	-
1423	142291	200888	618	615	326700	424084	48	21	0	16928768	503808	-	-
1424	142390	200888	618	615	326688	424084	48	20	0	16928768	503808	-	-
1425	142490	200888	618	615	326688	424084	48	20	0	16928768	503808	-	-
1426	142590	200888	618	615	326688	424084	48	20	0	16928768	503808	-	-
1427	142690	200888	618	615	326688	424084	48	20	0	16928768	503808	-	-
1428	142790	200888	618	615	326688	424084	48	20	0	16928768	503808	-	-
1429	142891	200888	618	615	326688	424084	48	20	0	16928768	503808	-	-
1430	143054	200888	618	615	326688	424084	48	20	0	16928768	503808	155070	heap:jstat
1431	143091	200888	618	615	326688	424084	48	20	0	16928768	503808	-	-
1432	143191	200888	618	615	326688	424084	48	20	0	16928768	503808	-	-
1433	143290	200888	618	615	326688	424084	48	20	0	16928768	503808	-	-
1434	143391	200888	618	615	326816	424084	48	22	0	16928768	503808	-	-
1435	143490	200888	618	615	326688	424084	48	20	0	16928768	503808	-	-
1436	143591	200888	618	615	326688	424084	48	20	0	16928768	503808	-	-
1437	143690	200888	618	615	326688	424084	48	20	0	16928768	503808	-	-
1438	143791	200888	618	615	326792	424084	48	21	0	16928768	503808	-	-
1439	143890	200888	618	615	326688	424084	48	20	0	16928768	503808	-	-
1440	144050	200888	618	615	326688	424084	48	20	0	16928768	503808	100769	heap:jstat
1441	144091	200888	618	615	326688	424084	48	20	0	16928768	503808	-	-
1442	144191	200888	618	615	347684	424084	48	21	0	16928768	503808	-	-
1443	144291	200888	618	615	347512	424084	48	20	0	16928768	503808	-	-
1444	144391	200888	618	615	347512	424084	48	20	0	16928768	503808	-	-
1445	144491	200888	618	615	349196	424084	48	20	0	16928768	503808	-	-
1446	144591	200888	618	615	351932	424084	49	20	0	16986112	503808	-	-
1447	144691	200888	618	615	351932	424084	49	20	0	16986112	503808	-	-
1448	144791	200888	618	615	352260	424084	49	21	0	17063936	503808	-	-
1449	144891	200888	618	615	352260	424084	49	20	0	17092608	503808	-	-
1450	145049	200888	618	615	353456	424084	49	21	0	17092608	503808	52649	heap:jstat
1451	145091	200888	618	615	353464	424084	49	20	0	17092608	503808	-	-
1452	145191	200888	618	615	353464	424084	49	20	0	17092608	503808	-	-
1453	145291	200888	618	615	353464	424084	49	20	0	17092608	503808	-	-
1454	145392	200888	618	615	353568	424084	49	21	0	17092608	503808	-	-
1455	145491	200888	618	615	353552	424084	49	21	0	17092608	503808	-	-
1456	145592	200888	618	615	353548	424084	49	20	0	17117184	503808	-	-
1457	145692	200888	618	615	353548	424084	49	20	0	17117184	503808	-	-
1458	145792	200888	618	615	353548	424084	49	21	0	17117184	503808	-	-
1459	145892	200888	618	615	353548	424084	49	20	0	17117184	503808	-	-
1460	146052	200888	618	615	353548	424084	49	20	0	17117184	503808	161193	heap:jstat
1461	146092	200888	618	615	327216	424084	49	20	0	17117184	503808	-	-
1462	146192	200888	618	615	327216	424084	49	20	0	17117184	503808	-	-
1463	146292	200888	618	615	327216	424084	49	20	0	17117184	503808	-	-
1464	146392	200888	618	615	327216	424084	49	20	0	17117184	503808	-	-
1465	146492	200888	618	615	327216	424084	49	20	0	17117184	503808	-	-
1466	146592	200888	618	615	327128	424084	49	21	0	17117184	503808	-	-
1467	146693	200888	618	615	378900	424084	48	20	0	17117184	503808	-	-
1468	146792	200888	618	615	378900	424084	48	20	0	17117184	503808	-	-
1469	146892	200888	618	615	378900	424084	48	20	0	17117184	503808	-	-
1470	147052	200888	618	615	378900	424084	48	20	0	17117184	503808	106940	heap:jstat
1471	147093	200888	618	615	378900	424084	48	20	0	17117184	503808	-	-
1472	147192	200888	618	615	378900	424084	48	20	0	17117184	503808	-	-
1473	147293	200888	618	615	378900	424084	48	20	0	17117184	503808	-	-
1474	147393	200888	618	615	378900	424084	48	20	0	17117184	503808	-	-
1475	147493	200888	618	615	378900	424084	48	20	0	17117184	503808	-	-
1476	147593	200888	618	615	378900	424084	48	20	0	17117184	503808	-	-
1477	147693	200888	618	615	327144	424084	48	20	0	17117184	503808	-	-
1478	147793	200888	618	615	327148	424084	48	20	0	17117184	503808	-	-
1479	147893	200888	618	615	327148	424084	48	20	0	17117184	503808	-	-
1480	148050	200888	618	615	327148	424084	48	20	0	17117184	503808	58793	heap:jstat
1481	148093	200888	618	615	327148	424084	48	20	0	17117184	503808	-	-
1482	148194	200888	618	615	340680	424084	48	20	0	17117184	503808	-	-
1483	148294	200888	618	615	340680	424084	48	20	0	17117184	503808	-	-
1484	148394	200888	618	615	340680	424084	48	20	0	17117184	503808	-	-
1485	148493	200888	618	615	340680	424084	48	20	0	17117184	503808	-	-
1486	148593	200888	618	615	340704	424084	48	20	0	17174528	503808	-	-
1487	148693	200888	618	615	340704	424084	48	20	0	17174528	503808	-	-
1488	148794	200888	618	615	340976	424084	53	24	0	17174528	503808	-	-
1489	148894	200888	618	615	340996	424084	53	21	0	17244160	503808	-	-
1490	149052	200888	618	615	340996	424084	53	20	0	17281024	503808	162217	heap:jstat
1491	149094	200888	618	615	341004	424084	53	20	0	17281024	503808	-	-
1492	149194	200888	618	615	341004	424084	53	20	0	17281024	503808	-	-
1493	149294	200888	618	615	340652	424084	53	20	0	17281024	503808	-	-
1494	149394	200888	618	615	340652	424084	53	20	0	17281024	503808	-	-
1495	149494	200888	618	615	340652	424084	53	20	0	17281024	503808	-	-
1496	149594	200888	618	615	340652	424084	53	20	0	17281024	503808	-	-
1497	149694	200888	618	615	340652	424084	53	20	0	17281024	503808	-	-
1498	149794	200888	618	615	340652	424084	53	20	0	17281024	503808	-	-
1499	149894	200888	618	615	338520	424084	51	22	0	17301504	503808	-	-
1500	150052	200888	618	615	370272	424084	51	20	0	17305600	503808	115140	heap:jstat
1501	150093	200888	618	615	370272	424084	51	20	0	17305600	503808	-	-
1502	150194	200888	618	615	370272	424084	51	20	0	17305600	503808	-	-
1503	150294	200888	618	615	370272	424084	51	20	0	17305600	503808	-	-
1504	150394	200888	618	615	370272	424084	51	20	0	17305600	503808	-	-
1505	150494	200888	618	615	370272	424084	51	20	0	17305600	503808	-	-
1506	150594	200888	618	615	370272	424084	51	20	0	17305600	503808	-	-
1507	150695	200888	618	615	370272	424084	51	20	0	17305600	503808	-	-
1508	150795	200888	618	615	370272	424084	51	20	0	17305600	503808	-	-
1509	150894	200888	618	615	370272	424084	51	20	0	17305600	503808	-	-
1510	151055	200888	618	615	348088	424084	48	23	0	17305600	503808	64949	heap:jstat
