t_ms	pid	comm	threads	rss_kb	hwm_kb	vsz_kb	fds	utime	stime	rchar	wchar	read_bytes	write_bytes
2	2997218	workload-author	49	11048	11048	3259628	20	1	0	2023164	138	0	139264
2	2997303	workload-author	49	11168	11168	3259628	19	0	0	1243349	106	0	139264
2	2997388	workload-author	49	11124	11124	3259628	19	0	0	694620	90	0	139264
29	2997218	workload-author	49	11064	11064	3259628	19	1	0	2283104	146	0	139264
29	2997303	workload-author	49	11192	11192	3259628	19	1	0	1503289	122	0	139264
29	2997388	workload-author	49	11164	11164	3259628	19	1	0	983404	106	0	139264
258	2997218	workload-author	50	12136	12136	3327228	19	3	0	5171288	37386	0	184320
258	2997303	workload-author	50	12664	12664	3327228	19	3	0	4579718	486434	0	634880
258	2997388	workload-author	50	12668	12668	3327228	23	3	0	3834380	486426	0	634880
258	2997566	workload-coordi	36	11500	11500	2387304	22	2	2	565432	50892889	0	51572736
497	2997218	workload-author	50	15296	15296	3327228	26	6	1	14044589	1360471	0	1531904
497	2997303	workload-author	50	16188	16188	3327228	25	5	1	15906522	1352167	0	1523712
497	2997388	workload-author	50	16052	16052	3327228	26	5	1	13676713	1352119	0	1523712
497	2997566	workload-coordi	40	12596	12596	2657704	64	4	4	7758404	51311380	0	57708544
737	2997218	workload-author	50	19564	19564	3327228	34	8	2	32273808	2009000	0	2277376
737	2997303	workload-author	50	19372	19372	3327228	38	8	2	32422647	2083369	0	2355200
737	2997388	workload-author	50	20272	20272	3327228	31	8	2	31437916	2124798	0	2400256
737	2997566	workload-coordi	40	12844	12844	2657704	47	5	5	9502128	51732196	0	58822656
977	2997218	workload-author	50	18776	18776	3327228	37	10	3	50761083	2455531	0	2797568
977	2997303	workload-author	50	20896	20904	3327228	37	11	3	50813139	2876023	0	3239936
977	2997388	workload-author	50	21832	21832	3327228	37	10	3	50351495	2851843	0	3223552
977	2997566	workload-coordi	40	12936	12936	2657704	31	6	6	11327944	52239502	0	60063744
1214	2997218	workload-author	50	21484	21484	3327228	35	13	4	69189051	3066783	0	3493888
1214	2997303	workload-author	50	21156	21156	3327228	37	13	3	71977631	3281054	0	3723264
1214	2997388	workload-author	50	20996	20996	3327228	37	12	4	75487684	3182152	0	3629056
1214	2997566	workload-coordi	40	13040	13040	2657704	27	7	7	12986340	52549809	0	61227008
1454	2997218	workload-author	50	21536	21536	3327228	35	15	4	92291172	3298071	0	3788800
1454	2997303	workload-author	50	22292	22292	3327228	35	15	4	99638009	3635974	0	4153344
1454	2997388	workload-author	50	21088	21088	3327228	38	15	4	95361049	3513228	0	4022272
1454	2997566	workload-coordi	40	13224	13224	2657704	38	8	8	16040848	52741383	0	63709184
1693	2997218	workload-author	50	21876	21876	3327228	38	17	5	109151458	3818832	0	4378624
1693	2997303	workload-author	50	21252	21252	3327228	34	17	5	120295761	3892774	0	4464640
1693	2997388	workload-author	50	21192	21192	3327228	40	17	5	113902988	3793979	0	4366336
1693	2997566	workload-coordi	40	13300	13300	2657704	55	10	10	21133336	53065240	0	67502080
1932	2997218	workload-author	50	22008	22004	3327228	38	19	6	129981486	4227550	0	4853760
1932	2997303	workload-author	50	21364	21364	3327228	37	21	6	141191760	4421595	0	5074944
1932	2997388	workload-author	50	20248	20248	3327228	41	19	6	139792350	4025839	0	4661248
1932	2997566	workload-coordi	40	13332	13332	2657704	47	11	10	22725336	53486368	0	68575232
2169	2997218	workload-author	50	23264	23264	3327228	35	21	7	150103444	4578804	0	5275648
2169	2997303	workload-author	50	21420	21420	3327228	33	23	7	160799448	4904843	0	5627904
2169	2997388	workload-author	50	21360	21360	3327228	42	20	6	155251578	4174919	0	4849664
2169	2997566	workload-coordi	40	13332	13332	2657672	30	12	11	25154672	53769617	0	70598656
2409	2997218	workload-author	50	22136	22136	3327228	38	24	8	178420343	5074482	0	5857280
2409	2997303	workload-author	50	21460	21460	3327228	36	27	7	186932593	5326719	0	6127616
2409	2997388	workload-author	50	21356	21356	3327228	43	22	7	178714732	4406731	0	5148672
2409	2997566	workload-coordi	40	13388	13388	2657672	31	14	12	29917932	53992059	0	73961472
2648	2997218	workload-author	50	22712	22712	3327228	39	27	9	208432491	5492149	0	6356992
2648	2997303	workload-author	50	21672	21672	3327228	35	30	8	216490543	5702926	0	6586368
2648	2997388	workload-author	50	22452	22452	3327228	42	24	7	200993206	4749655	0	5558272
2648	2997566	workload-coordi	40	13464	13464	2657704	46	15	13	33819108	54341222	0	76341248
2888	2997218	workload-author	50	23888	23888	3327228	41	30	10	233946222	5950906	0	6901760
2888	2997303	workload-author	50	21764	21688	3327228	36	32	9	237820597	5992536	0	6934528
2888	2997388	workload-author	50	22536	22536	3327228	42	27	8	223403688	5138318	0	6021120
2888	2997566	workload-coordi	40	13424	13424	2657640	18	17	15	39729484	54607234	0	81342464
3128	2997218	workload-author	50	22892	22892	3327228	39	32	11	253268240	6249256	0	7258112
3128	2997303	workload-author	50	22828	22828	3327228	39	34	9	265974703	6249020	0	7262208
3128	2997388	workload-author	50	22600	22600	3327228	43	29	10	247112041	5597132	0	6553600
3128	2997566	workload-coordi	40	13412	13412	2657608	13	19	15	42832456	54700658	0	83468288
3367	2997218	workload-author	50	22900	22900	3327228	36	34	12	276094831	6472573	0	7544832
3367	2997303	workload-author	50	22928	22928	3327228	37	37	10	298537683	6588428	0	7692288
3367	2997388	workload-author	50	22640	22640	3327228	40	32	10	278085431	5936037	0	6979584
3367	2997566	workload-coordi	40	13480	13480	2657672	20	19	16	45204448	54748140	0	85192704
3606	2997218	workload-author	50	22940	22940	3327228	39	36	12	303066085	6848751	0	7999488
3606	2997303	workload-author	50	22928	22928	3327228	38	39	12	327337728	6910469	0	8089600
3606	2997388	workload-author	50	22712	22712	3327228	42	34	11	305999505	6262930	0	7380992
3606	2997566	workload-coordi	40	13488	13488	2657672	20	20	17	48969284	54903634	0	87855104
3846	2997218	workload-author	50	22984	22984	3327228	38	39	14	334606459	7225501	0	8454144
3846	2997303	workload-author	50	23124	23124	3327228	39	41	12	343398208	7092653	0	8339456
3846	2997388	workload-author	50	22808	22808	3327228	40	36	12	333063704	6709212	0	7905280
3846	2997566	workload-coordi	40	13504	13504	2657672	21	21	18	50588440	55012028	0	89034752
4086	2997218	workload-author	50	22932	22932	3327228	39	41	14	354204319	7510282	0	8806400
4086	2997303	workload-author	50	23288	23288	3327228	39	42	13	352832496	7179309	0	8450048
4086	2997388	workload-author	50	22936	22936	3327228	40	39	13	356881402	8387258	0	9646080
4086	2997566	workload-coordi	40	13464	13464	2657608	13	22	19	53855596	55171379	0	91308032
4324	2997218	workload-author	50	22940	22940	3327228	37	43	15	379316932	9191743	0	10539008
4324	2997303	workload-author	50	24400	24400	3327228	38	44	14	367220991	7369514	0	8695808
4324	2997388	workload-author	50	21800	21800	3327228	41	41	15	386188324	8898492	0	10231808
4324	2997566	workload-coordi	40	13496	13496	2657640	16	23	19	55524248	55214212	0	92454912
4563	2997218	workload-author	50	24104	24104	3327228	39	45	16	403519371	9481401	0	10895360
4563	2997303	workload-author	50	23272	23272	3327228	37	45	14	387744877	8878142	0	10244096
4563	2997388	workload-author	50	24180	24180	3327228	40	43	16	409401736	9326721	0	10711040
4563	2997566	workload-coordi	40	13512	13512	2657640	18	24	20	56838924	55318195	0	93351936
4801	2997218	workload-author	50	24180	24180	3327228	39	47	16	422085822	9683977	0	11132928
4801	2997303	workload-author	50	24464	24464	3327228	38	47	15	406113834	9060019	0	10469376
4801	2997388	workload-author	50	24208	24208	3327228	41	45	16	425133336	9644522	0	11063296
4801	2997566	workload-coordi	40	13480	13480	2657608	13	25	20	58211116	55430670	0	94298112
5040	2997218	workload-author	50	23052	23052	3327228	36	49	17	450366576	9997940	0	11509760
5040	2997303	workload-author	50	23308	23308	3327228	36	49	16	430233827	9295763	0	10756096
5040	2997388	workload-author	50	22992	22992	3327228	39	48	17	453446221	10073408	0	11558912
5040	2997566	workload-coordi	40	13544	13544	2657672	22	25	21	59559248	55559518	0	95383552
5278	2997218	workload-author	50	24200	24200	3327228	37	52	18	470756388	10258378	0	11833344
5278	2997303	workload-author	50	23508	23508	3327228	36	52	16	455772845	9749558	0	11276288
5278	2997388	workload-author	50	23368	23368	3327228	41	50	18	466131247	10263733	0	11816960
5278	2997566	workload-coordi	40	13520	13520	2657640	16	26	21	62151908	55644384	0	97050624
5518	2997218	workload-author	50	24180	24180	3327228	36	54	19	500005303	10614036	0	12255232
5518	2997303	workload-author	50	24600	24684	3327228	35	55	17	481739462	10096925	0	11685888
5518	2997388	workload-author	50	23508	23508	3327228	41	52	18	482013973	10519526	0	12136448
5518	2997566	workload-coordi	40	13520	13520	2657640	20	27	22	64242276	55872355	0	98390016
5754	2997218	workload-author	50	23192	23192	3327228	38	57	20	528213907	11015167	0	12730368
5754	2997303	workload-author	50	24792	24792	3327228	37	58	17	513581923	10485811	0	12161024
5754	2997388	workload-author	50	23672	23672	3327228	42	54	19	498596587	10866465	0	12554240
5754	2997566	workload-coordi	40	13520	13520	2657640	17	28	23	68043804	56089930	0	101093376
5993	2997218	workload-author	50	24268	24268	3327228	38	60	21	567844666	11383004	0	13197312
5993	2997303	workload-author	50	24832	24832	3327228	39	60	19	548102544	10911633	0	12673024
5993	2997388	workload-author	50	23704	23704	3327228	35	57	20	526070115	11073150	0	12816384
5993	2997566	workload-coordi	40	13492	13492	2657608	13	29	23	69929888	56125083	0	102293504
6225	2997218	workload-author	50	23064	23064	3327228	38	62	22	592027699	11557280	0	13418496
6225	2997303	workload-author	50	23820	23820	3327228	35	63	20	573534414	11287792	0	13115392
6225	2997388	workload-author	50	23724	23724	3327228	38	59	21	542934847	11494718	0	13295616
6225	2997566	workload-coordi	40	13496	13496	2657608	13	31	24	71909492	56266806	0	103501824
6463	2997218	workload-author	50	24472	24472	3327228	34	64	23	619587848	11908505	0	13836288
6463	2997303	workload-author	50	23668	23668	3327228	36	66	21	604945992	11709280	0	13615104
6463	2997388	workload-author	50	25004	25004	3327228	38	61	22	568777253	11726487	0	13586432
6463	2997566	workload-coordi	40	13528	13528	2657640	18	32	24	73737372	56310150	0	104550400
6701	2997218	workload-author	50	24508	24508	3327228	36	66	23	644866969	12193794	0	14184448
6701	2997303	workload-author	50	23892	23892	3327228	38	67	22	616542916	12010809	0	13959168
6701	2997388	workload-author	50	24724	24724	3327228	38	64	23	599992587	12114362	0	14049280
6701	2997566	workload-coordi	40	13532	13532	2657640	17	32	25	75454144	56435477	0	105607168
6942	2997218	workload-author	50	23300	23300	3327228	37	69	24	678646550	12549803	0	14630912
6942	2997303	workload-author	50	23852	23852	3327228	35	69	22	631183706	12126588	0	14118912
6942	2997388	workload-author	50	24740	24740	3327228	35	66	24	628307449	12301123	0	14295040
6942	2997566	workload-coordi	40	13500	13500	2657608	14	33	25	76016844	56461195	0	105930752
7179	2997218	workload-author	50	24644	23352	3327228	38	71	25	695525213	12752392	0	14872576
7179	2997303	workload-author	50	23852	23852	3327228	38	70	23	635731322	12126692	0	14118912
7179	2997388	workload-author	50	24840	24840	3327228	39	68	25	649739946	12599037	0	14651392
7179	2997566	workload-coordi	40	13532	13532	2657640	18	33	26	77212564	56503481	0	106721280
7417	2997218	workload-author	50	23352	23352	3327228	37	72	26	711050191	12901092	0	15048704
7417	2997303	workload-author	50	23868	23868	3327228	37	72	23	648870034	12275558	0	14295040
7417	2997388	workload-author	50	24824	24824	3327228	40	70	26	669463276	12883655	0	14983168
7417	2997566	workload-coordi	40	13532	13532	2657640	19	34	26	77947640	56528956	0	107118592
7657	2997218	workload-author	50	24668	23396	3327228	38	74	27	738517421	13182705	0	15400960
7657	2997303	workload-author	50	25152	25152	3327228	35	74	24	674141731	12510867	0	14589952
7657	2997388	workload-author	50	25092	25092	3327228	39	72	27	696642816	13185905	0	15343616
7657	2997566	workload-coordi	40	13516	13516	2657608	13	35	26	79360964	56654027	0	108105728
7892	2997218	workload-author	50	23484	24016	3327228	39	77	27	781314753	13641054	0	15966208
7892	2997303	workload-author	50	23956	23972	3327228	35	78	26	716522271	13015717	0	15200256
7892	2997388	workload-author	50	24872	24872	3327228	39	76	28	739232695	13698672	0	15966208
7892	2997566	workload-coordi	40	13548	13548	2657640	16	36	27	81131500	56795613	0	109301760
8132	2997218	workload-author	50	24664	24664	3327228	38	80	29	817751354	14157711	0	16576512
8132	2997303	workload-author	50	24016	24280	3327228	34	81	27	758293569	13391842	0	15675392
8132	2997388	workload-author	50	23572	23572	3327228	36	80	30	784326398	14199146	0	16576512
8132	2997566	workload-coordi	40	13548	13548	2657640	16	37	27	82848616	56928951	0	110448640
8371	2997218	workload-author	50	24756	23492	3327228	37	84	30	853081983	14702659	0	17215488
8371	2997303	workload-author	50	25308	25308	3327228	38	84	29	793637138	13899773	0	16285696
8371	2997388	workload-author	50	23576	23576	3327228	40	82	31	812757617	14587700	0	17059840
8371	2997566	workload-coordi	40	13584	13584	2657640	18	38	28	86517524	57125504	0	112852992
8610	2997218	workload-author	50	23548	23548	3327228	36	86	31	878369378	15100070	0	17678336
8610	2997303	workload-author	50	24156	24280	3327228	33	87	29	819107488	14147979	0	16576512
8610	2997388	workload-author	50	23560	23560	3327228	39	84	31	820714573	14612516	0	17096704
8610	2997566	workload-coordi	40	13588	13588	2657640	17	39	29	88279868	57304271	0	114065408
8851	2997218	workload-author	50	23684	23684	3327228	41	88	32	887459942	15347840	0	17997824
8851	2997303	workload-author	50	24836	24836	3327228	38	89	30	841435341	14478645	0	16961536
8851	2997388	workload-author	50	24892	24892	3327228	40	85	32	841190854	14752880	0	17281024
8851	2997566	workload-coordi	40	13612	13612	2657640	22	39	29	89893896	57420723	0	115040256
9091	2997218	workload-author	50	24856	24856	3327228	38	89	32	898225566	15413808	0	18092032
9091	2997303	workload-author	50	24020	24280	3327228	40	92	32	870114398	14945982	0	17510400
9091	2997388	workload-author	50	24924	24924	3327228	40	88	33	870913969	15058761	0	17649664
9091	2997566	workload-coordi	40	13612	13612	2657640	16	41	29	92964960	57461119	0	117264384
9328	2997218	workload-author	50	23556	23748	3327228	37	91	32	911333490	15480316	0	18186240
9328	2997303	workload-author	50	24916	24916	3327228	40	94	33	899111983	15190055	0	17813504
9328	2997388	workload-author	50	25036	25036	3327228	38	90	33	899433434	15414298	0	18067456
9328	2997566	workload-coordi	40	13612	13612	2657640	17	41	30	94349784	57557134	0	118251520
9568	2997218	workload-author	50	23724	23748	3327228	36	93	33	926621620	15583717	0	18317312
9568	2997303	workload-author	50	25048	25048	3327228	37	96	34	922182390	15442004	0	18120704
9568	2997388	workload-author	50	25012	25012	3327228	39	93	34	929676751	15787113	0	18513920
9568	2997566	workload-coordi	40	13616	13616	2657640	17	42	31	96050860	57637509	0	119382016
9807	2997218	workload-author	50	23764	23764	3327228	39	95	34	938777482	15856496	0	18649088
9807	2997303	workload-author	50	24936	24936	3327228	37	99	35	951586343	15768154	0	18513920
9807	2997388	workload-author	50	25308	25308	3327228	38	96	34	952037776	15972861	0	18739200
9807	2997566	workload-coordi	40	13616	13616	2657640	19	43	31	97940352	57705530	0	120496128
10046	2997218	workload-author	50	24784	24852	3327228	39	97	35	971151873	16141620	0	19001344
10046	2997303	workload-author	50	25548	25548	3327228	38	102	36	981000492	16132277	0	18944000
10046	2997388	workload-author	50	25340	25340	3327228	36	98	35	980593617	16258182	0	19087360
10046	2997566	workload-coordi	40	13620	13620	2657640	17	43	31	98761788	57809233	0	121057280
10285	2997218	workload-author	50	24796	24796	3327228	39	99	36	1003103552	16521851	0	19460096
10285	2997303	workload-author	50	24344	24348	3327228	37	104	36	1008287152	16447275	0	19320832
10285	2997388	workload-author	50	23832	23832	3327228	40	102	36	1009538426	16725706	0	19648512
10285	2997566	workload-coordi	40	13620	13620	2657640	17	44	32	100790888	57897900	0	122273792
10523	2997218	workload-author	49	23180	23892	3327216	39	103	37	1038826922	16997214	0	20025344
10523	2997303	workload-author	49	24620	24620	3327216	39	108	38	1049107414	17029554	0	20004864
10523	2997388	workload-author	49	24692	24692	3327216	40	104	37	1032756970	16923910	0	19906560
10523	2997566	workload-coordi	40	13620	13620	2657640	16	45	33	102688572	58015211	0	123461632
10761	2997218	workload-author	49	24272	24272	3327216	38	106	39	1075830491	17398289	0	20512768
10761	2997303	workload-author	49	23444	24348	3327216	36	111	39	1087094608	17405809	0	20471808
10761	2997388	workload-author	49	23048	23748	3327216	36	107	38	1067860963	17349520	0	20410368
10761	2997566	workload-coordi	40	13620	13620	2657640	16	46	33	104384864	58116336	0	124493824
11001	2997218	workload-author	49	23004	23892	3327216	37	109	40	1113234200	17820287	0	21016576
11001	2997303	workload-author	49	24796	24796	3327216	37	115	41	1126462956	17997216	0	21159936
11001	2997388	workload-author	49	24352	24352	3327216	38	110	40	1107770665	17775903	0	20930560
11001	2997566	workload-coordi	40	13588	13588	2657608	13	48	34	107107908	58288034	0	126132224
11240	2997218	workload-author	49	24292	24292	3327216	38	113	41	1143778581	18271088	0	21544960
11240	2997303	workload-author	49	23456	24348	3327216	35	117	42	1143902065	18187487	0	21385216
11240	2997388	workload-author	49	24364	24364	3327216	40	112	41	1129671782	18048153	0	21245952
11240	2997566	workload-coordi	40	13620	13620	2657640	17	49	34	109494564	58381215	0	127565824
11478	2997218	workload-author	49	22952	23892	3327216	38	115	42	1171057647	19124925	0	22446080
11478	2997303	workload-author	49	23412	24348	3327216	37	120	43	1170907196	18369457	0	21618688
11478	2997388	workload-author	49	23080	23748	3327216	41	114	41	1139352316	18189094	0	21430272
11478	2997566	workload-coordi	40	13588	13588	2657608	13	49	35	110262408	58415479	0	127975424
11715	2997218	workload-author	49	24580	24580	3327216	34	118	44	1216353198	19514104	0	22925312
11715	2997303	workload-author	49	23428	24348	3327216	37	123	44	1198732209	18749803	0	22102016
11715	2997388	workload-author	49	22932	23748	3327216	39	117	43	1174065105	18507576	0	21823488
11715	2997566	workload-coordi	40	13620	13620	2657640	17	50	35	111847936	58438026	0	128864256
11952	2997218	workload-author	49	24628	24628	3327216	35	121	46	1261264539	20034813	0	23543808
11952	2997303	workload-author	49	24956	24956	3327216	38	124	45	1218157984	19534056	0	22933504
11952	2997388	workload-author	49	24364	24364	3327216	39	119	44	1207972222	18755344	0	22142976
11952	2997566	workload-coordi	40	13620	13620	2657640	17	51	35	112866496	58541691	0	129523712
12189	2997218	workload-author	49	23080	23892	3327216	36	125	47	1297726411	20473346	0	24064000
12189	2997303	workload-author	49	23544	24348	3327216	38	128	46	1257094459	19988891	0	23470080
12189	2997388	workload-author	49	24312	24312	3327216	38	121	45	1238523668	19584880	0	23031808
12189	2997566	workload-coordi	40	13652	13652	2657672	20	52	36	114760428	58650840	0	130781184
12426	2997218	workload-author	49	23016	23892	3327216	35	127	48	1329927316	20799977	0	24453120
12426	2997303	workload-author	49	25012	25012	3327216	36	131	47	1294205586	20265908	0	23818240
12426	2997388	workload-author	49	22952	23748	3327216	38	125	47	1279315643	20195074	0	23724032
12426	2997566	workload-coordi	40	13588	13588	2657608	13	53	36	115897772	58742790	0	131432448
12664	2997218	workload-author	49	24424	24424	3327216	37	129	50	1363312354	21155970	0	24883200
12664	2997303	workload-author	49	25232	25232	3327216	36	133	49	1329236605	20634325	0	24256512
12664	2997388	workload-author	49	23036	23748	3327216	39	127	48	1314667805	20620108	0	24223744
12664	2997566	workload-coordi	40	13588	13588	2657608	13	54	37	117425784	58875760	0	132444160
12904	2997218	workload-author	49	24556	23892	3327216	35	133	51	1406493386	21503016	0	25313280
12904	2997303	workload-author	49	25192	25192	3327216	37	136	50	1373549113	20948930	0	24662016
12904	2997388	workload-author	49	23092	23748	3327216	42	131	50	1355027809	21148826	0	24838144
12904	2997566	workload-coordi	40	13588	13588	2657608	13	54	37	119142556	59001242	0	133500928
13142	2997218	workload-author	49	23316	23892	3327216	39	135	52	1429466578	21875047	0	25776128
13142	2997303	workload-author	49	23976	24444	3327216	37	139	52	1413874616	21457229	0	25264128
13142	2997388	workload-author	49	22868	23748	3327216	39	134	51	1385016728	21372022	0	25124864
13142	2997566	workload-coordi	40	13588	13620	2657640	18	56	37	120900460	59068835	0	134512640
13379	2997218	workload-author	49	23564	23892	3327216	39	137	52	1442735746	21953431	0	25870336
13379	2997303	workload-author	49	23612	24444	3327216	38	141	52	1425301108	21581182	0	25423872
13379	2997388	workload-author	49	22828	23748	3327216	41	137	51	1411726228	21678510	0	25481216
13379	2997566	workload-coordi	40	13588	13588	2657608	14	56	38	123024628	59153184	0	135860224
13618	2997218	workload-author	49	23448	23892	3327216	38	139	53	1459114348	22073280	0	26025984
13618	2997303	workload-author	49	24048	25088	3327216	35	144	54	1462300471	21994164	0	25907200
13618	2997388	workload-author	49	24644	24644	3327216	41	139	53	1445527911	22029431	0	25894912
13618	2997566	workload-coordi	40	13664	13632	2657640	17	57	39	124569024	59261987	0	136847360
13853	2997218	workload-author	49	23444	23892	3327216	39	140	54	1472536456	22246858	0	26234880
13853	2997303	workload-author	49	23892	25088	3327216	38	147	55	1496878345	22345887	0	26329088
13853	2997388	workload-author	49	23176	23748	3327216	40	142	55	1483307800	22327601	0	26267648
13853	2997566	workload-coordi	40	13600	13600	2657608	13	58	39	125842568	59288159	0	137601024
14091	2997218	workload-author	49	24516	24516	3327216	39	142	55	1503528994	22445854	0	26492928
14091	2997303	workload-author	49	23952	25088	3327216	40	149	56	1514693181	22618626	0	26660864
14091	2997388	workload-author	49	24332	24332	3327216	38	145	56	1524172310	22666926	0	26685440
14091	2997566	workload-coordi	40	13664	13664	2657640	17	59	39	129340304	59345183	0	139980800
14331	2997218	workload-author	49	24524	24524	3327216	38	145	56	1542000465	22768058	0	26882048
14331	2997303	workload-author	49	23580	25088	3327216	39	151	57	1529627504	22701342	0	26759168
14331	2997388	workload-author	49	22788	23844	3327216	38	148	57	1559084854	23059381	0	27144192
14331	2997566	workload-coordi	40	13632	13632	2657608	13	60	40	130691672	59425027	0	140812288
14567	2997218	workload-author	49	25012	23892	3327216	38	148	57	1580500535	23148508	0	27332608
14567	2997303	workload-author	49	23460	25088	3327216	35	153	58	1552477013	22879237	0	26984448
14567	2997388	workload-author	49	23144	23748	3327216	37	152	58	1603823113	23485336	0	27656192
14567	2997566	workload-coordi	40	13632	13632	2657608	13	61	40	132535936	59542365	0	141963264
14805	2997218	workload-author	49	23044	23892	3327216	38	150	59	1610842060	23383990	0	27619328
14805	2997303	workload-author	49	23036	25088	3327216	40	156	58	1571611139	23056975	0	27201536
14805	2997388	workload-author	49	24380	24380	3327216	39	154	60	1640937580	23919507	0	28172288
14805	2997566	workload-coordi	40	13632	13632	2657608	14	62	41	134285648	59610103	0	142979072
15044	2997218	workload-author	49	24548	24548	3327216	35	153	59	1635048971	23561979	0	27856896
15044	2997303	workload-author	49	23380	25088	3327216	35	158	59	1600873838	23276148	0	27475968
15044	2997388	workload-author	49	23100	23748	3327216	39	158	61	1686647152	24349665	0	28692480
15044	2997566	workload-coordi	40	13664	13664	2657608	13	62	42	135776624	59710832	0	143912960
15282	2997218	workload-author	49	23988	23988	3327216	39	156	60	1669598714	23962706	0	28332032
15282	2997303	workload-author	49	24424	25088	3327216	36	162	61	1645070087	23709875	0	27996160
15282	2997388	workload-author	49	22980	23748	3327216	39	161	62	1714640979	24679996	0	29097984
15282	2997566	workload-coordi	40	13636	13636	2657608	13	63	42	137402940	59811563	0	144863232
15518	2997218	workload-author	49	24460	24460	3327216	39	160	61	1704164545	24359353	0	28794880
15518	2997303	workload-author	49	22952	25088	3327216	39	165	63	1690905956	24247111	0	28631040
15518	2997388	workload-author	49	24404	24404	3327216	35	163	63	1738096963	24804497	0	29253632
15518	2997566	workload-coordi	40	13668	13668	2657640	16	64	42	139025160	59846331	0	145735680
15758	2997218	workload-author	49	23240	23892	3327216	37	163	62	1731923988	24661582	0	29159424
15758	2997303	workload-author	49	25212	25088	3327216	37	168	64	1727477161	24544760	0	28999680
15758	2997388	workload-author	49	22840	23748	3327216	34	167	64	1778435466	25230327	0	29757440
15758	2997566	workload-coordi	40	13688	13688	2657640	18	66	43	140857136	59980029	0	146911232
15997	2997218	workload-author	49	24584	24584	3327216	40	166	63	1766405270	24946916	0	29507584
15997	2997303	workload-author	49	23276	25088	3327216	37	171	65	1765097610	24904530	0	29433856
15997	2997388	workload-author	49	24428	24428	3327216	39	171	65	1823207771	25730875	0	30359552
15997	2997566	workload-coordi	40	13692	13692	2657640	18	67	43	142348284	60113093	0	147918848
16235	2997218	workload-author	49	23448	23892	3327216	41	169	64	1804688013	25224144	0	29859840
16235	2997303	workload-author	49	24436	25088	3327216	36	173	66	1782357166	25033047	0	29593600
16235	2997388	workload-author	49	23480	23748	3327216	41	175	66	1863654731	26214706	0	30924800
16235	2997566	workload-coordi	40	13692	13692	2657640	19	68	44	144139128	60205442	0	149000192
16474	2997218	workload-author	49	23320	23892	3327216	38	172	65	1836629923	25546366	0	30240768
16474	2997303	workload-author	49	24040	25088	3327216	38	176	68	1821082931	25401408	0	30040064
16474	2997388	workload-author	49	23332	23748	3327216	40	179	68	1897981578	26573813	0	31367168
16474	2997566	workload-coordi	40	13660	13660	2657608	13	69	44	145761348	60298018	0	149946368
16714	2997218	workload-author	49	23068	23892	3327216	38	175	66	1872188010	25976337	0	30752768
16714	2997303	workload-author	49	23188	25088	3327216	36	179	69	1857047474	25748339	0	30461952
16714	2997388	workload-author	49	23264	23748	3327216	40	181	68	1916290888	26656619	0	31473664
16714	2997566	workload-coordi	40	13660	13660	2657608	13	69	44	146895112	60365216	0	150667264
16953	2997218	workload-author	49	24680	24680	3327216	39	178	68	1922649174	26435271	0	31313920
16953	2997303	workload-author	49	24488	25088	3327216	37	182	71	1900323636	26087480	0	30892032
16953	2997388	workload-author	49	23020	23748	3327216	34	183	70	1939949596	26838464	0	31694848
16953	2997566	workload-coordi	40	13660	13660	2657608	13	70	44	148008052	60399258	0	151273472
17192	2997218	workload-author	49	23608	23980	3327216	37	183	69	1964913602	26823889	0	31784960
17192	2997303	workload-author	49	24508	25088	3327216	39	184	72	1932413107	26509382	0	31379456
17192	2997388	workload-author	49	23412	23748	3327216	39	186	72	1980843182	27178046	0	32112640
17192	2997566	workload-coordi	40	13696	13696	2657640	18	71	45	150439592	60545604	0	152764416
17430	2997218	workload-author	49	24700	24700	3327216	39	185	71	1997629676	27138275	0	32169984
17430	2997303	workload-author	49	24496	25088	3327216	39	189	74	1983650067	27059282	0	32034816
17430	2997388	workload-author	49	24988	24988	3327216	37	189	74	2025571070	27624373	0	32649216
17430	2997566	workload-coordi	40	13728	13728	2657672	20	72	45	152029388	60650151	0	153808896
17671	2997218	workload-author	49	23068	23980	3327216	40	188	72	2027000804	27472320	0	32571392
17671	2997303	workload-author	49	24512	25088	3327216	40	192	76	2030747877	27547244	0	32620544
17671	2997388	workload-author	49	24656	24764	3327216	39	191	76	2067984767	28037995	0	33148928
17671	2997566	workload-coordi	40	13664	13664	2657608	13	72	46	153598360	60832635	0	154865664
17906	2997218	workload-author	49	24604	24604	3327216	39	190	73	2064523585	27691413	0	32862208
17906	2997303	workload-author	49	23892	25088	3327216	37	196	77	2068796794	27931370	0	33087488
17906	2997388	workload-author	49	23368	23936	3327216	38	194	78	2112400185	28397792	0	33591296
17906	2997566	workload-coordi	40	13696	13696	2657640	16	73	46	154444544	60919859	0	155451392
18145	2997218	workload-author	49	25048	23980	3327216	39	194	74	2108564259	28624663	0	33878016
18145	2997303	workload-author	49	23500	25088	3327216	37	198	78	2087930381	28121601	0	33325056
18145	2997388	workload-author	49	23484	23936	3327216	38	197	79	2151166124	28757554	0	34021376
18145	2997566	workload-coordi	40	13664	13664	2657608	16	73	47	155935520	61015926	0	156377088
18383	2997218	workload-author	49	25012	25012	3327216	38	196	75	2145630397	29078184	0	34394112
18383	2997303	workload-author	49	25056	25088	3327216	38	201	79	2120716092	28340922	0	33599488
18383	2997388	workload-author	49	23032	23936	3327216	40	201	81	2194450523	29328322	0	34680832
18383	2997566	workload-coordi	40	13664	13664	2657608	13	74	47	158733324	61175373	0	158199808
18622	2997218	workload-author	49	25016	25016	3327216	38	200	77	2205427463	29583003	0	35008512
18622	2997303	workload-author	49	25400	25400	3327216	37	204	79	2147853899	28564263	0	33882112
18622	2997388	workload-author	49	23248	23936	3327216	40	205	82	2226333207	29634058	0	35065856
18622	2997566	workload-coordi	40	13696	13696	2657640	17	75	48	160663948	61185700	0	159272960
18861	2997218	workload-author	49	25040	25040	3327216	41	204	79	2250665328	30016869	0	35520512
18861	2997303	workload-author	49	23456	25088	3327216	36	206	81	2189179976	28931485	0	34332672
18861	2997388	workload-author	49	23032	23936	3327216	40	207	83	2251005431	29803591	0	35274752
18861	2997566	workload-coordi	40	13668	13668	2657608	13	76	48	162258012	61319190	0	160358400
19100	2997218	workload-author	49	23500	23980	3327216	37	207	80	2293030935	30356579	0	35926016
19100	2997303	workload-author	49	24528	25852	3327216	40	210	83	2233904387	29860787	0	35344384
19100	2997388	workload-author	49	24704	23936	3327216	37	210	84	2288424648	29976867	0	35504128
19100	2997566	workload-coordi	40	13700	13700	2657640	17	77	49	164818076	61354590	0	161984512
19339	2997218	workload-author	49	23496	23980	3327216	37	210	81	2334763003	30686493	0	36327424
19339	2997303	workload-author	49	23316	25852	3327216	40	213	84	2275371509	30298813	0	35856384
19339	2997388	workload-author	49	23612	23936	3327216	38	213	86	2330333513	30452738	0	36061184
19339	2997566	workload-coordi	40	13672	13672	2657608	13	78	49	167324548	61488626	0	163684352
19575	2997218	workload-author	49	23116	23980	3327216	36	213	82	2355870459	30827426	0	36507648
19575	2997303	workload-author	49	22948	25852	3327216	40	216	86	2310344750	30555711	0	36171776
19575	2997388	workload-author	49	24716	24716	3327216	40	217	87	2369797597	31492829	0	37171200
19575	2997566	workload-coordi	40	13672	13672	2657608	13	79	50	169300400	61589746	0	164917248
19811	2997218	workload-author	49	24776	24776	3327216	35	216	84	2406080134	31216020	0	36978688
19811	2997303	workload-author	49	24668	25852	3327216	39	220	88	2367562845	31063730	0	36782080
19811	2997388	workload-author	49	23320	23936	3327216	38	221	88	2407585404	31756983	0	37507072
19811	2997566	workload-coordi	40	13672	13672	2657608	13	79	51	171674768	61658565	0	166326272
20052	2997218	workload-author	49	25132	25132	3327216	37	219	86	2459910008	31708147	0	37572608
20052	2997303	workload-author	49	25008	25852	3327216	39	223	89	2413510582	31493981	0	37289984
20052	2997388	workload-author	49	22992	23936	3327216	37	224	89	2446828018	32038534	0	37855232
20052	2997566	workload-coordi	40	13720	13720	2657640	19	81	51	174069444	61759857	0	167747584
20289	2997218	workload-author	49	24128	24128	3327216	39	223	88	2508385505	32166902	0	38117376
20289	2997303	workload-author	49	25020	25852	3327216	37	226	91	2452179099	31795927	0	37658624
20289	2997388	workload-author	49	24732	24732	3327216	40	229	90	2490354572	32492725	0	38387712
20289	2997566	workload-coordi	40	13724	13724	2657640	16	81	52	176386468	61886072	0	169242624
20526	2997218	workload-author	49	23560	24240	3327216	38	227	88	2551330537	32509959	0	38531072
20526	2997303	workload-author	49	23372	25852	3327216	38	229	92	2497748468	32151580	0	38092800
20526	2997388	workload-author	49	22384	24100	3327216	36	231	92	2516818407	32737018	0	38670336
20526	2997566	workload-coordi	40	13740	13740	2657640	18	82	53	178234656	61990977	0	170340352
20765	2997218	workload-author	49	24892	24892	3327216	34	230	91	2598812452	33063924	0	39165952
20765	2997303	workload-author	49	25040	25852	3327216	40	233	94	2543208890	32667943	0	38690816
20765	2997388	workload-author	49	24092	24100	3327216	35	235	94	2572859030	33116986	0	39141376
20765	2997566	workload-coordi	40	13720	13720	2657608	13	83	54	180464804	62170493	0	171728896
21004	2997218	workload-author	49	23472	24240	3327216	34	235	94	2660852057	33527528	0	39735296
21004	2997303	workload-author	49	24096	25852	3327216	38	237	96	2595369836	33126751	0	39247872
21004	2997388	workload-author	49	22964	24100	3327216	39	238	96	2620182616	33505404	0	39612416
21004	2997566	workload-coordi	40	13752	13752	2657640	16	83	56	182694952	62267828	0	173010944
21241	2997218	workload-author	49	23464	24240	3327216	35	241	96	2738989209	34217814	0	40554496
21241	2997303	workload-author	49	24292	25852	3327216	36	242	97	2628895960	33341625	0	39526400
21241	2997388	workload-author	49	22408	24100	3327216	37	242	98	2661497822	33877615	0	40054784
21241	2997566	workload-coordi	40	13720	13720	2657608	13	84	56	185089112	62349222	0	174297088
21481	2997218	workload-author	49	23192	24240	3327216	34	246	97	2782104301	34635048	0	41066496
21481	2997303	workload-author	49	25068	25852	3327216	37	246	98	2680085305	33787988	0	40062976
21481	2997388	workload-author	49	24184	24184	3327216	37	247	99	2728492111	34307869	0	40595456
21481	2997566	workload-coordi	40	13720	13720	2657608	13	85	57	186793596	62466286	0	175345664
21719	2997218	workload-author	49	23748	24460	3327216	35	251	100	2853405111	35235121	0	41779200
21719	2997303	workload-author	49	23492	25852	3327216	39	250	99	2727881055	34197714	0	40570880
21719	2997388	workload-author	49	24176	24100	3327216	37	250	101	2792001390	34767362	0	41160704
21719	2997566	workload-coordi	40	13768	13768	2657640	18	86	57	188843176	62567223	0	176570368
21957	2997218	workload-author	49	25860	25860	3327216	38	257	103	2936224380	35892126	0	42582016
21957	2997303	workload-author	49	25108	25852	3327216	38	253	101	2786476320	34620058	0	41103360
21957	2997388	workload-author	49	24764	24764	3327216	40	255	103	2853107675	35453317	0	41967616
21957	2997566	workload-coordi	40	13784	13784	2657640	16	87	58	190880124	62709100	0	177786880
22195	2997218	workload-author	49	24168	24460	3327216	38	262	104	2997867445	36429464	0	43225088
22195	2997303	workload-author	49	25120	25852	3327216	38	256	103	2842540968	34996463	0	41578496
22195	2997388	workload-author	49	24260	24260	3327216	40	260	106	2915974583	36019649	0	42647552
22195	2997566	workload-coordi	40	13796	13796	2657640	17	88	58	192860072	62883964	0	179109888
22433	2997218	workload-author	49	25956	24576	3327216	40	266	107	3068649049	37107149	0	44036096
22433	2997303	workload-author	49	23332	25852	3327216	39	261	105	2909739586	35537900	0	42233856
22433	2997388	workload-author	49	24264	24264	3327216	39	263	107	2980505882	36416925	0	43155456
22433	2997566	workload-coordi	40	13764	13764	2657608	13	89	59	193960896	63024963	0	179892224
22669	2997218	workload-author	49	23740	24460	3327216	37	271	108	3106567612	37545308	0	44564480
22669	2997303	workload-author	49	23476	25852	3327216	38	264	106	2946850127	35848098	0	42639360
22669	2997388	workload-author	49	22868	24100	3327216	39	267	108	3035191811	36789149	0	43646976
22669	2997566	workload-coordi	40	13796	13796	2657640	17	89	59	195546596	63149705	0	180953088
22907	2997218	workload-author	49	25076	24876	3327216	38	274	110	3159759704	37838784	0	44949504
22907	2997303	workload-author	49	25088	25852	3327216	40	268	108	3003626996	36359972	0	43270144
22907	2997388	workload-author	49	23220	24100	3327216	36	271	110	3071988039	37119182	0	44048384
22907	2997566	workload-coordi	40	13812	13812	2657640	19	90	60	196902576	63286837	0	181964800
23144	2997218	workload-author	49	25048	25224	3327216	37	278	111	3198218545	38210978	0	45387776
23144	2997303	workload-author	49	23960	25852	3327216	38	272	109	3051845339	36732257	0	43720704
23144	2997388	workload-author	49	22924	24100	3327216	40	277	112	3137624653	37829688	0	44875776
23144	2997566	workload-coordi	40	13812	13812	2657608	16	91	61	199424744	63532233	0	183701504
23379	2997218	workload-author	49	24012	25224	3327216	39	281	113	3241966525	38533732	0	45776896
23379	2997303	workload-author	49	25796	25852	3327216	39	276	111	3117849169	37360748	0	44474368
23379	2997388	workload-author	49	22952	24316	3327216	39	282	114	3198376401	38347495	0	45494272
23379	2997566	workload-coordi	40	13812	13812	2657640	16	92	62	202522760	63708198	0	185774080
23617	2997218	workload-author	49	23820	25224	3327216	38	284	114	3268964653	38785550	0	46096384
23617	2997303	workload-author	49	22812	25852	3327216	39	280	113	3173629223	37815722	0	45019136
23617	2997388	workload-author	49	22560	24652	3327216	36	289	117	3264328143	38867876	0	46112768
23617	2997566	workload-coordi	40	13784	13784	2657608	13	93	63	204925800	63859137	0	187293696
23853	2997218	workload-author	49	23744	25224	3327216	36	286	115	3294560965	39475211	0	46817280
23853	2997303	workload-author	49	23524	25852	3327216	40	284	114	3219208369	38182863	0	45481984
23853	2997388	workload-author	49	24368	24652	3327216	40	293	119	3333652545	39500172	0	46874624
23853	2997566	workload-coordi	40	13784	13784	2657608	13	94	63	206700432	63926753	0	188370944
24091	2997218	workload-author	49	24928	25588	3327216	39	290	117	3353468609	40072808	0	47513600
24091	2997303	workload-author	49	23312	25852	3327216	37	288	116	3265288028	39160840	0	46530560
24091	2997388	workload-author	49	22540	24652	3327216	37	298	121	3391289174	39946906	0	47407104
24091	2997566	workload-coordi	40	13824	13824	2657640	18	96	64	210357912	64148578	0	190963712
24329	2997218	workload-author	49	25092	25588	3327216	36	295	119	3423117117	40544024	0	48087040
24329	2997303	workload-author	49	23616	25852	3327216	36	293	117	3316593814	39669334	0	47124480
24329	2997388	workload-author	49	24420	24652	3327216	39	302	124	3451567865	40480209	0	48050176
24329	2997566	workload-coordi	40	13824	13824	2657640	16	97	65	212987092	64324225	0	192688128
24569	2997218	workload-author	49	23208	25588	3327216	35	299	122	3483724965	41069536	0	48709632
24569	2997303	workload-author	49	24500	25852	3327216	39	298	119	3383781975	40149314	0	47710208
24569	2997388	workload-author	49	24456	24652	3327216	41	305	125	3487948326	41404145	0	49049600
24569	2997566	workload-coordi	40	13824	13824	2657640	16	97	66	214827260	64428975	0	193822720
24806	2997218	workload-author	49	25640	25640	3327216	32	304	123	3547389356	41519930	0	49250304
24806	2997303	workload-author	49	22956	25852	3327216	41	302	121	3447123672	40666097	0	48332800
24806	2997388	workload-author	49	24464	24652	3327216	39	308	127	3533746950	41747082	0	49471488
24806	2997566	workload-coordi	40	13856	13824	2657640	17	98	67	217255220	64575886	0	195416064
25041	2997218	workload-author	49	25132	25588	3327216	36	310	126	3624751061	42218706	0	50073600
25041	2997303	workload-author	49	22968	25852	3327216	39	307	122	3504140150	41004521	0	48766976
25041	2997388	workload-author	49	22568	25388	3327216	38	313	128	3604016239	42375296	0	50204672
25041	2997566	workload-coordi	40	13824	13824	2657640	18	99	68	219904364	64697816	0	196972544
25278	2997218	workload-author	49	23260	25588	3327216	36	317	128	3698721824	42781172	0	50749440
25278	2997303	workload-author	49	23588	25852	3327216	40	311	125	3567608197	41566573	0	49426432
25278	2997388	workload-author	49	24464	25388	3327216	39	316	130	3639629884	42594270	0	50503680
25278	2997566	workload-coordi	40	13824	13824	2657640	16	100	68	222102604	64881411	0	198529024
25517	2997218	workload-author	49	25100	25588	3327216	35	322	130	3773496321	43252565	0	51335168
25517	2997303	workload-author	49	24884	25852	3327216	39	316	128	3627776707	42091788	0	50049024
25517	2997388	workload-author	49	24112	25388	3327216	40	319	132	3709469008	43040679	0	51064832
25517	2997566	workload-coordi	40	13860	13860	2657640	18	101	69	224143820	65014839	0	199757824
25754	2997218	workload-author	49	23260	25588	3327216	37	327	132	3845122472	43905517	0	52105216
25754	2997303	workload-author	49	22984	25852	3327216	38	323	132	3711162667	42654618	0	50733056
25754	2997388	workload-author	49	24492	25388	3327216	40	322	134	3774215899	43396899	0	51519488
25754	2997566	workload-coordi	40	13796	13796	2657608	13	102	70	226066252	65108044	0	200937472
25990	2997218	workload-author	49	23260	25588	3327216	37	333	134	3915420106	44475897	0	52781056
25990	2997303	workload-author	49	23324	25852	3327216	38	327	133	3771517409	43146285	0	51322880
25990	2997388	workload-author	49	23424	25388	3327216	38	326	136	3828257139	43934009	0	52137984
25990	2997566	workload-coordi	40	13796	13796	2657608	13	103	71	229035916	65382368	0	202878976
26228	2997218	workload-author	49	24080	25588	3327216	38	337	136	3967773209	44851976	0	53235712
26228	2997303	workload-author	49	22984	25852	3327216	41	330	135	3813021171	43361761	0	51605504
26228	2997388	workload-author	49	23444	25388	3327216	41	332	137	3871785869	44384549	0	52682752
26228	2997566	workload-coordi	40	13800	13800	2657608	13	104	71	230946060	65581682	0	204189696
26467	2997218	workload-author	49	23260	25588	3327216	37	341	137	3996139069	45095666	0	53551104
26467	2997303	workload-author	49	24916	25852	3327216	37	334	137	3887285056	43877811	0	52232192
26467	2997388	workload-author	49	23748	25388	3327216	39	338	140	3954172940	44938289	0	53346304
26467	2997566	workload-coordi	40	13832	13832	2657640	16	105	72	232625796	65678514	0	205180928
26706	2997218	workload-author	49	24212	25588	3327216	36	344	138	4016967649	45215459	0	53710848
26706	2997303	workload-author	49	24896	25852	3327216	34	340	139	3957628670	44357989	0	52817920
26706	2997388	workload-author	49	22588	25388	3327216	39	344	143	4042871908	45624453	0	54157312
26706	2997566	workload-coordi	40	13832	13832	2657640	18	106	73	234909536	65808478	0	206577664
26944	2997218	workload-author	49	24024	25588	3327216	37	348	139	4062241963	45471750	0	54026240
26944	2997303	workload-author	49	24928	25852	3327216	36	346	141	4012743537	44940339	0	53497856
26944	2997388	workload-author	49	23340	25388	3327216	40	348	146	4156131561	46132672	0	54788096
26944	2997566	workload-coordi	40	13800	13800	2657608	13	107	74	237480512	65877422	0	207986688
27180	2997218	workload-author	49	25136	25588	3327216	36	354	141	4121703383	45811297	0	54435840
27180	2997303	workload-author	49	24808	25852	3327216	38	352	143	4091036991	45448513	0	54128640
27180	2997388	workload-author	49	25088	25388	3327216	38	354	148	4310485996	46640910	0	55390208
27180	2997566	workload-coordi	40	13800	13800	2657608	14	108	75	239587436	65978791	0	209215488
27422	2997218	workload-author	49	25192	25588	3327216	35	358	144	4182660745	46356223	0	55066624
27422	2997303	workload-author	49	22964	25852	3327216	36	355	145	4144303733	45870136	0	54628352
27422	2997388	workload-author	49	23096	25388	3327216	38	360	151	4437876573	47170472	0	56025088
27422	2997566	workload-coordi	40	13832	13832	2657640	17	109	75	242499928	66146349	0	211066880
27661	2997218	workload-author	49	25148	25588	3327216	38	363	146	4254653388	46786942	0	55619584
27661	2997303	workload-author	49	24936	25852	3327216	39	361	148	4233073622	46312852	0	55160832
27661	2997388	workload-author	49	22564	25388	3327216	36	364	153	4497171105	47439179	0	56356864
27661	2997566	workload-coordi	40	13800	13800	2657608	13	110	76	244220280	66172915	0	211881984
27896	2997218	workload-author	49	25148	25588	3327216	40	367	148	4324039480	47353841	0	56299520
27896	2997303	workload-author	49	23744	25852	3327216	37	366	150	4352065360	46809302	0	55758848
27896	2997388	workload-author	49	23336	25388	3327216	37	367	154	4539516493	47645789	0	56623104
27896	2997566	workload-coordi	40	13832	13832	2657640	17	111	76	246590724	66347971	0	213463040
28133	2997218	workload-author	49	23268	25588	3327216	35	374	151	4461069521	47919216	0	56963072
28133	2997303	workload-author	49	25624	25852	3327216	37	370	153	4521907290	47259727	0	56307712
28133	2997388	workload-author	49	24780	25388	3327216	38	371	156	4628331422	47840662	0	56872960
28133	2997566	workload-coordi	40	13804	13804	2657608	13	112	77	247876384	66448256	0	214298624
28370	2997218	workload-author	49	24116	25588	3327216	35	379	153	4647300510	48329277	0	57479168
28370	2997303	workload-author	49	23692	25852	3327216	41	374	155	4669888103	47665065	0	56811520
28370	2997388	workload-author	49	23548	25388	3327216	41	376	159	4812095369	48378013	0	57520128
28370	2997566	workload-coordi	40	13836	13836	2657640	17	113	77	250296324	66614797	0	215928832
28610	2997218	workload-author	49	25268	25588	3327216	36	384	155	4803017014	48895647	0	58146816
28610	2997303	workload-author	49	25596	25852	3327216	38	380	158	4803148958	48779508	0	58007552
28610	2997388	workload-author	49	24748	25388	3327216	38	381	161	4995960587	48853574	0	58101760
28610	2997566	workload-coordi	40	13836	13836	2657672	21	114	78	252362976	66830462	0	217460736
28849	2997218	workload-author	49	24424	25588	3327216	35	389	157	4935211582	49374590	0	58728448
28849	2997303	workload-author	49	24932	25852	3327216	38	385	160	4917177025	49275146	0	58601472
28849	2997388	workload-author	49	24748	25388	3327216	38	385	164	5145197107	49349824	0	58703872
28849	2997566	workload-coordi	40	13804	13804	2657608	13	115	79	254219528	66972326	0	218636288
29087	2997218	workload-author	49	23340	25588	3327216	38	394	159	5033616746	50353513	0	59797504
29087	2997303	workload-author	49	24936	25852	3327216	39	390	163	5084571924	49812441	0	59240448
29087	2997388	workload-author	49	24692	25388	3327216	39	390	167	5307117500	49808394	0	59260928
29087	2997566	workload-coordi	40	13804	13804	2657608	13	116	80	257539760	67107394	0	220864512
29321	2997218	workload-author	49	24168	25588	3327216	38	398	163	5218395066	50894687	0	60448768
29321	2997303	workload-author	49	25128	25852	3327216	39	396	165	5305119058	50399278	0	59949056
29321	2997388	workload-author	49	25656	25656	3327216	39	395	169	5512493053	50914058	0	60477440
29321	2997566	workload-coordi	40	13836	13836	2657640	17	117	80	259811900	67245389	0	222408704
29560	2997218	workload-author	49	25332	25588	3327216	39	403	165	5317023996	51295211	0	60936192
29560	2997303	workload-author	49	23900	25852	3327216	36	401	167	5469742619	50825040	0	60469248
29560	2997388	workload-author	49	24832	25388	3327216	39	399	172	5672564718	51443784	0	61104128
29560	2997566	workload-coordi	40	13836	13836	2657640	16	119	81	262174324	67424777	0	224038912
29798	2997218	workload-author	49	23340	25588	3327216	36	407	167	5421548323	51543396	0	61243392
29798	2997303	workload-author	49	23368	25852	3327216	39	405	170	5661359695	51337842	0	61091840
29798	2997388	workload-author	49	22840	25388	3327216	37	404	174	5820678772	51897907	0	61636608
29798	2997566	workload-coordi	40	13836	13836	2657608	14	120	81	264150176	67607788	0	225374208
30035	2997218	workload-author	49	23348	25588	3327216	36	413	170	5560847497	51989919	0	61779968
30035	2997303	workload-author	49	25304	25852	3327216	39	410	173	5840589617	51850224	0	61706240
30035	2997388	workload-author	49	24812	25388	3327216	38	411	178	6007249863	52576320	0	62439424
30035	2997566	workload-coordi	40	13812	13812	2657608	13	121	82	267054132	67767304	0	227135488
30274	2997218	workload-author	49	23412	25588	3327216	38	417	173	5682962746	52345566	0	62214144
30274	2997303	workload-author	49	25340	25852	3327216	39	414	176	6006647555	52320997	0	62267392
30274	2997388	workload-author	49	22896	25388	3327216	32	416	180	6156627738	52976819	0	62922752
30274	2997566	workload-coordi	40	13848	13848	2657640	20	122	83	269584664	67988106	0	228847616
30513	2997218	workload-author	49	24364	25588	3327216	34	422	175	5781814683	52783550	0	62722048
30513	2997303	workload-author	49	23412	25852	3327216	37	421	179	6144829875	52804942	0	62844928
30513	2997388	workload-author	49	23544	25388	3327216	39	422	181	6233089119	53382091	0	63426560
30513	2997566	workload-coordi	40	13824	13824	2657608	13	123	84	272102392	68069550	0	230268928
30751	2997218	workload-author	49	25392	25588	3327216	33	428	177	5939254815	53148413	0	63184896
30751	2997303	workload-author	49	23424	25852	3327216	37	428	182	6321275123	53441831	0	63598592
30751	2997388	workload-author	49	23648	25388	3327216	34	426	183	6322328567	53564069	0	63655936
30751	2997566	workload-coordi	40	13824	13824	2657608	13	124	85	274176376	68105054	0	231366656
30990	2997218	workload-author	49	25396	25588	3327216	37	433	181	6087081473	53718721	0	63852544
30990	2997303	workload-author	49	24100	25852	3327216	38	433	185	6506638917	53896525	0	64159744
30990	2997388	workload-author	49	25104	25388	3327216	35	430	185	6409186660	53841412	0	63995904
30990	2997566	workload-coordi	40	13864	13864	2657640	16	124	86	276677720	68206405	0	232828928
31228	2997218	workload-author	49	25512	25588	3327216	35	438	185	6270036066	54218219	0	64458752
31228	2997303	workload-author	49	25416	25852	3327216	39	439	188	6703133219	54562024	0	64933888
31228	2997388	workload-author	49	23112	25388	3327216	37	434	188	6583424166	54217957	0	64466944
31228	2997566	workload-coordi	40	13836	13836	2657608	14	126	86	278916404	68381554	0	234278912
31466	2997218	workload-author	49	23488	25588	3327216	35	444	187	6417615232	54751455	0	65085440
31466	2997303	workload-author	49	24420	25852	3327216	38	444	191	6858778192	54938803	0	65396736
31466	2997388	workload-author	49	23216	25388	3327216	41	440	190	6733473500	54869866	0	65232896
31466	2997566	workload-coordi	40	13868	13868	2657640	16	127	87	281627332	68602071	0	236027904
31702	2997218	workload-author	49	25480	25588	3327216	39	447	189	6502105564	55140417	0	65544192
31702	2997303	workload-author	49	24400	25852	3327216	37	447	192	6950481009	55194768	0	65703936
31702	2997388	workload-author	49	24936	25388	3327216	39	443	191	6781254013	54986071	0	65380352
31702	2997566	workload-coordi	40	13836	13836	2657608	13	128	88	283110288	68632584	0	236888064
31940	2997218	workload-author	49	24380	25588	3327216	36	452	192	6686806913	55450291	0	65966080
31940	2997303	workload-author	49	24116	25852	3327216	38	451	196	7104421311	55641278	0	66252800
31940	2997388	workload-author	49	24944	25388	3327216	40	448	195	6952323790	55568649	0	66084864
31940	2997566	workload-coordi	40	13844	13844	2657608	13	129	89	285603612	68791709	0	238452736
32175	2997218	workload-author	49	23488	25588	3327216	36	459	195	6824233227	56050244	0	66674688
32175	2997303	workload-author	49	24588	25852	3327216	38	456	200	7266317890	56096530	0	66805760
32175	2997388	workload-author	49	24928	25388	3327216	41	454	198	7137686184	56048563	0	66670592
32175	2997566	workload-coordi	40	13884	13884	2657640	20	130	89	287834104	68893028	0	239820800
32409	2997218	workload-author	49	25396	25588	3327216	34	465	198	6992957837	56641700	0	67379200
32409	2997303	workload-author	49	24116	25852	3327216	39	460	202	7481234817	56501283	0	67350528
32409	2997388	workload-author	49	24864	25388	3327216	40	458	200	7325024537	56350476	0	67072000
32409	2997566	workload-coordi	40	13884	13884	2657640	16	131	90	289107648	68964531	0	240648192
32646	2997218	workload-author	49	23592	25588	3327216	36	472	202	7165672721	57236940	0	68079616
32646	2997303	workload-author	49	23172	25852	3327216	41	466	204	7623459485	56877044	0	67796992
32646	2997388	workload-author	49	24864	25388	3327216	40	461	202	7481368498	56623392	0	67424256
32646	2997566	workload-coordi	40	13852	13852	2657608	13	132	90	291519052	69062044	0	242126848
32885	2997218	workload-author	49	23616	25588	3327216	40	478	205	7308915901	57715616	0	68661248
32885	2997303	workload-author	49	24052	25852	3327216	36	469	206	7742862296	57071494	0	68055040
32885	2997388	workload-author	49	24860	25388	3327216	40	465	205	7711196004	57020192	0	67936256
32885	2997566	workload-coordi	40	13852	13852	2657608	14	133	91	292911552	69096642	0	242929664
33124	2997218	workload-author	49	23568	25588	3327216	36	481	208	7413526499	58001279	0	69013504
33124	2997303	workload-author	49	23736	25852	3327216	40	473	208	7859770250	57332076	0	68386816
33124	2997388	workload-author	49	22920	25388	3327216	36	471	206	7901942488	57483545	0	68497408
33124	2997566	workload-coordi	40	13888	13888	2657640	17	134	91	294193288	69180170	0	243765248
33362	2997218	workload-author	49	23412	25588	3327216	37	485	210	7473818937	58220562	0	69271552
33362	2997303	workload-author	49	25312	25852	3327216	39	476	210	8019414495	57571740	0	68706304
33362	2997388	workload-author	49	24888	25388	3327216	39	476	209	8085956734	58008624	0	69128192
33362	2997566	workload-coordi	40	13860	13860	2657608	13	135	92	296806256	69281718	0	245407744
33600	2997218	workload-author	49	23412	25588	3327216	37	490	213	7596603578	58448280	0	69566464
33600	2997303	workload-author	49	23348	25852	3327216	39	481	212	8213930179	58652873	0	69918720
33600	2997388	workload-author	49	24872	25388	3327216	38	480	212	8290288933	58380648	0	69599232
33600	2997566	workload-coordi	40	13864	13864	2657608	13	135	92	297443028	69315649	0	245817344
33839	2997218	workload-author	49	25408	25588	3327216	34	494	215	7759976007	58737764	0	69943296
33839	2997303	workload-author	49	25320	25852	3327216	40	487	216	8402177345	59177895	0	70541312
33839	2997388	workload-author	49	24876	25388	3327216	37	486	214	8461302319	58802022	0	70115328
33839	2997566	workload-coordi	40	13936	13936	2657672	20	136	93	299312728	69502507	0	247238656
34075	2997218	workload-author	49	23416	25588	3327216	36	501	218	7933135532	59394360	0	70709248
34075	2997303	workload-author	49	23348	25852	3327216	38	493	218	8562239709	59652838	0	71102464
34075	2997388	workload-author	49	25152	25388	3327216	36	491	218	8635452182	59508293	0	70922240
34075	2997566	workload-coordi	40	13996	13996	2657704	24	138	94	303470436	69761604	0	250007552
34311	2997218	workload-author	49	23416	25588	3327216	38	505	222	8050740411	59878859	0	71274496
34311	2997303	workload-author	49	23384	25852	3327216	35	498	221	8716239683	60078277	0	71610368
34311	2997388	workload-author	49	26752	26752	3327216	38	497	221	8707820753	60696178	0	72208384
34311	2997566	workload-coordi	40	13976	13976	2657672	20	139	96	306818480	70027889	0	252248064
34552	2997218	workload-author	49	25348	25588	3327216	38	512	225	8245931447	60465572	0	71979008
34552	2997303	workload-author	49	23848	25852	3327216	35	504	226	8904314690	60545844	0	72179712
34552	2997388	workload-author	49	24056	25936	3327216	38	502	224	8822995420	61068167	0	72658944
34552	2997566	workload-coordi	40	14008	14008	2657704	26	140	97	309418472	70138177	0	253779968
34789	2997218	workload-author	49	23416	25588	3327216	36	516	229	8358718340	60825591	0	72409088
34789	2997303	workload-author	49	24084	25852	3327216	34	510	229	9037857183	60929864	0	72642560
34789	2997388	workload-author	49	25200	25936	3327216	34	510	227	8995213247	61493496	0	73179136
34789	2997566	workload-coordi	40	13912	13912	2657608	14	140	98	311713984	70170633	0	254930944
35027	2997218	workload-author	49	24088	25588	3327216	37	521	231	8450371130	61704546	0	73355264
35027	2997303	workload-author	49	23392	25852	3327216	39	515	231	9142137129	61252391	0	73031680
35027	2997388	workload-author	49	22896	25936	3327216	37	515	230	9155908732	61969279	0	73740288
35027	2997566	workload-coordi	40	13912	13912	2657608	13	141	98	313442872	70205440	0	255836160
35265	2997218	workload-author	49	23584	25588	3327216	33	526	234	8568545170	62068257	0	73793536
35265	2997303	workload-author	49	25328	25852	3327216	38	521	232	9272895782	61723926	0	73580544
35265	2997388	workload-author	49	24828	25936	3327216	37	522	232	9288923862	62448623	0	74305536
35265	2997566	workload-coordi	40	13948	13948	2657640	17	142	99	316507088	70352694	0	257683456
35503	2997218	workload-author	49	23416	25588	3327216	39	532	237	8697822845	62527121	0	74342400
35503	2997303	workload-author	49	23664	25852	3327216	37	526	235	9481115011	62121204	0	74088448
35503	2997388	workload-author	49	24836	25936	3327216	38	527	235	9466488066	62919554	0	74878976
35503	2997566	workload-coordi	40	13916	13916	2657608	13	143	100	318231880	70400151	0	258596864
35742	2997218	workload-author	49	24000	25588	3327216	32	537	240	8834868819	62841480	0	74727424
35742	2997303	workload-author	49	25216	25852	3327216	40	531	239	9697527180	62695723	0	74776576
35742	2997388	workload-author	49	23256	25936	3327216	38	532	238	9657384140	63341239	0	75395072
35742	2997566	workload-coordi	40	13980	13980	2657672	19	144	101	320404684	70554406	0	259960832
35984	2997218	workload-author	49	24268	25588	3327216	33	544	242	9008506565	63374208	0	75354112
35984	2997303	workload-author	49	25396	25852	3327216	36	536	241	9808898715	62964280	0	75091968
35984	2997388	workload-author	49	22996	25936	3327216	38	538	241	9806712430	63795741	0	75927552
35984	2997566	workload-coordi	40	13948	13948	2657640	18	145	102	323431692	70713709	0	261767168
36224	2997218	workload-author	49	25576	25588	3327216	35	550	246	9196452634	63845626	0	75935744
36224	2997303	workload-author	49	25244	25852	3327216	39	542	246	10011096014	63683432	0	75939840
36224	2997388	workload-author	49	22996	25936	3327216	36	545	243	9900677799	64089454	0	76279808
36224	2997566	workload-coordi	40	13916	13916	2657608	13	145	103	326068032	70778777	0	263131136
36463	2997218	workload-author	49	23664	25588	3327216	35	556	249	9335971721	64238174	0	76406784
36463	2997303	workload-author	49	23284	25852	3327216	34	548	249	10212135483	64043399	0	76394496
36463	2997388	workload-author	49	22996	25936	3327216	38	552	245	10032909998	64445393	0	76709888
36463	2997566	workload-coordi	40	13948	13948	2657640	16	146	103	327694176	70817954	0	263979008
36701	2997218	workload-author	49	25300	25588	3327216	33	562	251	9495730901	64661065	0	76918784
36701	2997303	workload-author	49	25476	25852	3327216	38	553	252	10410972077	64580742	0	77041664
36701	2997388	workload-author	49	25152	25936	3327216	35	558	248	10205259340	64834016	0	77189120
36701	2997566	workload-coordi	40	13916	13916	2657608	13	147	104	329722932	70972424	0	265207808
36940	2997218	workload-author	49	23428	25588	3327216	35	567	252	9678912208	65033038	0	77385728
36940	2997303	workload-author	49	23696	25852	3327216	38	558	255	10628583213	65080871	0	77656064
36940	2997388	workload-author	49	23936	25936	3327216	39	563	251	10372222973	65372120	0	77828096
36940	2997566	workload-coordi	40	13948	13948	2657640	20	148	105	332010596	71097683	0	266575872
37179	2997218	workload-author	49	25424	25588	3327216	34	573	255	9881580619	65573896	0	78028800
37179	2997303	workload-author	49	23320	25852	3327216	38	563	259	10804834921	65502946	0	78176256
37179	2997388	workload-author	49	22852	25936	3327216	35	570	255	10507477494	65764960	0	78295040
37179	2997566	workload-coordi	40	13948	13948	2657640	17	149	105	334413120	71297814	0	268050432
37417	2997218	workload-author	49	25312	25588	3327216	35	579	258	10074396140	66082519	0	78643200
37417	2997303	workload-author	49	24020	25852	3327216	37	568	263	11028037154	66044088	0	78823424
37417	2997388	workload-author	49	24060	25936	3327216	39	575	257	10673819596	66137297	0	78753792
37417	2997566	workload-coordi	40	13948	13948	2657640	17	149	106	335981920	71422673	0	269004800
37656	2997218	workload-author	49	24320	25588	3327216	39	584	261	10235910819	66570670	0	79220736
37656	2997303	workload-author	49	23420	25852	3327216	39	574	265	11170067947	66515043	0	79372288
37656	2997388	workload-author	49	23256	25936	3327216	39	580	259	10844502751	66554552	0	79265792
37656	2997566	workload-coordi	40	13948	13948	2657640	17	150	107	338302180	71568963	0	270364672
37895	2997218	workload-author	49	23476	25588	3327216	36	589	264	10426319371	66992436	0	79745024
37895	2997303	workload-author	49	25376	25852	3327216	41	582	268	11337986783	67060348	0	80015360
37895	2997388	workload-author	49	23252	25936	3327216	39	585	262	11006226227	67079499	0	79884288
37895	2997566	workload-coordi	40	13948	13948	2657640	17	151	108	341012592	71732140	0	271933440
38134	2997218	workload-author	49	25380	25588	3327216	36	595	267	10632088620	67525610	0	80379904
38134	2997303	workload-author	49	23096	25852	3327216	37	590	271	11523959934	67630916	0	80687104
38134	2997388	workload-author	49	25136	25936	3327216	38	591	265	11167189823	67430289	0	80310272
38134	2997566	workload-coordi	40	13916	13916	2657608	13	152	108	343505400	71891079	0	273403904
38374	2997218	workload-author	49	24148	25588	3327216	36	599	271	10840661681	67934716	0	80900096
38374	2997303	workload-author	49	23384	25852	3327216	38	595	274	11583484476	67862307	0	80990208
38374	2997388	workload-author	49	25196	25936	3327216	39	596	267	11394955330	67861386	0	80859136
38374	2997566	workload-coordi	40	13916	13916	2657608	13	153	109	345136156	71892931	0	274288640
38612	2997218	workload-author	49	25376	25588	3327216	36	604	273	11015261444	68286297	0	81334272
38612	2997303	workload-author	49	23776	25852	3327216	37	599	275	11631451581	68002944	0	81149952
38612	2997388	workload-author	49	24124	25936	3327216	39	602	269	11640280934	68332763	0	81448960
38612	2997566	workload-coordi	40	13920	13920	2657608	13	153	109	346594020	72009526	0	275156992
38852	2997218	workload-author	49	24268	25588	3327216	34	611	277	11275413620	68930423	0	82104320
38852	2997303	workload-author	49	23104	25852	3327216	36	604	277	11729625255	68122931	0	81317888
38852	2997388	workload-author	49	24196	25936	3327216	41	606	272	11905977005	68771143	0	82010112
38852	2997566	workload-coordi	40	13952	13952	2657640	16	154	110	347789396	72084954	0	275927040
39093	2997218	workload-author	49	24344	25588	3327216	40	620	281	11453844701	69661902	0	82952192
39093	2997303	workload-author	49	23788	25852	3327216	34	609	278	11828861265	68325905	0	81567744
39093	2997388	workload-author	49	23328	25936	3327216	36	613	275	12115343036	69320401	0	82653184
39093	2997566	workload-coordi	40	13952	13952	2657640	16	154	111	350881424	72314041	0	277700608
39332	2997218	workload-author	49	23500	25588	3327216	36	625	283	11590156235	69831236	0	83189760
39332	2997303	workload-author	49	24220	25852	3327216	37	615	282	11930702425	69374225	0	82681856
39332	2997388	workload-author	49	23944	25936	3327216	39	620	278	12313645635	69915392	0	83345408
39332	2997566	workload-coordi	40	13920	13920	2657608	15	156	111	353932664	72518613	0	279494656
39571	2997218	workload-author	49	23488	25588	3327216	34	630	286	11662589732	70116507	0	83517440
39571	2997303	workload-author	49	23560	25852	3327216	37	623	284	12040205734	69684825	0	83054592
39571	2997388	workload-author	49	24036	25936	3327216	37	626	282	12468358280	71141217	0	84656128
39571	2997566	workload-coordi	40	13920	13920	2657608	13	157	112	356901812	72620632	0	281116672
39810	2997218	workload-author	49	23436	25588	3327216	35	635	288	11848641786	70436301	0	83927040
39810	2997303	workload-author	49	23104	25852	3327216	39	629	286	12156013763	70008129	0	83439616
39810	2997388	workload-author	49	23292	25936	3327216	39	631	285	12699246152	71641651	0	85270528
39810	2997566	workload-coordi	40	13920	13920	2657608	13	158	112	358560896	72712940	0	282058752
40048	2997218	workload-author	49	26428	26308	3327216	38	643	292	12047597195	71159138	0	84762624
40048	2997303	workload-author	49	24620	25852	3327216	37	634	289	12314219301	70330747	0	83836928
40048	2997388	workload-author	49	23644	25936	3327216	38	638	290	12912908998	72203655	0	85938176
40048	2997566	workload-coordi	40	13920	13920	2657608	13	159	113	361336844	72872201	0	283627520
40288	2997218	workload-author	49	25336	25588	3327216	39	648	296	12213519462	71609706	0	85307392
40288	2997303	workload-author	49	25088	25852	3327216	38	640	293	12508638357	70905135	0	84512768
40288	2997388	workload-author	49	24728	25936	3327216	36	644	293	13102729888	72613346	0	86437888
40288	2997566	workload-coordi	40	13924	13924	2657608	13	160	114	364199324	73031452	0	285290496
40529	2997218	workload-author	49	23436	25588	3327216	37	653	299	12432395490	72675067	0	86478848
40529	2997303	workload-author	49	25124	25852	3327216	33	646	296	12687002839	71251869	0	84942848
40529	2997388	workload-author	49	24744	25936	3327216	36	651	298	13333397976	73245842	0	87187456
40529	2997566	workload-coordi	40	13956	13988	2657672	20	160	115	366339188	73107822	0	286527488
40770	2997218	workload-author	49	24628	25588	3327216	37	660	303	12669817827	73278691	0	87203840
40770	2997303	workload-author	49	23868	25852	3327216	36	651	300	12907147707	71768927	0	85565440
40770	2997388	workload-author	49	23932	25936	3327216	41	657	301	13528003226	73618239	0	87638016
40770	2997566	workload-coordi	40	14000	14000	2657672	23	161	116	369012392	73262703	0	288026624
41010	2997218	workload-author	49	25432	25588	3327216	40	666	305	12793271199	73766335	0	87764992
41010	2997303	workload-author	49	25504	25852	3327216	37	657	303	13086745784	72293867	0	86188032
41010	2997388	workload-author	49	25632	25936	3327216	38	664	304	13731411507	74151179	0	88281088
41010	2997566	workload-coordi	40	13936	13936	2657608	13	162	117	371628768	73434150	0	289636352
41247	2997218	workload-author	49	24156	25588	3327216	33	670	306	12891303062	73857496	0	87891968
41247	2997303	workload-author	49	25492	25852	3327216	35	664	306	13270843464	72773406	0	86749184
41247	2997388	workload-author	49	24760	25936	3327216	39	670	307	13950350594	74709742	0	88948736
41247	2997566	workload-coordi	40	13992	13992	2657640	17	163	117	374109804	73564189	0	291172352
41483	2997218	workload-author	49	23908	25588	3327216	38	675	308	13037895012	74212691	0	88330240
41483	2997303	workload-author	49	25080	25852	3327216	38	671	309	13418158260	73261325	0	87326720
41483	2997388	workload-author	49	23288	25936	3327216	39	676	310	14142500370	75201492	0	89526272
41483	2997566	workload-coordi	40	13968	13968	2657608	13	164	118	376791544	73768374	0	292782080
41720	2997218	workload-author	49	23908	25588	3327216	37	679	311	13254638974	74568815	0	88784896
41720	2997303	workload-author	49	25072	25852	3327216	34	677	313	13641306611	73732552	0	87904256
41720	2997388	workload-author	49	22836	25936	3327216	38	685	315	14372883478	75850610	0	90300416
41720	2997566	workload-coordi	40	14000	14000	2657640	17	165	118	378808012	73836089	0	293892096
41960	2997218	workload-author	49	25744	25744	3327216	35	683	313	13453069732	74874947	0	89178112
41960	2997303	workload-author	49	23104	25852	3327216	41	684	317	13816696877	74269900	0	88539136
41960	2997388	workload-author	49	23308	25936	3327216	37	692	318	14567121447	76297064	0	90836992
41960	2997566	workload-coordi	40	13968	13968	2657608	14	166	118	380959648	73961883	0	295092224
42201	2997218	workload-author	49	24352	25684	3327216	35	690	316	13629723873	75362250	0	89751552
42201	2997303	workload-author	49	23504	25852	3327216	34	688	320	13987851839	74484849	0	88825856
42201	2997388	workload-author	49	25884	25936	3327216	34	700	322	14805874432	76776456	0	91422720
42201	2997566	workload-coordi	40	14000	14000	2657640	16	167	119	382848968	74120416	0	296251392
42441	2997218	workload-author	49	25792	25792	3327216	35	696	319	13814640797	75932606	0	90415104
42441	2997303	workload-author	49	24340	25852	3327216	36	695	325	14167178978	75005629	0	89448448
42441	2997388	workload-author	49	23352	25936	3327216	35	707	325	15014128153	77296939	0	92041216
42441	2997566	workload-coordi	40	14000	14000	2657672	20	168	119	385546748	74275266	0	297783296
42677	2997218	workload-author	49	25828	26216	3327216	38	700	324	14038662698	76474032	0	91062272
42677	2997303	workload-author	49	24952	25852	3327216	37	700	328	14361479584	75423911	0	89956352
42677	2997388	workload-author	49	22828	25936	3327216	36	714	329	15196198017	77748206	0	92577792
42677	2997566	workload-coordi	40	13968	13968	2657608	13	169	120	387452108	74371962	0	298831872
42911	2997218	workload-author	49	24612	26184	3327216	39	705	326	14219332392	76854490	0	91541504
42911	2997303	workload-author	49	23104	25852	3327216	38	705	332	14558755527	75969598	0	90599424
42911	2997388	workload-author	49	23076	25936	3327216	37	721	333	15369670184	78339238	0	93257728
42911	2997566	workload-coordi	40	14008	14008	2657640	16	170	120	390585612	74535224	0	300642304
43150	2997218	workload-author	49	25376	26184	3327216	38	708	329	14413273220	77201659	0	91971584
43150	2997303	workload-author	49	23676	25852	3327216	36	713	336	14741740487	76502698	0	91226112
43150	2997388	workload-author	49	23604	25936	3327216	36	727	336	15599981258	78694651	0	93728768
43150	2997566	workload-coordi	40	13976	13976	2657608	13	171	121	393008788	74649195	0	302039040
43389	2997218	workload-author	49	25952	26184	3327216	35	715	332	14626107376	77710717	0	92581888
43389	2997303	workload-author	49	25320	25852	3327216	38	720	341	14960157075	77110466	0	91942912
43389	2997388	workload-author	49	23648	25936	3327216	36	731	338	15788271066	78975124	0	94093312
43389	2997566	workload-coordi	40	14032	14032	2657640	16	172	121	396410080	74825043	0	304152576
43629	2997218	workload-author	49	26000	26184	3327216	36	722	336	14832847647	78292696	0	93261824
43629	2997303	workload-author	49	25644	25852	3327216	39	726	344	15153668846	77585483	0	92504064
43629	2997388	workload-author	49	24824	25936	3327216	35	736	340	15917389891	79260598	0	94441472
43629	2997566	workload-coordi	40	14008	14008	2657608	13	173	122	398492084	74991943	0	305389568
43869	2997218	workload-author	49	24188	26184	3327216	38	730	340	15050776546	78788349	0	93876224
43869	2997303	workload-author	49	25348	25852	3327216	38	733	348	15310387085	77871308	0	92872704
43869	2997388	workload-author	49	24824	25936	3327216	36	744	342	16183186406	79768756	0	95068160
43869	2997566	workload-coordi	40	14008	14008	2657608	13	174	122	400257836	75027254	0	306294784
44107	2997218	workload-author	49	23472	26184	3327216	39	735	342	15222962467	79172703	0	94339072
44107	2997303	workload-author	49	23388	25852	3327216	39	738	352	15477603893	78392208	0	93483008
44107	2997388	workload-author	49	23640	25936	3327216	37	748	344	16272230359	79926161	0	95256576
44107	2997566	workload-coordi	40	14072	14072	2657672	21	175	123	403108200	75149114	0	307945472
44347	2997218	workload-author	49	23472	26184	3327216	38	743	345	15409518310	79664723	0	94924800
44347	2997303	workload-author	49	24580	25852	3327216	34	744	356	15631777684	78731167	0	93892608
44347	2997388	workload-author	49	23572	25936	3327216	37	753	346	16417971280	80252835	0	95657984
44347	2997566	workload-coordi	40	14008	14008	2657608	13	176	123	405403712	75230120	0	309161984
44585	2997218	workload-author	49	24048	26184	3327216	41	750	349	15585706869	80194227	0	95547392
44585	2997303	workload-author	49	23388	25852	3327216	39	749	358	15701161164	79106906	0	94355456
44585	2997388	workload-author	49	22872	25936	3327216	38	756	347	16497712783	80306576	0	95744000
44585	2997566	workload-coordi	40	14008	14008	2657608	14	177	124	408085796	75298588	0	310673408
44823	2997218	workload-author	49	23772	26184	3327216	38	756	354	15820296466	80644918	0	96104448
44823	2997303	workload-author	49	23932	25852	3327216	41	752	361	15865349262	79421439	0	94740480
44823	2997388	workload-author	49	23416	25936	3327216	40	761	350	16692787153	80695438	0	96223232
44823	2997566	workload-coordi	40	14072	14072	2657672	21	177	124	409461568	75328503	0	311414784
45062	2997218	workload-author	49	24064	26184	3327216	38	762	356	16015094056	81079292	0	96624640
45062	2997303	workload-author	49	23384	26000	3327216	37	756	364	16009720502	79722896	0	95100928
45062	2997388	workload-author	49	23460	25936	3327216	37	765	353	16832485298	81685532	0	97271808
45062	2997566	workload-coordi	40	14040	14040	2657640	18	178	125	411618160	75474751	0	312807424
45300	2997218	workload-author	49	25376	26184	3327216	39	766	360	16200330481	81438766	0	97067008
45300	2997303	workload-author	49	27680	27744	3327216	39	762	366	16107699413	80729291	0	96190464
45300	2997388	workload-author	49	25404	25936	3327216	36	772	356	17052252934	82095234	0	97771520
45300	2997566	workload-coordi	40	14008	14008	2657608	13	179	125	413137464	75591766	0	313679872
45538	2997218	workload-author	49	24180	26784	3327216	36	771	362	16293426287	82436491	0	98136064
45538	2997303	workload-author	49	25796	28416	3327216	39	768	370	16268766374	81405270	0	96972800
45538	2997388	workload-author	49	22880	25936	3327216	33	779	361	17270231958	82702783	0	98492416
45538	2997566	workload-coordi	40	14012	14012	2657608	13	180	126	415634540	75734424	0	315146240
45775	2997218	workload-author	49	23364	26784	3327216	34	774	363	16329047537	82573037	0	98291712
45775	2997303	workload-author	49	23412	28416	3327216	37	775	373	16463722324	81797936	0	97456128
45775	2997388	workload-author	49	22976	25936	3327216	39	786	367	17501553576	83372648	0	99278848
45775	2997566	workload-coordi	40	14024	14024	2657608	13	180	127	417888920	75868301	0	316411904
46011	2997218	workload-author	49	24256	26784	3327216	37	779	366	16528917107	82973826	0	98779136
46011	2997303	workload-author	49	23412	28416	3327216	38	781	376	16622826146	82245315	0	97984512
46011	2997388	workload-author	49	24788	25936	3327216	35	791	370	17720289275	83719705	0	99713024
46011	2997566	workload-coordi	40	14088	14088	2657672	21	181	127	420303388	75944718	0	317673472
46250	2997218	workload-author	49	23944	26784	3327216	37	786	369	16672026305	83317182	0	99192832
46250	2997303	workload-author	49	25384	28416	3327216	40	786	380	16793103650	82662503	0	98484224
46250	2997388	workload-author	49	25500	25936	3327216	39	797	375	17944827149	84311001	0	100409344
46250	2997566	workload-coordi	40	14056	14056	2657640	18	182	128	423038548	76120426	0	319295488
46489	2997218	workload-author	49	23948	26784	3327216	37	795	373	16806299908	83830168	0	99782656
46489	2997303	workload-author	49	25380	28416	3327216	40	793	383	16948519629	83026674	0	98918400
46489	2997388	workload-author	49	23424	25936	3327216	39	805	377	18152780470	84790896	0	100978688
46489	2997566	workload-coordi	40	14032	14032	2657608	13	183	129	426114708	76247579	0	321044480
46729	2997218	workload-author	49	24220	26784	3327216	35	804	377	17035240268	84342812	0	100401152
46729	2997303	workload-author	49	24108	28416	3327216	38	799	387	17226732004	83580524	0	99594240
46729	2997388	workload-author	49	23376	25936	3327216	38	810	379	18336912852	85158122	0	101457920
46729	2997566	workload-coordi	40	14064	14064	2657640	17	184	130	428722892	76336812	0	322555904
46969	2997218	workload-author	49	23532	26784	3327216	36	811	382	17257121083	84922109	0	101093376
46969	2997303	workload-author	49	25384	28416	3327216	37	805	391	17520981133	84093513	0	100229120
46969	2997388	workload-author	49	24840	25936	3327216	35	816	381	18476072575	85315535	0	101670912
46969	2997566	workload-coordi	40	14100	14100	2657672	21	185	130	431055784	76434245	0	323895296
47209	2997218	workload-author	49	25412	26784	3327216	36	819	386	17466998088	85463617	0	101736448
47209	2997303	workload-author	49	24404	28416	3327216	38	812	393	17754554416	84655316	0	100900864
47209	2997388	workload-author	49	25936	25936	3327216	36	823	385	18715007571	85935303	0	102404096
47209	2997566	workload-coordi	40	14068	14068	2657640	17	185	132	434168636	76556609	0	325619712
47447	2997218	workload-author	49	25488	26784	3327216	37	826	390	17681005911	85984253	0	102363136
47447	2997303	workload-author	49	24140	28416	3327216	40	817	395	17893548157	84965138	0	101294080
47447	2997388	workload-author	49	24104	25936	3327216	39	829	389	18957558627	86468563	0	103047168
47447	2997566	workload-coordi	40	14068	14068	2657640	16	186	133	436632772	76678630	0	327028736
47688	2997218	workload-author	49	24112	26784	3327216	32	832	393	17899334639	86480647	0	102952960
47688	2997303	workload-author	49	23440	28416	3327216	41	822	399	18014983730	85291360	0	101670912
47688	2997388	workload-author	49	24892	25936	3327216	42	833	391	19162119806	86766188	0	103436288
47688	2997566	workload-coordi	40	14036	14036	2657608	14	187	133	438907976	76788127	0	328323072
47927	2997218	workload-author	49	23480	26784	3327216	32	840	399	18117141942	86981008	0	103555072
47927	2997303	workload-author	49	24096	28416	3327216	39	826	403	18245157556	85650659	0	102133760
47927	2997388	workload-author	49	25484	25936	3327216	40	838	393	19323414053	87055653	0	103788544
47927	2997566	workload-coordi	40	14036	14036	2657608	14	188	133	441068320	76856282	0	329535488
48166	2997218	workload-author	49	24448	26784	3327216	37	846	401	18356655831	87377738	0	104062976
48166	2997303	workload-author	49	24136	28416	3327216	41	832	406	18405114046	85977041	0	102531072
48166	2997388	workload-author	49	24888	25936	3327216	42	843	396	19578557295	87580366	0	104411136
48166	2997566	workload-coordi	40	14036	14036	2657608	13	189	134	442797380	76956729	0	330567680
48407	2997218	workload-author	49	23480	26784	3327216	37	849	404	18478957875	87687640	0	104427520
48407	2997303	workload-author	49	23500	28416	3327216	37	838	409	18605356533	86299934	0	102928384
48407	2997388	workload-author	49	22916	25936	3327216	40	851	399	19813756724	88089218	0	105025536
48407	2997566	workload-coordi	40	14036	14036	2657608	13	190	134	445615320	77115635	0	332333056
48648	2997218	workload-author	49	23504	26784	3327216	33	857	407	18634035648	88051083	0	104853504
48648	2997303	workload-author	49	25404	28416	3327216	39	845	412	18864811849	86891369	0	103636992
48648	2997388	workload-author	49	24136	25936	3327216	39	857	402	20014286169	88440416	0	105455616
48648	2997566	workload-coordi	40	14068	14068	2657640	14	191	135	448293308	77324264	0	334028800
48890	2997218	workload-author	49	25444	26784	3327216	34	864	412	18871226675	88592715	0	105512960
48890	2997303	workload-author	49	24112	28416	3327216	38	850	416	19091565972	87321479	0	104157184
48890	2997388	workload-author	49	24872	25936	3327216	40	864	406	20260962265	88886710	0	106004480
48890	2997566	workload-coordi	40	14036	14036	2657608	14	192	135	450580800	77359906	0	335224832
49130	2997218	workload-author	49	23512	26784	3327216	37	873	416	19063373129	89230088	0	106250240
49130	2997303	workload-author	49	25264	28416	3327216	35	856	421	19298715256	87783961	0	104706048
49130	2997388	workload-author	49	24828	25936	3327216	36	871	411	20520552729	89502963	0	106733568
49130	2997566	workload-coordi	40	14068	14068	2657640	19	193	137	454646160	77610557	0	337539072
49372	2997218	workload-author	49	25136	26784	3327216	39	878	418	19278468679	89535934	0	106651648
49372	2997303	workload-author	49	23412	28416	3327216	37	866	426	19508970465	88279919	0	105304064
49372	2997388	workload-author	49	25532	25936	3327216	38	879	415	20777483443	90027946	0	107368448
49372	2997566	workload-coordi	40	14036	14068	2657608	14	194	137	456650512	77646018	0	338636800
49611	2997218	workload-author	49	23512	26784	3327216	41	882	421	19391563096	89821108	0	106983424
49611	2997303	workload-author	49	23412	28416	3327216	38	872	430	19670272865	88573742	0	105664512
49611	2997388	workload-author	49	23724	25936	3327216	39	886	419	21042300342	90601869	0	108048384
49611	2997566	workload-coordi	40	14068	14068	2657640	17	195	138	459258696	77722785	0	340131840
49853	2997218	workload-author	49	24308	26784	3327216	41	887	425	19601049087	90259570	0	107511808
49853	2997303	workload-author	49	24112	28416	3327216	37	878	433	19841383118	89065698	0	106242048
49853	2997388	workload-author	49	23620	25936	3327216	39	893	422	21194204780	91671209	0	109187072
49853	2997566	workload-coordi	40	14036	14036	2657608	13	196	139	461800656	77971864	0	341692416
50093	2997218	workload-author	49	23512	26784	3327216	39	894	429	19850819529	90792152	0	108146688
50093	2997303	workload-author	49	25388	28416	3327216	36	886	436	20054255059	89463053	0	106725376
50093	2997388	workload-author	49	22956	25936	3327216	37	900	425	21400768081	92101159	0	109699072
50093	2997566	workload-coordi	40	14036	14036	2657608	14	197	140	464572680	78098305	0	343244800
50330	2997218	workload-author	49	23508	26784	3327216	35	902	433	20051900696	91147700	0	108584960
50330	2997303	workload-author	49	23436	28416	3327216	37	893	440	20269453314	89980068	0	107339776
50330	2997388	workload-author	49	25720	26000	3327216	41	908	430	21623132487	92712849	0	110428160
50330	2997566	workload-coordi	40	14068	14068	2657640	17	198	141	467853468	78171413	0	344895488
50572	2997218	workload-author	49	25396	26784	3327216	37	909	437	20292616760	91665047	0	109207552
50572	2997303	workload-author	49	24128	28416	3327216	38	902	443	20423199622	90376360	0	107806720
50572	2997388	workload-author	49	25424	26000	3327216	35	916	434	21839534328	93101748	0	110895104
50572	2997566	workload-coordi	40	14036	14036	2657608	16	199	141	469886664	78269238	0	346120192
50813	2997218	workload-author	49	23508	26784	3327216	34	914	439	20518440390	92073829	0	109703168
50813	2997303	workload-author	49	24128	28416	3327216	36	907	445	20530683440	90686791	0	108163072
50813	2997388	workload-author	49	23420	26780	3327216	34	925	437	22095509821	93737996	0	111644672
50813	2997566	workload-coordi	40	14100	14100	2657672	21	200	142	472473852	78358070	0	347533312
51053	2997218	workload-author	49	24344	26784	3327216	39	918	442	20669828679	92380015	0	110080000
51053	2997303	workload-author	49	23456	28416	3327216	41	912	448	20707016319	91004773	0	108560384
51053	2997388	workload-author	49	24432	26916	3327216	37	932	440	22291274213	94168568	0	112164864
51053	2997566	workload-coordi	40	14036	14036	2657608	14	201	142	474210588	78454632	0	348442624
51294	2997218	workload-author	49	25400	26784	3327216	37	925	446	20845053961	92809922	0	110579712
51294	2997303	workload-author	49	23456	28416	3327216	35	917	451	20860153269	91190882	0	108797952
51294	2997388	workload-author	49	23424	26916	3327216	40	940	445	22525922691	94705708	0	112795648
51294	2997566	workload-coordi	40	14036	14036	2657608	13	202	143	476567540	78523609	0	349655040
51536	2997218	workload-author	49	25280	27092	3327216	37	932	449	21000816598	93173582	0	111022080
51536	2997303	workload-author	49	23556	28416	3327216	38	923	454	21069361007	92362865	0	110075904
51536	2997388	workload-author	49	24872	26916	3327216	38	946	448	22697631670	95114664	0	113283072
51536	2997566	workload-coordi	40	14040	14040	2657608	13	203	143	478986104	78558664	0	350851072
51778	2997218	workload-author	49	25280	27572	3327216	36	937	451	21181729249	94003123	0	111919104
51778	2997303	workload-author	49	25412	28416	3327216	40	930	458	21335532196	92895892	0	110718976
51778	2997388	workload-author	49	22884	26916	3327216	36	954	452	22935472921	95574039	0	113831936
51778	2997566	workload-coordi	40	14040	14040	2657608	13	204	144	481015032	78766571	0	352174080
52018	2997218	workload-author	49	23388	27572	3327216	37	945	455	21417391192	94586179	0	112611328
52018	2997303	workload-author	49	25980	28416	3327216	38	935	461	21520321624	93197685	0	111087616
52018	2997388	workload-author	49	22912	26916	3327216	37	960	456	23130335742	95966598	0	114298880
52018	2997566	workload-coordi	40	14040	14040	2657608	13	205	144	483499304	78917603	0	353550336
52259	2997218	workload-author	49	25392	27572	3327216	35	954	460	21621799942	95123407	0	113238016
52259	2997303	workload-author	49	23712	28416	3327216	40	943	465	21763690722	93776515	0	111763456
52259	2997388	workload-author	49	22920	26916	3327216	35	968	460	23320813341	96442587	0	114855936
52259	2997566	workload-coordi	40	14072	14072	2657640	17	207	144	486394552	79040256	0	355176448
52499	2997218	workload-author	49	26060	27572	3327216	34	962	463	21864013168	95606919	0	113831936
52499	2997303	workload-author	49	24412	28416	3327216	39	950	467	22006383304	94198111	0	112291840
52499	2997388	workload-author	49	24988	26916	3327216	35	976	463	23544323503	96827254	0	115326976
52499	2997566	workload-coordi	40	14072	14072	2657640	16	208	145	488386100	79129020	0	356257792
52740	2997218	workload-author	49	25432	27572	3327216	37	971	468	22113078464	96269076	0	114610176
52740	2997303	workload-author	49	25768	28416	3327216	41	955	471	22183830342	94545428	0	112705536
52740	2997388	workload-author	49	25032	26916	3327216	35	984	468	23862440286	97343473	0	115949568
52740	2997566	workload-coordi	40	14072	14072	2657640	15	209	146	491330328	79296405	0	357888000
52975	2997218	workload-author	49	25448	27572	3327216	42	977	471	22368786505	96806010	0	115261440
52975	2997303	workload-author	49	25688	28416	3327216	40	961	475	22420280274	95020879	0	113283072
52975	2997388	workload-author	49	25316	26916	3327216	36	991	472	24098492366	97769960	0	116465664
52975	2997566	workload-coordi	40	14108	14108	2657672	21	210	146	493589664	79495685	0	359395328
53211	2997218	workload-author	49	24160	27572	3327216	37	983	476	22583198681	97248584	0	115789824
53211	2997303	workload-author	49	25744	28416	3327216	40	967	479	22645207976	95484521	0	113840128
53211	2997388	workload-author	49	24020	26916	3327216	35	997	475	24344672695	98129658	0	116899840
53211	2997566	workload-coordi	40	14128	14128	2657672	21	211	148	495943036	79662371	0	360849408
53447	2997218	workload-author	49	25440	27572	3327216	38	987	477	22761556870	97595545	0	116240384
53447	2997303	workload-author	49	23812	28416	3327216	39	972	483	22887615619	95889815	0	114339840
53447	2997388	workload-author	49	25360	26916	3327216	38	1007	481	24616173038	98848924	0	117731328
53447	2997566	workload-coordi	40	14064	14064	2657608	13	211	148	497799072	79721816	0	361811968
53680	2997218	workload-author	49	25428	27572	3327216	37	994	482	23010261587	98153223	0	116883456
53680	2997303	workload-author	49	24052	28416	3327216	40	980	487	23124495156	96418394	0	114966528
53680	2997388	workload-author	49	22920	26916	3327216	35	1014	487	24887431496	99299580	0	118276096
53680	2997566	workload-coordi	40	14064	14064	2657608	13	212	149	500460332	79946817	0	363479040
53921	2997218	workload-author	49	24292	27572	3327216	36	1002	486	23280326323	98641347	0	117481472
53921	2997303	workload-author	49	25776	28416	3327216	41	986	490	23413213449	96914812	0	115576832
53921	2997388	workload-author	49	23624	26916	3327216	38	1023	491	25119637311	99746768	0	118800384
53921	2997566	workload-coordi	40	14096	14064	2657608	14	213	150	503084384	80031954	0	364888064
54156	2997218	workload-author	49	23504	27572	3327216	34	1010	491	23523480518	99154066	0	118087680
54156	2997303	workload-author	49	24232	28416	3327216	38	991	493	23620767538	97175613	0	115908608
54156	2997388	workload-author	49	23412	26916	3327216	38	1028	496	25487099797	100214266	0	119382016
54156	2997566	workload-coordi	40	14064	14064	2657608	13	214	150	504570920	80099421	0	365707264
54396	2997218	workload-author	49	25500	27572	3327216	37	1017	495	23809765139	99707958	0	118763520
54396	2997303	workload-author	49	25688	28416	3327216	39	998	495	23812220248	97567656	0	116379648
54396	2997388	workload-author	49	25532	26916	3327216	37	1034	501	25868733364	100692806	0	119955456
54396	2997566	workload-coordi	40	14064	14064	2657608	13	216	151	507072092	80200563	0	367132672
54635	2997218	workload-author	49	23772	27572	3327216	36	1025	499	24059719348	100207977	0	119353344
54635	2997303	workload-author	49	24280	28416	3327216	36	1006	501	24093832250	98034675	0	116944896
54635	2997388	workload-author	49	23472	26916	3327216	33	1039	504	26222670481	101003103	0	120360960
54635	2997566	workload-coordi	40	14096	14096	2657640	16	217	151	508854744	80326059	0	368275456
54873	2997218	workload-author	49	23504	27572	3327216	40	1033	503	24309330245	100742125	0	119996416
54873	2997303	workload-author	49	23416	28416	3327216	38	1013	505	24336262570	98465130	0	117456896
54873	2997388	workload-author	49	23512	26916	3327216	37	1043	506	26512413712	101283956	0	120745984
54873	2997566	workload-coordi	40	14072	14072	2657608	13	218	151	510887424	80402173	0	369356800
55111	2997218	workload-author	49	24420	27572	3327216	38	1041	507	24601317241	101184747	0	120532992
55111	2997303	workload-author	49	24304	28416	3327216	38	1020	508	24715758801	98985587	0	118087680
55111	2997388	workload-author	49	22972	26916	3327216	38	1047	509	26753834264	101581121	0	121110528
55111	2997566	workload-coordi	40	14104	14136	2657672	19	219	152	512735612	80531529	0	370495488
55347	2997218	workload-author	49	24264	27572	3327216	39	1049	512	24858745201	101746647	0	121184256
55347	2997303	workload-author	49	23812	28416	3327216	38	1026	512	24983090671	99477675	0	118677504
55347	2997388	workload-author	49	24908	26916	3327216	35	1051	512	26938985569	101775093	0	121348096
55347	2997566	workload-coordi	40	14104	14104	2657640	17	220	153	515060312	80665558	0	371900416
55584	2997218	workload-author	49	23564	27572	3327216	41	1055	516	24968354628	102044693	0	121524224
55584	2997303	workload-author	49	24748	28416	3327216	37	1031	515	25284465706	99775091	0	119062528
55584	2997388	workload-author	49	24880	26916	3327216	34	1054	514	27142819298	102551561	0	122179584
55584	2997566	workload-coordi	40	14072	14072	2657608	13	220	153	516304668	80687720	0	372551680
55822	2997218	workload-author	49	24232	27572	3327216	39	1061	520	25142237356	102255529	0	121802752
55822	2997303	workload-author	49	25404	28416	3327216	39	1037	519	25545111588	100085592	0	119443456
55822	2997388	workload-author	49	23472	26916	3327216	36	1057	517	27351831445	102791674	0	122490880
55822	2997566	workload-coordi	40	14072	14072	2657608	14	221	153	517450204	80697205	0	373092352
56060	2997218	workload-author	49	23644	27572	3327216	42	1066	522	25314119204	102532000	0	122159104
56060	2997303	workload-author	49	23468	28416	3327216	37	1043	523	25856829359	100519170	0	119967744
56060	2997388	workload-author	49	22932	26916	3327216	36	1060	519	27524361437	102932078	0	122675200
56060	2997566	workload-coordi	40	14072	14072	2657608	13	221	153	518160532	80706257	0	373436416
56298	2997218	workload-author	49	25476	27572	3327216	39	1071	525	25582662885	102866657	0	122568704
56298	2997303	workload-author	49	25284	28416	3327216	37	1047	526	26194345937	101399082	0	120946688
56298	2997388	workload-author	49	22932	26916	3327216	36	1063	522	27874367987	103263102	0	123097088
56298	2997566	workload-coordi	40	14072	14072	2657608	13	222	154	518838264	80739945	0	373850112
56536	2997218	workload-author	49	25456	27572	3327216	39	1080	530	25881664561	103483005	0	123289600
56536	2997303	workload-author	49	23460	28416	3327216	37	1052	529	26515728566	101746118	0	121376768
56536	2997388	workload-author	49	22884	26916	3327216	37	1069	525	28189805877	103651651	0	123572224
56536	2997566	workload-coordi	40	14072	14072	2657608	13	222	154	520304320	80815691	0	374677504
56775	2997218	workload-author	49	23564	27572	3327216	38	1086	533	26169204268	104461027	0	124346368
56775	2997303	workload-author	49	23424	28416	3327216	35	1056	532	26852164969	102097282	0	121810944
56775	2997388	workload-author	49	23424	26916	3327216	35	1074	527	28317698275	103924237	0	123883520
56775	2997566	workload-coordi	40	14072	14072	2657608	13	223	154	521244712	80858201	0	375218176
57013	2997218	workload-author	49	24304	27572	3327216	38	1090	536	26469185113	104708987	0	124682240
57013	2997303	workload-author	49	25352	28416	3327216	33	1061	535	27220820859	102444786	0	122257408
57013	2997388	workload-author	49	23424	26916	3327216	34	1077	531	28655028199	104146821	0	124190720
57013	2997566	workload-coordi	40	14072	14072	2657608	13	223	154	521302228	80866582	0	375267328
57249	2997218	workload-author	49	23560	27572	3327216	37	1093	538	26662075565	104898275	0	124915712
57249	2997303	workload-author	49	25356	28416	3327216	34	1065	538	27582574138	102784526	0	122695680
57249	2997388	workload-author	49	24868	26916	3327216	29	1081	533	28825446364	104361810	0	124444672
57249	2997566	workload-coordi	40	14072	14072	2657608	13	223	155	521634864	80883456	0	375463936
57487	2997218	workload-author	49	25392	27572	3327216	35	1100	540	26985435915	105266820	0	125370368
57487	2997303	workload-author	49	25360	28416	3327216	35	1071	543	28014206491	103292815	0	123318272
57487	2997388	workload-author	49	22944	26916	3327216	35	1086	538	29255750782	104783662	0	124985344
57487	2997566	workload-coordi	40	14072	14072	2657608	13	223	155	522402708	80900638	0	375857152
57724	2997218	workload-author	49	24036	27572	3327216	34	1105	544	27434896501	105729984	0	125952000
57724	2997303	workload-author	49	25392	28416	3327216	37	1076	548	28418934846	103772256	0	123908096
57724	2997388	workload-author	49	24884	26916	3327216	35	1091	542	29718849721	105230758	0	125554688
57724	2997566	workload-coordi	40	14072	14072	2657608	13	223	155	522517740	80917405	0	375955456
57963	2997218	workload-author	49	24192	27572	3327216	33	1113	548	27867131152	106320699	0	126668800
57963	2997303	workload-author	49	25320	28416	3327216	37	1080	551	28810220149	104145432	0	124387328
57963	2997388	workload-author	49	23576	26916	3327216	34	1096	545	30114516079	105669595	0	126103552
57963	2997566	workload-coordi	40	14072	14072	2657608	13	224	155	523523668	80959421	0	376471552
58202	2997218	workload-author	49	25452	27572	3327216	34	1118	552	28264515792	106812684	0	127270912
58202	2997303	workload-author	49	23456	28416	3327216	35	1085	554	29134086123	104509745	0	124841984
58202	2997388	workload-author	49	24640	26916	3327216	34	1101	549	30495256885	106050059	0	126578688
58202	2997566	workload-coordi	40	14072	14072	2657608	13	224	156	524131424	80984823	0	376815616
58439	2997218	workload-author	49	25520	27572	3327216	36	1123	557	28762350708	107292636	0	127885312
58439	2997303	workload-author	49	24288	28416	3327216	33	1090	557	29492798995	104773537	0	125210624
58439	2997388	workload-author	49	23436	26916	3327216	33	1106	552	30876033616	106471943	0	127111168
58439	2997566	workload-coordi	40	14104	14104	2657640	16	224	156	524427024	81017871	0	376987648
58675	2997218	workload-author	49	23516	27572	3327216	38	1128	560	29180376534	107689388	0	128393216
58675	2997303	workload-author	49	23432	28416	3327216	35	1094	559	29704408156	104947329	0	125435904
58675	2997388	workload-author	49	24600	26916	3327216	34	1113	556	31215492680	106860065	0	127610880
58675	2997566	workload-coordi	40	14072	14072	2657608	13	225	156	524788332	81075993	0	377225216
58911	2997218	workload-author	49	25520	27572	3327216	34	1133	563	29516123892	107971688	0	128765952
58911	2997303	workload-author	49	23420	28416	3327216	27	1098	562	29995835280	105170093	0	125734912
58911	2997388	workload-author	49	24888	26916	3327216	32	1117	561	31607196966	107182421	0	128032768
58911	2997566	workload-coordi	40	14072	14072	2657608	13	225	156	524788332	81075993	0	377225216
59146	2997218	workload-author	49	25320	27572	3327216	32	1137	565	29862411501	108235652	0	129122304
59146	2997303	workload-author	49	23956	28416	3327216	30	1103	565	30167249588	105364086	0	125968384
59146	2997388	workload-author	53	23572	26916	3532080	29	1123	565	31980282915	107629390	0	128581632
59146	2997566	workload-coordi	40	14408	14408	2657640	16	225	157	525790164	81243646	0	377913344
59380	2997218	workload-author	49	25404	27572	3327216	32	1142	568	30194469375	108558904	0	129536000
59380	2997303	workload-author	49	25272	28416	3327216	35	1109	569	30507674233	105802391	0	126509056
59380	2997388	workload-author	53	24468	26916	3532080	29	1129	568	32210793255	107741438	0	128753664
59380	2997566	workload-coordi	40	14792	14792	2657640	16	226	157	527653877	81672634	0	379228160
59617	2997218	workload-author	49	24956	27572	3327216	34	1147	572	30574094821	108955528	0	130039808
59617	2997303	workload-author	49	25452	28416	3327216	34	1115	573	30853730353	106128460	0	126922752
59617	2997388	workload-author	53	26864	26916	3532080	32	1136	572	32383566847	107813078	0	128868352
59617	2997566	workload-coordi	40	15208	15208	2657640	19	228	158	529402041	82404674	0	380669952
59860	2997218	workload-author	49	25400	27572	3327216	33	1153	576	30921575251	109376870	0	130560000
59860	2997303	workload-author	49	23420	28416	3327216	28	1119	578	31152042560	106467793	0	127336448
59860	2997388	workload-author	53	25488	26916	3532080	29	1146	574	32542032307	107872638	0	128966656
59860	2997566	workload-coordi	40	15244	15244	2657640	16	229	159	531785945	83161931	0	382337024
60100	2997218	workload-author	49	23560	27572	3327216	34	1157	579	31249909929	109666266	0	130936832
60100	2997303	workload-author	49	23424	28416	3327216	28	1124	579	31249199244	106500849	0	127385600
60100	2997388	workload-author	53	24984	26916	3532080	30	1153	575	32625861623	107894270	0	129003520
60100	2997566	workload-coordi	40	15380	15380	2657640	16	230	160	533710581	83779351	0	383762432
60341	2997218	workload-author	49	24204	27572	3327216	32	1162	583	31555838104	110084120	0	131440640
60341	2997303	workload-author	49	23812	28416	3327216	30	1128	580	31331534628	106525665	0	127422464
60341	2997388	workload-author	53	24996	26916	3532080	29	1161	579	32740375559	107929478	0	129069056
60341	2997566	workload-coordi	40	15612	15612	2657672	19	231	161	536632265	84655513	0	385785856
60580	2997218	workload-author	49	23412	27572	3327216	32	1167	586	31922709502	110456352	0	131907584
60580	2997303	workload-author	49	23576	28416	3327216	31	1135	582	31473675434	106790011	0	127717376
60580	2997388	workload-author	53	25036	26916	3532080	27	1170	582	32840369107	107955982	0	129118208
60580	2997566	workload-coordi	40	15368	15368	2657640	16	232	162	539139565	85449851	0	387579904
60819	2997218	workload-author	49	23972	27572	3327216	31	1172	589	32136147547	110679145	0	132190208
60819	2997303	workload-author	49	23588	28416	3327216	29	1140	586	31815619384	107104547	0	128118784
60819	2997388	workload-author	53	27036	27036	3532080	30	1180	585	32964521875	107995270	0	129191936
60819	2997566	workload-coordi	40	15440	15440	2657640	18	233	163	541683557	86346286	0	389439488
61053	2997218	workload-author	49	23412	27572	3327216	27	1177	591	32326120851	110836465	0	132390912
61053	2997303	workload-author	49	23152	28416	3327216	28	1145	587	31899332830	107129379	0	128155648
61053	2997388	workload-author	53	25072	26916	3532080	31	1188	589	33074378755	108026006	0	129249280
61053	2997566	workload-coordi	40	15836	15836	2657640	18	235	164	544129245	87201960	0	391270400
61289	2997218	workload-author	49	23412	27572	3327216	27	1181	592	32492502687	110910721	0	132501504
61289	2997303	workload-author	53	23800	28416	3532080	28	1151	591	32141113877	107427412	0	128512000
61289	2997388	workload-author	53	25076	26916	3532080	30	1196	591	33151942803	108043966	0	129282048
61289	2997566	workload-coordi	40	16080	16080	2657672	19	237	165	546578857	87969582	0	393015296
61529	2997218	workload-author	49	23572	27572	3327216	29	1185	594	32578648533	111001669	0	132608000
61529	2997303	workload-author	53	24980	28416	3532080	27	1159	593	32270186325	107474284	0	128589824
61529	2997388	workload-author	53	25136	26916	3532080	28	1205	594	33261347299	108074798	0	129339392
61529	2997566	workload-coordi	40	16212	16212	2657672	20	239	166	550567221	89376369	0	395943936
61769	2997218	workload-author	53	30100	30104	3532080	36	1191	597	32740014050	111979603	0	133652480
61769	2997303	workload-author	53	25044	28416	3532080	27	1166	595	32334772745	107487676	0	128614400
61769	2997388	workload-author	53	25148	26916	3532080	27	1211	596	33329401635	108088142	0	129363968
61769	2997566	workload-coordi	40	16832	16832	2657704	22	241	167	553263109	90506009	0	398192640
62009	2997218	workload-author	53	24152	28220	3532080	30	1194	598	32873139278	112260395	0	133988352
62009	2997303	workload-author	53	25072	28416	3532080	27	1171	596	32396963153	107500452	0	128634880
62009	2997388	workload-author	53	27132	27132	3532080	32	1218	598	33407103303	108105518	0	129396736
62009	2997566	workload-coordi	40	17212	17212	2657704	24	243	168	556308361	91436296	0	400482304
62248	2997218	workload-author	53	25164	28220	3532080	27	1201	600	32968086462	112290115	0	134037504
62248	2997303	workload-author	53	25152	28416	3532080	32	1180	600	32514178805	107535612	0	128700416
62248	2997388	workload-author	53	25120	26916	3532080	31	1227	601	33522482147	108140614	0	129462272
62248	2997566	workload-coordi	40	17624	17624	2657704	24	246	169	560800533	93310571	0	403902464
62487	2997218	workload-author	53	25408	28220	3532080	27	1208	603	33087204926	112332467	0	134115328
62487	2997303	workload-author	53	25156	28416	3532080	28	1184	602	32560196929	107540172	0	128716800
62487	2997388	workload-author	53	25152	26916	3532080	29	1234	604	33600062895	108158350	0	129503232
62487	2997566	workload-coordi	40	17688	17688	2657704	26	248	171	564505585	94700645	0	406728704
62729	2997218	workload-author	53	25416	28220	3532080	27	1214	603	33143272158	112341395	0	134131712
62729	2997303	workload-author	53	27168	28416	3532080	30	1192	605	32657786341	107566476	0	128765952
62729	2997388	workload-author	53	25152	26984	3532080	33	1241	606	33667695071	108171886	0	129527808
62729	2997566	workload-coordi	40	17948	17948	2657704	24	249	173	568903893	96263410	0	409923584
62970	2997218	workload-author	53	25440	28220	3532080	27	1223	606	33248244762	112372131	0	134189056
62970	2997303	workload-author	53	25176	28416	3532080	30	1200	607	32736768597	107584268	0	128798720
62970	2997388	workload-author	53	25160	26984	3532080	27	1248	608	33747027519	108189486	0	129560576
62970	2997566	workload-coordi	40	18080	18080	2657704	24	252	175	572961717	97841694	0	413028352
63210	2997218	workload-author	53	25588	28220	3532080	28	1229	607	33315100358	112385187	0	134213632
63210	2997303	workload-author	53	25336	28416	3532080	27	1208	608	32824952309	107606340	0	128839680
63210	2997388	workload-author	53	25156	27112	3532080	27	1256	610	33843714935	108215870	0	129609728
63210	2997566	workload-coordi	40	17788	17788	2657704	20	255	176	577445869	99453307	0	416223232
63452	2997218	workload-author	53	25600	28220	3532080	27	1237	610	33404012482	112407355	0	134254592
63452	2997303	workload-author	53	25944	28416	3532080	29	1216	610	32902947841	107623772	0	128872448
63452	2997388	workload-author	53	25180	27156	3532080	28	1263	612	33912135495	108229118	0	129634304
63452	2997566	workload-coordi	40	17796	17796	2657704	24	257	178	580924953	100949749	0	419008512
63692	2997218	workload-author	53	27056	28220	3532080	30	1242	612	33480465714	112424819	0	134287360
63692	2997303	workload-author	53	25344	28416	3532080	27	1222	612	32969629253	107637300	0	128897024
63692	2997388	workload-author	53	25172	27156	3532080	27	1269	613	33982558863	108242438	0	129658880
63692	2997566	workload-coordi	40	17808	17808	2657704	24	259	179	584933797	102355930	0	421969920
63934	2997218	workload-author	53	25632	28220	3532080	27	1248	615	33555155162	112442723	0	134320128
63934	2997303	workload-author	53	25348	28416	3532080	27	1232	614	33069885329	107663684	0	128946176
63934	2997388	workload-author	53	25184	27156	3532080	27	1278	615	34075418711	108268838	0	129708032
63934	2997566	workload-coordi	40	18068	18068	2657704	23	261	181	589085313	103934298	0	424951808
64174	2997218	workload-author	53	27596	28220	3532080	30	1256	617	33632072566	112460331	0	134352896
64174	2997303	workload-author	53	25356	28416	3532080	30	1238	615	33138924317	107676956	0	128970752
64174	2997388	workload-author	53	25176	27156	3532080	27	1287	617	34167526263	108290926	0	129748992
64174	2997566	workload-coordi	40	18380	18380	2657704	24	264	182	593142965	105562506	0	428072960
64414	2997218	workload-author	53	25640	28220	3532080	27	1263	618	33709086018	112478011	0	134385664
64414	2997303	workload-author	53	26108	28416	3532080	29	1246	617	33226058253	107698748	0	129015808
64414	2997388	workload-author	53	25180	27156	3532080	27	1294	619	34244975231	108308590	0	129781760
64414	2997566	workload-coordi	40	18596	18596	2657704	25	266	184	596839481	106976958	0	430833664
64650	2997218	workload-author	53	25656	28220	3532080	30	1270	620	33788340622	112495659	0	134418432
64650	2997303	workload-author	53	25368	28416	3532080	27	1253	619	33293906021	107712308	0	129040384
64650	2997388	workload-author	53	25184	27560	3532080	27	1301	621	34311010615	108321894	0	129806336
64650	2997566	workload-coordi	40	18740	18740	2657704	24	269	185	600913861	108387587	0	433803264
64887	2997218	workload-author	53	25664	28220	3532080	27	1276	622	33856937842	112513259	0	134451200
64887	2997303	workload-author	53	27372	28416	3532080	31	1261	622	33390704869	108316004	0	129667072
64887	2997388	workload-author	53	25280	27640	3532080	28	1308	624	34396867623	108343934	0	129847296
64887	2997566	workload-coordi	40	18292	18292	2657704	22	271	186	604277569	109715245	0	436224000
65125	2997218	workload-author	53	25672	28220	3532080	27	1282	623	33926062686	112526571	0	134475776
65125	2997303	workload-author	53	25384	28416	3532080	27	1266	624	33447835529	108329268	0	129712128
65125	2997388	workload-author	53	25196	27640	3532080	28	1315	626	34473230423	108361630	0	129880064
65125	2997566	workload-coordi	40	18484	18484	2657704	22	272	188	607805977	111072227	0	438886400
65364	2997218	workload-author	53	25676	28220	3532080	27	1289	626	34014004762	112548635	0	134516736
65364	2997303	workload-author	53	25552	28416	3532080	28	1272	627	33516781505	108342612	0	129736704
65364	2997388	workload-author	53	25196	27640	3532080	31	1323	628	34552792079	108379214	0	129912832
65364	2997566	workload-coordi	40	18608	18608	2657704	23	275	189	611642101	112511364	0	441745408
65602	2997218	workload-author	53	25676	28220	3532080	27	1296	628	34079464694	112561931	0	134541312
65602	2997303	workload-author	53	25396	28416	3532080	29	1279	629	33603079965	108364396	0	129777664
65602	2997388	workload-author	53	25200	27640	3532080	27	1328	630	34607842695	108388134	0	129929216
65602	2997566	workload-coordi	40	17964	17964	2657704	26	277	190	615162317	113786068	0	444321792
65840	2997218	workload-author	53	26184	28220	3532080	29	1303	630	34173993274	112588179	0	134590464
65840	2997303	workload-author	53	25400	28416	3532080	27	1287	632	33692567377	108386692	0	129818624
65840	2997388	workload-author	53	27176	27828	3532080	33	1335	632	34684475427	108405510	0	129961984
65840	2997566	workload-coordi	40	18220	18220	2657704	25	279	192	619547993	115307005	0	447365120
66081	2997218	workload-author	53	25688	28220	3532080	28	1311	633	34261417634	112610379	0	134631424
66081	2997303	workload-author	53	25404	28416	3532080	27	1292	635	33759553389	108399948	0	129843200
66081	2997388	workload-author	53	25196	27828	3532080	27	1345	635	34780405783	108432126	0	130011136
66081	2997566	workload-coordi	40	17708	17708	2657704	22	282	194	623716065	116918546	0	450433024
66322	2997218	workload-author	53	25704	28220	3532080	27	1317	634	34319441846	112619323	0	134647808
66322	2997303	workload-author	53	25404	28416	3532080	30	1298	637	33838735269	108421772	0	129884160
66322	2997388	workload-author	53	25484	27916	3532080	30	1351	637	34850594207	108445318	0	130035712
66322	2997566	workload-coordi	40	17900	17900	2657704	28	284	195	627240549	118382206	0	453255168
66561	2997218	workload-author	53	27688	28220	3532080	33	1326	636	34416491074	112645483	0	134696960
66561	2997303	workload-author	53	25404	28416	3532080	27	1305	639	33908122917	108435284	0	129908736
66561	2997388	workload-author	53	25200	27928	3532080	27	1357	638	34909539915	108454334	0	130052096
66561	2997566	workload-coordi	40	18160	18160	2657704	24	286	196	631187437	119632574	0	455942144
66801	2997218	workload-author	53	25704	28220	3532080	27	1334	638	34493484018	112663435	0	134729728
66801	2997303	workload-author	53	25416	28416	3532080	27	1314	643	34027188497	108470468	0	129974272
66801	2997388	workload-author	53	27180	27928	3532080	29	1363	641	34984059359	108471766	0	130084864
66801	2997566	workload-coordi	40	18288	18288	2657704	25	288	198	635326665	121317916	0	459034624
67040	2997218	workload-author	53	25796	28220	3532080	27	1341	640	34573669590	112681099	0	134762496
67040	2997303	workload-author	53	25416	28416	3532080	27	1318	644	34064357805	108470668	0	129974272
67040	2997388	workload-author	53	25200	27928	3532080	31	1373	644	35093235471	108502638	0	130142208
67040	2997566	workload-coordi	40	18224	18224	2657704	26	291	199	639179173	122831041	0	461963264
67279	2997218	workload-author	53	25716	28220	3532080	27	1348	642	34642418042	112694347	0	134787072
67279	2997303	workload-author	53	26000	28416	3532080	27	1327	646	34170076269	108501436	0	130031616
67279	2997388	workload-author	53	25200	27928	3532080	29	1379	645	35157003319	108515726	0	130166784
67279	2997566	workload-coordi	40	18020	18020	2657704	24	293	201	643216173	124253642	0	464834560
67517	2997218	workload-author	53	25712	28220	3532080	30	1355	644	34721679678	112712011	0	134819840
67517	2997303	workload-author	53	25440	28416	3532080	28	1335	649	34248163285	108519068	0	130064384
67517	2997388	workload-author	53	25204	27928	3532080	29	1386	647	35224240495	108529262	0	130191360
67517	2997566	workload-coordi	40	18280	18280	2657704	26	295	202	647364109	125775186	0	467886080
67756	2997218	workload-author	53	25736	28220	3532080	27	1362	646	34802510046	112734003	0	134860800
67756	2997303	workload-author	53	25436	28416	3532080	27	1342	651	34336743325	108541028	0	130105344
67756	2997388	workload-author	53	25208	27928	3532080	29	1393	650	35301895291	108546862	0	130224128
67756	2997566	workload-coordi	40	18344	18344	2657704	24	298	204	651544641	127263406	0	470843392
67996	2997218	workload-author	53	27728	28220	3532080	32	1371	648	34897543610	112760387	0	134909952
67996	2997303	workload-author	53	25436	28416	3532080	27	1348	652	34394228717	108550004	0	130121728
67996	2997388	workload-author	53	25204	27928	3532080	27	1401	653	35410059067	108577550	0	130281472
67996	2997566	workload-coordi	40	18144	18144	2657704	23	301	205	655659293	128948847	0	473944064
68237	2997218	workload-author	53	25744	28220	3532080	27	1376	650	34956523106	112769387	0	134926336
68237	2997303	workload-author	53	25444	28416	3532080	27	1356	655	34482419133	108571996	0	130162688
68237	2997388	workload-author	53	25208	27928	3532080	27	1408	655	35484618827	108590838	0	130306048
68237	2997566	workload-coordi	40	18656	18656	2657704	24	303	207	659750057	130339243	0	476917760
68478	2997218	workload-author	53	27728	28220	3532080	32	1384	653	35053461570	112795563	0	134975488
68478	2997303	workload-author	53	25456	28416	3532080	31	1363	658	34576555645	108598180	0	130211840
68478	2997388	workload-author	53	25476	27928	3532080	27	1415	656	35547419307	108604094	0	130330624
68478	2997566	workload-coordi	40	18528	18528	2657704	25	305	209	664135733	132049059	0	480165888
68715	2997218	workload-author	53	27728	28220	3532080	31	1392	655	35144332522	112817723	0	135016448
68715	2997303	workload-author	53	25444	28416	3532080	27	1371	659	34645294397	108611700	0	130236416
68715	2997388	workload-author	53	25656	27928	3532080	31	1424	659	35656733055	108634662	0	130387968
68715	2997566	workload-coordi	40	18504	18504	2657704	24	308	210	668615789	133685384	0	483409920
68957	2997218	workload-author	53	27724	28220	3532080	29	1399	658	35221437226	112835427	0	135049216
68957	2997303	workload-author	53	25448	28416	3532080	27	1377	662	34733152713	108633716	0	130277376
68957	2997388	workload-author	53	25224	27928	3532080	27	1432	661	35734657787	108652502	0	130420736
68957	2997566	workload-coordi	40	18728	18760	2657704	22	311	211	672656713	135239562	0	486379520
69196	2997218	workload-author	53	25752	28220	3532080	29	1405	660	35280304866	112844451	0	135065600
69196	2997303	workload-author	53	27568	28416	3532080	30	1384	665	34816590337	108655516	0	130318336
69196	2997388	workload-author	53	25680	27928	3532080	27	1439	663	35804051331	108665798	0	130445312
69196	2997566	workload-coordi	40	18960	18960	2657704	26	313	213	676238885	136547483	0	489107456
69436	2997218	workload-author	53	25756	28220	3532080	27	1411	662	35344252698	112857731	0	135090176
69436	2997303	workload-author	53	25972	28416	3532080	30	1392	667	34898929849	108677652	0	130359296
69436	2997388	workload-author	53	25692	27928	3532080	28	1445	665	35864836523	108679046	0	130469888
69436	2997566	workload-coordi	40	18448	18448	2657704	23	315	214	679729913	137764037	0	491491328
69676	2997218	workload-author	53	27740	28220	3532080	31	1420	664	35453912954	112888395	0	135147520
69676	2997303	workload-author	53	25712	28416	3532080	27	1397	668	34945797513	108682276	0	130367488
69676	2997388	workload-author	53	25724	27928	3532080	31	1455	668	35977905167	108714102	0	130539520
69676	2997566	workload-coordi	40	18388	18388	2657704	28	318	216	684796901	139687984	0	495255552
69917	2997218	workload-author	53	25760	28220	3532080	27	1427	667	35532697906	112906067	0	135180288
69917	2997303	workload-author	53	25716	28416	3532080	27	1405	671	35039708617	108708684	0	130416640
69917	2997388	workload-author	53	25692	27928	3532080	27	1462	669	36043220667	108727454	0	130564096
69917	2997566	workload-coordi	40	18580	18580	2657704	20	320	218	688513553	141135190	0	497975296
70154	2997218	workload-author	53	27744	28220	3532080	31	1432	669	35590313314	112914859	0	135196672
70154	2997303	workload-author	53	27448	28416	3532080	30	1413	672	35116941481	108726196	0	130449408
70154	2997388	workload-author	53	25696	27928	3532080	27	1469	672	36123505659	109281710	0	131133440
70154	2997566	workload-coordi	40	18708	18708	2657704	27	322	219	692206661	142516986	0	500862976
70393	2997218	workload-author	53	25768	28220	3532080	30	1440	671	35677295146	112936883	0	135237632
70393	2997303	workload-author	53	25452	28416	3532080	29	1422	675	35214883893	108752708	0	130498560
70393	2997388	workload-author	53	25700	27928	3532080	27	1475	674	36190035027	109299134	0	131186688
70393	2997566	workload-coordi	40	18968	18968	2657704	22	324	221	696673913	144120238	0	503951360
70631	2997218	workload-author	53	25768	28220	3532080	29	1449	675	35784705974	112967723	0	135299072
70631	2997303	workload-author	53	25452	28416	3532080	27	1427	678	35280041393	108766020	0	130523136
70631	2997388	workload-author	53	25696	27928	3532080	30	1485	677	36307775859	109334182	0	131252224
70631	2997566	workload-coordi	40	18852	18852	2657704	26	328	223	701625697	146126261	0	507682816
70872	2997218	workload-author	53	25768	28220	3532080	27	1457	676	35853788346	112981027	0	135323648
70872	2997303	workload-author	53	25448	28416	3532080	27	1434	680	35355821521	108783660	0	130555904
70872	2997388	workload-author	53	25696	27928	3532080	27	1492	679	36375625111	109347614	0	131276800
70872	2997566	workload-coordi	40	18584	18584	2657704	22	330	224	705383825	147426336	0	510390272
71109	2997218	workload-author	53	25768	28220	3532080	27	1465	678	35930438042	112998691	0	135356416
71109	2997303	workload-author	53	25472	28416	3532080	30	1443	683	35461573097	108814308	0	130613248
71109	2997388	workload-author	53	25696	27928	3532080	27	1499	681	36444124379	109360846	0	131301376
71109	2997566	workload-coordi	40	18176	18272	2657704	23	332	226	709839305	149070904	0	513634304
71349	2997218	workload-author	53	25768	28220	3532080	27	1473	680	36017864058	113020723	0	135397376
71349	2997303	workload-author	53	25476	28416	3532080	28	1449	685	35520748393	108823284	0	130629632
71349	2997388	workload-author	53	25688	27928	3532080	30	1509	684	36562081747	109395774	0	131366912
71349	2997566	workload-coordi	40	18204	18204	2657704	22	335	228	714413913	150682744	0	516911104
71589	2997218	workload-author	53	25792	28220	3532080	29	1481	683	36106297970	113042787	0	135438336
71589	2997303	workload-author	53	25744	28416	3532080	27	1458	688	35631326229	108854116	0	130686976
71589	2997388	workload-author	53	25732	27928	3532080	27	1517	685	36631820987	109409286	0	131391488
71589	2997566	workload-coordi	40	18140	18140	2657704	24	338	229	718844473	152524124	0	520273920
71831	2997218	workload-author	53	25768	28220	3532080	28	1488	685	36176722478	113056139	0	135462912
71831	2997303	workload-author	53	27464	28416	3532080	30	1465	690	35698493341	108867156	0	130711552
71831	2997388	workload-author	53	25692	27928	3532080	30	1524	688	36712906827	109426902	0	131424256
71831	2997566	workload-coordi	40	18524	18524	2657704	25	340	231	722877893	153914667	0	523231232
72072	2997218	workload-author	53	25768	28220	3532080	29	1496	687	36267430934	113078067	0	135503872
72072	2997303	workload-author	53	25480	28416	3532080	27	1473	692	35797903909	108893828	0	130760704
72072	2997388	workload-author	53	27672	27928	3532080	29	1531	689	36787348179	109444222	0	131457024
72072	2997566	workload-coordi	40	18700	18700	2657704	24	343	233	727164921	155566974	0	526389248
72313	2997218	workload-author	53	25772	28220	3532080	30	1505	690	36375010330	113108659	0	135561216
72313	2997303	workload-author	53	25484	28416	3532080	28	1482	695	35883074381	108915876	0	130801664
72313	2997388	workload-author	53	27676	27928	3532080	33	1541	694	36928735807	109487870	0	131538944
72313	2997566	workload-coordi	40	18368	18368	2657672	25	345	236	732859113	157662841	0	530362368
72557	2997218	workload-author	53	25772	28220	3532080	31	1514	692	36457170462	113126611	0	135593984
72557	2997303	workload-author	53	25484	28416	3532080	27	1487	698	35953770657	108929188	0	130826240
72557	2997388	workload-author	53	25788	27928	3532080	27	1546	695	36968305359	109488206	0	131538944
72557	2997566	workload-coordi	40	18352	18352	2657672	21	361	237	737264237	158921578	0	532975616
72795	2997218	workload-author	53	25772	28220	3532080	28	1522	694	36546182950	113148603	0	135634944
72795	2997303	workload-author	53	25492	28416	3532080	27	1496	701	36072297125	108964396	0	130891776
72795	2997388	workload-author	53	25788	27928	3532080	27	1550	696	37005473227	109488294	0	131538944
72795	2997566	workload-coordi	39	18460	18460	2654712	19	364	238	741268469	160311215	0	535805952
73034	2997218	workload-author	53	27756	28220	3532080	30	1531	698	36660990554	113183475	0	135700480
73034	2997303	workload-author	53	25492	28416	3532080	27	1505	705	36182218413	108995276	0	130949120
73034	2997388	workload-author	53	25788	27928	3532080	27	1554	697	37043074843	109488390	0	131538944
73034	2997566	workload-coordi	39	18524	18524	2654680	17	366	240	745264165	161848802	0	538701824
73271	2997218	workload-author	53	25772	28220	3532080	29	1539	700	36742423078	113201355	0	135733248
73271	2997303	workload-author	53	25492	28416	3532080	28	1514	708	36290786973	109026148	0	131006464
73271	2997388	workload-author	53	25788	27928	3532080	28	1558	698	37077714023	109488486	0	131538944
73271	2997566	workload-coordi	39	18592	18592	2654680	19	369	241	749289049	163370133	0	541716480
73509	2997218	workload-author	53	25776	28220	3532080	29	1549	702	36863663642	113236395	0	135798784
73509	2997303	workload-author	53	25828	28416	3532080	32	1523	710	36387934353	109052388	0	131055616
73509	2997388	workload-author	53	25788	27928	3532080	27	1562	700	37115431099	109488582	0	131538944
73509	2997566	workload-coordi	39	18592	18592	2654712	20	371	243	753149749	164883008	0	544632832
73749	2997218	workload-author	53	25776	28220	3532080	27	1557	705	36955414778	113258779	0	135839744
73749	2997303	workload-author	53	25516	28416	3532080	27	1531	712	36468789185	109070356	0	131092480
73749	2997388	workload-author	53	25788	27928	3532080	27	1566	700	37152774667	109488678	0	131538944
73749	2997566	workload-coordi	39	18592	18592	2654712	18	373	243	756911801	166190967	0	547303424
73988	2997218	workload-author	53	25780	28220	3532080	27	1566	708	37061334694	113289547	0	135897088
73988	2997303	workload-author	53	25892	28416	3532080	30	1543	715	36591451857	109105476	0	131158016
73988	2997388	workload-author	53	25788	27928	3532080	27	1570	701	37189552191	109488774	0	131538944
73988	2997566	workload-coordi	39	18660	18660	2654712	17	375	245	760763965	167654063	0	550080512
74225	2997218	workload-author	53	25780	28220	3532080	30	1573	711	37146421366	113307131	0	135929856
74225	2997303	workload-author	53	25492	28416	3532080	28	1551	718	36689621081	109131804	0	131207168
74225	2997388	workload-author	53	25788	27928	3532080	27	1574	702	37224232955	109488870	0	131538944
74225	2997566	workload-coordi	39	18628	18660	2654712	19	377	247	764509977	168994499	0	552816640
74461	2997218	workload-author	53	25848	28220	3532080	27	1581	713	37250026022	113337947	0	135987200
74461	2997303	workload-author	53	27476	28416	3532080	30	1560	720	36808508953	109166652	0	131272704
74461	2997388	workload-author	53	25788	27928	3532080	27	1578	703	37261413627	109488958	0	131538944
74461	2997566	workload-coordi	39	18628	18628	2654680	17	379	248	768686241	170523726	0	555745280
74698	2997218	workload-author	53	25780	28220	3532080	27	1592	718	37391799598	113381707	0	136069120
74698	2997303	workload-author	53	25576	28416	3532080	27	1565	722	36852291677	109171276	0	131280896
74698	2997388	workload-author	53	25788	27928	3532080	27	1582	704	37298338507	109489054	0	131538944
74698	2997566	workload-coordi	39	18952	18952	2654680	16	395	249	773218341	171847366	0	558374912
74937	2997218	workload-author	53	25868	28220	3532080	27	1603	722	37546502394	113429651	0	136159232
74937	2997303	workload-author	53	25576	28416	3532080	28	1569	723	36888373933	109171364	0	131280896
74937	2997388	workload-author	53	25788	27928	3532080	27	1586	705	37335464255	109489150	0	131538944
74937	2997566	workload-coordi	38	19228	19228	2651720	12	400	250	775359033	172504714	0	559558656
75175	2997218	workload-author	53	25868	28220	3532080	27	1607	722	37582102374	113429763	0	136159232
75175	2997303	workload-author	53	25576	28416	3532080	27	1573	724	36924852301	109171460	0	131280896
75175	2997388	workload-author	53	25324	27928	3532080	27	1590	706	37371395819	109489246	0	131538944
75175	2997566	workload-coordi	37	19252	19252	2648728	7	413	250	826539069	222894107	0	610054144
