154	1789132025500	0	-1	session-open	workload-a
154	1789132025501	2	-1	session-open	workload-c
154	1789132025501	1	-1	session-open	workload-b
210	1789132025556	1	-1	declared	batch 0: 100 entities
212	1789132025559	0	-1	declared	batch 0: 100 entities
215	1789132025562	2	-1	declared	batch 0: 100 entities
280	1789132025627	2	-1	declared	batch 1: 100 entities
283	1789132025629	0	-1	declared	batch 1: 100 entities
288	1789132025635	1	-1	declared	batch 1: 100 entities
348	1789132025695	2	-1	declared	batch 2: 56 entities
351	1789132025697	0	-1	declared	batch 2: 56 entities
361	1789132025708	1	-1	declared	batch 2: 56 entities
572	1789132025918	2	38	admit-ceiling	LIMIT_EXCEEDED: client unresolved admission ceiling
598	1789132025945	2	35	admit-ceiling	LIMIT_EXCEEDED: client unresolved admission ceiling
640	1789132025987	2	41	admit-ceiling	LIMIT_EXCEEDED: client unresolved admission ceiling
706	1789132026053	0	9	admit-ceiling	LIMIT_EXCEEDED: client unresolved admission ceiling
748	1789132026095	0	21	admit-ceiling	LIMIT_EXCEEDED: client unresolved admission ceiling
854	1789132026201	0	0	admit-ceiling	LIMIT_EXCEEDED: client unresolved admission ceiling
968	1789132026315	1	7	admitted	admit=606ms
971	1789132026317	2	5	admitted	admit=622ms
973	1789132026320	0	45	admitted	admit=622ms
997	1789132026344	1	46	admitted	admit=635ms
1000	1789132026346	0	33	admitted	admit=648ms
1002	1789132026349	2	23	admitted	admit=653ms
1019	1789132026365	1	13	admitted	admit=656ms
1021	1789132026368	0	6	admitted	admit=669ms
1026	1789132026373	2	8	admitted	admit=677ms
1050	1789132026397	1	10	admitted	admit=688ms
1053	1789132026400	0	27	admitted	admit=701ms
1056	1789132026402	2	2	admitted	admit=706ms
1077	1789132026423	1	4	admitted	admit=714ms
1085	1789132026431	2	44	admitted	admit=734ms
1087	1789132026434	0	30	admitted	admit=735ms
1110	1789132026456	1	31	admitted	admit=747ms
1112	1789132026459	0	39	admitted	admit=759ms
1115	1789132026461	2	26	admitted	admit=764ms
1138	1789132026485	0	42	admitted	admit=785ms
1144	1789132026490	2	29	admitted	admit=793ms
1144	1789132026490	1	28	admitted	admit=781ms
1167	1789132026513	1	16	admitted	admit=804ms
1167	1789132026513	0	36	admitted	admit=815ms
1169	1789132026516	2	14	admitted	admit=819ms
1196	1789132026542	2	32	admitted	admit=845ms
1198	1789132026545	1	1	admitted	admit=836ms
1198	1789132026545	0	18	admitted	admit=845ms
1225	1789132026571	1	43	admitted	admit=862ms
1231	1789132026578	0	24	admitted	admit=878ms
1231	1789132026578	2	47	admitted	admit=882ms
1255	1789132026602	1	34	admitted	admit=892ms
1260	1789132026607	2	11	admitted	admit=909ms
1268	1789132026615	0	15	admitted	admit=914ms
1286	1789132026633	2	20	admitted	admit=934ms
1291	1789132026638	0	3	admitted	admit=937ms
1296	1789132026643	1	19	admitted	admit=933ms
1317	1789132026663	2	17	admitted	admit=965ms
1327	1789132026673	0	48	admit-ceiling	LIMIT_EXCEEDED: client unresolved admission ceiling
1328	1789132026675	1	22	admitted	admit=965ms
1365	1789132026712	0	51	admit-ceiling	LIMIT_EXCEEDED: client unresolved admission ceiling
1371	1789132026717	1	25	admitted	admit=1007ms
1402	1789132026748	1	37	admitted	admit=1038ms
1402	1789132026748	2	53	admit-ceiling	LIMIT_EXCEEDED: client unresolved admission ceiling
1433	1789132026780	1	40	admitted	admit=1070ms
1436	1789132026783	2	56	admit-ceiling	LIMIT_EXCEEDED: client unresolved admission ceiling
1439	1789132026785	0	57	admit-ceiling	LIMIT_EXCEEDED: client unresolved admission ceiling
1567	1789132026913	2	68	admit-ceiling	LIMIT_EXCEEDED: client unresolved admission ceiling
1660	1789132027007	1	61	admit-refused	authority refusal LIMIT_EXCEEDED: aggregate admission capacity exhausted
1678	1789132027025	1	58	admit-refused	authority refusal LIMIT_EXCEEDED: aggregate admission capacity exhausted
1680	1789132027027	0	78	admit-ceiling	LIMIT_EXCEEDED: client unresolved admission ceiling
1683	1789132027029	2	77	admit-ceiling	LIMIT_EXCEEDED: client unresolved admission ceiling
1694	1789132027040	0	75	admit-refused	authority refusal LIMIT_EXCEEDED: aggregate admission capacity exhausted
1697	1789132027043	1	64	admit-refused	authority refusal LIMIT_EXCEEDED: aggregate admission capacity exhausted
1707	1789132027054	0	72	admit-refused	authority refusal LIMIT_EXCEEDED: aggregate admission capacity exhausted
1714	1789132027060	2	80	admit-ceiling	LIMIT_EXCEEDED: client unresolved admission ceiling
1742	1789132027089	2	83	admit-ceiling	LIMIT_EXCEEDED: client unresolved admission ceiling
1745	1789132027091	0	0	admit-retried	succeeded after 1 refusals
1745	1789132027091	0	0	admitted	admit=1391ms
1763	1789132027110	0	81	admit-refused	authority refusal LIMIT_EXCEEDED: aggregate admission capacity exhausted
1779	1789132027126	2	74	admit-refused	authority refusal LIMIT_EXCEEDED: aggregate admission capacity exhausted
1786	1789132027133	1	76	admit-ceiling	LIMIT_EXCEEDED: client unresolved admission ceiling
1789	1789132027136	0	21	admit-retried	succeeded after 1 refusals
1789	1789132027136	0	21	admitted	admit=1435ms
1797	1789132027144	1	67	admit-refused	authority refusal LIMIT_EXCEEDED: aggregate admission capacity exhausted
1821	1789132027167	2	35	admit-retried	succeeded after 1 refusals
1821	1789132027167	2	35	admitted	admit=1471ms
1821	1789132027167	0	54	admitted	admit=529ms
1845	1789132027191	2	41	admit-retried	succeeded after 1 refusals
1845	1789132027191	2	41	admitted	admit=1494ms
1853	1789132027200	0	12	admitted	admit=1500ms
1874	1789132027220	2	59	admitted	admit=556ms
1882	1789132027228	1	85	admit-ceiling	LIMIT_EXCEEDED: client unresolved admission ceiling
1884	1789132027231	0	60	admitted	admit=592ms
1897	1789132027244	2	50	admitted	admit=665ms
1903	1789132027250	0	9	admit-refused	authority refusal LIMIT_EXCEEDED: aggregate admission capacity exhausted
1913	1789132027259	1	88	admit-ceiling	LIMIT_EXCEEDED: client unresolved admission ceiling
1915	1789132027262	0	63	admitted	admit=623ms
1921	1789132027267	2	65	admitted	admit=603ms
1939	1789132027285	1	91	admit-ceiling	LIMIT_EXCEEDED: client unresolved admission ceiling
1944	1789132027291	0	69	admitted	admit=651ms
1945	1789132027292	1	73	admit-refused	authority refusal LIMIT_EXCEEDED: aggregate admission capacity exhausted
1946	1789132027293	1	79	admit-refused	authority refusal LIMIT_EXCEEDED: aggregate admission capacity exhausted
1949	1789132027295	0	78	admit-ceiling	LIMIT_EXCEEDED: client unresolved admission ceiling
1949	1789132027296	0	75	admit-ceiling	LIMIT_EXCEEDED: client unresolved admission ceiling
1949	1789132027296	0	72	admit-ceiling	LIMIT_EXCEEDED: client unresolved admission ceiling
1949	1789132027296	2	62	admitted	admit=632ms
1950	1789132027297	0	81	admit-ceiling	LIMIT_EXCEEDED: client unresolved admission ceiling
1975	1789132027322	0	84	admit-ceiling	LIMIT_EXCEEDED: client unresolved admission ceiling
1983	1789132027330	2	86	admitted	admit=664ms
1987	1789132027333	2	68	admit-ceiling	LIMIT_EXCEEDED: client unresolved admission ceiling
1987	1789132027334	2	77	admit-ceiling	LIMIT_EXCEEDED: client unresolved admission ceiling
1987	1789132027334	2	80	admit-ceiling	LIMIT_EXCEEDED: client unresolved admission ceiling
1989	1789132027335	2	83	admit-ceiling	LIMIT_EXCEEDED: client unresolved admission ceiling
1989	1789132027336	2	74	admit-ceiling	LIMIT_EXCEEDED: client unresolved admission ceiling
2015	1789132027361	0	87	admit-ceiling	LIMIT_EXCEEDED: client unresolved admission ceiling
2017	1789132027364	1	49	admitted	admit=646ms
2026	1789132027372	2	89	admit-ceiling	LIMIT_EXCEEDED: client unresolved admission ceiling
2033	1789132027380	1	94	admit-refused	authority refusal LIMIT_EXCEEDED: aggregate admission capacity exhausted
2035	1789132027381	1	82	admit-refused	authority refusal LIMIT_EXCEEDED: aggregate admission capacity exhausted
2038	1789132027385	2	38	admit-refused	authority refusal LIMIT_EXCEEDED: aggregate admission capacity exhausted
2050	1789132027397	1	52	admitted	admit=648ms
2056	1789132027402	0	90	admit-ceiling	LIMIT_EXCEEDED: client unresolved admission ceiling
2077	1789132027423	2	95	admit-ceiling	LIMIT_EXCEEDED: client unresolved admission ceiling
2085	1789132027431	1	70	admitted	admit=650ms
2089	1789132027435	1	76	admit-ceiling	LIMIT_EXCEEDED: client unresolved admission ceiling
2089	1789132027435	1	67	admit-ceiling	LIMIT_EXCEEDED: client unresolved admission ceiling
2089	1789132027436	1	85	admit-ceiling	LIMIT_EXCEEDED: client unresolved admission ceiling
2089	1789132027436	1	88	admit-ceiling	LIMIT_EXCEEDED: client unresolved admission ceiling
2089	1789132027436	1	91	admit-ceiling	LIMIT_EXCEEDED: client unresolved admission ceiling
2090	1789132027436	1	73	admit-ceiling	LIMIT_EXCEEDED: client unresolved admission ceiling
2090	1789132027436	1	79	admit-ceiling	LIMIT_EXCEEDED: client unresolved admission ceiling
2102	1789132027448	2	56	admit-refused	authority refusal LIMIT_EXCEEDED: aggregate admission capacity exhausted
2116	1789132027463	2	53	admit-refused	authority refusal LIMIT_EXCEEDED: aggregate admission capacity exhausted
2121	1789132027467	1	97	admit-ceiling	LIMIT_EXCEEDED: client unresolved admission ceiling
2129	1789132027475	0	96	admit-ceiling	LIMIT_EXCEEDED: client unresolved admission ceiling
2132	1789132027479	2	92	admit-refused	authority refusal LIMIT_EXCEEDED: aggregate admission capacity exhausted
2160	1789132027506	1	100	admit-ceiling	LIMIT_EXCEEDED: client unresolved admission ceiling
2196	1789132027543	2	71	admit-refused	authority refusal LIMIT_EXCEEDED: aggregate admission capacity exhausted
2203	1789132027549	2	89	admit-ceiling	LIMIT_EXCEEDED: client unresolved admission ceiling
2203	1789132027549	2	95	admit-ceiling	LIMIT_EXCEEDED: client unresolved admission ceiling
2203	1789132027550	2	80	admit-ceiling	LIMIT_EXCEEDED: client unresolved admission ceiling
2203	1789132027550	0	102	admit-ceiling	LIMIT_EXCEEDED: client unresolved admission ceiling
2203	1789132027550	1	103	admit-ceiling	LIMIT_EXCEEDED: client unresolved admission ceiling
2203	1789132027550	2	77	admit-ceiling	LIMIT_EXCEEDED: client unresolved admission ceiling
2204	1789132027550	2	68	admit-ceiling	LIMIT_EXCEEDED: client unresolved admission ceiling
2204	1789132027550	2	74	admit-ceiling	LIMIT_EXCEEDED: client unresolved admission ceiling
2204	1789132027551	2	83	admit-ceiling	LIMIT_EXCEEDED: client unresolved admission ceiling
2204	1789132027551	1	94	admit-ceiling	LIMIT_EXCEEDED: client unresolved admission ceiling
2204	1789132027551	1	82	admit-ceiling	LIMIT_EXCEEDED: client unresolved admission ceiling
2223	1789132027569	1	97	admit-ceiling	LIMIT_EXCEEDED: client unresolved admission ceiling
2234	1789132027580	2	92	admit-ceiling	LIMIT_EXCEEDED: client unresolved admission ceiling
2235	1789132027582	0	57	admit-retried	succeeded after 1 refusals
2235	1789132027582	0	57	admitted	admit=943ms
2240	1789132027587	2	38	admit-ceiling	LIMIT_EXCEEDED: client unresolved admission ceiling
2250	1789132027596	2	104	admit-refused	authority refusal LIMIT_EXCEEDED: aggregate admission capacity exhausted
2260	1789132027607	1	58	admit-retried	succeeded after 1 refusals
2260	1789132027607	1	58	admitted	admit=826ms
2263	1789132027610	0	93	admitted	admit=317ms
2266	1789132027612	0	84	admit-ceiling	LIMIT_EXCEEDED: client unresolved admission ceiling
2266	1789132027612	0	9	admit-ceiling	LIMIT_EXCEEDED: client unresolved admission ceiling
2266	1789132027613	0	87	admit-ceiling	LIMIT_EXCEEDED: client unresolved admission ceiling
2266	1789132027613	0	78	admit-ceiling	LIMIT_EXCEEDED: client unresolved admission ceiling
2267	1789132027613	0	72	admit-ceiling	LIMIT_EXCEEDED: client unresolved admission ceiling
2267	1789132027613	0	75	admit-ceiling	LIMIT_EXCEEDED: client unresolved admission ceiling
2267	1789132027613	0	81	admit-ceiling	LIMIT_EXCEEDED: client unresolved admission ceiling
2267	1789132027614	0	90	admit-ceiling	LIMIT_EXCEEDED: client unresolved admission ceiling
2267	1789132027614	0	96	admit-ceiling	LIMIT_EXCEEDED: client unresolved admission ceiling
2285	1789132027631	2	98	admit-refused	authority refusal LIMIT_EXCEEDED: aggregate admission capacity exhausted
2289	1789132027636	1	106	admit-ceiling	LIMIT_EXCEEDED: client unresolved admission ceiling
2290	1789132027637	1	76	admit-ceiling	LIMIT_EXCEEDED: client unresolved admission ceiling
2292	1789132027638	1	79	admit-ceiling	LIMIT_EXCEEDED: client unresolved admission ceiling
2292	1789132027638	1	85	admit-ceiling	LIMIT_EXCEEDED: client unresolved admission ceiling
2292	1789132027639	1	73	admit-ceiling	LIMIT_EXCEEDED: client unresolved admission ceiling
2292	1789132027639	1	67	admit-ceiling	LIMIT_EXCEEDED: client unresolved admission ceiling
2292	1789132027639	1	88	admit-ceiling	LIMIT_EXCEEDED: client unresolved admission ceiling
2292	1789132027639	1	91	admit-ceiling	LIMIT_EXCEEDED: client unresolved admission ceiling
2293	1789132027640	0	105	admit-ceiling	LIMIT_EXCEEDED: client unresolved admission ceiling
2301	1789132027648	0	99	admit-refused	authority refusal LIMIT_EXCEEDED: aggregate admission capacity exhausted
2304	1789132027651	1	103	admit-ceiling	LIMIT_EXCEEDED: client unresolved admission ceiling
2314	1789132027660	1	64	admit-refused	authority refusal LIMIT_EXCEEDED: aggregate admission capacity exhausted
2318	1789132027665	2	53	admit-ceiling	LIMIT_EXCEEDED: client unresolved admission ceiling
2325	1789132027672	1	61	admit-refused	authority refusal LIMIT_EXCEEDED: aggregate admission capacity exhausted
2325	1789132027672	2	107	admit-refused	authority refusal LIMIT_EXCEEDED: aggregate admission capacity exhausted
2328	1789132027674	0	102	admit-ceiling	LIMIT_EXCEEDED: client unresolved admission ceiling
2347	1789132027694	1	100	admit-retried	succeeded after 1 refusals
2347	1789132027694	1	100	admitted	admit=261ms
2373	1789132027719	2	101	admit-refused	authority refusal LIMIT_EXCEEDED: aggregate admission capacity exhausted
2387	1789132027733	2	71	admit-refused	authority refusal LIMIT_EXCEEDED: aggregate admission capacity exhausted
2395	1789132027742	0	105	admit-ceiling	LIMIT_EXCEEDED: client unresolved admission ceiling
2403	1789132027749	0	99	admit-ceiling	LIMIT_EXCEEDED: client unresolved admission ceiling
2404	1789132027750	2	104	admit-refused	authority refusal LIMIT_EXCEEDED: aggregate admission capacity exhausted
2406	1789132027753	1	94	admit-ceiling	LIMIT_EXCEEDED: client unresolved admission ceiling
2424	1789132027771	1	97	admit-ceiling	LIMIT_EXCEEDED: client unresolved admission ceiling
2427	1789132027774	2	107	admit-ceiling	LIMIT_EXCEEDED: client unresolved admission ceiling
2435	1789132027782	2	92	admit-ceiling	LIMIT_EXCEEDED: client unresolved admission ceiling
2442	1789132027789	1	106	admit-refused	authority refusal LIMIT_EXCEEDED: aggregate admission capacity exhausted
2458	1789132027805	2	95	admit-refused	authority refusal LIMIT_EXCEEDED: aggregate admission capacity exhausted
2460	1789132027807	2	98	admit-refused	authority refusal LIMIT_EXCEEDED: aggregate admission capacity exhausted
2473	1789132027819	2	89	admit-refused	authority refusal LIMIT_EXCEEDED: aggregate admission capacity exhausted
2486	1789132027833	0	48	admit-retried	succeeded after 1 refusals
2486	1789132027833	0	48	admitted	admit=1253ms
2488	1789132027834	0	87	admit-ceiling	LIMIT_EXCEEDED: client unresolved admission ceiling
2488	1789132027835	0	90	admit-ceiling	LIMIT_EXCEEDED: client unresolved admission ceiling
2488	1789132027835	0	96	admit-ceiling	LIMIT_EXCEEDED: client unresolved admission ceiling
2499	1789132027845	1	109	admit-refused	authority refusal LIMIT_EXCEEDED: aggregate admission capacity exhausted
2499	1789132027846	2	56	admit-refused	authority refusal LIMIT_EXCEEDED: aggregate admission capacity exhausted
2518	1789132027864	1	82	admit-retried	succeeded after 2 refusals
2518	1789132027865	1	82	admitted	admit=1083ms
2529	1789132027876	2	101	admit-refused	authority refusal LIMIT_EXCEEDED: aggregate admission capacity exhausted
2531	1789132027878	0	111	admit-ceiling	LIMIT_EXCEEDED: client unresolved admission ceiling
2532	1789132027879	0	102	admit-ceiling	LIMIT_EXCEEDED: client unresolved admission ceiling
2545	1789132027892	1	61	admit-ceiling	LIMIT_EXCEEDED: client unresolved admission ceiling
2597	1789132027943	1	112	admit-refused	authority refusal LIMIT_EXCEEDED: aggregate admission capacity exhausted
2597	1789132027944	0	105	admit-ceiling	LIMIT_EXCEEDED: client unresolved admission ceiling
2606	1789132027952	0	99	admit-ceiling	LIMIT_EXCEEDED: client unresolved admission ceiling
2608	1789132027954	2	104	admit-ceiling	LIMIT_EXCEEDED: client unresolved admission ceiling
2608	1789132027954	2	83	admit-ceiling	LIMIT_EXCEEDED: client unresolved admission ceiling
2608	1789132027955	2	74	admit-ceiling	LIMIT_EXCEEDED: client unresolved admission ceiling
2610	1789132027957	1	64	admit-retried	succeeded after 2 refusals
2610	1789132027957	1	64	admitted	admit=1175ms
2629	1789132027976	2	107	admit-ceiling	LIMIT_EXCEEDED: client unresolved admission ceiling
2633	1789132027979	0	111	admit-ceiling	LIMIT_EXCEEDED: client unresolved admission ceiling
2642	1789132027988	2	38	admit-ceiling	LIMIT_EXCEEDED: client unresolved admission ceiling
2655	1789132028001	1	106	admit-ceiling	LIMIT_EXCEEDED: client unresolved admission ceiling
2655	1789132028002	1	109	admit-refused	authority refusal LIMIT_EXCEEDED: aggregate admission capacity exhausted
2662	1789132028009	2	98	admit-ceiling	LIMIT_EXCEEDED: client unresolved admission ceiling
2669	1789132028015	0	72	admit-ceiling	LIMIT_EXCEEDED: client unresolved admission ceiling
2669	1789132028016	0	9	admit-ceiling	LIMIT_EXCEEDED: client unresolved admission ceiling
2669	1789132028016	0	75	admit-ceiling	LIMIT_EXCEEDED: client unresolved admission ceiling
2669	1789132028016	0	78	admit-ceiling	LIMIT_EXCEEDED: client unresolved admission ceiling
2669	1789132028016	0	81	admit-ceiling	LIMIT_EXCEEDED: client unresolved admission ceiling
2693	1789132028039	1	79	admit-ceiling	LIMIT_EXCEEDED: client unresolved admission ceiling
2695	1789132028042	1	73	admit-ceiling	LIMIT_EXCEEDED: client unresolved admission ceiling
2695	1789132028042	1	91	admit-ceiling	LIMIT_EXCEEDED: client unresolved admission ceiling
2695	1789132028042	1	67	admit-ceiling	LIMIT_EXCEEDED: client unresolved admission ceiling
2695	1789132028042	1	88	admit-ceiling	LIMIT_EXCEEDED: client unresolved admission ceiling
2696	1789132028042	1	85	admit-ceiling	LIMIT_EXCEEDED: client unresolved admission ceiling
2698	1789132028045	1	112	admit-ceiling	LIMIT_EXCEEDED: client unresolved admission ceiling
2720	1789132028067	2	53	admit-ceiling	LIMIT_EXCEEDED: client unresolved admission ceiling
2742	1789132028088	2	77	admit-refused	authority refusal LIMIT_EXCEEDED: aggregate admission capacity exhausted
2751	1789132028097	1	115	admit-refused	authority refusal LIMIT_EXCEEDED: aggregate admission capacity exhausted
2753	1789132028099	2	68	admit-retried	succeeded after 3 refusals
2753	1789132028099	2	68	admitted	admit=1435ms
2778	1789132028125	1	76	admit-retried	succeeded after 3 refusals
2778	1789132028125	1	76	admitted	admit=1343ms
2782	1789132028129	2	71	admit-refused	authority refusal LIMIT_EXCEEDED: aggregate admission capacity exhausted
2821	1789132028167	2	80	admit-refused	authority refusal LIMIT_EXCEEDED: aggregate admission capacity exhausted
2826	1789132028173	2	110	admit-refused	authority refusal LIMIT_EXCEEDED: aggregate admission capacity exhausted
2827	1789132028173	1	97	admit-ceiling	LIMIT_EXCEEDED: client unresolved admission ceiling
2835	1789132028181	1	55	admit-refused	authority refusal LIMIT_EXCEEDED: aggregate admission capacity exhausted
2835	1789132028182	0	111	admit-ceiling	LIMIT_EXCEEDED: client unresolved admission ceiling
2857	1789132028203	1	109	admit-ceiling	LIMIT_EXCEEDED: client unresolved admission ceiling
2866	1789132028213	1	94	admit-refused	authority refusal LIMIT_EXCEEDED: aggregate admission capacity exhausted
2891	1789132028237	0	87	admit-ceiling	LIMIT_EXCEEDED: client unresolved admission ceiling
2891	1789132028237	0	96	admit-ceiling	LIMIT_EXCEEDED: client unresolved admission ceiling
2891	1789132028238	0	90	admit-ceiling	LIMIT_EXCEEDED: client unresolved admission ceiling
2898	1789132028244	1	115	admit-refused	authority refusal LIMIT_EXCEEDED: aggregate admission capacity exhausted
2899	1789132028245	1	118	admit-refused	authority refusal LIMIT_EXCEEDED: aggregate admission capacity exhausted
2901	1789132028248	2	56	admit-ceiling	LIMIT_EXCEEDED: client unresolved admission ceiling
2928	1789132028274	0	84	admit-retried	succeeded after 2 refusals
2928	1789132028274	0	84	admitted	admit=982ms
2928	1789132028274	2	110	admit-ceiling	LIMIT_EXCEEDED: client unresolved admission ceiling
2947	1789132028294	0	108	admitted	admit=682ms
2991	1789132028337	1	55	admit-refused	authority refusal LIMIT_EXCEEDED: aggregate admission capacity exhausted
2996	1789132028343	2	92	admit-refused	authority refusal LIMIT_EXCEEDED: aggregate admission capacity exhausted
2998	1789132028345	1	112	admit-retried	succeeded after 2 refusals
2998	1789132028345	1	112	admitted	admit=479ms
3031	1789132028378	2	107	admit-ceiling	LIMIT_EXCEEDED: client unresolved admission ceiling
3042	1789132028388	0	51	admit-retried	succeeded after 1 refusals
3042	1789132028388	0	51	admitted	admit=1749ms
3043	1789132028389	0	105	admit-ceiling	LIMIT_EXCEEDED: client unresolved admission ceiling
3043	1789132028389	0	99	admit-ceiling	LIMIT_EXCEEDED: client unresolved admission ceiling
3056	1789132028403	1	106	admit-ceiling	LIMIT_EXCEEDED: client unresolved admission ceiling
3064	1789132028411	2	98	admit-ceiling	LIMIT_EXCEEDED: client unresolved admission ceiling
3074	1789132028420	0	120	admit-ceiling	LIMIT_EXCEEDED: client unresolved admission ceiling
3089	1789132028436	1	121	admit-refused	authority refusal LIMIT_EXCEEDED: aggregate admission capacity exhausted
3097	1789132028443	2	104	admit-retried	succeeded after 3 refusals
3097	1789132028443	2	104	admitted	admit=1112ms
3120	1789132028466	0	117	admit-refused	authority refusal LIMIT_EXCEEDED: aggregate admission capacity exhausted
3131	1789132028477	2	110	admit-ceiling	LIMIT_EXCEEDED: client unresolved admission ceiling
3182	1789132028528	2	113	admit-refused	authority refusal LIMIT_EXCEEDED: aggregate admission capacity exhausted
3192	1789132028538	1	121	admit-ceiling	LIMIT_EXCEEDED: client unresolved admission ceiling
3192	1789132028538	1	55	admit-ceiling	LIMIT_EXCEEDED: client unresolved admission ceiling
3222	1789132028568	0	117	admit-ceiling	LIMIT_EXCEEDED: client unresolved admission ceiling
3228	1789132028574	2	71	admit-refused	authority refusal LIMIT_EXCEEDED: aggregate admission capacity exhausted
3237	1789132028583	0	111	admit-ceiling	LIMIT_EXCEEDED: client unresolved admission ceiling
3244	1789132028590	2	95	admit-refused	authority refusal LIMIT_EXCEEDED: aggregate admission capacity exhausted
3244	1789132028591	0	114	admit-refused	authority refusal LIMIT_EXCEEDED: aggregate admission capacity exhausted
3258	1789132028604	1	109	admit-ceiling	LIMIT_EXCEEDED: client unresolved admission ceiling
3265	1789132028612	1	118	admit-refused	authority refusal LIMIT_EXCEEDED: aggregate admission capacity exhausted
3302	1789132028648	0	120	admit-refused	authority refusal LIMIT_EXCEEDED: aggregate admission capacity exhausted
3350	1789132028696	2	113	admit-retried	succeeded after 1 refusals
3350	1789132028696	2	113	admitted	admit=252ms
3366	1789132028712	1	115	admit-refused	authority refusal LIMIT_EXCEEDED: aggregate admission capacity exhausted
3401	1789132028748	0	114	admit-refused	authority refusal LIMIT_EXCEEDED: aggregate admission capacity exhausted
3410	1789132028757	2	83	admit-ceiling	LIMIT_EXCEEDED: client unresolved admission ceiling
3417	1789132028764	0	102	admit-refused	authority refusal LIMIT_EXCEEDED: aggregate admission capacity exhausted
3443	1789132028789	2	38	admit-ceiling	LIMIT_EXCEEDED: client unresolved admission ceiling
3463	1789132028810	2	89	admit-refused	authority refusal LIMIT_EXCEEDED: aggregate admission capacity exhausted
3472	1789132028818	0	81	admit-ceiling	LIMIT_EXCEEDED: client unresolved admission ceiling
3472	1789132028819	0	75	admit-ceiling	LIMIT_EXCEEDED: client unresolved admission ceiling
3472	1789132028819	0	78	admit-ceiling	LIMIT_EXCEEDED: client unresolved admission ceiling
3477	1789132028823	2	74	admit-refused	authority refusal LIMIT_EXCEEDED: aggregate admission capacity exhausted
3493	1789132028840	0	117	admit-refused	authority refusal LIMIT_EXCEEDED: aggregate admission capacity exhausted
3494	1789132028840	1	79	admit-ceiling	LIMIT_EXCEEDED: client unresolved admission ceiling
3498	1789132028845	1	67	admit-ceiling	LIMIT_EXCEEDED: client unresolved admission ceiling
3498	1789132028845	1	85	admit-ceiling	LIMIT_EXCEEDED: client unresolved admission ceiling
3499	1789132028845	1	88	admit-ceiling	LIMIT_EXCEEDED: client unresolved admission ceiling
3499	1789132028845	1	91	admit-ceiling	LIMIT_EXCEEDED: client unresolved admission ceiling
3499	1789132028845	1	73	admit-ceiling	LIMIT_EXCEEDED: client unresolved admission ceiling
3517	1789132028864	0	66	admit-refused	authority refusal LIMIT_EXCEEDED: aggregate admission capacity exhausted
3544	1789132028890	2	77	admit-ceiling	LIMIT_EXCEEDED: client unresolved admission ceiling
3563	1789132028910	2	116	admit-refused	authority refusal LIMIT_EXCEEDED: aggregate admission capacity exhausted
3565	1789132028912	0	72	admit-refused	authority refusal LIMIT_EXCEEDED: aggregate admission capacity exhausted
3589	1789132028936	0	120	admit-refused	authority refusal LIMIT_EXCEEDED: aggregate admission capacity exhausted
3594	1789132028940	1	55	admit-ceiling	LIMIT_EXCEEDED: client unresolved admission ceiling
3609	1789132028956	2	53	admit-refused	authority refusal LIMIT_EXCEEDED: aggregate admission capacity exhausted
3624	1789132028971	2	110	admit-retried	succeeded after 3 refusals
3624	1789132028971	2	110	admitted	admit=870ms
3628	1789132028974	1	97	admit-ceiling	LIMIT_EXCEEDED: client unresolved admission ceiling
3659	1789132029005	0	9	admit-refused	authority refusal LIMIT_EXCEEDED: aggregate admission capacity exhausted
3665	1789132029012	0	66	admit-refused	authority refusal LIMIT_EXCEEDED: aggregate admission capacity exhausted
3667	1789132029013	0	114	admit-refused	authority refusal LIMIT_EXCEEDED: aggregate admission capacity exhausted
3674	1789132029020	1	118	admit-retried	succeeded after 2 refusals
3674	1789132029020	1	118	admitted	admit=894ms
3693	1789132029040	1	124	admit-ceiling	LIMIT_EXCEEDED: client unresolved admission ceiling
3703	1789132029050	2	56	admit-ceiling	LIMIT_EXCEEDED: client unresolved admission ceiling
3723	1789132029069	1	94	admit-refused	authority refusal LIMIT_EXCEEDED: aggregate admission capacity exhausted
3742	1789132029088	2	119	admit-refused	authority refusal LIMIT_EXCEEDED: aggregate admission capacity exhausted
3750	1789132029097	2	116	admit-refused	authority refusal LIMIT_EXCEEDED: aggregate admission capacity exhausted
3796	1789132029142	1	124	admit-ceiling	LIMIT_EXCEEDED: client unresolved admission ceiling
3812	1789132029159	1	121	admit-refused	authority refusal LIMIT_EXCEEDED: aggregate admission capacity exhausted
3823	1789132029170	1	115	admit-refused	authority refusal LIMIT_EXCEEDED: aggregate admission capacity exhausted
3826	1789132029173	0	87	admit-refused	authority refusal LIMIT_EXCEEDED: aggregate admission capacity exhausted
3831	1789132029177	1	61	admit-refused	authority refusal LIMIT_EXCEEDED: aggregate admission capacity exhausted
3834	1789132029180	0	96	admit-retried	succeeded after 4 refusals
3834	1789132029180	0	96	admitted	admit=1887ms
3843	1789132029190	0	90	admit-refused	authority refusal LIMIT_EXCEEDED: aggregate admission capacity exhausted
3844	1789132029190	2	119	admit-ceiling	LIMIT_EXCEEDED: client unresolved admission ceiling
3857	1789132029204	2	92	admit-refused	authority refusal LIMIT_EXCEEDED: aggregate admission capacity exhausted
3896	1789132029242	0	117	admit-ceiling	LIMIT_EXCEEDED: client unresolved admission ceiling
3910	1789132029257	2	107	admit-refused	authority refusal LIMIT_EXCEEDED: aggregate admission capacity exhausted
3922	1789132029268	2	98	admit-refused	authority refusal LIMIT_EXCEEDED: aggregate admission capacity exhausted
3935	1789132029281	2	101	admit-refused	authority refusal LIMIT_EXCEEDED: aggregate admission capacity exhausted
3967	1789132029314	0	105	admit-refused	authority refusal LIMIT_EXCEEDED: aggregate admission capacity exhausted
3976	1789132029322	0	123	admit-refused	authority refusal LIMIT_EXCEEDED: aggregate admission capacity exhausted
3980	1789132029327	1	106	admit-retried	succeeded after 4 refusals
3980	1789132029327	1	106	admitted	admit=1719ms
3986	1789132029333	0	66	admit-retried	succeeded after 2 refusals
3986	1789132029333	0	66	admitted	admit=2693ms
3989	1789132029336	2	116	admit-refused	authority refusal LIMIT_EXCEEDED: aggregate admission capacity exhausted
4069	1789132029415	0	114	admit-ceiling	LIMIT_EXCEEDED: client unresolved admission ceiling
4077	1789132029423	0	123	admit-ceiling	LIMIT_EXCEEDED: client unresolved admission ceiling
4090	1789132029436	1	124	admit-refused	authority refusal LIMIT_EXCEEDED: aggregate admission capacity exhausted
4092	1789132029438	1	127	admitted	admit=111ms
4101	1789132029447	0	111	admit-refused	authority refusal LIMIT_EXCEEDED: aggregate admission capacity exhausted
4101	1789132029448	1	109	admit-refused	authority refusal LIMIT_EXCEEDED: aggregate admission capacity exhausted
4110	1789132029457	2	71	admit-refused	authority refusal LIMIT_EXCEEDED: aggregate admission capacity exhausted
4111	1789132029458	0	126	admit-refused	authority refusal LIMIT_EXCEEDED: aggregate admission capacity exhausted
4116	1789132029463	2	119	admit-retried	succeeded after 2 refusals
4116	1789132029463	2	119	admitted	admit=491ms
4119	1789132029465	0	120	admit-retried	succeeded after 3 refusals
4119	1789132029465	0	120	admitted	admit=1076ms
4129	1789132029476	2	95	admit-refused	authority refusal LIMIT_EXCEEDED: aggregate admission capacity exhausted
4196	1789132029542	1	103	admit-refused	authority refusal LIMIT_EXCEEDED: aggregate admission capacity exhausted
4218	1789132029565	0	129	admit-refused	authority refusal LIMIT_EXCEEDED: aggregate admission capacity exhausted
4232	1789132029578	1	130	admit-refused	authority refusal LIMIT_EXCEEDED: aggregate admission capacity exhausted
4271	1789132029618	0	126	admit-refused	authority refusal LIMIT_EXCEEDED: aggregate admission capacity exhausted
4273	1789132029619	1	121	admit-retried	succeeded after 3 refusals
4273	1789132029619	1	121	admitted	admit=1273ms
4354	1789132029701	1	133	admit-refused	authority refusal LIMIT_EXCEEDED: aggregate admission capacity exhausted
4365	1789132029711	2	89	admit-refused	authority refusal LIMIT_EXCEEDED: aggregate admission capacity exhausted
4367	1789132029713	2	122	admitted	admit=250ms
4378	1789132029725	2	101	admit-refused	authority refusal LIMIT_EXCEEDED: aggregate admission capacity exhausted
4411	1789132029757	0	102	admit-refused	authority refusal LIMIT_EXCEEDED: aggregate admission capacity exhausted
4436	1789132029782	0	129	admit-refused	authority refusal LIMIT_EXCEEDED: aggregate admission capacity exhausted
4436	1789132029783	1	130	admit-refused	authority refusal LIMIT_EXCEEDED: aggregate admission capacity exhausted
4443	1789132029790	0	123	admit-refused	authority refusal LIMIT_EXCEEDED: aggregate admission capacity exhausted
4444	1789132029791	2	125	admit-refused	authority refusal LIMIT_EXCEEDED: aggregate admission capacity exhausted
4463	1789132029809	0	99	admit-refused	authority refusal LIMIT_EXCEEDED: aggregate admission capacity exhausted
4486	1789132029832	2	116	admit-refused	authority refusal LIMIT_EXCEEDED: aggregate admission capacity exhausted
4552	1789132029899	1	124	admit-refused	authority refusal LIMIT_EXCEEDED: aggregate admission capacity exhausted
4553	1789132029899	0	126	admit-refused	authority refusal LIMIT_EXCEEDED: aggregate admission capacity exhausted
4564	1789132029910	1	133	admit-refused	authority refusal LIMIT_EXCEEDED: aggregate admission capacity exhausted
4638	1789132029984	1	130	admit-ceiling	LIMIT_EXCEEDED: client unresolved admission ceiling
4647	1789132029994	1	55	admit-refused	authority refusal LIMIT_EXCEEDED: aggregate admission capacity exhausted
4668	1789132030015	1	115	admit-refused	authority refusal LIMIT_EXCEEDED: aggregate admission capacity exhausted
4674	1789132030020	2	125	admit-retried	succeeded after 1 refusals
4674	1789132030020	2	125	admitted	admit=306ms
4674	1789132030021	0	129	admit-refused	authority refusal LIMIT_EXCEEDED: aggregate admission capacity exhausted
4683	1789132030030	1	61	admit-refused	authority refusal LIMIT_EXCEEDED: aggregate admission capacity exhausted
4750	1789132030096	0	117	admit-refused	authority refusal LIMIT_EXCEEDED: aggregate admission capacity exhausted
4770	1789132030117	1	103	admit-refused	authority refusal LIMIT_EXCEEDED: aggregate admission capacity exhausted
4814	1789132030161	1	133	admit-retried	succeeded after 2 refusals
4814	1789132030161	1	133	admitted	admit=541ms
4867	1789132030214	1	136	admit-refused	authority refusal LIMIT_EXCEEDED: aggregate admission capacity exhausted
4940	1789132030287	0	114	admit-refused	authority refusal LIMIT_EXCEEDED: aggregate admission capacity exhausted
4953	1789132030300	0	123	admit-retried	succeeded after 3 refusals
4953	1789132030300	0	123	admitted	admit=1119ms
5041	1789132030387	0	132	admit-refused	authority refusal LIMIT_EXCEEDED: aggregate admission capacity exhausted
5048	1789132030395	0	126	admit-retried	succeeded after 3 refusals
5048	1789132030395	0	126	admitted	admit=1062ms
5051	1789132030397	1	136	admit-retried	succeeded after 1 refusals
5051	1789132030397	1	136	admitted	admit=236ms
5080	1789132030427	0	129	admit-ceiling	LIMIT_EXCEEDED: client unresolved admission ceiling
5101	1789132030448	1	67	admit-ceiling	LIMIT_EXCEEDED: client unresolved admission ceiling
5102	1789132030448	1	73	admit-ceiling	LIMIT_EXCEEDED: client unresolved admission ceiling
5102	1789132030448	1	88	admit-ceiling	LIMIT_EXCEEDED: client unresolved admission ceiling
5102	1789132030448	1	85	admit-ceiling	LIMIT_EXCEEDED: client unresolved admission ceiling
5115	1789132030462	2	83	admit-retried	succeeded after 5 refusals
5115	1789132030462	2	83	admitted	admit=3796ms
5144	1789132030490	0	132	admit-ceiling	LIMIT_EXCEEDED: client unresolved admission ceiling
5146	1789132030493	2	38	admit-retried	succeeded after 5 refusals
5146	1789132030493	2	38	admitted	admit=4796ms
5167	1789132030513	0	72	admit-ceiling	LIMIT_EXCEEDED: client unresolved admission ceiling
5181	1789132030528	2	131	admit-ceiling	LIMIT_EXCEEDED: client unresolved admission ceiling
5190	1789132030536	0	135	admit-refused	authority refusal LIMIT_EXCEEDED: aggregate admission capacity exhausted
5202	1789132030549	2	134	admit-ceiling	LIMIT_EXCEEDED: client unresolved admission ceiling
5203	1789132030549	2	101	admit-ceiling	LIMIT_EXCEEDED: client unresolved admission ceiling
5208	1789132030555	0	78	admit-refused	authority refusal LIMIT_EXCEEDED: aggregate admission capacity exhausted
5211	1789132030557	1	139	admit-refused	authority refusal LIMIT_EXCEEDED: aggregate admission capacity exhausted
5211	1789132030557	2	53	admit-ceiling	LIMIT_EXCEEDED: client unresolved admission ceiling
5213	1789132030559	1	91	admit-retried	succeeded after 5 refusals
5213	1789132030559	1	91	admitted	admit=3777ms
5247	1789132030593	2	77	admit-retried	succeeded after 5 refusals
5247	1789132030593	2	77	admitted	admit=3929ms
5283	1789132030630	2	131	admit-ceiling	LIMIT_EXCEEDED: client unresolved admission ceiling
5287	1789132030633	2	116	admit-ceiling	LIMIT_EXCEEDED: client unresolved admission ceiling
5305	1789132030651	2	134	admit-ceiling	LIMIT_EXCEEDED: client unresolved admission ceiling
5305	1789132030652	2	56	admit-ceiling	LIMIT_EXCEEDED: client unresolved admission ceiling
5308	1789132030655	1	79	admit-refused	authority refusal LIMIT_EXCEEDED: aggregate admission capacity exhausted
5312	1789132030658	0	9	admit-refused	authority refusal LIMIT_EXCEEDED: aggregate admission capacity exhausted
5324	1789132030670	1	94	admit-ceiling	LIMIT_EXCEEDED: client unresolved admission ceiling
5325	1789132030672	1	142	admit-refused	authority refusal LIMIT_EXCEEDED: aggregate admission capacity exhausted
5331	1789132030678	2	74	admit-refused	authority refusal LIMIT_EXCEEDED: aggregate admission capacity exhausted
5338	1789132030684	0	135	admit-refused	authority refusal LIMIT_EXCEEDED: aggregate admission capacity exhausted
5345	1789132030691	2	80	admit-refused	authority refusal LIMIT_EXCEEDED: aggregate admission capacity exhausted
5390	1789132030736	0	132	admit-refused	authority refusal LIMIT_EXCEEDED: aggregate admission capacity exhausted
5392	1789132030739	1	139	admit-retried	succeeded after 1 refusals
5392	1789132030739	1	139	admitted	admit=340ms
5423	1789132030770	2	128	admitted	admit=749ms
5427	1789132030773	1	142	admit-ceiling	LIMIT_EXCEEDED: client unresolved admission ceiling
5482	1789132030829	1	97	admit-refused	authority refusal LIMIT_EXCEEDED: aggregate admission capacity exhausted
5490	1789132030836	1	130	admit-retried	succeeded after 3 refusals
5490	1789132030836	1	130	admitted	admit=1397ms
5504	1789132030851	1	124	admit-refused	authority refusal LIMIT_EXCEEDED: aggregate admission capacity exhausted
5507	1789132030854	2	134	admit-ceiling	LIMIT_EXCEEDED: client unresolved admission ceiling
5512	1789132030859	2	107	admit-ceiling	LIMIT_EXCEEDED: client unresolved admission ceiling
5518	1789132030865	1	145	admit-refused	authority refusal LIMIT_EXCEEDED: aggregate admission capacity exhausted
5523	1789132030869	2	98	admit-ceiling	LIMIT_EXCEEDED: client unresolved admission ceiling
5540	1789132030887	0	135	admit-ceiling	LIMIT_EXCEEDED: client unresolved admission ceiling
5569	1789132030916	0	105	admit-ceiling	LIMIT_EXCEEDED: client unresolved admission ceiling
5592	1789132030938	2	92	admit-refused	authority refusal LIMIT_EXCEEDED: aggregate admission capacity exhausted
5600	1789132030946	2	140	admitted	admit=176ms
5625	1789132030972	2	131	admit-refused	authority refusal LIMIT_EXCEEDED: aggregate admission capacity exhausted
5634	1789132030980	0	87	admit-retried	succeeded after 5 refusals
5634	1789132030980	0	87	admitted	admit=3688ms
5641	1789132030987	1	103	admit-refused	authority refusal LIMIT_EXCEEDED: aggregate admission capacity exhausted
5669	1789132031015	2	143	admit-refused	authority refusal LIMIT_EXCEEDED: aggregate admission capacity exhausted
5703	1789132031050	0	111	admit-ceiling	LIMIT_EXCEEDED: client unresolved admission ceiling
5707	1789132031054	1	145	admit-refused	authority refusal LIMIT_EXCEEDED: aggregate admission capacity exhausted
5709	1789132031056	1	148	admitted	admit=219ms
5716	1789132031063	1	142	admit-refused	authority refusal LIMIT_EXCEEDED: aggregate admission capacity exhausted
5729	1789132031075	0	75	admit-refused	authority refusal LIMIT_EXCEEDED: aggregate admission capacity exhausted
5758	1789132031104	1	109	admit-refused	authority refusal LIMIT_EXCEEDED: aggregate admission capacity exhausted
5759	1789132031106	0	81	admit-retried	succeeded after 5 refusals
5760	1789132031106	0	81	admitted	admit=4466ms
5769	1789132031116	0	138	admit-refused	authority refusal LIMIT_EXCEEDED: aggregate admission capacity exhausted
5830	1789132031177	2	95	admit-retried	succeeded after 5 refusals
5830	1789132031177	2	95	admitted	admit=3845ms
5831	1789132031178	2	71	admit-refused	authority refusal LIMIT_EXCEEDED: aggregate admission capacity exhausted
5868	1789132031214	0	90	admit-refused	authority refusal LIMIT_EXCEEDED: aggregate admission capacity exhausted
5884	1789132031230	0	141	admitted	admit=123ms
5930	1789132031277	2	143	admit-refused	authority refusal LIMIT_EXCEEDED: aggregate admission capacity exhausted
5942	1789132031289	0	135	admit-ceiling	LIMIT_EXCEEDED: client unresolved admission ceiling
5951	1789132031298	0	138	admit-refused	authority refusal LIMIT_EXCEEDED: aggregate admission capacity exhausted
5988	1789132031334	0	144	admit-refused	authority refusal LIMIT_EXCEEDED: aggregate admission capacity exhausted
6000	1789132031346	2	134	admit-retried	succeeded after 3 refusals
6000	1789132031346	2	134	admitted	admit=852ms
6001	1789132031347	2	89	admit-refused	authority refusal LIMIT_EXCEEDED: aggregate admission capacity exhausted
6009	1789132031356	1	145	admit-refused	authority refusal LIMIT_EXCEEDED: aggregate admission capacity exhausted
6062	1789132031409	0	102	admit-refused	authority refusal LIMIT_EXCEEDED: aggregate admission capacity exhausted
6072	1789132031419	0	132	admit-retried	succeeded after 3 refusals
6072	1789132031419	0	132	admitted	admit=1118ms
6078	1789132031425	0	129	admit-refused	authority refusal LIMIT_EXCEEDED: aggregate admission capacity exhausted
6111	1789132031458	2	149	admit-refused	authority refusal LIMIT_EXCEEDED: aggregate admission capacity exhausted
6124	1789132031471	0	99	admit-refused	authority refusal LIMIT_EXCEEDED: aggregate admission capacity exhausted
6151	1789132031497	0	147	admit-refused	authority refusal LIMIT_EXCEEDED: aggregate admission capacity exhausted
6209	1789132031556	1	151	admit-refused	authority refusal LIMIT_EXCEEDED: aggregate admission capacity exhausted
6217	1789132031563	2	143	admit-retried	succeeded after 2 refusals
6217	1789132031563	2	143	admitted	admit=616ms
6224	1789132031571	0	138	admit-refused	authority refusal LIMIT_EXCEEDED: aggregate admission capacity exhausted
6245	1789132031591	2	152	admit-ceiling	LIMIT_EXCEEDED: client unresolved admission ceiling
6279	1789132031626	2	149	admit-refused	authority refusal LIMIT_EXCEEDED: aggregate admission capacity exhausted
6300	1789132031647	2	131	admit-retried	succeeded after 3 refusals
6300	1789132031647	2	131	admitted	admit=1153ms
6312	1789132031658	1	151	admit-ceiling	LIMIT_EXCEEDED: client unresolved admission ceiling
6339	1789132031686	0	147	admit-retried	succeeded after 1 refusals
6339	1789132031686	0	147	admitted	admit=266ms
6383	1789132031729	1	115	admit-refused	authority refusal LIMIT_EXCEEDED: aggregate admission capacity exhausted
6411	1789132031757	1	61	admit-retried	succeeded after 5 refusals
6411	1789132031757	1	61	admitted	admit=4976ms
6411	1789132031758	1	55	admit-refused	authority refusal LIMIT_EXCEEDED: aggregate admission capacity exhausted
6425	1789132031772	0	150	admit-refused	authority refusal LIMIT_EXCEEDED: aggregate admission capacity exhausted
6434	1789132031780	0	117	admit-refused	authority refusal LIMIT_EXCEEDED: aggregate admission capacity exhausted
6462	1789132031808	1	145	admit-refused	authority refusal LIMIT_EXCEEDED: aggregate admission capacity exhausted
6475	1789132031821	1	154	admit-refused	authority refusal LIMIT_EXCEEDED: aggregate admission capacity exhausted
6482	1789132031828	2	149	admit-ceiling	LIMIT_EXCEEDED: client unresolved admission ceiling
6556	1789132031903	1	151	admit-refused	authority refusal LIMIT_EXCEEDED: aggregate admission capacity exhausted
6599	1789132031946	0	150	admit-refused	authority refusal LIMIT_EXCEEDED: aggregate admission capacity exhausted
6614	1789132031961	0	144	admit-retried	succeeded after 1 refusals
6614	1789132031961	0	144	admitted	admit=729ms
6621	1789132031968	0	114	admit-refused	authority refusal LIMIT_EXCEEDED: aggregate admission capacity exhausted
6640	1789132031986	1	154	admit-retried	succeeded after 1 refusals
6640	1789132031986	1	154	admitted	admit=228ms
6712	1789132032059	1	157	admit-refused	authority refusal LIMIT_EXCEEDED: aggregate admission capacity exhausted
6805	1789132032151	2	101	admit-ceiling	LIMIT_EXCEEDED: client unresolved admission ceiling
6855	1789132032201	0	150	admit-refused	authority refusal LIMIT_EXCEEDED: aggregate admission capacity exhausted
6882	1789132032228	1	157	admit-retried	succeeded after 1 refusals
6882	1789132032228	1	157	admitted	admit=241ms
6883	1789132032230	2	149	admit-ceiling	LIMIT_EXCEEDED: client unresolved admission ceiling
6888	1789132032234	2	116	admit-ceiling	LIMIT_EXCEEDED: client unresolved admission ceiling
6911	1789132032258	0	135	admit-retried	succeeded after 4 refusals
6911	1789132032258	0	135	admitted	admit=1862ms
6947	1789132032294	2	80	admit-ceiling	LIMIT_EXCEEDED: client unresolved admission ceiling
6986	1789132032333	0	156	admit-refused	authority refusal LIMIT_EXCEEDED: aggregate admission capacity exhausted
7001	1789132032347	2	137	admitted	admit=1753ms
7031	1789132032377	1	160	admitted	admit=148ms
7046	1789132032392	1	151	admit-retried	succeeded after 3 refusals
7046	1789132032392	1	151	admitted	admit=1336ms
7083	1789132032430	2	158	admitted	admit=81ms
7160	1789132032507	1	166	admit-refused	authority refusal LIMIT_EXCEEDED: aggregate admission capacity exhausted
7162	1789132032509	1	163	admitted	admit=115ms
7172	1789132032518	1	124	admit-refused	authority refusal LIMIT_EXCEEDED: aggregate admission capacity exhausted
7177	1789132032524	0	156	admit-retried	succeeded after 1 refusals
7177	1789132032524	0	156	admitted	admit=265ms
7227	1789132032573	2	161	admitted	admit=142ms
7263	1789132032610	1	145	admit-ceiling	LIMIT_EXCEEDED: client unresolved admission ceiling
7329	1789132032675	1	169	admitted	admit=166ms
7332	1789132032678	0	159	admitted	admit=154ms
7403	1789132032750	2	164	admitted	admit=176ms
7452	1789132032799	0	162	admitted	admit=120ms
7452	1789132032799	2	155	admitted	admit=1151ms
7480	1789132032827	0	150	admit-retried	succeeded after 3 refusals
7480	1789132032827	0	150	admitted	admit=1140ms
7514	1789132032861	1	166	admit-retried	succeeded after 1 refusals
7514	1789132032861	1	166	admitted	admit=467ms
7532	1789132032879	0	138	admit-refused	authority refusal LIMIT_EXCEEDED: aggregate admission capacity exhausted
7573	1789132032919	1	103	admit-refused	authority refusal LIMIT_EXCEEDED: aggregate admission capacity exhausted
7581	1789132032927	1	172	admit-refused	authority refusal LIMIT_EXCEEDED: aggregate admission capacity exhausted
7583	1789132032929	2	170	admitted	admit=130ms
7629	1789132032976	0	168	admitted	admit=148ms
7635	1789132032981	2	167	admitted	admit=230ms
7685	1789132033032	2	149	admit-ceiling	LIMIT_EXCEEDED: client unresolved admission ceiling
7701	1789132033047	1	175	admit-refused	authority refusal LIMIT_EXCEEDED: aggregate admission capacity exhausted
7711	1789132033058	0	171	admit-refused	authority refusal LIMIT_EXCEEDED: aggregate admission capacity exhausted
7727	1789132033074	1	172	admit-refused	authority refusal LIMIT_EXCEEDED: aggregate admission capacity exhausted
7732	1789132033078	2	173	admitted	admit=148ms
7765	1789132033112	0	129	admit-retried	succeeded after 5 refusals
7765	1789132033112	0	129	admitted	admit=3645ms
7808	1789132033155	2	179	admit-refused	authority refusal LIMIT_EXCEEDED: aggregate admission capacity exhausted
7821	1789132033167	2	176	admitted	admit=185ms
7843	1789132033190	1	175	admit-refused	authority refusal LIMIT_EXCEEDED: aggregate admission capacity exhausted
7870	1789132033217	0	174	admit-refused	authority refusal LIMIT_EXCEEDED: aggregate admission capacity exhausted
7898	1789132033245	2	182	admitted	admit=77ms
7927	1789132033274	1	142	admit-refused	authority refusal LIMIT_EXCEEDED: aggregate admission capacity exhausted
7942	1789132033289	2	152	admit-refused	authority refusal LIMIT_EXCEEDED: aggregate admission capacity exhausted
8013	1789132033359	1	172	admit-retried	succeeded after 2 refusals
8013	1789132033359	1	172	admitted	admit=683ms
8014	1789132033360	0	174	admit-refused	authority refusal LIMIT_EXCEEDED: aggregate admission capacity exhausted
8014	1789132033360	2	185	admit-refused	authority refusal LIMIT_EXCEEDED: aggregate admission capacity exhausted
8024	1789132033370	0	165	admitted	admit=543ms
8109	1789132033456	0	171	admit-refused	authority refusal LIMIT_EXCEEDED: aggregate admission capacity exhausted
8112	1789132033458	1	175	admit-refused	authority refusal LIMIT_EXCEEDED: aggregate admission capacity exhausted
8198	1789132033544	2	185	admit-refused	authority refusal LIMIT_EXCEEDED: aggregate admission capacity exhausted
8203	1789132033550	2	152	admit-refused	authority refusal LIMIT_EXCEEDED: aggregate admission capacity exhausted
8271	1789132033618	0	177	admit-refused	authority refusal LIMIT_EXCEEDED: aggregate admission capacity exhausted
8302	1789132033649	0	174	admit-refused	authority refusal LIMIT_EXCEEDED: aggregate admission capacity exhausted
8304	1789132033651	1	88	admit-ceiling	LIMIT_EXCEEDED: client unresolved admission ceiling
8311	1789132033657	0	153	admit-refused	authority refusal LIMIT_EXCEEDED: aggregate admission capacity exhausted
8381	1789132033728	1	178	admitted	admit=368ms
8410	1789132033757	0	78	admit-ceiling	LIMIT_EXCEEDED: client unresolved admission ceiling
8413	1789132033759	0	153	admit-ceiling	LIMIT_EXCEEDED: client unresolved admission ceiling
8469	1789132033816	0	72	admit-refused	authority refusal LIMIT_EXCEEDED: aggregate admission capacity exhausted
8475	1789132033821	0	177	admit-refused	authority refusal LIMIT_EXCEEDED: aggregate admission capacity exhausted
8482	1789132033829	1	181	admitted	admit=100ms
8491	1789132033838	0	171	admit-refused	authority refusal LIMIT_EXCEEDED: aggregate admission capacity exhausted
8508	1789132033854	2	56	admit-ceiling	LIMIT_EXCEEDED: client unresolved admission ceiling
8534	1789132033880	2	74	admit-ceiling	LIMIT_EXCEEDED: client unresolved admission ceiling
8543	1789132033889	1	73	admit-retried	succeeded after 6 refusals
8543	1789132033889	1	73	admitted	admit=7108ms
8544	1789132033891	1	175	admit-ceiling	LIMIT_EXCEEDED: client unresolved admission ceiling
8545	1789132033891	1	94	admit-ceiling	LIMIT_EXCEEDED: client unresolved admission ceiling
8573	1789132033920	1	187	admit-ceiling	LIMIT_EXCEEDED: client unresolved admission ceiling
8583	1789132033929	1	79	admit-refused	authority refusal LIMIT_EXCEEDED: aggregate admission capacity exhausted
8605	1789132033951	2	53	admit-refused	authority refusal LIMIT_EXCEEDED: aggregate admission capacity exhausted
8607	1789132033953	2	185	admit-retried	succeeded after 2 refusals
8607	1789132033953	2	185	admitted	admit=708ms
8616	1789132033963	1	85	admit-refused	authority refusal LIMIT_EXCEEDED: aggregate admission capacity exhausted
8632	1789132033979	2	146	admit-refused	authority refusal LIMIT_EXCEEDED: aggregate admission capacity exhausted
8634	1789132033981	2	179	admit-refused	authority refusal LIMIT_EXCEEDED: aggregate admission capacity exhausted
8645	1789132033992	1	184	admit-refused	authority refusal LIMIT_EXCEEDED: aggregate admission capacity exhausted
8648	1789132033995	2	152	admit-refused	authority refusal LIMIT_EXCEEDED: aggregate admission capacity exhausted
8666	1789132034013	2	188	admit-refused	authority refusal LIMIT_EXCEEDED: aggregate admission capacity exhausted
8715	1789132034061	0	9	admit-retried	succeeded after 6 refusals
8715	1789132034061	0	9	admitted	admit=8361ms
8747	1789132034094	0	180	admit-ceiling	LIMIT_EXCEEDED: client unresolved admission ceiling
8748	1789132034094	1	184	admit-ceiling	LIMIT_EXCEEDED: client unresolved admission ceiling
8771	1789132034118	0	105	admit-ceiling	LIMIT_EXCEEDED: client unresolved admission ceiling
8778	1789132034124	1	97	admit-refused	authority refusal LIMIT_EXCEEDED: aggregate admission capacity exhausted
8786	1789132034133	1	142	admit-refused	authority refusal LIMIT_EXCEEDED: aggregate admission capacity exhausted
8790	1789132034136	1	187	admit-retried	succeeded after 1 refusals
8790	1789132034136	1	187	admitted	admit=246ms
8793	1789132034140	2	92	admit-ceiling	LIMIT_EXCEEDED: client unresolved admission ceiling
8802	1789132034148	0	177	admit-refused	authority refusal LIMIT_EXCEEDED: aggregate admission capacity exhausted
8813	1789132034159	2	146	admit-refused	authority refusal LIMIT_EXCEEDED: aggregate admission capacity exhausted
8817	1789132034164	0	174	admit-retried	succeeded after 3 refusals
8817	1789132034164	0	174	admitted	admit=1051ms
8848	1789132034194	2	98	admit-retried	succeeded after 6 refusals
8848	1789132034194	2	98	admitted	admit=6863ms
8860	1789132034207	2	188	admit-refused	authority refusal LIMIT_EXCEEDED: aggregate admission capacity exhausted
8877	1789132034223	1	190	admit-refused	authority refusal LIMIT_EXCEEDED: aggregate admission capacity exhausted
8892	1789132034239	0	171	admit-ceiling	LIMIT_EXCEEDED: client unresolved admission ceiling
8905	1789132034252	0	111	admit-ceiling	LIMIT_EXCEEDED: client unresolved admission ceiling
8922	1789132034269	1	67	admit-refused	authority refusal LIMIT_EXCEEDED: aggregate admission capacity exhausted
8928	1789132034275	1	145	admit-refused	authority refusal LIMIT_EXCEEDED: aggregate admission capacity exhausted
8930	1789132034277	0	75	admit-ceiling	LIMIT_EXCEEDED: client unresolved admission ceiling
8936	1789132034283	0	180	admit-refused	authority refusal LIMIT_EXCEEDED: aggregate admission capacity exhausted
8948	1789132034295	0	183	admit-refused	authority refusal LIMIT_EXCEEDED: aggregate admission capacity exhausted
9003	1789132034349	2	107	admit-retried	succeeded after 6 refusals
9003	1789132034350	2	107	admitted	admit=7017ms
9010	1789132034356	2	179	admit-refused	authority refusal LIMIT_EXCEEDED: aggregate admission capacity exhausted
9042	1789132034389	1	184	admit-refused	authority refusal LIMIT_EXCEEDED: aggregate admission capacity exhausted
9062	1789132034409	2	188	admit-ceiling	LIMIT_EXCEEDED: client unresolved admission ceiling
9070	1789132034416	1	190	admit-refused	authority refusal LIMIT_EXCEEDED: aggregate admission capacity exhausted
9104	1789132034451	1	109	admit-refused	authority refusal LIMIT_EXCEEDED: aggregate admission capacity exhausted
9121	1789132034467	2	194	admitted	admit=117ms
9128	1789132034474	0	90	admit-refused	authority refusal LIMIT_EXCEEDED: aggregate admission capacity exhausted
9138	1789132034484	0	183	admit-retried	succeeded after 1 refusals
9138	1789132034484	0	183	admitted	admit=319ms
9143	1789132034490	2	71	admit-retried	succeeded after 6 refusals
9143	1789132034490	2	71	admitted	admit=7825ms
9202	1789132034549	2	89	admit-ceiling	LIMIT_EXCEEDED: client unresolved admission ceiling
9204	1789132034551	0	177	admit-ceiling	LIMIT_EXCEEDED: client unresolved admission ceiling
9206	1789132034553	0	180	admit-refused	authority refusal LIMIT_EXCEEDED: aggregate admission capacity exhausted
9215	1789132034561	0	186	admit-refused	authority refusal LIMIT_EXCEEDED: aggregate admission capacity exhausted
9215	1789132034562	2	197	admit-refused	authority refusal LIMIT_EXCEEDED: aggregate admission capacity exhausted
9268	1789132034615	2	200	admit-refused	authority refusal LIMIT_EXCEEDED: aggregate admission capacity exhausted
9296	1789132034642	0	138	admit-refused	authority refusal LIMIT_EXCEEDED: aggregate admission capacity exhausted
9365	1789132034712	1	190	admit-retried	succeeded after 2 refusals
9365	1789132034712	1	190	admitted	admit=575ms
9370	1789132034716	2	200	admit-ceiling	LIMIT_EXCEEDED: client unresolved admission ceiling
9386	1789132034733	0	102	admit-refused	authority refusal LIMIT_EXCEEDED: aggregate admission capacity exhausted
9402	1789132034748	0	99	admit-retried	succeeded after 6 refusals
9402	1789132034748	0	99	admitted	admit=7455ms
9411	1789132034757	2	179	admit-ceiling	LIMIT_EXCEEDED: client unresolved admission ceiling
9441	1789132034788	1	175	admit-retried	succeeded after 4 refusals
9441	1789132034788	1	175	admitted	admit=1927ms
9450	1789132034797	2	152	admit-ceiling	LIMIT_EXCEEDED: client unresolved admission ceiling
9480	1789132034826	1	193	admit-refused	authority refusal LIMIT_EXCEEDED: aggregate admission capacity exhausted
9485	1789132034831	2	197	admit-retried	succeeded after 1 refusals
9485	1789132034831	2	197	admitted	admit=341ms
9513	1789132034860	0	189	admitted	admit=111ms
9514	1789132034861	2	203	admit-ceiling	LIMIT_EXCEEDED: client unresolved admission ceiling
9557	1789132034903	1	184	admit-refused	authority refusal LIMIT_EXCEEDED: aggregate admission capacity exhausted
9566	1789132034913	1	196	admitted	admit=124ms
9572	1789132034919	2	200	admit-ceiling	LIMIT_EXCEEDED: client unresolved admission ceiling
9584	1789132034930	0	192	admit-refused	authority refusal LIMIT_EXCEEDED: aggregate admission capacity exhausted
9606	1789132034953	0	186	admit-refused	authority refusal LIMIT_EXCEEDED: aggregate admission capacity exhausted
9628	1789132034974	2	188	admit-retried	succeeded after 3 refusals
9628	1789132034974	2	188	admitted	admit=1020ms
9661	1789132035008	2	206	admit-ceiling	LIMIT_EXCEEDED: client unresolved admission ceiling
9686	1789132035032	0	117	admit-refused	authority refusal LIMIT_EXCEEDED: aggregate admission capacity exhausted
9689	1789132035035	1	115	admit-refused	authority refusal LIMIT_EXCEEDED: aggregate admission capacity exhausted
9699	1789132035046	1	55	admit-refused	authority refusal LIMIT_EXCEEDED: aggregate admission capacity exhausted
9700	1789132035047	0	180	admit-retried	succeeded after 3 refusals
9700	1789132035047	0	180	admitted	admit=985ms
9730	1789132035076	2	203	admit-retried	succeeded after 1 refusals
9730	1789132035076	2	203	admitted	admit=244ms
9763	1789132035109	2	206	admit-ceiling	LIMIT_EXCEEDED: client unresolved admission ceiling
9798	1789132035144	0	195	admit-refused	authority refusal LIMIT_EXCEEDED: aggregate admission capacity exhausted
9799	1789132035146	1	193	admit-retried	succeeded after 1 refusals
9799	1789132035146	1	193	admitted	admit=433ms
9801	1789132035147	2	209	admit-refused	authority refusal LIMIT_EXCEEDED: aggregate admission capacity exhausted
9823	1789132035169	0	114	admit-ceiling	LIMIT_EXCEEDED: client unresolved admission ceiling
9871	1789132035217	2	191	admit-refused	authority refusal LIMIT_EXCEEDED: aggregate admission capacity exhausted
9892	1789132035238	0	186	admit-refused	authority refusal LIMIT_EXCEEDED: aggregate admission capacity exhausted
9896	1789132035243	1	202	admitted	admit=96ms
9962	1789132035308	0	195	admit-refused	authority refusal LIMIT_EXCEEDED: aggregate admission capacity exhausted
9963	1789132035310	2	146	admit-retried	succeeded after 2 refusals
9963	1789132035310	2	146	admitted	admit=4132ms
10001	1789132035347	2	191	admit-ceiling	LIMIT_EXCEEDED: client unresolved admission ceiling
10001	1789132035348	2	200	admit-ceiling	LIMIT_EXCEEDED: client unresolved admission ceiling
10006	1789132035352	2	101	admit-ceiling	LIMIT_EXCEEDED: client unresolved admission ceiling
10024	1789132035371	2	206	admit-refused	authority refusal LIMIT_EXCEEDED: aggregate admission capacity exhausted
10026	1789132035373	2	209	admit-refused	authority refusal LIMIT_EXCEEDED: aggregate admission capacity exhausted
10027	1789132035373	0	153	admit-refused	authority refusal LIMIT_EXCEEDED: aggregate admission capacity exhausted
10039	1789132035385	1	205	admitted	admit=142ms
10080	1789132035426	0	177	admit-refused	authority refusal LIMIT_EXCEEDED: aggregate admission capacity exhausted
10097	1789132035444	2	212	admitted	admit=133ms
10109	1789132035456	1	199	admit-refused	authority refusal LIMIT_EXCEEDED: aggregate admission capacity exhausted
10143	1789132035490	2	116	admit-refused	authority refusal LIMIT_EXCEEDED: aggregate admission capacity exhausted
10155	1789132035501	1	208	admitted	admit=115ms
10199	1789132035545	2	215	admit-refused	authority refusal LIMIT_EXCEEDED: aggregate admission capacity exhausted
10210	1789132035557	2	80	admit-refused	authority refusal LIMIT_EXCEEDED: aggregate admission capacity exhausted
10235	1789132035581	0	195	admit-refused	authority refusal LIMIT_EXCEEDED: aggregate admission capacity exhausted
10256	1789132035603	1	211	admit-refused	authority refusal LIMIT_EXCEEDED: aggregate admission capacity exhausted
10276	1789132035623	2	149	admit-refused	authority refusal LIMIT_EXCEEDED: aggregate admission capacity exhausted
10284	1789132035630	2	209	admit-refused	authority refusal LIMIT_EXCEEDED: aggregate admission capacity exhausted
10288	1789132035635	2	191	admit-retried	succeeded after 2 refusals
10288	1789132035635	2	191	admitted	admit=1439ms
10342	1789132035689	1	199	admit-refused	authority refusal LIMIT_EXCEEDED: aggregate admission capacity exhausted
10415	1789132035761	0	171	admit-retried	succeeded after 4 refusals
10415	1789132035761	0	171	admitted	admit=2784ms
10425	1789132035772	2	179	admit-refused	authority refusal LIMIT_EXCEEDED: aggregate admission capacity exhausted
10432	1789132035779	2	218	admit-refused	authority refusal LIMIT_EXCEEDED: aggregate admission capacity exhausted
10451	1789132035798	2	215	admit-refused	authority refusal LIMIT_EXCEEDED: aggregate admission capacity exhausted
10468	1789132035814	2	206	admit-refused	authority refusal LIMIT_EXCEEDED: aggregate admission capacity exhausted
10478	1789132035824	1	211	admit-retried	succeeded after 1 refusals
10478	1789132035824	1	211	admitted	admit=322ms
10484	1789132035831	1	142	admit-refused	authority refusal LIMIT_EXCEEDED: aggregate admission capacity exhausted
10486	1789132035832	1	184	admit-refused	authority refusal LIMIT_EXCEEDED: aggregate admission capacity exhausted
10500	1789132035846	0	198	admit-refused	authority refusal LIMIT_EXCEEDED: aggregate admission capacity exhausted
10504	1789132035851	1	124	admit-refused	authority refusal LIMIT_EXCEEDED: aggregate admission capacity exhausted
10504	1789132035851	0	186	admit-refused	authority refusal LIMIT_EXCEEDED: aggregate admission capacity exhausted
10509	1789132035856	0	153	admit-retried	succeeded after 3 refusals
10509	1789132035856	0	153	admitted	admit=3894ms
10519	1789132035865	1	214	admit-refused	authority refusal LIMIT_EXCEEDED: aggregate admission capacity exhausted
10589	1789132035935	2	218	admit-retried	succeeded after 1 refusals
10589	1789132035935	2	218	admitted	admit=300ms
10678	1789132036024	0	195	admit-refused	authority refusal LIMIT_EXCEEDED: aggregate admission capacity exhausted
10690	1789132036037	0	198	admit-retried	succeeded after 1 refusals
10690	1789132036037	0	198	admitted	admit=275ms
10707	1789132036053	1	214	admit-retried	succeeded after 1 refusals
10707	1789132036053	1	214	admitted	admit=228ms
10727	1789132036074	2	215	admit-refused	authority refusal LIMIT_EXCEEDED: aggregate admission capacity exhausted
10757	1789132036103	2	209	admit-refused	authority refusal LIMIT_EXCEEDED: aggregate admission capacity exhausted
10761	1789132036107	2	221	admitted	admit=171ms
10794	1789132036140	0	201	admit-refused	authority refusal LIMIT_EXCEEDED: aggregate admission capacity exhausted
10800	1789132036147	0	204	admitted	admit=109ms
10837	1789132036183	2	224	admit-refused	authority refusal LIMIT_EXCEEDED: aggregate admission capacity exhausted
10845	1789132036192	2	200	admit-refused	authority refusal LIMIT_EXCEEDED: aggregate admission capacity exhausted
10849	1789132036195	1	217	admitted	admit=141ms
10883	1789132036230	0	207	admit-refused	authority refusal LIMIT_EXCEEDED: aggregate admission capacity exhausted
10895	1789132036242	0	192	admit-retried	succeeded after 1 refusals
10895	1789132036242	0	192	admitted	admit=1381ms
10914	1789132036261	1	220	admit-refused	authority refusal LIMIT_EXCEEDED: aggregate admission capacity exhausted
10970	1789132036316	0	210	admit-refused	authority refusal LIMIT_EXCEEDED: aggregate admission capacity exhausted
10972	1789132036319	0	201	admit-refused	authority refusal LIMIT_EXCEEDED: aggregate admission capacity exhausted
10985	1789132036332	0	138	admit-refused	authority refusal LIMIT_EXCEEDED: aggregate admission capacity exhausted
11022	1789132036369	1	103	admit-refused	authority refusal LIMIT_EXCEEDED: aggregate admission capacity exhausted
11023	1789132036370	0	207	admit-refused	authority refusal LIMIT_EXCEEDED: aggregate admission capacity exhausted
11101	1789132036448	1	220	admit-refused	authority refusal LIMIT_EXCEEDED: aggregate admission capacity exhausted
11117	1789132036463	0	210	admit-refused	authority refusal LIMIT_EXCEEDED: aggregate admission capacity exhausted
11129	1789132036475	2	152	admit-retried	succeeded after 5 refusals
11129	1789132036475	2	152	admitted	admit=4911ms
11224	1789132036570	0	201	admit-refused	authority refusal LIMIT_EXCEEDED: aggregate admission capacity exhausted
11225	1789132036572	2	227	admitted	admit=96ms
11325	1789132036671	0	207	admit-refused	authority refusal LIMIT_EXCEEDED: aggregate admission capacity exhausted
11341	1789132036687	1	220	admit-refused	authority refusal LIMIT_EXCEEDED: aggregate admission capacity exhausted
11363	1789132036709	2	206	admit-retried	succeeded after 4 refusals
11363	1789132036709	2	206	admitted	admit=1734ms
11426	1789132036772	0	210	admit-refused	authority refusal LIMIT_EXCEEDED: aggregate admission capacity exhausted
11432	1789132036779	2	224	admit-retried	succeeded after 1 refusals
11432	1789132036779	2	224	admitted	admit=670ms
11450	1789132036796	0	186	admit-refused	authority refusal LIMIT_EXCEEDED: aggregate admission capacity exhausted
11451	1789132036797	2	230	admitted	admit=225ms
11515	1789132036862	2	215	admit-refused	authority refusal LIMIT_EXCEEDED: aggregate admission capacity exhausted
11531	1789132036878	2	236	admit-refused	authority refusal LIMIT_EXCEEDED: aggregate admission capacity exhausted
11551	1789132036897	2	239	admit-refused	authority refusal LIMIT_EXCEEDED: aggregate admission capacity exhausted
11552	1789132036899	0	195	admit-retried	succeeded after 4 refusals
11552	1789132036899	0	195	admitted	admit=1850ms
11609	1789132036955	2	209	admit-refused	authority refusal LIMIT_EXCEEDED: aggregate admission capacity exhausted
11684	1789132037030	0	201	admit-refused	authority refusal LIMIT_EXCEEDED: aggregate admission capacity exhausted
11702	1789132037048	2	239	admit-refused	authority refusal LIMIT_EXCEEDED: aggregate admission capacity exhausted
11716	1789132037062	2	236	admit-retried	succeeded after 1 refusals
11716	1789132037062	2	236	admitted	admit=264ms
11720	1789132037066	0	213	admit-refused	authority refusal LIMIT_EXCEEDED: aggregate admission capacity exhausted
11742	1789132037089	0	177	admit-refused	authority refusal LIMIT_EXCEEDED: aggregate admission capacity exhausted
11790	1789132037137	0	207	admit-retried	succeeded after 3 refusals
11790	1789132037137	0	207	admitted	admit=989ms
11870	1789132037216	0	213	admit-refused	authority refusal LIMIT_EXCEEDED: aggregate admission capacity exhausted
11878	1789132037225	0	210	admit-refused	authority refusal LIMIT_EXCEEDED: aggregate admission capacity exhausted
11902	1789132037248	1	220	admit-retried	succeeded after 3 refusals
11902	1789132037248	1	220	admitted	admit=1052ms
11936	1789132037283	0	216	admit-refused	authority refusal LIMIT_EXCEEDED: aggregate admission capacity exhausted
11958	1789132037304	2	242	admitted	admit=241ms
12005	1789132037351	2	233	admitted	admit=641ms
12020	1789132037366	2	245	admit-refused	authority refusal LIMIT_EXCEEDED: aggregate admission capacity exhausted
12021	1789132037367	1	223	admitted	admit=118ms
12053	1789132037399	2	239	admit-refused	authority refusal LIMIT_EXCEEDED: aggregate admission capacity exhausted
12075	1789132037421	1	199	admit-retried	succeeded after 2 refusals
12075	1789132037421	1	199	admitted	admit=2508ms
12102	1789132037448	2	248	admit-refused	authority refusal LIMIT_EXCEEDED: aggregate admission capacity exhausted
12150	1789132037496	0	216	admit-retried	succeeded after 1 refusals
12150	1789132037496	0	216	admitted	admit=359ms
12201	1789132037548	0	213	admit-retried	succeeded after 2 refusals
12201	1789132037548	0	213	admitted	admit=649ms
12222	1789132037568	1	145	admit-retried	succeeded after 6 refusals
12222	1789132037568	1	145	admitted	admit=6829ms
12252	1789132037598	0	219	admitted	admit=102ms
12296	1789132037642	2	248	admit-refused	authority refusal LIMIT_EXCEEDED: aggregate admission capacity exhausted
12330	1789132037676	0	225	admit-refused	authority refusal LIMIT_EXCEEDED: aggregate admission capacity exhausted
12377	1789132037723	1	232	admitted	admit=155ms
12437	1789132037783	2	215	admit-refused	authority refusal LIMIT_EXCEEDED: aggregate admission capacity exhausted
12497	1789132037844	2	248	admit-ceiling	LIMIT_EXCEEDED: client unresolved admission ceiling
12508	1789132037855	0	225	admit-retried	succeeded after 1 refusals
12508	1789132037855	0	225	admitted	admit=256ms
12540	1789132037886	1	235	admitted	admit=162ms
12554	1789132037900	2	179	admit-refused	authority refusal LIMIT_EXCEEDED: aggregate admission capacity exhausted
12573	1789132037920	0	222	admitted	admit=371ms
12592	1789132037939	0	201	admit-refused	authority refusal LIMIT_EXCEEDED: aggregate admission capacity exhausted
12610	1789132037957	2	239	admit-refused	authority refusal LIMIT_EXCEEDED: aggregate admission capacity exhausted
12629	1789132037976	1	184	admit-retried	succeeded after 5 refusals
12629	1789132037976	1	184	admitted	admit=4146ms
12667	1789132038014	0	231	admitted	admit=94ms
12778	1789132038124	0	234	admit-refused	authority refusal LIMIT_EXCEEDED: aggregate admission capacity exhausted
12779	1789132038125	1	241	admitted	admit=149ms
12815	1789132038162	2	200	admit-refused	authority refusal LIMIT_EXCEEDED: aggregate admission capacity exhausted
12853	1789132038200	1	244	admitted	admit=74ms
12930	1789132038276	1	247	admit-refused	authority refusal LIMIT_EXCEEDED: aggregate admission capacity exhausted
12939	1789132038285	1	229	admitted	admit=863ms
12956	1789132038302	1	238	admit-refused	authority refusal LIMIT_EXCEEDED: aggregate admission capacity exhausted
12967	1789132038314	0	234	admit-retried	succeeded after 1 refusals
12967	1789132038314	0	234	admitted	admit=299ms
13037	1789132038384	1	250	admitted	admit=98ms
13097	1789132038443	2	248	admit-retried	succeeded after 3 refusals
13097	1789132038443	2	248	admitted	admit=1091ms
13114	1789132038461	0	186	admit-refused	authority refusal LIMIT_EXCEEDED: aggregate admission capacity exhausted
13135	1789132038481	0	210	admit-retried	succeeded after 4 refusals
13135	1789132038481	0	210	admitted	admit=2239ms
13157	1789132038504	1	247	admit-refused	authority refusal LIMIT_EXCEEDED: aggregate admission capacity exhausted
13160	1789132038507	1	253	admit-refused	authority refusal LIMIT_EXCEEDED: aggregate admission capacity exhausted
13166	1789132038512	1	238	admit-refused	authority refusal LIMIT_EXCEEDED: aggregate admission capacity exhausted
13272	1789132038619	0	240	admit-refused	authority refusal LIMIT_EXCEEDED: aggregate admission capacity exhausted
13284	1789132038630	2	209	admit-refused	authority refusal LIMIT_EXCEEDED: aggregate admission capacity exhausted
13297	1789132038643	0	237	admitted	admit=329ms
13352	1789132038699	1	253	admit-retried	succeeded after 1 refusals
13352	1789132038699	1	253	admitted	admit=314ms
13387	1789132038734	0	243	admitted	admit=90ms
13410	1789132038757	1	88	admit-retried	succeeded after 7 refusals
13410	1789132038757	1	88	admitted	admit=11975ms
13448	1789132038795	1	259	admit-ceiling	LIMIT_EXCEEDED: client unresolved admission ceiling
13475	1789132038822	1	247	admit-refused	authority refusal LIMIT_EXCEEDED: aggregate admission capacity exhausted
13477	1789132038824	0	246	admit-refused	authority refusal LIMIT_EXCEEDED: aggregate admission capacity exhausted
13483	1789132038829	1	238	admit-refused	authority refusal LIMIT_EXCEEDED: aggregate admission capacity exhausted
13486	1789132038832	0	240	admit-retried	succeeded after 1 refusals
13486	1789132038832	0	240	admitted	admit=350ms
13514	1789132038861	2	149	admit-refused	authority refusal LIMIT_EXCEEDED: aggregate admission capacity exhausted
13515	1789132038862	2	239	admit-retried	succeeded after 4 refusals
13515	1789132038862	2	239	admitted	admit=2063ms
13550	1789132038896	2	74	admit-ceiling	LIMIT_EXCEEDED: client unresolved admission ceiling
13579	1789132038926	0	246	admit-ceiling	LIMIT_EXCEEDED: client unresolved admission ceiling
13584	1789132038930	1	79	admit-ceiling	LIMIT_EXCEEDED: client unresolved admission ceiling
13591	1789132038938	0	249	admit-refused	authority refusal LIMIT_EXCEEDED: aggregate admission capacity exhausted
13601	1789132038947	0	72	admit-refused	authority refusal LIMIT_EXCEEDED: aggregate admission capacity exhausted
13611	1789132038958	0	78	admit-refused	authority refusal LIMIT_EXCEEDED: aggregate admission capacity exhausted
13617	1789132038963	1	259	admit-retried	succeeded after 1 refusals
13617	1789132038963	1	259	admitted	admit=205ms
13628	1789132038975	2	254	admitted	admit=112ms
13662	1789132039008	1	262	admit-ceiling	LIMIT_EXCEEDED: client unresolved admission ceiling
13670	1789132039016	2	257	admit-ceiling	LIMIT_EXCEEDED: client unresolved admission ceiling
13686	1789132039033	1	142	admit-ceiling	LIMIT_EXCEEDED: client unresolved admission ceiling
13711	1789132039058	1	85	admit-refused	authority refusal LIMIT_EXCEEDED: aggregate admission capacity exhausted
13722	1789132039069	1	256	admitted	admit=369ms
13760	1789132039106	2	56	admit-refused	authority refusal LIMIT_EXCEEDED: aggregate admission capacity exhausted
13767	1789132039114	0	249	admit-retried	succeeded after 1 refusals
13767	1789132039114	0	249	admitted	admit=281ms
13779	1789132039126	1	97	admit-ceiling	LIMIT_EXCEEDED: client unresolved admission ceiling
13795	1789132039142	2	53	admit-refused	authority refusal LIMIT_EXCEEDED: aggregate admission capacity exhausted
13835	1789132039182	2	257	admit-refused	authority refusal LIMIT_EXCEEDED: aggregate admission capacity exhausted
13844	1789132039191	2	92	admit-refused	authority refusal LIMIT_EXCEEDED: aggregate admission capacity exhausted
13858	1789132039204	1	94	admit-retried	succeeded after 7 refusals
13858	1789132039204	1	94	admitted	admit=12422ms
13878	1789132039225	1	247	admit-ceiling	LIMIT_EXCEEDED: client unresolved admission ceiling
13884	1789132039231	1	238	admit-ceiling	LIMIT_EXCEEDED: client unresolved admission ceiling
13887	1789132039234	1	262	admit-refused	authority refusal LIMIT_EXCEEDED: aggregate admission capacity exhausted
13899	1789132039246	2	245	admit-refused	authority refusal LIMIT_EXCEEDED: aggregate admission capacity exhausted
13906	1789132039253	0	246	admit-refused	authority refusal LIMIT_EXCEEDED: aggregate admission capacity exhausted
13907	1789132039254	0	105	admit-retried	succeeded after 7 refusals
13907	1789132039254	0	105	admitted	admit=11643ms
13934	1789132039280	0	75	admit-ceiling	LIMIT_EXCEEDED: client unresolved admission ceiling
13961	1789132039307	0	252	admit-refused	authority refusal LIMIT_EXCEEDED: aggregate admission capacity exhausted
13981	1789132039328	1	67	admit-refused	authority refusal LIMIT_EXCEEDED: aggregate admission capacity exhausted
13984	1789132039330	0	255	admit-refused	authority refusal LIMIT_EXCEEDED: aggregate admission capacity exhausted
13985	1789132039331	1	268	admitted	admit=126ms
14112	1789132039459	1	271	admitted	admit=127ms
14129	1789132039475	0	90	admit-ceiling	LIMIT_EXCEEDED: client unresolved admission ceiling
14141	1789132039487	1	274	admit-ceiling	LIMIT_EXCEEDED: client unresolved admission ceiling
14151	1789132039498	2	245	admit-refused	authority refusal LIMIT_EXCEEDED: aggregate admission capacity exhausted
14154	1789132039501	0	228	admit-refused	authority refusal LIMIT_EXCEEDED: aggregate admission capacity exhausted
14168	1789132039514	2	215	admit-retried	succeeded after 5 refusals
14168	1789132039514	2	215	admitted	admit=4070ms
14176	1789132039522	2	257	admit-refused	authority refusal LIMIT_EXCEEDED: aggregate admission capacity exhausted
14194	1789132039540	0	201	admit-ceiling	LIMIT_EXCEEDED: client unresolved admission ceiling
14204	1789132039551	1	109	admit-refused	authority refusal LIMIT_EXCEEDED: aggregate admission capacity exhausted
14223	1789132039569	1	262	admit-refused	authority refusal LIMIT_EXCEEDED: aggregate admission capacity exhausted
14259	1789132039606	0	138	admit-retried	succeeded after 6 refusals
14259	1789132039606	0	138	admitted	admit=8625ms
14273	1789132039620	0	258	admit-ceiling	LIMIT_EXCEEDED: client unresolved admission ceiling
14280	1789132039626	2	260	admit-refused	authority refusal LIMIT_EXCEEDED: aggregate admission capacity exhausted
14284	1789132039630	0	252	admit-refused	authority refusal LIMIT_EXCEEDED: aggregate admission capacity exhausted
14284	1789132039631	2	89	admit-retried	succeeded after 7 refusals
14284	1789132039631	2	89	admitted	admit=12333ms
14301	1789132039647	0	228	admit-refused	authority refusal LIMIT_EXCEEDED: aggregate admission capacity exhausted
14314	1789132039661	1	274	admit-retried	succeeded after 1 refusals
14314	1789132039661	1	274	admitted	admit=201ms
14327	1789132039673	1	226	admit-refused	authority refusal LIMIT_EXCEEDED: aggregate admission capacity exhausted
14358	1789132039705	0	246	admit-refused	authority refusal LIMIT_EXCEEDED: aggregate admission capacity exhausted
14380	1789132039727	2	263	admitted	admit=96ms
14460	1789132039806	2	251	admit-refused	authority refusal LIMIT_EXCEEDED: aggregate admission capacity exhausted
14465	1789132039812	0	102	admit-retried	succeeded after 7 refusals
14465	1789132039812	0	102	admitted	admit=12518ms
14473	1789132039819	2	260	admit-refused	authority refusal LIMIT_EXCEEDED: aggregate admission capacity exhausted
14482	1789132039829	2	266	admit-refused	authority refusal LIMIT_EXCEEDED: aggregate admission capacity exhausted
14487	1789132039833	0	252	admit-ceiling	LIMIT_EXCEEDED: client unresolved admission ceiling
14502	1789132039848	0	228	admit-ceiling	LIMIT_EXCEEDED: client unresolved admission ceiling
14532	1789132039878	1	277	admitted	admit=217ms
14558	1789132039904	0	261	admitted	admit=91ms
14611	1789132039957	0	111	admit-refused	authority refusal LIMIT_EXCEEDED: aggregate admission capacity exhausted
14623	1789132039970	0	264	admit-refused	authority refusal LIMIT_EXCEEDED: aggregate admission capacity exhausted
14647	1789132039993	2	266	admit-refused	authority refusal LIMIT_EXCEEDED: aggregate admission capacity exhausted
14658	1789132040004	2	251	admit-retried	succeeded after 1 refusals
14658	1789132040004	2	251	admitted	admit=1560ms
14695	1789132040041	1	226	admit-retried	succeeded after 1 refusals
14695	1789132040041	1	226	admitted	admit=2673ms
14697	1789132040044	1	238	admit-ceiling	LIMIT_EXCEEDED: client unresolved admission ceiling
14697	1789132040044	1	115	admit-ceiling	LIMIT_EXCEEDED: client unresolved admission ceiling
14701	1789132040048	2	257	admit-refused	authority refusal LIMIT_EXCEEDED: aggregate admission capacity exhausted
14721	1789132040068	2	245	admit-refused	authority refusal LIMIT_EXCEEDED: aggregate admission capacity exhausted
14730	1789132040077	1	283	admit-ceiling	LIMIT_EXCEEDED: client unresolved admission ceiling
14731	1789132040078	1	55	admit-ceiling	LIMIT_EXCEEDED: client unresolved admission ceiling
14743	1789132040089	2	269	admit-refused	authority refusal LIMIT_EXCEEDED: aggregate admission capacity exhausted
14753	1789132040099	2	260	admit-refused	authority refusal LIMIT_EXCEEDED: aggregate admission capacity exhausted
14767	1789132040114	1	247	admit-retried	succeeded after 4 refusals
14767	1789132040114	1	247	admitted	admit=1913ms
14824	1789132040171	0	114	admit-ceiling	LIMIT_EXCEEDED: client unresolved admission ceiling
14832	1789132040179	1	283	admit-ceiling	LIMIT_EXCEEDED: client unresolved admission ceiling
14857	1789132040204	1	286	admit-refused	authority refusal LIMIT_EXCEEDED: aggregate admission capacity exhausted
14870	1789132040217	0	117	admit-retried	succeeded after 7 refusals
14870	1789132040217	0	117	admitted	admit=11922ms
14899	1789132040246	0	252	admit-ceiling	LIMIT_EXCEEDED: client unresolved admission ceiling
14903	1789132040249	0	228	admit-ceiling	LIMIT_EXCEEDED: client unresolved admission ceiling
14935	1789132040281	1	280	admit-refused	authority refusal LIMIT_EXCEEDED: aggregate admission capacity exhausted
14944	1789132040291	0	177	admit-ceiling	LIMIT_EXCEEDED: client unresolved admission ceiling
14952	1789132040299	2	269	admit-refused	authority refusal LIMIT_EXCEEDED: aggregate admission capacity exhausted
14976	1789132040323	0	267	admit-refused	authority refusal LIMIT_EXCEEDED: aggregate admission capacity exhausted
14992	1789132040339	1	262	admit-refused	authority refusal LIMIT_EXCEEDED: aggregate admission capacity exhausted
15016	1789132040362	1	265	admit-refused	authority refusal LIMIT_EXCEEDED: aggregate admission capacity exhausted
15024	1789132040370	1	286	admit-refused	authority refusal LIMIT_EXCEEDED: aggregate admission capacity exhausted
15080	1789132040427	2	101	admit-retried	succeeded after 7 refusals
15080	1789132040427	2	101	admitted	admit=13095ms
15087	1789132040434	1	280	admit-refused	authority refusal LIMIT_EXCEEDED: aggregate admission capacity exhausted
15093	1789132040440	0	264	admit-refused	authority refusal LIMIT_EXCEEDED: aggregate admission capacity exhausted
15130	1789132040476	1	283	admit-refused	authority refusal LIMIT_EXCEEDED: aggregate admission capacity exhausted
15154	1789132040501	2	260	admit-ceiling	LIMIT_EXCEEDED: client unresolved admission ceiling
15212	1789132040558	2	80	admit-ceiling	LIMIT_EXCEEDED: client unresolved admission ceiling
15239	1789132040586	2	266	admit-refused	authority refusal LIMIT_EXCEEDED: aggregate admission capacity exhausted
15240	1789132040587	1	265	admit-refused	authority refusal LIMIT_EXCEEDED: aggregate admission capacity exhausted
15253	1789132040600	2	269	admit-retried	succeeded after 2 refusals
15253	1789132040600	2	269	admitted	admit=594ms
15295	1789132040641	0	264	admit-ceiling	LIMIT_EXCEEDED: client unresolved admission ceiling
15304	1789132040651	1	286	admit-refused	authority refusal LIMIT_EXCEEDED: aggregate admission capacity exhausted
15369	1789132040716	0	267	admit-retried	succeeded after 1 refusals
15369	1789132040716	0	267	admitted	admit=498ms
15376	1789132040723	1	280	admit-refused	authority refusal LIMIT_EXCEEDED: aggregate admission capacity exhausted
15487	1789132040833	0	270	admitted	admit=117ms
15494	1789132040840	2	275	admitted	admit=240ms
15526	1789132040872	2	245	admit-ceiling	LIMIT_EXCEEDED: client unresolved admission ceiling
15578	1789132040925	1	265	admit-refused	authority refusal LIMIT_EXCEEDED: aggregate admission capacity exhausted
15589	1789132040935	1	124	admit-refused	authority refusal LIMIT_EXCEEDED: aggregate admission capacity exhausted
15602	1789132040948	2	278	admitted	admit=107ms
15609	1789132040955	1	283	admit-refused	authority refusal LIMIT_EXCEEDED: aggregate admission capacity exhausted
15617	1789132040964	0	273	admitted	admit=130ms
15641	1789132040987	2	266	admit-ceiling	LIMIT_EXCEEDED: client unresolved admission ceiling
15688	1789132041035	2	281	admitted	admit=86ms
15696	1789132041043	0	264	admit-ceiling	LIMIT_EXCEEDED: client unresolved admission ceiling
15701	1789132041047	0	252	admit-ceiling	LIMIT_EXCEEDED: client unresolved admission ceiling
15705	1789132041051	0	228	admit-ceiling	LIMIT_EXCEEDED: client unresolved admission ceiling
15759	1789132041106	2	272	admitted	admit=678ms
15780	1789132041127	2	257	admit-retried	succeeded after 4 refusals
15780	1789132041127	2	257	admitted	admit=2151ms
15793	1789132041139	2	284	admit-refused	authority refusal LIMIT_EXCEEDED: aggregate admission capacity exhausted
15811	1789132041157	1	286	admit-retried	succeeded after 3 refusals
15811	1789132041157	1	286	admitted	admit=1043ms
15879	1789132041226	2	179	admit-refused	authority refusal LIMIT_EXCEEDED: aggregate admission capacity exhausted
15955	1789132041302	1	262	admit-retried	succeeded after 4 refusals
15955	1789132041302	1	262	admitted	admit=2338ms
15956	1789132041303	2	260	admit-ceiling	LIMIT_EXCEEDED: client unresolved admission ceiling
15958	1789132041304	1	289	admit-refused	authority refusal LIMIT_EXCEEDED: aggregate admission capacity exhausted
15972	1789132041318	2	284	admit-refused	authority refusal LIMIT_EXCEEDED: aggregate admission capacity exhausted
15989	1789132041336	2	287	admit-refused	authority refusal LIMIT_EXCEEDED: aggregate admission capacity exhausted
16003	1789132041350	2	290	admit-refused	authority refusal LIMIT_EXCEEDED: aggregate admission capacity exhausted
16017	1789132041364	2	116	admit-refused	authority refusal LIMIT_EXCEEDED: aggregate admission capacity exhausted
16030	1789132041377	1	292	admit-refused	authority refusal LIMIT_EXCEEDED: aggregate admission capacity exhausted
16089	1789132041436	1	103	admit-refused	authority refusal LIMIT_EXCEEDED: aggregate admission capacity exhausted
16095	1789132041441	1	265	admit-retried	succeeded after 3 refusals
16095	1789132041441	1	265	admitted	admit=2372ms
16103	1789132041450	1	289	admit-refused	authority refusal LIMIT_EXCEEDED: aggregate admission capacity exhausted
16166	1789132041513	2	287	admit-refused	authority refusal LIMIT_EXCEEDED: aggregate admission capacity exhausted
16180	1789132041527	1	295	admit-refused	authority refusal LIMIT_EXCEEDED: aggregate admission capacity exhausted
16183	1789132041530	2	290	admit-retried	succeeded after 1 refusals
16183	1789132041530	2	290	admitted	admit=402ms
16245	1789132041591	2	284	admit-refused	authority refusal LIMIT_EXCEEDED: aggregate admission capacity exhausted
16283	1789132041630	2	293	admitted	admit=99ms
16305	1789132041651	1	289	admit-ceiling	LIMIT_EXCEEDED: client unresolved admission ceiling
16316	1789132041662	0	186	admit-ceiling	LIMIT_EXCEEDED: client unresolved admission ceiling
16342	1789132041689	1	280	admit-retried	succeeded after 3 refusals
16342	1789132041689	1	280	admitted	admit=1810ms
16410	1789132041756	1	283	admit-ceiling	LIMIT_EXCEEDED: client unresolved admission ceiling
16428	1789132041775	2	287	admit-retried	succeeded after 2 refusals
16428	1789132041775	2	287	admitted	admit=647ms
16444	1789132041791	1	298	admitted	admit=101ms
16485	1789132041832	2	209	admit-ceiling	LIMIT_EXCEEDED: client unresolved admission ceiling
16492	1789132041838	0	258	admit-retried	succeeded after 1 refusals
16492	1789132041838	0	258	admitted	admit=2232ms
16515	1789132041861	0	264	admit-ceiling	LIMIT_EXCEEDED: client unresolved admission ceiling
16524	1789132041871	2	266	admit-refused	authority refusal LIMIT_EXCEEDED: aggregate admission capacity exhausted
16566	1789132041912	1	301	admitted	admit=121ms
16601	1789132041947	0	279	admitted	admit=108ms
16671	1789132042018	1	304	admitted	admit=105ms
16678	1789132042025	1	238	admit-refused	authority refusal LIMIT_EXCEEDED: aggregate admission capacity exhausted
16704	1789132042051	2	284	admit-refused	authority refusal LIMIT_EXCEEDED: aggregate admission capacity exhausted
16712	1789132042059	2	299	admitted	admit=283ms
16737	1789132042084	0	282	admitted	admit=136ms
16767	1789132042113	0	276	admitted	admit=1149ms
16848	1789132042195	0	246	admit-retried	succeeded after 4 refusals
16848	1789132042195	0	246	admitted	admit=3460ms
16888	1789132042234	0	285	admitted	admit=120ms
16918	1789132042265	0	288	admitted	admit=150ms
16931	1789132042277	2	302	admitted	admit=218ms
16998	1789132042345	0	291	admitted	admit=149ms
17029	1789132042375	0	294	admit-refused	authority refusal LIMIT_EXCEEDED: aggregate admission capacity exhausted
17043	1789132042389	0	297	admit-refused	authority refusal LIMIT_EXCEEDED: aggregate admission capacity exhausted
17045	1789132042391	2	305	admit-refused	authority refusal LIMIT_EXCEEDED: aggregate admission capacity exhausted
17051	1789132042398	0	300	admit-refused	authority refusal LIMIT_EXCEEDED: aggregate admission capacity exhausted
17204	1789132042550	2	245	admit-retried	succeeded after 5 refusals
17204	1789132042550	2	245	admitted	admit=5245ms
17246	1789132042593	1	307	admitted	admit=574ms
17299	1789132042646	2	305	admit-refused	authority refusal LIMIT_EXCEEDED: aggregate admission capacity exhausted
17300	1789132042646	2	308	admitted	admit=95ms
17303	1789132042649	0	252	admit-ceiling	LIMIT_EXCEEDED: client unresolved admission ceiling
17303	1789132042649	2	200	admit-refused	authority refusal LIMIT_EXCEEDED: aggregate admission capacity exhausted
17306	1789132042653	0	228	admit-ceiling	LIMIT_EXCEEDED: client unresolved admission ceiling
17354	1789132042701	1	310	admitted	admit=107ms
17395	1789132042742	0	201	admit-ceiling	LIMIT_EXCEEDED: client unresolved admission ceiling
17402	1789132042749	1	295	admit-retried	succeeded after 1 refusals
17402	1789132042749	1	295	admitted	admit=1307ms
17425	1789132042771	2	311	admit-refused	authority refusal LIMIT_EXCEEDED: aggregate admission capacity exhausted
17462	1789132042808	1	313	admitted	admit=107ms
17479	1789132042825	2	296	admit-refused	authority refusal LIMIT_EXCEEDED: aggregate admission capacity exhausted
17504	1789132042851	1	316	admitted	admit=101ms
17581	1789132042927	2	296	admit-ceiling	LIMIT_EXCEEDED: client unresolved admission ceiling
17587	1789132042934	1	322	admit-refused	authority refusal LIMIT_EXCEEDED: aggregate admission capacity exhausted
17597	1789132042944	2	260	admit-refused	authority refusal LIMIT_EXCEEDED: aggregate admission capacity exhausted
17600	1789132042946	1	289	admit-refused	authority refusal LIMIT_EXCEEDED: aggregate admission capacity exhausted
17603	1789132042950	1	319	admitted	admit=141ms
17637	1789132042984	2	305	admit-refused	authority refusal LIMIT_EXCEEDED: aggregate admission capacity exhausted
17664	1789132043011	2	311	admit-refused	authority refusal LIMIT_EXCEEDED: aggregate admission capacity exhausted
17683	1789132043030	0	255	admit-retried	succeeded after 1 refusals
17683	1789132043030	0	255	admitted	admit=3775ms
17698	1789132043045	2	284	admit-refused	authority refusal LIMIT_EXCEEDED: aggregate admission capacity exhausted
17762	1789132043108	0	297	admit-retried	succeeded after 1 refusals
17762	1789132043108	0	297	admitted	admit=842ms
17810	1789132043156	0	303	admitted	admit=125ms
17812	1789132043159	1	322	admit-retried	succeeded after 1 refusals
17812	1789132043159	1	322	admitted	admit=307ms
17902	1789132043249	2	296	admit-retried	succeeded after 2 refusals
17902	1789132043249	2	296	admitted	admit=1618ms
17906	1789132043253	2	311	admit-refused	authority refusal LIMIT_EXCEEDED: aggregate admission capacity exhausted
17930	1789132043277	0	306	admitted	admit=168ms
17943	1789132043290	0	300	admit-refused	authority refusal LIMIT_EXCEEDED: aggregate admission capacity exhausted
17957	1789132043303	0	309	admitted	admit=146ms
17999	1789132043345	2	314	admit-refused	authority refusal LIMIT_EXCEEDED: aggregate admission capacity exhausted
18005	1789132043351	1	325	admit-refused	authority refusal LIMIT_EXCEEDED: aggregate admission capacity exhausted
18075	1789132043421	1	328	admit-refused	authority refusal LIMIT_EXCEEDED: aggregate admission capacity exhausted
18089	1789132043435	2	305	admit-refused	authority refusal LIMIT_EXCEEDED: aggregate admission capacity exhausted
18090	1789132043436	0	312	admitted	admit=132ms
18130	1789132043477	1	292	admit-refused	authority refusal LIMIT_EXCEEDED: aggregate admission capacity exhausted
18150	1789132043496	0	315	admitted	admit=192ms
18161	1789132043507	2	314	admit-refused	authority refusal LIMIT_EXCEEDED: aggregate admission capacity exhausted
18170	1789132043516	0	321	admit-ceiling	LIMIT_EXCEEDED: client unresolved admission ceiling
18189	1789132043536	1	325	admit-refused	authority refusal LIMIT_EXCEEDED: aggregate admission capacity exhausted
18192	1789132043538	1	283	admit-retried	succeeded after 5 refusals
18192	1789132043538	1	283	admitted	admit=3495ms
18217	1789132043563	0	300	admit-refused	authority refusal LIMIT_EXCEEDED: aggregate admission capacity exhausted
18225	1789132043571	2	266	admit-retried	succeeded after 5 refusals
18225	1789132043571	2	266	admitted	admit=3843ms
18270	1789132043617	1	331	admit-refused	authority refusal LIMIT_EXCEEDED: aggregate admission capacity exhausted
18321	1789132043668	2	317	admit-refused	authority refusal LIMIT_EXCEEDED: aggregate admission capacity exhausted
18342	1789132043689	0	318	admit-refused	authority refusal LIMIT_EXCEEDED: aggregate admission capacity exhausted
18358	1789132043705	0	321	admit-retried	succeeded after 1 refusals
18358	1789132043705	0	321	admitted	admit=207ms
18381	1789132043728	2	311	admit-retried	succeeded after 3 refusals
18381	1789132043728	2	311	admitted	admit=1080ms
18414	1789132043760	1	331	admit-refused	authority refusal LIMIT_EXCEEDED: aggregate admission capacity exhausted
18417	1789132043763	1	292	admit-retried	succeeded after 2 refusals
18417	1789132043763	1	292	admitted	admit=2461ms
18466	1789132043813	0	324	admitted	admit=107ms
18497	1789132043843	2	317	admit-refused	authority refusal LIMIT_EXCEEDED: aggregate admission capacity exhausted
18522	1789132043868	1	289	admit-refused	authority refusal LIMIT_EXCEEDED: aggregate admission capacity exhausted
18531	1789132043878	1	328	admit-retried	succeeded after 1 refusals
18532	1789132043878	1	328	admitted	admit=719ms
18577	1789132043923	1	334	admit-refused	authority refusal LIMIT_EXCEEDED: aggregate admission capacity exhausted
18602	1789132043948	0	72	admit-ceiling	LIMIT_EXCEEDED: client unresolved admission ceiling
18609	1789132043955	1	337	admit-refused	authority refusal LIMIT_EXCEEDED: aggregate admission capacity exhausted
18612	1789132043958	0	327	admit-refused	authority refusal LIMIT_EXCEEDED: aggregate admission capacity exhausted
18618	1789132043964	0	300	admit-ceiling	LIMIT_EXCEEDED: client unresolved admission ceiling
18673	1789132044019	2	149	admit-retried	succeeded after 7 refusals
18673	1789132044019	2	149	admitted	admit=12672ms
18675	1789132044022	0	78	admit-retried	succeeded after 8 refusals
18675	1789132044022	0	78	admitted	admit=17382ms
18688	1789132044035	1	142	admit-ceiling	LIMIT_EXCEEDED: client unresolved admission ceiling
18695	1789132044042	1	79	admit-refused	authority refusal LIMIT_EXCEEDED: aggregate admission capacity exhausted
18706	1789132044053	2	317	admit-ceiling	LIMIT_EXCEEDED: client unresolved admission ceiling
18713	1789132044059	1	85	admit-ceiling	LIMIT_EXCEEDED: client unresolved admission ceiling
18713	1789132044060	0	327	admit-ceiling	LIMIT_EXCEEDED: client unresolved admission ceiling
18761	1789132044108	2	56	admit-ceiling	LIMIT_EXCEEDED: client unresolved admission ceiling
18769	1789132044116	1	337	admit-refused	authority refusal LIMIT_EXCEEDED: aggregate admission capacity exhausted
18773	1789132044119	1	334	admit-retried	succeeded after 1 refusals
18773	1789132044119	1	334	admitted	admit=355ms
18780	1789132044126	1	331	admit-refused	authority refusal LIMIT_EXCEEDED: aggregate admission capacity exhausted
18780	1789132044126	0	330	admit-refused	authority refusal LIMIT_EXCEEDED: aggregate admission capacity exhausted
18799	1789132044146	2	74	admit-retried	succeeded after 8 refusals
18799	1789132044146	2	74	admitted	admit=17481ms
18822	1789132044168	2	323	admit-refused	authority refusal LIMIT_EXCEEDED: aggregate admission capacity exhausted
18846	1789132044192	2	92	admit-ceiling	LIMIT_EXCEEDED: client unresolved admission ceiling
18859	1789132044205	1	340	admit-refused	authority refusal LIMIT_EXCEEDED: aggregate admission capacity exhausted
18870	1789132044216	1	97	admit-refused	authority refusal LIMIT_EXCEEDED: aggregate admission capacity exhausted
18870	1789132044217	0	318	admit-retried	succeeded after 1 refusals
18870	1789132044217	0	318	admitted	admit=780ms
18871	1789132044218	2	326	admit-refused	authority refusal LIMIT_EXCEEDED: aggregate admission capacity exhausted
18915	1789132044262	0	327	admit-ceiling	LIMIT_EXCEEDED: client unresolved admission ceiling
18923	1789132044269	2	53	admit-refused	authority refusal LIMIT_EXCEEDED: aggregate admission capacity exhausted
18935	1789132044282	0	75	admit-ceiling	LIMIT_EXCEEDED: client unresolved admission ceiling
18948	1789132044295	2	305	admit-refused	authority refusal LIMIT_EXCEEDED: aggregate admission capacity exhausted
18982	1789132044329	2	323	admit-refused	authority refusal LIMIT_EXCEEDED: aggregate admission capacity exhausted
19002	1789132044348	2	320	admit-refused	authority refusal LIMIT_EXCEEDED: aggregate admission capacity exhausted
19080	1789132044426	1	340	admit-refused	authority refusal LIMIT_EXCEEDED: aggregate admission capacity exhausted
19083	1789132044429	2	326	admit-refused	authority refusal LIMIT_EXCEEDED: aggregate admission capacity exhausted
19100	1789132044446	1	67	admit-retried	succeeded after 8 refusals
19100	1789132044446	1	67	admitted	admit=17665ms
19112	1789132044458	1	337	admit-refused	authority refusal LIMIT_EXCEEDED: aggregate admission capacity exhausted
19125	1789132044471	0	330	admit-retried	succeeded after 1 refusals
19125	1789132044471	0	330	admitted	admit=449ms
19132	1789132044478	1	325	admit-refused	authority refusal LIMIT_EXCEEDED: aggregate admission capacity exhausted
19150	1789132044497	0	90	admit-ceiling	LIMIT_EXCEEDED: client unresolved admission ceiling
19217	1789132044563	2	314	admit-retried	succeeded after 2 refusals
19217	1789132044563	2	314	admitted	admit=1314ms
19222	1789132044568	2	317	admit-refused	authority refusal LIMIT_EXCEEDED: aggregate admission capacity exhausted
19231	1789132044578	2	323	admit-refused	authority refusal LIMIT_EXCEEDED: aggregate admission capacity exhausted
19278	1789132044625	1	109	admit-refused	authority refusal LIMIT_EXCEEDED: aggregate admission capacity exhausted
19287	1789132044633	1	331	admit-retried	succeeded after 3 refusals
19287	1789132044633	1	331	admitted	admit=1094ms
19317	1789132044664	0	327	admit-ceiling	LIMIT_EXCEEDED: client unresolved admission ceiling
19354	1789132044701	2	326	admit-refused	authority refusal LIMIT_EXCEEDED: aggregate admission capacity exhausted
19365	1789132044711	2	329	admitted	admit=147ms
19373	1789132044719	1	340	admit-retried	succeeded after 2 refusals
19373	1789132044719	1	340	admitted	admit=599ms
19373	1789132044719	1	346	admit-refused	authority refusal LIMIT_EXCEEDED: aggregate admission capacity exhausted
19375	1789132044721	0	294	admit-retried	succeeded after 1 refusals
19375	1789132044721	0	294	admitted	admit=2456ms
19439	1789132044785	0	333	admitted	admit=567ms
19459	1789132044806	0	342	admit-ceiling	LIMIT_EXCEEDED: client unresolved admission ceiling
19486	1789132044832	0	300	admit-refused	authority refusal LIMIT_EXCEEDED: aggregate admission capacity exhausted
19504	1789132044850	0	339	admitted	admit=128ms
19535	1789132044881	1	325	admit-ceiling	LIMIT_EXCEEDED: client unresolved admission ceiling
19540	1789132044887	0	336	admit-refused	authority refusal LIMIT_EXCEEDED: aggregate admission capacity exhausted
19612	1789132044959	1	337	admit-retried	succeeded after 3 refusals
19613	1789132044959	1	337	admitted	admit=1080ms
19642	1789132044989	0	336	admit-ceiling	LIMIT_EXCEEDED: client unresolved admission ceiling
19667	1789132045013	1	346	admit-retried	succeeded after 1 refusals
19667	1789132045013	1	346	admitted	admit=380ms
19688	1789132045034	0	342	admit-retried	succeeded after 1 refusals
19688	1789132045034	0	342	admitted	admit=248ms
19692	1789132045039	1	352	admit-refused	authority refusal LIMIT_EXCEEDED: aggregate admission capacity exhausted
19708	1789132045055	2	320	admit-refused	authority refusal LIMIT_EXCEEDED: aggregate admission capacity exhausted
19729	1789132045076	2	323	admit-retried	succeeded after 3 refusals
19729	1789132045076	2	323	admitted	admit=1055ms
19733	1789132045080	1	55	admit-ceiling	LIMIT_EXCEEDED: client unresolved admission ceiling
19780	1789132045126	0	345	admit-refused	authority refusal LIMIT_EXCEEDED: aggregate admission capacity exhausted
19794	1789132045141	1	352	admit-ceiling	LIMIT_EXCEEDED: client unresolved admission ceiling
19805	1789132045152	0	111	admit-refused	authority refusal LIMIT_EXCEEDED: aggregate admission capacity exhausted
19834	1789132045181	1	115	admit-refused	authority refusal LIMIT_EXCEEDED: aggregate admission capacity exhausted
19869	1789132045216	2	326	admit-refused	authority refusal LIMIT_EXCEEDED: aggregate admission capacity exhausted
19876	1789132045223	2	335	admitted	admit=146ms
19880	1789132045227	0	345	admit-ceiling	LIMIT_EXCEEDED: client unresolved admission ceiling
19897	1789132045243	0	114	admit-refused	authority refusal LIMIT_EXCEEDED: aggregate admission capacity exhausted
19899	1789132045246	2	332	admit-refused	authority refusal LIMIT_EXCEEDED: aggregate admission capacity exhausted
19966	1789132045313	1	238	admit-retried	succeeded after 6 refusals
19966	1789132045313	1	238	admitted	admit=7426ms
19981	1789132045328	1	355	admit-refused	authority refusal LIMIT_EXCEEDED: aggregate admission capacity exhausted
20023	1789132045370	2	320	admit-retried	succeeded after 2 refusals
20023	1789132045370	2	320	admitted	admit=1641ms
20055	1789132045402	2	341	admit-ceiling	LIMIT_EXCEEDED: client unresolved admission ceiling
20081	1789132045428	0	177	admit-retried	succeeded after 7 refusals
20081	1789132045428	0	177	admitted	admit=12056ms
20097	1789132045443	1	352	admit-retried	succeeded after 2 refusals
20097	1789132045443	1	352	admitted	admit=483ms
20122	1789132045469	0	351	admit-ceiling	LIMIT_EXCEEDED: client unresolved admission ceiling
20123	1789132045470	0	327	admit-ceiling	LIMIT_EXCEEDED: client unresolved admission ceiling
20130	1789132045476	1	361	admit-ceiling	LIMIT_EXCEEDED: client unresolved admission ceiling
20130	1789132045477	1	289	admit-ceiling	LIMIT_EXCEEDED: client unresolved admission ceiling
20157	1789132045504	2	341	admit-ceiling	LIMIT_EXCEEDED: client unresolved admission ceiling
20214	1789132045560	2	80	admit-ceiling	LIMIT_EXCEEDED: client unresolved admission ceiling
20224	1789132045570	0	351	admit-ceiling	LIMIT_EXCEEDED: client unresolved admission ceiling
20231	1789132045578	1	361	admit-ceiling	LIMIT_EXCEEDED: client unresolved admission ceiling
20259	1789132045605	2	332	admit-refused	authority refusal LIMIT_EXCEEDED: aggregate admission capacity exhausted
20262	1789132045608	0	336	admit-retried	succeeded after 2 refusals
20262	1789132045608	0	336	admitted	admit=1136ms
20288	1789132045635	1	358	admitted	admit=321ms
20336	1789132045682	1	349	admitted	admit=962ms
20354	1789132045701	1	367	admit-ceiling	LIMIT_EXCEEDED: client unresolved admission ceiling
20426	1789132045772	0	351	admit-ceiling	LIMIT_EXCEEDED: client unresolved admission ceiling
20429	1789132045775	2	341	admit-retried	succeeded after 2 refusals
20429	1789132045775	2	341	admitted	admit=404ms
20433	1789132045780	1	361	admit-ceiling	LIMIT_EXCEEDED: client unresolved admission ceiling
20461	1789132045807	2	332	admit-ceiling	LIMIT_EXCEEDED: client unresolved admission ceiling
20462	1789132045809	1	325	admit-retried	succeeded after 4 refusals
20462	1789132045809	1	325	admitted	admit=2859ms
20496	1789132045842	1	370	admit-ceiling	LIMIT_EXCEEDED: client unresolved admission ceiling
20498	1789132045845	1	355	admit-refused	authority refusal LIMIT_EXCEEDED: aggregate admission capacity exhausted
20519	1789132045866	0	345	admit-retried	succeeded after 2 refusals
20519	1789132045866	0	345	admitted	admit=1015ms
20520	1789132045867	0	228	admit-ceiling	LIMIT_EXCEEDED: client unresolved admission ceiling
20522	1789132045868	1	367	admit-refused	authority refusal LIMIT_EXCEEDED: aggregate admission capacity exhausted
20540	1789132045887	0	357	admit-ceiling	LIMIT_EXCEEDED: client unresolved admission ceiling
20563	1789132045910	2	344	admitted	admit=133ms
20592	1789132045939	0	252	admit-retried	succeeded after 6 refusals
20592	1789132045939	0	252	admitted	admit=6824ms
20595	1789132045941	2	347	admit-ceiling	LIMIT_EXCEEDED: client unresolved admission ceiling
20642	1789132045989	0	357	admit-ceiling	LIMIT_EXCEEDED: client unresolved admission ceiling
20681	1789132046028	2	284	admit-refused	authority refusal LIMIT_EXCEEDED: aggregate admission capacity exhausted
20682	1789132046028	2	305	admit-retried	succeeded after 5 refusals
20682	1789132046028	2	305	admitted	admit=3750ms
20710	1789132046056	1	124	admit-retried	succeeded after 8 refusals
20710	1789132046056	1	124	admitted	admit=17035ms
20713	1789132046059	2	347	admit-ceiling	LIMIT_EXCEEDED: client unresolved admission ceiling
20743	1789132046089	1	373	admit-ceiling	LIMIT_EXCEEDED: client unresolved admission ceiling
20743	1789132046090	1	367	admit-ceiling	LIMIT_EXCEEDED: client unresolved admission ceiling
20750	1789132046097	2	326	admit-retried	succeeded after 4 refusals
20750	1789132046097	2	326	admitted	admit=1950ms
20750	1789132046097	1	343	admit-refused	authority refusal LIMIT_EXCEEDED: aggregate admission capacity exhausted
20794	1789132046141	0	360	admitted	admit=201ms
20799	1789132046146	2	260	admit-ceiling	LIMIT_EXCEEDED: client unresolved admission ceiling
20810	1789132046157	1	364	admit-refused	authority refusal LIMIT_EXCEEDED: aggregate admission capacity exhausted
20829	1789132046175	0	351	admit-ceiling	LIMIT_EXCEEDED: client unresolved admission ceiling
20838	1789132046184	2	353	admit-refused	authority refusal LIMIT_EXCEEDED: aggregate admission capacity exhausted
20844	1789132046190	0	357	admit-ceiling	LIMIT_EXCEEDED: client unresolved admission ceiling
20848	1789132046195	1	355	admit-retried	succeeded after 2 refusals
20848	1789132046195	1	355	admitted	admit=1180ms
20862	1789132046208	1	370	admit-refused	authority refusal LIMIT_EXCEEDED: aggregate admission capacity exhausted
20881	1789132046228	2	179	admit-ceiling	LIMIT_EXCEEDED: client unresolved admission ceiling
20904	1789132046251	2	350	admit-refused	authority refusal LIMIT_EXCEEDED: aggregate admission capacity exhausted
20912	1789132046259	1	364	admit-ceiling	LIMIT_EXCEEDED: client unresolved admission ceiling
20940	1789132046287	2	353	admit-ceiling	LIMIT_EXCEEDED: client unresolved admission ceiling
20961	1789132046308	0	363	admitted	admit=166ms
20979	1789132046325	2	347	admit-refused	authority refusal LIMIT_EXCEEDED: aggregate admission capacity exhausted
20985	1789132046331	0	354	admitted	admit=722ms
20995	1789132046342	1	376	admit-refused	authority refusal LIMIT_EXCEEDED: aggregate admission capacity exhausted
21012	1789132046359	1	343	admit-refused	authority refusal LIMIT_EXCEEDED: aggregate admission capacity exhausted
21019	1789132046366	2	116	admit-ceiling	LIMIT_EXCEEDED: client unresolved admission ceiling
21041	1789132046388	1	361	admit-refused	authority refusal LIMIT_EXCEEDED: aggregate admission capacity exhausted
21050	1789132046396	1	373	admit-refused	authority refusal LIMIT_EXCEEDED: aggregate admission capacity exhausted
21082	1789132046428	2	350	admit-refused	authority refusal LIMIT_EXCEEDED: aggregate admission capacity exhausted
21101	1789132046447	2	332	admit-refused	authority refusal LIMIT_EXCEEDED: aggregate admission capacity exhausted
21116	1789132046463	0	366	admitted	admit=131ms
21139	1789132046485	0	369	admitted	admit=153ms
21145	1789132046492	1	367	admit-ceiling	LIMIT_EXCEEDED: client unresolved admission ceiling
21215	1789132046561	1	343	admit-ceiling	LIMIT_EXCEEDED: client unresolved admission ceiling
21231	1789132046578	0	375	admit-ceiling	LIMIT_EXCEEDED: client unresolved admission ceiling
21233	1789132046579	1	103	admit-refused	authority refusal LIMIT_EXCEEDED: aggregate admission capacity exhausted
21246	1789132046592	1	370	admit-retried	succeeded after 2 refusals
21246	1789132046592	1	370	admitted	admit=782ms
21246	1789132046592	0	357	admit-ceiling	LIMIT_EXCEEDED: client unresolved admission ceiling
21260	1789132046606	1	364	admit-refused	authority refusal LIMIT_EXCEEDED: aggregate admission capacity exhausted
21310	1789132046656	2	317	admit-retried	succeeded after 4 refusals
21310	1789132046656	2	317	admitted	admit=3084ms
21318	1789132046665	0	186	admit-ceiling	LIMIT_EXCEEDED: client unresolved admission ceiling
21323	1789132046669	0	372	admit-refused	authority refusal LIMIT_EXCEEDED: aggregate admission capacity exhausted
21323	1789132046669	1	379	admit-refused	authority refusal LIMIT_EXCEEDED: aggregate admission capacity exhausted
21357	1789132046704	2	350	admit-retried	succeeded after 2 refusals
21357	1789132046704	2	350	admitted	admit=674ms
21381	1789132046728	2	347	admit-ceiling	LIMIT_EXCEEDED: client unresolved admission ceiling
21383	1789132046729	1	373	admit-refused	authority refusal LIMIT_EXCEEDED: aggregate admission capacity exhausted
21403	1789132046749	2	353	admit-refused	authority refusal LIMIT_EXCEEDED: aggregate admission capacity exhausted
21422	1789132046768	0	375	admit-refused	authority refusal LIMIT_EXCEEDED: aggregate admission capacity exhausted
21470	1789132046816	0	372	admit-refused	authority refusal LIMIT_EXCEEDED: aggregate admission capacity exhausted
21512	1789132046859	1	379	admit-retried	succeeded after 1 refusals
21512	1789132046859	1	379	admitted	admit=266ms
21538	1789132046885	2	356	admitted	admit=228ms
21617	1789132046963	2	209	admit-retried	succeeded after 7 refusals
21617	1789132046963	2	209	admitted	admit=11886ms
21617	1789132046963	2	362	admit-refused	authority refusal LIMIT_EXCEEDED: aggregate admission capacity exhausted
21630	1789132046977	0	351	admit-ceiling	LIMIT_EXCEEDED: client unresolved admission ceiling
21660	1789132047007	1	382	admitted	admit=147ms
21672	1789132047018	0	372	admit-ceiling	LIMIT_EXCEEDED: client unresolved admission ceiling
21725	1789132047072	0	327	admit-ceiling	LIMIT_EXCEEDED: client unresolved admission ceiling
21740	1789132047086	2	365	admit-refused	authority refusal LIMIT_EXCEEDED: aggregate admission capacity exhausted
21754	1789132047100	2	359	admit-refused	authority refusal LIMIT_EXCEEDED: aggregate admission capacity exhausted
21767	1789132047114	2	362	admit-refused	authority refusal LIMIT_EXCEEDED: aggregate admission capacity exhausted
21785	1789132047132	1	373	admit-ceiling	LIMIT_EXCEEDED: client unresolved admission ceiling
21835	1789132047181	1	364	admit-retried	succeeded after 3 refusals
21835	1789132047181	1	364	admitted	admit=1546ms
21864	1789132047211	1	361	admit-ceiling	LIMIT_EXCEEDED: client unresolved admission ceiling
21903	1789132047249	2	332	admit-ceiling	LIMIT_EXCEEDED: client unresolved admission ceiling
21921	1789132047268	1	385	admit-refused	authority refusal LIMIT_EXCEEDED: aggregate admission capacity exhausted
21935	1789132047282	2	365	admit-retried	succeeded after 1 refusals
21935	1789132047282	2	365	admitted	admit=318ms
21948	1789132047294	2	353	admit-refused	authority refusal LIMIT_EXCEEDED: aggregate admission capacity exhausted
21974	1789132047320	2	359	admit-refused	authority refusal LIMIT_EXCEEDED: aggregate admission capacity exhausted
22020	1789132047366	1	376	admit-refused	authority refusal LIMIT_EXCEEDED: aggregate admission capacity exhausted
22033	1789132047379	1	367	admit-refused	authority refusal LIMIT_EXCEEDED: aggregate admission capacity exhausted
22046	1789132047393	1	388	admit-refused	authority refusal LIMIT_EXCEEDED: aggregate admission capacity exhausted
22048	1789132047394	0	357	admit-ceiling	LIMIT_EXCEEDED: client unresolved admission ceiling
22067	1789132047414	2	338	admit-refused	authority refusal LIMIT_EXCEEDED: aggregate admission capacity exhausted
22070	1789132047417	2	368	admitted	admit=134ms
22074	1789132047420	0	372	admit-ceiling	LIMIT_EXCEEDED: client unresolved admission ceiling
22091	1789132047437	2	362	admit-refused	authority refusal LIMIT_EXCEEDED: aggregate admission capacity exhausted
22139	1789132047486	2	371	admit-refused	authority refusal LIMIT_EXCEEDED: aggregate admission capacity exhausted
22250	1789132047597	2	347	admit-refused	authority refusal LIMIT_EXCEEDED: aggregate admission capacity exhausted
22261	1789132047607	2	338	admit-retried	succeeded after 1 refusals
22261	1789132047607	2	338	admitted	admit=2383ms
22271	1789132047617	2	359	admit-refused	authority refusal LIMIT_EXCEEDED: aggregate admission capacity exhausted
22307	1789132047654	0	348	admitted	admit=2619ms
22332	1789132047679	2	371	admit-refused	authority refusal LIMIT_EXCEEDED: aggregate admission capacity exhausted
22345	1789132047692	2	374	admit-refused	authority refusal LIMIT_EXCEEDED: aggregate admission capacity exhausted
22364	1789132047710	2	200	admit-refused	authority refusal LIMIT_EXCEEDED: aggregate admission capacity exhausted
22364	1789132047711	0	300	admit-retried	succeeded after 5 refusals
22364	1789132047711	0	300	admitted	admit=5365ms
22414	1789132047761	0	378	admitted	admit=106ms
22430	1789132047776	0	384	admit-ceiling	LIMIT_EXCEEDED: client unresolved admission ceiling
22459	1789132047806	1	388	admit-retried	succeeded after 1 refusals
22459	1789132047806	1	388	admitted	admit=623ms
22472	1789132047818	0	381	admitted	admit=106ms
22536	1789132047883	1	376	admit-refused	authority refusal LIMIT_EXCEEDED: aggregate admission capacity exhausted
22536	1789132047883	0	201	admit-retried	succeeded after 7 refusals
22536	1789132047883	0	201	admitted	admit=12026ms
22585	1789132047931	1	391	admit-refused	authority refusal LIMIT_EXCEEDED: aggregate admission capacity exhausted
22590	1789132047936	0	264	admit-retried	succeeded after 5 refusals
22590	1789132047936	0	264	admitted	admit=8031ms
22620	1789132047967	2	362	admit-retried	succeeded after 3 refusals
22620	1789132047967	2	362	admitted	admit=1081ms
22642	1789132047988	0	384	admit-retried	succeeded after 1 refusals
22642	1789132047988	0	384	admitted	admit=226ms
22650	1789132047996	2	371	admit-retried	succeeded after 2 refusals
22650	1789132047996	2	371	admitted	admit=579ms
22707	1789132048053	0	390	admitted	admit=169ms
22742	1789132048088	1	373	admit-refused	authority refusal LIMIT_EXCEEDED: aggregate admission capacity exhausted
22749	1789132048095	2	353	admit-ceiling	LIMIT_EXCEEDED: client unresolved admission ceiling
22755	1789132048101	1	391	admit-refused	authority refusal LIMIT_EXCEEDED: aggregate admission capacity exhausted
22757	1789132048104	0	396	admit-refused	authority refusal LIMIT_EXCEEDED: aggregate admission capacity exhausted
22779	1789132048126	2	377	admit-refused	authority refusal LIMIT_EXCEEDED: aggregate admission capacity exhausted
22780	1789132048127	0	393	admitted	admit=190ms
22791	1789132048137	0	399	admit-refused	authority refusal LIMIT_EXCEEDED: aggregate admission capacity exhausted
22801	1789132048148	0	387	admit-refused	authority refusal LIMIT_EXCEEDED: aggregate admission capacity exhausted
22838	1789132048184	2	359	admit-retried	succeeded after 3 refusals
22838	1789132048184	2	359	admitted	admit=1480ms
22858	1789132048204	0	402	admit-refused	authority refusal LIMIT_EXCEEDED: aggregate admission capacity exhausted
22903	1789132048249	0	387	admit-ceiling	LIMIT_EXCEEDED: client unresolved admission ceiling
22926	1789132048272	2	383	admit-refused	authority refusal LIMIT_EXCEEDED: aggregate admission capacity exhausted
22939	1789132048286	2	377	admit-refused	authority refusal LIMIT_EXCEEDED: aggregate admission capacity exhausted
22946	1789132048292	0	399	admit-refused	authority refusal LIMIT_EXCEEDED: aggregate admission capacity exhausted
22960	1789132048307	0	396	admit-retried	succeeded after 1 refusals
22960	1789132048307	0	396	admitted	admit=318ms
23033	1789132048379	1	391	admit-refused	authority refusal LIMIT_EXCEEDED: aggregate admission capacity exhausted
23043	1789132048390	0	402	admit-refused	authority refusal LIMIT_EXCEEDED: aggregate admission capacity exhausted
23056	1789132048403	0	405	admit-refused	authority refusal LIMIT_EXCEEDED: aggregate admission capacity exhausted
23098	1789132048444	2	383	admit-retried	succeeded after 1 refusals
23098	1789132048444	2	383	admitted	admit=259ms
23158	1789132048504	0	405	admit-ceiling	LIMIT_EXCEEDED: client unresolved admission ceiling
23167	1789132048513	0	372	admit-refused	authority refusal LIMIT_EXCEEDED: aggregate admission capacity exhausted
23193	1789132048539	1	385	admit-refused	authority refusal LIMIT_EXCEEDED: aggregate admission capacity exhausted
23217	1789132048564	2	377	admit-retried	succeeded after 2 refusals
23217	1789132048564	2	377	admitted	admit=566ms
23245	1789132048591	0	402	admit-ceiling	LIMIT_EXCEEDED: client unresolved admission ceiling
23302	1789132048648	0	351	admit-refused	authority refusal LIMIT_EXCEEDED: aggregate admission capacity exhausted
23304	1789132048651	2	386	admit-refused	authority refusal LIMIT_EXCEEDED: aggregate admission capacity exhausted
23307	1789132048654	2	389	admitted	admit=89ms
23312	1789132048659	0	387	admit-retried	succeeded after 2 refusals
23312	1789132048659	0	387	admitted	admit=840ms
23402	1789132048749	2	392	admitted	admit=94ms
23405	1789132048752	1	289	admit-retried	succeeded after 6 refusals
23405	1789132048752	1	289	admitted	admit=7593ms
23425	1789132048772	0	408	admit-refused	authority refusal LIMIT_EXCEEDED: aggregate admission capacity exhausted
23426	1789132048772	2	380	admit-refused	authority refusal LIMIT_EXCEEDED: aggregate admission capacity exhausted
23439	1789132048785	1	391	admit-ceiling	LIMIT_EXCEEDED: client unresolved admission ceiling
23440	1789132048787	0	405	admit-retried	succeeded after 2 refusals
23440	1789132048787	0	405	admitted	admit=479ms
23446	1789132048793	0	375	admit-refused	authority refusal LIMIT_EXCEEDED: aggregate admission capacity exhausted
23466	1789132048812	1	361	admit-ceiling	LIMIT_EXCEEDED: client unresolved admission ceiling
23492	1789132048839	1	394	admit-refused	authority refusal LIMIT_EXCEEDED: aggregate admission capacity exhausted
23495	1789132048841	1	385	admit-retried	succeeded after 2 refusals
23495	1789132048841	1	385	admitted	admit=1834ms
23510	1789132048856	0	411	admit-refused	authority refusal LIMIT_EXCEEDED: aggregate admission capacity exhausted
23518	1789132048864	2	386	admit-retried	succeeded after 1 refusals
23518	1789132048864	2	386	admitted	admit=419ms
23523	1789132048869	2	395	admit-refused	authority refusal LIMIT_EXCEEDED: aggregate admission capacity exhausted
23564	1789132048911	1	397	admit-refused	authority refusal LIMIT_EXCEEDED: aggregate admission capacity exhausted
23584	1789132048930	2	332	admit-refused	authority refusal LIMIT_EXCEEDED: aggregate admission capacity exhausted
23603	1789132048949	0	408	admit-retried	succeeded after 1 refusals
23603	1789132048949	0	408	admitted	admit=290ms
23617	1789132048964	1	343	admit-refused	authority refusal LIMIT_EXCEEDED: aggregate admission capacity exhausted
23628	1789132048974	0	399	admit-refused	authority refusal LIMIT_EXCEEDED: aggregate admission capacity exhausted
23650	1789132048997	0	357	admit-ceiling	LIMIT_EXCEEDED: client unresolved admission ceiling
23687	1789132049033	2	395	admit-refused	authority refusal LIMIT_EXCEEDED: aggregate admission capacity exhausted
23691	1789132049038	1	367	admit-refused	authority refusal LIMIT_EXCEEDED: aggregate admission capacity exhausted
23699	1789132049045	2	380	admit-retried	succeeded after 1 refusals
23699	1789132049045	2	380	admitted	admit=1048ms
23704	1789132049050	1	394	admit-retried	succeeded after 1 refusals
23704	1789132049050	1	394	admitted	admit=298ms
23737	1789132049084	1	400	admit-ceiling	LIMIT_EXCEEDED: client unresolved admission ceiling
23738	1789132049085	1	85	admit-ceiling	LIMIT_EXCEEDED: client unresolved admission ceiling
23742	1789132049088	1	397	admit-refused	authority refusal LIMIT_EXCEEDED: aggregate admission capacity exhausted
23786	1789132049133	1	142	admit-refused	authority refusal LIMIT_EXCEEDED: aggregate admission capacity exhausted
23786	1789132049133	0	411	admit-retried	succeeded after 1 refusals
23786	1789132049133	0	411	admitted	admit=345ms
23801	1789132049148	2	401	admit-refused	authority refusal LIMIT_EXCEEDED: aggregate admission capacity exhausted
23848	1789132049194	0	375	admit-ceiling	LIMIT_EXCEEDED: client unresolved admission ceiling
23852	1789132049198	2	347	admit-ceiling	LIMIT_EXCEEDED: client unresolved admission ceiling
23883	1789132049230	2	284	admit-ceiling	LIMIT_EXCEEDED: client unresolved admission ceiling
23888	1789132049235	2	395	admit-ceiling	LIMIT_EXCEEDED: client unresolved admission ceiling
23903	1789132049250	2	401	admit-ceiling	LIMIT_EXCEEDED: client unresolved admission ceiling
23919	1789132049266	1	97	admit-refused	authority refusal LIMIT_EXCEEDED: aggregate admission capacity exhausted
23938	1789132049284	0	75	admit-ceiling	LIMIT_EXCEEDED: client unresolved admission ceiling
23942	1789132049289	2	92	admit-retried	succeeded after 9 refusals
23942	1789132049289	2	92	admitted	admit=21958ms
23945	1789132049291	1	79	admit-retried	succeeded after 9 refusals
23945	1789132049291	1	79	admitted	admit=22510ms
23976	1789132049323	2	404	admit-ceiling	LIMIT_EXCEEDED: client unresolved admission ceiling
24001	1789132049347	1	397	admit-refused	authority refusal LIMIT_EXCEEDED: aggregate admission capacity exhausted
24026	1789132049373	1	376	admit-refused	authority refusal LIMIT_EXCEEDED: aggregate admission capacity exhausted
24029	1789132049376	0	399	admit-ceiling	LIMIT_EXCEEDED: client unresolved admission ceiling
24041	1789132049388	1	403	admit-refused	authority refusal LIMIT_EXCEEDED: aggregate admission capacity exhausted
24047	1789132049394	0	414	admit-refused	authority refusal LIMIT_EXCEEDED: aggregate admission capacity exhausted
24078	1789132049424	2	53	admit-retried	succeeded after 9 refusals
24078	1789132049424	2	53	admitted	admit=22817ms
24078	1789132049425	0	417	admit-refused	authority refusal LIMIT_EXCEEDED: aggregate admission capacity exhausted
24101	1789132049448	2	407	admit-ceiling	LIMIT_EXCEEDED: client unresolved admission ceiling
24105	1789132049452	2	401	admit-ceiling	LIMIT_EXCEEDED: client unresolved admission ceiling
24137	1789132049483	1	400	admit-refused	authority refusal LIMIT_EXCEEDED: aggregate admission capacity exhausted
24142	1789132049488	2	404	admit-refused	authority refusal LIMIT_EXCEEDED: aggregate admission capacity exhausted
24181	1789132049527	0	417	admit-ceiling	LIMIT_EXCEEDED: client unresolved admission ceiling
24246	1789132049592	0	414	admit-retried	succeeded after 1 refusals
24246	1789132049592	0	414	admitted	admit=642ms
24249	1789132049595	0	72	admit-refused	authority refusal LIMIT_EXCEEDED: aggregate admission capacity exhausted
24271	1789132049617	0	90	admit-refused	authority refusal LIMIT_EXCEEDED: aggregate admission capacity exhausted
24276	1789132049622	2	407	admit-retried	succeeded after 1 refusals
24276	1789132049622	2	407	admitted	admit=197ms
24311	1789132049657	1	403	admit-retried	succeeded after 1 refusals
24311	1789132049657	1	403	admitted	admit=365ms
24312	1789132049658	2	395	admit-ceiling	LIMIT_EXCEEDED: client unresolved admission ceiling
24318	1789132049664	0	420	admit-refused	authority refusal LIMIT_EXCEEDED: aggregate admission capacity exhausted
24344	1789132049690	1	373	admit-ceiling	LIMIT_EXCEEDED: client unresolved admission ceiling
24344	1789132049691	2	404	admit-ceiling	LIMIT_EXCEEDED: client unresolved admission ceiling
24351	1789132049698	2	353	admit-ceiling	LIMIT_EXCEEDED: client unresolved admission ceiling
24403	1789132049749	1	397	admit-ceiling	LIMIT_EXCEEDED: client unresolved admission ceiling
24405	1789132049751	2	410	admitted	admit=128ms
24420	1789132049766	1	343	admit-ceiling	LIMIT_EXCEEDED: client unresolved admission ceiling
24515	1789132049861	0	417	admit-refused	authority refusal LIMIT_EXCEEDED: aggregate admission capacity exhausted
24530	1789132049876	2	413	admitted	admit=124ms
24553	1789132049899	1	406	admitted	admit=241ms
24569	1789132049915	2	416	admit-ceiling	LIMIT_EXCEEDED: client unresolved admission ceiling
24572	1789132049918	0	420	admit-refused	authority refusal LIMIT_EXCEEDED: aggregate admission capacity exhausted
24616	1789132049963	0	402	admit-refused	authority refusal LIMIT_EXCEEDED: aggregate admission capacity exhausted
24643	1789132049989	1	409	admitted	admit=89ms
24653	1789132050000	1	400	admit-refused	authority refusal LIMIT_EXCEEDED: aggregate admission capacity exhausted
24671	1789132050017	2	416	admit-ceiling	LIMIT_EXCEEDED: client unresolved admission ceiling
24729	1789132050076	0	375	admit-retried	succeeded after 4 refusals
24729	1789132050076	0	375	admitted	admit=3589ms
24747	1789132050094	1	412	admitted	admit=104ms
24763	1789132050110	2	374	admit-retried	succeeded after 1 refusals
24763	1789132050110	2	374	admitted	admit=2502ms
24829	1789132050175	1	376	admit-ceiling	LIMIT_EXCEEDED: client unresolved admission ceiling
24831	1789132050178	0	399	admit-ceiling	LIMIT_EXCEEDED: client unresolved admission ceiling
24836	1789132050183	1	115	admit-ceiling	LIMIT_EXCEEDED: client unresolved admission ceiling
24841	1789132050187	2	401	admit-retried	succeeded after 3 refusals
24841	1789132050187	2	401	admitted	admit=1141ms
24854	1789132050201	1	55	admit-refused	authority refusal LIMIT_EXCEEDED: aggregate admission capacity exhausted
24873	1789132050220	2	422	admit-ceiling	LIMIT_EXCEEDED: client unresolved admission ceiling
24899	1789132050246	0	114	admit-ceiling	LIMIT_EXCEEDED: client unresolved admission ceiling
24900	1789132050246	2	419	admitted	admit=135ms
24917	1789132050264	0	417	admit-ceiling	LIMIT_EXCEEDED: client unresolved admission ceiling
24927	1789132050274	0	327	admit-ceiling	LIMIT_EXCEEDED: client unresolved admission ceiling
24927	1789132050274	2	425	admit-ceiling	LIMIT_EXCEEDED: client unresolved admission ceiling
24957	1789132050303	2	398	admit-refused	authority refusal LIMIT_EXCEEDED: aggregate admission capacity exhausted
24971	1789132050317	0	420	admit-refused	authority refusal LIMIT_EXCEEDED: aggregate admission capacity exhausted
25014	1789132050361	1	415	admitted	admit=266ms
25029	1789132050376	2	425	admit-ceiling	LIMIT_EXCEEDED: client unresolved admission ceiling
25046	1789132050392	0	423	admit-refused	authority refusal LIMIT_EXCEEDED: aggregate admission capacity exhausted
25049	1789132050395	2	404	admit-refused	authority refusal LIMIT_EXCEEDED: aggregate admission capacity exhausted
25049	1789132050396	2	422	admit-retried	succeeded after 1 refusals
25049	1789132050396	2	422	admitted	admit=208ms
25065	1789132050411	2	416	admit-refused	authority refusal LIMIT_EXCEEDED: aggregate admission capacity exhausted
25105	1789132050452	0	372	admit-refused	authority refusal LIMIT_EXCEEDED: aggregate admission capacity exhausted
25110	1789132050457	1	400	admit-refused	authority refusal LIMIT_EXCEEDED: aggregate admission capacity exhausted
25121	1789132050468	1	418	admitted	admit=106ms
25190	1789132050536	2	398	admit-refused	authority refusal LIMIT_EXCEEDED: aggregate admission capacity exhausted
25201	1789132050547	2	395	admit-refused	authority refusal LIMIT_EXCEEDED: aggregate admission capacity exhausted
25235	1789132050581	2	428	admit-refused	authority refusal LIMIT_EXCEEDED: aggregate admission capacity exhausted
25246	1789132050592	2	56	admit-refused	authority refusal LIMIT_EXCEEDED: aggregate admission capacity exhausted
25255	1789132050601	0	423	admit-refused	authority refusal LIMIT_EXCEEDED: aggregate admission capacity exhausted
25257	1789132050604	1	397	admit-refused	authority refusal LIMIT_EXCEEDED: aggregate admission capacity exhausted
25300	1789132050647	1	421	admit-refused	authority refusal LIMIT_EXCEEDED: aggregate admission capacity exhausted
25300	1789132050647	2	80	admit-refused	authority refusal LIMIT_EXCEEDED: aggregate admission capacity exhausted
25319	1789132050665	2	425	admit-refused	authority refusal LIMIT_EXCEEDED: aggregate admission capacity exhausted
25387	1789132050734	2	428	admit-refused	authority refusal LIMIT_EXCEEDED: aggregate admission capacity exhausted
25414	1789132050761	0	420	admit-refused	authority refusal LIMIT_EXCEEDED: aggregate admission capacity exhausted
25466	1789132050812	1	391	admit-retried	succeeded after 4 refusals
25466	1789132050812	1	391	admitted	admit=3006ms
25492	1789132050838	2	398	admit-retried	succeeded after 2 refusals
25492	1789132050838	2	398	admitted	admit=1973ms
25522	1789132050868	1	421	admit-retried	succeeded after 1 refusals
25522	1789132050868	1	421	admitted	admit=399ms
25574	1789132050920	0	423	admit-retried	succeeded after 2 refusals
25574	1789132050920	0	423	admitted	admit=844ms
25618	1789132050965	1	424	admitted	admit=151ms
25628	1789132050975	0	228	admit-retried	succeeded after 7 refusals
25628	1789132050975	0	228	admitted	admit=13119ms
25686	1789132051032	2	428	admit-retried	succeeded after 2 refusals
25686	1789132051032	2	428	admitted	admit=636ms
25707	1789132051053	1	109	admit-refused	authority refusal LIMIT_EXCEEDED: aggregate admission capacity exhausted
25719	1789132051065	0	417	admit-ceiling	LIMIT_EXCEEDED: client unresolved admission ceiling
25810	1789132051157	2	425	admit-retried	succeeded after 3 refusals
25811	1789132051157	2	425	admitted	admit=910ms
25832	1789132051179	2	437	admit-ceiling	LIMIT_EXCEEDED: client unresolved admission ceiling
25850	1789132051197	2	404	admit-ceiling	LIMIT_EXCEEDED: client unresolved admission ceiling
25859	1789132051205	2	434	admit-refused	authority refusal LIMIT_EXCEEDED: aggregate admission capacity exhausted
25891	1789132051238	0	426	admitted	admit=316ms
25909	1789132051256	2	416	admit-refused	authority refusal LIMIT_EXCEEDED: aggregate admission capacity exhausted
25951	1789132051298	0	111	admit-refused	authority refusal LIMIT_EXCEEDED: aggregate admission capacity exhausted
25960	1789132051307	2	434	admit-ceiling	LIMIT_EXCEEDED: client unresolved admission ceiling
25982	1789132051329	0	429	admitted	admit=354ms
26002	1789132051348	1	427	admitted	admit=480ms
26010	1789132051357	2	179	admit-refused	authority refusal LIMIT_EXCEEDED: aggregate admission capacity exhausted
26043	1789132051389	1	400	admit-retried	succeeded after 4 refusals
26043	1789132051389	1	400	admitted	admit=2338ms
26119	1789132051466	1	430	admitted	admit=500ms
26120	1789132051466	0	432	admit-refused	authority refusal LIMIT_EXCEEDED: aggregate admission capacity exhausted
26148	1789132051495	2	116	admit-retried	succeeded after 9 refusals
26148	1789132051495	2	116	admitted	admit=22798ms
26165	1789132051511	1	436	admit-refused	authority refusal LIMIT_EXCEEDED: aggregate admission capacity exhausted
26171	1789132051517	2	434	admit-ceiling	LIMIT_EXCEEDED: client unresolved admission ceiling
26193	1789132051539	0	435	admitted	admit=209ms
26228	1789132051574	1	433	admit-refused	authority refusal LIMIT_EXCEEDED: aggregate admission capacity exhausted
26247	1789132051593	2	440	admit-refused	authority refusal LIMIT_EXCEEDED: aggregate admission capacity exhausted
26299	1789132051645	0	438	admit-refused	authority refusal LIMIT_EXCEEDED: aggregate admission capacity exhausted
26310	1789132051656	1	436	admit-refused	authority refusal LIMIT_EXCEEDED: aggregate admission capacity exhausted
26313	1789132051659	1	103	admit-retried	succeeded after 9 refusals
26313	1789132051659	1	103	admitted	admit=24226ms
26313	1789132051659	0	432	admit-refused	authority refusal LIMIT_EXCEEDED: aggregate admission capacity exhausted
26328	1789132051675	1	439	admit-refused	authority refusal LIMIT_EXCEEDED: aggregate admission capacity exhausted
26336	1789132051682	0	420	admit-refused	authority refusal LIMIT_EXCEEDED: aggregate admission capacity exhausted
26400	1789132051746	0	402	admit-refused	authority refusal LIMIT_EXCEEDED: aggregate admission capacity exhausted
26410	1789132051756	0	186	admit-retried	succeeded after 8 refusals
26410	1789132051756	0	186	admitted	admit=17271ms
26422	1789132051769	2	260	admit-retried	succeeded after 7 refusals
26422	1789132051769	2	260	admitted	admit=12254ms
26431	1789132051777	1	376	admit-ceiling	LIMIT_EXCEEDED: client unresolved admission ceiling
26491	1789132051838	0	441	admit-refused	authority refusal LIMIT_EXCEEDED: aggregate admission capacity exhausted
26512	1789132051858	1	436	admit-ceiling	LIMIT_EXCEEDED: client unresolved admission ceiling
26560	1789132051907	2	440	admit-retried	succeeded after 1 refusals
26560	1789132051907	2	440	admitted	admit=411ms
26576	1789132051922	0	351	admit-refused	authority refusal LIMIT_EXCEEDED: aggregate admission capacity exhausted
26579	1789132051925	2	434	admit-ceiling	LIMIT_EXCEEDED: client unresolved admission ceiling
26586	1789132051932	0	432	admit-refused	authority refusal LIMIT_EXCEEDED: aggregate admission capacity exhausted
26591	1789132051938	1	439	admit-refused	authority refusal LIMIT_EXCEEDED: aggregate admission capacity exhausted
26604	1789132051950	1	442	admit-refused	authority refusal LIMIT_EXCEEDED: aggregate admission capacity exhausted
26659	1789132052006	1	433	admit-refused	authority refusal LIMIT_EXCEEDED: aggregate admission capacity exhausted
26675	1789132052022	0	441	admit-retried	succeeded after 1 refusals
26675	1789132052022	0	441	admitted	admit=264ms
26683	1789132052030	2	446	admitted	admit=122ms
26712	1789132052059	2	416	admit-ceiling	LIMIT_EXCEEDED: client unresolved admission ceiling
26785	1789132052132	2	332	admit-ceiling	LIMIT_EXCEEDED: client unresolved admission ceiling
26794	1789132052141	0	444	admitted	admit=118ms
26802	1789132052149	2	395	admit-ceiling	LIMIT_EXCEEDED: client unresolved admission ceiling
26839	1789132052186	2	449	admitted	admit=155ms
26840	1789132052186	1	361	admit-refused	authority refusal LIMIT_EXCEEDED: aggregate admission capacity exhausted
26861	1789132052208	1	433	admit-ceiling	LIMIT_EXCEEDED: client unresolved admission ceiling
26893	1789132052239	1	367	admit-ceiling	LIMIT_EXCEEDED: client unresolved admission ceiling
26913	1789132052260	1	436	admit-ceiling	LIMIT_EXCEEDED: client unresolved admission ceiling
26924	1789132052271	0	447	admit-refused	authority refusal LIMIT_EXCEEDED: aggregate admission capacity exhausted
26927	1789132052273	1	343	admit-refused	authority refusal LIMIT_EXCEEDED: aggregate admission capacity exhausted
26937	1789132052284	0	357	admit-retried	succeeded after 6 refusals
26937	1789132052284	0	357	admitted	admit=6417ms
26943	1789132052289	2	452	admitted	admit=103ms
27026	1789132052372	0	447	admit-ceiling	LIMIT_EXCEEDED: client unresolved admission ceiling
27030	1789132052377	0	432	admit-refused	authority refusal LIMIT_EXCEEDED: aggregate admission capacity exhausted
27035	1789132052382	0	450	admit-refused	authority refusal LIMIT_EXCEEDED: aggregate admission capacity exhausted
27054	1789132052400	2	455	admitted	admit=110ms
27073	1789132052419	2	458	admit-ceiling	LIMIT_EXCEEDED: client unresolved admission ceiling
27119	1789132052465	0	438	admit-retried	succeeded after 1 refusals
27119	1789132052465	0	438	admitted	admit=925ms
27126	1789132052472	2	347	admit-retried	succeeded after 6 refusals
27126	1789132052473	2	347	admitted	admit=6562ms
27175	1789132052521	2	458	admit-ceiling	LIMIT_EXCEEDED: client unresolved admission ceiling
27214	1789132052561	2	431	admit-refused	authority refusal LIMIT_EXCEEDED: aggregate admission capacity exhausted
27224	1789132052571	2	461	admitted	admit=98ms
27224	1789132052571	1	439	admit-retried	succeeded after 2 refusals
27224	1789132052571	1	439	admitted	admit=1104ms
27320	1789132052666	0	417	admit-ceiling	LIMIT_EXCEEDED: client unresolved admission ceiling
27336	1789132052683	2	443	admit-refused	authority refusal LIMIT_EXCEEDED: aggregate admission capacity exhausted
27361	1789132052708	0	399	admit-retried	succeeded after 5 refusals
27361	1789132052708	0	399	admitted	admit=4654ms
27362	1789132052708	2	431	admit-refused	authority refusal LIMIT_EXCEEDED: aggregate admission capacity exhausted
27376	1789132052723	1	433	admit-retried	succeeded after 3 refusals
27376	1789132052723	1	433	admitted	admit=1333ms
27380	1789132052726	2	434	admit-ceiling	LIMIT_EXCEEDED: client unresolved admission ceiling
27408	1789132052754	1	397	admit-retried	succeeded after 5 refusals
27408	1789132052754	1	397	admitted	admit=3912ms
27418	1789132052765	1	445	admit-refused	authority refusal LIMIT_EXCEEDED: aggregate admission capacity exhausted
27434	1789132052781	0	453	admitted	admit=315ms
27438	1789132052785	2	443	admit-ceiling	LIMIT_EXCEEDED: client unresolved admission ceiling
27450	1789132052797	0	456	admit-refused	authority refusal LIMIT_EXCEEDED: aggregate admission capacity exhausted
27471	1789132052817	2	464	admitted	admit=246ms
27504	1789132052851	2	467	admit-ceiling	LIMIT_EXCEEDED: client unresolved admission ceiling
27546	1789132052893	1	373	admit-ceiling	LIMIT_EXCEEDED: client unresolved admission ceiling
27553	1789132052899	2	353	admit-ceiling	LIMIT_EXCEEDED: client unresolved admission ceiling
27556	1789132052903	0	459	admit-refused	authority refusal LIMIT_EXCEEDED: aggregate admission capacity exhausted
27563	1789132052909	2	431	admit-ceiling	LIMIT_EXCEEDED: client unresolved admission ceiling
27567	1789132052914	2	200	admit-refused	authority refusal LIMIT_EXCEEDED: aggregate admission capacity exhausted
27574	1789132052921	1	448	admit-refused	authority refusal LIMIT_EXCEEDED: aggregate admission capacity exhausted
27590	1789132052936	1	451	admit-refused	authority refusal LIMIT_EXCEEDED: aggregate admission capacity exhausted
27634	1789132052981	0	456	admit-retried	succeeded after 1 refusals
27634	1789132052981	0	456	admitted	admit=272ms
27637	1789132052983	2	404	admit-refused	authority refusal LIMIT_EXCEEDED: aggregate admission capacity exhausted
27644	1789132052991	2	437	admit-retried	succeeded after 1 refusals
27644	1789132052991	2	437	admitted	admit=1833ms
27653	1789132052999	2	467	admit-refused	authority refusal LIMIT_EXCEEDED: aggregate admission capacity exhausted
27693	1789132053040	2	458	admit-refused	authority refusal LIMIT_EXCEEDED: aggregate admission capacity exhausted
27716	1789132053062	1	436	admit-ceiling	LIMIT_EXCEEDED: client unresolved admission ceiling
27719	1789132053066	1	445	admit-refused	authority refusal LIMIT_EXCEEDED: aggregate admission capacity exhausted
27725	1789132053071	2	443	admit-refused	authority refusal LIMIT_EXCEEDED: aggregate admission capacity exhausted
27737	1789132053084	2	470	admit-refused	authority refusal LIMIT_EXCEEDED: aggregate admission capacity exhausted
27761	1789132053108	1	451	admit-refused	authority refusal LIMIT_EXCEEDED: aggregate admission capacity exhausted
27766	1789132053113	1	448	admit-retried	succeeded after 1 refusals
27766	1789132053113	1	448	admitted	admit=358ms
27778	1789132053124	0	462	admit-refused	authority refusal LIMIT_EXCEEDED: aggregate admission capacity exhausted
27828	1789132053174	1	454	admit-refused	authority refusal LIMIT_EXCEEDED: aggregate admission capacity exhausted
27830	1789132053176	0	459	admit-refused	authority refusal LIMIT_EXCEEDED: aggregate admission capacity exhausted
27954	1789132053301	2	470	admit-retried	succeeded after 1 refusals
27954	1789132053301	2	470	admitted	admit=309ms
27959	1789132053306	0	432	admit-retried	succeeded after 4 refusals
27959	1789132053306	0	432	admitted	admit=2067ms
27975	1789132053322	2	467	admit-retried	succeeded after 2 refusals
27975	1789132053322	2	467	admitted	admit=503ms
27990	1789132053337	0	465	admit-ceiling	LIMIT_EXCEEDED: client unresolved admission ceiling
28001	1789132053348	0	402	admit-ceiling	LIMIT_EXCEEDED: client unresolved admission ceiling
28030	1789132053377	0	450	admit-refused	authority refusal LIMIT_EXCEEDED: aggregate admission capacity exhausted
28052	1789132053399	2	431	admit-refused	authority refusal LIMIT_EXCEEDED: aggregate admission capacity exhausted
28055	1789132053402	1	454	admit-retried	succeeded after 1 refusals
28055	1789132053402	1	454	admitted	admit=288ms
28069	1789132053415	2	473	admit-refused	authority refusal LIMIT_EXCEEDED: aggregate admission capacity exhausted
28087	1789132053434	1	451	admit-retried	succeeded after 2 refusals
28087	1789132053434	1	451	admitted	admit=678ms
28092	1789132053439	0	465	admit-ceiling	LIMIT_EXCEEDED: client unresolved admission ceiling
28098	1789132053445	2	476	admit-refused	authority refusal LIMIT_EXCEEDED: aggregate admission capacity exhausted
28166	1789132053513	0	462	admit-refused	authority refusal LIMIT_EXCEEDED: aggregate admission capacity exhausted
28171	1789132053518	1	457	admit-refused	authority refusal LIMIT_EXCEEDED: aggregate admission capacity exhausted
28187	1789132053534	2	458	admit-refused	authority refusal LIMIT_EXCEEDED: aggregate admission capacity exhausted
28201	1789132053547	2	443	admit-refused	authority refusal LIMIT_EXCEEDED: aggregate admission capacity exhausted
28232	1789132053579	1	442	admit-retried	succeeded after 1 refusals
28232	1789132053579	1	442	admitted	admit=1919ms
28240	1789132053587	0	420	admit-refused	authority refusal LIMIT_EXCEEDED: aggregate admission capacity exhausted
28253	1789132053600	2	476	admit-refused	authority refusal LIMIT_EXCEEDED: aggregate admission capacity exhausted
28255	1789132053602	1	460	admit-refused	authority refusal LIMIT_EXCEEDED: aggregate admission capacity exhausted
28259	1789132053605	0	459	admit-refused	authority refusal LIMIT_EXCEEDED: aggregate admission capacity exhausted
28298	1789132053645	0	450	admit-retried	succeeded after 2 refusals
28298	1789132053645	0	450	admitted	admit=1360ms
28343	1789132053689	1	457	admit-refused	authority refusal LIMIT_EXCEEDED: aggregate admission capacity exhausted
28368	1789132053714	0	462	admit-ceiling	LIMIT_EXCEEDED: client unresolved admission ceiling
28409	1789132053755	0	468	admit-refused	authority refusal LIMIT_EXCEEDED: aggregate admission capacity exhausted
28421	1789132053767	2	416	admit-retried	succeeded after 5 refusals
28421	1789132053767	2	416	admitted	admit=3889ms
28431	1789132053778	1	460	admit-refused	authority refusal LIMIT_EXCEEDED: aggregate admission capacity exhausted
28438	1789132053784	1	445	admit-retried	succeeded after 2 refusals
28438	1789132053784	1	445	admitted	admit=1212ms
28554	1789132053901	2	473	admit-refused	authority refusal LIMIT_EXCEEDED: aggregate admission capacity exhausted
28558	1789132053905	2	476	admit-retried	succeeded after 2 refusals
28558	1789132053905	2	476	admitted	admit=582ms
28561	1789132053907	1	466	admit-refused	authority refusal LIMIT_EXCEEDED: aggregate admission capacity exhausted
28587	1789132053933	2	479	admit-refused	authority refusal LIMIT_EXCEEDED: aggregate admission capacity exhausted
28613	1789132053959	0	465	admit-retried	succeeded after 2 refusals
28613	1789132053959	0	465	admitted	admit=653ms
28625	1789132053971	1	457	admit-refused	authority refusal LIMIT_EXCEEDED: aggregate admission capacity exhausted
28660	1789132054007	2	482	admitted	admit=101ms
28660	1789132054007	0	459	admit-ceiling	LIMIT_EXCEEDED: client unresolved admission ceiling
28693	1789132054040	1	460	admit-refused	authority refusal LIMIT_EXCEEDED: aggregate admission capacity exhausted
28740	1789132054087	0	471	admit-refused	authority refusal LIMIT_EXCEEDED: aggregate admission capacity exhausted
28742	1789132054089	0	447	admit-retried	succeeded after 2 refusals
28742	1789132054089	0	447	admitted	admit=1947ms
28775	1789132054122	1	466	admit-refused	authority refusal LIMIT_EXCEEDED: aggregate admission capacity exhausted
28829	1789132054175	2	485	admitted	admit=168ms
28842	1789132054188	0	471	admit-ceiling	LIMIT_EXCEEDED: client unresolved admission ceiling
28850	1789132054197	1	142	admit-refused	authority refusal LIMIT_EXCEEDED: aggregate admission capacity exhausted
28855	1789132054202	1	463	admit-refused	authority refusal LIMIT_EXCEEDED: aggregate admission capacity exhausted
28856	1789132054203	0	462	admit-refused	authority refusal LIMIT_EXCEEDED: aggregate admission capacity exhausted
28879	1789132054226	2	473	admit-retried	succeeded after 2 refusals
28879	1789132054226	2	473	admitted	admit=903ms
28908	1789132054255	2	284	admit-ceiling	LIMIT_EXCEEDED: client unresolved admission ceiling
28953	1789132054300	0	474	admit-refused	authority refusal LIMIT_EXCEEDED: aggregate admission capacity exhausted
28981	1789132054328	2	434	admit-ceiling	LIMIT_EXCEEDED: client unresolved admission ceiling
28989	1789132054335	2	479	admit-refused	authority refusal LIMIT_EXCEEDED: aggregate admission capacity exhausted
29002	1789132054349	2	443	admit-ceiling	LIMIT_EXCEEDED: client unresolved admission ceiling
29012	1789132054359	0	75	admit-refused	authority refusal LIMIT_EXCEEDED: aggregate admission capacity exhausted
29023	1789132054369	2	431	admit-refused	authority refusal LIMIT_EXCEEDED: aggregate admission capacity exhausted
29027	1789132054374	1	457	admit-ceiling	LIMIT_EXCEEDED: client unresolved admission ceiling
29039	1789132054386	1	466	admit-refused	authority refusal LIMIT_EXCEEDED: aggregate admission capacity exhausted
29062	1789132054408	1	463	admit-refused	authority refusal LIMIT_EXCEEDED: aggregate admission capacity exhausted
29081	1789132054427	2	458	admit-retried	succeeded after 4 refusals
29081	1789132054427	2	458	admitted	admit=2026ms
29103	1789132054449	0	471	admit-refused	authority refusal LIMIT_EXCEEDED: aggregate admission capacity exhausted
29116	1789132054463	0	474	admit-refused	authority refusal LIMIT_EXCEEDED: aggregate admission capacity exhausted
29140	1789132054487	2	491	admit-refused	authority refusal LIMIT_EXCEEDED: aggregate admission capacity exhausted
29146	1789132054493	1	97	admit-refused	authority refusal LIMIT_EXCEEDED: aggregate admission capacity exhausted
29173	1789132054520	1	460	admit-refused	authority refusal LIMIT_EXCEEDED: aggregate admission capacity exhausted
29176	1789132054522	2	494	admit-refused	authority refusal LIMIT_EXCEEDED: aggregate admission capacity exhausted
29318	1789132054664	0	474	admit-ceiling	LIMIT_EXCEEDED: client unresolved admission ceiling
29345	1789132054692	0	72	admit-retried	succeeded after 10 refusals
29345	1789132054692	0	72	admitted	admit=28052ms
29346	1789132054692	0	90	admit-refused	authority refusal LIMIT_EXCEEDED: aggregate admission capacity exhausted
29422	1789132054769	0	468	admit-refused	authority refusal LIMIT_EXCEEDED: aggregate admission capacity exhausted
29452	1789132054799	2	494	admit-retried	succeeded after 1 refusals
29452	1789132054799	2	494	admitted	admit=371ms
29513	1789132054860	1	436	admit-retried	succeeded after 5 refusals
29513	1789132054860	1	436	admitted	admit=3469ms
29535	1789132054881	1	85	admit-refused	authority refusal LIMIT_EXCEEDED: aggregate admission capacity exhausted
29553	1789132054899	0	459	admit-retried	succeeded after 4 refusals
29553	1789132054899	0	459	admitted	admit=2118ms
29558	1789132054905	1	466	admit-retried	succeeded after 3 refusals
29558	1789132054905	1	466	admitted	admit=1120ms
29620	1789132054967	0	372	admit-refused	authority refusal LIMIT_EXCEEDED: aggregate admission capacity exhausted
29627	1789132054974	0	471	admit-retried	succeeded after 3 refusals
29627	1789132054974	0	471	admitted	admit=1013ms
29638	1789132054984	1	469	admitted	admit=124ms
29653	1789132055000	0	477	admit-refused	authority refusal LIMIT_EXCEEDED: aggregate admission capacity exhausted
29679	1789132055026	0	480	admit-refused	authority refusal LIMIT_EXCEEDED: aggregate admission capacity exhausted
29703	1789132055049	0	468	admit-refused	authority refusal LIMIT_EXCEEDED: aggregate admission capacity exhausted
29707	1789132055053	1	475	admit-refused	authority refusal LIMIT_EXCEEDED: aggregate admission capacity exhausted
29727	1789132055073	1	472	admit-refused	authority refusal LIMIT_EXCEEDED: aggregate admission capacity exhausted
29738	1789132055085	2	488	admit-refused	authority refusal LIMIT_EXCEEDED: aggregate admission capacity exhausted
29775	1789132055121	0	462	admit-refused	authority refusal LIMIT_EXCEEDED: aggregate admission capacity exhausted
29829	1789132055175	1	457	admit-ceiling	LIMIT_EXCEEDED: client unresolved admission ceiling
29838	1789132055185	1	115	admit-ceiling	LIMIT_EXCEEDED: client unresolved admission ceiling
29856	1789132055203	1	55	admit-ceiling	LIMIT_EXCEEDED: client unresolved admission ceiling
29858	1789132055204	2	497	admit-refused	authority refusal LIMIT_EXCEEDED: aggregate admission capacity exhausted
29866	1789132055212	0	480	admit-refused	authority refusal LIMIT_EXCEEDED: aggregate admission capacity exhausted
29903	1789132055250	1	472	admit-refused	authority refusal LIMIT_EXCEEDED: aggregate admission capacity exhausted
29906	1789132055252	1	475	admit-retried	succeeded after 1 refusals
29906	1789132055252	1	475	admitted	admit=267ms
29929	1789132055275	1	376	admit-refused	authority refusal LIMIT_EXCEEDED: aggregate admission capacity exhausted
29929	1789132055276	0	327	admit-ceiling	LIMIT_EXCEEDED: client unresolved admission ceiling
29933	1789132055280	0	477	admit-refused	authority refusal LIMIT_EXCEEDED: aggregate admission capacity exhausted
29952	1789132055298	0	114	admit-refused	authority refusal LIMIT_EXCEEDED: aggregate admission capacity exhausted
30004	1789132055351	2	395	admit-ceiling	LIMIT_EXCEEDED: client unresolved admission ceiling
30027	1789132055374	1	460	admit-refused	authority refusal LIMIT_EXCEEDED: aggregate admission capacity exhausted
30046	1789132055393	1	478	admitted	admit=139ms
30120	1789132055467	1	481	admit-refused	authority refusal LIMIT_EXCEEDED: aggregate admission capacity exhausted
30135	1789132055482	0	477	admit-ceiling	LIMIT_EXCEEDED: client unresolved admission ceiling
30152	1789132055498	1	463	admit-refused	authority refusal LIMIT_EXCEEDED: aggregate admission capacity exhausted
30155	1789132055501	0	468	admit-refused	authority refusal LIMIT_EXCEEDED: aggregate admission capacity exhausted
30167	1789132055513	0	474	admit-retried	succeeded after 3 refusals
30167	1789132055513	0	474	admitted	admit=1424ms
30177	1789132055523	0	480	admit-refused	authority refusal LIMIT_EXCEEDED: aggregate admission capacity exhausted
30213	1789132055560	1	472	admit-retried	succeeded after 2 refusals
30213	1789132055560	1	472	admitted	admit=654ms
30248	1789132055595	2	56	admit-ceiling	LIMIT_EXCEEDED: client unresolved admission ceiling
30261	1789132055607	0	486	admit-refused	authority refusal LIMIT_EXCEEDED: aggregate admission capacity exhausted
30282	1789132055629	2	497	admit-refused	authority refusal LIMIT_EXCEEDED: aggregate admission capacity exhausted
30300	1789132055646	1	481	admit-refused	authority refusal LIMIT_EXCEEDED: aggregate admission capacity exhausted
30309	1789132055655	1	343	admit-refused	authority refusal LIMIT_EXCEEDED: aggregate admission capacity exhausted
30363	1789132055709	1	484	admitted	admit=149ms
30438	1789132055784	1	487	admit-refused	authority refusal LIMIT_EXCEEDED: aggregate admission capacity exhausted
30484	1789132055831	2	497	admit-ceiling	LIMIT_EXCEEDED: client unresolved admission ceiling
30578	1789132055925	0	480	admit-ceiling	LIMIT_EXCEEDED: client unresolved admission ceiling
30598	1789132055945	1	481	admit-retried	succeeded after 2 refusals
30598	1789132055945	1	481	admitted	admit=552ms
30604	1789132055950	2	443	admit-ceiling	LIMIT_EXCEEDED: client unresolved admission ceiling
30624	1789132055971	2	431	admit-ceiling	LIMIT_EXCEEDED: client unresolved admission ceiling
30634	1789132055981	1	463	admit-refused	authority refusal LIMIT_EXCEEDED: aggregate admission capacity exhausted
30643	1789132055990	0	417	admit-retried	succeeded after 6 refusals
30643	1789132055990	0	417	admitted	admit=6856ms
30657	1789132056004	1	487	admit-retried	succeeded after 1 refusals
30657	1789132056004	1	487	admitted	admit=294ms
30684	1789132056030	1	490	admit-refused	authority refusal LIMIT_EXCEEDED: aggregate admission capacity exhausted
30698	1789132056044	0	477	admit-retried	succeeded after 3 refusals
30698	1789132056044	0	477	admitted	admit=1352ms
30772	1789132056118	0	492	admit-refused	authority refusal LIMIT_EXCEEDED: aggregate admission capacity exhausted
30777	1789132056123	0	489	admitted	admit=133ms
30790	1789132056136	1	109	admit-refused	authority refusal LIMIT_EXCEEDED: aggregate admission capacity exhausted
30838	1789132056185	2	404	admit-ceiling	LIMIT_EXCEEDED: client unresolved admission ceiling
30849	1789132056195	1	490	admit-refused	authority refusal LIMIT_EXCEEDED: aggregate admission capacity exhausted
30864	1789132056211	0	483	admit-refused	authority refusal LIMIT_EXCEEDED: aggregate admission capacity exhausted
30886	1789132056232	2	497	admit-ceiling	LIMIT_EXCEEDED: client unresolved admission ceiling
30901	1789132056247	0	495	admit-refused	authority refusal LIMIT_EXCEEDED: aggregate admission capacity exhausted
30949	1789132056295	0	492	admit-refused	authority refusal LIMIT_EXCEEDED: aggregate admission capacity exhausted
30954	1789132056301	1	493	admitted	admit=297ms
31002	1789132056348	0	495	admit-ceiling	LIMIT_EXCEEDED: client unresolved admission ceiling
31012	1789132056359	2	179	admit-ceiling	LIMIT_EXCEEDED: client unresolved admission ceiling
31037	1789132056383	0	483	admit-refused	authority refusal LIMIT_EXCEEDED: aggregate admission capacity exhausted
31042	1789132056388	2	488	admit-retried	succeeded after 1 refusals
31042	1789132056388	2	488	admitted	admit=2212ms
31057	1789132056404	1	496	admitted	admit=102ms
31142	1789132056489	1	499	admit-refused	authority refusal LIMIT_EXCEEDED: aggregate admission capacity exhausted
31147	1789132056493	1	490	admit-retried	succeeded after 2 refusals
31147	1789132056493	1	490	admitted	admit=548ms
31148	1789132056494	0	468	admit-refused	authority refusal LIMIT_EXCEEDED: aggregate admission capacity exhausted
31168	1789132056514	2	80	admit-refused	authority refusal LIMIT_EXCEEDED: aggregate admission capacity exhausted
31168	1789132056514	2	500	admitted	admit=125ms
31203	1789132056550	0	402	admit-ceiling	LIMIT_EXCEEDED: client unresolved admission ceiling
31244	1789132056590	0	492	admit-retried	succeeded after 2 refusals
31244	1789132056590	0	492	admitted	admit=545ms
31253	1789132056600	0	495	admit-refused	authority refusal LIMIT_EXCEEDED: aggregate admission capacity exhausted
31261	1789132056608	1	502	admit-refused	authority refusal LIMIT_EXCEEDED: aggregate admission capacity exhausted
31277	1789132056624	2	503	admitted	admit=109ms
31308	1789132056654	0	483	admit-refused	authority refusal LIMIT_EXCEEDED: aggregate admission capacity exhausted
31319	1789132056666	0	498	admit-refused	authority refusal LIMIT_EXCEEDED: aggregate admission capacity exhausted
31339	1789132056685	0	486	admit-refused	authority refusal LIMIT_EXCEEDED: aggregate admission capacity exhausted
31358	1789132056705	0	111	admit-refused	authority refusal LIMIT_EXCEEDED: aggregate admission capacity exhausted
31410	1789132056757	1	499	admit-retried	succeeded after 1 refusals
31410	1789132056757	1	499	admitted	admit=352ms
31463	1789132056809	1	502	admit-retried	succeeded after 1 refusals
31463	1789132056809	1	502	admitted	admit=315ms
31521	1789132056867	0	420	admit-refused	authority refusal LIMIT_EXCEEDED: aggregate admission capacity exhausted
31533	1789132056879	0	462	admit-retried	succeeded after 5 refusals
31533	1789132056879	0	462	admitted	admit=3897ms
31544	1789132056891	1	463	admit-refused	authority refusal LIMIT_EXCEEDED: aggregate admission capacity exhausted
31550	1789132056896	0	480	admit-refused	authority refusal LIMIT_EXCEEDED: aggregate admission capacity exhausted
31561	1789132056907	1	508	admit-refused	authority refusal LIMIT_EXCEEDED: aggregate admission capacity exhausted
31575	1789132056922	0	498	admit-refused	authority refusal LIMIT_EXCEEDED: aggregate admission capacity exhausted
31605	1789132056951	0	501	admit-refused	authority refusal LIMIT_EXCEEDED: aggregate admission capacity exhausted
31617	1789132056963	1	457	admit-refused	authority refusal LIMIT_EXCEEDED: aggregate admission capacity exhausted
31627	1789132056973	2	506	admitted	admit=349ms
31627	1789132056974	0	351	admit-refused	authority refusal LIMIT_EXCEEDED: aggregate admission capacity exhausted
31635	1789132056982	0	486	admit-refused	authority refusal LIMIT_EXCEEDED: aggregate admission capacity exhausted
31758	1789132057105	1	508	admit-retried	succeeded after 1 refusals
31758	1789132057105	1	508	admitted	admit=294ms
31771	1789132057117	0	495	admit-refused	authority refusal LIMIT_EXCEEDED: aggregate admission capacity exhausted
31787	1789132057134	2	332	admit-ceiling	LIMIT_EXCEEDED: client unresolved admission ceiling
31796	1789132057142	0	501	admit-refused	authority refusal LIMIT_EXCEEDED: aggregate admission capacity exhausted
31812	1789132057159	2	491	admit-refused	authority refusal LIMIT_EXCEEDED: aggregate admission capacity exhausted
31819	1789132057165	0	483	admit-refused	authority refusal LIMIT_EXCEEDED: aggregate admission capacity exhausted
31832	1789132057179	0	498	admit-refused	authority refusal LIMIT_EXCEEDED: aggregate admission capacity exhausted
31855	1789132057201	2	509	admit-refused	authority refusal LIMIT_EXCEEDED: aggregate admission capacity exhausted
31856	1789132057203	1	511	admit-refused	authority refusal LIMIT_EXCEEDED: aggregate admission capacity exhausted
31870	1789132057217	2	479	admit-refused	authority refusal LIMIT_EXCEEDED: aggregate admission capacity exhausted
31921	1789132057268	1	361	admit-retried	succeeded after 7 refusals
31921	1789132057268	1	361	admitted	admit=11824ms
31960	1789132057307	1	511	admit-ceiling	LIMIT_EXCEEDED: client unresolved admission ceiling
32015	1789132057361	1	367	admit-refused	authority refusal LIMIT_EXCEEDED: aggregate admission capacity exhausted
32030	1789132057376	1	514	admit-refused	authority refusal LIMIT_EXCEEDED: aggregate admission capacity exhausted
32186	1789132057532	2	509	admit-refused	authority refusal LIMIT_EXCEEDED: aggregate admission capacity exhausted
32187	1789132057534	0	501	admit-retried	succeeded after 2 refusals
32187	1789132057534	0	501	admitted	admit=654ms
32190	1789132057537	2	491	admit-retried	succeeded after 2 refusals
32190	1789132057537	2	491	admitted	admit=3310ms
32242	1789132057589	1	514	admit-retried	succeeded after 1 refusals
32242	1789132057589	1	514	admitted	admit=320ms
32301	1789132057648	1	511	admit-retried	succeeded after 2 refusals
32301	1789132057648	1	511	admitted	admit=542ms
32330	1789132057676	2	479	admit-refused	authority refusal LIMIT_EXCEEDED: aggregate admission capacity exhausted
32333	1789132057680	2	434	admit-retried	succeeded after 6 refusals
32333	1789132057680	2	434	admitted	admit=6647ms
32382	1789132057729	1	517	admit-refused	authority refusal LIMIT_EXCEEDED: aggregate admission capacity exhausted
32426	1789132057773	1	460	admit-refused	authority refusal LIMIT_EXCEEDED: aggregate admission capacity exhausted
32437	1789132057784	2	515	admit-refused	authority refusal LIMIT_EXCEEDED: aggregate admission capacity exhausted
32455	1789132057801	0	504	admitted	admit=267ms
32470	1789132057817	2	512	admit-refused	authority refusal LIMIT_EXCEEDED: aggregate admission capacity exhausted
32500	1789132057846	1	520	admitted	admit=198ms
32536	1789132057883	2	509	admit-retried	succeeded after 2 refusals
32536	1789132057883	2	509	admitted	admit=909ms
32574	1789132057920	2	200	admit-ceiling	LIMIT_EXCEEDED: client unresolved admission ceiling
32574	1789132057920	2	512	admit-ceiling	LIMIT_EXCEEDED: client unresolved admission ceiling
32582	1789132057929	1	517	admit-refused	authority refusal LIMIT_EXCEEDED: aggregate admission capacity exhausted
32595	1789132057942	0	498	admit-retried	succeeded after 3 refusals
32595	1789132057942	0	498	admitted	admit=1350ms
32609	1789132057955	1	523	admit-refused	authority refusal LIMIT_EXCEEDED: aggregate admission capacity exhausted
32623	1789132057970	0	483	admit-ceiling	LIMIT_EXCEEDED: client unresolved admission ceiling
32626	1789132057972	1	505	admit-refused	authority refusal LIMIT_EXCEEDED: aggregate admission capacity exhausted
32642	1789132057989	1	373	admit-refused	authority refusal LIMIT_EXCEEDED: aggregate admission capacity exhausted
32667	1789132058014	0	507	admitted	admit=212ms
32706	1789132058052	2	353	admit-retried	succeeded after 7 refusals
32706	1789132058052	2	353	admitted	admit=11955ms
32730	1789132058077	0	510	admit-refused	authority refusal LIMIT_EXCEEDED: aggregate admission capacity exhausted
32740	1789132058086	0	495	admit-retried	succeeded after 4 refusals
32740	1789132058086	0	495	admitted	admit=1962ms
32776	1789132058122	2	512	admit-ceiling	LIMIT_EXCEEDED: client unresolved admission ceiling
32829	1789132058176	1	523	admit-retried	succeeded after 1 refusals
32829	1789132058176	1	523	admitted	admit=328ms
32829	1789132058176	2	521	admit-refused	authority refusal LIMIT_EXCEEDED: aggregate admission capacity exhausted
32832	1789132058179	0	510	admit-ceiling	LIMIT_EXCEEDED: client unresolved admission ceiling
32833	1789132058179	1	505	admit-refused	authority refusal LIMIT_EXCEEDED: aggregate admission capacity exhausted
32841	1789132058188	0	513	admit-refused	authority refusal LIMIT_EXCEEDED: aggregate admission capacity exhausted
32844	1789132058191	2	518	admit-refused	authority refusal LIMIT_EXCEEDED: aggregate admission capacity exhausted
32844	1789132058191	1	517	admit-refused	authority refusal LIMIT_EXCEEDED: aggregate admission capacity exhausted
32901	1789132058248	1	526	admit-refused	authority refusal LIMIT_EXCEEDED: aggregate admission capacity exhausted
32909	1789132058256	0	468	admit-refused	authority refusal LIMIT_EXCEEDED: aggregate admission capacity exhausted
32928	1789132058275	0	516	admit-refused	authority refusal LIMIT_EXCEEDED: aggregate admission capacity exhausted
33013	1789132058360	0	486	admit-refused	authority refusal LIMIT_EXCEEDED: aggregate admission capacity exhausted
33045	1789132058392	0	513	admit-refused	authority refusal LIMIT_EXCEEDED: aggregate admission capacity exhausted
33076	1789132058422	2	518	admit-retried	succeeded after 1 refusals
33076	1789132058422	2	518	admitted	admit=538ms
33113	1789132058459	0	510	admit-refused	authority refusal LIMIT_EXCEEDED: aggregate admission capacity exhausted
33124	1789132058470	1	505	admit-retried	succeeded after 2 refusals
33124	1789132058470	1	505	admitted	admit=1712ms
33127	1789132058473	2	521	admit-retried	succeeded after 1 refusals
33127	1789132058473	2	521	admitted	admit=420ms
33142	1789132058489	0	516	admit-refused	authority refusal LIMIT_EXCEEDED: aggregate admission capacity exhausted
33148	1789132058495	2	524	admit-refused	authority refusal LIMIT_EXCEEDED: aggregate admission capacity exhausted
33177	1789132058523	2	512	admit-ceiling	LIMIT_EXCEEDED: client unresolved admission ceiling
33215	1789132058561	0	480	admit-refused	authority refusal LIMIT_EXCEEDED: aggregate admission capacity exhausted
33217	1789132058563	1	526	admit-retried	succeeded after 1 refusals
33217	1789132058563	1	526	admitted	admit=387ms
33251	1789132058597	2	524	admit-ceiling	LIMIT_EXCEEDED: client unresolved admission ceiling
33276	1789132058622	1	529	admitted	admit=151ms
33277	1789132058623	1	463	admit-refused	authority refusal LIMIT_EXCEEDED: aggregate admission capacity exhausted
33299	1789132058646	2	515	admit-refused	authority refusal LIMIT_EXCEEDED: aggregate admission capacity exhausted
33308	1789132058655	1	532	admit-refused	authority refusal LIMIT_EXCEEDED: aggregate admission capacity exhausted
33344	1789132058690	1	517	admit-refused	authority refusal LIMIT_EXCEEDED: aggregate admission capacity exhausted
33354	1789132058701	2	479	admit-retried	succeeded after 4 refusals
33354	1789132058701	2	479	admitted	admit=4933ms
33364	1789132058710	1	535	admit-refused	authority refusal LIMIT_EXCEEDED: aggregate admission capacity exhausted
33386	1789132058733	0	516	admit-refused	authority refusal LIMIT_EXCEEDED: aggregate admission capacity exhausted
33393	1789132058740	2	497	admit-refused	authority refusal LIMIT_EXCEEDED: aggregate admission capacity exhausted
33430	1789132058777	2	530	admit-refused	authority refusal LIMIT_EXCEEDED: aggregate admission capacity exhausted
33475	1789132058822	0	513	admit-refused	authority refusal LIMIT_EXCEEDED: aggregate admission capacity exhausted
33528	1789132058874	1	532	admit-retried	succeeded after 1 refusals
33528	1789132058875	1	532	admitted	admit=310ms
33567	1789132058913	2	524	admit-refused	authority refusal LIMIT_EXCEEDED: aggregate admission capacity exhausted
33619	1789132058966	2	530	admit-refused	authority refusal LIMIT_EXCEEDED: aggregate admission capacity exhausted
33632	1789132058978	0	510	admit-retried	succeeded after 3 refusals
33632	1789132058978	0	510	admitted	admit=1036ms
33632	1789132058979	2	515	admit-refused	authority refusal LIMIT_EXCEEDED: aggregate admission capacity exhausted
33682	1789132059029	1	535	admit-retried	succeeded after 1 refusals
33682	1789132059029	1	535	admitted	admit=405ms
33776	1789132059123	2	527	admitted	admit=648ms
33821	1789132059168	1	541	admit-refused	authority refusal LIMIT_EXCEEDED: aggregate admission capacity exhausted
33864	1789132059210	0	519	admitted	admit=231ms
33910	1789132059257	2	284	admit-ceiling	LIMIT_EXCEEDED: client unresolved admission ceiling
33915	1789132059261	0	516	admit-retried	succeeded after 3 refusals
33915	1789132059261	0	516	admitted	admit=1174ms
33927	1789132059273	2	431	admit-refused	authority refusal LIMIT_EXCEEDED: aggregate admission capacity exhausted
33963	1789132059310	2	443	admit-refused	authority refusal LIMIT_EXCEEDED: aggregate admission capacity exhausted
34033	1789132059380	0	486	admit-retried	succeeded after 4 refusals
34033	1789132059380	0	486	admitted	admit=3866ms
34034	1789132059381	2	515	admit-ceiling	LIMIT_EXCEEDED: client unresolved admission ceiling
34048	1789132059395	1	538	admit-refused	authority refusal LIMIT_EXCEEDED: aggregate admission capacity exhausted
34055	1789132059402	0	528	admit-ceiling	LIMIT_EXCEEDED: client unresolved admission ceiling
34103	1789132059449	0	522	admitted	admit=238ms
34116	1789132059462	1	541	admit-refused	authority refusal LIMIT_EXCEEDED: aggregate admission capacity exhausted
34119	1789132059466	2	530	admit-retried	succeeded after 2 refusals
34119	1789132059466	2	530	admitted	admit=764ms
34157	1789132059503	0	528	admit-ceiling	LIMIT_EXCEEDED: client unresolved admission ceiling
34186	1789132059533	2	512	admit-refused	authority refusal LIMIT_EXCEEDED: aggregate admission capacity exhausted
34188	1789132059535	2	524	admit-retried	succeeded after 3 refusals
34188	1789132059535	2	524	admitted	admit=1111ms
34197	1789132059544	0	525	admit-refused	authority refusal LIMIT_EXCEEDED: aggregate admission capacity exhausted
34218	1789132059564	0	75	admit-refused	authority refusal LIMIT_EXCEEDED: aggregate admission capacity exhausted
34262	1789132059608	1	517	admit-refused	authority refusal LIMIT_EXCEEDED: aggregate admission capacity exhausted
34271	1789132059618	2	536	admit-refused	authority refusal LIMIT_EXCEEDED: aggregate admission capacity exhausted
34277	1789132059624	1	97	admit-refused	authority refusal LIMIT_EXCEEDED: aggregate admission capacity exhausted
34282	1789132059629	2	539	admit-refused	authority refusal LIMIT_EXCEEDED: aggregate admission capacity exhausted
34299	1789132059646	0	513	admit-refused	authority refusal LIMIT_EXCEEDED: aggregate admission capacity exhausted
34332	1789132059679	0	483	admit-refused	authority refusal LIMIT_EXCEEDED: aggregate admission capacity exhausted
34348	1789132059694	0	525	admit-refused	authority refusal LIMIT_EXCEEDED: aggregate admission capacity exhausted
34374	1789132059720	0	531	admit-refused	authority refusal LIMIT_EXCEEDED: aggregate admission capacity exhausted
34419	1789132059765	1	541	admit-retried	succeeded after 2 refusals
34419	1789132059765	1	541	admitted	admit=736ms
34460	1789132059807	0	528	admit-refused	authority refusal LIMIT_EXCEEDED: aggregate admission capacity exhausted
34465	1789132059811	1	142	admit-retried	succeeded after 10 refusals
34465	1789132059811	1	142	admitted	admit=29251ms
34474	1789132059820	2	539	admit-refused	authority refusal LIMIT_EXCEEDED: aggregate admission capacity exhausted
34514	1789132059861	2	536	admit-refused	authority refusal LIMIT_EXCEEDED: aggregate admission capacity exhausted
34542	1789132059888	2	533	admit-refused	authority refusal LIMIT_EXCEEDED: aggregate admission capacity exhausted
34557	1789132059903	0	531	admit-retried	succeeded after 1 refusals
34557	1789132059903	0	531	admitted	admit=453ms
34590	1789132059937	1	544	admit-refused	authority refusal LIMIT_EXCEEDED: aggregate admission capacity exhausted
34598	1789132059944	1	547	admitted	admit=132ms
34606	1789132059953	1	85	admit-refused	authority refusal LIMIT_EXCEEDED: aggregate admission capacity exhausted
34634	1789132059981	0	525	admit-refused	authority refusal LIMIT_EXCEEDED: aggregate admission capacity exhausted
34654	1789132060001	0	534	admit-refused	authority refusal LIMIT_EXCEEDED: aggregate admission capacity exhausted
34675	1789132060021	1	550	admit-refused	authority refusal LIMIT_EXCEEDED: aggregate admission capacity exhausted
34706	1789132060053	0	372	admit-retried	succeeded after 7 refusals
34706	1789132060053	0	372	admitted	admit=13567ms
34765	1789132060112	1	544	admit-refused	authority refusal LIMIT_EXCEEDED: aggregate admission capacity exhausted
34790	1789132060137	2	533	admit-retried	succeeded after 1 refusals
34790	1789132060137	2	533	admitted	admit=1013ms
34815	1789132060162	2	536	admit-refused	authority refusal LIMIT_EXCEEDED: aggregate admission capacity exhausted
34826	1789132060173	0	534	admit-refused	authority refusal LIMIT_EXCEEDED: aggregate admission capacity exhausted
34838	1789132060184	2	539	admit-retried	succeeded after 2 refusals
34838	1789132060184	2	539	admitted	admit=649ms
34843	1789132060189	0	537	admitted	admit=135ms
34870	1789132060217	1	550	admit-retried	succeeded after 1 refusals
34870	1789132060217	1	550	admitted	admit=272ms
34911	1789132060258	1	553	admit-ceiling	LIMIT_EXCEEDED: client unresolved admission ceiling
34931	1789132060278	1	376	admit-ceiling	LIMIT_EXCEEDED: client unresolved admission ceiling
34941	1789132060288	2	515	admit-refused	authority refusal LIMIT_EXCEEDED: aggregate admission capacity exhausted
34951	1789132060298	2	542	admitted	admit=160ms
34954	1789132060301	0	114	admit-ceiling	LIMIT_EXCEEDED: client unresolved admission ceiling
34964	1789132060310	1	115	admit-refused	authority refusal LIMIT_EXCEEDED: aggregate admission capacity exhausted
34973	1789132060320	2	545	admit-refused	authority refusal LIMIT_EXCEEDED: aggregate admission capacity exhausted
34988	1789132060335	1	55	admit-refused	authority refusal LIMIT_EXCEEDED: aggregate admission capacity exhausted
34996	1789132060343	0	528	admit-refused	authority refusal LIMIT_EXCEEDED: aggregate admission capacity exhausted
34998	1789132060345	0	540	admitted	admit=155ms
35040	1789132060386	0	525	admit-ceiling	LIMIT_EXCEEDED: client unresolved admission ceiling
35065	1789132060411	2	497	admit-refused	authority refusal LIMIT_EXCEEDED: aggregate admission capacity exhausted
35078	1789132060425	1	457	admit-refused	authority refusal LIMIT_EXCEEDED: aggregate admission capacity exhausted
35100	1789132060447	1	553	admit-refused	authority refusal LIMIT_EXCEEDED: aggregate admission capacity exhausted
35101	1789132060447	0	513	admit-ceiling	LIMIT_EXCEEDED: client unresolved admission ceiling
35112	1789132060459	2	395	admit-refused	authority refusal LIMIT_EXCEEDED: aggregate admission capacity exhausted
35113	1789132060459	0	534	admit-refused	authority refusal LIMIT_EXCEEDED: aggregate admission capacity exhausted
35117	1789132060464	1	544	admit-refused	authority refusal LIMIT_EXCEEDED: aggregate admission capacity exhausted
35122	1789132060468	0	543	admit-refused	authority refusal LIMIT_EXCEEDED: aggregate admission capacity exhausted
35122	1789132060469	2	545	admit-refused	authority refusal LIMIT_EXCEEDED: aggregate admission capacity exhausted
35158	1789132060505	2	548	admit-refused	authority refusal LIMIT_EXCEEDED: aggregate admission capacity exhausted
35168	1789132060514	1	538	admit-refused	authority refusal LIMIT_EXCEEDED: aggregate admission capacity exhausted
35351	1789132060697	2	56	admit-retried	succeeded after 11 refusals
35351	1789132060697	2	56	admitted	admit=34064ms
35390	1789132060737	0	543	admit-retried	succeeded after 1 refusals
35390	1789132060737	0	543	admitted	admit=391ms
35465	1789132060812	2	551	admitted	admit=114ms
35525	1789132060872	1	553	admit-refused	authority refusal LIMIT_EXCEEDED: aggregate admission capacity exhausted
35537	1789132060883	2	554	admit-refused	authority refusal LIMIT_EXCEEDED: aggregate admission capacity exhausted
35544	1789132060890	2	536	admit-retried	succeeded after 3 refusals
35544	1789132060890	2	536	admitted	admit=1424ms
35606	1789132060952	0	534	admit-retried	succeeded after 3 refusals
35606	1789132060952	0	534	admitted	admit=1048ms
35635	1789132060981	2	557	admit-refused	authority refusal LIMIT_EXCEEDED: aggregate admission capacity exhausted
35657	1789132061003	1	343	admit-refused	authority refusal LIMIT_EXCEEDED: aggregate admission capacity exhausted
35673	1789132061020	0	90	admit-retried	succeeded after 11 refusals
35673	1789132061020	0	90	admitted	admit=33727ms
35726	1789132061072	0	549	admitted	admit=119ms
35766	1789132061113	1	460	admit-refused	authority refusal LIMIT_EXCEEDED: aggregate admission capacity exhausted
35788	1789132061134	2	512	admit-ceiling	LIMIT_EXCEEDED: client unresolved admission ceiling
35799	1789132061146	0	552	admitted	admit=125ms
35825	1789132061172	0	558	admit-ceiling	LIMIT_EXCEEDED: client unresolved admission ceiling
35834	1789132061181	2	554	admit-retried	succeeded after 1 refusals
35834	1789132061181	2	554	admitted	admit=368ms
35841	1789132061188	0	525	admit-ceiling	LIMIT_EXCEEDED: client unresolved admission ceiling
35858	1789132061205	2	557	admit-retried	succeeded after 1 refusals
35858	1789132061205	2	557	admitted	admit=314ms
35877	1789132061224	1	538	admit-refused	authority refusal LIMIT_EXCEEDED: aggregate admission capacity exhausted
35877	1789132061224	0	528	admit-refused	authority refusal LIMIT_EXCEEDED: aggregate admission capacity exhausted
35915	1789132061261	2	563	admit-ceiling	LIMIT_EXCEEDED: client unresolved admission ceiling
35947	1789132061294	2	560	admit-refused	authority refusal LIMIT_EXCEEDED: aggregate admission capacity exhausted
35955	1789132061301	0	546	admitted	admit=563ms
35960	1789132061307	2	404	admit-retried	succeeded after 7 refusals
35960	1789132061307	2	404	admitted	admit=12017ms
36002	1789132061348	1	517	admit-retried	succeeded after 5 refusals
36002	1789132061349	1	517	admitted	admit=3759ms
36016	1789132061363	2	563	admit-ceiling	LIMIT_EXCEEDED: client unresolved admission ceiling
36041	1789132061388	1	553	admit-refused	authority refusal LIMIT_EXCEEDED: aggregate admission capacity exhausted
36049	1789132061395	2	560	admit-ceiling	LIMIT_EXCEEDED: client unresolved admission ceiling
36069	1789132061415	0	561	admit-refused	authority refusal LIMIT_EXCEEDED: aggregate admission capacity exhausted
36069	1789132061416	2	566	admit-refused	authority refusal LIMIT_EXCEEDED: aggregate admission capacity exhausted
36081	1789132061428	2	179	admit-refused	authority refusal LIMIT_EXCEEDED: aggregate admission capacity exhausted
36154	1789132061501	1	556	admit-refused	authority refusal LIMIT_EXCEEDED: aggregate admission capacity exhausted
36170	1789132061516	0	561	admit-ceiling	LIMIT_EXCEEDED: client unresolved admission ceiling
36207	1789132061553	0	468	admit-retried	succeeded after 6 refusals
36207	1789132061553	0	468	admitted	admit=7907ms
36235	1789132061581	2	548	admit-retried	succeeded after 1 refusals
36235	1789132061581	2	548	admitted	admit=1283ms
36240	1789132061587	0	564	admit-ceiling	LIMIT_EXCEEDED: client unresolved admission ceiling
36241	1789132061587	2	545	admit-refused	authority refusal LIMIT_EXCEEDED: aggregate admission capacity exhausted
36254	1789132061601	2	80	admit-refused	authority refusal LIMIT_EXCEEDED: aggregate admission capacity exhausted
36323	1789132061670	1	538	admit-refused	authority refusal LIMIT_EXCEEDED: aggregate admission capacity exhausted
36330	1789132061676	1	556	admit-refused	authority refusal LIMIT_EXCEEDED: aggregate admission capacity exhausted
36337	1789132061684	2	566	admit-refused	authority refusal LIMIT_EXCEEDED: aggregate admission capacity exhausted
36358	1789132061705	0	555	admitted	admit=632ms
36360	1789132061707	0	111	admit-ceiling	LIMIT_EXCEEDED: client unresolved admission ceiling
36383	1789132061730	0	567	admit-ceiling	LIMIT_EXCEEDED: client unresolved admission ceiling
36384	1789132061730	0	561	admit-ceiling	LIMIT_EXCEEDED: client unresolved admission ceiling
36416	1789132061762	0	480	admit-ceiling	LIMIT_EXCEEDED: client unresolved admission ceiling
36422	1789132061769	2	560	admit-refused	authority refusal LIMIT_EXCEEDED: aggregate admission capacity exhausted
36437	1789132061783	2	563	admit-refused	authority refusal LIMIT_EXCEEDED: aggregate admission capacity exhausted
36450	1789132061797	2	569	admit-refused	authority refusal LIMIT_EXCEEDED: aggregate admission capacity exhausted
36485	1789132061831	0	567	admit-ceiling	LIMIT_EXCEEDED: client unresolved admission ceiling
36522	1789132061869	0	420	admit-ceiling	LIMIT_EXCEEDED: client unresolved admission ceiling
36576	1789132061923	0	558	admit-retried	succeeded after 1 refusals
36576	1789132061923	0	558	admitted	admit=776ms
36629	1789132061975	0	351	admit-ceiling	LIMIT_EXCEEDED: client unresolved admission ceiling
36655	1789132062002	2	569	admit-refused	authority refusal LIMIT_EXCEEDED: aggregate admission capacity exhausted
36681	1789132062028	2	566	admit-refused	authority refusal LIMIT_EXCEEDED: aggregate admission capacity exhausted
36683	1789132062030	0	564	admit-retried	succeeded after 1 refusals
36683	1789132062030	0	564	admitted	admit=476ms
36694	1789132062041	2	545	admit-refused	authority refusal LIMIT_EXCEEDED: aggregate admission capacity exhausted
36696	1789132062043	0	567	admit-ceiling	LIMIT_EXCEEDED: client unresolved admission ceiling
36702	1789132062049	0	513	admit-ceiling	LIMIT_EXCEEDED: client unresolved admission ceiling
36712	1789132062059	2	515	admit-refused	authority refusal LIMIT_EXCEEDED: aggregate admission capacity exhausted
36729	1789132062075	0	402	admit-retried	succeeded after 7 refusals
36729	1789132062075	0	402	admitted	admit=13947ms
36785	1789132062132	0	561	admit-ceiling	LIMIT_EXCEEDED: client unresolved admission ceiling
36814	1789132062161	0	573	admit-refused	authority refusal LIMIT_EXCEEDED: aggregate admission capacity exhausted
36843	1789132062189	1	553	admit-ceiling	LIMIT_EXCEEDED: client unresolved admission ceiling
36847	1789132062193	0	576	admitted	admit=118ms
36875	1789132062222	2	332	admit-retried	succeeded after 8 refusals
36875	1789132062222	2	332	admitted	admit=17510ms
36924	1789132062271	0	327	admit-refused	authority refusal LIMIT_EXCEEDED: aggregate admission capacity exhausted
36939	1789132062286	1	556	admit-retried	succeeded after 2 refusals
36939	1789132062286	1	556	admitted	admit=937ms
36996	1789132062342	2	563	admit-refused	authority refusal LIMIT_EXCEEDED: aggregate admission capacity exhausted
37001	1789132062348	1	463	admit-retried	succeeded after 6 refusals
37001	1789132062348	1	463	admitted	admit=8768ms
37014	1789132062360	2	572	admitted	admit=137ms
37015	1789132062361	2	569	admit-refused	authority refusal LIMIT_EXCEEDED: aggregate admission capacity exhausted
37025	1789132062371	1	367	admit-ceiling	LIMIT_EXCEEDED: client unresolved admission ceiling
37067	1789132062413	0	573	admit-retried	succeeded after 1 refusals
37067	1789132062413	0	573	admitted	admit=383ms
37119	1789132062466	1	559	admitted	admit=179ms
37143	1789132062490	2	575	admitted	admit=129ms
37164	1789132062511	2	566	admit-refused	authority refusal LIMIT_EXCEEDED: aggregate admission capacity exhausted
37165	1789132062512	1	562	admitted	admit=163ms
37198	1789132062544	1	568	admit-ceiling	LIMIT_EXCEEDED: client unresolved admission ceiling
37239	1789132062586	0	582	admitted	admit=171ms
37265	1789132062611	1	565	admitted	admit=145ms
37286	1789132062633	2	578	admit-refused	authority refusal LIMIT_EXCEEDED: aggregate admission capacity exhausted
37300	1789132062647	1	568	admit-ceiling	LIMIT_EXCEEDED: client unresolved admission ceiling
37332	1789132062679	0	585	admit-refused	authority refusal LIMIT_EXCEEDED: aggregate admission capacity exhausted
37339	1789132062686	0	570	admitted	admit=762ms
37425	1789132062772	0	588	admit-refused	authority refusal LIMIT_EXCEEDED: aggregate admission capacity exhausted
37429	1789132062775	1	571	admitted	admit=163ms
37479	1789132062825	0	528	admit-ceiling	LIMIT_EXCEEDED: client unresolved admission ceiling
37481	1789132062828	2	578	admit-retried	succeeded after 1 refusals
37481	1789132062828	2	578	admitted	admit=337ms
37512	1789132062859	2	560	admit-refused	authority refusal LIMIT_EXCEEDED: aggregate admission capacity exhausted
37534	1789132062881	2	569	admit-retried	succeeded after 3 refusals
37534	1789132062881	2	569	admitted	admit=1299ms
37537	1789132062883	1	538	admit-retried	succeeded after 4 refusals
37537	1789132062883	1	538	admitted	admit=4008ms
37551	1789132062898	0	525	admit-refused	authority refusal LIMIT_EXCEEDED: aggregate admission capacity exhausted
37561	1789132062907	0	567	admit-retried	succeeded after 3 refusals
37561	1789132062907	0	567	admitted	admit=1201ms
37611	1789132062958	1	109	admit-retried	succeeded after 11 refusals
37611	1789132062958	0	591	admit-ceiling	LIMIT_EXCEEDED: client unresolved admission ceiling
37611	1789132062958	1	109	admitted	admit=35263ms
37612	1789132062958	0	561	admit-ceiling	LIMIT_EXCEEDED: client unresolved admission ceiling
37614	1789132062961	2	581	admit-refused	authority refusal LIMIT_EXCEEDED: aggregate admission capacity exhausted
37641	1789132062987	1	580	admit-ceiling	LIMIT_EXCEEDED: client unresolved admission ceiling
37644	1789132062991	1	373	admit-ceiling	LIMIT_EXCEEDED: client unresolved admission ceiling
37647	1789132062994	2	545	admit-refused	authority refusal LIMIT_EXCEEDED: aggregate admission capacity exhausted
37655	1789132063002	1	574	admit-refused	authority refusal LIMIT_EXCEEDED: aggregate admission capacity exhausted
37661	1789132063007	0	483	admit-refused	authority refusal LIMIT_EXCEEDED: aggregate admission capacity exhausted
37664	1789132063010	2	584	admit-refused	authority refusal LIMIT_EXCEEDED: aggregate admission capacity exhausted
37666	1789132063013	1	577	admit-refused	authority refusal LIMIT_EXCEEDED: aggregate admission capacity exhausted
37669	1789132063016	0	585	admit-refused	authority refusal LIMIT_EXCEEDED: aggregate admission capacity exhausted
37678	1789132063024	1	568	admit-refused	authority refusal LIMIT_EXCEEDED: aggregate admission capacity exhausted
37683	1789132063029	2	200	admit-refused	authority refusal LIMIT_EXCEEDED: aggregate admission capacity exhausted
37686	1789132063033	0	588	admit-refused	authority refusal LIMIT_EXCEEDED: aggregate admission capacity exhausted
37846	1789132063192	2	581	admit-refused	authority refusal LIMIT_EXCEEDED: aggregate admission capacity exhausted
37884	1789132063230	1	574	admit-retried	succeeded after 1 refusals
37884	1789132063230	1	574	admitted	admit=454ms
37885	1789132063231	1	580	admit-refused	authority refusal LIMIT_EXCEEDED: aggregate admission capacity exhausted
37886	1789132063232	2	584	admit-refused	authority refusal LIMIT_EXCEEDED: aggregate admission capacity exhausted
37904	1789132063251	1	577	admit-refused	authority refusal LIMIT_EXCEEDED: aggregate admission capacity exhausted
37910	1789132063257	2	563	admit-refused	authority refusal LIMIT_EXCEEDED: aggregate admission capacity exhausted
37915	1789132063261	0	579	admitted	admit=1067ms
37965	1789132063311	1	583	admit-refused	authority refusal LIMIT_EXCEEDED: aggregate admission capacity exhausted
37969	1789132063316	0	588	admit-retried	succeeded after 2 refusals
37969	1789132063316	0	588	admitted	admit=629ms
37986	1789132063333	0	594	admit-refused	authority refusal LIMIT_EXCEEDED: aggregate admission capacity exhausted
38012	1789132063358	0	591	admit-refused	authority refusal LIMIT_EXCEEDED: aggregate admission capacity exhausted
38036	1789132063383	0	585	admit-refused	authority refusal LIMIT_EXCEEDED: aggregate admission capacity exhausted
38038	1789132063385	2	566	admit-retried	succeeded after 4 refusals
38038	1789132063385	2	566	admitted	admit=2077ms
38057	1789132063403	0	597	admit-refused	authority refusal LIMIT_EXCEEDED: aggregate admission capacity exhausted
38106	1789132063453	1	577	admit-ceiling	LIMIT_EXCEEDED: client unresolved admission ceiling
38166	1789132063513	0	594	admit-refused	authority refusal LIMIT_EXCEEDED: aggregate admission capacity exhausted
38174	1789132063521	2	581	admit-refused	authority refusal LIMIT_EXCEEDED: aggregate admission capacity exhausted
38186	1789132063532	1	580	admit-refused	authority refusal LIMIT_EXCEEDED: aggregate admission capacity exhausted
38190	1789132063537	1	583	admit-retried	succeeded after 1 refusals
38190	1789132063537	1	583	admitted	admit=306ms
38199	1789132063546	2	584	admit-refused	authority refusal LIMIT_EXCEEDED: aggregate admission capacity exhausted
38242	1789132063588	0	597	admit-retried	succeeded after 1 refusals
38242	1789132063588	0	597	admitted	admit=272ms
38261	1789132063607	0	591	admit-refused	authority refusal LIMIT_EXCEEDED: aggregate admission capacity exhausted
38288	1789132063635	2	587	admitted	admit=249ms
38325	1789132063672	0	600	admit-refused	authority refusal LIMIT_EXCEEDED: aggregate admission capacity exhausted
38368	1789132063714	1	568	admit-retried	succeeded after 3 refusals
38368	1789132063714	1	568	admitted	admit=1201ms
38377	1789132063723	2	590	admit-refused	authority refusal LIMIT_EXCEEDED: aggregate admission capacity exhausted
38434	1789132063780	2	560	admit-refused	authority refusal LIMIT_EXCEEDED: aggregate admission capacity exhausted
38435	1789132063782	0	594	admit-refused	authority refusal LIMIT_EXCEEDED: aggregate admission capacity exhausted
38442	1789132063788	2	497	admit-refused	authority refusal LIMIT_EXCEEDED: aggregate admission capacity exhausted
38521	1789132063868	1	586	admitted	admit=330ms
38549	1789132063895	1	589	admit-refused	authority refusal LIMIT_EXCEEDED: aggregate admission capacity exhausted
38556	1789132063902	1	553	admit-retried	succeeded after 5 refusals
38556	1789132063902	1	553	admitted	admit=3685ms
38561	1789132063908	2	590	admit-retried	succeeded after 1 refusals
38561	1789132063908	2	590	admitted	admit=272ms
38587	1789132063934	1	580	admit-ceiling	LIMIT_EXCEEDED: client unresolved admission ceiling
38588	1789132063935	0	600	admit-retried	succeeded after 1 refusals
38588	1789132063935	0	600	admitted	admit=346ms
38647	1789132063993	0	585	admit-retried	succeeded after 3 refusals
38647	1789132063993	0	585	admitted	admit=1407ms
38650	1789132063997	1	589	admit-ceiling	LIMIT_EXCEEDED: client unresolved admission ceiling
38675	1789132064021	0	603	admit-refused	authority refusal LIMIT_EXCEEDED: aggregate admission capacity exhausted
38749	1789132064096	2	593	admit-refused	authority refusal LIMIT_EXCEEDED: aggregate admission capacity exhausted
38779	1789132064125	1	544	admit-refused	authority refusal LIMIT_EXCEEDED: aggregate admission capacity exhausted
38796	1789132064143	1	595	admit-refused	authority refusal LIMIT_EXCEEDED: aggregate admission capacity exhausted
38834	1789132064180	2	581	admit-retried	succeeded after 3 refusals
38834	1789132064180	2	581	admitted	admit=1352ms
38906	1789132064253	1	577	admit-refused	authority refusal LIMIT_EXCEEDED: aggregate admission capacity exhausted
38918	1789132064264	2	596	admit-refused	authority refusal LIMIT_EXCEEDED: aggregate admission capacity exhausted
38947	1789132064294	1	595	admit-refused	authority refusal LIMIT_EXCEEDED: aggregate admission capacity exhausted
38964	1789132064311	1	589	admit-refused	authority refusal LIMIT_EXCEEDED: aggregate admission capacity exhausted
38965	1789132064311	2	443	admit-ceiling	LIMIT_EXCEEDED: client unresolved admission ceiling
38989	1789132064336	2	512	admit-ceiling	LIMIT_EXCEEDED: client unresolved admission ceiling
39000	1789132064347	0	594	admit-refused	authority refusal LIMIT_EXCEEDED: aggregate admission capacity exhausted
39019	1789132064365	2	596	admit-ceiling	LIMIT_EXCEEDED: client unresolved admission ceiling
39038	1789132064385	2	593	admit-refused	authority refusal LIMIT_EXCEEDED: aggregate admission capacity exhausted
39061	1789132064408	2	431	admit-refused	authority refusal LIMIT_EXCEEDED: aggregate admission capacity exhausted
39076	1789132064423	2	584	admit-refused	authority refusal LIMIT_EXCEEDED: aggregate admission capacity exhausted
39219	1789132064566	1	595	admit-retried	succeeded after 2 refusals
39219	1789132064566	1	595	admitted	admit=662ms
39227	1789132064574	0	603	admit-retried	succeeded after 1 refusals
39227	1789132064574	0	603	admitted	admit=638ms
39259	1789132064605	0	609	admit-ceiling	LIMIT_EXCEEDED: client unresolved admission ceiling
39296	1789132064643	0	561	admit-refused	authority refusal LIMIT_EXCEEDED: aggregate admission capacity exhausted
39331	1789132064678	2	596	admit-refused	authority refusal LIMIT_EXCEEDED: aggregate admission capacity exhausted
39349	1789132064695	0	75	admit-refused	authority refusal LIMIT_EXCEEDED: aggregate admission capacity exhausted
39381	1789132064728	1	97	admit-retried	succeeded after 12 refusals
39381	1789132064728	1	97	admitted	admit=37295ms
39410	1789132064757	1	580	admit-ceiling	LIMIT_EXCEEDED: client unresolved admission ceiling
39412	1789132064759	2	284	admit-refused	authority refusal LIMIT_EXCEEDED: aggregate admission capacity exhausted
39430	1789132064777	2	593	admit-refused	authority refusal LIMIT_EXCEEDED: aggregate admission capacity exhausted
39441	1789132064787	1	589	admit-refused	authority refusal LIMIT_EXCEEDED: aggregate admission capacity exhausted
39452	1789132064799	0	609	admit-retried	succeeded after 1 refusals
39452	1789132064799	0	609	admitted	admit=224ms
39455	1789132064802	1	598	admitted	admit=235ms
39470	1789132064816	1	601	admit-refused	authority refusal LIMIT_EXCEEDED: aggregate admission capacity exhausted
39574	1789132064921	0	612	admitted	admit=121ms
39589	1789132064936	1	604	admit-refused	authority refusal LIMIT_EXCEEDED: aggregate admission capacity exhausted
39590	1789132064936	2	563	admit-refused	authority refusal LIMIT_EXCEEDED: aggregate admission capacity exhausted
39660	1789132065007	2	545	admit-refused	authority refusal LIMIT_EXCEEDED: aggregate admission capacity exhausted
39668	1789132065014	1	601	admit-refused	authority refusal LIMIT_EXCEEDED: aggregate admission capacity exhausted
39688	1789132065034	1	85	admit-refused	authority refusal LIMIT_EXCEEDED: aggregate admission capacity exhausted
39741	1789132065088	0	615	admit-refused	authority refusal LIMIT_EXCEEDED: aggregate admission capacity exhausted
39755	1789132065102	1	604	admit-refused	authority refusal LIMIT_EXCEEDED: aggregate admission capacity exhausted
39758	1789132065105	0	606	admit-refused	authority refusal LIMIT_EXCEEDED: aggregate admission capacity exhausted
39811	1789132065158	1	577	admit-retried	succeeded after 4 refusals
39811	1789132065158	1	577	admitted	admit=2274ms
39823	1789132065169	2	596	admit-refused	authority refusal LIMIT_EXCEEDED: aggregate admission capacity exhausted
39903	1789132065250	1	607	admit-refused	authority refusal LIMIT_EXCEEDED: aggregate admission capacity exhausted
39904	1789132065250	0	513	admit-ceiling	LIMIT_EXCEEDED: client unresolved admission ceiling
39923	1789132065270	0	615	admit-refused	authority refusal LIMIT_EXCEEDED: aggregate admission capacity exhausted
39924	1789132065271	2	593	admit-refused	authority refusal LIMIT_EXCEEDED: aggregate admission capacity exhausted
39925	1789132065271	1	601	admit-refused	authority refusal LIMIT_EXCEEDED: aggregate admission capacity exhausted
39965	1789132065312	1	115	admit-ceiling	LIMIT_EXCEEDED: client unresolved admission ceiling
39969	1789132065315	0	606	admit-refused	authority refusal LIMIT_EXCEEDED: aggregate admission capacity exhausted
39980	1789132065326	1	592	admit-refused	authority refusal LIMIT_EXCEEDED: aggregate admission capacity exhausted
39982	1789132065328	2	515	admit-refused	authority refusal LIMIT_EXCEEDED: aggregate admission capacity exhausted
39990	1789132065336	2	584	admit-retried	succeeded after 4 refusals
39990	1789132065336	2	584	admitted	admit=2455ms
40003	1789132065350	1	376	admit-refused	authority refusal LIMIT_EXCEEDED: aggregate admission capacity exhausted
40047	1789132065393	1	604	admit-refused	authority refusal LIMIT_EXCEEDED: aggregate admission capacity exhausted
40064	1789132065410	0	114	admit-retried	succeeded after 12 refusals
40064	1789132065410	0	114	admitted	admit=37116ms
40065	1789132065411	0	594	admit-refused	authority refusal LIMIT_EXCEEDED: aggregate admission capacity exhausted
40068	1789132065414	1	55	admit-refused	authority refusal LIMIT_EXCEEDED: aggregate admission capacity exhausted
40090	1789132065436	1	607	admit-refused	authority refusal LIMIT_EXCEEDED: aggregate admission capacity exhausted
40103	1789132065449	2	560	admit-refused	authority refusal LIMIT_EXCEEDED: aggregate admission capacity exhausted
40175	1789132065522	1	457	admit-retried	succeeded after 7 refusals
40175	1789132065522	1	457	admitted	admit=12087ms
40181	1789132065528	0	615	admit-refused	authority refusal LIMIT_EXCEEDED: aggregate admission capacity exhausted
40188	1789132065535	0	618	admitted	admit=124ms
40194	1789132065540	2	395	admit-retried	succeeded after 8 refusals
40194	1789132065540	2	395	admitted	admit=16790ms
40284	1789132065630	2	602	admit-refused	authority refusal LIMIT_EXCEEDED: aggregate admission capacity exhausted
40284	1789132065631	1	610	admit-refused	authority refusal LIMIT_EXCEEDED: aggregate admission capacity exhausted
40299	1789132065646	0	606	admit-refused	authority refusal LIMIT_EXCEEDED: aggregate admission capacity exhausted
40304	1789132065651	0	591	admit-refused	authority refusal LIMIT_EXCEEDED: aggregate admission capacity exhausted
40310	1789132065656	1	589	admit-refused	authority refusal LIMIT_EXCEEDED: aggregate admission capacity exhausted
40376	1789132065723	1	601	admit-refused	authority refusal LIMIT_EXCEEDED: aggregate admission capacity exhausted
40416	1789132065762	1	607	admit-refused	authority refusal LIMIT_EXCEEDED: aggregate admission capacity exhausted
40424	1789132065771	2	599	admitted	admit=434ms
40455	1789132065802	1	610	admit-refused	authority refusal LIMIT_EXCEEDED: aggregate admission capacity exhausted
40484	1789132065831	2	602	admit-retried	succeeded after 1 refusals
40484	1789132065831	2	602	admitted	admit=290ms
40485	1789132065832	0	621	admit-refused	authority refusal LIMIT_EXCEEDED: aggregate admission capacity exhausted
40486	1789132065832	1	592	admit-refused	authority refusal LIMIT_EXCEEDED: aggregate admission capacity exhausted
40493	1789132065840	2	605	admit-refused	authority refusal LIMIT_EXCEEDED: aggregate admission capacity exhausted
40501	1789132065847	1	604	admit-refused	authority refusal LIMIT_EXCEEDED: aggregate admission capacity exhausted
40563	1789132065910	2	608	admit-refused	authority refusal LIMIT_EXCEEDED: aggregate admission capacity exhausted
40713	1789132066059	2	608	admit-refused	authority refusal LIMIT_EXCEEDED: aggregate admission capacity exhausted
40730	1789132066077	2	596	admit-retried	succeeded after 4 refusals
40730	1789132066077	2	596	admitted	admit=1896ms
40735	1789132066082	2	605	admit-refused	authority refusal LIMIT_EXCEEDED: aggregate admission capacity exhausted
40753	1789132066100	0	525	admit-ceiling	LIMIT_EXCEEDED: client unresolved admission ceiling
40768	1789132066115	1	460	admit-ceiling	LIMIT_EXCEEDED: client unresolved admission ceiling
40804	1789132066151	1	343	admit-retried	succeeded after 8 refusals
40804	1789132066151	1	343	admitted	admit=21704ms
40829	1789132066176	1	607	admit-ceiling	LIMIT_EXCEEDED: client unresolved admission ceiling
40840	1789132066187	2	611	admit-refused	authority refusal LIMIT_EXCEEDED: aggregate admission capacity exhausted
40847	1789132066193	2	593	admit-retried	succeeded after 4 refusals
40847	1789132066193	2	593	admitted	admit=2285ms
40885	1789132066231	0	615	admit-retried	succeeded after 3 refusals
40885	1789132066231	0	615	admitted	admit=1310ms
40925	1789132066272	1	613	admitted	admit=120ms
40954	1789132066300	2	614	admit-refused	authority refusal LIMIT_EXCEEDED: aggregate admission capacity exhausted
40956	1789132066302	0	606	admit-refused	authority refusal LIMIT_EXCEEDED: aggregate admission capacity exhausted
41012	1789132066358	1	580	admit-ceiling	LIMIT_EXCEEDED: client unresolved admission ceiling
41019	1789132066365	2	608	admit-refused	authority refusal LIMIT_EXCEEDED: aggregate admission capacity exhausted
41021	1789132066368	0	624	admitted	admit=136ms
41033	1789132066379	2	605	admit-refused	authority refusal LIMIT_EXCEEDED: aggregate admission capacity exhausted
41040	1789132066387	1	616	admitted	admit=114ms
41054	1789132066400	2	611	admit-refused	authority refusal LIMIT_EXCEEDED: aggregate admission capacity exhausted
41098	1789132066444	0	627	admit-refused	authority refusal LIMIT_EXCEEDED: aggregate admission capacity exhausted
41126	1789132066473	2	179	admit-refused	authority refusal LIMIT_EXCEEDED: aggregate admission capacity exhausted
41131	1789132066478	2	614	admit-retried	succeeded after 1 refusals
41131	1789132066478	2	614	admitted	admit=283ms
41178	1789132066525	1	601	admit-ceiling	LIMIT_EXCEEDED: client unresolved admission ceiling
41201	1789132066547	0	621	admit-refused	authority refusal LIMIT_EXCEEDED: aggregate admission capacity exhausted
41202	1789132066548	0	528	admit-retried	succeeded after 6 refusals
41202	1789132066548	0	528	admitted	admit=7167ms
41211	1789132066558	2	617	admit-refused	authority refusal LIMIT_EXCEEDED: aggregate admission capacity exhausted
41214	1789132066560	0	591	admit-refused	authority refusal LIMIT_EXCEEDED: aggregate admission capacity exhausted
41256	1789132066602	0	627	admit-refused	authority refusal LIMIT_EXCEEDED: aggregate admission capacity exhausted
41283	1789132066629	0	630	admit-refused	authority refusal LIMIT_EXCEEDED: aggregate admission capacity exhausted
41332	1789132066679	1	592	admit-retried	succeeded after 2 refusals
41332	1789132066679	1	592	admitted	admit=2809ms
41358	1789132066705	1	622	admit-ceiling	LIMIT_EXCEEDED: client unresolved admission ceiling
41362	1789132066709	1	610	admit-refused	authority refusal LIMIT_EXCEEDED: aggregate admission capacity exhausted
41385	1789132066731	2	611	admit-refused	authority refusal LIMIT_EXCEEDED: aggregate admission capacity exhausted
41450	1789132066796	2	80	admit-refused	authority refusal LIMIT_EXCEEDED: aggregate admission capacity exhausted
41458	1789132066804	1	604	admit-refused	authority refusal LIMIT_EXCEEDED: aggregate admission capacity exhausted
41458	1789132066805	0	627	admit-ceiling	LIMIT_EXCEEDED: client unresolved admission ceiling
41486	1789132066833	0	621	admit-refused	authority refusal LIMIT_EXCEEDED: aggregate admission capacity exhausted
41488	1789132066835	0	630	admit-retried	succeeded after 1 refusals
41488	1789132066835	0	630	admitted	admit=286ms
41499	1789132066846	0	111	admit-refused	authority refusal LIMIT_EXCEEDED: aggregate admission capacity exhausted
41522	1789132066868	2	608	admit-refused	authority refusal LIMIT_EXCEEDED: aggregate admission capacity exhausted
41542	1789132066889	2	605	admit-refused	authority refusal LIMIT_EXCEEDED: aggregate admission capacity exhausted
41550	1789132066897	1	622	admit-refused	authority refusal LIMIT_EXCEEDED: aggregate admission capacity exhausted
41560	1789132066906	2	617	admit-refused	authority refusal LIMIT_EXCEEDED: aggregate admission capacity exhausted
41588	1789132066934	0	420	admit-refused	authority refusal LIMIT_EXCEEDED: aggregate admission capacity exhausted
41703	1789132067050	0	351	admit-retried	succeeded after 9 refusals
41703	1789132067050	0	351	admitted	admit=21621ms
41704	1789132067051	0	594	admit-refused	authority refusal LIMIT_EXCEEDED: aggregate admission capacity exhausted
41704	1789132067051	1	607	admit-refused	authority refusal LIMIT_EXCEEDED: aggregate admission capacity exhausted
41842	1789132067188	1	610	admit-refused	authority refusal LIMIT_EXCEEDED: aggregate admission capacity exhausted
41848	1789132067194	1	619	admit-refused	authority refusal LIMIT_EXCEEDED: aggregate admission capacity exhausted
41860	1789132067207	0	627	admit-ceiling	LIMIT_EXCEEDED: client unresolved admission ceiling
41887	1789132067234	1	544	admit-refused	authority refusal LIMIT_EXCEEDED: aggregate admission capacity exhausted
41891	1789132067238	0	606	admit-retried	succeeded after 4 refusals
41891	1789132067238	0	606	admitted	admit=3244ms
41903	1789132067249	1	622	admit-refused	authority refusal LIMIT_EXCEEDED: aggregate admission capacity exhausted
41915	1789132067262	0	639	admit-ceiling	LIMIT_EXCEEDED: client unresolved admission ceiling
41926	1789132067273	0	327	admit-ceiling	LIMIT_EXCEEDED: client unresolved admission ceiling
41981	1789132067327	0	621	admit-retried	succeeded after 3 refusals
41981	1789132067327	0	621	admitted	admit=1792ms
42017	1789132067364	0	639	admit-ceiling	LIMIT_EXCEEDED: client unresolved admission ceiling
42038	1789132067384	1	619	admit-retried	succeeded after 1 refusals
42038	1789132067384	1	619	admitted	admit=997ms
42090	1789132067437	2	611	admit-retried	succeeded after 3 refusals
42090	1789132067437	2	611	admitted	admit=1359ms
42136	1789132067482	0	642	admitted	admit=154ms
42145	1789132067492	1	625	admit-refused	authority refusal LIMIT_EXCEEDED: aggregate admission capacity exhausted
42219	1789132067565	0	639	admit-ceiling	LIMIT_EXCEEDED: client unresolved admission ceiling
42221	1789132067568	0	480	admit-refused	authority refusal LIMIT_EXCEEDED: aggregate admission capacity exhausted
42225	1789132067572	2	620	admitted	admit=134ms
42260	1789132067607	1	589	admit-retried	succeeded after 5 refusals
42260	1789132067607	1	589	admitted	admit=3892ms
42290	1789132067636	1	367	admit-refused	authority refusal LIMIT_EXCEEDED: aggregate admission capacity exhausted
42353	1789132067699	1	625	admit-refused	authority refusal LIMIT_EXCEEDED: aggregate admission capacity exhausted
42404	1789132067751	2	623	admitted	admit=178ms
42409	1789132067756	1	622	admit-retried	succeeded after 3 refusals
42409	1789132067756	1	622	admitted	admit=1077ms
42416	1789132067762	1	628	admit-refused	authority refusal LIMIT_EXCEEDED: aggregate admission capacity exhausted
42476	1789132067823	2	608	admit-retried	succeeded after 4 refusals
42476	1789132067823	2	608	admitted	admit=1991ms
42485	1789132067831	1	631	admit-refused	authority refusal LIMIT_EXCEEDED: aggregate admission capacity exhausted
42550	1789132067897	2	605	admit-retried	succeeded after 4 refusals
42550	1789132067897	2	605	admitted	admit=2125ms
42560	1789132067906	2	629	admit-refused	authority refusal LIMIT_EXCEEDED: aggregate admission capacity exhausted
42625	1789132067972	1	628	admit-retried	succeeded after 1 refusals
42625	1789132067972	1	628	admitted	admit=364ms
42630	1789132067977	0	561	admit-retried	succeeded after 6 refusals
42630	1789132067977	0	561	admitted	admit=6675ms
42647	1789132067993	1	373	admit-ceiling	LIMIT_EXCEEDED: client unresolved admission ceiling
42653	1789132067999	0	648	admit-ceiling	LIMIT_EXCEEDED: client unresolved admission ceiling
42662	1789132068009	0	627	admit-ceiling	LIMIT_EXCEEDED: client unresolved admission ceiling
42663	1789132068009	0	483	admit-ceiling	LIMIT_EXCEEDED: client unresolved admission ceiling
42685	1789132068031	2	200	admit-ceiling	LIMIT_EXCEEDED: client unresolved admission ceiling
42714	1789132068061	1	610	admit-refused	authority refusal LIMIT_EXCEEDED: aggregate admission capacity exhausted
42751	1789132068097	0	639	admit-retried	succeeded after 3 refusals
42751	1789132068097	0	639	admitted	admit=858ms
42767	1789132068113	1	625	admit-retried	succeeded after 2 refusals
42767	1789132068113	1	625	admitted	admit=728ms
42784	1789132068131	0	648	admit-ceiling	LIMIT_EXCEEDED: client unresolved admission ceiling
42806	1789132068153	2	629	admit-refused	authority refusal LIMIT_EXCEEDED: aggregate admission capacity exhausted
42815	1789132068161	0	591	admit-ceiling	LIMIT_EXCEEDED: client unresolved admission ceiling
42823	1789132068170	2	617	admit-retried	succeeded after 2 refusals
42823	1789132068170	2	617	admitted	admit=1691ms
42862	1789132068208	2	545	admit-ceiling	LIMIT_EXCEEDED: client unresolved admission ceiling
42882	1789132068228	1	637	admit-refused	authority refusal LIMIT_EXCEEDED: aggregate admission capacity exhausted
42899	1789132068246	2	563	admit-retried	succeeded after 6 refusals
42899	1789132068246	2	563	admitted	admit=7040ms
42901	1789132068248	2	635	admit-refused	authority refusal LIMIT_EXCEEDED: aggregate admission capacity exhausted
42974	1789132068320	0	651	admitted	admit=223ms
42988	1789132068334	1	601	admit-retried	succeeded after 5 refusals
42988	1789132068334	1	601	admitted	admit=3606ms
42999	1789132068346	0	648	admit-ceiling	LIMIT_EXCEEDED: client unresolved admission ceiling
43008	1789132068354	2	629	admit-ceiling	LIMIT_EXCEEDED: client unresolved admission ceiling
43032	1789132068378	2	638	admit-refused	authority refusal LIMIT_EXCEEDED: aggregate admission capacity exhausted
43049	1789132068396	1	637	admit-refused	authority refusal LIMIT_EXCEEDED: aggregate admission capacity exhausted
43070	1789132068416	0	654	admit-refused	authority refusal LIMIT_EXCEEDED: aggregate admission capacity exhausted
43101	1789132068448	2	635	admit-retried	succeeded after 1 refusals
43101	1789132068448	2	635	admitted	admit=277ms
43103	1789132068450	1	640	admit-refused	authority refusal LIMIT_EXCEEDED: aggregate admission capacity exhausted
43126	1789132068473	1	604	admit-refused	authority refusal LIMIT_EXCEEDED: aggregate admission capacity exhausted
43147	1789132068494	1	634	admit-refused	authority refusal LIMIT_EXCEEDED: aggregate admission capacity exhausted
43170	1789132068517	2	632	admit-refused	authority refusal LIMIT_EXCEEDED: aggregate admission capacity exhausted
43172	1789132068518	1	631	admit-refused	authority refusal LIMIT_EXCEEDED: aggregate admission capacity exhausted
43176	1789132068522	0	645	admit-refused	authority refusal LIMIT_EXCEEDED: aggregate admission capacity exhausted
43182	1789132068529	2	638	admit-refused	authority refusal LIMIT_EXCEEDED: aggregate admission capacity exhausted
43191	1789132068537	0	636	admit-refused	authority refusal LIMIT_EXCEEDED: aggregate admission capacity exhausted
43212	1789132068559	0	654	admit-refused	authority refusal LIMIT_EXCEEDED: aggregate admission capacity exhausted
43218	1789132068564	2	641	admit-refused	authority refusal LIMIT_EXCEEDED: aggregate admission capacity exhausted
43349	1789132068696	1	637	admit-refused	authority refusal LIMIT_EXCEEDED: aggregate admission capacity exhausted
43364	1789132068711	1	640	admit-retried	succeeded after 1 refusals
43364	1789132068711	1	640	admitted	admit=376ms
43369	1789132068715	1	634	admit-refused	authority refusal LIMIT_EXCEEDED: aggregate admission capacity exhausted
43370	1789132068716	2	632	admit-refused	authority refusal LIMIT_EXCEEDED: aggregate admission capacity exhausted
43385	1789132068732	0	645	admit-refused	authority refusal LIMIT_EXCEEDED: aggregate admission capacity exhausted
43388	1789132068734	1	607	admit-refused	authority refusal LIMIT_EXCEEDED: aggregate admission capacity exhausted
43398	1789132068744	0	636	admit-refused	authority refusal LIMIT_EXCEEDED: aggregate admission capacity exhausted
43400	1789132068746	2	641	admit-refused	authority refusal LIMIT_EXCEEDED: aggregate admission capacity exhausted
43404	1789132068751	2	560	admit-refused	authority refusal LIMIT_EXCEEDED: aggregate admission capacity exhausted
43476	1789132068822	2	629	admit-refused	authority refusal LIMIT_EXCEEDED: aggregate admission capacity exhausted
43479	1789132068826	2	638	admit-retried	succeeded after 2 refusals
43479	1789132068826	2	638	admitted	admit=579ms
43488	1789132068834	1	631	admit-retried	succeeded after 2 refusals
43488	1789132068834	1	631	admitted	admit=1078ms
43489	1789132068836	1	643	admit-refused	authority refusal LIMIT_EXCEEDED: aggregate admission capacity exhausted
43511	1789132068857	0	654	admit-refused	authority refusal LIMIT_EXCEEDED: aggregate admission capacity exhausted
43520	1789132068867	0	648	admit-retried	succeeded after 3 refusals
43520	1789132068867	0	648	admitted	admit=889ms
43562	1789132068908	2	644	admit-refused	authority refusal LIMIT_EXCEEDED: aggregate admission capacity exhausted
43567	1789132068914	1	646	admit-refused	authority refusal LIMIT_EXCEEDED: aggregate admission capacity exhausted
43641	1789132068988	0	657	admit-refused	authority refusal LIMIT_EXCEEDED: aggregate admission capacity exhausted
43652	1789132068999	2	632	admit-refused	authority refusal LIMIT_EXCEEDED: aggregate admission capacity exhausted
43659	1789132069005	2	641	admit-refused	authority refusal LIMIT_EXCEEDED: aggregate admission capacity exhausted
43669	1789132069016	0	636	admit-refused	authority refusal LIMIT_EXCEEDED: aggregate admission capacity exhausted
43685	1789132069032	1	643	admit-retried	succeeded after 1 refusals
43685	1789132069032	1	643	admitted	admit=320ms
43712	1789132069059	1	634	admit-retried	succeeded after 2 refusals
43712	1789132069059	1	634	admitted	admit=1086ms
43735	1789132069082	0	645	admit-refused	authority refusal LIMIT_EXCEEDED: aggregate admission capacity exhausted
43748	1789132069095	2	644	admit-refused	authority refusal LIMIT_EXCEEDED: aggregate admission capacity exhausted
43757	1789132069103	2	497	admit-refused	authority refusal LIMIT_EXCEEDED: aggregate admission capacity exhausted
43762	1789132069109	1	637	admit-ceiling	LIMIT_EXCEEDED: client unresolved admission ceiling
43789	1789132069136	1	646	admit-refused	authority refusal LIMIT_EXCEEDED: aggregate admission capacity exhausted
43847	1789132069194	0	657	admit-retried	succeeded after 1 refusals
43847	1789132069194	0	657	admitted	admit=326ms
43954	1789132069301	2	626	admitted	admit=1549ms
43974	1789132069320	0	654	admit-refused	authority refusal LIMIT_EXCEEDED: aggregate admission capacity exhausted
44063	1789132069410	2	443	admit-refused	authority refusal LIMIT_EXCEEDED: aggregate admission capacity exhausted
44072	1789132069419	2	644	admit-retried	succeeded after 2 refusals
44072	1789132069419	2	644	admitted	admit=592ms
44074	1789132069420	2	431	admit-ceiling	LIMIT_EXCEEDED: client unresolved admission ceiling
44089	1789132069436	2	647	admit-refused	authority refusal LIMIT_EXCEEDED: aggregate admission capacity exhausted
44173	1789132069519	0	660	admit-refused	authority refusal LIMIT_EXCEEDED: aggregate admission capacity exhausted
44179	1789132069526	0	636	admit-retried	succeeded after 3 refusals
44179	1789132069526	0	636	admitted	admit=2475ms
44191	1789132069537	2	647	admit-ceiling	LIMIT_EXCEEDED: client unresolved admission ceiling
44197	1789132069543	2	512	admit-refused	authority refusal LIMIT_EXCEEDED: aggregate admission capacity exhausted
44199	1789132069546	0	645	admit-refused	authority refusal LIMIT_EXCEEDED: aggregate admission capacity exhausted
44201	1789132069547	1	646	admit-retried	succeeded after 2 refusals
44201	1789132069547	1	646	admitted	admit=712ms
44226	1789132069573	1	580	admit-ceiling	LIMIT_EXCEEDED: client unresolved admission ceiling
44230	1789132069576	2	650	admit-refused	authority refusal LIMIT_EXCEEDED: aggregate admission capacity exhausted
44302	1789132069649	2	632	admit-refused	authority refusal LIMIT_EXCEEDED: aggregate admission capacity exhausted
44306	1789132069652	1	655	admit-refused	authority refusal LIMIT_EXCEEDED: aggregate admission capacity exhausted
44328	1789132069674	0	663	admit-refused	authority refusal LIMIT_EXCEEDED: aggregate admission capacity exhausted
44337	1789132069684	0	633	admit-refused	authority refusal LIMIT_EXCEEDED: aggregate admission capacity exhausted
44407	1789132069754	1	655	admit-ceiling	LIMIT_EXCEEDED: client unresolved admission ceiling
44414	1789132069761	2	284	admit-ceiling	LIMIT_EXCEEDED: client unresolved admission ceiling
44439	1789132069786	0	633	admit-ceiling	LIMIT_EXCEEDED: client unresolved admission ceiling
44467	1789132069814	0	660	admit-refused	authority refusal LIMIT_EXCEEDED: aggregate admission capacity exhausted
44479	1789132069826	2	650	admit-retried	succeeded after 1 refusals
44479	1789132069826	2	650	admitted	admit=406ms
44481	1789132069827	2	647	admit-refused	authority refusal LIMIT_EXCEEDED: aggregate admission capacity exhausted
44489	1789132069835	0	627	admit-refused	authority refusal LIMIT_EXCEEDED: aggregate admission capacity exhausted
44503	1789132069849	2	629	admit-refused	authority refusal LIMIT_EXCEEDED: aggregate admission capacity exhausted
44509	1789132069855	0	663	admit-refused	authority refusal LIMIT_EXCEEDED: aggregate admission capacity exhausted
44527	1789132069873	0	75	admit-refused	authority refusal LIMIT_EXCEEDED: aggregate admission capacity exhausted
44530	1789132069877	2	653	admit-refused	authority refusal LIMIT_EXCEEDED: aggregate admission capacity exhausted
44534	1789132069881	1	649	admit-refused	authority refusal LIMIT_EXCEEDED: aggregate admission capacity exhausted
44542	1789132069889	1	610	admit-retried	succeeded after 5 refusals
44543	1789132069889	1	610	admitted	admit=4366ms
44609	1789132069955	1	655	admit-ceiling	LIMIT_EXCEEDED: client unresolved admission ceiling
44644	1789132069990	1	637	admit-retried	succeeded after 4 refusals
44644	1789132069990	1	637	admitted	admit=1876ms
44648	1789132069995	1	658	admit-refused	authority refusal LIMIT_EXCEEDED: aggregate admission capacity exhausted
44689	1789132070035	1	85	admit-ceiling	LIMIT_EXCEEDED: client unresolved admission ceiling
44692	1789132070038	1	544	admit-refused	authority refusal LIMIT_EXCEEDED: aggregate admission capacity exhausted
44775	1789132070121	2	641	admit-retried	succeeded after 3 refusals
44775	1789132070121	2	641	admitted	admit=1673ms
44779	1789132070125	1	661	admit-refused	authority refusal LIMIT_EXCEEDED: aggregate admission capacity exhausted
44819	1789132070165	0	660	admit-retried	succeeded after 2 refusals
44819	1789132070165	0	660	admitted	admit=971ms
44861	1789132070207	2	653	admit-retried	succeeded after 1 refusals
44861	1789132070207	2	653	admitted	admit=381ms
44866	1789132070213	0	663	admit-retried	succeeded after 2 refusals
44866	1789132070213	0	663	admitted	admit=686ms
44871	1789132070218	2	656	admit-refused	authority refusal LIMIT_EXCEEDED: aggregate admission capacity exhausted
44893	1789132070239	0	654	admit-refused	authority refusal LIMIT_EXCEEDED: aggregate admission capacity exhausted
44923	1789132070270	0	633	admit-retried	succeeded after 2 refusals
44923	1789132070270	0	633	admitted	admit=3434ms
44952	1789132070299	0	672	admit-ceiling	LIMIT_EXCEEDED: client unresolved admission ceiling
44962	1789132070308	2	659	admit-refused	authority refusal LIMIT_EXCEEDED: aggregate admission capacity exhausted
44979	1789132070326	1	661	admit-retried	succeeded after 1 refusals
44979	1789132070326	1	661	admitted	admit=335ms
45001	1789132070348	0	645	admit-ceiling	LIMIT_EXCEEDED: client unresolved admission ceiling
45029	1789132070376	1	658	admit-retried	succeeded after 1 refusals
45029	1789132070376	1	658	admitted	admit=486ms
45030	1789132070377	1	376	admit-ceiling	LIMIT_EXCEEDED: client unresolved admission ceiling
45031	1789132070377	1	655	admit-ceiling	LIMIT_EXCEEDED: client unresolved admission ceiling
45040	1789132070386	0	594	admit-refused	authority refusal LIMIT_EXCEEDED: aggregate admission capacity exhausted
45057	1789132070404	2	515	admit-refused	authority refusal LIMIT_EXCEEDED: aggregate admission capacity exhausted
45066	1789132070413	1	664	admit-refused	authority refusal LIMIT_EXCEEDED: aggregate admission capacity exhausted
45091	1789132070437	1	115	admit-retried	succeeded after 13 refusals
45091	1789132070437	1	115	admitted	admit=42480ms
45093	1789132070440	2	656	admit-refused	authority refusal LIMIT_EXCEEDED: aggregate admission capacity exhausted
45115	1789132070461	0	513	admit-refused	authority refusal LIMIT_EXCEEDED: aggregate admission capacity exhausted
45124	1789132070471	1	670	admit-ceiling	LIMIT_EXCEEDED: client unresolved admission ceiling
45150	1789132070497	1	55	admit-refused	authority refusal LIMIT_EXCEEDED: aggregate admission capacity exhausted
45155	1789132070502	1	667	admit-refused	authority refusal LIMIT_EXCEEDED: aggregate admission capacity exhausted
45170	1789132070516	2	659	admit-refused	authority refusal LIMIT_EXCEEDED: aggregate admission capacity exhausted
45174	1789132070520	0	672	admit-refused	authority refusal LIMIT_EXCEEDED: aggregate admission capacity exhausted
45183	1789132070530	2	647	admit-refused	authority refusal LIMIT_EXCEEDED: aggregate admission capacity exhausted
45188	1789132070535	2	632	admit-retried	succeeded after 4 refusals
45188	1789132070535	2	632	admitted	admit=2637ms
45210	1789132070556	1	664	admit-refused	authority refusal LIMIT_EXCEEDED: aggregate admission capacity exhausted
45233	1789132070580	0	666	admit-refused	authority refusal LIMIT_EXCEEDED: aggregate admission capacity exhausted
45261	1789132070607	2	662	admit-refused	authority refusal LIMIT_EXCEEDED: aggregate admission capacity exhausted
45286	1789132070632	1	670	admit-refused	authority refusal LIMIT_EXCEEDED: aggregate admission capacity exhausted
45305	1789132070652	1	667	admit-refused	authority refusal LIMIT_EXCEEDED: aggregate admission capacity exhausted
45474	1789132070820	0	672	admit-retried	succeeded after 2 refusals
45474	1789132070820	0	672	admitted	admit=550ms
45507	1789132070853	1	667	admit-ceiling	LIMIT_EXCEEDED: client unresolved admission ceiling
45561	1789132070908	0	666	admit-refused	authority refusal LIMIT_EXCEEDED: aggregate admission capacity exhausted
45565	1789132070912	1	664	admit-retried	succeeded after 2 refusals
45565	1789132070912	1	664	admitted	admit=585ms
45571	1789132070917	2	659	admit-refused	authority refusal LIMIT_EXCEEDED: aggregate admission capacity exhausted
45574	1789132070921	2	662	admit-retried	succeeded after 1 refusals
45574	1789132070921	2	662	admitted	admit=385ms
45632	1789132070978	1	652	admitted	admit=1918ms
45659	1789132071005	0	675	admit-refused	authority refusal LIMIT_EXCEEDED: aggregate admission capacity exhausted
45661	1789132071008	1	673	admit-refused	authority refusal LIMIT_EXCEEDED: aggregate admission capacity exhausted
45714	1789132071061	1	676	admit-refused	authority refusal LIMIT_EXCEEDED: aggregate admission capacity exhausted
45817	1789132071163	1	676	admit-ceiling	LIMIT_EXCEEDED: client unresolved admission ceiling
45828	1789132071175	2	665	admitted	admit=253ms
45831	1789132071178	0	669	admit-refused	authority refusal LIMIT_EXCEEDED: aggregate admission capacity exhausted
45832	1789132071179	1	655	admit-ceiling	LIMIT_EXCEEDED: client unresolved admission ceiling
45861	1789132071208	1	673	admit-retried	succeeded after 1 refusals
45861	1789132071208	1	673	admitted	admit=295ms
45862	1789132071209	0	675	admit-refused	authority refusal LIMIT_EXCEEDED: aggregate admission capacity exhausted
45888	1789132071234	0	666	admit-refused	authority refusal LIMIT_EXCEEDED: aggregate admission capacity exhausted
45908	1789132071255	1	667	admit-ceiling	LIMIT_EXCEEDED: client unresolved admission ceiling
45953	1789132071300	2	668	admitted	admit=124ms
45954	1789132071301	0	525	admit-refused	authority refusal LIMIT_EXCEEDED: aggregate admission capacity exhausted
45985	1789132071331	0	669	admit-refused	authority refusal LIMIT_EXCEEDED: aggregate admission capacity exhausted
46018	1789132071365	1	676	admit-ceiling	LIMIT_EXCEEDED: client unresolved admission ceiling
46077	1789132071423	0	591	admit-refused	authority refusal LIMIT_EXCEEDED: aggregate admission capacity exhausted
46104	1789132071450	2	629	admit-ceiling	LIMIT_EXCEEDED: client unresolved admission ceiling
46128	1789132071475	2	179	admit-ceiling	LIMIT_EXCEEDED: client unresolved admission ceiling
46141	1789132071488	0	675	admit-retried	succeeded after 2 refusals
46141	1789132071488	0	675	admitted	admit=667ms
46180	1789132071526	2	671	admitted	admit=226ms
46220	1789132071567	0	678	admit-refused	authority refusal LIMIT_EXCEEDED: aggregate admission capacity exhausted
46227	1789132071574	1	460	admit-retried	succeeded after 8 refusals
46227	1789132071574	1	460	admitted	admit=18139ms
46252	1789132071599	2	674	admit-refused	authority refusal LIMIT_EXCEEDED: aggregate admission capacity exhausted
46258	1789132071605	1	649	admit-refused	authority refusal LIMIT_EXCEEDED: aggregate admission capacity exhausted
46266	1789132071613	2	656	admit-refused	authority refusal LIMIT_EXCEEDED: aggregate admission capacity exhausted
46331	1789132071678	0	669	admit-retried	succeeded after 2 refusals
46331	1789132071678	0	669	admitted	admit=1464ms
46355	1789132071702	2	659	admit-retried	succeeded after 3 refusals
46355	1789132071702	2	659	admitted	admit=1494ms
46390	1789132071737	0	666	admit-refused	authority refusal LIMIT_EXCEEDED: aggregate admission capacity exhausted
46411	1789132071758	0	678	admit-refused	authority refusal LIMIT_EXCEEDED: aggregate admission capacity exhausted
46420	1789132071767	1	676	admit-ceiling	LIMIT_EXCEEDED: client unresolved admission ceiling
46430	1789132071777	0	681	admit-refused	authority refusal LIMIT_EXCEEDED: aggregate admission capacity exhausted
46445	1789132071792	2	674	admit-refused	authority refusal LIMIT_EXCEEDED: aggregate admission capacity exhausted
46461	1789132071807	1	649	admit-ceiling	LIMIT_EXCEEDED: client unresolved admission ceiling
46480	1789132071826	2	677	admit-refused	authority refusal LIMIT_EXCEEDED: aggregate admission capacity exhausted
46555	1789132071902	2	80	admit-retried	succeeded after 13 refusals
46555	1789132071902	2	80	admitted	admit=45237ms
46589	1789132071936	1	607	admit-ceiling	LIMIT_EXCEEDED: client unresolved admission ceiling
46599	1789132071945	0	681	admit-refused	authority refusal LIMIT_EXCEEDED: aggregate admission capacity exhausted
46611	1789132071958	0	654	admit-retried	succeeded after 5 refusals
46611	1789132071958	0	654	admitted	admit=3637ms
46627	1789132071974	0	111	admit-refused	authority refusal LIMIT_EXCEEDED: aggregate admission capacity exhausted
46668	1789132072015	2	656	admit-ceiling	LIMIT_EXCEEDED: client unresolved admission ceiling
46671	1789132072018	2	677	admit-refused	authority refusal LIMIT_EXCEEDED: aggregate admission capacity exhausted
46678	1789132072024	2	680	admit-refused	authority refusal LIMIT_EXCEEDED: aggregate admission capacity exhausted
46710	1789132072057	0	420	admit-refused	authority refusal LIMIT_EXCEEDED: aggregate admission capacity exhausted
46710	1789132072057	1	667	admit-ceiling	LIMIT_EXCEEDED: client unresolved admission ceiling
46730	1789132072077	0	684	admit-refused	authority refusal LIMIT_EXCEEDED: aggregate admission capacity exhausted
46743	1789132072090	2	674	admit-retried	succeeded after 2 refusals
46743	1789132072090	2	674	admitted	admit=563ms
46786	1789132072132	0	678	admit-retried	succeeded after 2 refusals
46786	1789132072132	0	678	admitted	admit=643ms
46787	1789132072134	0	645	admit-refused	authority refusal LIMIT_EXCEEDED: aggregate admission capacity exhausted
46837	1789132072183	2	683	admit-refused	authority refusal LIMIT_EXCEEDED: aggregate admission capacity exhausted
46853	1789132072199	2	680	admit-refused	authority refusal LIMIT_EXCEEDED: aggregate admission capacity exhausted
46858	1789132072204	1	682	admitted	admit=630ms
46905	1789132072252	1	679	admitted	admit=1043ms
46927	1789132072274	1	688	admit-ceiling	LIMIT_EXCEEDED: client unresolved admission ceiling
46965	1789132072312	0	684	admit-retried	succeeded after 1 refusals
46965	1789132072312	0	684	admitted	admit=353ms
47041	1789132072387	0	327	admit-refused	authority refusal LIMIT_EXCEEDED: aggregate admission capacity exhausted
47042	1789132072389	1	685	admitted	admit=184ms
47054	1789132072401	0	690	admit-refused	authority refusal LIMIT_EXCEEDED: aggregate admission capacity exhausted
47061	1789132072408	1	649	admit-retried	succeeded after 3 refusals
47061	1789132072408	1	649	admitted	admit=3375ms
47088	1789132072435	0	681	admit-refused	authority refusal LIMIT_EXCEEDED: aggregate admission capacity exhausted
47102	1789132072448	2	683	admit-retried	succeeded after 1 refusals
47102	1789132072448	2	683	admitted	admit=358ms
47113	1789132072460	1	694	admit-ceiling	LIMIT_EXCEEDED: client unresolved admission ceiling
47138	1789132072485	2	680	admit-refused	authority refusal LIMIT_EXCEEDED: aggregate admission capacity exhausted
47169	1789132072515	1	691	admit-refused	authority refusal LIMIT_EXCEEDED: aggregate admission capacity exhausted
47172	1789132072519	1	688	admit-retried	succeeded after 1 refusals
47172	1789132072519	1	688	admitted	admit=266ms
47221	1789132072568	1	676	admit-ceiling	LIMIT_EXCEEDED: client unresolved admission ceiling
47225	1789132072572	2	677	admit-retried	succeeded after 2 refusals
47225	1789132072572	2	677	admitted	admit=869ms
47240	1789132072586	1	670	admit-refused	authority refusal LIMIT_EXCEEDED: aggregate admission capacity exhausted
47292	1789132072638	1	367	admit-ceiling	LIMIT_EXCEEDED: client unresolved admission ceiling
47300	1789132072646	2	647	admit-refused	authority refusal LIMIT_EXCEEDED: aggregate admission capacity exhausted
47305	1789132072651	2	686	admit-refused	authority refusal LIMIT_EXCEEDED: aggregate admission capacity exhausted
47306	1789132072652	0	690	admit-refused	authority refusal LIMIT_EXCEEDED: aggregate admission capacity exhausted
47309	1789132072655	0	666	admit-retried	succeeded after 4 refusals
47309	1789132072655	0	666	admitted	admit=2489ms
47327	1789132072674	2	689	admit-refused	authority refusal LIMIT_EXCEEDED: aggregate admission capacity exhausted
47336	1789132072682	1	691	admit-refused	authority refusal LIMIT_EXCEEDED: aggregate admission capacity exhausted
47344	1789132072691	1	694	admit-retried	succeeded after 1 refusals
47344	1789132072691	1	694	admitted	admit=282ms
47382	1789132072728	0	480	admit-refused	authority refusal LIMIT_EXCEEDED: aggregate admission capacity exhausted
47418	1789132072765	1	700	admit-refused	authority refusal LIMIT_EXCEEDED: aggregate admission capacity exhausted
47443	1789132072789	1	604	admit-refused	authority refusal LIMIT_EXCEEDED: aggregate admission capacity exhausted
47461	1789132072808	1	697	admit-refused	authority refusal LIMIT_EXCEEDED: aggregate admission capacity exhausted
47479	1789132072826	0	693	admit-refused	authority refusal LIMIT_EXCEEDED: aggregate admission capacity exhausted
47482	1789132072829	2	686	admit-retried	succeeded after 1 refusals
47482	1789132072829	2	686	admitted	admit=380ms
47484	1789132072831	1	655	admit-refused	authority refusal LIMIT_EXCEEDED: aggregate admission capacity exhausted
47487	1789132072834	2	689	admit-refused	authority refusal LIMIT_EXCEEDED: aggregate admission capacity exhausted
47581	1789132072927	0	687	admitted	admit=794ms
47611	1789132072957	2	692	admit-refused	authority refusal LIMIT_EXCEEDED: aggregate admission capacity exhausted
47628	1789132072974	2	680	admit-refused	authority refusal LIMIT_EXCEEDED: aggregate admission capacity exhausted
47639	1789132072985	2	656	admit-refused	authority refusal LIMIT_EXCEEDED: aggregate admission capacity exhausted
47648	1789132072994	1	373	admit-ceiling	LIMIT_EXCEEDED: client unresolved admission ceiling
47654	1789132073001	0	690	admit-retried	succeeded after 2 refusals
47654	1789132073001	0	690	admitted	admit=688ms
47667	1789132073014	0	696	admit-refused	authority refusal LIMIT_EXCEEDED: aggregate admission capacity exhausted
47671	1789132073017	0	693	admit-refused	authority refusal LIMIT_EXCEEDED: aggregate admission capacity exhausted
47684	1789132073031	1	700	admit-refused	authority refusal LIMIT_EXCEEDED: aggregate admission capacity exhausted
47746	1789132073093	0	681	admit-refused	authority refusal LIMIT_EXCEEDED: aggregate admission capacity exhausted
47754	1789132073100	1	691	admit-refused	authority refusal LIMIT_EXCEEDED: aggregate admission capacity exhausted
47758	1789132073105	0	483	admit-refused	authority refusal LIMIT_EXCEEDED: aggregate admission capacity exhausted
47778	1789132073124	0	699	admit-refused	authority refusal LIMIT_EXCEEDED: aggregate admission capacity exhausted
47797	1789132073144	0	627	admit-refused	authority refusal LIMIT_EXCEEDED: aggregate admission capacity exhausted
47803	1789132073150	2	689	admit-retried	succeeded after 2 refusals
47803	1789132073150	2	689	admitted	admit=578ms
47823	1789132073169	1	670	admit-refused	authority refusal LIMIT_EXCEEDED: aggregate admission capacity exhausted
47834	1789132073180	2	200	admit-refused	authority refusal LIMIT_EXCEEDED: aggregate admission capacity exhausted
47895	1789132073241	0	696	admit-refused	authority refusal LIMIT_EXCEEDED: aggregate admission capacity exhausted
47946	1789132073292	2	695	admitted	admit=141ms
47948	1789132073294	2	545	admit-refused	authority refusal LIMIT_EXCEEDED: aggregate admission capacity exhausted
47990	1789132073336	0	693	admit-retried	succeeded after 2 refusals
47990	1789132073336	0	693	admitted	admit=680ms
48002	1789132073349	0	699	admit-refused	authority refusal LIMIT_EXCEEDED: aggregate admission capacity exhausted
48026	1789132073373	1	544	admit-refused	authority refusal LIMIT_EXCEEDED: aggregate admission capacity exhausted
48065	1789132073411	2	698	admit-refused	authority refusal LIMIT_EXCEEDED: aggregate admission capacity exhausted
48073	1789132073419	1	697	admit-refused	authority refusal LIMIT_EXCEEDED: aggregate admission capacity exhausted
48079	1789132073425	0	702	admit-refused	authority refusal LIMIT_EXCEEDED: aggregate admission capacity exhausted
48201	1789132073548	0	696	admit-retried	succeeded after 2 refusals
48201	1789132073548	0	696	admitted	admit=620ms
48275	1789132073622	1	691	admit-retried	succeeded after 3 refusals
48275	1789132073622	1	691	admitted	admit=1214ms
48297	1789132073643	2	698	admit-retried	succeeded after 1 refusals
48297	1789132073643	2	698	admitted	admit=350ms
48324	1789132073670	0	699	admit-refused	authority refusal LIMIT_EXCEEDED: aggregate admission capacity exhausted
48341	1789132073687	0	702	admit-refused	authority refusal LIMIT_EXCEEDED: aggregate admission capacity exhausted
48355	1789132073701	1	697	admit-refused	authority refusal LIMIT_EXCEEDED: aggregate admission capacity exhausted
48369	1789132073716	2	701	admit-refused	authority refusal LIMIT_EXCEEDED: aggregate admission capacity exhausted
48388	1789132073735	0	705	admit-refused	authority refusal LIMIT_EXCEEDED: aggregate admission capacity exhausted
48417	1789132073764	2	692	admit-refused	authority refusal LIMIT_EXCEEDED: aggregate admission capacity exhausted
48430	1789132073777	1	667	admit-refused	authority refusal LIMIT_EXCEEDED: aggregate admission capacity exhausted
48471	1789132073817	1	703	admit-refused	authority refusal LIMIT_EXCEEDED: aggregate admission capacity exhausted
48527	1789132073873	2	701	admit-refused	authority refusal LIMIT_EXCEEDED: aggregate admission capacity exhausted
48528	1789132073875	2	560	admit-retried	succeeded after 7 refusals
48528	1789132073875	2	560	admitted	admit=12669ms
48605	1789132073951	0	705	admit-refused	authority refusal LIMIT_EXCEEDED: aggregate admission capacity exhausted
48611	1789132073958	2	680	admit-refused	authority refusal LIMIT_EXCEEDED: aggregate admission capacity exhausted
48647	1789132073994	2	704	admit-refused	authority refusal LIMIT_EXCEEDED: aggregate admission capacity exhausted
48697	1789132074044	0	702	admit-refused	authority refusal LIMIT_EXCEEDED: aggregate admission capacity exhausted
48709	1789132074055	2	692	admit-retried	succeeded after 2 refusals
48709	1789132074055	2	692	admitted	admit=1225ms
48720	1789132074066	1	703	admit-retried	succeeded after 1 refusals
48720	1789132074066	1	703	admitted	admit=443ms
48823	1789132074170	1	676	admit-ceiling	LIMIT_EXCEEDED: client unresolved admission ceiling
48846	1789132074193	2	704	admit-refused	authority refusal LIMIT_EXCEEDED: aggregate admission capacity exhausted
48862	1789132074209	2	707	admit-refused	authority refusal LIMIT_EXCEEDED: aggregate admission capacity exhausted
48875	1789132074221	0	705	admit-refused	authority refusal LIMIT_EXCEEDED: aggregate admission capacity exhausted
48885	1789132074231	2	497	admit-refused	authority refusal LIMIT_EXCEEDED: aggregate admission capacity exhausted
48886	1789132074232	0	681	admit-retried	succeeded after 4 refusals
48886	1789132074232	0	681	admitted	admit=2554ms
48928	1789132074274	2	701	admit-refused	authority refusal LIMIT_EXCEEDED: aggregate admission capacity exhausted
48942	1789132074289	1	697	admit-retried	succeeded after 3 refusals
48942	1789132074289	1	697	admitted	admit=1769ms
48953	1789132074299	0	708	admit-refused	authority refusal LIMIT_EXCEEDED: aggregate admission capacity exhausted
48994	1789132074340	2	647	admit-retried	succeeded after 5 refusals
48994	1789132074340	2	647	admitted	admit=5038ms
49046	1789132074393	1	706	admitted	admit=326ms
49051	1789132074397	1	709	admit-refused	authority refusal LIMIT_EXCEEDED: aggregate admission capacity exhausted
49053	1789132074400	2	707	admit-refused	authority refusal LIMIT_EXCEEDED: aggregate admission capacity exhausted
49122	1789132074469	1	712	admit-refused	authority refusal LIMIT_EXCEEDED: aggregate admission capacity exhausted
49162	1789132074509	1	700	admit-refused	authority refusal LIMIT_EXCEEDED: aggregate admission capacity exhausted
49191	1789132074538	2	443	admit-retried	succeeded after 9 refusals
49191	1789132074538	2	443	admitted	admit=22768ms
49202	1789132074548	1	709	admit-refused	authority refusal LIMIT_EXCEEDED: aggregate admission capacity exhausted
49231	1789132074578	0	702	admit-retried	succeeded after 3 refusals
49231	1789132074578	0	702	admitted	admit=1240ms
49260	1789132074606	2	704	admit-retried	succeeded after 2 refusals
49260	1789132074606	2	704	admitted	admit=731ms
49260	1789132074607	2	431	admit-refused	authority refusal LIMIT_EXCEEDED: aggregate admission capacity exhausted
49262	1789132074608	2	707	admit-ceiling	LIMIT_EXCEEDED: client unresolved admission ceiling
49304	1789132074651	2	716	admit-ceiling	LIMIT_EXCEEDED: client unresolved admission ceiling
49305	1789132074652	2	629	admit-ceiling	LIMIT_EXCEEDED: client unresolved admission ceiling
49315	1789132074662	2	710	admit-refused	authority refusal LIMIT_EXCEEDED: aggregate admission capacity exhausted
49318	1789132074665	1	712	admit-refused	authority refusal LIMIT_EXCEEDED: aggregate admission capacity exhausted
49325	1789132074672	2	713	admit-refused	authority refusal LIMIT_EXCEEDED: aggregate admission capacity exhausted
49341	1789132074687	0	699	admit-refused	authority refusal LIMIT_EXCEEDED: aggregate admission capacity exhausted
49348	1789132074694	1	580	admit-refused	authority refusal LIMIT_EXCEEDED: aggregate admission capacity exhausted
49352	1789132074699	2	656	admit-refused	authority refusal LIMIT_EXCEEDED: aggregate admission capacity exhausted
49381	1789132074728	2	701	admit-refused	authority refusal LIMIT_EXCEEDED: aggregate admission capacity exhausted
49427	1789132074774	2	713	admit-ceiling	LIMIT_EXCEEDED: client unresolved admission ceiling
49438	1789132074784	0	705	admit-refused	authority refusal LIMIT_EXCEEDED: aggregate admission capacity exhausted
49448	1789132074794	1	709	admit-refused	authority refusal LIMIT_EXCEEDED: aggregate admission capacity exhausted
49459	1789132074806	2	512	admit-refused	authority refusal LIMIT_EXCEEDED: aggregate admission capacity exhausted
49478	1789132074824	2	716	admit-refused	authority refusal LIMIT_EXCEEDED: aggregate admission capacity exhausted
49494	1789132074841	2	284	admit-refused	authority refusal LIMIT_EXCEEDED: aggregate admission capacity exhausted
49541	1789132074888	2	710	admit-refused	authority refusal LIMIT_EXCEEDED: aggregate admission capacity exhausted
49586	1789132074933	1	712	admit-retried	succeeded after 2 refusals
49586	1789132074933	1	712	admitted	admit=539ms
49617	1789132074964	1	700	admit-refused	authority refusal LIMIT_EXCEEDED: aggregate admission capacity exhausted
49626	1789132074972	0	75	admit-retried	succeeded after 14 refusals
49626	1789132074972	0	75	admitted	admit=48332ms
49665	1789132075011	1	715	admit-refused	authority refusal LIMIT_EXCEEDED: aggregate admission capacity exhausted
49731	1789132075078	1	670	admit-refused	authority refusal LIMIT_EXCEEDED: aggregate admission capacity exhausted
49752	1789132075099	1	85	admit-refused	authority refusal LIMIT_EXCEEDED: aggregate admission capacity exhausted
49762	1789132075109	2	707	admit-refused	authority refusal LIMIT_EXCEEDED: aggregate admission capacity exhausted
49764	1789132075111	2	713	admit-retried	succeeded after 2 refusals
49764	1789132075111	2	713	admitted	admit=572ms
49777	1789132075124	2	716	admit-refused	authority refusal LIMIT_EXCEEDED: aggregate admission capacity exhausted
49792	1789132075139	0	714	admitted	admit=166ms
49855	1789132075202	1	715	admit-retried	succeeded after 1 refusals
49855	1789132075202	1	715	admitted	admit=268ms
49912	1789132075259	0	717	admitted	admit=119ms
49922	1789132075269	1	709	admit-refused	authority refusal LIMIT_EXCEEDED: aggregate admission capacity exhausted
49926	1789132075272	2	719	admit-refused	authority refusal LIMIT_EXCEEDED: aggregate admission capacity exhausted
49945	1789132075292	1	718	admit-refused	authority refusal LIMIT_EXCEEDED: aggregate admission capacity exhausted
49982	1789132075329	0	708	admit-retried	succeeded after 1 refusals
49982	1789132075329	0	708	admitted	admit=1096ms
50043	1789132075389	0	594	admit-ceiling	LIMIT_EXCEEDED: client unresolved admission ceiling
50116	1789132075462	0	513	admit-ceiling	LIMIT_EXCEEDED: client unresolved admission ceiling
50130	1789132075477	0	645	admit-refused	authority refusal LIMIT_EXCEEDED: aggregate admission capacity exhausted
50132	1789132075478	1	718	admit-refused	authority refusal LIMIT_EXCEEDED: aggregate admission capacity exhausted
50136	1789132075482	0	720	admit-refused	authority refusal LIMIT_EXCEEDED: aggregate admission capacity exhausted
50138	1789132075484	1	376	admit-retried	succeeded after 10 refusals
50138	1789132075484	0	723	admitted	admit=155ms
50138	1789132075484	1	376	admitted	admit=29288ms
50183	1789132075529	2	701	admit-ceiling	LIMIT_EXCEEDED: client unresolved admission ceiling
50213	1789132075560	2	680	admit-ceiling	LIMIT_EXCEEDED: client unresolved admission ceiling
50239	1789132075586	0	705	admit-ceiling	LIMIT_EXCEEDED: client unresolved admission ceiling
50368	1789132075715	2	719	admit-refused	authority refusal LIMIT_EXCEEDED: aggregate admission capacity exhausted
50377	1789132075723	0	726	admitted	admit=238ms
50378	1789132075725	0	720	admit-refused	authority refusal LIMIT_EXCEEDED: aggregate admission capacity exhausted
50449	1789132075796	1	718	admit-retried	succeeded after 2 refusals
50449	1789132075796	1	718	admitted	admit=593ms
50496	1789132075842	1	721	admitted	admit=357ms
50526	1789132075873	0	729	admit-refused	authority refusal LIMIT_EXCEEDED: aggregate admission capacity exhausted
50527	1789132075873	0	711	admitted	admit=1295ms
50570	1789132075916	2	719	admit-ceiling	LIMIT_EXCEEDED: client unresolved admission ceiling
50577	1789132075923	1	727	admit-refused	authority refusal LIMIT_EXCEEDED: aggregate admission capacity exhausted
50660	1789132076006	2	707	admit-retried	succeeded after 4 refusals
50660	1789132076006	0	732	admitted	admit=132ms
50660	1789132076006	2	707	admitted	admit=1950ms
50675	1789132076021	1	700	admit-refused	authority refusal LIMIT_EXCEEDED: aggregate admission capacity exhausted
50700	1789132076046	1	724	admitted	admit=250ms
50728	1789132076075	1	709	admit-ceiling	LIMIT_EXCEEDED: client unresolved admission ceiling
50787	1789132076133	2	722	admitted	admit=126ms
50787	1789132076133	0	735	admitted	admit=126ms
50796	1789132076142	1	55	admit-refused	authority refusal LIMIT_EXCEEDED: aggregate admission capacity exhausted
50838	1789132076185	1	655	admit-refused	authority refusal LIMIT_EXCEEDED: aggregate admission capacity exhausted
50887	1789132076233	0	738	admit-refused	authority refusal LIMIT_EXCEEDED: aggregate admission capacity exhausted
50888	1789132076234	2	725	admitted	admit=100ms
50928	1789132076275	1	730	admit-refused	authority refusal LIMIT_EXCEEDED: aggregate admission capacity exhausted
50937	1789132076283	0	729	admit-retried	succeeded after 1 refusals
50937	1789132076283	0	729	admitted	admit=559ms
50971	1789132076318	2	719	admit-ceiling	LIMIT_EXCEEDED: client unresolved admission ceiling
50988	1789132076335	0	738	admit-ceiling	LIMIT_EXCEEDED: client unresolved admission ceiling
50989	1789132076336	2	728	admit-refused	authority refusal LIMIT_EXCEEDED: aggregate admission capacity exhausted
51041	1789132076388	2	710	admit-retried	succeeded after 2 refusals
51041	1789132076388	2	710	admitted	admit=2047ms
51092	1789132076439	0	525	admit-retried	succeeded after 8 refusals
51092	1789132076439	0	525	admitted	admit=17177ms
51119	1789132076465	0	744	admit-ceiling	LIMIT_EXCEEDED: client unresolved admission ceiling
51125	1789132076472	2	731	admit-refused	authority refusal LIMIT_EXCEEDED: aggregate admission capacity exhausted
51137	1789132076483	0	741	admit-refused	authority refusal LIMIT_EXCEEDED: aggregate admission capacity exhausted
51145	1789132076492	2	728	admit-refused	authority refusal LIMIT_EXCEEDED: aggregate admission capacity exhausted
51163	1789132076510	1	730	admit-retried	succeeded after 1 refusals
51163	1789132076510	1	730	admitted	admit=462ms
51201	1789132076548	2	179	admit-refused	authority refusal LIMIT_EXCEEDED: aggregate admission capacity exhausted
51221	1789132076568	0	744	admit-ceiling	LIMIT_EXCEEDED: client unresolved admission ceiling
51238	1789132076585	0	741	admit-ceiling	LIMIT_EXCEEDED: client unresolved admission ceiling
51276	1789132076622	0	738	admit-retried	succeeded after 2 refusals
51276	1789132076622	0	738	admitted	admit=488ms
51286	1789132076633	1	733	admitted	admit=122ms
51313	1789132076659	2	731	admit-retried	succeeded after 1 refusals
51313	1789132076659	2	731	admitted	admit=271ms
51379	1789132076725	0	747	admitted	admit=102ms
51380	1789132076727	2	515	admit-refused	authority refusal LIMIT_EXCEEDED: aggregate admission capacity exhausted
51423	1789132076770	0	744	admit-ceiling	LIMIT_EXCEEDED: client unresolved admission ceiling
51440	1789132076786	0	741	admit-ceiling	LIMIT_EXCEEDED: client unresolved admission ceiling
51462	1789132076809	2	728	admit-retried	succeeded after 2 refusals
51462	1789132076809	2	728	admitted	admit=574ms
51462	1789132076809	0	750	admit-refused	authority refusal LIMIT_EXCEEDED: aggregate admission capacity exhausted
51592	1789132076939	2	737	admitted	admit=129ms
51597	1789132076944	0	591	admit-retried	succeeded after 7 refusals
51597	1789132076944	0	591	admitted	admit=14036ms
51621	1789132076968	1	670	admit-retried	succeeded after 5 refusals
51621	1789132076968	1	670	admitted	admit=6529ms
51629	1789132076976	0	111	admit-ceiling	LIMIT_EXCEEDED: client unresolved admission ceiling
51645	1789132076992	1	667	admit-ceiling	LIMIT_EXCEEDED: client unresolved admission ceiling
51655	1789132077002	0	750	admit-refused	authority refusal LIMIT_EXCEEDED: aggregate admission capacity exhausted
51686	1789132077033	2	740	admit-refused	authority refusal LIMIT_EXCEEDED: aggregate admission capacity exhausted
51704	1789132077050	0	753	admitted	admit=105ms
51728	1789132077074	1	739	admitted	admit=106ms
51786	1789132077133	0	699	admit-refused	authority refusal LIMIT_EXCEEDED: aggregate admission capacity exhausted
51788	1789132077134	2	740	admit-ceiling	LIMIT_EXCEEDED: client unresolved admission ceiling
51835	1789132077181	1	742	admitted	admit=106ms
51842	1789132077188	0	741	admit-ceiling	LIMIT_EXCEEDED: client unresolved admission ceiling
51842	1789132077188	0	705	admit-ceiling	LIMIT_EXCEEDED: client unresolved admission ceiling
51857	1789132077204	0	750	admit-ceiling	LIMIT_EXCEEDED: client unresolved admission ceiling
51874	1789132077221	0	420	admit-refused	authority refusal LIMIT_EXCEEDED: aggregate admission capacity exhausted
51878	1789132077225	2	719	admit-retried	succeeded after 4 refusals
51878	1789132077225	2	719	admitted	admit=2113ms
51899	1789132077246	0	756	admit-refused	authority refusal LIMIT_EXCEEDED: aggregate admission capacity exhausted
51914	1789132077260	0	744	admit-refused	authority refusal LIMIT_EXCEEDED: aggregate admission capacity exhausted
51971	1789132077317	1	745	admitted	admit=135ms
51997	1789132077343	2	743	admitted	admit=118ms
52032	1789132077378	2	746	admit-ceiling	LIMIT_EXCEEDED: client unresolved admission ceiling
52045	1789132077391	1	736	admitted	admit=758ms
52053	1789132077400	1	727	admit-refused	authority refusal LIMIT_EXCEEDED: aggregate admission capacity exhausted
52120	1789132077467	1	748	admit-refused	authority refusal LIMIT_EXCEEDED: aggregate admission capacity exhausted
52133	1789132077480	2	746	admit-ceiling	LIMIT_EXCEEDED: client unresolved admission ceiling
52143	1789132077490	0	327	admit-retried	succeeded after 11 refusals
52143	1789132077490	0	327	admitted	admit=33676ms
52147	1789132077493	1	751	admit-refused	authority refusal LIMIT_EXCEEDED: aggregate admission capacity exhausted
52168	1789132077515	1	676	admit-refused	authority refusal LIMIT_EXCEEDED: aggregate admission capacity exhausted
52260	1789132077607	0	759	admitted	admit=116ms
52276	1789132077622	1	700	admit-ceiling	LIMIT_EXCEEDED: client unresolved admission ceiling
52292	1789132077639	1	367	admit-ceiling	LIMIT_EXCEEDED: client unresolved admission ceiling
52330	1789132077676	1	709	admit-ceiling	LIMIT_EXCEEDED: client unresolved admission ceiling
52335	1789132077681	2	746	admit-ceiling	LIMIT_EXCEEDED: client unresolved admission ceiling
52353	1789132077699	1	727	admit-refused	authority refusal LIMIT_EXCEEDED: aggregate admission capacity exhausted
52353	1789132077700	1	748	admit-retried	succeeded after 1 refusals
52353	1789132077700	1	748	admitted	admit=382ms
52383	1789132077729	0	480	admit-ceiling	LIMIT_EXCEEDED: client unresolved admission ceiling
52413	1789132077759	1	751	admit-refused	authority refusal LIMIT_EXCEEDED: aggregate admission capacity exhausted
52414	1789132077761	2	701	admit-retried	succeeded after 5 refusals
52414	1789132077761	2	701	admitted	admit=4117ms
52451	1789132077798	1	754	admit-refused	authority refusal LIMIT_EXCEEDED: aggregate admission capacity exhausted
52490	1789132077836	0	762	admitted	admit=228ms
52531	1789132077877	0	756	admit-retried	succeeded after 1 refusals
52531	1789132077877	0	756	admitted	admit=826ms
52544	1789132077890	2	740	admit-retried	succeeded after 2 refusals
52544	1789132077890	2	740	admitted	admit=951ms
52554	1789132077900	1	604	admit-refused	authority refusal LIMIT_EXCEEDED: aggregate admission capacity exhausted
52557	1789132077904	2	656	admit-ceiling	LIMIT_EXCEEDED: client unresolved admission ceiling
52568	1789132077915	2	749	admit-refused	authority refusal LIMIT_EXCEEDED: aggregate admission capacity exhausted
52594	1789132077940	0	765	admitted	admit=103ms
52652	1789132077998	2	752	admitted	admit=107ms
52736	1789132078082	2	746	admit-ceiling	LIMIT_EXCEEDED: client unresolved admission ceiling
52745	1789132078092	2	755	admit-refused	authority refusal LIMIT_EXCEEDED: aggregate admission capacity exhausted
52754	1789132078100	1	373	admit-retried	succeeded after 11 refusals
52754	1789132078100	1	373	admitted	admit=32043ms
52760	1789132078106	0	483	admit-ceiling	LIMIT_EXCEEDED: client unresolved admission ceiling
52762	1789132078109	1	754	admit-refused	authority refusal LIMIT_EXCEEDED: aggregate admission capacity exhausted
52767	1789132078114	2	749	admit-refused	authority refusal LIMIT_EXCEEDED: aggregate admission capacity exhausted
52799	1789132078146	0	627	admit-ceiling	LIMIT_EXCEEDED: client unresolved admission ceiling
52829	1789132078176	1	727	admit-retried	succeeded after 3 refusals
52829	1789132078176	1	727	admitted	admit=2333ms
52829	1789132078176	0	744	admit-refused	authority refusal LIMIT_EXCEEDED: aggregate admission capacity exhausted
52883	1789132078229	0	741	admit-refused	authority refusal LIMIT_EXCEEDED: aggregate admission capacity exhausted
52915	1789132078262	1	757	admit-refused	authority refusal LIMIT_EXCEEDED: aggregate admission capacity exhausted
52927	1789132078274	2	200	admit-retried	succeeded after 13 refusals
52927	1789132078274	2	200	admitted	admit=43783ms
52931	1789132078277	1	760	admit-refused	authority refusal LIMIT_EXCEEDED: aggregate admission capacity exhausted
52949	1789132078296	2	545	admit-ceiling	LIMIT_EXCEEDED: client unresolved admission ceiling
52969	1789132078315	2	749	admit-ceiling	LIMIT_EXCEEDED: client unresolved admission ceiling
52994	1789132078340	2	758	admit-refused	authority refusal LIMIT_EXCEEDED: aggregate admission capacity exhausted
52995	1789132078341	2	755	admit-retried	succeeded after 1 refusals
52995	1789132078341	2	755	admitted	admit=342ms
53001	1789132078347	0	720	admit-refused	authority refusal LIMIT_EXCEEDED: aggregate admission capacity exhausted
53003	1789132078350	1	751	admit-refused	authority refusal LIMIT_EXCEEDED: aggregate admission capacity exhausted
53032	1789132078379	1	760	admit-ceiling	LIMIT_EXCEEDED: client unresolved admission ceiling
53033	1789132078380	1	754	admit-refused	authority refusal LIMIT_EXCEEDED: aggregate admission capacity exhausted
53131	1789132078478	1	757	admit-refused	authority refusal LIMIT_EXCEEDED: aggregate admission capacity exhausted
53135	1789132078481	2	761	admit-refused	authority refusal LIMIT_EXCEEDED: aggregate admission capacity exhausted
53163	1789132078510	1	544	admit-refused	authority refusal LIMIT_EXCEEDED: aggregate admission capacity exhausted
53191	1789132078538	2	758	admit-retried	succeeded after 1 refusals
53191	1789132078538	2	758	admitted	admit=264ms
53299	1789132078646	2	764	admit-refused	authority refusal LIMIT_EXCEEDED: aggregate admission capacity exhausted
53306	1789132078653	1	760	admit-refused	authority refusal LIMIT_EXCEEDED: aggregate admission capacity exhausted
53342	1789132078689	2	761	admit-refused	authority refusal LIMIT_EXCEEDED: aggregate admission capacity exhausted
53415	1789132078761	2	680	admit-ceiling	LIMIT_EXCEEDED: client unresolved admission ceiling
53415	1789132078762	1	757	admit-refused	authority refusal LIMIT_EXCEEDED: aggregate admission capacity exhausted
53434	1789132078781	2	749	admit-refused	authority refusal LIMIT_EXCEEDED: aggregate admission capacity exhausted
53448	1789132078795	2	764	admit-refused	authority refusal LIMIT_EXCEEDED: aggregate admission capacity exhausted
53460	1789132078807	0	750	admit-refused	authority refusal LIMIT_EXCEEDED: aggregate admission capacity exhausted
53473	1789132078820	1	751	admit-refused	authority refusal LIMIT_EXCEEDED: aggregate admission capacity exhausted
53477	1789132078824	0	699	admit-refused	authority refusal LIMIT_EXCEEDED: aggregate admission capacity exhausted
53500	1789132078847	0	720	admit-refused	authority refusal LIMIT_EXCEEDED: aggregate admission capacity exhausted
53513	1789132078860	1	754	admit-refused	authority refusal LIMIT_EXCEEDED: aggregate admission capacity exhausted
53583	1789132078930	2	734	admit-refused	authority refusal LIMIT_EXCEEDED: aggregate admission capacity exhausted
53601	1789132078947	2	746	admit-refused	authority refusal LIMIT_EXCEEDED: aggregate admission capacity exhausted
53648	1789132078995	2	761	admit-refused	authority refusal LIMIT_EXCEEDED: aggregate admission capacity exhausted
53715	1789132079061	2	764	admit-refused	authority refusal LIMIT_EXCEEDED: aggregate admission capacity exhausted
53740	1789132079087	2	734	admit-refused	authority refusal LIMIT_EXCEEDED: aggregate admission capacity exhausted
53836	1789132079182	1	607	admit-retried	succeeded after 7 refusals
53836	1789132079182	1	607	admitted	admit=14023ms
53895	1789132079242	1	757	admit-retried	succeeded after 3 refusals
53895	1789132079242	1	757	admitted	admit=1140ms
53926	1789132079272	1	763	admit-refused	authority refusal LIMIT_EXCEEDED: aggregate admission capacity exhausted
53961	1789132079307	1	766	admit-refused	authority refusal LIMIT_EXCEEDED: aggregate admission capacity exhausted
53996	1789132079343	2	497	admit-retried	succeeded after 9 refusals
53996	1789132079343	2	497	admitted	admit=24543ms
54025	1789132079372	2	734	admit-retried	succeeded after 2 refusals
54025	1789132079372	2	734	admitted	admit=2712ms
54085	1789132079432	2	767	admit-refused	authority refusal LIMIT_EXCEEDED: aggregate admission capacity exhausted
54102	1789132079449	2	761	admit-refused	authority refusal LIMIT_EXCEEDED: aggregate admission capacity exhausted
54139	1789132079486	1	763	admit-retried	succeeded after 1 refusals
54140	1789132079486	1	763	admitted	admit=303ms
54151	1789132079498	1	766	admit-refused	authority refusal LIMIT_EXCEEDED: aggregate admission capacity exhausted
54179	1789132079526	2	716	admit-refused	authority refusal LIMIT_EXCEEDED: aggregate admission capacity exhausted
54207	1789132079553	2	764	admit-refused	authority refusal LIMIT_EXCEEDED: aggregate admission capacity exhausted
54230	1789132079577	2	767	admit-refused	authority refusal LIMIT_EXCEEDED: aggregate admission capacity exhausted
54353	1789132079699	1	766	admit-ceiling	LIMIT_EXCEEDED: client unresolved admission ceiling
54354	1789132079700	2	431	admit-refused	authority refusal LIMIT_EXCEEDED: aggregate admission capacity exhausted
54361	1789132079707	0	750	admit-retried	succeeded after 4 refusals
54361	1789132079707	0	750	admitted	admit=2981ms
54366	1789132079712	2	749	admit-retried	succeeded after 4 refusals
54366	1789132079712	2	749	admitted	admit=1951ms
54373	1789132079720	2	629	admit-refused	authority refusal LIMIT_EXCEEDED: aggregate admission capacity exhausted
54381	1789132079728	0	720	admit-retried	succeeded after 4 refusals
54381	1789132079728	0	720	admitted	admit=4468ms
54408	1789132079754	1	754	admit-retried	succeeded after 4 refusals
54408	1789132079754	1	754	admitted	admit=2054ms
54420	1789132079767	1	580	admit-refused	authority refusal LIMIT_EXCEEDED: aggregate admission capacity exhausted
54486	1789132079833	2	767	admit-refused	authority refusal LIMIT_EXCEEDED: aggregate admission capacity exhausted
54533	1789132079879	2	512	admit-refused	authority refusal LIMIT_EXCEEDED: aggregate admission capacity exhausted
54541	1789132079887	0	744	admit-retried	succeeded after 5 refusals
54541	1789132079887	0	744	admitted	admit=3447ms
54556	1789132079903	2	284	admit-refused	authority refusal LIMIT_EXCEEDED: aggregate admission capacity exhausted
54569	1789132079915	0	741	admit-retried	succeeded after 5 refusals
54569	1789132079915	0	741	admitted	admit=3632ms
54708	1789132080054	1	760	admit-retried	succeeded after 3 refusals
54708	1789132080054	1	760	admitted	admit=1878ms
54880	1789132080227	1	766	admit-retried	succeeded after 3 refusals
54880	1789132080227	1	766	admitted	admit=984ms
55000	1789132080346	1	85	admit-retried	succeeded after 15 refusals
55000	1789132080346	1	85	admitted	admit=53564ms
55095	1789132080442	2	761	admit-retried	succeeded after 4 refusals
55095	1789132080442	2	761	admitted	admit=2100ms
55116	1789132080462	2	767	admit-retried	succeeded after 3 refusals
55116	1789132080462	2	767	admitted	admit=1119ms
55139	1789132080485	2	764	admit-retried	succeeded after 4 refusals
55139	1789132080485	2	764	admitted	admit=1947ms
55141	1789132080488	0	705	admit-retried	succeeded after 6 refusals
55141	1789132080488	0	705	admitted	admit=6939ms
55172	1789132080519	0	594	admit-retried	succeeded after 8 refusals
55172	1789132080519	0	594	admitted	admit=17257ms
55182	1789132080529	2	716	admit-retried	succeeded after 4 refusals
55182	1789132080529	2	716	admitted	admit=5921ms
55228	1789132080575	0	513	admit-retried	succeeded after 9 refusals
55229	1789132080575	0	513	admitted	admit=22560ms
55279	1789132080626	2	746	admit-retried	succeeded after 5 refusals
55279	1789132080626	2	746	admitted	admit=3281ms
55407	1789132080754	0	645	admit-retried	succeeded after 7 refusals
55407	1789132080754	0	645	admitted	admit=13270ms
55482	1789132080829	1	751	admit-retried	succeeded after 4 refusals
55482	1789132080829	1	751	admitted	admit=3437ms
55659	1789132081005	1	700	admit-retried	succeeded after 6 refusals
55659	1789132081005	1	700	admitted	admit=8313ms
55684	1789132081030	1	709	admit-retried	succeeded after 6 refusals
55684	1789132081030	1	709	admitted	admit=6741ms
55902	1789132081248	1	55	admit-retried	succeeded after 15 refusals
55902	1789132081248	1	55	admitted	admit=54467ms
55930	1789132081276	1	655	admit-retried	succeeded after 7 refusals
55930	1789132081276	1	655	admitted	admit=11728ms
56289	1789132081635	2	179	admit-retried	succeeded after 14 refusals
56289	1789132081635	2	179	admitted	admit=48556ms
56492	1789132081838	2	515	admit-retried	succeeded after 9 refusals
56492	1789132081838	2	515	admitted	admit=24158ms
56739	1789132082086	1	667	admit-retried	succeeded after 7 refusals
56739	1789132082086	1	667	admitted	admit=11709ms
56742	1789132082089	0	111	admit-retried	succeeded after 15 refusals
56742	1789132082089	0	111	admitted	admit=54255ms
56774	1789132082121	0	699	admit-retried	succeeded after 6 refusals
56774	1789132082121	0	699	admitted	admit=9119ms
57045	1789132082391	0	420	admit-retried	succeeded after 11 refusals
57045	1789132082391	0	420	admitted	admit=32798ms
57335	1789132082682	1	676	admit-retried	succeeded after 7 refusals
57335	1789132082682	1	676	admitted	admit=11702ms
57462	1789132082808	0	480	admit-retried	succeeded after 10 refusals
57462	1789132082808	0	480	admitted	admit=27908ms
57617	1789132082963	1	367	admit-retried	succeeded after 12 refusals
57617	1789132082963	1	367	admitted	admit=37280ms
57649	1789132082995	1	604	admit-retried	succeeded after 8 refusals
57649	1789132082996	1	604	admitted	admit=18193ms
57679	1789132083026	2	656	admit-retried	succeeded after 7 refusals
57679	1789132083026	2	656	admitted	admit=12904ms
57853	1789132083199	0	483	admit-retried	succeeded after 10 refusals
57853	1789132083199	0	483	admitted	admit=28225ms
57870	1789132083216	0	627	admit-retried	succeeded after 8 refusals
57870	1789132083216	0	627	admitted	admit=16848ms
57870	1789132083217	0	3	admit-refused	authority refusal LIMIT_EXCEEDED: metadata concurrency exhausted
57870	1789132083217	0	0	admit-refused	authority refusal LIMIT_EXCEEDED: metadata concurrency exhausted
57870	1789132083217	0	6	admit-refused	authority refusal LIMIT_EXCEEDED: metadata concurrency exhausted
57870	1789132083217	0	42	admit-refused	authority refusal LIMIT_EXCEEDED: metadata concurrency exhausted
57870	1789132083217	0	9	admit-refused	authority refusal LIMIT_EXCEEDED: metadata concurrency exhausted
57870	1789132083217	0	30	admit-refused	authority refusal LIMIT_EXCEEDED: metadata concurrency exhausted
57871	1789132083217	0	39	admit-refused	authority refusal LIMIT_EXCEEDED: metadata concurrency exhausted
57871	1789132083217	0	15	admit-refused	authority refusal LIMIT_EXCEEDED: metadata concurrency exhausted
57871	1789132083217	0	33	admit-refused	authority refusal LIMIT_EXCEEDED: metadata concurrency exhausted
57871	1789132083217	0	21	admit-refused	authority refusal LIMIT_EXCEEDED: metadata concurrency exhausted
57871	1789132083217	0	18	admit-refused	authority refusal LIMIT_EXCEEDED: metadata concurrency exhausted
57871	1789132083217	0	36	admit-refused	authority refusal LIMIT_EXCEEDED: metadata concurrency exhausted
57885	1789132083232	0	24	succeeded	attempt 1 watch=15ms
57911	1789132083257	0	45	succeeded	attempt 1 watch=41ms
57931	1789132083278	0	27	succeeded	attempt 1 watch=61ms
57948	1789132083295	0	12	succeeded	attempt 1 watch=78ms
57971	1789132083318	0	33	admit-refused	authority refusal LIMIT_EXCEEDED: metadata concurrency exhausted
57972	1789132083318	0	6	admit-refused	authority refusal LIMIT_EXCEEDED: metadata concurrency exhausted
57972	1789132083318	0	9	admit-refused	authority refusal LIMIT_EXCEEDED: metadata concurrency exhausted
57972	1789132083318	0	42	admit-refused	authority refusal LIMIT_EXCEEDED: metadata concurrency exhausted
57972	1789132083318	0	21	admit-refused	authority refusal LIMIT_EXCEEDED: metadata concurrency exhausted
57972	1789132083318	0	15	admit-refused	authority refusal LIMIT_EXCEEDED: metadata concurrency exhausted
57972	1789132083318	0	18	admit-refused	authority refusal LIMIT_EXCEEDED: metadata concurrency exhausted
57972	1789132083318	0	39	admit-refused	authority refusal LIMIT_EXCEEDED: metadata concurrency exhausted
58056	1789132083403	2	545	admit-retried	succeeded after 9 refusals
58056	1789132083403	2	545	admitted	admit=23218ms
58059	1789132083405	0	3	succeeded	attempt 1 watch=188ms
58072	1789132083418	0	36	succeeded	attempt 1 watch=201ms
58087	1789132083434	0	30	succeeded	attempt 1 watch=217ms
58111	1789132083457	0	0	succeeded	attempt 1 watch=240ms
58173	1789132083519	0	39	admit-refused	authority refusal LIMIT_EXCEEDED: metadata concurrency exhausted
58173	1789132083519	0	9	admit-refused	authority refusal LIMIT_EXCEEDED: metadata concurrency exhausted
58173	1789132083519	0	6	admit-refused	authority refusal LIMIT_EXCEEDED: metadata concurrency exhausted
58173	1789132083519	0	21	admit-refused	authority refusal LIMIT_EXCEEDED: metadata concurrency exhausted
58196	1789132083542	0	3	admit-refused	stalled read ordinal 3
58196	1789132083542	0	36	admit-refused	stalled read ordinal 36
58210	1789132083557	0	15	succeeded	attempt 1 watch=340ms
58218	1789132083564	0	24	first-usable-output	
58218	1789132083564	0	24	chunk-verified	fetch=332ms
58230	1789132083577	0	42	succeeded	attempt 1 watch=360ms
58243	1789132083590	0	45	chunk-verified	fetch=332ms
58251	1789132083597	1	544	admit-retried	succeeded after 8 refusals
58251	1789132083597	1	544	admitted	admit=23831ms
58254	1789132083600	0	33	succeeded	attempt 1 watch=383ms
58261	1789132083608	0	27	chunk-verified	fetch=330ms
58279	1789132083626	0	18	succeeded	attempt 1 watch=409ms
58309	1789132083656	0	30	chunk-verified	fetch=221ms
58317	1789132083663	0	48	succeeded	attempt 1 watch=98ms
58337	1789132083684	0	0	chunk-verified	fetch=226ms
58350	1789132083697	0	51	succeeded	attempt 1 watch=106ms
58392	1789132083738	0	54	succeeded	attempt 1 watch=130ms
58413	1789132083760	0	57	succeeded	attempt 1 watch=103ms
58428	1789132083775	0	15	chunk-verified	fetch=217ms
58449	1789132083796	0	60	succeeded	attempt 1 watch=111ms
58463	1789132083809	0	42	chunk-verified	fetch=232ms
58476	1789132083823	0	36	admit-refused	stalled read ordinal 36
58491	1789132083837	0	33	chunk-verified	fetch=237ms
58501	1789132083848	0	18	chunk-verified	fetch=221ms
58504	1789132083850	2	680	admit-retried	succeeded after 7 refusals
58504	1789132083850	2	680	admitted	admit=11948ms
58527	1789132083874	0	63	succeeded	attempt 1 watch=98ms
58527	1789132083874	0	3	chunk-verified	fetch=468ms
58550	1789132083896	0	48	chunk-verified	fetch=232ms
58563	1789132083909	0	66	succeeded	attempt 1 watch=100ms
58591	1789132083938	0	69	succeeded	attempt 1 watch=100ms
58591	1789132083938	0	51	chunk-verified	fetch=241ms
58604	1789132083951	0	72	succeeded	attempt 1 watch=103ms
58617	1789132083964	0	57	chunk-verified	fetch=204ms
58619	1789132083966	0	75	succeeded	attempt 1 watch=92ms
58641	1789132083988	0	78	succeeded	attempt 1 watch=91ms
58658	1789132084004	0	60	chunk-verified	fetch=208ms
58663	1789132084010	0	54	chunk-verified	fetch=271ms
58679	1789132084026	0	6	succeeded	attempt 1 watch=809ms
58695	1789132084042	0	9	succeeded	attempt 1 watch=825ms
58704	1789132084050	0	39	succeeded	attempt 1 watch=833ms
58725	1789132084072	0	21	succeeded	attempt 1 watch=855ms
58739	1789132084085	0	81	succeeded	attempt 1 watch=147ms
58792	1789132084139	0	12	chunk-verified	fetch=844ms
58806	1789132084153	0	84	succeeded	attempt 1 watch=189ms
58850	1789132084197	0	63	chunk-verified	fetch=323ms
58863	1789132084210	0	87	succeeded	attempt 1 watch=205ms
58884	1789132084231	0	90	succeeded	attempt 1 watch=221ms
58909	1789132084255	0	66	chunk-verified	fetch=346ms
58970	1789132084316	0	93	succeeded	attempt 1 watch=177ms
58982	1789132084328	0	69	chunk-verified	fetch=390ms
59006	1789132084352	0	72	chunk-verified	fetch=401ms
59016	1789132084363	0	96	succeeded	attempt 1 watch=165ms
59027	1789132084374	0	75	chunk-verified	fetch=407ms
59038	1789132084385	0	36	chunk-verified	fetch=966ms
59043	1789132084390	0	99	succeeded	attempt 1 watch=134ms
59044	1789132084391	0	21	admit-refused	stalled read ordinal 21
59045	1789132084391	0	81	admit-refused	stalled read ordinal 81
59054	1789132084400	0	6	chunk-verified	fetch=374ms
59070	1789132084417	0	9	chunk-verified	fetch=374ms
59075	1789132084422	0	102	succeeded	attempt 1 watch=93ms
59092	1789132084439	0	39	chunk-verified	fetch=388ms
59095	1789132084442	0	105	succeeded	attempt 1 watch=89ms
59104	1789132084450	0	84	chunk-verified	fetch=297ms
59117	1789132084464	0	87	chunk-verified	fetch=254ms
59130	1789132084476	0	108	succeeded	attempt 1 watch=102ms
59144	1789132084490	0	111	succeeded	attempt 1 watch=105ms
59157	1789132084504	0	90	chunk-verified	fetch=272ms
59170	1789132084517	0	114	succeeded	attempt 1 watch=116ms
59197	1789132084543	0	78	chunk-verified	fetch=555ms
59199	1789132084546	0	117	succeeded	attempt 1 watch=129ms
59207	1789132084554	0	93	chunk-verified	fetch=237ms
59228	1789132084575	0	120	succeeded	attempt 1 watch=135ms
59252	1789132084599	0	123	succeeded	attempt 1 watch=148ms
59269	1789132084615	0	126	succeeded	attempt 1 watch=151ms
59297	1789132084644	0	96	chunk-verified	fetch=281ms
59312	1789132084658	0	129	succeeded	attempt 1 watch=154ms
59352	1789132084698	0	99	chunk-verified	fetch=308ms
59357	1789132084704	0	132	succeeded	attempt 1 watch=160ms
59401	1789132084748	0	135	succeeded	attempt 1 watch=193ms
59434	1789132084781	0	102	chunk-verified	fetch=359ms
59462	1789132084809	2	431	admit-retried	succeeded after 11 refusals
59462	1789132084809	2	431	admitted	admit=33969ms
59467	1789132084814	0	105	chunk-verified	fetch=372ms
59481	1789132084827	0	138	succeeded	attempt 1 watch=183ms
59499	1789132084846	0	108	chunk-verified	fetch=369ms
59515	1789132084861	0	111	chunk-verified	fetch=371ms
59517	1789132084864	2	629	admit-retried	succeeded after 8 refusals
59517	1789132084864	2	629	admitted	admit=17040ms
59520	1789132084867	1	580	admit-retried	succeeded after 9 refusals
59520	1789132084867	1	580	admitted	admit=21908ms
59520	1789132084867	1	19	admit-refused	authority refusal LIMIT_EXCEEDED: metadata concurrency exhausted
59520	1789132084867	1	34	admit-refused	authority refusal LIMIT_EXCEEDED: metadata concurrency exhausted
59520	1789132084867	1	46	admit-refused	authority refusal LIMIT_EXCEEDED: metadata concurrency exhausted
59520	1789132084867	1	7	admit-refused	authority refusal LIMIT_EXCEEDED: metadata concurrency exhausted
59520	1789132084867	1	22	admit-refused	authority refusal LIMIT_EXCEEDED: metadata concurrency exhausted
59520	1789132084867	1	28	admit-refused	authority refusal LIMIT_EXCEEDED: metadata concurrency exhausted
59521	1789132084867	1	40	admit-refused	authority refusal LIMIT_EXCEEDED: metadata concurrency exhausted
59521	1789132084867	1	10	admit-refused	authority refusal LIMIT_EXCEEDED: metadata concurrency exhausted
59521	1789132084867	1	37	admit-refused	authority refusal LIMIT_EXCEEDED: metadata concurrency exhausted
59521	1789132084867	1	43	admit-refused	authority refusal LIMIT_EXCEEDED: metadata concurrency exhausted
59521	1789132084867	1	31	admit-refused	authority refusal LIMIT_EXCEEDED: metadata concurrency exhausted
59521	1789132084867	1	4	admit-refused	authority refusal LIMIT_EXCEEDED: metadata concurrency exhausted
59548	1789132084895	0	81	chunk-verified	fetch=809ms
59555	1789132084902	1	1	succeeded	attempt 1 watch=34ms
59564	1789132084911	0	114	chunk-verified	fetch=393ms
59584	1789132084931	0	141	succeeded	attempt 1 watch=232ms
59589	1789132084936	1	13	succeeded	attempt 1 watch=69ms
59607	1789132084954	0	21	chunk-verified	fetch=881ms
59617	1789132084964	0	117	chunk-verified	fetch=417ms
59620	1789132084967	1	25	succeeded	attempt 1 watch=99ms
59622	1789132084968	1	34	admit-refused	authority refusal LIMIT_EXCEEDED: metadata concurrency exhausted
59622	1789132084968	1	22	admit-refused	authority refusal LIMIT_EXCEEDED: metadata concurrency exhausted
59622	1789132084969	1	46	admit-refused	authority refusal LIMIT_EXCEEDED: metadata concurrency exhausted
59622	1789132084969	1	28	admit-refused	authority refusal LIMIT_EXCEEDED: metadata concurrency exhausted
59622	1789132084969	1	37	admit-refused	authority refusal LIMIT_EXCEEDED: metadata concurrency exhausted
59622	1789132084969	1	7	admit-refused	authority refusal LIMIT_EXCEEDED: metadata concurrency exhausted
59622	1789132084969	1	10	admit-refused	authority refusal LIMIT_EXCEEDED: metadata concurrency exhausted
59622	1789132084969	1	43	admit-refused	authority refusal LIMIT_EXCEEDED: metadata concurrency exhausted
59640	1789132084987	0	144	succeeded	attempt 1 watch=205ms
59643	1789132084989	1	16	succeeded	attempt 1 watch=122ms
59655	1789132085002	2	512	admit-retried	succeeded after 10 refusals
59655	1789132085002	2	512	admitted	admit=27464ms
59656	1789132085002	0	120	chunk-verified	fetch=427ms
59669	1789132085015	0	147	succeeded	attempt 1 watch=201ms
59716	1789132085063	0	123	chunk-verified	fetch=464ms
59716	1789132085063	0	150	succeeded	attempt 1 watch=217ms
59740	1789132085086	1	31	succeeded	attempt 1 watch=219ms
59745	1789132085091	0	153	succeeded	attempt 1 watch=229ms
59750	1789132085096	0	126	chunk-verified	fetch=481ms
59763	1789132085109	1	4	succeeded	attempt 1 watch=242ms
59770	1789132085117	0	156	succeeded	attempt 1 watch=222ms
59773	1789132085119	0	129	chunk-verified	fetch=461ms
59788	1789132085135	1	40	succeeded	attempt 1 watch=268ms
59793	1789132085140	0	159	succeeded	attempt 1 watch=228ms
59808	1789132085155	0	132	chunk-verified	fetch=450ms
59824	1789132085171	1	22	admit-refused	authority refusal LIMIT_EXCEEDED: metadata concurrency exhausted
59824	1789132085171	1	37	admit-refused	authority refusal LIMIT_EXCEEDED: metadata concurrency exhausted
59824	1789132085171	1	46	admit-refused	authority refusal LIMIT_EXCEEDED: metadata concurrency exhausted
59824	1789132085171	1	10	admit-refused	authority refusal LIMIT_EXCEEDED: metadata concurrency exhausted
59826	1789132085172	1	19	succeeded	attempt 1 watch=305ms
59846	1789132085193	0	162	succeeded	attempt 1 watch=238ms
59873	1789132085219	0	165	succeeded	attempt 1 watch=255ms
59893	1789132085240	0	135	chunk-verified	fetch=492ms
59896	1789132085242	1	1	first-usable-output	
59896	1789132085242	1	1	chunk-verified	fetch=340ms
59901	1789132085248	2	284	admit-retried	succeeded after 13 refusals
59901	1789132085248	2	284	admitted	admit=44212ms
59901	1789132085248	2	20	admit-refused	authority refusal LIMIT_EXCEEDED: metadata concurrency exhausted
59901	1789132085248	2	23	admit-refused	authority refusal LIMIT_EXCEEDED: metadata concurrency exhausted
59901	1789132085248	2	35	admit-refused	authority refusal LIMIT_EXCEEDED: metadata concurrency exhausted
59902	1789132085248	2	29	admit-refused	authority refusal LIMIT_EXCEEDED: metadata concurrency exhausted
59902	1789132085248	2	8	admit-refused	authority refusal LIMIT_EXCEEDED: metadata concurrency exhausted
59902	1789132085248	2	32	admit-refused	authority refusal LIMIT_EXCEEDED: metadata concurrency exhausted
59902	1789132085248	2	26	admit-refused	authority refusal LIMIT_EXCEEDED: metadata concurrency exhausted
59902	1789132085248	2	41	admit-refused	authority refusal LIMIT_EXCEEDED: metadata concurrency exhausted
59902	1789132085248	2	38	admit-refused	authority refusal LIMIT_EXCEEDED: metadata concurrency exhausted
59902	1789132085248	2	44	admit-refused	authority refusal LIMIT_EXCEEDED: metadata concurrency exhausted
59902	1789132085248	2	14	admit-refused	authority refusal LIMIT_EXCEEDED: metadata concurrency exhausted
59902	1789132085248	2	11	admit-refused	authority refusal LIMIT_EXCEEDED: metadata concurrency exhausted
59923	1789132085270	2	5	succeeded	attempt 1 watch=21ms
59926	1789132085273	1	13	chunk-verified	fetch=336ms
59929	1789132085275	0	168	succeeded	attempt 1 watch=272ms
59953	1789132085300	1	43	succeeded	attempt 1 watch=433ms
59956	1789132085302	1	25	chunk-verified	fetch=335ms
59958	1789132085305	2	2	succeeded	attempt 1 watch=57ms
59981	1789132085328	2	17	succeeded	attempt 1 watch=79ms
59984	1789132085330	1	34	succeeded	attempt 1 watch=463ms
59992	1789132085338	0	171	succeeded	attempt 1 watch=275ms
60002	1789132085349	2	8	admit-refused	authority refusal LIMIT_EXCEEDED: metadata concurrency exhausted
60002	1789132085349	2	29	admit-refused	authority refusal LIMIT_EXCEEDED: metadata concurrency exhausted
60002	1789132085349	2	35	admit-refused	authority refusal LIMIT_EXCEEDED: metadata concurrency exhausted
60003	1789132085350	2	14	admit-refused	authority refusal LIMIT_EXCEEDED: metadata concurrency exhausted
60016	1789132085363	2	47	succeeded	attempt 1 watch=114ms
60029	1789132085375	1	7	succeeded	attempt 1 watch=508ms
60029	1789132085375	0	138	chunk-verified	fetch=548ms
60055	1789132085401	1	28	succeeded	attempt 1 watch=534ms
60085	1789132085431	0	174	succeeded	attempt 1 watch=334ms
60102	1789132085449	1	49	succeeded	attempt 1 watch=206ms
60117	1789132085463	0	177	succeeded	attempt 1 watch=344ms
60132	1789132085479	1	16	chunk-verified	fetch=489ms
60142	1789132085489	2	26	succeeded	attempt 1 watch=241ms
60142	1789132085489	1	4	chunk-verified	fetch=379ms
60142	1789132085489	1	52	succeeded	attempt 1 watch=216ms
60163	1789132085509	1	31	chunk-verified	fetch=423ms
60176	1789132085522	2	20	succeeded	attempt 1 watch=274ms
60193	1789132085540	1	40	chunk-verified	fetch=405ms
60203	1789132085550	2	23	succeeded	attempt 1 watch=302ms
60206	1789132085552	0	180	succeeded	attempt 1 watch=397ms
60206	1789132085553	1	55	succeeded	attempt 1 watch=250ms
60235	1789132085582	2	32	succeeded	attempt 1 watch=334ms
60246	1789132085592	0	141	chunk-verified	fetch=661ms
60269	1789132085616	2	11	succeeded	attempt 1 watch=367ms
60282	1789132085628	0	183	succeeded	attempt 1 watch=388ms
60295	1789132085641	2	44	succeeded	attempt 1 watch=393ms
60313	1789132085659	1	19	chunk-verified	fetch=486ms
60322	1789132085669	2	41	succeeded	attempt 1 watch=421ms
60322	1789132085669	1	58	succeeded	attempt 1 watch=190ms
60337	1789132085684	0	144	chunk-verified	fetch=697ms
60343	1789132085689	0	186	succeeded	attempt 1 watch=313ms
60345	1789132085692	2	38	succeeded	attempt 1 watch=443ms
60366	1789132085712	0	147	chunk-verified	fetch=697ms
60369	1789132085715	1	61	succeeded	attempt 1 watch=226ms
60386	1789132085733	0	150	chunk-verified	fetch=669ms
60404	1789132085750	1	64	succeeded	attempt 1 watch=240ms
60422	1789132085768	2	2	first-usable-output	
60422	1789132085768	2	2	chunk-verified	fetch=463ms
60429	1789132085776	0	153	chunk-verified	fetch=684ms
60432	1789132085778	1	67	succeeded	attempt 1 watch=238ms
60447	1789132085794	0	156	chunk-verified	fetch=676ms
60452	1789132085799	1	43	chunk-verified	fetch=499ms
60464	1789132085811	2	5	chunk-verified	fetch=541ms
60467	1789132085813	0	162	chunk-verified	fetch=620ms
60469	1789132085816	0	189	succeeded	attempt 1 watch=223ms
60469	1789132085816	2	35	succeeded	attempt 1 watch=568ms
60490	1789132085836	1	37	succeeded	attempt 1 watch=969ms
60495	1789132085841	2	17	chunk-verified	fetch=513ms
60500	1789132085846	0	159	chunk-verified	fetch=706ms
60507	1789132085853	2	29	succeeded	attempt 1 watch=605ms
60517	1789132085863	0	165	chunk-verified	fetch=643ms
60519	1789132085866	1	46	succeeded	attempt 1 watch=999ms
60540	1789132085887	0	192	succeeded	attempt 1 watch=202ms
60543	1789132085889	0	168	chunk-verified	fetch=613ms
60545	1789132085892	2	8	succeeded	attempt 1 watch=643ms
60553	1789132085900	1	10	succeeded	attempt 1 watch=1032ms
60581	1789132085928	1	22	succeeded	attempt 1 watch=1061ms
60597	1789132085943	0	171	chunk-verified	fetch=605ms
60602	1789132085948	2	14	succeeded	attempt 1 watch=700ms
60604	1789132085951	0	195	succeeded	attempt 1 watch=238ms
60619	1789132085965	1	70	succeeded	attempt 1 watch=306ms
60627	1789132085973	1	34	chunk-verified	fetch=642ms
60629	1789132085976	0	198	succeeded	attempt 1 watch=243ms
60651	1789132085998	0	174	chunk-verified	fetch=566ms
60654	1789132086000	1	7	chunk-verified	fetch=624ms
60666	1789132086013	0	201	succeeded	attempt 1 watch=237ms
60669	1789132086015	0	177	chunk-verified	fetch=552ms
60677	1789132086023	1	28	chunk-verified	fetch=621ms
60692	1789132086039	1	49	chunk-verified	fetch=589ms
60697	1789132086044	0	204	succeeded	attempt 1 watch=250ms
60703	1789132086049	0	180	chunk-verified	fetch=496ms
60723	1789132086069	0	207	succeeded	attempt 1 watch=255ms
60737	1789132086084	1	52	chunk-verified	fetch=594ms
60773	1789132086119	1	73	succeeded	attempt 1 watch=320ms
60791	1789132086137	0	210	succeeded	attempt 1 watch=291ms
60793	1789132086140	2	50	succeeded	attempt 1 watch=371ms
60816	1789132086163	2	47	chunk-verified	fetch=800ms
60829	1789132086176	2	53	succeeded	attempt 1 watch=365ms
60829	1789132086176	0	213	succeeded	attempt 1 watch=312ms
60832	1789132086179	1	55	chunk-verified	fetch=626ms
60842	1789132086189	2	20	chunk-verified	fetch=666ms
60850	1789132086197	0	183	chunk-verified	fetch=568ms
60884	1789132086231	2	56	succeeded	attempt 1 watch=389ms
60892	1789132086239	0	216	succeeded	attempt 1 watch=349ms
60915	1789132086262	0	219	succeeded	attempt 1 watch=318ms
60929	1789132086276	1	76	succeeded	attempt 1 watch=302ms
60932	1789132086278	0	186	chunk-verified	fetch=589ms
60956	1789132086302	1	79	succeeded	attempt 1 watch=302ms
60966	1789132086313	1	58	chunk-verified	fetch=643ms
60974	1789132086320	2	26	chunk-verified	fetch=831ms
60978	1789132086324	2	41	admit-refused	stalled read ordinal 41
60978	1789132086324	2	38	admit-refused	stalled read ordinal 38
60996	1789132086343	1	82	succeeded	attempt 1 watch=319ms
61006	1789132086353	0	222	succeeded	attempt 1 watch=355ms
61013	1789132086359	2	32	chunk-verified	fetch=777ms
61018	1789132086364	1	61	chunk-verified	fetch=649ms
61020	1789132086367	1	85	succeeded	attempt 1 watch=328ms
61023	1789132086369	2	44	chunk-verified	fetch=727ms
61047	1789132086394	2	59	succeeded	attempt 1 watch=230ms
61047	1789132086394	2	11	chunk-verified	fetch=778ms
61053	1789132086399	1	88	succeeded	attempt 1 watch=315ms
61060	1789132086407	2	23	chunk-verified	fetch=856ms
61063	1789132086409	0	225	succeeded	attempt 1 watch=393ms
61073	1789132086420	1	67	chunk-verified	fetch=641ms
61107	1789132086453	2	62	succeeded	attempt 1 watch=264ms
61110	1789132086456	1	64	chunk-verified	fetch=705ms
61118	1789132086465	1	91	succeeded	attempt 1 watch=286ms
61119	1789132086466	1	70	admit-refused	stalled read ordinal 70
61121	1789132086468	0	228	succeeded	attempt 1 watch=418ms
61140	1789132086486	1	37	chunk-verified	fetch=649ms
61156	1789132086503	1	46	chunk-verified	fetch=637ms
61161	1789132086508	2	35	chunk-verified	fetch=691ms
61171	1789132086518	2	65	succeeded	attempt 1 watch=197ms
61176	1789132086523	1	10	chunk-verified	fetch=623ms
61179	1789132086526	2	29	chunk-verified	fetch=672ms
61191	1789132086538	2	68	succeeded	attempt 1 watch=178ms
61202	1789132086548	0	189	chunk-verified	fetch=732ms
61210	1789132086556	1	94	succeeded	attempt 1 watch=243ms
61212	1789132086559	1	22	chunk-verified	fetch=631ms
61214	1789132086561	2	8	chunk-verified	fetch=669ms
61225	1789132086571	2	50	chunk-verified	fetch=431ms
61233	1789132086579	2	71	succeeded	attempt 1 watch=209ms
61237	1789132086584	0	231	succeeded	attempt 1 watch=386ms
61248	1789132086595	2	14	chunk-verified	fetch=646ms
61266	1789132086612	2	74	succeeded	attempt 1 watch=218ms
61283	1789132086630	0	192	chunk-verified	fetch=743ms
61307	1789132086653	1	97	succeeded	attempt 1 watch=288ms
61315	1789132086661	0	234	succeeded	attempt 1 watch=382ms
61327	1789132086674	2	77	succeeded	attempt 1 watch=267ms
61375	1789132086721	0	195	chunk-verified	fetch=770ms
61380	1789132086727	2	53	chunk-verified	fetch=550ms
61385	1789132086732	1	100	succeeded	attempt 1 watch=312ms
61393	1789132086740	0	201	chunk-verified	fetch=727ms
61399	1789132086746	2	56	chunk-verified	fetch=514ms
61407	1789132086753	2	80	succeeded	attempt 1 watch=245ms
61418	1789132086764	0	213	admit-refused	stalled read ordinal 213
61421	1789132086768	1	103	succeeded	attempt 1 watch=311ms
61434	1789132086780	1	73	chunk-verified	fetch=660ms
61436	1789132086783	0	204	chunk-verified	fetch=738ms
61444	1789132086790	0	237	succeeded	attempt 1 watch=242ms
61459	1789132086805	0	207	chunk-verified	fetch=735ms
61471	1789132086818	2	83	succeeded	attempt 1 watch=292ms
61486	1789132086833	0	198	chunk-verified	fetch=857ms
61492	1789132086838	1	106	succeeded	attempt 1 watch=351ms
61510	1789132086857	0	210	chunk-verified	fetch=719ms
61526	1789132086873	1	109	succeeded	attempt 1 watch=370ms
61526	1789132086873	0	240	succeeded	attempt 1 watch=242ms
61529	1789132086875	0	216	chunk-verified	fetch=636ms
61544	1789132086890	1	76	chunk-verified	fetch=614ms
61554	1789132086900	2	86	succeeded	attempt 1 watch=339ms
61556	1789132086903	1	112	succeeded	attempt 1 watch=379ms
61564	1789132086910	0	219	chunk-verified	fetch=648ms
61579	1789132086925	2	89	succeeded	attempt 1 watch=353ms
61603	1789132086950	0	243	succeeded	attempt 1 watch=228ms
61603	1789132086950	0	222	chunk-verified	fetch=597ms
61616	1789132086963	1	115	succeeded	attempt 1 watch=403ms
61621	1789132086968	1	79	chunk-verified	fetch=665ms
61634	1789132086981	0	246	succeeded	attempt 1 watch=240ms
61644	1789132086991	0	225	chunk-verified	fetch=581ms
61660	1789132087006	1	82	chunk-verified	fetch=663ms
61670	1789132087016	0	228	chunk-verified	fetch=548ms
61670	1789132087017	0	249	succeeded	attempt 1 watch=233ms
61675	1789132087021	2	92	succeeded	attempt 1 watch=426ms
61688	1789132087034	1	88	chunk-verified	fetch=634ms
61723	1789132087069	2	59	chunk-verified	fetch=675ms
61742	1789132087089	1	118	succeeded	attempt 1 watch=308ms
61742	1789132087089	1	85	chunk-verified	fetch=721ms
61745	1789132087091	2	95	succeeded	attempt 1 watch=364ms
61750	1789132087096	0	252	succeeded	attempt 1 watch=290ms
61752	1789132087098	2	41	chunk-verified	fetch=1429ms
61773	1789132087119	2	38	chunk-verified	fetch=1427ms
61778	1789132087124	0	255	succeeded	attempt 1 watch=291ms
61794	1789132087140	2	62	chunk-verified	fetch=686ms
61801	1789132087148	0	231	chunk-verified	fetch=563ms
61801	1789132087148	1	91	chunk-verified	fetch=683ms
61809	1789132087155	0	258	succeeded	attempt 1 watch=298ms
61814	1789132087160	2	98	succeeded	attempt 1 watch=414ms
61834	1789132087181	1	121	succeeded	attempt 1 watch=290ms
61848	1789132087194	2	65	chunk-verified	fetch=676ms
61872	1789132087219	0	261	succeeded	attempt 1 watch=343ms
61887	1789132087234	2	68	chunk-verified	fetch=695ms
61900	1789132087246	0	264	succeeded	attempt 1 watch=336ms
61900	1789132087247	1	94	chunk-verified	fetch=690ms
61929	1789132087275	1	124	succeeded	attempt 1 watch=307ms
61935	1789132087282	0	267	succeeded	attempt 1 watch=331ms
61935	1789132087282	1	70	chunk-verified	fetch=1316ms
61945	1789132087291	0	234	chunk-verified	fetch=630ms
61950	1789132087296	2	71	chunk-verified	fetch=717ms
61964	1789132087311	1	127	succeeded	attempt 1 watch=304ms
61967	1789132087314	2	101	succeeded	attempt 1 watch=244ms
61969	1789132087316	2	77	chunk-verified	fetch=642ms
61987	1789132087333	1	97	chunk-verified	fetch=680ms
61996	1789132087343	1	130	succeeded	attempt 1 watch=308ms
61999	1789132087346	2	74	chunk-verified	fetch=733ms
62018	1789132087365	1	100	chunk-verified	fetch=632ms
62024	1789132087370	1	133	succeeded	attempt 1 watch=281ms
62026	1789132087373	2	104	succeeded	attempt 1 watch=274ms
62029	1789132087375	0	270	succeeded	attempt 1 watch=384ms
62041	1789132087388	1	103	chunk-verified	fetch=620ms
62054	1789132087401	2	107	succeeded	attempt 1 watch=281ms
62059	1789132087406	0	273	succeeded	attempt 1 watch=389ms
62077	1789132087423	1	136	succeeded	attempt 1 watch=275ms
62082	1789132087429	2	110	succeeded	attempt 1 watch=288ms
62095	1789132087442	2	80	chunk-verified	fetch=688ms
62132	1789132087478	1	106	chunk-verified	fetch=640ms
62135	1789132087481	0	237	chunk-verified	fetch=690ms
62140	1789132087486	1	139	succeeded	attempt 1 watch=239ms
62145	1789132087491	2	113	succeeded	attempt 1 watch=296ms
62158	1789132087504	2	83	chunk-verified	fetch=686ms
62158	1789132087504	1	109	chunk-verified	fetch=631ms
62166	1789132087513	0	276	succeeded	attempt 1 watch=364ms
62169	1789132087515	1	112	chunk-verified	fetch=612ms
62171	1789132087517	1	142	succeeded	attempt 1 watch=235ms
62181	1789132087528	2	116	succeeded	attempt 1 watch=293ms
62181	1789132087528	2	86	chunk-verified	fetch=627ms
62202	1789132087548	1	115	chunk-verified	fetch=585ms
62209	1789132087556	2	119	succeeded	attempt 1 watch=259ms
62220	1789132087566	2	89	chunk-verified	fetch=641ms
62222	1789132087569	0	213	chunk-verified	fetch=1392ms
62238	1789132087584	2	92	chunk-verified	fetch=562ms
62243	1789132087589	0	240	chunk-verified	fetch=716ms
62266	1789132087612	2	122	succeeded	attempt 1 watch=296ms
62276	1789132087622	1	145	succeeded	attempt 1 watch=288ms
62298	1789132087645	2	125	succeeded	attempt 1 watch=299ms
62306	1789132087653	2	95	chunk-verified	fetch=561ms
62317	1789132087663	0	279	succeeded	attempt 1 watch=371ms
62332	1789132087678	1	148	succeeded	attempt 1 watch=313ms
62355	1789132087701	0	243	chunk-verified	fetch=751ms
62383	1789132087729	1	151	succeeded	attempt 1 watch=341ms
62405	1789132087752	0	282	succeeded	attempt 1 watch=270ms
62410	1789132087757	2	128	succeeded	attempt 1 watch=315ms
62410	1789132087757	0	246	chunk-verified	fetch=776ms
62433	1789132087780	1	118	chunk-verified	fetch=690ms
62443	1789132087790	0	249	chunk-verified	fetch=773ms
62448	1789132087795	1	154	succeeded	attempt 1 watch=316ms
62461	1789132087808	1	121	chunk-verified	fetch=627ms
62467	1789132087813	0	255	chunk-verified	fetch=688ms
62467	1789132087813	2	98	chunk-verified	fetch=652ms
62474	1789132087821	0	258	chunk-verified	fetch=665ms
62479	1789132087826	0	285	succeeded	attempt 1 watch=257ms
62482	1789132087828	2	131	succeeded	attempt 1 watch=324ms
62500	1789132087846	0	288	succeeded	attempt 1 watch=256ms
62505	1789132087851	1	157	succeeded	attempt 1 watch=346ms
62510	1789132087856	0	252	chunk-verified	fetch=759ms
62530	1789132087876	2	134	succeeded	attempt 1 watch=348ms
62530	1789132087876	0	261	chunk-verified	fetch=657ms
62535	1789132087881	1	160	succeeded	attempt 1 watch=366ms
62545	1789132087892	0	264	chunk-verified	fetch=645ms
62557	1789132087904	0	291	succeeded	attempt 1 watch=202ms
62560	1789132087906	0	270	chunk-verified	fetch=531ms
62588	1789132087935	1	163	succeeded	attempt 1 watch=386ms
62591	1789132087937	0	267	chunk-verified	fetch=655ms
62596	1789132087943	2	137	succeeded	attempt 1 watch=376ms
62619	1789132087966	1	124	chunk-verified	fetch=690ms
62622	1789132087968	0	273	chunk-verified	fetch=562ms
62629	1789132087976	2	140	succeeded	attempt 1 watch=391ms
62637	1789132087984	0	294	succeeded	attempt 1 watch=226ms
62653	1789132087999	2	101	chunk-verified	fetch=685ms
62666	1789132088012	1	127	chunk-verified	fetch=701ms
62679	1789132088025	0	297	succeeded	attempt 1 watch=235ms
62686	1789132088033	0	276	chunk-verified	fetch=519ms
62696	1789132088043	1	130	chunk-verified	fetch=699ms
62717	1789132088063	0	300	succeeded	attempt 1 watch=250ms
62717	1789132088063	1	166	succeeded	attempt 1 watch=283ms
62719	1789132088066	1	133	chunk-verified	fetch=695ms
62724	1789132088071	2	143	succeeded	attempt 1 watch=418ms
62744	1789132088091	2	104	chunk-verified	fetch=718ms
62752	1789132088099	0	303	succeeded	attempt 1 watch=277ms
62755	1789132088101	1	136	chunk-verified	fetch=677ms
62760	1789132088107	2	107	chunk-verified	fetch=705ms
62775	1789132088122	1	169	succeeded	attempt 1 watch=313ms
62780	1789132088127	2	146	succeeded	attempt 1 watch=313ms
62793	1789132088139	2	113	chunk-verified	fetch=648ms
62815	1789132088162	1	139	chunk-verified	fetch=675ms
62828	1789132088175	2	110	chunk-verified	fetch=746ms
62831	1789132088177	0	306	succeeded	attempt 1 watch=321ms
62851	1789132088198	2	116	chunk-verified	fetch=669ms
62862	1789132088208	0	309	succeeded	attempt 1 watch=331ms
62881	1789132088228	1	142	chunk-verified	fetch=710ms
62889	1789132088235	2	119	chunk-verified	fetch=679ms
62901	1789132088248	0	312	succeeded	attempt 1 watch=355ms
62901	1789132088248	1	172	succeeded	attempt 1 watch=281ms
62906	1789132088252	0	279	chunk-verified	fetch=589ms
62929	1789132088275	2	149	succeeded	attempt 1 watch=275ms
62931	1789132088278	1	175	succeeded	attempt 1 watch=265ms
62947	1789132088293	2	122	chunk-verified	fetch=680ms
62952	1789132088299	1	145	chunk-verified	fetch=676ms
62955	1789132088301	1	178	succeeded	attempt 1 watch=258ms
62961	1789132088308	0	315	succeeded	attempt 1 watch=401ms
62973	1789132088320	2	125	chunk-verified	fetch=674ms
62976	1789132088322	1	151	chunk-verified	fetch=592ms
62991	1789132088337	2	152	succeeded	attempt 1 watch=246ms
62996	1789132088343	1	148	chunk-verified	fetch=664ms
62999	1789132088345	0	318	succeeded	attempt 1 watch=407ms
63029	1789132088376	2	155	succeeded	attempt 1 watch=268ms
63034	1789132088381	1	181	succeeded	attempt 1 watch=314ms
63050	1789132088396	0	282	chunk-verified	fetch=644ms
63062	1789132088409	2	128	chunk-verified	fetch=651ms
63065	1789132088411	0	321	succeeded	attempt 1 watch=442ms
63065	1789132088411	1	184	succeeded	attempt 1 watch=309ms
63075	1789132088422	1	154	chunk-verified	fetch=626ms
63088	1789132088434	2	158	succeeded	attempt 1 watch=295ms
63090	1789132088437	0	324	succeeded	attempt 1 watch=404ms
63109	1789132088455	2	161	succeeded	attempt 1 watch=280ms
63129	1789132088476	1	187	succeeded	attempt 1 watch=313ms
63137	1789132088483	2	131	chunk-verified	fetch=655ms
63142	1789132088488	1	157	chunk-verified	fetch=637ms
63152	1789132088499	2	164	succeeded	attempt 1 watch=301ms
63175	1789132088521	1	190	succeeded	attempt 1 watch=293ms
63177	1789132088524	2	134	chunk-verified	fetch=647ms
63190	1789132088536	2	167	succeeded	attempt 1 watch=300ms
63192	1789132088539	1	160	chunk-verified	fetch=657ms
63228	1789132088575	2	137	chunk-verified	fetch=632ms
63240	1789132088587	1	163	chunk-verified	fetch=651ms
63251	1789132088597	0	285	chunk-verified	fetch=771ms
63258	1789132088605	2	140	chunk-verified	fetch=628ms
63261	1789132088607	2	170	succeeded	attempt 1 watch=314ms
63270	1789132088617	0	288	chunk-verified	fetch=770ms
63273	1789132088620	1	193	succeeded	attempt 1 watch=320ms
63286	1789132088633	2	173	succeeded	attempt 1 watch=313ms
63304	1789132088651	2	143	chunk-verified	fetch=579ms
63322	1789132088668	0	327	succeeded	attempt 1 watch=415ms
63324	1789132088671	1	196	succeeded	attempt 1 watch=348ms
63355	1789132088701	1	199	succeeded	attempt 1 watch=358ms
63370	1789132088717	0	291	chunk-verified	fetch=812ms
63375	1789132088722	2	176	succeeded	attempt 1 watch=313ms
63399	1789132088745	1	166	chunk-verified	fetch=681ms
63401	1789132088748	0	330	succeeded	attempt 1 watch=351ms
63424	1789132088771	0	294	chunk-verified	fetch=786ms
63427	1789132088773	2	146	chunk-verified	fetch=646ms
63434	1789132088781	1	202	succeeded	attempt 1 watch=359ms
63457	1789132088804	1	205	succeeded	attempt 1 watch=315ms
63460	1789132088807	2	179	succeeded	attempt 1 watch=323ms
63481	1789132088827	1	169	chunk-verified	fetch=705ms
63493	1789132088840	0	333	succeeded	attempt 1 watch=242ms
63494	1789132088841	0	309	admit-refused	stalled read ordinal 309
63514	1789132088860	0	297	chunk-verified	fetch=835ms
63521	1789132088868	2	182	succeeded	attempt 1 watch=344ms
63529	1789132088876	0	336	succeeded	attempt 1 watch=258ms
63534	1789132088880	0	303	chunk-verified	fetch=781ms
63547	1789132088894	1	208	succeeded	attempt 1 watch=354ms
63565	1789132088912	1	172	chunk-verified	fetch=664ms
63573	1789132088919	0	312	chunk-verified	fetch=671ms
63588	1789132088934	1	175	chunk-verified	fetch=656ms
63588	1789132088934	1	211	succeeded	attempt 1 watch=347ms
63591	1789132088937	0	339	succeeded	attempt 1 watch=220ms
63601	1789132088947	2	185	succeeded	attempt 1 watch=372ms
63603	1789132088950	0	306	chunk-verified	fetch=772ms
63606	1789132088952	2	149	chunk-verified	fetch=677ms
63624	1789132088970	0	315	chunk-verified	fetch=662ms
63644	1789132088990	2	188	succeeded	attempt 1 watch=385ms
63644	1789132088990	0	318	chunk-verified	fetch=645ms
63662	1789132089009	1	178	chunk-verified	fetch=707ms
63669	1789132089016	0	342	succeeded	attempt 1 watch=245ms
63675	1789132089021	0	300	chunk-verified	fetch=957ms
63703	1789132089049	0	321	chunk-verified	fetch=638ms
63715	1789132089062	1	214	succeeded	attempt 1 watch=316ms
63718	1789132089065	0	345	succeeded	attempt 1 watch=204ms
63721	1789132089067	2	191	succeeded	attempt 1 watch=416ms
63739	1789132089086	1	181	chunk-verified	fetch=704ms
63742	1789132089088	2	152	chunk-verified	fetch=750ms
63757	1789132089103	1	184	chunk-verified	fetch=692ms
63759	1789132089106	2	155	chunk-verified	fetch=730ms
63762	1789132089108	0	324	chunk-verified	fetch=671ms
63785	1789132089132	2	194	succeeded	attempt 1 watch=358ms
63787	1789132089134	0	348	succeeded	attempt 1 watch=253ms
63805	1789132089152	1	217	succeeded	attempt 1 watch=324ms
63821	1789132089167	2	158	chunk-verified	fetch=733ms
63826	1789132089173	0	351	succeeded	attempt 1 watch=253ms
63845	1789132089192	1	187	chunk-verified	fetch=716ms
63845	1789132089192	0	327	chunk-verified	fetch=523ms
63850	1789132089197	2	161	chunk-verified	fetch=741ms
63881	1789132089227	1	220	succeeded	attempt 1 watch=315ms
63881	1789132089227	1	190	chunk-verified	fetch=706ms
63883	1789132089230	2	164	chunk-verified	fetch=731ms
63894	1789132089240	0	354	succeeded	attempt 1 watch=290ms
63907	1789132089253	2	167	chunk-verified	fetch=716ms
63920	1789132089266	0	357	succeeded	attempt 1 watch=296ms
63920	1789132089266	2	197	succeeded	attempt 1 watch=313ms
63922	1789132089269	1	223	succeeded	attempt 1 watch=334ms
63940	1789132089286	0	330	chunk-verified	fetch=538ms
63948	1789132089294	1	226	succeeded	attempt 1 watch=285ms
63953	1789132089299	0	360	succeeded	attempt 1 watch=308ms
63973	1789132089319	1	193	chunk-verified	fetch=699ms
63991	1789132089337	1	199	chunk-verified	fetch=636ms
64003	1789132089350	2	170	chunk-verified	fetch=742ms
64008	1789132089355	1	196	chunk-verified	fetch=684ms
64016	1789132089362	2	200	succeeded	attempt 1 watch=274ms
64018	1789132089365	1	229	succeeded	attempt 1 watch=279ms
64021	1789132089367	0	363	succeeded	attempt 1 watch=346ms
64038	1789132089385	2	173	chunk-verified	fetch=752ms
64043	1789132089390	2	203	succeeded	attempt 1 watch=284ms
64051	1789132089398	1	232	succeeded	attempt 1 watch=294ms
64054	1789132089400	0	366	succeeded	attempt 1 watch=350ms
64075	1789132089422	0	333	chunk-verified	fetch=581ms
64083	1789132089430	1	202	chunk-verified	fetch=648ms
64083	1789132089430	2	176	chunk-verified	fetch=707ms
64112	1789132089458	1	205	chunk-verified	fetch=654ms
64119	1789132089466	2	206	succeeded	attempt 1 watch=298ms
64132	1789132089478	0	369	succeeded	attempt 1 watch=369ms
64136	1789132089483	1	235	succeeded	attempt 1 watch=291ms
64141	1789132089488	2	179	chunk-verified	fetch=681ms
64144	1789132089491	2	209	succeeded	attempt 1 watch=293ms
64146	1789132089493	0	336	chunk-verified	fetch=617ms
64154	1789132089501	2	182	chunk-verified	fetch=632ms
64170	1789132089517	1	238	succeeded	attempt 1 watch=289ms
64175	1789132089522	2	212	succeeded	attempt 1 watch=291ms
64187	1789132089534	1	208	chunk-verified	fetch=640ms
64200	1789132089547	0	372	succeeded	attempt 1 watch=354ms
64203	1789132089549	2	215	succeeded	attempt 1 watch=296ms
64218	1789132089565	2	185	chunk-verified	fetch=617ms
64253	1789132089600	1	211	chunk-verified	fetch=665ms
64266	1789132089613	2	218	succeeded	attempt 1 watch=263ms
64282	1789132089628	0	339	chunk-verified	fetch=691ms
64284	1789132089631	2	188	chunk-verified	fetch=640ms
64302	1789132089649	1	241	succeeded	attempt 1 watch=329ms
64310	1789132089656	2	191	chunk-verified	fetch=589ms
64330	1789132089677	0	309	chunk-verified	fetch=1468ms
64333	1789132089679	0	375	succeeded	attempt 1 watch=393ms
64335	1789132089682	2	221	succeeded	attempt 1 watch=297ms
64342	1789132089689	1	244	succeeded	attempt 1 watch=351ms
64353	1789132089700	1	214	chunk-verified	fetch=637ms
64369	1789132089715	1	247	succeeded	attempt 1 watch=360ms
64397	1789132089743	2	224	succeeded	attempt 1 watch=313ms
64420	1789132089767	2	194	chunk-verified	fetch=634ms
64422	1789132089769	0	342	chunk-verified	fetch=753ms
64453	1789132089799	1	250	succeeded	attempt 1 watch=369ms
64456	1789132089802	2	227	succeeded	attempt 1 watch=314ms
64458	1789132089805	0	378	succeeded	attempt 1 watch=382ms
64479	1789132089825	1	253	succeeded	attempt 1 watch=367ms
64497	1789132089843	0	345	chunk-verified	fetch=778ms
64512	1789132089858	2	230	succeeded	attempt 1 watch=357ms
64514	1789132089861	0	381	succeeded	attempt 1 watch=367ms
64519	1789132089866	1	217	chunk-verified	fetch=714ms
64560	1789132089906	0	384	succeeded	attempt 1 watch=277ms
64570	1789132089916	0	348	chunk-verified	fetch=782ms
64572	1789132089919	1	256	succeeded	attempt 1 watch=384ms
64595	1789132089942	0	351	chunk-verified	fetch=769ms
64605	1789132089951	2	233	succeeded	attempt 1 watch=386ms
64610	1789132089956	0	387	succeeded	attempt 1 watch=279ms
64615	1789132089961	1	259	succeeded	attempt 1 watch=361ms
64620	1789132089966	0	354	chunk-verified	fetch=726ms
64633	1789132089979	1	220	chunk-verified	fetch=751ms
64661	1789132090007	2	197	chunk-verified	fetch=741ms
64663	1789132090010	1	226	chunk-verified	fetch=715ms
64675	1789132090022	0	357	chunk-verified	fetch=755ms
64678	1789132090024	0	390	succeeded	attempt 1 watch=255ms
64678	1789132090024	2	236	succeeded	attempt 1 watch=393ms
64695	1789132090042	1	223	chunk-verified	fetch=773ms
64703	1789132090049	0	360	chunk-verified	fetch=750ms
64710	1789132090057	2	239	succeeded	attempt 1 watch=400ms
64715	1789132090062	1	262	succeeded	attempt 1 watch=361ms
64728	1789132090074	2	200	chunk-verified	fetch=711ms
64730	1789132090077	0	363	chunk-verified	fetch=709ms
64730	1789132090077	0	366	chunk-verified	fetch=676ms
64753	1789132090100	0	369	chunk-verified	fetch=621ms
64758	1789132090105	0	393	succeeded	attempt 1 watch=261ms
64793	1789132090140	1	229	chunk-verified	fetch=775ms
64804	1789132090150	1	232	chunk-verified	fetch=752ms
64804	1789132090150	2	242	succeeded	attempt 1 watch=383ms
64806	1789132090153	2	203	chunk-verified	fetch=762ms
64841	1789132090188	0	372	chunk-verified	fetch=641ms
64844	1789132090190	1	265	succeeded	attempt 1 watch=324ms
64850	1789132090197	0	396	succeeded	attempt 1 watch=280ms
64861	1789132090208	1	235	chunk-verified	fetch=724ms
64864	1789132090210	2	206	chunk-verified	fetch=744ms
64884	1789132090231	0	399	succeeded	attempt 1 watch=289ms
64913	1789132090259	2	209	chunk-verified	fetch=768ms
64930	1789132090277	1	238	chunk-verified	fetch=760ms
64933	1789132090280	2	212	chunk-verified	fetch=757ms
64941	1789132090287	2	245	succeeded	attempt 1 watch=280ms
64946	1789132090292	2	215	chunk-verified	fetch=743ms
64949	1789132090295	0	402	succeeded	attempt 1 watch=328ms
64949	1789132090295	1	268	succeeded	attempt 1 watch=315ms
64971	1789132090318	2	218	chunk-verified	fetch=704ms
64976	1789132090323	1	271	succeeded	attempt 1 watch=312ms
64976	1789132090323	0	405	succeeded	attempt 1 watch=300ms
64991	1789132090338	1	241	chunk-verified	fetch=688ms
65009	1789132090356	1	274	succeeded	attempt 1 watch=313ms
65014	1789132090360	0	375	chunk-verified	fetch=680ms
65019	1789132090366	1	244	chunk-verified	fetch=676ms
65037	1789132090383	2	248	succeeded	attempt 1 watch=309ms
65037	1789132090383	0	408	succeeded	attempt 1 watch=334ms
65072	1789132090419	0	414	succeeded	attempt 1 watch=342ms
65074	1789132090420	1	277	succeeded	attempt 1 watch=280ms
65076	1789132090422	2	221	chunk-verified	fetch=740ms
65088	1789132090435	1	247	chunk-verified	fetch=719ms
65093	1789132090440	0	378	chunk-verified	fetch=634ms
65098	1789132090445	0	411	succeeded	attempt 1 watch=367ms
65108	1789132090454	2	251	succeeded	attempt 1 watch=301ms
65113	1789132090460	1	280	succeeded	attempt 1 watch=309ms
65121	1789132090467	1	250	chunk-verified	fetch=667ms
65139	1789132090485	2	224	chunk-verified	fetch=741ms
65139	1789132090485	2	254	succeeded	attempt 1 watch=274ms
65144	1789132090490	1	283	succeeded	attempt 1 watch=282ms
65159	1789132090506	1	253	chunk-verified	fetch=680ms
65164	1789132090510	2	227	chunk-verified	fetch=708ms
65174	1789132090521	0	417	succeeded	attempt 1 watch=420ms
65177	1789132090523	2	230	chunk-verified	fetch=664ms
65177	1789132090523	2	257	succeeded	attempt 1 watch=263ms
65200	1789132090546	1	256	chunk-verified	fetch=627ms
65210	1789132090557	0	420	succeeded	attempt 1 watch=368ms
65213	1789132090559	2	260	succeeded	attempt 1 watch=279ms
65215	1789132090562	2	233	chunk-verified	fetch=610ms
65218	1789132090564	1	286	succeeded	attempt 1 watch=287ms
65230	1789132090577	0	381	chunk-verified	fetch=715ms
65235	1789132090582	1	259	chunk-verified	fetch=620ms
65248	1789132090594	0	384	chunk-verified	fetch=688ms
65271	1789132090618	2	263	succeeded	attempt 1 watch=325ms
65297	1789132090643	2	266	succeeded	attempt 1 watch=325ms
65312	1789132090659	1	289	succeeded	attempt 1 watch=320ms
65328	1789132090674	2	236	chunk-verified	fetch=649ms
65335	1789132090682	0	387	chunk-verified	fetch=725ms
65363	1789132090710	2	269	succeeded	attempt 1 watch=287ms
65363	1789132090710	2	239	chunk-verified	fetch=653ms
65369	1789132090715	1	292	succeeded	attempt 1 watch=349ms
65369	1789132090715	0	423	succeeded	attempt 1 watch=354ms
65381	1789132090728	2	242	chunk-verified	fetch=577ms
65392	1789132090738	0	390	chunk-verified	fetch=713ms
65417	1789132090763	1	262	chunk-verified	fetch=701ms
65417	1789132090763	2	272	succeeded	attempt 1 watch=278ms
65420	1789132090766	1	295	succeeded	attempt 1 watch=331ms
65448	1789132090794	0	426	succeeded	attempt 1 watch=354ms
65465	1789132090812	2	275	succeeded	attempt 1 watch=301ms
65473	1789132090820	1	298	succeeded	attempt 1 watch=352ms
65494	1789132090840	2	278	succeeded	attempt 1 watch=317ms
65519	1789132090866	0	393	chunk-verified	fetch=760ms
65524	1789132090871	1	301	succeeded	attempt 1 watch=365ms
65560	1789132090906	0	429	succeeded	attempt 1 watch=329ms
65570	1789132090917	1	265	chunk-verified	fetch=726ms
65580	1789132090927	1	304	succeeded	attempt 1 watch=380ms
65586	1789132090932	2	281	succeeded	attempt 1 watch=370ms
65588	1789132090935	0	432	succeeded	attempt 1 watch=340ms
65601	1789132090948	0	396	chunk-verified	fetch=750ms
65616	1789132090963	1	307	succeeded	attempt 1 watch=380ms
65629	1789132090976	0	435	succeeded	attempt 1 watch=294ms
65637	1789132090984	2	245	chunk-verified	fetch=696ms
65655	1789132091001	0	399	chunk-verified	fetch=770ms
65672	1789132091018	0	405	chunk-verified	fetch=695ms
65674	1789132091021	1	268	chunk-verified	fetch=725ms
65684	1789132091031	1	271	chunk-verified	fetch=708ms
65687	1789132091033	0	402	chunk-verified	fetch=738ms
65687	1789132091033	2	284	succeeded	attempt 1 watch=359ms
65689	1789132091036	0	438	succeeded	attempt 1 watch=297ms
65708	1789132091054	1	310	succeeded	attempt 1 watch=290ms
65708	1789132091054	2	287	succeeded	attempt 1 watch=344ms
65709	1789132091056	0	420	admit-refused	stalled read ordinal 420
65721	1789132091068	1	274	chunk-verified	fetch=712ms
65726	1789132091073	2	248	chunk-verified	fetch=689ms
65729	1789132091075	0	408	chunk-verified	fetch=691ms
65738	1789132091085	0	441	succeeded	attempt 1 watch=219ms
65741	1789132091087	0	414	chunk-verified	fetch=668ms
65753	1789132091100	1	277	chunk-verified	fetch=679ms
65776	1789132091122	2	290	succeeded	attempt 1 watch=394ms
65778	1789132091125	0	411	chunk-verified	fetch=680ms
65786	1789132091132	2	251	chunk-verified	fetch=677ms
65790	1789132091136	1	280	chunk-verified	fetch=676ms
65815	1789132091161	0	417	chunk-verified	fetch=640ms
65818	1789132091164	0	444	succeeded	attempt 1 watch=216ms
65820	1789132091167	1	283	chunk-verified	fetch=676ms
65846	1789132091192	1	313	succeeded	attempt 1 watch=275ms
65854	1789132091200	2	254	chunk-verified	fetch=715ms
65874	1789132091221	1	286	chunk-verified	fetch=656ms
65902	1789132091249	0	447	succeeded	attempt 1 watch=247ms
65920	1789132091267	2	257	chunk-verified	fetch=743ms
65935	1789132091282	2	266	chunk-verified	fetch=638ms
65935	1789132091282	2	293	succeeded	attempt 1 watch=298ms
65935	1789132091282	1	316	succeeded	attempt 1 watch=260ms
65938	1789132091285	0	450	succeeded	attempt 1 watch=266ms
65957	1789132091304	0	423	chunk-verified	fetch=588ms
65957	1789132091304	2	263	chunk-verified	fetch=686ms
65960	1789132091306	1	289	chunk-verified	fetch=647ms
65973	1789132091319	0	453	succeeded	attempt 1 watch=285ms
65973	1789132091319	1	319	succeeded	attempt 1 watch=288ms
65991	1789132091337	2	260	chunk-verified	fetch=778ms
66018	1789132091365	1	292	chunk-verified	fetch=649ms
66026	1789132091372	2	296	succeeded	attempt 1 watch=299ms
66038	1789132091385	1	322	succeeded	attempt 1 watch=316ms
66041	1789132091387	0	456	succeeded	attempt 1 watch=312ms
66046	1789132091392	0	426	chunk-verified	fetch=597ms
66068	1789132091415	1	325	succeeded	attempt 1 watch=314ms
66083	1789132091430	2	269	chunk-verified	fetch=719ms
66083	1789132091430	1	295	chunk-verified	fetch=663ms
66088	1789132091435	2	299	succeeded	attempt 1 watch=302ms
66096	1789132091443	1	328	succeeded	attempt 1 watch=306ms
66104	1789132091450	1	298	chunk-verified	fetch=630ms
66106	1789132091453	0	459	succeeded	attempt 1 watch=365ms
66114	1789132091461	2	302	succeeded	attempt 1 watch=260ms
66134	1789132091481	1	331	succeeded	attempt 1 watch=314ms
66137	1789132091483	1	301	chunk-verified	fetch=612ms
66139	1789132091486	2	272	chunk-verified	fetch=722ms
66142	1789132091489	0	462	succeeded	attempt 1 watch=363ms
66150	1789132091496	2	305	succeeded	attempt 1 watch=229ms
66155	1789132091502	2	278	chunk-verified	fetch=661ms
66163	1789132091509	0	429	chunk-verified	fetch=603ms
66173	1789132091519	2	281	chunk-verified	fetch=587ms
66181	1789132091527	2	308	succeeded	attempt 1 watch=245ms
66181	1789132091527	0	465	succeeded	attempt 1 watch=365ms
66198	1789132091545	2	275	chunk-verified	fetch=732ms
66201	1789132091547	1	334	succeeded	attempt 1 watch=326ms
66242	1789132091588	1	304	chunk-verified	fetch=661ms
66255	1789132091601	2	311	succeeded	attempt 1 watch=297ms
66272	1789132091619	0	435	chunk-verified	fetch=642ms
66280	1789132091626	1	307	chunk-verified	fetch=663ms
66285	1789132091631	1	337	succeeded	attempt 1 watch=324ms
66287	1789132091633	0	468	succeeded	attempt 1 watch=329ms
66297	1789132091643	2	314	succeeded	attempt 1 watch=306ms
66299	1789132091646	0	432	chunk-verified	fetch=711ms
66305	1789132091652	2	284	chunk-verified	fetch=618ms
66326	1789132091672	2	287	chunk-verified	fetch=617ms
66351	1789132091698	1	340	succeeded	attempt 1 watch=332ms
66361	1789132091708	2	317	succeeded	attempt 1 watch=278ms
66371	1789132091718	1	310	chunk-verified	fetch=663ms
66379	1789132091726	2	290	chunk-verified	fetch=603ms
66382	1789132091728	0	438	chunk-verified	fetch=692ms
66407	1789132091754	0	471	succeeded	attempt 1 watch=361ms
66441	1789132091787	1	343	succeeded	attempt 1 watch=357ms
66446	1789132091792	2	320	succeeded	attempt 1 watch=306ms
66469	1789132091815	0	441	chunk-verified	fetch=730ms
66498	1789132091845	0	420	chunk-verified	fetch=1288ms
66501	1789132091848	2	323	succeeded	attempt 1 watch=346ms
66501	1789132091848	0	474	succeeded	attempt 1 watch=338ms
66504	1789132091850	1	346	succeeded	attempt 1 watch=400ms
66524	1789132091871	2	326	succeeded	attempt 1 watch=351ms
66561	1789132091907	1	349	succeeded	attempt 1 watch=423ms
66568	1789132091915	0	444	chunk-verified	fetch=750ms
66573	1789132091920	2	329	succeeded	attempt 1 watch=375ms
66585	1789132091932	0	477	succeeded	attempt 1 watch=313ms
66596	1789132091942	0	447	chunk-verified	fetch=693ms
66603	1789132091950	1	313	chunk-verified	fetch=757ms
66613	1789132091960	0	480	succeeded	attempt 1 watch=313ms
66627	1789132091974	2	293	chunk-verified	fetch=691ms
66630	1789132091977	1	352	succeeded	attempt 1 watch=388ms
66633	1789132091979	1	316	chunk-verified	fetch=697ms
66648	1789132091994	0	483	succeeded	attempt 1 watch=266ms
66651	1789132091997	2	332	succeeded	attempt 1 watch=345ms
66671	1789132092017	1	355	succeeded	attempt 1 watch=391ms
66673	1789132092019	0	453	chunk-verified	fetch=700ms
66683	1789132092030	2	335	succeeded	attempt 1 watch=357ms
66686	1789132092032	0	456	chunk-verified	fetch=645ms
66707	1789132092053	2	296	chunk-verified	fetch=681ms
66709	1789132092056	0	450	chunk-verified	fetch=771ms
66727	1789132092074	0	486	succeeded	attempt 1 watch=258ms
66729	1789132092076	0	459	chunk-verified	fetch=623ms
66753	1789132092099	0	462	chunk-verified	fetch=610ms
66755	1789132092102	1	319	chunk-verified	fetch=782ms
66762	1789132092109	2	338	succeeded	attempt 1 watch=383ms
66768	1789132092114	1	358	succeeded	attempt 1 watch=396ms
66773	1789132092120	0	489	succeeded	attempt 1 watch=274ms
66794	1789132092140	0	492	succeeded	attempt 1 watch=225ms
66796	1789132092143	0	465	chunk-verified	fetch=615ms
66810	1789132092157	2	299	chunk-verified	fetch=722ms
66821	1789132092167	1	322	chunk-verified	fetch=782ms
66826	1789132092172	0	468	chunk-verified	fetch=538ms
66826	1789132092172	2	305	chunk-verified	fetch=675ms
66841	1789132092188	1	328	chunk-verified	fetch=745ms
66864	1789132092211	2	302	chunk-verified	fetch=750ms
66869	1789132092215	1	325	chunk-verified	fetch=800ms
66874	1789132092220	0	495	succeeded	attempt 1 watch=278ms
66891	1789132092238	1	331	chunk-verified	fetch=756ms
66898	1789132092245	1	361	succeeded	attempt 1 watch=295ms
66911	1789132092258	1	334	chunk-verified	fetch=710ms
66932	1789132092278	2	308	chunk-verified	fetch=751ms
66942	1789132092289	2	341	succeeded	attempt 1 watch=315ms
66945	1789132092291	2	311	chunk-verified	fetch=690ms
66947	1789132092294	1	364	succeeded	attempt 1 watch=314ms
66968	1789132092314	2	314	chunk-verified	fetch=671ms
66973	1789132092320	0	498	succeeded	attempt 1 watch=300ms
67004	1789132092351	0	501	succeeded	attempt 1 watch=318ms
67004	1789132092351	1	367	succeeded	attempt 1 watch=249ms
67023	1789132092369	1	337	chunk-verified	fetch=738ms
67025	1789132092372	0	471	chunk-verified	fetch=618ms
67031	1789132092377	2	344	succeeded	attempt 1 watch=323ms
67033	1789132092380	0	504	succeeded	attempt 1 watch=323ms
67051	1789132092398	1	340	chunk-verified	fetch=699ms
67066	1789132092413	1	370	succeeded	attempt 1 watch=245ms
67079	1789132092425	1	343	chunk-verified	fetch=638ms
67091	1789132092438	2	317	chunk-verified	fetch=730ms
67104	1789132092451	2	347	succeeded	attempt 1 watch=293ms
67104	1789132092451	1	346	chunk-verified	fetch=600ms
67107	1789132092453	1	373	succeeded	attempt 1 watch=265ms
67107	1789132092454	2	320	chunk-verified	fetch=661ms
67112	1789132092459	0	507	succeeded	attempt 1 watch=382ms
67136	1789132092482	1	376	succeeded	attempt 1 watch=266ms
67138	1789132092485	2	350	succeeded	attempt 1 watch=312ms
67148	1789132092495	0	510	succeeded	attempt 1 watch=395ms
67153	1789132092500	0	474	chunk-verified	fetch=652ms
67166	1789132092513	1	379	succeeded	attempt 1 watch=274ms
67174	1789132092521	2	353	succeeded	attempt 1 watch=310ms
67195	1789132092541	1	349	chunk-verified	fetch=634ms
67200	1789132092546	2	323	chunk-verified	fetch=698ms
67205	1789132092552	1	382	succeeded	attempt 1 watch=293ms
67208	1789132092554	2	356	succeeded	attempt 1 watch=275ms
67221	1789132092567	2	326	chunk-verified	fetch=696ms
67239	1789132092585	0	513	succeeded	attempt 1 watch=442ms
67244	1789132092591	2	329	chunk-verified	fetch=670ms
67265	1789132092611	1	352	chunk-verified	fetch=634ms
67272	1789132092619	0	516	succeeded	attempt 1 watch=446ms
67275	1789132092621	2	359	succeeded	attempt 1 watch=329ms
67303	1789132092649	2	362	succeeded	attempt 1 watch=334ms
67324	1789132092671	2	332	chunk-verified	fetch=673ms
67324	1789132092671	0	477	chunk-verified	fetch=739ms
67332	1789132092679	1	355	chunk-verified	fetch=661ms
67342	1789132092688	1	385	succeeded	attempt 1 watch=318ms
67344	1789132092691	0	480	chunk-verified	fetch=731ms
67352	1789132092698	2	335	chunk-verified	fetch=668ms
67370	1789132092716	2	365	succeeded	attempt 1 watch=278ms
67372	1789132092719	0	483	chunk-verified	fetch=724ms
67377	1789132092724	2	338	chunk-verified	fetch=615ms
67383	1789132092729	1	388	succeeded	attempt 1 watch=331ms
67398	1789132092745	1	358	chunk-verified	fetch=630ms
67431	1789132092778	0	519	succeeded	attempt 1 watch=405ms
67433	1789132092780	2	368	succeeded	attempt 1 watch=326ms
67446	1789132092793	1	391	succeeded	attempt 1 watch=367ms
67476	1789132092823	0	486	chunk-verified	fetch=749ms
67481	1789132092828	1	394	succeeded	attempt 1 watch=377ms
67507	1789132092853	0	522	succeeded	attempt 1 watch=353ms
67509	1789132092856	2	371	succeeded	attempt 1 watch=309ms
67553	1789132092900	0	489	chunk-verified	fetch=780ms
67563	1789132092909	2	374	succeeded	attempt 1 watch=342ms
67573	1789132092919	0	492	chunk-verified	fetch=779ms
67593	1789132092940	2	377	succeeded	attempt 1 watch=349ms
67603	1789132092950	0	525	succeeded	attempt 1 watch=278ms
67606	1789132092952	2	341	chunk-verified	fetch=663ms
67616	1789132092963	1	397	succeeded	attempt 1 watch=421ms
67634	1789132092980	0	528	succeeded	attempt 1 watch=289ms
67649	1789132092996	0	495	chunk-verified	fetch=775ms
67672	1789132093019	0	531	succeeded	attempt 1 watch=299ms
67672	1789132093019	0	498	chunk-verified	fetch=698ms
67674	1789132093021	2	380	succeeded	attempt 1 watch=350ms
67692	1789132093039	1	400	succeeded	attempt 1 watch=427ms
67700	1789132093047	0	501	chunk-verified	fetch=695ms
67702	1789132093049	2	383	succeeded	attempt 1 watch=350ms
67710	1789132093057	1	361	chunk-verified	fetch=812ms
67728	1789132093074	1	403	succeeded	attempt 1 watch=395ms
67728	1789132093074	1	364	chunk-verified	fetch=780ms
67733	1789132093079	2	386	succeeded	attempt 1 watch=355ms
67733	1789132093079	0	504	chunk-verified	fetch=699ms
67740	1789132093087	0	534	succeeded	attempt 1 watch=263ms
67740	1789132093087	2	344	chunk-verified	fetch=709ms
67751	1789132093097	0	507	chunk-verified	fetch=638ms
67753	1789132093100	1	367	chunk-verified	fetch=748ms
67763	1789132093110	0	510	chunk-verified	fetch=614ms
67799	1789132093146	0	537	succeeded	attempt 1 watch=246ms
67809	1789132093156	1	406	succeeded	attempt 1 watch=411ms
67822	1789132093169	2	347	chunk-verified	fetch=718ms
67827	1789132093174	0	513	chunk-verified	fetch=588ms
67840	1789132093186	0	540	succeeded	attempt 1 watch=267ms
67840	1789132093187	2	353	chunk-verified	fetch=665ms
67845	1789132093191	0	516	chunk-verified	fetch=572ms
67870	1789132093217	2	350	chunk-verified	fetch=731ms
67888	1789132093234	1	370	chunk-verified	fetch=821ms
67890	1789132093237	2	356	chunk-verified	fetch=682ms
67931	1789132093277	2	389	succeeded	attempt 1 watch=324ms
67936	1789132093282	0	543	succeeded	attempt 1 watch=286ms
67953	1789132093300	1	373	chunk-verified	fetch=846ms
67966	1789132093312	0	546	succeeded	attempt 1 watch=293ms
67971	1789132093317	1	379	chunk-verified	fetch=804ms
67983	1789132093329	2	359	chunk-verified	fetch=708ms
67992	1789132093339	1	376	chunk-verified	fetch=856ms
68005	1789132093351	1	409	succeeded	attempt 1 watch=294ms
68020	1789132093367	1	382	chunk-verified	fetch=815ms
68030	1789132093377	2	362	chunk-verified	fetch=727ms
68033	1789132093380	1	412	succeeded	attempt 1 watch=305ms
68033	1789132093380	0	549	succeeded	attempt 1 watch=332ms
68041	1789132093387	0	519	chunk-verified	fetch=609ms
68056	1789132093403	0	552	succeeded	attempt 1 watch=323ms
68056	1789132093403	2	392	succeeded	attempt 1 watch=315ms
68092	1789132093439	1	415	succeeded	attempt 1 watch=339ms
68095	1789132093441	2	395	succeeded	attempt 1 watch=272ms
68110	1789132093457	2	365	chunk-verified	fetch=740ms
68115	1789132093462	0	555	succeeded	attempt 1 watch=364ms
68123	1789132093470	2	368	chunk-verified	fetch=689ms
68128	1789132093475	2	398	succeeded	attempt 1 watch=288ms
68143	1789132093490	0	558	succeeded	attempt 1 watch=380ms
68146	1789132093492	1	385	chunk-verified	fetch=804ms
68153	1789132093500	2	371	chunk-verified	fetch=643ms
68156	1789132093502	1	418	succeeded	attempt 1 watch=267ms
68168	1789132093515	2	401	succeeded	attempt 1 watch=297ms
68171	1789132093517	0	522	chunk-verified	fetch=663ms
68173	1789132093520	1	388	chunk-verified	fetch=790ms
68176	1789132093522	2	374	chunk-verified	fetch=613ms
68181	1789132093527	1	421	succeeded	attempt 1 watch=227ms
68194	1789132093540	2	404	succeeded	attempt 1 watch=303ms
68196	1789132093543	1	394	chunk-verified	fetch=715ms
68215	1789132093561	0	561	succeeded	attempt 1 watch=387ms
68215	1789132093561	1	397	chunk-verified	fetch=598ms
68217	1789132093564	1	424	succeeded	attempt 1 watch=246ms
68235	1789132093581	1	400	chunk-verified	fetch=542ms
68245	1789132093592	2	377	chunk-verified	fetch=651ms
68248	1789132093594	0	564	succeeded	attempt 1 watch=402ms
68250	1789132093597	2	407	succeeded	attempt 1 watch=267ms
68253	1789132093599	1	427	succeeded	attempt 1 watch=260ms
68277	1789132093624	1	391	chunk-verified	fetch=830ms
68282	1789132093629	2	380	chunk-verified	fetch=607ms
68289	1789132093636	2	410	succeeded	attempt 1 watch=258ms
68294	1789132093641	2	383	chunk-verified	fetch=592ms
68312	1789132093659	1	430	succeeded	attempt 1 watch=291ms
68327	1789132093673	0	525	chunk-verified	fetch=723ms
68337	1789132093684	2	386	chunk-verified	fetch=604ms
68352	1789132093699	0	528	chunk-verified	fetch=718ms
68370	1789132093717	0	531	chunk-verified	fetch=698ms
68391	1789132093737	2	413	succeeded	attempt 1 watch=280ms
68396	1789132093743	1	403	chunk-verified	fetch=668ms
68398	1789132093745	0	567	succeeded	attempt 1 watch=357ms
68401	1789132093748	1	433	succeeded	attempt 1 watch=255ms
68416	1789132093763	1	406	chunk-verified	fetch=606ms
68421	1789132093768	2	416	succeeded	attempt 1 watch=298ms
68465	1789132093811	1	436	succeeded	attempt 1 watch=291ms
68467	1789132093814	0	534	chunk-verified	fetch=727ms
68480	1789132093827	2	419	succeeded	attempt 1 watch=327ms
68519	1789132093866	0	570	succeeded	attempt 1 watch=348ms
68524	1789132093871	1	439	succeeded	attempt 1 watch=327ms
68537	1789132093884	0	537	chunk-verified	fetch=737ms
68547	1789132093894	1	442	succeeded	attempt 1 watch=332ms
68550	1789132093897	2	422	succeeded	attempt 1 watch=374ms
68593	1789132093940	0	573	succeeded	attempt 1 watch=266ms
68599	1789132093945	2	425	succeeded	attempt 1 watch=353ms
68610	1789132093957	1	445	succeeded	attempt 1 watch=375ms
68615	1789132093962	0	540	chunk-verified	fetch=775ms
68626	1789132093972	0	543	chunk-verified	fetch=690ms
68628	1789132093975	0	576	succeeded	attempt 1 watch=275ms
68641	1789132093987	0	546	chunk-verified	fetch=675ms
68649	1789132093995	2	389	chunk-verified	fetch=717ms
68664	1789132094010	0	579	succeeded	attempt 1 watch=293ms
68671	1789132094017	0	549	chunk-verified	fetch=637ms
68681	1789132094028	1	448	succeeded	attempt 1 watch=403ms
68684	1789132094030	2	428	succeeded	attempt 1 watch=401ms
68706	1789132094053	1	409	chunk-verified	fetch=701ms
68726	1789132094073	0	582	succeeded	attempt 1 watch=259ms
68744	1789132094090	0	552	chunk-verified	fetch=687ms
68749	1789132094095	1	451	succeeded	attempt 1 watch=352ms
68749	1789132094096	2	431	succeeded	attempt 1 watch=454ms
68772	1789132094119	0	558	chunk-verified	fetch=628ms
68777	1789132094124	2	434	succeeded	attempt 1 watch=439ms
68780	1789132094126	1	412	chunk-verified	fetch=746ms
68790	1789132094136	2	392	chunk-verified	fetch=733ms
68808	1789132094154	1	415	chunk-verified	fetch=715ms
68808	1789132094154	0	585	succeeded	attempt 1 watch=270ms
68810	1789132094157	2	395	chunk-verified	fetch=715ms
68818	1789132094164	1	454	succeeded	attempt 1 watch=401ms
68833	1789132094179	0	555	chunk-verified	fetch=717ms
68852	1789132094199	0	588	succeeded	attempt 1 watch=236ms
68855	1789132094201	0	561	chunk-verified	fetch=640ms
68860	1789132094207	1	418	chunk-verified	fetch=704ms
68878	1789132094224	0	564	chunk-verified	fetch=629ms
68880	1789132094227	0	591	succeeded	attempt 1 watch=254ms
68888	1789132094234	1	421	chunk-verified	fetch=706ms
68895	1789132094242	2	398	chunk-verified	fetch=767ms
68933	1789132094280	2	401	chunk-verified	fetch=764ms
68938	1789132094285	1	424	chunk-verified	fetch=720ms
68953	1789132094300	2	404	chunk-verified	fetch=759ms
68966	1789132094312	0	594	succeeded	attempt 1 watch=324ms
68968	1789132094314	1	427	chunk-verified	fetch=715ms
68970	1789132094317	2	437	succeeded	attempt 1 watch=321ms
68978	1789132094324	2	407	chunk-verified	fetch=727ms
68990	1789132094337	1	457	succeeded	attempt 1 watch=284ms
69026	1789132094373	0	597	succeeded	attempt 1 watch=355ms
69046	1789132094393	1	430	chunk-verified	fetch=734ms
69056	1789132094403	2	410	chunk-verified	fetch=767ms
69064	1789132094410	1	460	succeeded	attempt 1 watch=284ms
69079	1789132094426	0	567	chunk-verified	fetch=680ms
69089	1789132094436	0	600	succeeded	attempt 1 watch=345ms
69092	1789132094438	1	463	succeeded	attempt 1 watch=284ms
69097	1789132094444	2	440	succeeded	attempt 1 watch=307ms
69112	1789132094458	1	433	chunk-verified	fetch=710ms
69120	1789132094467	0	603	succeeded	attempt 1 watch=348ms
69130	1789132094477	2	443	succeeded	attempt 1 watch=320ms
69134	1789132094481	0	570	chunk-verified	fetch=614ms
69147	1789132094493	2	413	chunk-verified	fetch=755ms
69149	1789132094496	2	446	succeeded	attempt 1 watch=253ms
69152	1789132094498	1	466	succeeded	attempt 1 watch=291ms
69169	1789132094516	2	416	chunk-verified	fetch=748ms
69172	1789132094519	1	436	chunk-verified	fetch=707ms
69177	1789132094524	0	606	succeeded	attempt 1 watch=344ms
69177	1789132094524	2	449	succeeded	attempt 1 watch=244ms
69180	1789132094526	2	419	chunk-verified	fetch=699ms
69180	1789132094526	1	439	chunk-verified	fetch=655ms
69187	1789132094534	1	469	succeeded	attempt 1 watch=299ms
69190	1789132094537	0	573	chunk-verified	fetch=596ms
69200	1789132094547	2	422	chunk-verified	fetch=650ms
69215	1789132094562	2	452	succeeded	attempt 1 watch=262ms
69223	1789132094569	1	472	succeeded	attempt 1 watch=284ms
69225	1789132094572	2	425	chunk-verified	fetch=626ms
69240	1789132094587	1	442	chunk-verified	fetch=692ms
69255	1789132094602	0	609	succeeded	attempt 1 watch=400ms
69263	1789132094609	1	475	succeeded	attempt 1 watch=295ms
69265	1789132094612	1	448	chunk-verified	fetch=584ms
69278	1789132094624	0	612	succeeded	attempt 1 watch=400ms
69278	1789132094624	1	445	chunk-verified	fetch=667ms
69283	1789132094630	2	455	succeeded	attempt 1 watch=305ms
69311	1789132094658	2	458	succeeded	attempt 1 watch=254ms
69324	1789132094670	1	478	succeeded	attempt 1 watch=277ms
69344	1789132094690	1	451	chunk-verified	fetch=594ms
69356	1789132094703	2	428	chunk-verified	fetch=672ms
69367	1789132094713	0	576	chunk-verified	fetch=738ms
69382	1789132094728	2	434	chunk-verified	fetch=604ms
69389	1789132094736	0	579	chunk-verified	fetch=725ms
69415	1789132094761	2	461	succeeded	attempt 1 watch=268ms
69415	1789132094761	0	582	chunk-verified	fetch=688ms
69433	1789132094779	2	431	chunk-verified	fetch=683ms
69433	1789132094780	1	481	succeeded	attempt 1 watch=321ms
69440	1789132094787	0	615	succeeded	attempt 1 watch=361ms
69476	1789132094823	2	464	succeeded	attempt 1 watch=306ms
69486	1789132094833	1	454	chunk-verified	fetch=668ms
69497	1789132094843	1	484	succeeded	attempt 1 watch=324ms
69504	1789132094851	0	618	succeeded	attempt 1 watch=370ms
69537	1789132094883	2	467	succeeded	attempt 1 watch=356ms
69556	1789132094903	0	585	chunk-verified	fetch=748ms
69562	1789132094908	2	470	succeeded	attempt 1 watch=361ms
69564	1789132094911	0	621	succeeded	attempt 1 watch=374ms
69567	1789132094913	1	487	succeeded	attempt 1 watch=386ms
69603	1789132094950	0	588	chunk-verified	fetch=750ms
69629	1789132094975	1	490	succeeded	attempt 1 watch=388ms
69631	1789132094978	2	473	succeeded	attempt 1 watch=405ms
69649	1789132094995	0	624	succeeded	attempt 1 watch=281ms
69659	1789132095005	0	591	chunk-verified	fetch=778ms
69678	1789132095024	0	597	chunk-verified	fetch=651ms
69680	1789132095027	2	437	chunk-verified	fetch=710ms
69680	1789132095027	1	493	succeeded	attempt 1 watch=415ms
69680	1789132095027	0	627	succeeded	attempt 1 watch=290ms
69703	1789132095050	0	594	chunk-verified	fetch=737ms
69708	1789132095055	1	496	succeeded	attempt 1 watch=430ms
69708	1789132095055	0	630	succeeded	attempt 1 watch=293ms
69721	1789132095067	2	476	succeeded	attempt 1 watch=364ms
69723	1789132095070	0	600	chunk-verified	fetch=634ms
69729	1789132095075	2	440	chunk-verified	fetch=631ms
69752	1789132095098	1	457	chunk-verified	fetch=761ms
69759	1789132095106	2	479	succeeded	attempt 1 watch=377ms
69769	1789132095116	1	499	succeeded	attempt 1 watch=425ms
69795	1789132095141	0	603	chunk-verified	fetch=674ms
69795	1789132095141	2	443	chunk-verified	fetch=664ms
69812	1789132095159	1	460	chunk-verified	fetch=748ms
69815	1789132095161	0	633	succeeded	attempt 1 watch=258ms
69828	1789132095174	1	502	succeeded	attempt 1 watch=341ms
69828	1789132095174	2	482	succeeded	attempt 1 watch=395ms
69833	1789132095179	0	606	chunk-verified	fetch=655ms
69840	1789132095187	1	466	chunk-verified	fetch=688ms
69871	1789132095218	2	446	chunk-verified	fetch=721ms
69871	1789132095218	1	463	chunk-verified	fetch=779ms
69884	1789132095230	0	636	succeeded	attempt 1 watch=280ms
69904	1789132095251	0	609	chunk-verified	fetch=648ms
69924	1789132095271	2	449	chunk-verified	fetch=747ms
69927	1789132095273	1	469	chunk-verified	fetch=739ms
69929	1789132095276	0	612	chunk-verified	fetch=651ms
69942	1789132095289	1	472	chunk-verified	fetch=719ms
69952	1789132095299	0	639	succeeded	attempt 1 watch=293ms
69970	1789132095316	1	475	chunk-verified	fetch=707ms
69987	1789132095334	0	642	succeeded	attempt 1 watch=309ms
69990	1789132095336	2	452	chunk-verified	fetch=774ms
69995	1789132095341	2	485	succeeded	attempt 1 watch=314ms
70007	1789132095354	2	455	chunk-verified	fetch=724ms
70035	1789132095382	2	458	chunk-verified	fetch=724ms
70038	1789132095384	1	478	chunk-verified	fetch=713ms
70048	1789132095395	1	505	succeeded	attempt 1 watch=296ms
70051	1789132095397	0	645	succeeded	attempt 1 watch=347ms
70053	1789132095400	2	488	succeeded	attempt 1 watch=324ms
70074	1789132095420	1	508	succeeded	attempt 1 watch=261ms
70092	1789132095438	1	481	chunk-verified	fetch=658ms
70102	1789132095449	2	491	succeeded	attempt 1 watch=307ms
70115	1789132095461	0	648	succeeded	attempt 1 watch=391ms
70117	1789132095464	2	461	chunk-verified	fetch=702ms
70143	1789132095489	1	511	succeeded	attempt 1 watch=302ms
70143	1789132095489	0	615	chunk-verified	fetch=702ms
70160	1789132095507	2	494	succeeded	attempt 1 watch=289ms
70166	1789132095512	0	651	succeeded	attempt 1 watch=370ms
70171	1789132095517	1	514	succeeded	attempt 1 watch=299ms
70186	1789132095532	0	618	chunk-verified	fetch=681ms
70188	1789132095535	2	464	chunk-verified	fetch=712ms
70188	1789132095535	1	484	chunk-verified	fetch=691ms
70196	1789132095543	0	654	succeeded	attempt 1 watch=363ms
70198	1789132095545	2	497	succeeded	attempt 1 watch=273ms
70198	1789132095545	1	517	succeeded	attempt 1 watch=271ms
70210	1789132095557	1	487	chunk-verified	fetch=643ms
70213	1789132095560	2	467	chunk-verified	fetch=676ms
70220	1789132095567	1	520	succeeded	attempt 1 watch=278ms
70223	1789132095570	2	500	succeeded	attempt 1 watch=233ms
70243	1789132095590	2	470	chunk-verified	fetch=681ms
70246	1789132095592	1	490	chunk-verified	fetch=617ms
70251	1789132095597	2	473	chunk-verified	fetch=619ms
70263	1789132095610	1	493	chunk-verified	fetch=583ms
70263	1789132095610	1	523	succeeded	attempt 1 watch=293ms
70266	1789132095612	0	657	succeeded	attempt 1 watch=361ms
70300	1789132095647	1	496	chunk-verified	fetch=592ms
70300	1789132095647	0	621	chunk-verified	fetch=736ms
70305	1789132095652	2	503	succeeded	attempt 1 watch=298ms
70305	1789132095652	1	526	succeeded	attempt 1 watch=267ms
70308	1789132095654	1	499	chunk-verified	fetch=538ms
70315	1789132095662	0	660	succeeded	attempt 1 watch=386ms
70333	1789132095680	0	624	chunk-verified	fetch=684ms
70341	1789132095687	2	506	succeeded	attempt 1 watch=305ms
70358	1789132095705	2	476	chunk-verified	fetch=637ms
70391	1789132095738	1	529	succeeded	attempt 1 watch=299ms
70412	1789132095758	2	509	succeeded	attempt 1 watch=294ms
70432	1789132095778	2	479	chunk-verified	fetch=672ms
70435	1789132095781	1	502	chunk-verified	fetch=606ms
70461	1789132095808	2	482	chunk-verified	fetch=633ms
70464	1789132095810	0	627	chunk-verified	fetch=783ms
70481	1789132095828	0	630	chunk-verified	fetch=772ms
70496	1789132095842	1	532	succeeded	attempt 1 watch=307ms
70498	1789132095845	2	512	succeeded	attempt 1 watch=310ms
70498	1789132095845	0	663	succeeded	attempt 1 watch=355ms
70511	1789132095857	0	633	chunk-verified	fetch=696ms
70555	1789132095902	0	666	succeeded	attempt 1 watch=369ms
70558	1789132095904	2	515	succeeded	attempt 1 watch=344ms
70558	1789132095904	1	535	succeeded	attempt 1 watch=347ms
70612	1789132095959	2	518	succeeded	attempt 1 watch=368ms
70617	1789132095963	1	538	succeeded	attempt 1 watch=370ms
70619	1789132095966	0	636	chunk-verified	fetch=735ms
70637	1789132095984	2	521	succeeded	attempt 1 watch=386ms
70640	1789132095986	0	669	succeeded	attempt 1 watch=339ms
70640	1789132095986	1	541	succeeded	attempt 1 watch=376ms
70670	1789132096017	2	485	chunk-verified	fetch=675ms
70700	1789132096047	1	544	succeeded	attempt 1 watch=399ms
70703	1789132096049	0	672	succeeded	attempt 1 watch=369ms
70726	1789132096073	2	524	succeeded	attempt 1 watch=367ms
70740	1789132096087	0	675	succeeded	attempt 1 watch=276ms
70744	1789132096090	0	642	chunk-verified	fetch=756ms
70759	1789132096106	1	547	succeeded	attempt 1 watch=451ms
70759	1789132096106	0	678	succeeded	attempt 1 watch=278ms
70767	1789132096114	0	645	chunk-verified	fetch=716ms
70775	1789132096121	2	488	chunk-verified	fetch=721ms
70784	1789132096131	2	527	succeeded	attempt 1 watch=352ms
70787	1789132096133	0	648	chunk-verified	fetch=672ms
70789	1789132096136	2	491	chunk-verified	fetch=687ms
70802	1789132096148	1	505	chunk-verified	fetch=753ms
70809	1789132096156	2	530	succeeded	attempt 1 watch=348ms
70812	1789132096158	2	494	chunk-verified	fetch=651ms
70814	1789132096161	1	511	chunk-verified	fetch=671ms
70814	1789132096161	1	550	succeeded	attempt 1 watch=379ms
70814	1789132096161	0	681	succeeded	attempt 1 watch=303ms
70842	1789132096189	0	639	chunk-verified	fetch=890ms
70860	1789132096207	1	508	chunk-verified	fetch=786ms
70863	1789132096209	0	651	chunk-verified	fetch=697ms
70878	1789132096225	1	514	chunk-verified	fetch=707ms
70880	1789132096227	0	654	chunk-verified	fetch=684ms
70890	1789132096237	0	684	succeeded	attempt 1 watch=270ms
70896	1789132096242	2	497	chunk-verified	fetch=697ms
70903	1789132096249	1	517	chunk-verified	fetch=704ms
70906	1789132096252	0	657	chunk-verified	fetch=639ms
70913	1789132096259	2	500	chunk-verified	fetch=689ms
70918	1789132096264	1	520	chunk-verified	fetch=697ms
70958	1789132096305	2	533	succeeded	attempt 1 watch=288ms
70984	1789132096330	0	660	chunk-verified	fetch=668ms
70989	1789132096336	2	503	chunk-verified	fetch=683ms
70989	1789132096336	1	523	chunk-verified	fetch=725ms
70999	1789132096346	2	506	chunk-verified	fetch=658ms
71002	1789132096348	0	687	succeeded	attempt 1 watch=258ms
71004	1789132096351	1	526	chunk-verified	fetch=698ms
71025	1789132096372	2	536	succeeded	attempt 1 watch=250ms
71030	1789132096377	1	553	succeeded	attempt 1 watch=228ms
71055	1789132096402	1	556	succeeded	attempt 1 watch=240ms
71065	1789132096412	2	509	chunk-verified	fetch=653ms
71070	1789132096417	0	690	succeeded	attempt 1 watch=302ms
71090	1789132096437	2	539	succeeded	attempt 1 watch=300ms
71093	1789132096439	1	529	chunk-verified	fetch=701ms
71105	1789132096452	0	693	succeeded	attempt 1 watch=318ms
71108	1789132096455	0	663	chunk-verified	fetch=609ms
71118	1789132096465	1	559	succeeded	attempt 1 watch=257ms
71143	1789132096490	2	542	succeeded	attempt 1 watch=331ms
71148	1789132096495	1	562	succeeded	attempt 1 watch=270ms
71148	1789132096495	1	532	chunk-verified	fetch=652ms
71169	1789132096515	2	545	succeeded	attempt 1 watch=272ms
71171	1789132096518	0	696	succeeded	attempt 1 watch=328ms
71171	1789132096518	1	565	succeeded	attempt 1 watch=268ms
71183	1789132096529	1	535	chunk-verified	fetch=625ms
71185	1789132096532	2	512	chunk-verified	fetch=686ms
71195	1789132096542	0	699	succeeded	attempt 1 watch=332ms
71198	1789132096544	2	548	succeeded	attempt 1 watch=284ms
71198	1789132096544	2	515	chunk-verified	fetch=640ms
71202	1789132096549	1	568	succeeded	attempt 1 watch=284ms
71212	1789132096558	1	538	chunk-verified	fetch=594ms
71226	1789132096573	0	666	chunk-verified	fetch=671ms
71226	1789132096573	2	518	chunk-verified	fetch=613ms
71236	1789132096583	1	571	succeeded	attempt 1 watch=247ms
71236	1789132096583	0	702	succeeded	attempt 1 watch=355ms
71244	1789132096591	1	541	chunk-verified	fetch=604ms
71247	1789132096593	2	521	chunk-verified	fetch=609ms
71255	1789132096601	1	544	chunk-verified	fetch=554ms
71260	1789132096606	2	551	succeeded	attempt 1 watch=270ms
71281	1789132096627	1	547	chunk-verified	fetch=521ms
71283	1789132096630	1	574	succeeded	attempt 1 watch=278ms
71298	1789132096644	2	554	succeeded	attempt 1 watch=298ms
71313	1789132096659	0	705	succeeded	attempt 1 watch=407ms
71327	1789132096674	2	524	chunk-verified	fetch=601ms
71340	1789132096687	0	708	succeeded	attempt 1 watch=356ms
71342	1789132096689	2	557	succeeded	attempt 1 watch=277ms
71360	1789132096707	2	527	chunk-verified	fetch=575ms
71363	1789132096709	0	669	chunk-verified	fetch=722ms
71363	1789132096709	0	675	chunk-verified	fetch=622ms
71373	1789132096719	1	577	succeeded	attempt 1 watch=279ms
71386	1789132096733	0	672	chunk-verified	fetch=683ms
71396	1789132096743	1	550	chunk-verified	fetch=581ms
71435	1789132096781	0	678	chunk-verified	fetch=675ms
71440	1789132096786	2	530	chunk-verified	fetch=630ms
71447	1789132096794	1	580	succeeded	attempt 1 watch=298ms
71470	1789132096816	0	711	succeeded	attempt 1 watch=361ms
71470	1789132096816	2	560	succeeded	attempt 1 watch=284ms
71493	1789132096839	2	563	succeeded	attempt 1 watch=295ms
71519	1789132096866	0	681	chunk-verified	fetch=704ms
71532	1789132096879	1	583	succeeded	attempt 1 watch=349ms
71555	1789132096902	0	714	succeeded	attempt 1 watch=329ms
71560	1789132096907	2	566	succeeded	attempt 1 watch=334ms
71588	1789132096935	1	586	succeeded	attempt 1 watch=376ms
71591	1789132096937	2	569	succeeded	attempt 1 watch=343ms
71628	1789132096974	2	533	chunk-verified	fetch=669ms
71643	1789132096990	0	684	chunk-verified	fetch=752ms
71648	1789132096995	1	589	succeeded	attempt 1 watch=403ms
71680	1789132097026	1	592	succeeded	attempt 1 watch=424ms
71682	1789132097029	2	572	succeeded	attempt 1 watch=355ms
71685	1789132097032	0	717	succeeded	attempt 1 watch=322ms
71693	1789132097039	2	536	chunk-verified	fetch=667ms
71708	1789132097054	0	720	succeeded	attempt 1 watch=345ms
71710	1789132097057	1	595	succeeded	attempt 1 watch=429ms
71736	1789132097082	0	723	succeeded	attempt 1 watch=349ms
71738	1789132097085	2	575	succeeded	attempt 1 watch=378ms
71754	1789132097101	0	687	chunk-verified	fetch=752ms
71767	1789132097113	2	578	succeeded	attempt 1 watch=326ms
71769	1789132097116	0	726	succeeded	attempt 1 watch=334ms
71771	1789132097118	0	690	chunk-verified	fetch=701ms
71789	1789132097135	2	539	chunk-verified	fetch=698ms
71792	1789132097138	1	553	chunk-verified	fetch=761ms
71805	1789132097151	1	598	succeeded	attempt 1 watch=408ms
71823	1789132097170	1	556	chunk-verified	fetch=767ms
71823	1789132097170	2	542	chunk-verified	fetch=679ms
71847	1789132097194	1	559	chunk-verified	fetch=729ms
71848	1789132097194	0	729	succeeded	attempt 1 watch=328ms
71852	1789132097199	2	545	chunk-verified	fetch=683ms
71857	1789132097204	0	696	chunk-verified	fetch=686ms
71879	1789132097226	2	548	chunk-verified	fetch=681ms
71881	1789132097228	0	693	chunk-verified	fetch=776ms
71884	1789132097230	1	562	chunk-verified	fetch=735ms
71903	1789132097250	0	699	chunk-verified	fetch=708ms
71911	1789132097257	1	565	chunk-verified	fetch=739ms
71918	1789132097265	0	732	succeeded	attempt 1 watch=274ms
71931	1789132097278	1	568	chunk-verified	fetch=729ms
71934	1789132097280	0	702	chunk-verified	fetch=697ms
71952	1789132097298	0	708	chunk-verified	fetch=611ms
71954	1789132097301	2	581	succeeded	attempt 1 watch=326ms
71959	1789132097306	1	571	chunk-verified	fetch=722ms
71978	1789132097324	2	551	chunk-verified	fetch=717ms
71980	1789132097327	0	705	chunk-verified	fetch=667ms
71983	1789132097329	2	554	chunk-verified	fetch=684ms
72018	1789132097365	2	584	succeeded	attempt 1 watch=325ms
72049	1789132097396	1	601	succeeded	attempt 1 watch=257ms
72058	1789132097405	0	735	succeeded	attempt 1 watch=304ms
72072	1789132097418	1	574	chunk-verified	fetch=788ms
72075	1789132097421	2	557	chunk-verified	fetch=732ms
72077	1789132097424	1	577	chunk-verified	fetch=704ms
72101	1789132097447	1	604	succeeded	attempt 1 watch=277ms
72106	1789132097452	2	587	succeeded	attempt 1 watch=316ms
72114	1789132097460	0	738	succeeded	attempt 1 watch=342ms
72130	1789132097476	1	607	succeeded	attempt 1 watch=282ms
72140	1789132097486	2	590	succeeded	attempt 1 watch=316ms
72154	1789132097500	1	580	chunk-verified	fetch=706ms
72159	1789132097505	2	560	chunk-verified	fetch=689ms
72168	1789132097515	0	711	chunk-verified	fetch=698ms
72173	1789132097520	1	610	succeeded	attempt 1 watch=289ms
72176	1789132097522	1	583	chunk-verified	fetch=643ms
72178	1789132097525	2	593	succeeded	attempt 1 watch=325ms
72178	1789132097525	2	563	chunk-verified	fetch=685ms
72181	1789132097527	0	741	succeeded	attempt 1 watch=323ms
72205	1789132097551	1	613	succeeded	attempt 1 watch=294ms
72208	1789132097554	2	596	succeeded	attempt 1 watch=328ms
72213	1789132097560	0	744	succeeded	attempt 1 watch=331ms
72242	1789132097589	1	616	succeeded	attempt 1 watch=310ms
72250	1789132097596	0	747	succeeded	attempt 1 watch=346ms
72262	1789132097609	1	586	chunk-verified	fetch=673ms
72262	1789132097609	2	566	chunk-verified	fetch=702ms
72265	1789132097611	0	714	chunk-verified	fetch=709ms
72273	1789132097619	2	599	succeeded	attempt 1 watch=295ms
72275	1789132097622	1	619	succeeded	attempt 1 watch=315ms
72288	1789132097635	2	569	chunk-verified	fetch=697ms
72291	1789132097637	1	589	chunk-verified	fetch=642ms
72301	1789132097647	0	750	succeeded	attempt 1 watch=366ms
72303	1789132097650	2	602	succeeded	attempt 1 watch=320ms
72313	1789132097659	1	592	chunk-verified	fetch=633ms
72326	1789132097672	2	572	chunk-verified	fetch=643ms
72333	1789132097680	0	753	succeeded	attempt 1 watch=381ms
72333	1789132097680	1	595	chunk-verified	fetch=623ms
72339	1789132097685	1	622	succeeded	attempt 1 watch=266ms
72358	1789132097705	0	717	chunk-verified	fetch=673ms
72368	1789132097715	0	756	succeeded	attempt 1 watch=388ms
72370	1789132097717	1	625	succeeded	attempt 1 watch=293ms
72375	1789132097722	2	605	succeeded	attempt 1 watch=300ms
72375	1789132097722	1	598	chunk-verified	fetch=570ms
72393	1789132097739	2	575	chunk-verified	fetch=654ms
72414	1789132097760	0	720	chunk-verified	fetch=705ms
72438	1789132097785	2	578	chunk-verified	fetch=671ms
72441	1789132097787	0	726	chunk-verified	fetch=671ms
72454	1789132097800	2	608	succeeded	attempt 1 watch=294ms
72456	1789132097803	0	723	chunk-verified	fetch=720ms
72461	1789132097808	0	759	succeeded	attempt 1 watch=292ms
72469	1789132097816	1	628	succeeded	attempt 1 watch=315ms
72490	1789132097836	0	729	chunk-verified	fetch=642ms
72508	1789132097854	1	631	succeeded	attempt 1 watch=332ms
72511	1789132097857	2	611	succeeded	attempt 1 watch=332ms
72541	1789132097887	0	762	succeeded	attempt 1 watch=275ms
72563	1789132097910	2	614	succeeded	attempt 1 watch=300ms
72587	1789132097933	0	732	chunk-verified	fetch=668ms
72597	1789132097943	2	581	chunk-verified	fetch=642ms
72610	1789132097956	1	634	succeeded	attempt 1 watch=347ms
72628	1789132097975	2	617	succeeded	attempt 1 watch=339ms
72657	1789132098004	1	637	succeeded	attempt 1 watch=366ms
72664	1789132098011	0	765	succeeded	attempt 1 watch=306ms
72688	1789132098034	1	640	succeeded	attempt 1 watch=374ms
72688	1789132098034	2	620	succeeded	attempt 1 watch=361ms
72698	1789132098045	1	601	chunk-verified	fetch=648ms
72716	1789132098063	1	643	succeeded	attempt 1 watch=382ms
72731	1789132098077	2	584	chunk-verified	fetch=712ms
72739	1789132098085	0	735	chunk-verified	fetch=680ms
72741	1789132098088	2	623	succeeded	attempt 1 watch=348ms
72750	1789132098097	0	753	admit-refused	stalled read ordinal 753
72765	1789132098112	0	744	chunk-verified	fetch=551ms
72782	1789132098128	0	759	admit-refused	stalled read ordinal 759
72782	1789132098128	0	762	admit-refused	stalled read ordinal 762
72782	1789132098129	0	765	admit-refused	stalled read ordinal 765
72783	1789132098129	0	738	chunk-verified	fetch=669ms
72788	1789132098135	2	626	succeeded	attempt 1 watch=350ms
72788	1789132098135	2	590	chunk-verified	fetch=648ms
72800	1789132098147	0	747	chunk-verified	fetch=550ms
72812	1789132098159	1	646	succeeded	attempt 1 watch=436ms
72817	1789132098164	0	756	chunk-verified	fetch=448ms
72827	1789132098174	2	587	chunk-verified	fetch=721ms
72847	1789132098194	1	604	chunk-verified	fetch=746ms
72855	1789132098202	0	741	chunk-verified	fetch=674ms
72868	1789132098215	2	593	chunk-verified	fetch=689ms
72883	1789132098229	1	607	chunk-verified	fetch=753ms
72893	1789132098240	0	753	chunk-verified	fetch=559ms
72899	1789132098245	2	596	chunk-verified	fetch=690ms
72914	1789132098261	0	750	chunk-verified	fetch=613ms
72932	1789132098278	2	629	succeeded	attempt 1 watch=335ms
72937	1789132098283	0	759	chunk-verified	fetch=475ms
72937	1789132098283	1	610	chunk-verified	fetch=763ms
72958	1789132098304	1	619	chunk-verified	fetch=682ms
72979	1789132098325	2	599	chunk-verified	fetch=705ms
72981	1789132098327	1	613	chunk-verified	fetch=776ms
72983	1789132098330	0	765	chunk-verified	fetch=318ms
72996	1789132098343	1	616	chunk-verified	fetch=754ms
73017	1789132098364	2	602	chunk-verified	fetch=713ms
73019	1789132098366	0	762	chunk-verified	fetch=478ms
73031	1789132098377	2	632	succeeded	attempt 1 watch=299ms
73033	1789132098380	2	605	chunk-verified	fetch=657ms
73036	1789132098382	1	649	succeeded	attempt 1 watch=337ms
73092	1789132098438	1	622	chunk-verified	fetch=753ms
73097	1789132098444	0	-1	scope-pages	1 pages
73104	1789132098451	1	652	succeeded	attempt 1 watch=256ms
73104	1789132098451	1	628	chunk-verified	fetch=635ms
73117	1789132098464	2	635	succeeded	attempt 1 watch=328ms
73127	1789132098474	1	655	succeeded	attempt 1 watch=244ms
73135	1789132098482	1	631	chunk-verified	fetch=627ms
73138	1789132098484	2	638	succeeded	attempt 1 watch=310ms
73153	1789132098500	2	608	chunk-verified	fetch=699ms
73159	1789132098505	1	634	chunk-verified	fetch=548ms
73161	1789132098508	2	641	succeeded	attempt 1 watch=293ms
73161	1789132098508	1	658	succeeded	attempt 1 watch=224ms
73177	1789132098524	2	611	chunk-verified	fetch=666ms
73182	1789132098528	0	-1	checkpoint	declared 256
73192	1789132098539	2	614	chunk-verified	fetch=628ms
73192	1789132098539	1	625	chunk-verified	fetch=821ms
73195	1789132098541	1	661	succeeded	attempt 1 watch=236ms
73195	1789132098541	2	644	succeeded	attempt 1 watch=295ms
73208	1789132098554	1	637	chunk-verified	fetch=550ms
73216	1789132098562	1	664	succeeded	attempt 1 watch=234ms
73227	1789132098574	0	-1	complete	declared 256
73227	1789132098574	0	-1	commits	256 chunks
73232	1789132098579	2	647	succeeded	attempt 1 watch=253ms
73240	1789132098586	1	667	succeeded	attempt 1 watch=243ms
73255	1789132098601	2	650	succeeded	attempt 1 watch=237ms
73258	1789132098604	1	640	chunk-verified	fetch=569ms
73260	1789132098607	2	617	chunk-verified	fetch=632ms
73288	1789132098635	2	620	chunk-verified	fetch=600ms
73299	1789132098646	1	670	succeeded	attempt 1 watch=207ms
73306	1789132098653	0	-1	session-close	
73312	1789132098658	2	653	succeeded	attempt 1 watch=278ms
73314	1789132098661	1	643	chunk-verified	fetch=597ms
73322	1789132098669	1	673	succeeded	attempt 1 watch=217ms
73343	1789132098689	1	646	chunk-verified	fetch=530ms
73350	1789132098697	2	623	chunk-verified	fetch=608ms
73352	1789132098699	2	626	chunk-verified	fetch=564ms
73386	1789132098732	2	656	succeeded	attempt 1 watch=232ms
73396	1789132098743	1	676	succeeded	attempt 1 watch=260ms
73415	1789132098761	1	679	succeeded	attempt 1 watch=255ms
73425	1789132098772	2	659	succeeded	attempt 1 watch=248ms
73454	1789132098800	2	662	succeeded	attempt 1 watch=261ms
73454	1789132098800	1	682	succeeded	attempt 1 watch=261ms
73500	1789132098847	1	685	succeeded	attempt 1 watch=292ms
73513	1789132098859	2	629	chunk-verified	fetch=580ms
73536	1789132098883	2	665	succeeded	attempt 1 watch=276ms
73552	1789132098899	2	668	succeeded	attempt 1 watch=263ms
73558	1789132098904	1	688	succeeded	attempt 1 watch=300ms
73594	1789132098940	2	632	chunk-verified	fetch=562ms
73604	1789132098951	1	649	chunk-verified	fetch=568ms
73616	1789132098963	2	671	succeeded	attempt 1 watch=266ms
73619	1789132098965	1	691	succeeded	attempt 1 watch=304ms
73629	1789132098976	2	635	chunk-verified	fetch=511ms
73644	1789132098991	2	674	succeeded	attempt 1 watch=291ms
73665	1789132099011	1	694	succeeded	attempt 1 watch=322ms
73681	1789132099027	1	652	chunk-verified	fetch=576ms
73683	1789132099030	2	638	chunk-verified	fetch=545ms
73702	1789132099048	1	655	chunk-verified	fetch=574ms
73704	1789132099051	2	641	chunk-verified	fetch=542ms
73754	1789132099100	1	658	chunk-verified	fetch=592ms
73759	1789132099105	2	677	succeeded	attempt 1 watch=245ms
73769	1789132099115	2	644	chunk-verified	fetch=574ms
73781	1789132099128	2	647	chunk-verified	fetch=548ms
73809	1789132099156	2	650	chunk-verified	fetch=554ms
73827	1789132099174	1	661	chunk-verified	fetch=632ms
73838	1789132099184	2	680	succeeded	attempt 1 watch=244ms
73840	1789132099187	1	670	chunk-verified	fetch=541ms
73840	1789132099187	1	697	succeeded	attempt 1 watch=236ms
73848	1789132099195	2	653	chunk-verified	fetch=536ms
73875	1789132099222	1	664	chunk-verified	fetch=659ms
73891	1789132099237	2	683	succeeded	attempt 1 watch=261ms
73893	1789132099240	1	673	chunk-verified	fetch=571ms
73908	1789132099255	1	700	succeeded	attempt 1 watch=227ms
73916	1789132099263	1	667	chunk-verified	fetch=676ms
73937	1789132099283	1	676	chunk-verified	fetch=540ms
73937	1789132099283	2	686	succeeded	attempt 1 watch=253ms
73937	1789132099283	1	703	succeeded	attempt 1 watch=235ms
73951	1789132099298	2	656	chunk-verified	fetch=565ms
73954	1789132099300	2	689	succeeded	attempt 1 watch=249ms
73959	1789132099305	1	706	succeeded	attempt 1 watch=205ms
73969	1789132099316	1	679	chunk-verified	fetch=554ms
73972	1789132099319	2	659	chunk-verified	fetch=546ms
73990	1789132099336	1	682	chunk-verified	fetch=535ms
73992	1789132099339	2	662	chunk-verified	fetch=538ms
73995	1789132099341	1	709	succeeded	attempt 1 watch=167ms
74009	1789132099356	1	685	chunk-verified	fetch=509ms
74022	1789132099368	1	712	succeeded	attempt 1 watch=181ms
74024	1789132099371	2	692	succeeded	attempt 1 watch=255ms
74024	1789132099371	1	688	chunk-verified	fetch=466ms
74043	1789132099389	2	695	succeeded	attempt 1 watch=261ms
74063	1789132099410	2	665	chunk-verified	fetch=526ms
74074	1789132099420	2	698	succeeded	attempt 1 watch=264ms
74076	1789132099423	1	715	succeeded	attempt 1 watch=200ms
74092	1789132099439	1	691	chunk-verified	fetch=473ms
74111	1789132099457	1	694	chunk-verified	fetch=445ms
74113	1789132099460	1	718	succeeded	attempt 1 watch=219ms
74131	1789132099478	2	668	chunk-verified	fetch=578ms
74137	1789132099483	2	701	succeeded	attempt 1 watch=288ms
74158	1789132099504	1	721	succeeded	attempt 1 watch=241ms
74170	1789132099517	2	671	chunk-verified	fetch=553ms
74183	1789132099529	2	674	chunk-verified	fetch=538ms
74191	1789132099537	1	724	succeeded	attempt 1 watch=253ms
74204	1789132099550	2	704	succeeded	attempt 1 watch=252ms
74239	1789132099585	2	707	succeeded	attempt 1 watch=266ms
74241	1789132099588	1	727	succeeded	attempt 1 watch=271ms
74262	1789132099609	2	710	succeeded	attempt 1 watch=270ms
74262	1789132099609	1	730	succeeded	attempt 1 watch=272ms
74280	1789132099627	2	677	chunk-verified	fetch=521ms
74304	1789132099651	1	733	succeeded	attempt 1 watch=294ms
74320	1789132099667	2	713	succeeded	attempt 1 watch=256ms
74341	1789132099688	1	736	succeeded	attempt 1 watch=316ms
74370	1789132099717	2	716	succeeded	attempt 1 watch=238ms
74380	1789132099727	1	697	chunk-verified	fetch=539ms
74383	1789132099729	2	680	chunk-verified	fetch=544ms
74400	1789132099747	1	739	succeeded	attempt 1 watch=308ms
74426	1789132099773	2	719	succeeded	attempt 1 watch=256ms
74426	1789132099773	1	742	succeeded	attempt 1 watch=315ms
74442	1789132099789	2	683	chunk-verified	fetch=551ms
74452	1789132099799	2	722	succeeded	attempt 1 watch=269ms
74462	1789132099809	2	686	chunk-verified	fetch=525ms
74480	1789132099827	1	700	chunk-verified	fetch=571ms
74528	1789132099874	2	689	chunk-verified	fetch=573ms
74554	1789132099901	1	703	chunk-verified	fetch=617ms
74559	1789132099906	2	725	succeeded	attempt 1 watch=278ms
74567	1789132099914	1	706	chunk-verified	fetch=608ms
74599	1789132099945	1	709	chunk-verified	fetch=603ms
74601	1789132099948	2	692	chunk-verified	fetch=576ms
74627	1789132099974	1	712	chunk-verified	fetch=605ms
74630	1789132099976	2	698	chunk-verified	fetch=556ms
74643	1789132099989	2	728	succeeded	attempt 1 watch=259ms
74648	1789132099995	2	695	chunk-verified	fetch=605ms
74651	1789132099997	1	745	succeeded	attempt 1 watch=270ms
74685	1789132100031	2	701	chunk-verified	fetch=548ms
74687	1789132100034	1	715	chunk-verified	fetch=611ms
74705	1789132100051	2	731	succeeded	attempt 1 watch=262ms
74728	1789132100075	1	748	succeeded	attempt 1 watch=247ms
74741	1789132100087	1	718	chunk-verified	fetch=627ms
74751	1789132100098	2	734	succeeded	attempt 1 watch=288ms
74751	1789132100098	1	751	succeeded	attempt 1 watch=196ms
74764	1789132100111	1	724	chunk-verified	fetch=573ms
74775	1789132100121	1	754	succeeded	attempt 1 watch=207ms
74777	1789132100124	2	737	succeeded	attempt 1 watch=249ms
74791	1789132100137	1	730	chunk-verified	fetch=528ms
74796	1789132100142	2	704	chunk-verified	fetch=591ms
74811	1789132100158	1	757	succeeded	attempt 1 watch=212ms
74811	1789132100158	1	733	chunk-verified	fetch=507ms
74814	1789132100161	2	707	chunk-verified	fetch=575ms
74827	1789132100173	2	740	succeeded	attempt 1 watch=225ms
74839	1789132100186	2	713	chunk-verified	fetch=519ms
74842	1789132100188	1	760	succeeded	attempt 1 watch=214ms
74844	1789132100191	1	721	chunk-verified	fetch=686ms
74855	1789132100201	2	743	succeeded	attempt 1 watch=224ms
74865	1789132100212	1	736	chunk-verified	fetch=523ms
74865	1789132100212	2	716	chunk-verified	fetch=494ms
74883	1789132100230	2	710	chunk-verified	fetch=621ms
74886	1789132100233	1	763	succeeded	attempt 1 watch=199ms
74889	1789132100235	1	727	chunk-verified	fetch=647ms
74907	1789132100254	2	746	succeeded	attempt 1 watch=259ms
74915	1789132100262	1	739	chunk-verified	fetch=514ms
74945	1789132100292	1	742	chunk-verified	fetch=519ms
74945	1789132100292	2	749	succeeded	attempt 1 watch=260ms
74951	1789132100297	1	766	succeeded	attempt 1 watch=210ms
74954	1789132100300	2	719	chunk-verified	fetch=527ms
75031	1789132100378	2	722	chunk-verified	fetch=579ms
75048	1789132100394	2	752	succeeded	attempt 1 watch=251ms
75074	1789132100420	2	755	succeeded	attempt 1 watch=259ms
75074	1789132100420	1	745	chunk-verified	fetch=423ms
75088	1789132100435	1	763	admit-refused	stalled read ordinal 763
75089	1789132100435	1	766	admit-refused	stalled read ordinal 766
75089	1789132100436	1	748	chunk-verified	fetch=360ms
75092	1789132100438	2	725	chunk-verified	fetch=532ms
75119	1789132100465	1	751	chunk-verified	fetch=367ms
75124	1789132100471	2	758	succeeded	attempt 1 watch=284ms
75139	1789132100486	1	754	chunk-verified	fetch=364ms
75146	1789132100492	1	757	chunk-verified	fetch=334ms
75159	1789132100506	2	761	succeeded	attempt 1 watch=294ms
75179	1789132100525	2	764	succeeded	attempt 1 watch=295ms
75204	1789132100551	1	760	chunk-verified	fetch=362ms
75207	1789132100554	2	728	chunk-verified	fetch=564ms
75223	1789132100569	1	766	chunk-verified	fetch=271ms
75225	1789132100571	2	767	succeeded	attempt 1 watch=271ms
75238	1789132100585	1	763	chunk-verified	fetch=351ms
75257	1789132100604	2	731	chunk-verified	fetch=552ms
75275	1789132100622	2	734	chunk-verified	fetch=524ms
75296	1789132100643	2	737	chunk-verified	fetch=518ms
75307	1789132100653	1	-1	scope-pages	1 pages
75317	1789132100663	2	740	chunk-verified	fetch=489ms
75338	1789132100685	2	743	chunk-verified	fetch=483ms
75367	1789132100713	2	758	admit-refused	stalled read ordinal 758
75367	1789132100713	2	761	admit-refused	stalled read ordinal 761
75367	1789132100714	2	764	admit-refused	stalled read ordinal 764
75367	1789132100714	2	767	admit-refused	stalled read ordinal 767
75370	1789132100717	1	-1	checkpoint	declared 256
75396	1789132100743	2	746	chunk-verified	fetch=488ms
75416	1789132100762	1	-1	complete	declared 256
75416	1789132100762	1	-1	commits	256 chunks
75419	1789132100765	2	749	chunk-verified	fetch=473ms
75431	1789132100778	2	752	chunk-verified	fetch=383ms
75439	1789132100785	2	755	chunk-verified	fetch=364ms
75495	1789132100842	1	-1	session-close	
75505	1789132100851	2	761	chunk-verified	fetch=345ms
75515	1789132100862	2	764	chunk-verified	fetch=336ms
75545	1789132100892	2	758	chunk-verified	fetch=420ms
75576	1789132100923	2	767	chunk-verified	fetch=351ms
75630	1789132100976	2	-1	scope-pages	1 pages
75685	1789132101032	2	-1	checkpoint	declared 256
75730	1789132101077	2	-1	complete	declared 256
75730	1789132101077	2	-1	commits	256 chunks
75812	1789132101158	2	-1	session-close	
0	1789132101265	-	-	final-verified	50331648 bytes
