210	1789237477897	1	-1	session-open	workload-b
214	1789237477901	0	-1	session-open	workload-a
273	1789237477960	2	-1	session-open	workload-c
289	1789237477976	0	-1	declared	batch 0: 100 entities
289	1789237477976	1	-1	declared	batch 0: 100 entities
356	1789237478043	1	-1	declared	batch 1: 100 entities
361	1789237478048	0	-1	declared	batch 1: 100 entities
405	1789237478092	2	-1	declared	batch 0: 100 entities
435	1789237478122	0	-1	declared	batch 2: 100 entities
441	1789237478128	1	-1	declared	batch 2: 100 entities
519	1789237478206	0	-1	declared	batch 3: 42 entities
523	1789237478210	1	-1	declared	batch 3: 41 entities
559	1789237478246	2	-1	declared	batch 1: 100 entities
702	1789237478389	2	-1	declared	batch 2: 100 entities
730	1789237478418	0	12	admit-ceiling	LIMIT_EXCEEDED: client unresolved admission ceiling
764	1789237478451	0	6	admit-ceiling	LIMIT_EXCEEDED: client unresolved admission ceiling
779	1789237478466	1	4	admit-ceiling	LIMIT_EXCEEDED: client unresolved admission ceiling
798	1789237478485	0	36	admit-ceiling	LIMIT_EXCEEDED: client unresolved admission ceiling
824	1789237478512	2	-1	declared	batch 3: 41 entities
865	1789237478552	0	0	admit-ceiling	LIMIT_EXCEEDED: client unresolved admission ceiling
892	1789237478579	1	40	admit-ceiling	LIMIT_EXCEEDED: client unresolved admission ceiling
903	1789237478590	0	21	admit-ceiling	LIMIT_EXCEEDED: client unresolved admission ceiling
929	1789237478616	1	37	admit-ceiling	LIMIT_EXCEEDED: client unresolved admission ceiling
939	1789237478626	0	18	admit-ceiling	LIMIT_EXCEEDED: client unresolved admission ceiling
969	1789237478656	1	19	admit-ceiling	LIMIT_EXCEEDED: client unresolved admission ceiling
974	1789237478662	0	42	admit-ceiling	LIMIT_EXCEEDED: client unresolved admission ceiling
1009	1789237478697	1	7	admit-ceiling	LIMIT_EXCEEDED: client unresolved admission ceiling
1009	1789237478697	0	39	admit-ceiling	LIMIT_EXCEEDED: client unresolved admission ceiling
1009	1789237478697	2	47	admit-ceiling	LIMIT_EXCEEDED: client unresolved admission ceiling
1040	1789237478727	0	27	admit-ceiling	LIMIT_EXCEEDED: client unresolved admission ceiling
1040	1789237478727	1	43	admit-ceiling	LIMIT_EXCEEDED: client unresolved admission ceiling
1040	1789237478727	2	20	admit-ceiling	LIMIT_EXCEEDED: client unresolved admission ceiling
1076	1789237478763	2	23	admit-ceiling	LIMIT_EXCEEDED: client unresolved admission ceiling
1107	1789237478794	1	22	admit-ceiling	LIMIT_EXCEEDED: client unresolved admission ceiling
1107	1789237478794	0	9	admitted	admit=587ms
1111	1789237478798	2	14	admit-ceiling	LIMIT_EXCEEDED: client unresolved admission ceiling
1142	1789237478829	1	10	admitted	admit=617ms
1142	1789237478829	0	15	admitted	admit=621ms
1147	1789237478834	2	35	admit-ceiling	LIMIT_EXCEEDED: client unresolved admission ceiling
1177	1789237478864	0	45	admitted	admit=656ms
1177	1789237478864	1	46	admitted	admit=652ms
1180	1789237478867	0	12	admit-ceiling	LIMIT_EXCEEDED: client unresolved admission ceiling
1180	1789237478867	0	6	admit-ceiling	LIMIT_EXCEEDED: client unresolved admission ceiling
1180	1789237478867	0	36	admit-ceiling	LIMIT_EXCEEDED: client unresolved admission ceiling
1180	1789237478867	0	0	admit-ceiling	LIMIT_EXCEEDED: client unresolved admission ceiling
1180	1789237478867	0	21	admit-ceiling	LIMIT_EXCEEDED: client unresolved admission ceiling
1181	1789237478868	0	18	admit-ceiling	LIMIT_EXCEEDED: client unresolved admission ceiling
1181	1789237478868	0	42	admit-ceiling	LIMIT_EXCEEDED: client unresolved admission ceiling
1181	1789237478868	0	39	admit-ceiling	LIMIT_EXCEEDED: client unresolved admission ceiling
1182	1789237478869	0	27	admit-ceiling	LIMIT_EXCEEDED: client unresolved admission ceiling
1187	1789237478874	2	44	admit-ceiling	LIMIT_EXCEEDED: client unresolved admission ceiling
1212	1789237478899	1	28	admitted	admit=687ms
1223	1789237478910	0	48	admit-ceiling	LIMIT_EXCEEDED: client unresolved admission ceiling
1249	1789237478936	1	16	admitted	admit=724ms
1258	1789237478946	0	51	admit-ceiling	LIMIT_EXCEEDED: client unresolved admission ceiling
1269	1789237478956	2	5	admit-ceiling	LIMIT_EXCEEDED: client unresolved admission ceiling
1285	1789237478972	1	13	admitted	admit=760ms
1288	1789237478975	1	4	admit-ceiling	LIMIT_EXCEEDED: client unresolved admission ceiling
1288	1789237478975	1	40	admit-ceiling	LIMIT_EXCEEDED: client unresolved admission ceiling
1288	1789237478975	1	37	admit-ceiling	LIMIT_EXCEEDED: client unresolved admission ceiling
1288	1789237478975	1	19	admit-ceiling	LIMIT_EXCEEDED: client unresolved admission ceiling
1288	1789237478975	1	7	admit-ceiling	LIMIT_EXCEEDED: client unresolved admission ceiling
1288	1789237478975	1	43	admit-ceiling	LIMIT_EXCEEDED: client unresolved admission ceiling
1289	1789237478976	1	22	admit-ceiling	LIMIT_EXCEEDED: client unresolved admission ceiling
1295	1789237478982	0	54	admit-ceiling	LIMIT_EXCEEDED: client unresolved admission ceiling
1304	1789237478991	2	41	admit-ceiling	LIMIT_EXCEEDED: client unresolved admission ceiling
1325	1789237479012	0	48	admit-ceiling	LIMIT_EXCEEDED: client unresolved admission ceiling
1341	1789237479028	2	8	admit-ceiling	LIMIT_EXCEEDED: client unresolved admission ceiling
1355	1789237479042	1	52	admit-ceiling	LIMIT_EXCEEDED: client unresolved admission ceiling
1360	1789237479047	0	51	admit-ceiling	LIMIT_EXCEEDED: client unresolved admission ceiling
1376	1789237479063	2	11	admit-ceiling	LIMIT_EXCEEDED: client unresolved admission ceiling
1381	1789237479068	1	55	admit-ceiling	LIMIT_EXCEEDED: client unresolved admission ceiling
1383	1789237479071	0	42	admit-ceiling	LIMIT_EXCEEDED: client unresolved admission ceiling
1384	1789237479071	0	12	admit-ceiling	LIMIT_EXCEEDED: client unresolved admission ceiling
1384	1789237479071	0	6	admit-ceiling	LIMIT_EXCEEDED: client unresolved admission ceiling
1384	1789237479071	0	0	admit-ceiling	LIMIT_EXCEEDED: client unresolved admission ceiling
1384	1789237479071	0	36	admit-ceiling	LIMIT_EXCEEDED: client unresolved admission ceiling
1384	1789237479071	0	21	admit-ceiling	LIMIT_EXCEEDED: client unresolved admission ceiling
1384	1789237479071	0	18	admit-ceiling	LIMIT_EXCEEDED: client unresolved admission ceiling
1384	1789237479072	0	27	admit-ceiling	LIMIT_EXCEEDED: client unresolved admission ceiling
1385	1789237479072	0	39	admit-ceiling	LIMIT_EXCEEDED: client unresolved admission ceiling
1396	1789237479083	0	54	admit-ceiling	LIMIT_EXCEEDED: client unresolved admission ceiling
1411	1789237479098	2	2	admit-ceiling	LIMIT_EXCEEDED: client unresolved admission ceiling
1440	1789237479128	0	24	admitted	admit=920ms
1446	1789237479134	2	29	admitted	admit=621ms
1449	1789237479136	2	47	admit-ceiling	LIMIT_EXCEEDED: client unresolved admission ceiling
1449	1789237479136	2	20	admit-ceiling	LIMIT_EXCEEDED: client unresolved admission ceiling
1449	1789237479136	2	23	admit-ceiling	LIMIT_EXCEEDED: client unresolved admission ceiling
1449	1789237479136	2	14	admit-ceiling	LIMIT_EXCEEDED: client unresolved admission ceiling
1449	1789237479136	2	35	admit-ceiling	LIMIT_EXCEEDED: client unresolved admission ceiling
1449	1789237479136	2	44	admit-ceiling	LIMIT_EXCEEDED: client unresolved admission ceiling
1449	1789237479137	2	5	admit-ceiling	LIMIT_EXCEEDED: client unresolved admission ceiling
1450	1789237479137	2	41	admit-ceiling	LIMIT_EXCEEDED: client unresolved admission ceiling
1450	1789237479137	2	8	admit-ceiling	LIMIT_EXCEEDED: client unresolved admission ceiling
1462	1789237479149	1	61	admit-ceiling	LIMIT_EXCEEDED: client unresolved admission ceiling
1490	1789237479177	2	50	admit-ceiling	LIMIT_EXCEEDED: client unresolved admission ceiling
1491	1789237479178	2	11	admit-ceiling	LIMIT_EXCEEDED: client unresolved admission ceiling
1496	1789237479183	1	25	admitted	admit=970ms
1513	1789237479200	2	2	admit-ceiling	LIMIT_EXCEEDED: client unresolved admission ceiling
1527	1789237479214	0	48	admit-ceiling	LIMIT_EXCEEDED: client unresolved admission ceiling
1533	1789237479220	1	49	admitted	admit=247ms
1536	1789237479223	1	52	admit-ceiling	LIMIT_EXCEEDED: client unresolved admission ceiling
1536	1789237479223	1	55	admit-ceiling	LIMIT_EXCEEDED: client unresolved admission ceiling
1536	1789237479223	1	37	admit-ceiling	LIMIT_EXCEEDED: client unresolved admission ceiling
1536	1789237479223	1	4	admit-ceiling	LIMIT_EXCEEDED: client unresolved admission ceiling
1536	1789237479223	1	40	admit-ceiling	LIMIT_EXCEEDED: client unresolved admission ceiling
1536	1789237479223	1	43	admit-ceiling	LIMIT_EXCEEDED: client unresolved admission ceiling
1537	1789237479224	1	22	admit-ceiling	LIMIT_EXCEEDED: client unresolved admission ceiling
1537	1789237479224	1	19	admit-ceiling	LIMIT_EXCEEDED: client unresolved admission ceiling
1537	1789237479224	1	7	admit-ceiling	LIMIT_EXCEEDED: client unresolved admission ceiling
1562	1789237479249	0	51	admit-ceiling	LIMIT_EXCEEDED: client unresolved admission ceiling
1571	1789237479258	1	64	admit-ceiling	LIMIT_EXCEEDED: client unresolved admission ceiling
1598	1789237479285	0	54	admit-ceiling	LIMIT_EXCEEDED: client unresolved admission ceiling
1608	1789237479295	1	67	admit-ceiling	LIMIT_EXCEEDED: client unresolved admission ceiling
1608	1789237479296	1	61	admit-ceiling	LIMIT_EXCEEDED: client unresolved admission ceiling
1623	1789237479310	2	17	admitted	admit=797ms
1659	1789237479346	2	53	admit-ceiling	LIMIT_EXCEEDED: client unresolved admission ceiling
1662	1789237479349	2	47	admit-ceiling	LIMIT_EXCEEDED: client unresolved admission ceiling
1662	1789237479349	2	23	admit-ceiling	LIMIT_EXCEEDED: client unresolved admission ceiling
1662	1789237479349	2	20	admit-ceiling	LIMIT_EXCEEDED: client unresolved admission ceiling
1662	1789237479350	2	14	admit-ceiling	LIMIT_EXCEEDED: client unresolved admission ceiling
1663	1789237479350	2	8	admit-ceiling	LIMIT_EXCEEDED: client unresolved admission ceiling
1663	1789237479350	2	41	admit-ceiling	LIMIT_EXCEEDED: client unresolved admission ceiling
1663	1789237479350	2	44	admit-ceiling	LIMIT_EXCEEDED: client unresolved admission ceiling
1663	1789237479350	2	5	admit-ceiling	LIMIT_EXCEEDED: client unresolved admission ceiling
1663	1789237479350	2	35	admit-ceiling	LIMIT_EXCEEDED: client unresolved admission ceiling
1672	1789237479359	1	64	admit-ceiling	LIMIT_EXCEEDED: client unresolved admission ceiling
1693	1789237479380	2	11	admit-ceiling	LIMIT_EXCEEDED: client unresolved admission ceiling
1709	1789237479396	1	67	admit-ceiling	LIMIT_EXCEEDED: client unresolved admission ceiling
1715	1789237479402	2	2	admit-ceiling	LIMIT_EXCEEDED: client unresolved admission ceiling
1737	1789237479424	1	52	admit-ceiling	LIMIT_EXCEEDED: client unresolved admission ceiling
1738	1789237479425	1	55	admit-ceiling	LIMIT_EXCEEDED: client unresolved admission ceiling
1761	1789237479448	2	53	admit-ceiling	LIMIT_EXCEEDED: client unresolved admission ceiling
1789	1789237479476	0	33	admitted	admit=1268ms
1792	1789237479479	0	12	admit-ceiling	LIMIT_EXCEEDED: client unresolved admission ceiling
1792	1789237479479	0	0	admit-ceiling	LIMIT_EXCEEDED: client unresolved admission ceiling
1792	1789237479480	0	6	admit-ceiling	LIMIT_EXCEEDED: client unresolved admission ceiling
1793	1789237479480	0	42	admit-ceiling	LIMIT_EXCEEDED: client unresolved admission ceiling
1793	1789237479480	0	39	admit-ceiling	LIMIT_EXCEEDED: client unresolved admission ceiling
1793	1789237479480	0	21	admit-ceiling	LIMIT_EXCEEDED: client unresolved admission ceiling
1793	1789237479480	0	27	admit-ceiling	LIMIT_EXCEEDED: client unresolved admission ceiling
1793	1789237479480	0	18	admit-ceiling	LIMIT_EXCEEDED: client unresolved admission ceiling
1810	1789237479497	2	38	admitted	admit=984ms
1810	1789237479497	1	61	admit-ceiling	LIMIT_EXCEEDED: client unresolved admission ceiling
1825	1789237479512	0	60	admit-ceiling	LIMIT_EXCEEDED: client unresolved admission ceiling
1861	1789237479548	1	34	admitted	admit=1335ms
1891	1789237479578	0	36	admit-retried	succeeded after 3 refusals
1891	1789237479578	0	36	admitted	admit=1370ms
1892	1789237479579	1	64	admit-ceiling	LIMIT_EXCEEDED: client unresolved admission ceiling
1910	1789237479597	1	67	admit-ceiling	LIMIT_EXCEEDED: client unresolved admission ceiling
1927	1789237479614	0	60	admit-ceiling	LIMIT_EXCEEDED: client unresolved admission ceiling
1927	1789237479615	0	48	admit-ceiling	LIMIT_EXCEEDED: client unresolved admission ceiling
1940	1789237479627	1	19	admit-ceiling	LIMIT_EXCEEDED: client unresolved admission ceiling
1940	1789237479627	1	37	admit-ceiling	LIMIT_EXCEEDED: client unresolved admission ceiling
1940	1789237479627	1	22	admit-ceiling	LIMIT_EXCEEDED: client unresolved admission ceiling
1940	1789237479627	1	7	admit-ceiling	LIMIT_EXCEEDED: client unresolved admission ceiling
1940	1789237479627	1	4	admit-ceiling	LIMIT_EXCEEDED: client unresolved admission ceiling
1940	1789237479628	1	43	admit-ceiling	LIMIT_EXCEEDED: client unresolved admission ceiling
1941	1789237479628	1	40	admit-ceiling	LIMIT_EXCEEDED: client unresolved admission ceiling
1964	1789237479651	2	53	admit-ceiling	LIMIT_EXCEEDED: client unresolved admission ceiling
1964	1789237479651	0	51	admit-ceiling	LIMIT_EXCEEDED: client unresolved admission ceiling
2007	1789237479694	2	26	admitted	admit=1181ms
2029	1789237479716	0	63	admitted	admit=137ms
2063	1789237479750	0	57	admitted	admit=622ms
2066	1789237479754	2	47	admit-ceiling	LIMIT_EXCEEDED: client unresolved admission ceiling
2067	1789237479754	2	23	admit-ceiling	LIMIT_EXCEEDED: client unresolved admission ceiling
2067	1789237479754	2	20	admit-ceiling	LIMIT_EXCEEDED: client unresolved admission ceiling
2067	1789237479754	2	14	admit-ceiling	LIMIT_EXCEEDED: client unresolved admission ceiling
2067	1789237479754	2	8	admit-ceiling	LIMIT_EXCEEDED: client unresolved admission ceiling
2067	1789237479754	2	41	admit-ceiling	LIMIT_EXCEEDED: client unresolved admission ceiling
2067	1789237479754	2	44	admit-ceiling	LIMIT_EXCEEDED: client unresolved admission ceiling
2067	1789237479755	2	5	admit-ceiling	LIMIT_EXCEEDED: client unresolved admission ceiling
2068	1789237479755	2	35	admit-ceiling	LIMIT_EXCEEDED: client unresolved admission ceiling
2095	1789237479782	2	11	admit-ceiling	LIMIT_EXCEEDED: client unresolved admission ceiling
2115	1789237479802	1	31	admitted	admit=1590ms
2116	1789237479803	2	2	admit-ceiling	LIMIT_EXCEEDED: client unresolved admission ceiling
2131	1789237479818	0	69	admit-ceiling	LIMIT_EXCEEDED: client unresolved admission ceiling
2132	1789237479819	0	60	admit-ceiling	LIMIT_EXCEEDED: client unresolved admission ceiling
2154	1789237479841	1	52	admit-ceiling	LIMIT_EXCEEDED: client unresolved admission ceiling
2154	1789237479841	1	55	admit-ceiling	LIMIT_EXCEEDED: client unresolved admission ceiling
2212	1789237479900	1	61	admit-ceiling	LIMIT_EXCEEDED: client unresolved admission ceiling
2213	1789237479900	0	66	admitted	admit=149ms
2282	1789237479969	0	54	admit-retried	succeeded after 3 refusals
2282	1789237479969	0	54	admitted	admit=1102ms
2293	1789237479980	1	64	admit-ceiling	LIMIT_EXCEEDED: client unresolved admission ceiling
2313	1789237480000	1	67	admit-ceiling	LIMIT_EXCEEDED: client unresolved admission ceiling
2318	1789237480005	0	75	admit-ceiling	LIMIT_EXCEEDED: client unresolved admission ceiling
2343	1789237480030	2	32	admitted	admit=1516ms
2353	1789237480040	1	73	admitted	admit=237ms
2381	1789237480069	2	53	admit-ceiling	LIMIT_EXCEEDED: client unresolved admission ceiling
2386	1789237480073	0	69	admit-retried	succeeded after 1 refusals
2386	1789237480073	0	69	admitted	admit=322ms
2425	1789237480112	0	75	admit-ceiling	LIMIT_EXCEEDED: client unresolved admission ceiling
2475	1789237480163	1	58	admitted	admit=1189ms
2517	1789237480204	0	72	admitted	admit=302ms
2521	1789237480208	1	76	admitted	admit=167ms
2563	1789237480250	0	78	admitted	admit=176ms
2637	1789237480324	0	84	admit-ceiling	LIMIT_EXCEEDED: client unresolved admission ceiling
2639	1789237480327	0	12	admit-ceiling	LIMIT_EXCEEDED: client unresolved admission ceiling
2640	1789237480327	0	39	admit-ceiling	LIMIT_EXCEEDED: client unresolved admission ceiling
2640	1789237480327	0	0	admit-ceiling	LIMIT_EXCEEDED: client unresolved admission ceiling
2640	1789237480327	0	6	admit-ceiling	LIMIT_EXCEEDED: client unresolved admission ceiling
2640	1789237480327	0	21	admit-ceiling	LIMIT_EXCEEDED: client unresolved admission ceiling
2640	1789237480327	0	42	admit-ceiling	LIMIT_EXCEEDED: client unresolved admission ceiling
2640	1789237480327	0	27	admit-ceiling	LIMIT_EXCEEDED: client unresolved admission ceiling
2640	1789237480327	0	18	admit-ceiling	LIMIT_EXCEEDED: client unresolved admission ceiling
2640	1789237480327	0	75	admit-ceiling	LIMIT_EXCEEDED: client unresolved admission ceiling
2733	1789237480420	1	79	admitted	admit=211ms
2740	1789237480427	0	3	admitted	admit=2219ms
2776	1789237480463	1	82	admitted	admit=255ms
2790	1789237480477	0	81	admitted	admit=226ms
2816	1789237480503	2	56	admitted	admit=1005ms
2822	1789237480509	1	19	admit-ceiling	LIMIT_EXCEEDED: client unresolved admission ceiling
2822	1789237480509	1	22	admit-ceiling	LIMIT_EXCEEDED: client unresolved admission ceiling
2822	1789237480509	1	7	admit-ceiling	LIMIT_EXCEEDED: client unresolved admission ceiling
2823	1789237480510	1	37	admit-ceiling	LIMIT_EXCEEDED: client unresolved admission ceiling
2823	1789237480510	1	4	admit-ceiling	LIMIT_EXCEEDED: client unresolved admission ceiling
2823	1789237480510	1	43	admit-ceiling	LIMIT_EXCEEDED: client unresolved admission ceiling
2840	1789237480527	0	30	admitted	admit=2318ms
2867	1789237480554	2	50	admit-retried	succeeded after 1 refusals
2867	1789237480554	2	50	admitted	admit=1419ms
2867	1789237480554	1	88	admit-ceiling	LIMIT_EXCEEDED: client unresolved admission ceiling
2889	1789237480576	0	87	admit-ceiling	LIMIT_EXCEEDED: client unresolved admission ceiling
2913	1789237480600	2	65	admit-ceiling	LIMIT_EXCEEDED: client unresolved admission ceiling
2956	1789237480643	2	68	admit-ceiling	LIMIT_EXCEEDED: client unresolved admission ceiling
2956	1789237480643	2	14	admit-ceiling	LIMIT_EXCEEDED: client unresolved admission ceiling
2957	1789237480644	2	8	admit-ceiling	LIMIT_EXCEEDED: client unresolved admission ceiling
2957	1789237480644	2	20	admit-ceiling	LIMIT_EXCEEDED: client unresolved admission ceiling
2957	1789237480644	1	55	admit-ceiling	LIMIT_EXCEEDED: client unresolved admission ceiling
2957	1789237480644	2	35	admit-ceiling	LIMIT_EXCEEDED: client unresolved admission ceiling
2958	1789237480645	1	52	admit-ceiling	LIMIT_EXCEEDED: client unresolved admission ceiling
2958	1789237480645	2	41	admit-ceiling	LIMIT_EXCEEDED: client unresolved admission ceiling
2958	1789237480645	2	44	admit-ceiling	LIMIT_EXCEEDED: client unresolved admission ceiling
2958	1789237480645	2	5	admit-ceiling	LIMIT_EXCEEDED: client unresolved admission ceiling
2959	1789237480646	2	11	admit-ceiling	LIMIT_EXCEEDED: client unresolved admission ceiling
2959	1789237480646	2	2	admit-ceiling	LIMIT_EXCEEDED: client unresolved admission ceiling
2970	1789237480657	1	88	admit-ceiling	LIMIT_EXCEEDED: client unresolved admission ceiling
2980	1789237480667	0	60	admit-retried	succeeded after 3 refusals
2980	1789237480667	0	60	admitted	admit=1189ms
3015	1789237480702	1	61	admit-ceiling	LIMIT_EXCEEDED: client unresolved admission ceiling
3015	1789237480702	2	65	admit-ceiling	LIMIT_EXCEEDED: client unresolved admission ceiling
3059	1789237480746	0	84	admit-retried	succeeded after 1 refusals
3059	1789237480746	0	84	admitted	admit=495ms
3069	1789237480756	2	59	admitted	admit=1061ms
3113	1789237480800	1	40	admit-retried	succeeded after 4 refusals
3113	1789237480800	1	40	admitted	admit=2587ms
3113	1789237480800	0	90	admitted	admit=321ms
3113	1789237480800	2	71	admit-ceiling	LIMIT_EXCEEDED: client unresolved admission ceiling
3156	1789237480843	0	48	admit-retried	succeeded after 4 refusals
3156	1789237480843	0	48	admitted	admit=1978ms
3162	1789237480849	1	91	admit-ceiling	LIMIT_EXCEEDED: client unresolved admission ceiling
3162	1789237480850	1	67	admit-ceiling	LIMIT_EXCEEDED: client unresolved admission ceiling
3171	1789237480858	1	88	admit-ceiling	LIMIT_EXCEEDED: client unresolved admission ceiling
3183	1789237480870	2	53	admit-ceiling	LIMIT_EXCEEDED: client unresolved admission ceiling
3215	1789237480902	2	71	admit-ceiling	LIMIT_EXCEEDED: client unresolved admission ceiling
3218	1789237480905	2	65	admit-ceiling	LIMIT_EXCEEDED: client unresolved admission ceiling
3251	1789237480938	0	93	admitted	admit=409ms
3264	1789237480951	1	91	admit-ceiling	LIMIT_EXCEEDED: client unresolved admission ceiling
3298	1789237480985	0	87	admit-retried	succeeded after 1 refusals
3298	1789237480985	0	87	admitted	admit=507ms
3337	1789237481024	0	75	admit-refused	authority refusal LIMIT_EXCEEDED: aggregate admission capacity exhausted
3416	1789237481103	2	71	admit-ceiling	LIMIT_EXCEEDED: client unresolved admission ceiling
3428	1789237481115	0	99	admit-refused	authority refusal LIMIT_EXCEEDED: aggregate admission capacity exhausted
3454	1789237481141	1	70	admitted	admit=1593ms
3475	1789237481163	0	108	admit-ceiling	LIMIT_EXCEEDED: client unresolved admission ceiling
3481	1789237481169	0	102	admit-refused	authority refusal LIMIT_EXCEEDED: aggregate admission capacity exhausted
3510	1789237481197	1	85	admitted	admit=777ms
3533	1789237481220	0	99	admit-ceiling	LIMIT_EXCEEDED: client unresolved admission ceiling
3533	1789237481220	0	105	admit-refused	authority refusal LIMIT_EXCEEDED: aggregate admission capacity exhausted
3543	1789237481230	0	96	admit-refused	authority refusal LIMIT_EXCEEDED: aggregate admission capacity exhausted
3601	1789237481288	1	97	admit-ceiling	LIMIT_EXCEEDED: client unresolved admission ceiling
3602	1789237481289	1	88	admit-ceiling	LIMIT_EXCEEDED: client unresolved admission ceiling
3619	1789237481306	2	65	admit-ceiling	LIMIT_EXCEEDED: client unresolved admission ceiling
3635	1789237481322	0	105	admit-ceiling	LIMIT_EXCEEDED: client unresolved admission ceiling
3644	1789237481331	0	96	admit-ceiling	LIMIT_EXCEEDED: client unresolved admission ceiling
3703	1789237481390	1	97	admit-ceiling	LIMIT_EXCEEDED: client unresolved admission ceiling
3735	1789237481422	0	99	admit-ceiling	LIMIT_EXCEEDED: client unresolved admission ceiling
3767	1789237481454	2	62	admitted	admit=1424ms
3819	1789237481506	2	71	admit-ceiling	LIMIT_EXCEEDED: client unresolved admission ceiling
3837	1789237481524	0	105	admit-ceiling	LIMIT_EXCEEDED: client unresolved admission ceiling
3846	1789237481533	0	96	admit-ceiling	LIMIT_EXCEEDED: client unresolved admission ceiling
3927	1789237481614	1	91	admit-retried	succeeded after 2 refusals
3927	1789237481614	1	91	admitted	admit=813ms
3956	1789237481643	1	100	admit-ceiling	LIMIT_EXCEEDED: client unresolved admission ceiling
4078	1789237481765	1	97	admit-retried	succeeded after 2 refusals
4078	1789237481765	1	97	admitted	admit=567ms
4098	1789237481785	2	47	admit-retried	succeeded after 4 refusals
4098	1789237481785	2	47	admitted	admit=3272ms
4119	1789237481806	1	94	admitted	admit=664ms
4136	1789237481823	0	99	admit-ceiling	LIMIT_EXCEEDED: client unresolved admission ceiling
4138	1789237481825	0	75	admit-ceiling	LIMIT_EXCEEDED: client unresolved admission ceiling
4190	1789237481877	1	1	admitted	admit=3665ms
4239	1789237481926	0	105	admit-ceiling	LIMIT_EXCEEDED: client unresolved admission ceiling
4242	1789237481930	0	39	admit-ceiling	LIMIT_EXCEEDED: client unresolved admission ceiling
4243	1789237481930	0	12	admit-ceiling	LIMIT_EXCEEDED: client unresolved admission ceiling
4243	1789237481931	0	6	admit-ceiling	LIMIT_EXCEEDED: client unresolved admission ceiling
4244	1789237481931	0	0	admit-ceiling	LIMIT_EXCEEDED: client unresolved admission ceiling
4244	1789237481931	0	18	admit-ceiling	LIMIT_EXCEEDED: client unresolved admission ceiling
4245	1789237481932	0	42	admit-ceiling	LIMIT_EXCEEDED: client unresolved admission ceiling
4245	1789237481932	0	27	admit-ceiling	LIMIT_EXCEEDED: client unresolved admission ceiling
4245	1789237481932	0	21	admit-ceiling	LIMIT_EXCEEDED: client unresolved admission ceiling
4247	1789237481934	0	96	admit-ceiling	LIMIT_EXCEEDED: client unresolved admission ceiling
4260	1789237481947	1	100	admit-retried	succeeded after 1 refusals
4260	1789237481947	1	100	admitted	admit=332ms
4319	1789237482006	0	51	admit-retried	succeeded after 4 refusals
4319	1789237482006	0	51	admitted	admit=3140ms
4319	1789237482006	1	112	admit-ceiling	LIMIT_EXCEEDED: client unresolved admission ceiling
4356	1789237482043	0	111	admitted	admit=1006ms
4366	1789237482053	2	23	admit-retried	succeeded after 4 refusals
4366	1789237482053	2	23	admitted	admit=3540ms
4403	1789237482090	1	88	admit-ceiling	LIMIT_EXCEEDED: client unresolved admission ceiling
4422	1789237482109	2	65	admit-ceiling	LIMIT_EXCEEDED: client unresolved admission ceiling
4451	1789237482138	1	109	admitted	admit=224ms
4456	1789237482143	1	19	admit-ceiling	LIMIT_EXCEEDED: client unresolved admission ceiling
4456	1789237482143	1	7	admit-ceiling	LIMIT_EXCEEDED: client unresolved admission ceiling
4456	1789237482143	1	22	admit-ceiling	LIMIT_EXCEEDED: client unresolved admission ceiling
4456	1789237482143	1	37	admit-ceiling	LIMIT_EXCEEDED: client unresolved admission ceiling
4456	1789237482143	1	4	admit-ceiling	LIMIT_EXCEEDED: client unresolved admission ceiling
4456	1789237482143	1	43	admit-ceiling	LIMIT_EXCEEDED: client unresolved admission ceiling
4493	1789237482180	1	115	admit-ceiling	LIMIT_EXCEEDED: client unresolved admission ceiling
4529	1789237482216	2	68	admit-retried	succeeded after 1 refusals
4529	1789237482216	2	68	admitted	admit=1661ms
4551	1789237482238	0	114	admitted	admit=194ms
4570	1789237482257	2	8	admit-ceiling	LIMIT_EXCEEDED: client unresolved admission ceiling
4570	1789237482257	2	14	admit-ceiling	LIMIT_EXCEEDED: client unresolved admission ceiling
4570	1789237482257	2	35	admit-ceiling	LIMIT_EXCEEDED: client unresolved admission ceiling
4570	1789237482257	2	20	admit-ceiling	LIMIT_EXCEEDED: client unresolved admission ceiling
4570	1789237482257	2	44	admit-ceiling	LIMIT_EXCEEDED: client unresolved admission ceiling
4570	1789237482258	2	41	admit-ceiling	LIMIT_EXCEEDED: client unresolved admission ceiling
4571	1789237482258	2	2	admit-ceiling	LIMIT_EXCEEDED: client unresolved admission ceiling
4571	1789237482258	2	5	admit-ceiling	LIMIT_EXCEEDED: client unresolved admission ceiling
4571	1789237482258	2	11	admit-ceiling	LIMIT_EXCEEDED: client unresolved admission ceiling
4587	1789237482274	0	117	admitted	admit=230ms
4593	1789237482280	1	106	admitted	admit=472ms
4594	1789237482281	1	55	admit-ceiling	LIMIT_EXCEEDED: client unresolved admission ceiling
4613	1789237482300	0	102	admit-refused	authority refusal LIMIT_EXCEEDED: aggregate admission capacity exhausted
4620	1789237482307	2	71	admit-ceiling	LIMIT_EXCEEDED: client unresolved admission ceiling
4626	1789237482314	1	118	admit-ceiling	LIMIT_EXCEEDED: client unresolved admission ceiling
4627	1789237482314	1	115	admit-ceiling	LIMIT_EXCEEDED: client unresolved admission ceiling
4627	1789237482314	1	61	admit-ceiling	LIMIT_EXCEEDED: client unresolved admission ceiling
4695	1789237482382	1	112	admit-retried	succeeded after 1 refusals
4695	1789237482382	1	112	admitted	admit=434ms
4722	1789237482409	0	123	admit-refused	authority refusal LIMIT_EXCEEDED: aggregate admission capacity exhausted
4726	1789237482413	1	52	admit-retried	succeeded after 5 refusals
4726	1789237482413	1	52	admitted	admit=3439ms
4786	1789237482473	2	53	admit-ceiling	LIMIT_EXCEEDED: client unresolved admission ceiling
4804	1789237482491	1	118	admit-ceiling	LIMIT_EXCEEDED: client unresolved admission ceiling
4804	1789237482491	1	67	admit-ceiling	LIMIT_EXCEEDED: client unresolved admission ceiling
4857	1789237482544	1	103	admitted	admit=778ms
4898	1789237482585	1	121	admit-refused	authority refusal LIMIT_EXCEEDED: aggregate admission capacity exhausted
4918	1789237482605	1	115	admit-refused	authority refusal LIMIT_EXCEEDED: aggregate admission capacity exhausted
4919	1789237482606	1	64	admit-refused	authority refusal LIMIT_EXCEEDED: aggregate admission capacity exhausted
4927	1789237482614	1	124	admitted	admit=200ms
4938	1789237482625	2	74	admitted	admit=1169ms
4938	1789237482625	0	99	admit-ceiling	LIMIT_EXCEEDED: client unresolved admission ceiling
5041	1789237482728	0	105	admit-ceiling	LIMIT_EXCEEDED: client unresolved admission ceiling
5048	1789237482736	0	96	admit-ceiling	LIMIT_EXCEEDED: client unresolved admission ceiling
5065	1789237482752	1	121	admit-refused	authority refusal LIMIT_EXCEEDED: aggregate admission capacity exhausted
5086	1789237482773	1	127	admit-refused	authority refusal LIMIT_EXCEEDED: aggregate admission capacity exhausted
5283	1789237482970	0	102	admit-retried	succeeded after 2 refusals
5283	1789237482970	0	102	admitted	admit=2126ms
5319	1789237483006	1	115	admit-ceiling	LIMIT_EXCEEDED: client unresolved admission ceiling
5408	1789237483095	2	80	admitted	admit=1041ms
5408	1789237483095	1	121	admit-retried	succeeded after 2 refusals
5408	1789237483095	1	121	admitted	admit=712ms
5445	1789237483132	2	77	admitted	admit=1346ms
5505	1789237483192	0	126	admitted	admit=222ms
5571	1789237483258	0	120	admitted	admit=1019ms
5655	1789237483342	2	83	admitted	admit=1125ms
5746	1789237483433	0	129	admitted	admit=240ms
5777	1789237483464	0	135	admit-ceiling	LIMIT_EXCEEDED: client unresolved admission ceiling
5782	1789237483469	1	133	admitted	admit=374ms
5832	1789237483519	0	132	admitted	admit=261ms
5862	1789237483550	0	75	admit-retried	succeeded after 5 refusals
5862	1789237483550	0	75	admitted	admit=3579ms
5928	1789237483615	1	127	admit-retried	succeeded after 1 refusals
5928	1789237483615	1	127	admitted	admit=1070ms
5928	1789237483616	0	135	admit-ceiling	LIMIT_EXCEEDED: client unresolved admission ceiling
6003	1789237483690	1	130	admitted	admit=1075ms
6004	1789237483691	0	138	admit-refused	authority refusal LIMIT_EXCEEDED: aggregate admission capacity exhausted
6024	1789237483711	2	65	admit-ceiling	LIMIT_EXCEEDED: client unresolved admission ceiling
6039	1789237483727	1	88	admit-ceiling	LIMIT_EXCEEDED: client unresolved admission ceiling
6111	1789237483798	1	139	admit-refused	authority refusal LIMIT_EXCEEDED: aggregate admission capacity exhausted
6151	1789237483838	2	86	admitted	admit=1212ms
6156	1789237483843	0	138	admit-refused	authority refusal LIMIT_EXCEEDED: aggregate admission capacity exhausted
6160	1789237483848	0	141	admitted	admit=297ms
6222	1789237483909	2	71	admit-ceiling	LIMIT_EXCEEDED: client unresolved admission ceiling
6242	1789237483929	1	115	admit-retried	succeeded after 4 refusals
6242	1789237483929	1	115	admitted	admit=1788ms
6278	1789237483965	1	145	admit-ceiling	LIMIT_EXCEEDED: client unresolved admission ceiling
6279	1789237483966	0	135	admit-refused	authority refusal LIMIT_EXCEEDED: aggregate admission capacity exhausted
6329	1789237484016	1	139	admit-refused	authority refusal LIMIT_EXCEEDED: aggregate admission capacity exhausted
6400	1789237484087	1	118	admit-refused	authority refusal LIMIT_EXCEEDED: aggregate admission capacity exhausted
6484	1789237484171	1	145	admit-refused	authority refusal LIMIT_EXCEEDED: aggregate admission capacity exhausted
6504	1789237484191	2	89	admitted	admit=1058ms
6510	1789237484197	0	108	admit-refused	authority refusal LIMIT_EXCEEDED: aggregate admission capacity exhausted
6583	1789237484271	1	64	admit-refused	authority refusal LIMIT_EXCEEDED: aggregate admission capacity exhausted
6598	1789237484285	2	92	admitted	admit=1152ms
6598	1789237484285	1	139	admit-refused	authority refusal LIMIT_EXCEEDED: aggregate admission capacity exhausted
6616	1789237484303	1	142	admit-refused	authority refusal LIMIT_EXCEEDED: aggregate admission capacity exhausted
6640	1789237484327	1	136	admit-refused	authority refusal LIMIT_EXCEEDED: aggregate admission capacity exhausted
6642	1789237484330	0	105	admit-ceiling	LIMIT_EXCEEDED: client unresolved admission ceiling
6650	1789237484337	0	96	admit-ceiling	LIMIT_EXCEEDED: client unresolved admission ceiling
6681	1789237484368	0	135	admit-ceiling	LIMIT_EXCEEDED: client unresolved admission ceiling
6705	1789237484392	0	99	admit-refused	authority refusal LIMIT_EXCEEDED: aggregate admission capacity exhausted
6823	1789237484510	0	108	admit-retried	succeeded after 2 refusals
6823	1789237484510	0	108	admitted	admit=3524ms
6948	1789237484635	2	95	admitted	admit=1293ms
6949	1789237484637	0	147	admit-refused	authority refusal LIMIT_EXCEEDED: aggregate admission capacity exhausted
7000	1789237484687	1	142	admit-refused	authority refusal LIMIT_EXCEEDED: aggregate admission capacity exhausted
7020	1789237484707	1	145	admit-refused	authority refusal LIMIT_EXCEEDED: aggregate admission capacity exhausted
7108	1789237484795	1	139	admit-retried	succeeded after 3 refusals
7108	1789237484795	1	139	admitted	admit=1179ms
7187	1789237484874	0	147	admit-refused	authority refusal LIMIT_EXCEEDED: aggregate admission capacity exhausted
7201	1789237484888	0	138	admit-retried	succeeded after 2 refusals
7201	1789237484888	0	138	admitted	admit=1368ms
7231	1789237484918	2	98	admitted	admit=1079ms
7292	1789237484979	1	148	admit-refused	authority refusal LIMIT_EXCEEDED: aggregate admission capacity exhausted
7294	1789237484981	1	142	admit-refused	authority refusal LIMIT_EXCEEDED: aggregate admission capacity exhausted
7341	1789237485028	0	150	admitted	admit=139ms
7367	1789237485054	2	101	admitted	admit=862ms
7444	1789237485131	0	39	admit-ceiling	LIMIT_EXCEEDED: client unresolved admission ceiling
7445	1789237485132	0	12	admit-ceiling	LIMIT_EXCEEDED: client unresolved admission ceiling
7446	1789237485133	0	0	admit-ceiling	LIMIT_EXCEEDED: client unresolved admission ceiling
7446	1789237485133	0	6	admit-ceiling	LIMIT_EXCEEDED: client unresolved admission ceiling
7446	1789237485133	0	27	admit-ceiling	LIMIT_EXCEEDED: client unresolved admission ceiling
7447	1789237485134	0	18	admit-ceiling	LIMIT_EXCEEDED: client unresolved admission ceiling
7447	1789237485134	0	42	admit-ceiling	LIMIT_EXCEEDED: client unresolved admission ceiling
7447	1789237485134	0	21	admit-ceiling	LIMIT_EXCEEDED: client unresolved admission ceiling
7504	1789237485191	0	123	admit-retried	succeeded after 1 refusals
7504	1789237485191	0	123	admitted	admit=2916ms
7525	1789237485212	1	148	admit-retried	succeeded after 1 refusals
7525	1789237485212	1	148	admitted	admit=416ms
7539	1789237485226	0	156	admit-ceiling	LIMIT_EXCEEDED: client unresolved admission ceiling
7568	1789237485256	0	135	admit-refused	authority refusal LIMIT_EXCEEDED: aggregate admission capacity exhausted
7588	1789237485275	0	153	admitted	admit=246ms
7598	1789237485285	0	147	admit-refused	authority refusal LIMIT_EXCEEDED: aggregate admission capacity exhausted
7652	1789237485339	1	151	admit-refused	authority refusal LIMIT_EXCEEDED: aggregate admission capacity exhausted
7671	1789237485358	1	145	admit-retried	succeeded after 3 refusals
7671	1789237485358	1	145	admitted	admit=1428ms
7673	1789237485360	1	43	admit-ceiling	LIMIT_EXCEEDED: client unresolved admission ceiling
7673	1789237485360	1	4	admit-ceiling	LIMIT_EXCEEDED: client unresolved admission ceiling
7673	1789237485361	1	22	admit-ceiling	LIMIT_EXCEEDED: client unresolved admission ceiling
7674	1789237485361	1	37	admit-ceiling	LIMIT_EXCEEDED: client unresolved admission ceiling
7693	1789237485380	0	159	admit-refused	authority refusal LIMIT_EXCEEDED: aggregate admission capacity exhausted
7702	1789237485389	1	154	admit-ceiling	LIMIT_EXCEEDED: client unresolved admission ceiling
7703	1789237485390	1	142	admit-ceiling	LIMIT_EXCEEDED: client unresolved admission ceiling
7708	1789237485395	0	156	admit-refused	authority refusal LIMIT_EXCEEDED: aggregate admission capacity exhausted
7738	1789237485425	1	7	admit-refused	authority refusal LIMIT_EXCEEDED: aggregate admission capacity exhausted
7755	1789237485442	1	19	admit-refused	authority refusal LIMIT_EXCEEDED: aggregate admission capacity exhausted
7775	1789237485462	2	11	admit-ceiling	LIMIT_EXCEEDED: client unresolved admission ceiling
7775	1789237485462	2	14	admit-ceiling	LIMIT_EXCEEDED: client unresolved admission ceiling
7775	1789237485462	2	8	admit-ceiling	LIMIT_EXCEEDED: client unresolved admission ceiling
7775	1789237485462	2	35	admit-ceiling	LIMIT_EXCEEDED: client unresolved admission ceiling
7775	1789237485462	2	20	admit-ceiling	LIMIT_EXCEEDED: client unresolved admission ceiling
7775	1789237485462	2	44	admit-ceiling	LIMIT_EXCEEDED: client unresolved admission ceiling
7775	1789237485462	2	41	admit-ceiling	LIMIT_EXCEEDED: client unresolved admission ceiling
7775	1789237485462	2	5	admit-ceiling	LIMIT_EXCEEDED: client unresolved admission ceiling
7775	1789237485462	2	2	admit-ceiling	LIMIT_EXCEEDED: client unresolved admission ceiling
7804	1789237485491	1	154	admit-ceiling	LIMIT_EXCEEDED: client unresolved admission ceiling
7818	1789237485505	1	151	admit-refused	authority refusal LIMIT_EXCEEDED: aggregate admission capacity exhausted
7819	1789237485506	0	144	admit-refused	authority refusal LIMIT_EXCEEDED: aggregate admission capacity exhausted
7884	1789237485571	1	55	admit-refused	authority refusal LIMIT_EXCEEDED: aggregate admission capacity exhausted
7899	1789237485586	1	61	admit-refused	authority refusal LIMIT_EXCEEDED: aggregate admission capacity exhausted
7973	1789237485660	2	104	admitted	admit=1375ms
8008	1789237485696	2	53	admit-ceiling	LIMIT_EXCEEDED: client unresolved admission ceiling
8020	1789237485707	1	151	admit-ceiling	LIMIT_EXCEEDED: client unresolved admission ceiling
8072	1789237485759	0	147	admit-refused	authority refusal LIMIT_EXCEEDED: aggregate admission capacity exhausted
8091	1789237485778	0	156	admit-retried	succeeded after 2 refusals
8091	1789237485778	0	156	admitted	admit=586ms
8096	1789237485783	0	144	admit-refused	authority refusal LIMIT_EXCEEDED: aggregate admission capacity exhausted
8134	1789237485821	1	154	admit-retried	succeeded after 2 refusals
8134	1789237485821	1	154	admitted	admit=461ms
8150	1789237485837	1	118	admit-refused	authority refusal LIMIT_EXCEEDED: aggregate admission capacity exhausted
8179	1789237485866	2	107	admitted	admit=1230ms
8240	1789237485927	0	162	admitted	admit=148ms
8326	1789237486013	2	116	admit-refused	authority refusal LIMIT_EXCEEDED: retained input, output or executor capacity
8356	1789237486043	0	144	admit-refused	authority refusal LIMIT_EXCEEDED: aggregate admission capacity exhausted
8402	1789237486089	0	159	admit-refused	authority refusal LIMIT_EXCEEDED: aggregate admission capacity exhausted
8415	1789237486102	1	136	admit-retried	succeeded after 1 refusals
8415	1789237486102	1	136	admitted	admit=2632ms
8504	1789237486191	1	142	admit-ceiling	LIMIT_EXCEEDED: client unresolved admission ceiling
8518	1789237486206	2	113	admit-refused	authority refusal LIMIT_EXCEEDED: retained input, output or executor capacity
8528	1789237486215	2	119	admit-refused	authority refusal LIMIT_EXCEEDED: retained input, output or executor capacity
8558	1789237486245	1	151	admit-retried	succeeded after 3 refusals
8558	1789237486245	1	151	admitted	admit=1032ms
8778	1789237486465	2	110	admitted	admit=1546ms
8952	1789237486639	1	118	admit-ceiling	LIMIT_EXCEEDED: client unresolved admission ceiling
9117	1789237486804	1	157	admitted	admit=983ms
9170	1789237486858	0	135	admit-ceiling	LIMIT_EXCEEDED: client unresolved admission ceiling
9207	1789237486894	0	147	admit-retried	succeeded after 4 refusals
9207	1789237486894	0	147	admitted	admit=2384ms
9225	1789237486912	2	65	admit-ceiling	LIMIT_EXCEEDED: client unresolved admission ceiling
9241	1789237486928	1	88	admit-ceiling	LIMIT_EXCEEDED: client unresolved admission ceiling
9333	1789237487020	1	166	admitted	admit=215ms
9424	1789237487112	2	71	admit-ceiling	LIMIT_EXCEEDED: client unresolved admission ceiling
9475	1789237487162	0	168	admitted	admit=267ms
9500	1789237487187	0	165	admitted	admit=1260ms
9525	1789237487212	0	159	admit-retried	succeeded after 2 refusals
9525	1789237487212	0	159	admitted	admit=1937ms
9556	1789237487243	1	169	admitted	admit=223ms
9557	1789237487244	2	113	admit-refused	authority refusal LIMIT_EXCEEDED: retained input, output or executor capacity
9587	1789237487274	2	116	admit-retried	succeeded after 1 refusals
9587	1789237487274	2	116	admitted	admit=1613ms
9592	1789237487279	1	160	admitted	admit=1176ms
9628	1789237487316	2	119	admit-refused	authority refusal LIMIT_EXCEEDED: retained input, output or executor capacity
9663	1789237487350	1	163	admitted	admit=1104ms
9726	1789237487413	0	171	admit-refused	authority refusal LIMIT_EXCEEDED: aggregate admission capacity exhausted
9759	1789237487446	0	177	admit-refused	authority refusal LIMIT_EXCEEDED: aggregate admission capacity exhausted
9785	1789237487472	1	64	admit-ceiling	LIMIT_EXCEEDED: client unresolved admission ceiling
9830	1789237487517	1	178	admit-refused	authority refusal LIMIT_EXCEEDED: aggregate admission capacity exhausted
9852	1789237487539	0	96	admit-ceiling	LIMIT_EXCEEDED: client unresolved admission ceiling
9857	1789237487544	1	172	admitted	admit=300ms
9859	1789237487547	0	177	admit-ceiling	LIMIT_EXCEEDED: client unresolved admission ceiling
9863	1789237487550	1	175	admit-refused	authority refusal LIMIT_EXCEEDED: aggregate admission capacity exhausted
9907	1789237487594	0	99	admit-ceiling	LIMIT_EXCEEDED: client unresolved admission ceiling
10018	1789237487705	2	113	admit-refused	authority refusal LIMIT_EXCEEDED: retained input, output or executor capacity
10033	1789237487720	2	122	admitted	admit=1254ms
10061	1789237487748	0	177	admit-ceiling	LIMIT_EXCEEDED: client unresolved admission ceiling
10108	1789237487796	1	181	admitted	admit=251ms
10141	1789237487828	1	184	admit-ceiling	LIMIT_EXCEEDED: client unresolved admission ceiling
10183	1789237487870	0	171	admit-retried	succeeded after 1 refusals
10183	1789237487870	0	171	admitted	admit=682ms
10244	1789237487931	1	184	admit-ceiling	LIMIT_EXCEEDED: client unresolved admission ceiling
10308	1789237487996	0	144	admit-retried	succeeded after 3 refusals
10308	1789237487996	0	144	admitted	admit=4147ms
10445	1789237488132	1	184	admit-ceiling	LIMIT_EXCEEDED: client unresolved admission ceiling
10463	1789237488150	0	177	admit-ceiling	LIMIT_EXCEEDED: client unresolved admission ceiling
10533	1789237488220	0	183	admitted	admit=223ms
10554	1789237488241	1	118	admit-ceiling	LIMIT_EXCEEDED: client unresolved admission ceiling
10662	1789237488349	0	180	admitted	admit=477ms
10727	1789237488414	2	113	admit-refused	authority refusal LIMIT_EXCEEDED: retained input, output or executor capacity
10791	1789237488478	0	189	admitted	admit=129ms
10847	1789237488534	1	184	admit-ceiling	LIMIT_EXCEEDED: client unresolved admission ceiling
10862	1789237488549	0	105	admit-refused	authority refusal LIMIT_EXCEEDED: aggregate admission capacity exhausted
10896	1789237488583	0	174	admit-refused	authority refusal LIMIT_EXCEEDED: aggregate admission capacity exhausted
10912	1789237488599	0	192	admit-refused	authority refusal LIMIT_EXCEEDED: aggregate admission capacity exhausted
10957	1789237488644	2	119	admit-refused	authority refusal LIMIT_EXCEEDED: retained input, output or executor capacity
10994	1789237488682	2	125	admitted	admit=1407ms
11035	1789237488722	2	128	admit-refused	authority refusal LIMIT_EXCEEDED: retained input, output or executor capacity
11045	1789237488733	1	175	admit-retried	succeeded after 1 refusals
11046	1789237488733	1	175	admitted	admit=1452ms
11125	1789237488813	0	192	admit-refused	authority refusal LIMIT_EXCEEDED: aggregate admission capacity exhausted
11141	1789237488828	0	174	admit-retried	succeeded after 1 refusals
11141	1789237488828	0	174	admitted	admit=1640ms
11271	1789237488958	1	187	admitted	admit=224ms
11290	1789237488977	0	195	admit-refused	authority refusal LIMIT_EXCEEDED: aggregate admission capacity exhausted
11350	1789237489037	0	177	admit-refused	authority refusal LIMIT_EXCEEDED: aggregate admission capacity exhausted
11391	1789237489078	1	142	admit-refused	authority refusal LIMIT_EXCEEDED: aggregate admission capacity exhausted
11406	1789237489093	1	190	admitted	admit=135ms
11508	1789237489195	0	195	admit-retried	succeeded after 1 refusals
11508	1789237489195	0	195	admitted	admit=366ms
11542	1789237489230	0	192	admit-refused	authority refusal LIMIT_EXCEEDED: aggregate admission capacity exhausted
11642	1789237489329	1	67	admit-refused	authority refusal LIMIT_EXCEEDED: aggregate admission capacity exhausted
11717	1789237489404	1	193	admit-refused	authority refusal LIMIT_EXCEEDED: aggregate admission capacity exhausted
11950	1789237489638	0	186	admitted	admit=1417ms
11960	1789237489647	2	128	admit-retried	succeeded after 1 refusals
11960	1789237489647	2	128	admitted	admit=1927ms
12057	1789237489744	2	131	admitted	admit=1062ms
12110	1789237489797	0	192	admit-refused	authority refusal LIMIT_EXCEEDED: aggregate admission capacity exhausted
12267	1789237489954	1	178	admit-retried	succeeded after 1 refusals
12267	1789237489954	1	178	admitted	admit=2566ms
12303	1789237489990	2	119	admit-retried	succeeded after 3 refusals
12303	1789237489990	2	119	admitted	admit=4123ms
12304	1789237489991	2	137	admit-refused	authority refusal LIMIT_EXCEEDED: retained input, output or executor capacity
12421	1789237490108	1	184	admit-retried	succeeded after 4 refusals
12421	1789237490108	1	184	admitted	admit=2311ms
12445	1789237490132	1	196	admit-refused	authority refusal LIMIT_EXCEEDED: aggregate admission capacity exhausted
12454	1789237490141	1	193	admit-retried	succeeded after 1 refusals
12454	1789237490141	1	193	admitted	admit=1047ms
12485	1789237490172	0	135	admit-retried	succeeded after 6 refusals
12485	1789237490172	0	135	admitted	admit=6738ms
12487	1789237490174	0	12	admit-ceiling	LIMIT_EXCEEDED: client unresolved admission ceiling
12487	1789237490175	0	0	admit-ceiling	LIMIT_EXCEEDED: client unresolved admission ceiling
12488	1789237490175	0	21	admit-ceiling	LIMIT_EXCEEDED: client unresolved admission ceiling
12488	1789237490175	0	27	admit-ceiling	LIMIT_EXCEEDED: client unresolved admission ceiling
12488	1789237490175	0	42	admit-ceiling	LIMIT_EXCEEDED: client unresolved admission ceiling
12488	1789237490175	0	18	admit-ceiling	LIMIT_EXCEEDED: client unresolved admission ceiling
12520	1789237490207	0	204	admit-ceiling	LIMIT_EXCEEDED: client unresolved admission ceiling
12567	1789237490254	2	140	admit-refused	authority refusal LIMIT_EXCEEDED: retained input, output or executor capacity
12576	1789237490263	2	113	admit-retried	succeeded after 4 refusals
12576	1789237490263	2	113	admitted	admit=5208ms
12582	1789237490269	2	137	admit-refused	authority refusal LIMIT_EXCEEDED: retained input, output or executor capacity
12622	1789237490309	0	204	admit-ceiling	LIMIT_EXCEEDED: client unresolved admission ceiling
12676	1789237490363	0	39	admit-refused	authority refusal LIMIT_EXCEEDED: aggregate admission capacity exhausted
12677	1789237490364	1	43	admit-ceiling	LIMIT_EXCEEDED: client unresolved admission ceiling
12677	1789237490364	1	4	admit-ceiling	LIMIT_EXCEEDED: client unresolved admission ceiling
12677	1789237490364	1	22	admit-ceiling	LIMIT_EXCEEDED: client unresolved admission ceiling
12695	1789237490382	0	6	admit-retried	succeeded after 7 refusals
12695	1789237490382	0	6	admitted	admit=12174ms
12739	1789237490426	1	7	admit-ceiling	LIMIT_EXCEEDED: client unresolved admission ceiling
12742	1789237490430	2	143	admit-refused	authority refusal LIMIT_EXCEEDED: retained input, output or executor capacity
12757	1789237490444	2	134	admit-refused	authority refusal LIMIT_EXCEEDED: retained input, output or executor capacity
12757	1789237490444	1	19	admit-ceiling	LIMIT_EXCEEDED: client unresolved admission ceiling
12778	1789237490465	2	140	admit-refused	authority refusal LIMIT_EXCEEDED: retained input, output or executor capacity
12779	1789237490466	2	2	admit-ceiling	LIMIT_EXCEEDED: client unresolved admission ceiling
12779	1789237490466	2	5	admit-ceiling	LIMIT_EXCEEDED: client unresolved admission ceiling
12779	1789237490466	2	41	admit-ceiling	LIMIT_EXCEEDED: client unresolved admission ceiling
12779	1789237490466	2	20	admit-ceiling	LIMIT_EXCEEDED: client unresolved admission ceiling
12779	1789237490466	2	44	admit-ceiling	LIMIT_EXCEEDED: client unresolved admission ceiling
12784	1789237490471	2	137	admit-ceiling	LIMIT_EXCEEDED: client unresolved admission ceiling
12809	1789237490496	1	37	admit-refused	authority refusal LIMIT_EXCEEDED: aggregate admission capacity exhausted
12824	1789237490511	1	196	admit-retried	succeeded after 1 refusals
12824	1789237490511	1	196	admitted	admit=556ms
12844	1789237490531	2	143	admit-ceiling	LIMIT_EXCEEDED: client unresolved admission ceiling
12859	1789237490547	2	134	admit-ceiling	LIMIT_EXCEEDED: client unresolved admission ceiling
12902	1789237490589	1	61	admit-ceiling	LIMIT_EXCEEDED: client unresolved admission ceiling
12911	1789237490598	0	192	admit-ceiling	LIMIT_EXCEEDED: client unresolved admission ceiling
12952	1789237490639	0	177	admit-ceiling	LIMIT_EXCEEDED: client unresolved admission ceiling
12979	1789237490666	2	140	admit-ceiling	LIMIT_EXCEEDED: client unresolved admission ceiling
12997	1789237490684	0	204	admit-refused	authority refusal LIMIT_EXCEEDED: aggregate admission capacity exhausted
13002	1789237490689	2	11	admit-refused	authority refusal LIMIT_EXCEEDED: retained input, output or executor capacity
13012	1789237490699	2	35	admit-refused	authority refusal LIMIT_EXCEEDED: retained input, output or executor capacity
13016	1789237490703	0	207	admitted	admit=321ms
13027	1789237490714	2	8	admit-refused	authority refusal LIMIT_EXCEEDED: retained input, output or executor capacity
13043	1789237490730	2	14	admit-refused	authority refusal LIMIT_EXCEEDED: retained input, output or executor capacity
13073	1789237490760	1	55	admit-retried	succeeded after 7 refusals
13073	1789237490760	1	55	admitted	admit=11787ms
13145	1789237490832	2	53	admit-refused	authority refusal LIMIT_EXCEEDED: retained input, output or executor capacity
13155	1789237490842	2	143	admit-refused	authority refusal LIMIT_EXCEEDED: retained input, output or executor capacity
13165	1789237490852	2	134	admit-refused	authority refusal LIMIT_EXCEEDED: retained input, output or executor capacity
13310	1789237490997	1	205	admitted	admit=485ms
13376	1789237491063	0	201	admit-refused	authority refusal LIMIT_EXCEEDED: aggregate admission capacity exhausted
13476	1789237491163	0	210	admit-refused	authority refusal LIMIT_EXCEEDED: aggregate admission capacity exhausted
13511	1789237491198	1	211	admitted	admit=200ms
13518	1789237491205	0	204	admit-refused	authority refusal LIMIT_EXCEEDED: aggregate admission capacity exhausted
13533	1789237491220	0	201	admit-refused	authority refusal LIMIT_EXCEEDED: aggregate admission capacity exhausted
13642	1789237491329	2	137	admit-retried	succeeded after 3 refusals
13642	1789237491329	2	137	admitted	admit=1584ms
13678	1789237491365	0	210	admit-refused	authority refusal LIMIT_EXCEEDED: aggregate admission capacity exhausted
13728	1789237491415	1	202	admitted	admit=1273ms
13764	1789237491451	1	118	admit-ceiling	LIMIT_EXCEEDED: client unresolved admission ceiling
13974	1789237491661	0	198	admitted	admit=2465ms
13991	1789237491678	2	146	admit-refused	authority refusal LIMIT_EXCEEDED: retained input, output or executor capacity
13994	1789237491682	2	140	admit-retried	succeeded after 3 refusals
13994	1789237491682	2	140	admitted	admit=1691ms
14090	1789237491777	2	134	admit-refused	authority refusal LIMIT_EXCEEDED: retained input, output or executor capacity
14114	1789237491801	1	199	admitted	admit=1659ms
14130	1789237491818	2	149	admit-refused	authority refusal LIMIT_EXCEEDED: retained input, output or executor capacity
14134	1789237491821	0	213	admitted	admit=159ms
14163	1789237491850	2	143	admit-refused	authority refusal LIMIT_EXCEEDED: retained input, output or executor capacity
14174	1789237491861	2	146	admit-refused	authority refusal LIMIT_EXCEEDED: retained input, output or executor capacity
14243	1789237491930	1	88	admit-ceiling	LIMIT_EXCEEDED: client unresolved admission ceiling
14501	1789237492188	1	214	admitted	admit=990ms
14512	1789237492199	2	149	admit-retried	succeeded after 1 refusals
14512	1789237492199	2	149	admitted	admit=516ms
14526	1789237492213	0	210	admit-retried	succeeded after 2 refusals
14526	1789237492213	0	210	admitted	admit=1509ms
14566	1789237492254	0	219	admit-ceiling	LIMIT_EXCEEDED: client unresolved admission ceiling
14594	1789237492281	1	142	admit-ceiling	LIMIT_EXCEEDED: client unresolved admission ceiling
14643	1789237492330	1	223	admitted	admit=141ms
14643	1789237492330	0	204	admit-retried	succeeded after 4 refusals
14643	1789237492330	0	204	admitted	admit=2157ms
14704	1789237492391	0	192	admit-retried	succeeded after 5 refusals
14704	1789237492391	0	192	admitted	admit=3912ms
14739	1789237492426	0	225	admit-ceiling	LIMIT_EXCEEDED: client unresolved admission ceiling
14787	1789237492474	1	64	admit-ceiling	LIMIT_EXCEEDED: client unresolved admission ceiling
14800	1789237492487	0	219	admit-retried	succeeded after 1 refusals
14800	1789237492487	0	219	admitted	admit=273ms
14840	1789237492527	0	225	admit-ceiling	LIMIT_EXCEEDED: client unresolved admission ceiling
14853	1789237492540	0	96	admit-ceiling	LIMIT_EXCEEDED: client unresolved admission ceiling
14854	1789237492541	1	226	admitted	admit=210ms
14901	1789237492588	2	152	admit-refused	authority refusal LIMIT_EXCEEDED: retained input, output or executor capacity
14909	1789237492596	0	99	admit-ceiling	LIMIT_EXCEEDED: client unresolved admission ceiling
14916	1789237492603	2	65	admit-retried	succeeded after 7 refusals
14916	1789237492603	2	65	admitted	admit=12048ms
14917	1789237492604	0	228	admit-refused	authority refusal LIMIT_EXCEEDED: aggregate admission capacity exhausted
14965	1789237492652	2	143	admit-ceiling	LIMIT_EXCEEDED: client unresolved admission ceiling
15002	1789237492690	2	152	admit-ceiling	LIMIT_EXCEEDED: client unresolved admission ceiling
15010	1789237492697	2	134	admit-refused	authority refusal LIMIT_EXCEEDED: retained input, output or executor capacity
15041	1789237492728	0	225	admit-ceiling	LIMIT_EXCEEDED: client unresolved admission ceiling
15074	1789237492761	1	229	admitted	admit=220ms
15075	1789237492762	2	155	admit-refused	authority refusal LIMIT_EXCEEDED: retained input, output or executor capacity
15111	1789237492798	1	220	admitted	admit=996ms
15136	1789237492823	2	146	admit-refused	authority refusal LIMIT_EXCEEDED: retained input, output or executor capacity
15160	1789237492848	0	228	admit-retried	succeeded after 1 refusals
15160	1789237492848	0	228	admitted	admit=359ms
15284	1789237492972	1	235	admitted	admit=173ms
15321	1789237493008	0	231	admit-refused	authority refusal LIMIT_EXCEEDED: aggregate admission capacity exhausted
15430	1789237493117	1	232	admit-refused	authority refusal LIMIT_EXCEEDED: aggregate admission capacity exhausted
15443	1789237493130	0	225	admit-ceiling	LIMIT_EXCEEDED: client unresolved admission ceiling
15448	1789237493135	1	238	admitted	admit=163ms
15450	1789237493137	1	217	admit-refused	authority refusal LIMIT_EXCEEDED: aggregate admission capacity exhausted
15458	1789237493145	2	71	admit-retried	succeeded after 7 refusals
15458	1789237493145	2	71	admitted	admit=12387ms
15544	1789237493231	0	231	admit-refused	authority refusal LIMIT_EXCEEDED: aggregate admission capacity exhausted
15609	1789237493296	1	208	admit-refused	authority refusal LIMIT_EXCEEDED: aggregate admission capacity exhausted
15659	1789237493346	0	201	admit-retried	succeeded after 2 refusals
15659	1789237493346	0	201	admitted	admit=3707ms
15728	1789237493415	0	222	admitted	admit=1084ms
15859	1789237493546	1	232	admit-retried	succeeded after 1 refusals
15859	1789237493546	1	232	admitted	admit=748ms
15864	1789237493551	0	105	admit-ceiling	LIMIT_EXCEEDED: client unresolved admission ceiling
15966	1789237493654	1	244	admit-refused	authority refusal LIMIT_EXCEEDED: aggregate admission capacity exhausted
16067	1789237493754	2	155	admit-retried	succeeded after 1 refusals
16067	1789237493754	2	155	admitted	admit=1151ms
16072	1789237493760	2	158	admit-refused	authority refusal LIMIT_EXCEEDED: retained input, output or executor capacity
16115	1789237493802	2	152	admit-refused	authority refusal LIMIT_EXCEEDED: retained input, output or executor capacity
16154	1789237493842	0	177	admit-ceiling	LIMIT_EXCEEDED: client unresolved admission ceiling
16155	1789237493842	1	241	admit-refused	authority refusal LIMIT_EXCEEDED: aggregate admission capacity exhausted
16158	1789237493846	1	217	admit-refused	authority refusal LIMIT_EXCEEDED: aggregate admission capacity exhausted
16173	1789237493860	1	244	admit-retried	succeeded after 1 refusals
16173	1789237493860	1	244	admitted	admit=313ms
16184	1789237493871	2	161	admit-refused	authority refusal LIMIT_EXCEEDED: retained input, output or executor capacity
16203	1789237493890	0	231	admit-retried	succeeded after 2 refusals
16203	1789237493890	0	231	admitted	admit=1042ms
16245	1789237493932	0	225	admit-ceiling	LIMIT_EXCEEDED: client unresolved admission ceiling
16317	1789237494004	1	241	admit-refused	authority refusal LIMIT_EXCEEDED: aggregate admission capacity exhausted
16336	1789237494023	1	247	admitted	admit=162ms
16346	1789237494033	0	240	admitted	admit=141ms
16364	1789237494051	0	237	admit-refused	authority refusal LIMIT_EXCEEDED: aggregate admission capacity exhausted
16403	1789237494090	2	146	admit-refused	authority refusal LIMIT_EXCEEDED: retained input, output or executor capacity
16418	1789237494105	2	158	admit-refused	authority refusal LIMIT_EXCEEDED: retained input, output or executor capacity
16497	1789237494184	1	217	admit-refused	authority refusal LIMIT_EXCEEDED: aggregate admission capacity exhausted
16561	1789237494248	0	237	admit-refused	authority refusal LIMIT_EXCEEDED: aggregate admission capacity exhausted
16577	1789237494264	0	234	admit-refused	authority refusal LIMIT_EXCEEDED: aggregate admission capacity exhausted
16592	1789237494279	1	241	admit-refused	authority refusal LIMIT_EXCEEDED: aggregate admission capacity exhausted
16620	1789237494307	2	158	admit-ceiling	LIMIT_EXCEEDED: client unresolved admission ceiling
16743	1789237494430	1	67	admit-retried	succeeded after 7 refusals
16743	1789237494430	1	67	admitted	admit=15208ms
16818	1789237494505	0	234	admit-retried	succeeded after 1 refusals
16818	1789237494505	0	234	admitted	admit=1159ms
16855	1789237494542	0	216	admit-refused	authority refusal LIMIT_EXCEEDED: aggregate admission capacity exhausted
16885	1789237494572	0	237	admit-refused	authority refusal LIMIT_EXCEEDED: aggregate admission capacity exhausted
16901	1789237494588	0	246	admit-refused	authority refusal LIMIT_EXCEEDED: aggregate admission capacity exhausted
16905	1789237494592	1	253	admit-refused	authority refusal LIMIT_EXCEEDED: aggregate admission capacity exhausted
16962	1789237494649	1	208	admit-refused	authority refusal LIMIT_EXCEEDED: aggregate admission capacity exhausted
17023	1789237494710	2	158	admit-ceiling	LIMIT_EXCEEDED: client unresolved admission ceiling
17042	1789237494730	1	217	admit-refused	authority refusal LIMIT_EXCEEDED: aggregate admission capacity exhausted
17079	1789237494766	0	216	admit-retried	succeeded after 1 refusals
17079	1789237494766	0	216	admitted	admit=2944ms
17093	1789237494780	2	161	admit-retried	succeeded after 1 refusals
17093	1789237494780	2	161	admitted	admit=1025ms
17120	1789237494807	1	250	admit-refused	authority refusal LIMIT_EXCEEDED: aggregate admission capacity exhausted
17139	1789237494826	1	253	admit-retried	succeeded after 1 refusals
17139	1789237494826	1	253	admitted	admit=395ms
17142	1789237494829	1	241	admit-refused	authority refusal LIMIT_EXCEEDED: aggregate admission capacity exhausted
17171	1789237494858	0	249	admit-refused	authority refusal LIMIT_EXCEEDED: aggregate admission capacity exhausted
17181	1789237494869	0	246	admit-refused	authority refusal LIMIT_EXCEEDED: aggregate admission capacity exhausted
17205	1789237494892	2	146	admit-ceiling	LIMIT_EXCEEDED: client unresolved admission ceiling
17320	1789237495007	1	208	admit-refused	authority refusal LIMIT_EXCEEDED: aggregate admission capacity exhausted
17332	1789237495019	1	256	admit-refused	authority refusal LIMIT_EXCEEDED: aggregate admission capacity exhausted
17358	1789237495045	1	250	admit-refused	authority refusal LIMIT_EXCEEDED: aggregate admission capacity exhausted
17467	1789237495154	0	249	admit-retried	succeeded after 1 refusals
17467	1789237495154	0	249	admitted	admit=387ms
17506	1789237495193	0	42	admit-ceiling	LIMIT_EXCEEDED: client unresolved admission ceiling
17506	1789237495193	0	12	admit-ceiling	LIMIT_EXCEEDED: client unresolved admission ceiling
17506	1789237495194	0	21	admit-ceiling	LIMIT_EXCEEDED: client unresolved admission ceiling
17507	1789237495194	0	27	admit-ceiling	LIMIT_EXCEEDED: client unresolved admission ceiling
17507	1789237495194	0	0	admit-ceiling	LIMIT_EXCEEDED: client unresolved admission ceiling
17507	1789237495194	0	18	admit-ceiling	LIMIT_EXCEEDED: client unresolved admission ceiling
17549	1789237495237	1	256	admit-retried	succeeded after 1 refusals
17549	1789237495237	1	256	admitted	admit=409ms
17686	1789237495373	0	246	admit-retried	succeeded after 2 refusals
17686	1789237495373	0	246	admitted	admit=867ms
17710	1789237495397	1	250	admit-retried	succeeded after 2 refusals
17710	1789237495397	1	250	admitted	admit=1373ms
17726	1789237495413	0	255	admit-ceiling	LIMIT_EXCEEDED: client unresolved admission ceiling
17745	1789237495433	1	262	admit-ceiling	LIMIT_EXCEEDED: client unresolved admission ceiling
17746	1789237495434	1	208	admit-ceiling	LIMIT_EXCEEDED: client unresolved admission ceiling
17747	1789237495434	1	7	admit-ceiling	LIMIT_EXCEEDED: client unresolved admission ceiling
17759	1789237495446	1	19	admit-ceiling	LIMIT_EXCEEDED: client unresolved admission ceiling
17780	1789237495467	2	2	admit-ceiling	LIMIT_EXCEEDED: client unresolved admission ceiling
17781	1789237495468	2	5	admit-ceiling	LIMIT_EXCEEDED: client unresolved admission ceiling
17782	1789237495469	2	44	admit-ceiling	LIMIT_EXCEEDED: client unresolved admission ceiling
17782	1789237495469	2	20	admit-ceiling	LIMIT_EXCEEDED: client unresolved admission ceiling
17782	1789237495469	2	41	admit-ceiling	LIMIT_EXCEEDED: client unresolved admission ceiling
17788	1789237495476	0	39	admit-retried	succeeded after 8 refusals
17788	1789237495476	0	39	admitted	admit=17267ms
17810	1789237495497	1	37	admit-ceiling	LIMIT_EXCEEDED: client unresolved admission ceiling
17820	1789237495507	1	259	admit-refused	authority refusal LIMIT_EXCEEDED: aggregate admission capacity exhausted
17824	1789237495511	2	158	admit-ceiling	LIMIT_EXCEEDED: client unresolved admission ceiling
17828	1789237495515	0	255	admit-ceiling	LIMIT_EXCEEDED: client unresolved admission ceiling
17835	1789237495522	1	22	admit-refused	authority refusal LIMIT_EXCEEDED: aggregate admission capacity exhausted
17847	1789237495534	0	225	admit-ceiling	LIMIT_EXCEEDED: client unresolved admission ceiling
17873	1789237495560	1	43	admit-refused	authority refusal LIMIT_EXCEEDED: aggregate admission capacity exhausted
17901	1789237495588	0	237	admit-refused	authority refusal LIMIT_EXCEEDED: aggregate admission capacity exhausted
17922	1789237495609	1	259	admit-ceiling	LIMIT_EXCEEDED: client unresolved admission ceiling
17967	1789237495654	1	61	admit-refused	authority refusal LIMIT_EXCEEDED: aggregate admission capacity exhausted
17971	1789237495659	1	262	admit-retried	succeeded after 1 refusals
17972	1789237495659	1	262	admitted	admit=260ms
17998	1789237495685	1	4	admit-refused	authority refusal LIMIT_EXCEEDED: aggregate admission capacity exhausted
18005	1789237495692	2	11	admit-ceiling	LIMIT_EXCEEDED: client unresolved admission ceiling
18014	1789237495701	2	35	admit-ceiling	LIMIT_EXCEEDED: client unresolved admission ceiling
18029	1789237495716	2	8	admit-ceiling	LIMIT_EXCEEDED: client unresolved admission ceiling
18043	1789237495731	2	14	admit-ceiling	LIMIT_EXCEEDED: client unresolved admission ceiling
18089	1789237495776	1	265	admit-refused	authority refusal LIMIT_EXCEEDED: aggregate admission capacity exhausted
18105	1789237495792	1	241	admit-refused	authority refusal LIMIT_EXCEEDED: aggregate admission capacity exhausted
18105	1789237495792	0	258	admit-refused	authority refusal LIMIT_EXCEEDED: aggregate admission capacity exhausted
18123	1789237495810	0	255	admit-retried	succeeded after 2 refusals
18123	1789237495810	0	255	admitted	admit=436ms
18146	1789237495833	2	53	admit-ceiling	LIMIT_EXCEEDED: client unresolved admission ceiling
18175	1789237495862	2	143	admit-refused	authority refusal LIMIT_EXCEEDED: retained input, output or executor capacity
18189	1789237495876	2	152	admit-retried	succeeded after 3 refusals
18189	1789237495876	2	152	admitted	admit=3677ms
18193	1789237495880	2	134	admit-refused	authority refusal LIMIT_EXCEEDED: retained input, output or executor capacity
18265	1789237495952	0	252	admitted	admit=797ms
18320	1789237496007	2	167	admit-refused	authority refusal LIMIT_EXCEEDED: retained input, output or executor capacity
18351	1789237496038	1	259	admit-retried	succeeded after 2 refusals
18351	1789237496038	1	259	admitted	admit=801ms
18353	1789237496040	1	217	admit-refused	authority refusal LIMIT_EXCEEDED: aggregate admission capacity exhausted
18379	1789237496066	1	265	admit-refused	authority refusal LIMIT_EXCEEDED: aggregate admission capacity exhausted
18487	1789237496174	1	268	admitted	admit=135ms
18655	1789237496342	2	164	admitted	admit=1562ms
18667	1789237496354	0	258	admit-retried	succeeded after 1 refusals
18667	1789237496354	0	258	admitted	admit=877ms
18705	1789237496392	0	237	admit-ceiling	LIMIT_EXCEEDED: client unresolved admission ceiling
18803	1789237496490	1	208	admit-refused	authority refusal LIMIT_EXCEEDED: aggregate admission capacity exhausted
18819	1789237496506	1	118	admit-refused	authority refusal LIMIT_EXCEEDED: aggregate admission capacity exhausted
18895	1789237496582	0	267	admitted	admit=228ms
19071	1789237496758	0	270	admit-refused	authority refusal LIMIT_EXCEEDED: aggregate admission capacity exhausted
19191	1789237496879	0	264	admit-refused	authority refusal LIMIT_EXCEEDED: aggregate admission capacity exhausted
19204	1789237496891	2	167	admit-retried	succeeded after 1 refusals
19204	1789237496891	2	167	admitted	admit=1014ms
19378	1789237497066	1	88	admit-refused	authority refusal LIMIT_EXCEEDED: aggregate admission capacity exhausted
19382	1789237497069	0	270	admit-refused	authority refusal LIMIT_EXCEEDED: aggregate admission capacity exhausted
19404	1789237497091	0	264	admit-refused	authority refusal LIMIT_EXCEEDED: aggregate admission capacity exhausted
19433	1789237497120	2	173	admit-refused	authority refusal LIMIT_EXCEEDED: retained input, output or executor capacity
19457	1789237497144	2	170	admitted	admit=801ms
19607	1789237497294	0	261	admit-refused	authority refusal LIMIT_EXCEEDED: aggregate admission capacity exhausted
19647	1789237497334	1	271	admit-refused	authority refusal LIMIT_EXCEEDED: aggregate admission capacity exhausted
19663	1789237497350	1	142	admit-refused	authority refusal LIMIT_EXCEEDED: aggregate admission capacity exhausted
19684	1789237497371	0	270	admit-refused	authority refusal LIMIT_EXCEEDED: aggregate admission capacity exhausted
19704	1789237497391	2	176	admit-refused	authority refusal LIMIT_EXCEEDED: retained input, output or executor capacity
19713	1789237497400	2	146	admit-retried	succeeded after 5 refusals
19713	1789237497400	2	146	admitted	admit=6070ms
19718	1789237497405	2	173	admit-refused	authority refusal LIMIT_EXCEEDED: retained input, output or executor capacity
19721	1789237497408	0	243	admit-refused	authority refusal LIMIT_EXCEEDED: aggregate admission capacity exhausted
19759	1789237497446	0	264	admit-refused	authority refusal LIMIT_EXCEEDED: aggregate admission capacity exhausted
19779	1789237497466	0	261	admit-refused	authority refusal LIMIT_EXCEEDED: aggregate admission capacity exhausted
19843	1789237497530	1	241	admit-refused	authority refusal LIMIT_EXCEEDED: aggregate admission capacity exhausted
19871	1789237497558	2	179	admit-refused	authority refusal LIMIT_EXCEEDED: retained input, output or executor capacity
19887	1789237497574	2	176	admit-refused	authority refusal LIMIT_EXCEEDED: retained input, output or executor capacity
19993	1789237497680	0	99	admit-refused	authority refusal LIMIT_EXCEEDED: aggregate admission capacity exhausted
20007	1789237497694	1	64	admit-retried	succeeded after 8 refusals
20007	1789237497694	1	64	admitted	admit=18472ms
20007	1789237497694	0	243	admit-retried	succeeded after 1 refusals
20007	1789237497694	0	243	admitted	admit=3661ms
20024	1789237497712	0	96	admit-refused	authority refusal LIMIT_EXCEEDED: aggregate admission capacity exhausted
20039	1789237497726	2	158	admit-refused	authority refusal LIMIT_EXCEEDED: retained input, output or executor capacity
20061	1789237497748	1	265	admit-refused	authority refusal LIMIT_EXCEEDED: aggregate admission capacity exhausted
20079	1789237497766	2	173	admit-refused	authority refusal LIMIT_EXCEEDED: retained input, output or executor capacity
20085	1789237497772	0	261	admit-refused	authority refusal LIMIT_EXCEEDED: aggregate admission capacity exhausted
20094	1789237497781	2	179	admit-refused	authority refusal LIMIT_EXCEEDED: retained input, output or executor capacity
20120	1789237497807	1	274	admit-refused	authority refusal LIMIT_EXCEEDED: aggregate admission capacity exhausted
20142	1789237497829	0	273	admit-refused	authority refusal LIMIT_EXCEEDED: aggregate admission capacity exhausted
20164	1789237497851	0	270	admit-refused	authority refusal LIMIT_EXCEEDED: aggregate admission capacity exhausted
20214	1789237497902	0	264	admit-refused	authority refusal LIMIT_EXCEEDED: aggregate admission capacity exhausted
20314	1789237498001	1	274	admit-retried	succeeded after 1 refusals
20314	1789237498001	1	274	admitted	admit=306ms
20349	1789237498036	1	217	admit-refused	authority refusal LIMIT_EXCEEDED: aggregate admission capacity exhausted
20353	1789237498040	0	273	admit-refused	authority refusal LIMIT_EXCEEDED: aggregate admission capacity exhausted
20492	1789237498179	0	237	admit-refused	authority refusal LIMIT_EXCEEDED: aggregate admission capacity exhausted
20537	1789237498224	1	265	admit-refused	authority refusal LIMIT_EXCEEDED: aggregate admission capacity exhausted
20552	1789237498239	1	277	admitted	admit=237ms
20667	1789237498354	0	273	admit-retried	succeeded after 2 refusals
20667	1789237498354	0	273	admitted	admit=659ms
20729	1789237498416	2	176	admit-retried	succeeded after 2 refusals
20729	1789237498416	2	176	admitted	admit=1271ms
20850	1789237498537	0	276	admit-refused	authority refusal LIMIT_EXCEEDED: aggregate admission capacity exhausted
20865	1789237498553	0	261	admit-refused	authority refusal LIMIT_EXCEEDED: aggregate admission capacity exhausted
20921	1789237498608	1	271	admit-retried	succeeded after 1 refusals
20921	1789237498608	1	271	admitted	admit=2433ms
20923	1789237498610	0	105	admit-refused	authority refusal LIMIT_EXCEEDED: aggregate admission capacity exhausted
21084	1789237498771	0	270	admit-refused	authority refusal LIMIT_EXCEEDED: aggregate admission capacity exhausted
21103	1789237498790	0	264	admit-refused	authority refusal LIMIT_EXCEEDED: aggregate admission capacity exhausted
21120	1789237498807	0	225	admit-refused	authority refusal LIMIT_EXCEEDED: aggregate admission capacity exhausted
21147	1789237498835	2	179	admit-retried	succeeded after 2 refusals
21148	1789237498835	2	179	admitted	admit=1434ms
21256	1789237498943	0	276	admit-refused	authority refusal LIMIT_EXCEEDED: aggregate admission capacity exhausted
21264	1789237498952	0	177	admit-retried	succeeded after 7 refusals
21264	1789237498952	0	177	admitted	admit=11738ms
21365	1789237499052	0	279	admit-refused	authority refusal LIMIT_EXCEEDED: aggregate admission capacity exhausted
21394	1789237499081	2	134	admit-ceiling	LIMIT_EXCEEDED: client unresolved admission ceiling
21471	1789237499158	1	265	admit-retried	succeeded after 4 refusals
21471	1789237499158	1	265	admitted	admit=3498ms
21512	1789237499199	2	185	admit-refused	authority refusal LIMIT_EXCEEDED: retained input, output or executor capacity
21537	1789237499224	2	173	admit-retried	succeeded after 3 refusals
21537	1789237499224	2	173	admitted	admit=2332ms
21549	1789237499236	0	276	admit-refused	authority refusal LIMIT_EXCEEDED: aggregate admission capacity exhausted
21569	1789237499256	0	279	admit-refused	authority refusal LIMIT_EXCEEDED: aggregate admission capacity exhausted
21593	1789237499280	2	143	admit-refused	authority refusal LIMIT_EXCEEDED: retained input, output or executor capacity
21608	1789237499295	2	182	admit-refused	authority refusal LIMIT_EXCEEDED: retained input, output or executor capacity
21624	1789237499311	2	188	admit-refused	authority refusal LIMIT_EXCEEDED: retained input, output or executor capacity
21658	1789237499345	1	208	admit-retried	succeeded after 5 refusals
21658	1789237499345	1	208	admitted	admit=8584ms
21825	1789237499512	0	261	admit-retried	succeeded after 4 refusals
21825	1789237499512	0	261	admitted	admit=3701ms
21877	1789237499564	1	289	admitted	admit=218ms
21980	1789237499667	1	292	admit-refused	authority refusal LIMIT_EXCEEDED: aggregate admission capacity exhausted
22008	1789237499695	0	282	admitted	admit=182ms
22068	1789237499756	0	276	admit-retried	succeeded after 3 refusals
22068	1789237499756	0	276	admitted	admit=1400ms
22134	1789237499821	1	292	admit-refused	authority refusal LIMIT_EXCEEDED: aggregate admission capacity exhausted
22162	1789237499849	0	288	admit-refused	authority refusal LIMIT_EXCEEDED: aggregate admission capacity exhausted
22193	1789237499880	1	286	admit-refused	authority refusal LIMIT_EXCEEDED: aggregate admission capacity exhausted
22215	1789237499902	0	285	admit-refused	authority refusal LIMIT_EXCEEDED: aggregate admission capacity exhausted
22397	1789237500084	1	292	admit-refused	authority refusal LIMIT_EXCEEDED: aggregate admission capacity exhausted
22416	1789237500103	1	286	admit-retried	succeeded after 1 refusals
22416	1789237500103	1	286	admitted	admit=944ms
22425	1789237500112	1	280	admit-refused	authority refusal LIMIT_EXCEEDED: aggregate admission capacity exhausted
22467	1789237500155	2	188	admit-refused	authority refusal LIMIT_EXCEEDED: retained input, output or executor capacity
22509	1789237500197	0	42	admit-ceiling	LIMIT_EXCEEDED: client unresolved admission ceiling
22510	1789237500197	0	21	admit-ceiling	LIMIT_EXCEEDED: client unresolved admission ceiling
22510	1789237500197	0	12	admit-ceiling	LIMIT_EXCEEDED: client unresolved admission ceiling
22510	1789237500197	0	27	admit-ceiling	LIMIT_EXCEEDED: client unresolved admission ceiling
22510	1789237500197	0	0	admit-ceiling	LIMIT_EXCEEDED: client unresolved admission ceiling
22522	1789237500210	2	185	admit-retried	succeeded after 1 refusals
22522	1789237500210	2	185	admitted	admit=1374ms
22559	1789237500246	2	182	admit-retried	succeeded after 1 refusals
22559	1789237500246	2	182	admitted	admit=1829ms
22621	1789237500308	0	279	admit-retried	succeeded after 2 refusals
22621	1789237500308	0	279	admitted	admit=1356ms
22643	1789237500330	1	295	admitted	admit=226ms
22703	1789237500391	1	280	admit-refused	authority refusal LIMIT_EXCEEDED: aggregate admission capacity exhausted
22704	1789237500391	0	18	admit-retried	succeeded after 9 refusals
22704	1789237500391	0	18	admitted	admit=22182ms
22705	1789237500393	0	264	admit-ceiling	LIMIT_EXCEEDED: client unresolved admission ceiling
22739	1789237500426	0	294	admit-ceiling	LIMIT_EXCEEDED: client unresolved admission ceiling
22783	1789237500470	2	5	admit-ceiling	LIMIT_EXCEEDED: client unresolved admission ceiling
22783	1789237500470	2	41	admit-ceiling	LIMIT_EXCEEDED: client unresolved admission ceiling
22783	1789237500471	2	20	admit-ceiling	LIMIT_EXCEEDED: client unresolved admission ceiling
22784	1789237500471	2	44	admit-ceiling	LIMIT_EXCEEDED: client unresolved admission ceiling
22793	1789237500481	1	298	admit-refused	authority refusal LIMIT_EXCEEDED: aggregate admission capacity exhausted
22813	1789237500500	1	37	admit-ceiling	LIMIT_EXCEEDED: client unresolved admission ceiling
22814	1789237500501	0	270	admit-retried	succeeded after 5 refusals
22814	1789237500501	0	270	admitted	admit=3917ms
22837	1789237500524	1	22	admit-ceiling	LIMIT_EXCEEDED: client unresolved admission ceiling
22844	1789237500531	0	294	admit-ceiling	LIMIT_EXCEEDED: client unresolved admission ceiling
22877	1789237500564	1	292	admit-refused	authority refusal LIMIT_EXCEEDED: aggregate admission capacity exhausted
22883	1789237500570	0	288	admit-refused	authority refusal LIMIT_EXCEEDED: aggregate admission capacity exhausted
22895	1789237500582	1	7	admit-retried	succeeded after 9 refusals
22895	1789237500582	1	7	admitted	admit=22369ms
22917	1789237500604	0	297	admit-refused	authority refusal LIMIT_EXCEEDED: aggregate admission capacity exhausted
22919	1789237500607	0	291	admit-refused	authority refusal LIMIT_EXCEEDED: aggregate admission capacity exhausted
22930	1789237500617	1	301	admit-ceiling	LIMIT_EXCEEDED: client unresolved admission ceiling
22931	1789237500618	1	280	admit-ceiling	LIMIT_EXCEEDED: client unresolved admission ceiling
22940	1789237500627	1	19	admit-refused	authority refusal LIMIT_EXCEEDED: aggregate admission capacity exhausted
22999	1789237500686	1	4	admit-ceiling	LIMIT_EXCEEDED: client unresolved admission ceiling
23006	1789237500693	2	11	admit-ceiling	LIMIT_EXCEEDED: client unresolved admission ceiling
23013	1789237500700	1	298	admit-refused	authority refusal LIMIT_EXCEEDED: aggregate admission capacity exhausted
23015	1789237500702	2	35	admit-ceiling	LIMIT_EXCEEDED: client unresolved admission ceiling
23031	1789237500718	2	8	admit-ceiling	LIMIT_EXCEEDED: client unresolved admission ceiling
23035	1789237500722	1	61	admit-refused	authority refusal LIMIT_EXCEEDED: aggregate admission capacity exhausted
23045	1789237500732	2	14	admit-ceiling	LIMIT_EXCEEDED: client unresolved admission ceiling
23058	1789237500745	1	43	admit-refused	authority refusal LIMIT_EXCEEDED: aggregate admission capacity exhausted
23085	1789237500772	0	288	admit-ceiling	LIMIT_EXCEEDED: client unresolved admission ceiling
23111	1789237500798	1	301	admit-refused	authority refusal LIMIT_EXCEEDED: aggregate admission capacity exhausted
23148	1789237500835	2	53	admit-ceiling	LIMIT_EXCEEDED: client unresolved admission ceiling
23165	1789237500852	0	294	admit-refused	authority refusal LIMIT_EXCEEDED: aggregate admission capacity exhausted
23177	1789237500864	0	297	admit-retried	succeeded after 1 refusals
23177	1789237500864	0	297	admitted	admit=363ms
23213	1789237500900	2	191	admitted	admit=653ms
23244	1789237500931	2	194	admit-refused	authority refusal LIMIT_EXCEEDED: retained input, output or executor capacity
23259	1789237500946	1	241	admit-refused	authority refusal LIMIT_EXCEEDED: aggregate admission capacity exhausted
23274	1789237500961	1	298	admit-refused	authority refusal LIMIT_EXCEEDED: aggregate admission capacity exhausted
23346	1789237501033	2	194	admit-ceiling	LIMIT_EXCEEDED: client unresolved admission ceiling
23395	1789237501082	0	300	admitted	admit=217ms
23431	1789237501118	1	280	admit-refused	authority refusal LIMIT_EXCEEDED: aggregate admission capacity exhausted
23491	1789237501178	2	197	admit-refused	authority refusal LIMIT_EXCEEDED: retained input, output or executor capacity
23501	1789237501188	2	158	admit-refused	authority refusal LIMIT_EXCEEDED: retained input, output or executor capacity
23527	1789237501214	2	2	admit-refused	authority refusal LIMIT_EXCEEDED: retained input, output or executor capacity
23566	1789237501253	2	188	admit-retried	succeeded after 2 refusals
23566	1789237501253	2	188	admitted	admit=2028ms
23567	1789237501254	0	294	admit-ceiling	LIMIT_EXCEEDED: client unresolved admission ceiling
23679	1789237501366	1	292	admit-ceiling	LIMIT_EXCEEDED: client unresolved admission ceiling
23694	1789237501381	0	237	admit-ceiling	LIMIT_EXCEEDED: client unresolved admission ceiling
23779	1789237501466	1	298	admit-retried	succeeded after 3 refusals
23779	1789237501466	1	298	admitted	admit=1135ms
23820	1789237501507	1	118	admit-ceiling	LIMIT_EXCEEDED: client unresolved admission ceiling
23939	1789237501626	1	304	admitted	admit=159ms
23945	1789237501632	1	283	admit-refused	authority refusal LIMIT_EXCEEDED: aggregate admission capacity exhausted
23948	1789237501635	1	217	admit-refused	authority refusal LIMIT_EXCEEDED: aggregate admission capacity exhausted
24080	1789237501768	0	291	admit-retried	succeeded after 1 refusals
24081	1789237501768	0	291	admitted	admit=1459ms
24147	1789237501834	0	288	admit-retried	succeeded after 3 refusals
24147	1789237501834	0	288	admitted	admit=2077ms
24212	1789237501899	2	200	admit-refused	authority refusal LIMIT_EXCEEDED: retained input, output or executor capacity
24222	1789237501909	2	197	admit-refused	authority refusal LIMIT_EXCEEDED: retained input, output or executor capacity
24237	1789237501924	0	306	admitted	admit=155ms
24356	1789237502043	2	194	admit-retried	succeeded after 2 refusals
24356	1789237502043	2	194	admitted	admit=1796ms
24368	1789237502055	0	294	admit-ceiling	LIMIT_EXCEEDED: client unresolved admission ceiling
24398	1789237502085	1	280	admit-retried	succeeded after 4 refusals
24398	1789237502085	1	280	admitted	admit=3845ms
24434	1789237502121	1	310	admit-ceiling	LIMIT_EXCEEDED: client unresolved admission ceiling
24537	1789237502224	1	310	admit-ceiling	LIMIT_EXCEEDED: client unresolved admission ceiling
24549	1789237502236	0	303	admitted	admit=1153ms
24644	1789237502331	1	307	admitted	admit=704ms
24680	1789237502367	1	142	admit-ceiling	LIMIT_EXCEEDED: client unresolved admission ceiling
24709	1789237502397	0	315	admitted	admit=160ms
24738	1789237502425	1	310	admit-ceiling	LIMIT_EXCEEDED: client unresolved admission ceiling
24908	1789237502595	2	200	admit-retried	succeeded after 1 refusals
24908	1789237502595	1	283	admit-retried	succeeded after 1 refusals
24908	1789237502595	2	200	admitted	admit=1341ms
24908	1789237502595	1	283	admitted	admit=3987ms
24995	1789237502682	0	99	admit-ceiling	LIMIT_EXCEEDED: client unresolved admission ceiling
25026	1789237502713	0	96	admit-ceiling	LIMIT_EXCEEDED: client unresolved admission ceiling
25048	1789237502735	1	316	admitted	admit=139ms
25071	1789237502758	0	309	admit-refused	authority refusal LIMIT_EXCEEDED: aggregate admission capacity exhausted
25083	1789237502770	0	285	admit-retried	succeeded after 1 refusals
25083	1789237502770	0	285	admitted	admit=3074ms
25096	1789237502783	0	318	admit-refused	authority refusal LIMIT_EXCEEDED: aggregate admission capacity exhausted
25140	1789237502827	1	310	admit-ceiling	LIMIT_EXCEEDED: client unresolved admission ceiling
25175	1789237502862	1	313	admit-refused	authority refusal LIMIT_EXCEEDED: aggregate admission capacity exhausted
25253	1789237502940	1	88	admit-retried	succeeded after 9 refusals
25253	1789237502940	1	88	admitted	admit=22475ms
25280	1789237502967	2	206	admit-refused	authority refusal LIMIT_EXCEEDED: retained input, output or executor capacity
25292	1789237502979	1	292	admit-ceiling	LIMIT_EXCEEDED: client unresolved admission ceiling
25311	1789237502998	2	197	admit-retried	succeeded after 2 refusals
25311	1789237502998	2	197	admitted	admit=2097ms
25368	1789237503055	1	313	admit-refused	authority refusal LIMIT_EXCEEDED: aggregate admission capacity exhausted
25412	1789237503099	2	203	admitted	admit=1055ms
25418	1789237503106	0	321	admit-refused	authority refusal LIMIT_EXCEEDED: aggregate admission capacity exhausted
25651	1789237503338	0	321	admit-retried	succeeded after 1 refusals
25651	1789237503338	0	321	admitted	admit=567ms
25671	1789237503359	1	301	admit-retried	succeeded after 2 refusals
25672	1789237503359	1	301	admitted	admit=2775ms
25876	1789237503563	0	324	admitted	admit=224ms
25880	1789237503567	1	325	admitted	admit=208ms
25912	1789237503599	0	264	admit-ceiling	LIMIT_EXCEEDED: client unresolved admission ceiling
25924	1789237503611	0	105	admit-ceiling	LIMIT_EXCEEDED: client unresolved admission ceiling
25942	1789237503629	1	310	admit-ceiling	LIMIT_EXCEEDED: client unresolved admission ceiling
25969	1789237503656	0	294	admit-ceiling	LIMIT_EXCEEDED: client unresolved admission ceiling
26018	1789237503705	1	328	admitted	admit=137ms
26046	1789237503734	0	327	admit-refused	authority refusal LIMIT_EXCEEDED: aggregate admission capacity exhausted
26055	1789237503742	0	309	admit-retried	succeeded after 1 refusals
26055	1789237503742	0	309	admitted	admit=1907ms
26100	1789237503787	1	322	admit-refused	authority refusal LIMIT_EXCEEDED: aggregate admission capacity exhausted
26148	1789237503835	0	327	admit-ceiling	LIMIT_EXCEEDED: client unresolved admission ceiling
26217	1789237503904	0	330	admit-refused	authority refusal LIMIT_EXCEEDED: aggregate admission capacity exhausted
26243	1789237503930	0	225	admit-retried	succeeded after 7 refusals
26243	1789237503930	0	225	admitted	admit=11538ms
26351	1789237504038	0	327	admit-ceiling	LIMIT_EXCEEDED: client unresolved admission ceiling
26353	1789237504040	1	322	admit-retried	succeeded after 1 refusals
26353	1789237504040	1	322	admitted	admit=1099ms
26396	1789237504083	0	330	admit-refused	authority refusal LIMIT_EXCEEDED: aggregate admission capacity exhausted
26418	1789237504105	1	331	admitted	admit=399ms
26440	1789237504127	1	334	admit-refused	authority refusal LIMIT_EXCEEDED: aggregate admission capacity exhausted
26595	1789237504282	2	143	admit-ceiling	LIMIT_EXCEEDED: client unresolved admission ceiling
26672	1789237504359	2	209	admitted	admit=1360ms
26704	1789237504391	0	330	admit-retried	succeeded after 2 refusals
26704	1789237504391	0	330	admitted	admit=648ms
26752	1789237504439	0	327	admit-ceiling	LIMIT_EXCEEDED: client unresolved admission ceiling
26816	1789237504503	0	336	admit-refused	authority refusal LIMIT_EXCEEDED: aggregate admission capacity exhausted
26840	1789237504527	0	318	admit-refused	authority refusal LIMIT_EXCEEDED: aggregate admission capacity exhausted
26850	1789237504537	1	334	admit-refused	authority refusal LIMIT_EXCEEDED: aggregate admission capacity exhausted
26904	1789237504591	2	212	admit-refused	authority refusal LIMIT_EXCEEDED: retained input, output or executor capacity
26911	1789237504598	1	337	admit-refused	authority refusal LIMIT_EXCEEDED: aggregate admission capacity exhausted
26929	1789237504616	2	206	admit-retried	succeeded after 1 refusals
26929	1789237504616	2	206	admitted	admit=2019ms
27059	1789237504746	0	336	admit-retried	succeeded after 1 refusals
27059	1789237504746	0	336	admitted	admit=354ms
27165	1789237504853	1	334	admit-retried	succeeded after 2 refusals
27166	1789237504853	1	334	admitted	admit=812ms
27195	1789237504882	1	337	admit-refused	authority refusal LIMIT_EXCEEDED: aggregate admission capacity exhausted
27219	1789237504906	0	318	admit-retried	succeeded after 2 refusals
27219	1789237504906	0	318	admitted	admit=2508ms
27225	1789237504912	0	339	admit-refused	authority refusal LIMIT_EXCEEDED: aggregate admission capacity exhausted
27313	1789237505000	1	340	admitted	admit=146ms
27410	1789237505097	0	339	admit-refused	authority refusal LIMIT_EXCEEDED: aggregate admission capacity exhausted
27476	1789237505163	0	342	admit-refused	authority refusal LIMIT_EXCEEDED: aggregate admission capacity exhausted
27513	1789237505200	0	21	admit-ceiling	LIMIT_EXCEEDED: client unresolved admission ceiling
27513	1789237505200	0	42	admit-ceiling	LIMIT_EXCEEDED: client unresolved admission ceiling
27513	1789237505200	0	0	admit-ceiling	LIMIT_EXCEEDED: client unresolved admission ceiling
27554	1789237505241	0	327	admit-ceiling	LIMIT_EXCEEDED: client unresolved admission ceiling
27576	1789237505263	1	343	admitted	admit=263ms
27578	1789237505265	0	342	admit-ceiling	LIMIT_EXCEEDED: client unresolved admission ceiling
27610	1789237505298	1	346	admit-ceiling	LIMIT_EXCEEDED: client unresolved admission ceiling
27641	1789237505328	0	27	admit-retried	succeeded after 10 refusals
27641	1789237505328	0	27	admitted	admit=27119ms
27677	1789237505364	0	345	admit-ceiling	LIMIT_EXCEEDED: client unresolved admission ceiling
27698	1789237505385	0	339	admit-refused	authority refusal LIMIT_EXCEEDED: aggregate admission capacity exhausted
27712	1789237505399	1	346	admit-ceiling	LIMIT_EXCEEDED: client unresolved admission ceiling
27727	1789237505414	2	212	admit-refused	authority refusal LIMIT_EXCEEDED: retained input, output or executor capacity
27742	1789237505429	2	215	admit-refused	authority refusal LIMIT_EXCEEDED: retained input, output or executor capacity
27751	1789237505438	2	134	admit-retried	succeeded after 7 refusals
27751	1789237505438	2	134	admitted	admit=15790ms
27779	1789237505466	0	342	admit-ceiling	LIMIT_EXCEEDED: client unresolved admission ceiling
27788	1789237505475	2	5	admit-ceiling	LIMIT_EXCEEDED: client unresolved admission ceiling
27789	1789237505476	2	41	admit-ceiling	LIMIT_EXCEEDED: client unresolved admission ceiling
27815	1789237505502	1	37	admit-ceiling	LIMIT_EXCEEDED: client unresolved admission ceiling
27834	1789237505521	0	345	admit-refused	authority refusal LIMIT_EXCEEDED: aggregate admission capacity exhausted
27839	1789237505526	1	22	admit-ceiling	LIMIT_EXCEEDED: client unresolved admission ceiling
27844	1789237505531	2	215	admit-ceiling	LIMIT_EXCEEDED: client unresolved admission ceiling
27883	1789237505570	2	218	admit-refused	authority refusal LIMIT_EXCEEDED: retained input, output or executor capacity
27913	1789237505600	0	12	admit-refused	authority refusal LIMIT_EXCEEDED: aggregate admission capacity exhausted
27914	1789237505601	1	346	admit-ceiling	LIMIT_EXCEEDED: client unresolved admission ceiling
27941	1789237505628	1	19	admit-ceiling	LIMIT_EXCEEDED: client unresolved admission ceiling
27945	1789237505632	2	221	admit-refused	authority refusal LIMIT_EXCEEDED: retained input, output or executor capacity
27954	1789237505642	2	44	admit-refused	authority refusal LIMIT_EXCEEDED: retained input, output or executor capacity
27970	1789237505658	2	20	admit-refused	authority refusal LIMIT_EXCEEDED: retained input, output or executor capacity
28001	1789237505688	1	4	admit-ceiling	LIMIT_EXCEEDED: client unresolved admission ceiling
28034	1789237505721	2	8	admit-ceiling	LIMIT_EXCEEDED: client unresolved admission ceiling
28037	1789237505724	1	61	admit-ceiling	LIMIT_EXCEEDED: client unresolved admission ceiling
28045	1789237505733	2	215	admit-ceiling	LIMIT_EXCEEDED: client unresolved admission ceiling
28046	1789237505733	2	221	admit-ceiling	LIMIT_EXCEEDED: client unresolved admission ceiling
28047	1789237505734	2	14	admit-ceiling	LIMIT_EXCEEDED: client unresolved admission ceiling
28060	1789237505747	1	43	admit-ceiling	LIMIT_EXCEEDED: client unresolved admission ceiling
28151	1789237505838	2	53	admit-ceiling	LIMIT_EXCEEDED: client unresolved admission ceiling
28157	1789237505845	0	345	admit-retried	succeeded after 2 refusals
28157	1789237505845	0	345	admitted	admit=515ms
28191	1789237505878	0	342	admit-ceiling	LIMIT_EXCEEDED: client unresolved admission ceiling
28225	1789237505912	1	310	admit-retried	succeeded after 5 refusals
28225	1789237505912	1	310	admitted	admit=3826ms
28247	1789237505934	2	221	admit-ceiling	LIMIT_EXCEEDED: client unresolved admission ceiling
28261	1789237505948	1	241	admit-ceiling	LIMIT_EXCEEDED: client unresolved admission ceiling
28316	1789237506003	1	346	admit-ceiling	LIMIT_EXCEEDED: client unresolved admission ceiling
28367	1789237506054	0	348	admitted	admit=208ms
28448	1789237506135	2	215	admit-ceiling	LIMIT_EXCEEDED: client unresolved admission ceiling
28458	1789237506145	0	333	admit-refused	authority refusal LIMIT_EXCEEDED: aggregate admission capacity exhausted
28494	1789237506181	1	292	admit-ceiling	LIMIT_EXCEEDED: client unresolved admission ceiling
28502	1789237506189	2	158	admit-ceiling	LIMIT_EXCEEDED: client unresolved admission ceiling
28528	1789237506215	2	2	admit-ceiling	LIMIT_EXCEEDED: client unresolved admission ceiling
28528	1789237506215	1	349	admitted	admit=302ms
28544	1789237506231	0	351	admit-refused	authority refusal LIMIT_EXCEEDED: aggregate admission capacity exhausted
28650	1789237506337	2	221	admit-ceiling	LIMIT_EXCEEDED: client unresolved admission ceiling
28712	1789237506399	0	351	admit-refused	authority refusal LIMIT_EXCEEDED: aggregate admission capacity exhausted
28725	1789237506412	0	333	admit-retried	succeeded after 1 refusals
28725	1789237506412	0	333	admitted	admit=2481ms
28775	1789237506462	1	352	admitted	admit=246ms
28818	1789237506505	0	354	admit-refused	authority refusal LIMIT_EXCEEDED: aggregate admission capacity exhausted
28822	1789237506509	1	118	admit-ceiling	LIMIT_EXCEEDED: client unresolved admission ceiling
28904	1789237506592	0	237	admit-refused	authority refusal LIMIT_EXCEEDED: aggregate admission capacity exhausted
28951	1789237506638	1	217	admit-ceiling	LIMIT_EXCEEDED: client unresolved admission ceiling
28992	1789237506679	1	337	admit-retried	succeeded after 2 refusals
28992	1789237506679	1	337	admitted	admit=2573ms
28993	1789237506680	0	342	admit-ceiling	LIMIT_EXCEEDED: client unresolved admission ceiling
29066	1789237506753	0	354	admit-retried	succeeded after 1 refusals
29066	1789237506753	0	354	admitted	admit=340ms
29118	1789237506805	1	346	admit-ceiling	LIMIT_EXCEEDED: client unresolved admission ceiling
29155	1789237506843	0	327	admit-ceiling	LIMIT_EXCEEDED: client unresolved admission ceiling
29170	1789237506857	0	294	admit-ceiling	LIMIT_EXCEEDED: client unresolved admission ceiling
29202	1789237506889	0	357	admit-refused	authority refusal LIMIT_EXCEEDED: aggregate admission capacity exhausted
29240	1789237506927	0	351	admit-refused	authority refusal LIMIT_EXCEEDED: aggregate admission capacity exhausted
29250	1789237506937	2	215	admit-ceiling	LIMIT_EXCEEDED: client unresolved admission ceiling
29318	1789237507006	2	212	admit-retried	succeeded after 2 refusals
29319	1789237507006	2	212	admitted	admit=3905ms
29415	1789237507102	2	218	admit-retried	succeeded after 1 refusals
29415	1789237507102	2	218	admitted	admit=2485ms
29420	1789237507108	2	11	admit-refused	authority refusal LIMIT_EXCEEDED: retained input, output or executor capacity
29436	1789237507123	2	35	admit-refused	authority refusal LIMIT_EXCEEDED: retained input, output or executor capacity
29496	1789237507184	0	357	admit-retried	succeeded after 1 refusals
29496	1789237507184	0	357	admitted	admit=429ms
29517	1789237507204	1	319	admitted	admit=4468ms
29573	1789237507260	2	224	admit-refused	authority refusal LIMIT_EXCEEDED: retained input, output or executor capacity
29663	1789237507350	0	360	admitted	admit=166ms
29681	1789237507368	1	142	admit-ceiling	LIMIT_EXCEEDED: client unresolved admission ceiling
29725	1789237507412	1	361	admitted	admit=208ms
29783	1789237507470	0	351	admit-refused	authority refusal LIMIT_EXCEEDED: aggregate admission capacity exhausted
29805	1789237507492	0	363	admit-refused	authority refusal LIMIT_EXCEEDED: aggregate admission capacity exhausted
29840	1789237507527	1	313	admit-retried	succeeded after 2 refusals
29840	1789237507527	1	313	admitted	admit=5195ms
29888	1789237507575	0	339	admit-refused	authority refusal LIMIT_EXCEEDED: aggregate admission capacity exhausted
29902	1789237507589	1	364	admitted	admit=176ms
29919	1789237507606	1	358	admit-refused	authority refusal LIMIT_EXCEEDED: aggregate admission capacity exhausted
29941	1789237507628	1	367	admit-refused	authority refusal LIMIT_EXCEEDED: aggregate admission capacity exhausted
30040	1789237507727	1	370	admitted	admit=137ms
30142	1789237507829	0	363	admit-refused	authority refusal LIMIT_EXCEEDED: aggregate admission capacity exhausted
30144	1789237507832	0	96	admit-retried	succeeded after 10 refusals
30144	1789237507832	0	96	admitted	admit=27129ms
30172	1789237507859	1	367	admit-refused	authority refusal LIMIT_EXCEEDED: aggregate admission capacity exhausted
30193	1789237507880	1	373	admit-refused	authority refusal LIMIT_EXCEEDED: aggregate admission capacity exhausted
30232	1789237507919	0	366	admit-refused	authority refusal LIMIT_EXCEEDED: aggregate admission capacity exhausted
30275	1789237507962	1	358	admit-refused	authority refusal LIMIT_EXCEEDED: aggregate admission capacity exhausted
30396	1789237508083	1	355	admit-refused	authority refusal LIMIT_EXCEEDED: aggregate admission capacity exhausted
30468	1789237508155	2	227	admitted	admit=1052ms
30470	1789237508157	0	363	admit-refused	authority refusal LIMIT_EXCEEDED: aggregate admission capacity exhausted
30481	1789237508168	1	373	admit-refused	authority refusal LIMIT_EXCEEDED: aggregate admission capacity exhausted
30490	1789237508177	0	366	admit-retried	succeeded after 1 refusals
30490	1789237508177	0	366	admitted	admit=344ms
30504	1789237508191	2	221	admit-retried	succeeded after 4 refusals
30504	1789237508191	2	221	admitted	admit=2752ms
30585	1789237508272	0	369	admit-refused	authority refusal LIMIT_EXCEEDED: aggregate admission capacity exhausted
30639	1789237508326	2	224	admit-refused	authority refusal LIMIT_EXCEEDED: retained input, output or executor capacity
30654	1789237508341	2	230	admit-refused	authority refusal LIMIT_EXCEEDED: retained input, output or executor capacity
30664	1789237508351	2	233	admit-refused	authority refusal LIMIT_EXCEEDED: retained input, output or executor capacity
30687	1789237508374	0	369	admit-ceiling	LIMIT_EXCEEDED: client unresolved admission ceiling
30690	1789237508377	0	339	admit-ceiling	LIMIT_EXCEEDED: client unresolved admission ceiling
30721	1789237508408	1	346	admit-ceiling	LIMIT_EXCEEDED: client unresolved admission ceiling
30744	1789237508431	1	373	admit-refused	authority refusal LIMIT_EXCEEDED: aggregate admission capacity exhausted
30754	1789237508441	0	342	admit-refused	authority refusal LIMIT_EXCEEDED: aggregate admission capacity exhausted
30775	1789237508462	0	99	admit-refused	authority refusal LIMIT_EXCEEDED: aggregate admission capacity exhausted
30799	1789237508486	1	355	admit-refused	authority refusal LIMIT_EXCEEDED: aggregate admission capacity exhausted
30914	1789237508602	0	264	admit-ceiling	LIMIT_EXCEEDED: client unresolved admission ceiling
30926	1789237508614	0	105	admit-ceiling	LIMIT_EXCEEDED: client unresolved admission ceiling
31109	1789237508796	1	355	admit-retried	succeeded after 2 refusals
31109	1789237508796	1	355	admitted	admit=2333ms
31160	1789237508847	0	363	admit-retried	succeeded after 3 refusals
31160	1789237508847	0	363	admitted	admit=1496ms
31283	1789237508970	1	358	admit-refused	authority refusal LIMIT_EXCEEDED: aggregate admission capacity exhausted
31285	1789237508972	1	373	admit-retried	succeeded after 3 refusals
31285	1789237508972	1	373	admitted	admit=1245ms
31395	1789237509082	0	372	admitted	admit=234ms
31476	1789237509164	1	379	admit-refused	authority refusal LIMIT_EXCEEDED: aggregate admission capacity exhausted
31506	1789237509193	2	230	admit-retried	succeeded after 1 refusals
31506	1789237509193	2	230	admitted	admit=1000ms
31596	1789237509283	2	143	admit-ceiling	LIMIT_EXCEEDED: client unresolved admission ceiling
31600	1789237509287	2	224	admit-refused	authority refusal LIMIT_EXCEEDED: retained input, output or executor capacity
31614	1789237509301	0	375	admitted	admit=219ms
31615	1789237509302	2	215	admit-refused	authority refusal LIMIT_EXCEEDED: retained input, output or executor capacity
31647	1789237509334	2	236	admit-refused	authority refusal LIMIT_EXCEEDED: retained input, output or executor capacity
31678	1789237509365	2	233	admit-retried	succeeded after 1 refusals
31678	1789237509365	2	233	admitted	admit=1172ms
31753	1789237509440	1	358	admit-refused	authority refusal LIMIT_EXCEEDED: aggregate admission capacity exhausted
31771	1789237509458	1	379	admit-retried	succeeded after 1 refusals
31771	1789237509458	1	379	admitted	admit=484ms
31841	1789237509528	0	378	admitted	admit=226ms
32007	1789237509694	1	382	admitted	admit=236ms
32126	1789237509813	0	381	admitted	admit=285ms
32158	1789237509845	0	312	admitted	admit=7920ms
32276	1789237509963	1	385	admitted	admit=268ms
32292	1789237509979	0	339	admit-ceiling	LIMIT_EXCEEDED: client unresolved admission ceiling
32357	1789237510044	0	327	admit-ceiling	LIMIT_EXCEEDED: client unresolved admission ceiling
32447	1789237510134	0	351	admit-retried	succeeded after 4 refusals
32447	1789237510134	0	351	admitted	admit=4079ms
32516	1789237510203	0	21	admit-ceiling	LIMIT_EXCEEDED: client unresolved admission ceiling
32516	1789237510203	0	0	admit-ceiling	LIMIT_EXCEEDED: client unresolved admission ceiling
32516	1789237510203	0	42	admit-ceiling	LIMIT_EXCEEDED: client unresolved admission ceiling
32585	1789237510272	0	384	admit-refused	authority refusal LIMIT_EXCEEDED: aggregate admission capacity exhausted
32599	1789237510286	0	390	admit-refused	authority refusal LIMIT_EXCEEDED: aggregate admission capacity exhausted
32758	1789237510445	1	388	admitted	admit=481ms
32791	1789237510478	2	5	admit-ceiling	LIMIT_EXCEEDED: client unresolved admission ceiling
32800	1789237510487	0	390	admit-refused	authority refusal LIMIT_EXCEEDED: aggregate admission capacity exhausted
32812	1789237510499	0	384	admit-retried	succeeded after 1 refusals
32812	1789237510499	0	384	admitted	admit=653ms
32817	1789237510504	1	37	admit-ceiling	LIMIT_EXCEEDED: client unresolved admission ceiling
32840	1789237510527	1	22	admit-ceiling	LIMIT_EXCEEDED: client unresolved admission ceiling
32907	1789237510594	1	367	admit-retried	succeeded after 2 refusals
32907	1789237510594	1	367	admitted	admit=3066ms
32942	1789237510629	1	391	admitted	admit=184ms
32956	1789237510643	2	44	admit-ceiling	LIMIT_EXCEEDED: client unresolved admission ceiling
32973	1789237510660	2	20	admit-ceiling	LIMIT_EXCEEDED: client unresolved admission ceiling
33001	1789237510688	0	390	admit-ceiling	LIMIT_EXCEEDED: client unresolved admission ceiling
33003	1789237510690	1	397	admit-ceiling	LIMIT_EXCEEDED: client unresolved admission ceiling
33003	1789237510690	1	4	admit-ceiling	LIMIT_EXCEEDED: client unresolved admission ceiling
33014	1789237510701	2	41	admit-refused	authority refusal LIMIT_EXCEEDED: retained input, output or executor capacity
33049	1789237510736	2	239	admitted	admit=1370ms
33070	1789237510757	1	19	admit-retried	succeeded after 11 refusals
33070	1789237510757	1	19	admitted	admit=32544ms
33071	1789237510758	1	43	admit-ceiling	LIMIT_EXCEEDED: client unresolved admission ceiling
33086	1789237510773	2	236	admit-retried	succeeded after 1 refusals
33086	1789237510773	2	236	admitted	admit=1579ms
33141	1789237510828	1	394	admitted	admit=198ms
33142	1789237510829	1	397	admit-ceiling	LIMIT_EXCEEDED: client unresolved admission ceiling
33161	1789237510848	2	245	admit-ceiling	LIMIT_EXCEEDED: client unresolved admission ceiling
33162	1789237510849	2	53	admit-ceiling	LIMIT_EXCEEDED: client unresolved admission ceiling
33180	1789237510867	1	403	admit-ceiling	LIMIT_EXCEEDED: client unresolved admission ceiling
33262	1789237510949	1	241	admit-ceiling	LIMIT_EXCEEDED: client unresolved admission ceiling
33262	1789237510950	2	245	admit-ceiling	LIMIT_EXCEEDED: client unresolved admission ceiling
33282	1789237510969	1	403	admit-ceiling	LIMIT_EXCEEDED: client unresolved admission ceiling
33284	1789237510971	2	8	admit-refused	authority refusal LIMIT_EXCEEDED: retained input, output or executor capacity
33294	1789237510981	2	14	admit-refused	authority refusal LIMIT_EXCEEDED: retained input, output or executor capacity
33304	1789237510991	2	242	admit-refused	authority refusal LIMIT_EXCEEDED: retained input, output or executor capacity
33305	1789237510993	1	400	admit-refused	authority refusal LIMIT_EXCEEDED: aggregate admission capacity exhausted
33332	1789237511019	1	358	admit-refused	authority refusal LIMIT_EXCEEDED: aggregate admission capacity exhausted
33365	1789237511052	1	61	admit-refused	authority refusal LIMIT_EXCEEDED: aggregate admission capacity exhausted
33403	1789237511090	0	390	admit-ceiling	LIMIT_EXCEEDED: client unresolved admission ceiling
33453	1789237511140	0	12	admit-retried	succeeded after 11 refusals
33453	1789237511140	0	12	admitted	admit=32932ms
33457	1789237511144	1	397	admit-retried	succeeded after 2 refusals
33457	1789237511144	1	397	admitted	admit=514ms
33495	1789237511183	1	292	admit-ceiling	LIMIT_EXCEEDED: client unresolved admission ceiling
33530	1789237511217	2	2	admit-ceiling	LIMIT_EXCEEDED: client unresolved admission ceiling
33574	1789237511261	1	406	admit-refused	authority refusal LIMIT_EXCEEDED: aggregate admission capacity exhausted
33582	1789237511269	0	396	admitted	admit=128ms
33656	1789237511343	1	403	admit-refused	authority refusal LIMIT_EXCEEDED: aggregate admission capacity exhausted
33742	1789237511429	2	224	admit-retried	succeeded after 3 refusals
33742	1789237511429	2	224	admitted	admit=4423ms
33763	1789237511450	0	387	admitted	admit=1604ms
33906	1789237511593	0	237	admit-ceiling	LIMIT_EXCEEDED: client unresolved admission ceiling
33932	1789237511620	0	402	admit-refused	authority refusal LIMIT_EXCEEDED: aggregate admission capacity exhausted
33942	1789237511629	0	369	admit-retried	succeeded after 2 refusals
33942	1789237511629	0	369	admitted	admit=3452ms
33947	1789237511634	1	400	admit-retried	succeeded after 1 refusals
33947	1789237511634	1	400	admitted	admit=876ms
34023	1789237511710	1	118	admit-retried	succeeded after 10 refusals
34023	1789237511710	1	118	admitted	admit=29430ms
34024	1789237511711	1	217	admit-ceiling	LIMIT_EXCEEDED: client unresolved admission ceiling
34034	1789237511722	0	402	admit-ceiling	LIMIT_EXCEEDED: client unresolved admission ceiling
34059	1789237511746	1	412	admit-ceiling	LIMIT_EXCEEDED: client unresolved admission ceiling
34059	1789237511747	1	403	admit-ceiling	LIMIT_EXCEEDED: client unresolved admission ceiling
34067	1789237511754	0	405	admit-refused	authority refusal LIMIT_EXCEEDED: aggregate admission capacity exhausted
34159	1789237511846	1	346	admit-refused	authority refusal LIMIT_EXCEEDED: aggregate admission capacity exhausted
34172	1789237511859	0	393	admitted	admit=1359ms
34208	1789237511895	0	408	admit-ceiling	LIMIT_EXCEEDED: client unresolved admission ceiling
34209	1789237511896	0	390	admit-ceiling	LIMIT_EXCEEDED: client unresolved admission ceiling
34236	1789237511923	0	402	admit-ceiling	LIMIT_EXCEEDED: client unresolved admission ceiling
34251	1789237511938	0	405	admit-refused	authority refusal LIMIT_EXCEEDED: aggregate admission capacity exhausted
34274	1789237511961	1	412	admit-retried	succeeded after 1 refusals
34274	1789237511961	1	412	admitted	admit=249ms
34276	1789237511963	0	294	admit-refused	authority refusal LIMIT_EXCEEDED: aggregate admission capacity exhausted
34404	1789237512091	1	415	admit-refused	authority refusal LIMIT_EXCEEDED: aggregate admission capacity exhausted
34422	1789237512109	0	408	admit-retried	succeeded after 1 refusals
34422	1789237512109	0	408	admitted	admit=249ms
34422	1789237512109	2	11	admit-ceiling	LIMIT_EXCEEDED: client unresolved admission ceiling
34438	1789237512125	2	35	admit-ceiling	LIMIT_EXCEEDED: client unresolved admission ceiling
34527	1789237512214	0	405	admit-refused	authority refusal LIMIT_EXCEEDED: aggregate admission capacity exhausted
34657	1789237512344	1	415	admit-retried	succeeded after 1 refusals
34657	1789237512344	1	415	admitted	admit=383ms
34677	1789237512364	2	242	admit-retried	succeeded after 1 refusals
34677	1789237512364	2	242	admitted	admit=1591ms
34698	1789237512385	1	142	admit-ceiling	LIMIT_EXCEEDED: client unresolved admission ceiling
34754	1789237512441	1	409	admitted	admit=806ms
34770	1789237512457	0	402	admit-retried	succeeded after 3 refusals
34770	1789237512457	0	402	admitted	admit=1006ms
34793	1789237512480	2	158	admit-refused	authority refusal LIMIT_EXCEEDED: retained input, output or executor capacity
34817	1789237512505	2	248	admit-refused	authority refusal LIMIT_EXCEEDED: retained input, output or executor capacity
34822	1789237512509	2	245	admit-retried	succeeded after 2 refusals
34822	1789237512509	2	245	admitted	admit=1735ms
34839	1789237512526	1	418	admit-refused	authority refusal LIMIT_EXCEEDED: aggregate admission capacity exhausted
34860	1789237512547	1	421	admit-refused	authority refusal LIMIT_EXCEEDED: aggregate admission capacity exhausted
34906	1789237512593	0	414	admit-refused	authority refusal LIMIT_EXCEEDED: aggregate admission capacity exhausted
34923	1789237512610	1	403	admit-refused	authority refusal LIMIT_EXCEEDED: aggregate admission capacity exhausted
34962	1789237512649	1	421	admit-ceiling	LIMIT_EXCEEDED: client unresolved admission ceiling
35008	1789237512695	0	414	admit-ceiling	LIMIT_EXCEEDED: client unresolved admission ceiling
35074	1789237512761	1	358	admit-refused	authority refusal LIMIT_EXCEEDED: aggregate admission capacity exhausted
35077	1789237512764	1	418	admit-retried	succeeded after 1 refusals
35077	1789237512764	1	418	admitted	admit=419ms
35155	1789237512842	0	342	admit-retried	succeeded after 6 refusals
35155	1789237512842	0	342	admitted	admit=7936ms
35162	1789237512849	1	424	admit-refused	authority refusal LIMIT_EXCEEDED: aggregate admission capacity exhausted
35210	1789237512897	0	414	admit-ceiling	LIMIT_EXCEEDED: client unresolved admission ceiling
35222	1789237512909	1	421	admit-refused	authority refusal LIMIT_EXCEEDED: aggregate admission capacity exhausted
35340	1789237513027	1	424	admit-refused	authority refusal LIMIT_EXCEEDED: aggregate admission capacity exhausted
35364	1789237513051	0	399	admitted	admit=1781ms
35494	1789237513181	0	339	admit-ceiling	LIMIT_EXCEEDED: client unresolved admission ceiling
35576	1789237513263	0	405	admit-retried	succeeded after 3 refusals
35576	1789237513263	0	405	admitted	admit=1633ms
35612	1789237513299	0	414	admit-ceiling	LIMIT_EXCEEDED: client unresolved admission ceiling
35681	1789237513368	1	424	admit-retried	succeeded after 2 refusals
35681	1789237513368	1	424	admitted	admit=603ms
35683	1789237513370	0	420	admit-refused	authority refusal LIMIT_EXCEEDED: aggregate admission capacity exhausted
35703	1789237513390	0	423	admit-refused	authority refusal LIMIT_EXCEEDED: aggregate admission capacity exhausted
35756	1789237513443	1	406	admit-retried	succeeded after 1 refusals
35756	1789237513443	1	406	admitted	admit=2298ms
35781	1789237513468	2	251	admitted	admit=1103ms
35805	1789237513492	0	423	admit-ceiling	LIMIT_EXCEEDED: client unresolved admission ceiling
35810	1789237513497	0	390	admit-ceiling	LIMIT_EXCEEDED: client unresolved admission ceiling
35873	1789237513560	2	215	admit-refused	authority refusal LIMIT_EXCEEDED: retained input, output or executor capacity
35884	1789237513571	2	254	admit-refused	authority refusal LIMIT_EXCEEDED: retained input, output or executor capacity
35916	1789237513604	0	264	admit-ceiling	LIMIT_EXCEEDED: client unresolved admission ceiling
35928	1789237513615	0	105	admit-ceiling	LIMIT_EXCEEDED: client unresolved admission ceiling
35952	1789237513640	2	248	admit-refused	authority refusal LIMIT_EXCEEDED: retained input, output or executor capacity
35963	1789237513650	2	257	admit-refused	authority refusal LIMIT_EXCEEDED: retained input, output or executor capacity
36008	1789237513695	0	423	admit-ceiling	LIMIT_EXCEEDED: client unresolved admission ceiling
36053	1789237513740	0	420	admit-retried	succeeded after 1 refusals
36053	1789237513740	0	420	admitted	admit=688ms
36183	1789237513870	1	430	admit-refused	authority refusal LIMIT_EXCEEDED: aggregate admission capacity exhausted
36220	1789237513907	1	376	admit-fatal-send	Refused(Refusal { request: Input { stream: StreamId(854) }, code: InternalError, detail: Detail("authority storage operation failed") })
36250	1789237513937	0	426	admitted	admit=197ms
36348	1789237514035	0	411	admit-refused	authority refusal LIMIT_EXCEEDED: aggregate admission capacity exhausted
36368	1789237514055	0	99	admit-retried	succeeded after 11 refusals
36368	1789237514055	0	99	admitted	admit=33254ms
36380	1789237514067	0	429	admit-refused	authority refusal LIMIT_EXCEEDED: aggregate admission capacity exhausted
36450	1789237514137	0	411	admit-ceiling	LIMIT_EXCEEDED: client unresolved admission ceiling
36482	1789237514169	0	429	admit-ceiling	LIMIT_EXCEEDED: client unresolved admission ceiling
36584	1789237514272	0	417	admit-refused	authority refusal LIMIT_EXCEEDED: aggregate admission capacity exhausted
36604	1789237514291	0	414	admit-refused	authority refusal LIMIT_EXCEEDED: aggregate admission capacity exhausted
36652	1789237514339	2	254	admit-retried	succeeded after 1 refusals
36652	1789237514339	2	254	admitted	admit=1829ms
36686	1789237514373	0	417	admit-ceiling	LIMIT_EXCEEDED: client unresolved admission ceiling
36762	1789237514449	0	411	admit-refused	authority refusal LIMIT_EXCEEDED: aggregate admission capacity exhausted
36777	1789237514464	2	248	admit-refused	authority refusal LIMIT_EXCEEDED: retained input, output or executor capacity
36779	1789237514466	0	429	admit-refused	authority refusal LIMIT_EXCEEDED: aggregate admission capacity exhausted
36783	1789237514470	2	143	admit-refused	authority refusal LIMIT_EXCEEDED: retained input, output or executor capacity
36947	1789237514634	2	257	admit-retried	succeeded after 1 refusals
36947	1789237514634	2	257	admitted	admit=1165ms
36996	1789237514683	0	417	admit-refused	authority refusal LIMIT_EXCEEDED: aggregate admission capacity exhausted
37278	1789237514965	0	429	admit-refused	authority refusal LIMIT_EXCEEDED: aggregate admission capacity exhausted
37293	1789237514980	0	411	admit-retried	succeeded after 3 refusals
37293	1789237514980	0	411	admitted	admit=2870ms
37398	1789237515085	0	417	admit-ceiling	LIMIT_EXCEEDED: client unresolved admission ceiling
37466	1789237515153	0	435	admit-refused	authority refusal LIMIT_EXCEEDED: aggregate admission capacity exhausted
37519	1789237515206	0	21	admit-ceiling	LIMIT_EXCEEDED: client unresolved admission ceiling
37519	1789237515206	0	42	admit-ceiling	LIMIT_EXCEEDED: client unresolved admission ceiling
37569	1789237515256	0	435	admit-ceiling	LIMIT_EXCEEDED: client unresolved admission ceiling
37593	1789237515281	2	260	admitted	admit=940ms
37700	1789237515387	0	0	admit-retried	succeeded after 12 refusals
37700	1789237515387	0	0	admitted	admit=37179ms
37771	1789237515458	0	435	admit-ceiling	LIMIT_EXCEEDED: client unresolved admission ceiling
37832	1789237515519	0	438	admitted	admit=131ms
37958	1789237515646	2	44	admit-ceiling	LIMIT_EXCEEDED: client unresolved admission ceiling
37974	1789237515661	2	20	admit-ceiling	LIMIT_EXCEEDED: client unresolved admission ceiling
37980	1789237515667	0	441	admitted	admit=147ms
38015	1789237515702	2	41	admit-ceiling	LIMIT_EXCEEDED: client unresolved admission ceiling
38068	1789237515755	0	444	admit-refused	authority refusal LIMIT_EXCEEDED: aggregate admission capacity exhausted
38138	1789237515825	0	429	admit-refused	authority refusal LIMIT_EXCEEDED: aggregate admission capacity exhausted
38166	1789237515853	2	263	admitted	admit=1218ms
38172	1789237515859	0	435	admit-ceiling	LIMIT_EXCEEDED: client unresolved admission ceiling
38199	1789237515886	0	417	admit-ceiling	LIMIT_EXCEEDED: client unresolved admission ceiling
38200	1789237515887	2	269	admit-ceiling	LIMIT_EXCEEDED: client unresolved admission ceiling
38206	1789237515893	0	414	admit-ceiling	LIMIT_EXCEEDED: client unresolved admission ceiling
38265	1789237515953	2	248	admit-retried	succeeded after 3 refusals
38265	1789237515953	2	248	admitted	admit=4522ms
38297	1789237515984	2	8	admit-ceiling	LIMIT_EXCEEDED: client unresolved admission ceiling
38297	1789237515984	2	14	admit-ceiling	LIMIT_EXCEEDED: client unresolved admission ceiling
38301	1789237515989	2	269	admit-ceiling	LIMIT_EXCEEDED: client unresolved admission ceiling
38381	1789237516068	0	444	admit-retried	succeeded after 1 refusals
38381	1789237516068	0	444	admitted	admit=400ms
38504	1789237516191	2	269	admit-ceiling	LIMIT_EXCEEDED: client unresolved admission ceiling
38533	1789237516220	2	2	admit-ceiling	LIMIT_EXCEEDED: client unresolved admission ceiling
38735	1789237516422	0	447	admitted	admit=353ms
38846	1789237516533	2	5	admit-refused	authority refusal LIMIT_EXCEEDED: retained input, output or executor capacity
38855	1789237516542	2	266	admitted	admit=1261ms
38886	1789237516573	0	450	admitted	admit=151ms
38923	1789237516610	0	237	admit-ceiling	LIMIT_EXCEEDED: client unresolved admission ceiling
38981	1789237516668	2	275	admit-refused	authority refusal LIMIT_EXCEEDED: retained input, output or executor capacity
38982	1789237516669	0	453	admit-refused	authority refusal LIMIT_EXCEEDED: aggregate admission capacity exhausted
39000	1789237516687	0	327	admit-retried	succeeded after 7 refusals
39000	1789237516687	0	327	admitted	admit=13123ms
39016	1789237516703	2	269	admit-refused	authority refusal LIMIT_EXCEEDED: retained input, output or executor capacity
39026	1789237516713	2	53	admit-refused	authority refusal LIMIT_EXCEEDED: retained input, output or executor capacity
39036	1789237516723	0	390	admit-ceiling	LIMIT_EXCEEDED: client unresolved admission ceiling
39084	1789237516771	0	453	admit-ceiling	LIMIT_EXCEEDED: client unresolved admission ceiling
39241	1789237516928	0	435	admit-retried	succeeded after 4 refusals
39241	1789237516928	0	435	admitted	admit=1948ms
39278	1789237516965	0	294	admit-ceiling	LIMIT_EXCEEDED: client unresolved admission ceiling
39286	1789237516973	0	453	admit-ceiling	LIMIT_EXCEEDED: client unresolved admission ceiling
39436	1789237517123	0	459	admitted	admit=194ms
39452	1789237517139	2	272	admitted	admit=1186ms
39689	1789237517376	0	453	admit-ceiling	LIMIT_EXCEEDED: client unresolved admission ceiling
39740	1789237517427	0	429	admit-ceiling	LIMIT_EXCEEDED: client unresolved admission ceiling
39794	1789237517481	2	158	admit-ceiling	LIMIT_EXCEEDED: client unresolved admission ceiling
39802	1789237517490	0	432	admitted	admit=3434ms
39817	1789237517504	2	269	admit-ceiling	LIMIT_EXCEEDED: client unresolved admission ceiling
39836	1789237517523	0	465	admit-ceiling	LIMIT_EXCEEDED: client unresolved admission ceiling
39887	1789237517574	2	275	admit-retried	succeeded after 1 refusals
39887	1789237517574	2	275	admitted	admit=1031ms
39907	1789237517594	0	423	admit-retried	succeeded after 3 refusals
39907	1789237517594	0	423	admitted	admit=4330ms
39977	1789237517664	0	417	admit-retried	succeeded after 5 refusals
39977	1789237517664	0	417	admitted	admit=4821ms
40019	1789237517706	0	471	admit-ceiling	LIMIT_EXCEEDED: client unresolved admission ceiling
40095	1789237517782	2	11	admit-refused	authority refusal LIMIT_EXCEEDED: retained input, output or executor capacity
40102	1789237517789	2	281	admit-refused	authority refusal LIMIT_EXCEEDED: retained input, output or executor capacity
40115	1789237517802	0	465	admit-refused	authority refusal LIMIT_EXCEEDED: aggregate admission capacity exhausted
40198	1789237517885	2	35	admit-refused	authority refusal LIMIT_EXCEEDED: retained input, output or executor capacity
40209	1789237517896	2	278	admit-refused	authority refusal LIMIT_EXCEEDED: retained input, output or executor capacity
40227	1789237517914	0	471	admit-refused	authority refusal LIMIT_EXCEEDED: aggregate admission capacity exhausted
40247	1789237517934	0	456	admit-refused	authority refusal LIMIT_EXCEEDED: aggregate admission capacity exhausted
40375	1789237518062	0	465	admit-refused	authority refusal LIMIT_EXCEEDED: aggregate admission capacity exhausted
40520	1789237518207	0	456	admit-retried	succeeded after 1 refusals
40520	1789237518207	0	456	admitted	admit=1519ms
40521	1789237518208	0	339	admit-ceiling	LIMIT_EXCEEDED: client unresolved admission ceiling
40555	1789237518242	0	474	admit-ceiling	LIMIT_EXCEEDED: client unresolved admission ceiling
40602	1789237518289	0	471	admit-refused	authority refusal LIMIT_EXCEEDED: aggregate admission capacity exhausted
40803	1789237518490	0	462	admitted	admit=1366ms
40820	1789237518507	2	281	admit-retried	succeeded after 1 refusals
40820	1789237518507	2	281	admitted	admit=932ms
40829	1789237518516	0	453	admit-refused	authority refusal LIMIT_EXCEEDED: aggregate admission capacity exhausted
40933	1789237518621	0	474	admit-retried	succeeded after 1 refusals
40933	1789237518621	0	474	admitted	admit=412ms
40935	1789237518622	0	105	admit-ceiling	LIMIT_EXCEEDED: client unresolved admission ceiling
40953	1789237518640	2	278	admit-retried	succeeded after 1 refusals
40953	1789237518640	2	278	admitted	admit=1500ms
40972	1789237518660	0	480	admit-ceiling	LIMIT_EXCEEDED: client unresolved admission ceiling
40991	1789237518678	0	264	admit-refused	authority refusal LIMIT_EXCEEDED: aggregate admission capacity exhausted
40995	1789237518682	2	284	admit-refused	authority refusal LIMIT_EXCEEDED: retained input, output or executor capacity
41005	1789237518692	2	215	admit-refused	authority refusal LIMIT_EXCEEDED: retained input, output or executor capacity
41074	1789237518761	0	480	admit-ceiling	LIMIT_EXCEEDED: client unresolved admission ceiling
41160	1789237518847	0	471	admit-refused	authority refusal LIMIT_EXCEEDED: aggregate admission capacity exhausted
41237	1789237518924	0	477	admit-refused	authority refusal LIMIT_EXCEEDED: aggregate admission capacity exhausted
41407	1789237519094	0	414	admit-ceiling	LIMIT_EXCEEDED: client unresolved admission ceiling
41433	1789237519120	0	468	admit-refused	authority refusal LIMIT_EXCEEDED: aggregate admission capacity exhausted
41450	1789237519138	0	477	admit-refused	authority refusal LIMIT_EXCEEDED: aggregate admission capacity exhausted
41539	1789237519226	2	269	admit-refused	authority refusal LIMIT_EXCEEDED: retained input, output or executor capacity
41558	1789237519245	2	284	admit-retried	succeeded after 1 refusals
41558	1789237519245	2	284	admitted	admit=738ms
41591	1789237519278	2	287	admitted	admit=637ms
41599	1789237519286	0	465	admit-refused	authority refusal LIMIT_EXCEEDED: aggregate admission capacity exhausted
41619	1789237519306	0	468	admit-refused	authority refusal LIMIT_EXCEEDED: aggregate admission capacity exhausted
41742	1789237519429	0	477	admit-refused	authority refusal LIMIT_EXCEEDED: aggregate admission capacity exhausted
41879	1789237519566	2	290	admitted	admit=287ms
41898	1789237519585	0	468	admit-refused	authority refusal LIMIT_EXCEEDED: aggregate admission capacity exhausted
41949	1789237519636	2	143	admit-refused	authority refusal LIMIT_EXCEEDED: retained input, output or executor capacity
41959	1789237519646	2	296	admit-refused	authority refusal LIMIT_EXCEEDED: retained input, output or executor capacity
41990	1789237519677	2	293	admitted	admit=398ms
42020	1789237519707	0	480	admit-retried	succeeded after 2 refusals
42020	1789237519707	0	480	admitted	admit=1085ms
42170	1789237519858	0	483	admit-refused	authority refusal LIMIT_EXCEEDED: aggregate admission capacity exhausted
42181	1789237519869	2	299	admit-refused	authority refusal LIMIT_EXCEEDED: retained input, output or executor capacity
42199	1789237519886	0	471	admit-refused	authority refusal LIMIT_EXCEEDED: aggregate admission capacity exhausted
42252	1789237519939	2	296	admit-refused	authority refusal LIMIT_EXCEEDED: retained input, output or executor capacity
42266	1789237519953	0	477	admit-retried	succeeded after 3 refusals
42266	1789237519953	0	477	admitted	admit=1462ms
42391	1789237520078	0	486	admit-refused	authority refusal LIMIT_EXCEEDED: aggregate admission capacity exhausted
42404	1789237520091	2	299	admit-refused	authority refusal LIMIT_EXCEEDED: retained input, output or executor capacity
42422	1789237520109	0	483	admit-refused	authority refusal LIMIT_EXCEEDED: aggregate admission capacity exhausted
42458	1789237520145	0	465	admit-refused	authority refusal LIMIT_EXCEEDED: aggregate admission capacity exhausted
42522	1789237520209	0	21	admit-ceiling	LIMIT_EXCEEDED: client unresolved admission ceiling
42578	1789237520265	0	453	admit-retried	succeeded after 5 refusals
42578	1789237520265	0	453	admitted	admit=3691ms
42624	1789237520311	0	483	admit-ceiling	LIMIT_EXCEEDED: client unresolved admission ceiling
42668	1789237520355	0	489	admit-refused	authority refusal LIMIT_EXCEEDED: aggregate admission capacity exhausted
42689	1789237520376	0	486	admit-refused	authority refusal LIMIT_EXCEEDED: aggregate admission capacity exhausted
42707	1789237520394	0	42	admit-refused	authority refusal LIMIT_EXCEEDED: aggregate admission capacity exhausted
42847	1789237520534	0	489	admit-retried	succeeded after 1 refusals
42847	1789237520534	0	489	admitted	admit=269ms
43002	1789237520689	0	492	admit-refused	authority refusal LIMIT_EXCEEDED: aggregate admission capacity exhausted
43016	1789237520703	2	41	admit-ceiling	LIMIT_EXCEEDED: client unresolved admission ceiling
43022	1789237520709	0	429	admit-refused	authority refusal LIMIT_EXCEEDED: aggregate admission capacity exhausted
43137	1789237520824	0	468	admit-refused	authority refusal LIMIT_EXCEEDED: aggregate admission capacity exhausted
43159	1789237520846	0	483	admit-refused	authority refusal LIMIT_EXCEEDED: aggregate admission capacity exhausted
43180	1789237520867	0	492	admit-refused	authority refusal LIMIT_EXCEEDED: aggregate admission capacity exhausted
43213	1789237520900	0	486	admit-refused	authority refusal LIMIT_EXCEEDED: aggregate admission capacity exhausted
43221	1789237520908	2	296	admit-retried	succeeded after 2 refusals
43221	1789237520908	2	296	admitted	admit=1341ms
43303	1789237520991	2	299	admit-retried	succeeded after 2 refusals
43303	1789237520991	2	299	admitted	admit=1313ms
43305	1789237520992	2	14	admit-ceiling	LIMIT_EXCEEDED: client unresolved admission ceiling
43333	1789237521021	2	305	admit-ceiling	LIMIT_EXCEEDED: client unresolved admission ceiling
43435	1789237521122	2	305	admit-ceiling	LIMIT_EXCEEDED: client unresolved admission ceiling
43474	1789237521161	0	492	admit-retried	succeeded after 2 refusals
43474	1789237521161	0	492	admitted	admit=626ms
43534	1789237521221	2	2	admit-ceiling	LIMIT_EXCEEDED: client unresolved admission ceiling
43637	1789237521324	2	305	admit-ceiling	LIMIT_EXCEEDED: client unresolved admission ceiling
43681	1789237521368	0	486	admit-refused	authority refusal LIMIT_EXCEEDED: aggregate admission capacity exhausted
43693	1789237521380	0	495	admitted	admit=218ms
43819	1789237521506	0	498	admitted	admit=125ms
43848	1789237521535	2	5	admit-ceiling	LIMIT_EXCEEDED: client unresolved admission ceiling
43960	1789237521647	0	483	admit-ceiling	LIMIT_EXCEEDED: client unresolved admission ceiling
43971	1789237521658	0	501	admit-refused	authority refusal LIMIT_EXCEEDED: aggregate admission capacity exhausted
44018	1789237521705	0	471	admit-refused	authority refusal LIMIT_EXCEEDED: aggregate admission capacity exhausted
44027	1789237521714	2	53	admit-ceiling	LIMIT_EXCEEDED: client unresolved admission ceiling
44039	1789237521726	2	305	admit-ceiling	LIMIT_EXCEEDED: client unresolved admission ceiling
44040	1789237521727	0	237	admit-refused	authority refusal LIMIT_EXCEEDED: aggregate admission capacity exhausted
44163	1789237521850	0	501	admit-refused	authority refusal LIMIT_EXCEEDED: aggregate admission capacity exhausted
44170	1789237521857	0	390	admit-retried	succeeded after 7 refusals
44170	1789237521857	0	390	admitted	admit=11722ms
44329	1789237522016	2	8	admit-refused	authority refusal LIMIT_EXCEEDED: retained input, output or executor capacity
44341	1789237522028	0	504	admit-refused	authority refusal LIMIT_EXCEEDED: aggregate admission capacity exhausted
44353	1789237522040	2	44	admit-retried	succeeded after 13 refusals
44353	1789237522040	2	44	admitted	admit=43526ms
44365	1789237522052	2	302	admit-refused	authority refusal LIMIT_EXCEEDED: retained input, output or executor capacity
44388	1789237522075	2	20	admit-retried	succeeded after 13 refusals
44388	1789237522075	2	20	admitted	admit=43562ms
44443	1789237522130	0	504	admit-ceiling	LIMIT_EXCEEDED: client unresolved admission ceiling
44483	1789237522170	0	486	admit-ceiling	LIMIT_EXCEEDED: client unresolved admission ceiling
44501	1789237522188	0	501	admit-refused	authority refusal LIMIT_EXCEEDED: aggregate admission capacity exhausted
44545	1789237522232	0	294	admit-refused	authority refusal LIMIT_EXCEEDED: aggregate admission capacity exhausted
44636	1789237522323	0	468	admit-refused	authority refusal LIMIT_EXCEEDED: aggregate admission capacity exhausted
44707	1789237522394	0	465	admit-retried	succeeded after 5 refusals
44707	1789237522394	0	465	admitted	admit=4903ms
44717	1789237522404	0	504	admit-refused	authority refusal LIMIT_EXCEEDED: aggregate admission capacity exhausted
44796	1789237522483	2	158	admit-ceiling	LIMIT_EXCEEDED: client unresolved admission ceiling
44841	1789237522528	2	305	admit-ceiling	LIMIT_EXCEEDED: client unresolved admission ceiling
44873	1789237522560	0	507	admit-refused	authority refusal LIMIT_EXCEEDED: aggregate admission capacity exhausted
45046	1789237522733	0	501	admit-refused	authority refusal LIMIT_EXCEEDED: aggregate admission capacity exhausted
45097	1789237522784	2	11	admit-ceiling	LIMIT_EXCEEDED: client unresolved admission ceiling
45138	1789237522825	0	507	admit-refused	authority refusal LIMIT_EXCEEDED: aggregate admission capacity exhausted
45203	1789237522890	2	302	admit-retried	succeeded after 1 refusals
45203	1789237522890	2	302	admitted	admit=1981ms
45230	1789237522917	2	314	admit-ceiling	LIMIT_EXCEEDED: client unresolved admission ceiling
45299	1789237522986	2	311	admit-refused	authority refusal LIMIT_EXCEEDED: retained input, output or executor capacity
45323	1789237523010	2	308	admitted	admit=934ms
45373	1789237523060	2	35	admit-refused	authority refusal LIMIT_EXCEEDED: retained input, output or executor capacity
45412	1789237523099	2	269	admit-refused	authority refusal LIMIT_EXCEEDED: retained input, output or executor capacity
45467	1789237523154	0	507	admit-retried	succeeded after 2 refusals
45467	1789237523154	0	507	admitted	admit=759ms
45570	1789237523257	0	510	admit-refused	authority refusal LIMIT_EXCEEDED: aggregate admission capacity exhausted
45649	1789237523337	0	339	admit-refused	authority refusal LIMIT_EXCEEDED: aggregate admission capacity exhausted
45768	1789237523455	2	317	admitted	admit=444ms
45888	1789237523575	0	510	admit-retried	succeeded after 1 refusals
45888	1789237523575	0	510	admitted	admit=420ms
45919	1789237523606	2	314	admit-retried	succeeded after 1 refusals
45919	1789237523606	2	314	admitted	admit=715ms
45960	1789237523647	0	501	admit-retried	succeeded after 4 refusals
45960	1789237523647	0	501	admitted	admit=2140ms
45990	1789237523677	0	516	admit-ceiling	LIMIT_EXCEEDED: client unresolved admission ceiling
45993	1789237523681	0	264	admit-ceiling	LIMIT_EXCEEDED: client unresolved admission ceiling
46084	1789237523771	2	311	admit-refused	authority refusal LIMIT_EXCEEDED: retained input, output or executor capacity
46085	1789237523772	0	486	admit-ceiling	LIMIT_EXCEEDED: client unresolved admission ceiling
46090	1789237523778	0	516	admit-ceiling	LIMIT_EXCEEDED: client unresolved admission ceiling
46094	1789237523781	2	320	admit-refused	authority refusal LIMIT_EXCEEDED: retained input, output or executor capacity
46104	1789237523791	2	323	admit-refused	authority refusal LIMIT_EXCEEDED: retained input, output or executor capacity
46105	1789237523793	0	513	admit-refused	authority refusal LIMIT_EXCEEDED: aggregate admission capacity exhausted
46128	1789237523816	0	105	admit-refused	authority refusal LIMIT_EXCEEDED: aggregate admission capacity exhausted
46293	1789237523980	0	516	admit-ceiling	LIMIT_EXCEEDED: client unresolved admission ceiling
46375	1789237524062	0	468	admit-refused	authority refusal LIMIT_EXCEEDED: aggregate admission capacity exhausted
46387	1789237524074	0	504	admit-retried	succeeded after 3 refusals
46387	1789237524074	0	504	admitted	admit=2217ms
46443	1789237524130	2	305	admit-ceiling	LIMIT_EXCEEDED: client unresolved admission ceiling
46500	1789237524187	0	414	admit-refused	authority refusal LIMIT_EXCEEDED: aggregate admission capacity exhausted
46569	1789237524256	0	513	admit-refused	authority refusal LIMIT_EXCEEDED: aggregate admission capacity exhausted
46870	1789237524557	0	519	admitted	admit=482ms
46951	1789237524638	2	143	admit-ceiling	LIMIT_EXCEEDED: client unresolved admission ceiling
46955	1789237524642	0	516	admit-refused	authority refusal LIMIT_EXCEEDED: aggregate admission capacity exhausted
46977	1789237524664	0	522	admit-refused	authority refusal LIMIT_EXCEEDED: aggregate admission capacity exhausted
46999	1789237524686	0	513	admit-refused	authority refusal LIMIT_EXCEEDED: aggregate admission capacity exhausted
47018	1789237524705	2	215	admit-refused	authority refusal LIMIT_EXCEEDED: retained input, output or executor capacity
47033	1789237524720	2	320	admit-refused	authority refusal LIMIT_EXCEEDED: retained input, output or executor capacity
47040	1789237524727	2	323	admit-refused	authority refusal LIMIT_EXCEEDED: retained input, output or executor capacity
47050	1789237524738	2	311	admit-refused	authority refusal LIMIT_EXCEEDED: retained input, output or executor capacity
47224	1789237524911	0	522	admit-retried	succeeded after 1 refusals
47224	1789237524911	0	522	admitted	admit=352ms
47327	1789237525015	0	525	admit-refused	authority refusal LIMIT_EXCEEDED: aggregate admission capacity exhausted
47339	1789237525027	0	471	admit-retried	succeeded after 6 refusals
47340	1789237525027	0	471	admitted	admit=7362ms
47460	1789237525147	0	528	admit-refused	authority refusal LIMIT_EXCEEDED: aggregate admission capacity exhausted
47497	1789237525184	0	525	admit-refused	authority refusal LIMIT_EXCEEDED: aggregate admission capacity exhausted
47659	1789237525346	0	513	admit-refused	authority refusal LIMIT_EXCEEDED: aggregate admission capacity exhausted
47709	1789237525396	0	42	admit-ceiling	LIMIT_EXCEEDED: client unresolved admission ceiling
47734	1789237525422	2	320	admit-retried	succeeded after 2 refusals
47734	1789237525422	2	320	admitted	admit=1966ms
47757	1789237525444	0	516	admit-ceiling	LIMIT_EXCEEDED: client unresolved admission ceiling
47800	1789237525487	0	525	admit-refused	authority refusal LIMIT_EXCEEDED: aggregate admission capacity exhausted
47811	1789237525499	0	21	admit-retried	succeeded after 14 refusals
47811	1789237525499	0	21	admitted	admit=47290ms
47873	1789237525560	2	323	admit-retried	succeeded after 2 refusals
47873	1789237525560	2	323	admitted	admit=1954ms
47911	1789237525598	2	326	admit-refused	authority refusal LIMIT_EXCEEDED: retained input, output or executor capacity
47927	1789237525614	0	531	admit-refused	authority refusal LIMIT_EXCEEDED: aggregate admission capacity exhausted
47988	1789237525675	2	329	admit-refused	authority refusal LIMIT_EXCEEDED: retained input, output or executor capacity
48036	1789237525723	0	528	admit-refused	authority refusal LIMIT_EXCEEDED: aggregate admission capacity exhausted
48081	1789237525768	0	483	admit-refused	authority refusal LIMIT_EXCEEDED: aggregate admission capacity exhausted
48104	1789237525791	0	429	admit-refused	authority refusal LIMIT_EXCEEDED: aggregate admission capacity exhausted
48242	1789237525929	2	311	admit-retried	succeeded after 3 refusals
48242	1789237525929	2	311	admitted	admit=3853ms
48262	1789237525949	0	525	admit-refused	authority refusal LIMIT_EXCEEDED: aggregate admission capacity exhausted
48307	1789237525994	2	14	admit-ceiling	LIMIT_EXCEEDED: client unresolved admission ceiling
48402	1789237526089	0	528	admit-refused	authority refusal LIMIT_EXCEEDED: aggregate admission capacity exhausted
48537	1789237526224	2	2	admit-ceiling	LIMIT_EXCEEDED: client unresolved admission ceiling
48645	1789237526332	2	326	admit-retried	succeeded after 1 refusals
48645	1789237526332	2	326	admitted	admit=909ms
48740	1789237526427	2	41	admit-refused	authority refusal LIMIT_EXCEEDED: retained input, output or executor capacity
48763	1789237526450	2	329	admit-refused	authority refusal LIMIT_EXCEEDED: retained input, output or executor capacity
48772	1789237526459	2	335	admit-refused	authority refusal LIMIT_EXCEEDED: retained input, output or executor capacity
48787	1789237526474	0	513	admit-retried	succeeded after 4 refusals
48787	1789237526474	0	513	admitted	admit=2898ms
48811	1789237526498	2	332	admit-refused	authority refusal LIMIT_EXCEEDED: retained input, output or executor capacity
49028	1789237526715	2	53	admit-ceiling	LIMIT_EXCEEDED: client unresolved admission ceiling
49044	1789237526731	0	528	admit-retried	succeeded after 3 refusals
49044	1789237526731	0	528	admitted	admit=1704ms
49076	1789237526763	0	525	admit-ceiling	LIMIT_EXCEEDED: client unresolved admission ceiling
49233	1789237526920	0	237	admit-retried	succeeded after 11 refusals
49233	1789237526920	0	237	admitted	admit=33504ms
49287	1789237526974	0	486	admit-ceiling	LIMIT_EXCEEDED: client unresolved admission ceiling
49330	1789237527017	2	8	admit-ceiling	LIMIT_EXCEEDED: client unresolved admission ceiling
49359	1789237527046	0	516	admit-ceiling	LIMIT_EXCEEDED: client unresolved admission ceiling
49376	1789237527063	2	335	admit-retried	succeeded after 1 refusals
49376	1789237527063	2	335	admitted	admit=731ms
49448	1789237527135	0	540	admitted	admit=214ms
49484	1789237527171	2	332	admit-retried	succeeded after 1 refusals
49484	1789237527171	2	332	admitted	admit=1241ms
49509	1789237527196	0	534	admitted	admit=720ms
49510	1789237527197	2	5	admit-refused	authority refusal LIMIT_EXCEEDED: retained input, output or executor capacity
49547	1789237527234	0	294	admit-ceiling	LIMIT_EXCEEDED: client unresolved admission ceiling
49597	1789237527284	0	543	admitted	admit=148ms
49603	1789237527290	0	546	admit-refused	authority refusal LIMIT_EXCEEDED: aggregate admission capacity exhausted
49634	1789237527321	2	338	admit-refused	authority refusal LIMIT_EXCEEDED: retained input, output or executor capacity
49654	1789237527341	2	329	admit-refused	authority refusal LIMIT_EXCEEDED: retained input, output or executor capacity
49692	1789237527379	2	341	admit-refused	authority refusal LIMIT_EXCEEDED: retained input, output or executor capacity
49704	1789237527391	0	546	admit-ceiling	LIMIT_EXCEEDED: client unresolved admission ceiling
49751	1789237527438	0	468	admit-refused	authority refusal LIMIT_EXCEEDED: aggregate admission capacity exhausted
49838	1789237527526	0	549	admitted	admit=241ms
49840	1789237527527	2	305	admit-refused	authority refusal LIMIT_EXCEEDED: retained input, output or executor capacity
49966	1789237527653	0	546	admit-refused	authority refusal LIMIT_EXCEEDED: aggregate admission capacity exhausted
50080	1789237527767	0	552	admitted	admit=240ms
50100	1789237527787	2	11	admit-ceiling	LIMIT_EXCEEDED: client unresolved admission ceiling
50204	1789237527891	2	341	admit-retried	succeeded after 1 refusals
50204	1789237527891	2	341	admitted	admit=720ms
50295	1789237527982	2	158	admit-refused	authority refusal LIMIT_EXCEEDED: retained input, output or executor capacity
50318	1789237528005	2	338	admit-retried	succeeded after 1 refusals
50318	1789237528005	2	338	admitted	admit=941ms
50414	1789237528101	2	269	admit-ceiling	LIMIT_EXCEEDED: client unresolved admission ceiling
50456	1789237528143	2	344	admit-refused	authority refusal LIMIT_EXCEEDED: retained input, output or executor capacity
50466	1789237528153	2	347	admit-refused	authority refusal LIMIT_EXCEEDED: retained input, output or executor capacity
50470	1789237528157	0	546	admit-retried	succeeded after 3 refusals
50470	1789237528157	0	546	admitted	admit=961ms
50476	1789237528163	2	35	admit-refused	authority refusal LIMIT_EXCEEDED: retained input, output or executor capacity
50592	1789237528279	2	329	admit-refused	authority refusal LIMIT_EXCEEDED: retained input, output or executor capacity
50602	1789237528289	2	344	admit-refused	authority refusal LIMIT_EXCEEDED: retained input, output or executor capacity
50651	1789237528338	0	339	admit-ceiling	LIMIT_EXCEEDED: client unresolved admission ceiling
50678	1789237528365	0	525	admit-ceiling	LIMIT_EXCEEDED: client unresolved admission ceiling
50764	1789237528451	0	531	admit-retried	succeeded after 1 refusals
50764	1789237528451	0	531	admitted	admit=2951ms
50874	1789237528561	2	347	admit-retried	succeeded after 1 refusals
50874	1789237528561	2	347	admitted	admit=555ms
50981	1789237528668	0	561	admitted	admit=216ms
51028	1789237528715	0	537	admitted	admit=1983ms
51065	1789237528752	0	567	admit-ceiling	LIMIT_EXCEEDED: client unresolved admission ceiling
51151	1789237528839	0	264	admit-retried	succeeded after 11 refusals
51151	1789237528839	0	264	admitted	admit=32886ms
51189	1789237528876	0	570	admit-ceiling	LIMIT_EXCEEDED: client unresolved admission ceiling
51189	1789237528876	0	567	admit-ceiling	LIMIT_EXCEEDED: client unresolved admission ceiling
51212	1789237528899	0	105	admit-refused	authority refusal LIMIT_EXCEEDED: aggregate admission capacity exhausted
51290	1789237528977	0	570	admit-ceiling	LIMIT_EXCEEDED: client unresolved admission ceiling
51384	1789237529071	0	483	admit-retried	succeeded after 6 refusals
51384	1789237529071	0	483	admitted	admit=9363ms
51418	1789237529105	0	567	admit-ceiling	LIMIT_EXCEEDED: client unresolved admission ceiling
51468	1789237529155	2	344	admit-retried	succeeded after 2 refusals
51468	1789237529155	2	344	admitted	admit=1263ms
51479	1789237529167	2	350	admit-refused	authority refusal LIMIT_EXCEEDED: retained input, output or executor capacity
51492	1789237529179	0	570	admit-ceiling	LIMIT_EXCEEDED: client unresolved admission ceiling
51504	1789237529191	0	414	admit-ceiling	LIMIT_EXCEEDED: client unresolved admission ceiling
51517	1789237529204	0	555	admit-refused	authority refusal LIMIT_EXCEEDED: aggregate admission capacity exhausted
51542	1789237529229	2	329	admit-refused	authority refusal LIMIT_EXCEEDED: retained input, output or executor capacity
51552	1789237529239	2	353	admit-refused	authority refusal LIMIT_EXCEEDED: retained input, output or executor capacity
51697	1789237529384	0	555	admit-refused	authority refusal LIMIT_EXCEEDED: aggregate admission capacity exhausted
51704	1789237529391	0	573	admitted	admit=320ms
51713	1789237529400	0	564	admit-refused	authority refusal LIMIT_EXCEEDED: aggregate admission capacity exhausted
51797	1789237529484	0	576	admit-refused	authority refusal LIMIT_EXCEEDED: aggregate admission capacity exhausted
51899	1789237529586	0	576	admit-ceiling	LIMIT_EXCEEDED: client unresolved admission ceiling
51899	1789237529586	0	555	admit-ceiling	LIMIT_EXCEEDED: client unresolved admission ceiling
51941	1789237529628	0	558	admitted	admit=1470ms
51954	1789237529641	0	570	admit-refused	authority refusal LIMIT_EXCEEDED: aggregate admission capacity exhausted
51957	1789237529645	0	564	admit-refused	authority refusal LIMIT_EXCEEDED: aggregate admission capacity exhausted
51996	1789237529684	0	567	admit-refused	authority refusal LIMIT_EXCEEDED: aggregate admission capacity exhausted
52010	1789237529697	0	579	admit-refused	authority refusal LIMIT_EXCEEDED: aggregate admission capacity exhausted
52431	1789237530118	0	579	admit-refused	authority refusal LIMIT_EXCEEDED: aggregate admission capacity exhausted
52433	1789237530120	0	555	admit-retried	succeeded after 3 refusals
52433	1789237530120	0	555	admitted	admit=2352ms
52634	1789237530321	0	579	admit-ceiling	LIMIT_EXCEEDED: client unresolved admission ceiling
52667	1789237530354	0	516	admit-refused	authority refusal LIMIT_EXCEEDED: aggregate admission capacity exhausted
52670	1789237530357	0	582	admitted	admit=237ms
52698	1789237530386	0	576	admit-refused	authority refusal LIMIT_EXCEEDED: aggregate admission capacity exhausted
52798	1789237530485	0	567	admit-ceiling	LIMIT_EXCEEDED: client unresolved admission ceiling
52827	1789237530514	2	350	admit-retried	succeeded after 1 refusals
52827	1789237530514	2	350	admitted	admit=1952ms
52901	1789237530588	2	143	admit-refused	authority refusal LIMIT_EXCEEDED: retained input, output or executor capacity
52903	1789237530590	0	570	admit-refused	authority refusal LIMIT_EXCEEDED: aggregate admission capacity exhausted
52911	1789237530598	2	215	admit-refused	authority refusal LIMIT_EXCEEDED: retained input, output or executor capacity
52920	1789237530607	2	353	admit-retried	succeeded after 1 refusals
52920	1789237530607	2	353	admitted	admit=1452ms
53015	1789237530702	0	42	admit-refused	authority refusal LIMIT_EXCEEDED: aggregate admission capacity exhausted
53034	1789237530721	2	356	admit-refused	authority refusal LIMIT_EXCEEDED: retained input, output or executor capacity
53044	1789237530731	2	359	admit-refused	authority refusal LIMIT_EXCEEDED: retained input, output or executor capacity
53088	1789237530775	0	585	admit-refused	authority refusal LIMIT_EXCEEDED: aggregate admission capacity exhausted
53119	1789237530806	0	579	admit-refused	authority refusal LIMIT_EXCEEDED: aggregate admission capacity exhausted
53233	1789237530920	0	429	admit-refused	authority refusal LIMIT_EXCEEDED: aggregate admission capacity exhausted
53287	1789237530974	0	585	admit-refused	authority refusal LIMIT_EXCEEDED: aggregate admission capacity exhausted
53375	1789237531062	0	564	admit-refused	authority refusal LIMIT_EXCEEDED: aggregate admission capacity exhausted
53539	1789237531226	2	2	admit-ceiling	LIMIT_EXCEEDED: client unresolved admission ceiling
53583	1789237531270	0	585	admit-refused	authority refusal LIMIT_EXCEEDED: aggregate admission capacity exhausted
53760	1789237531447	2	356	admit-retried	succeeded after 1 refusals
53760	1789237531447	2	356	admitted	admit=933ms
53797	1789237531484	2	362	admit-ceiling	LIMIT_EXCEEDED: client unresolved admission ceiling
53865	1789237531552	0	564	admit-refused	authority refusal LIMIT_EXCEEDED: aggregate admission capacity exhausted
53923	1789237531610	2	329	admit-retried	succeeded after 5 refusals
53923	1789237531610	2	329	admitted	admit=6049ms
53958	1789237531646	2	365	admit-ceiling	LIMIT_EXCEEDED: client unresolved admission ceiling
54021	1789237531708	2	359	admit-retried	succeeded after 1 refusals
54021	1789237531708	2	359	admitted	admit=1100ms
54025	1789237531712	0	525	admit-retried	succeeded after 6 refusals
54025	1789237531712	0	525	admitted	admit=6801ms
54028	1789237531716	0	579	admit-refused	authority refusal LIMIT_EXCEEDED: aggregate admission capacity exhausted
54048	1789237531735	0	585	admit-refused	authority refusal LIMIT_EXCEEDED: aggregate admission capacity exhausted
54059	1789237531746	2	53	admit-ceiling	LIMIT_EXCEEDED: client unresolved admission ceiling
54060	1789237531748	2	365	admit-ceiling	LIMIT_EXCEEDED: client unresolved admission ceiling
54142	1789237531829	0	588	admitted	admit=116ms
54262	1789237531949	2	365	admit-ceiling	LIMIT_EXCEEDED: client unresolved admission ceiling
54325	1789237532012	2	368	admit-refused	authority refusal LIMIT_EXCEEDED: retained input, output or executor capacity
54412	1789237532099	0	591	admit-refused	authority refusal LIMIT_EXCEEDED: aggregate admission capacity exhausted
54430	1789237532117	2	14	admit-retried	succeeded after 15 refusals
54430	1789237532117	2	14	admitted	admit=53604ms
54455	1789237532142	2	371	admit-ceiling	LIMIT_EXCEEDED: client unresolved admission ceiling
54498	1789237532185	2	8	admit-refused	authority refusal LIMIT_EXCEEDED: retained input, output or executor capacity
54513	1789237532200	0	591	admit-ceiling	LIMIT_EXCEEDED: client unresolved admission ceiling
54547	1789237532234	2	362	admit-refused	authority refusal LIMIT_EXCEEDED: retained input, output or executor capacity
54549	1789237532237	0	294	admit-ceiling	LIMIT_EXCEEDED: client unresolved admission ceiling
54553	1789237532240	2	368	admit-refused	authority refusal LIMIT_EXCEEDED: retained input, output or executor capacity
54579	1789237532266	2	5	admit-refused	authority refusal LIMIT_EXCEEDED: retained input, output or executor capacity
54589	1789237532276	2	41	admit-refused	authority refusal LIMIT_EXCEEDED: retained input, output or executor capacity
54592	1789237532279	0	486	admit-retried	succeeded after 7 refusals
54592	1789237532279	0	486	admitted	admit=12326ms
54630	1789237532317	2	371	admit-refused	authority refusal LIMIT_EXCEEDED: retained input, output or executor capacity
54658	1789237532346	0	570	admit-retried	succeeded after 5 refusals
54658	1789237532346	0	570	admitted	admit=3506ms
54695	1789237532383	0	564	admit-ceiling	LIMIT_EXCEEDED: client unresolved admission ceiling
54714	1789237532401	0	591	admit-ceiling	LIMIT_EXCEEDED: client unresolved admission ceiling
54753	1789237532440	0	468	admit-ceiling	LIMIT_EXCEEDED: client unresolved admission ceiling
54805	1789237532492	0	594	admit-refused	authority refusal LIMIT_EXCEEDED: aggregate admission capacity exhausted
54841	1789237532528	2	305	admit-ceiling	LIMIT_EXCEEDED: client unresolved admission ceiling
54908	1789237532595	0	594	admit-ceiling	LIMIT_EXCEEDED: client unresolved admission ceiling
55058	1789237532745	2	362	admit-retried	succeeded after 2 refusals
55058	1789237532745	2	362	admitted	admit=1297ms
55101	1789237532788	2	11	admit-ceiling	LIMIT_EXCEEDED: client unresolved admission ceiling
55109	1789237532796	0	594	admit-ceiling	LIMIT_EXCEEDED: client unresolved admission ceiling
55116	1789237532803	0	591	admit-ceiling	LIMIT_EXCEEDED: client unresolved admission ceiling
55164	1789237532852	2	365	admit-retried	succeeded after 3 refusals
55164	1789237532852	2	365	admitted	admit=1240ms
55171	1789237532859	2	368	admit-refused	authority refusal LIMIT_EXCEEDED: retained input, output or executor capacity
55233	1789237532920	0	597	admitted	admit=573ms
55341	1789237533028	2	374	admit-refused	authority refusal LIMIT_EXCEEDED: retained input, output or executor capacity
55352	1789237533040	2	371	admit-refused	authority refusal LIMIT_EXCEEDED: retained input, output or executor capacity
55360	1789237533047	2	377	admit-refused	authority refusal LIMIT_EXCEEDED: retained input, output or executor capacity
55423	1789237533110	0	576	admit-retried	succeeded after 3 refusals
55423	1789237533110	0	576	admitted	admit=3718ms
55445	1789237533132	2	158	admit-refused	authority refusal LIMIT_EXCEEDED: retained input, output or executor capacity
55480	1789237533167	2	269	admit-refused	authority refusal LIMIT_EXCEEDED: retained input, output or executor capacity
55484	1789237533171	0	600	admitted	admit=250ms
55511	1789237533198	0	594	admit-ceiling	LIMIT_EXCEEDED: client unresolved admission ceiling
55566	1789237533253	0	603	admitted	admit=142ms
55593	1789237533280	2	374	admit-refused	authority refusal LIMIT_EXCEEDED: retained input, output or executor capacity
55608	1789237533295	2	377	admit-refused	authority refusal LIMIT_EXCEEDED: retained input, output or executor capacity
55630	1789237533317	0	579	admit-ceiling	LIMIT_EXCEEDED: client unresolved admission ceiling
55637	1789237533325	2	35	admit-refused	authority refusal LIMIT_EXCEEDED: retained input, output or executor capacity
55643	1789237533330	0	606	admit-refused	authority refusal LIMIT_EXCEEDED: aggregate admission capacity exhausted
55680	1789237533367	2	368	admit-refused	authority refusal LIMIT_EXCEEDED: retained input, output or executor capacity
55680	1789237533367	0	609	admit-refused	authority refusal LIMIT_EXCEEDED: aggregate admission capacity exhausted
55782	1789237533469	0	609	admit-ceiling	LIMIT_EXCEEDED: client unresolved admission ceiling
55845	1789237533532	0	606	admit-refused	authority refusal LIMIT_EXCEEDED: aggregate admission capacity exhausted
55975	1789237533662	0	591	admit-refused	authority refusal LIMIT_EXCEEDED: aggregate admission capacity exhausted
55986	1789237533673	0	585	admit-retried	succeeded after 4 refusals
55986	1789237533673	0	585	admitted	admit=3315ms
56047	1789237533734	0	606	admit-ceiling	LIMIT_EXCEEDED: client unresolved admission ceiling
56097	1789237533784	0	609	admit-refused	authority refusal LIMIT_EXCEEDED: aggregate admission capacity exhausted
56176	1789237533863	0	612	admit-refused	authority refusal LIMIT_EXCEEDED: aggregate admission capacity exhausted
56183	1789237533870	0	339	admit-retried	succeeded after 10 refusals
56183	1789237533870	0	339	admitted	admit=29123ms
56200	1789237533888	0	567	admit-refused	authority refusal LIMIT_EXCEEDED: aggregate admission capacity exhausted
56313	1789237534000	0	594	admit-ceiling	LIMIT_EXCEEDED: client unresolved admission ceiling
56314	1789237534002	0	105	admit-refused	authority refusal LIMIT_EXCEEDED: aggregate admission capacity exhausted
56355	1789237534042	0	615	admit-refused	authority refusal LIMIT_EXCEEDED: aggregate admission capacity exhausted
56499	1789237534186	0	609	admit-ceiling	LIMIT_EXCEEDED: client unresolved admission ceiling
56505	1789237534192	0	414	admit-ceiling	LIMIT_EXCEEDED: client unresolved admission ceiling
56579	1789237534267	0	612	admit-retried	succeeded after 1 refusals
56579	1789237534267	0	612	admitted	admit=592ms
56871	1789237534558	0	615	admit-refused	authority refusal LIMIT_EXCEEDED: aggregate admission capacity exhausted
56999	1789237534686	0	618	admit-refused	authority refusal LIMIT_EXCEEDED: aggregate admission capacity exhausted
57006	1789237534693	0	606	admit-retried	succeeded after 3 refusals
57006	1789237534693	0	606	admitted	admit=1521ms
57179	1789237534866	0	621	admit-refused	authority refusal LIMIT_EXCEEDED: aggregate admission capacity exhausted
57201	1789237534888	0	564	admit-refused	authority refusal LIMIT_EXCEEDED: aggregate admission capacity exhausted
57222	1789237534910	0	615	admit-refused	authority refusal LIMIT_EXCEEDED: aggregate admission capacity exhausted
57249	1789237534936	0	618	admit-refused	authority refusal LIMIT_EXCEEDED: aggregate admission capacity exhausted
57344	1789237535031	2	371	admit-retried	succeeded after 3 refusals
57344	1789237535031	2	371	admitted	admit=2913ms
57423	1789237535110	0	621	admit-retried	succeeded after 1 refusals
57423	1789237535110	0	621	admitted	admit=416ms
57463	1789237535150	0	609	admit-refused	authority refusal LIMIT_EXCEEDED: aggregate admission capacity exhausted
57475	1789237535162	2	377	admit-refused	authority refusal LIMIT_EXCEEDED: retained input, output or executor capacity
57598	1789237535285	0	618	admit-refused	authority refusal LIMIT_EXCEEDED: aggregate admission capacity exhausted
57668	1789237535355	2	374	admit-retried	succeeded after 2 refusals
57668	1789237535355	2	374	admitted	admit=2609ms
57739	1789237535426	0	591	admit-retried	succeeded after 5 refusals
57739	1789237535426	0	591	admitted	admit=3596ms
57832	1789237535519	0	627	admit-refused	authority refusal LIMIT_EXCEEDED: aggregate admission capacity exhausted
57845	1789237535532	2	368	admit-retried	succeeded after 4 refusals
57845	1789237535532	2	368	admitted	admit=3823ms
57902	1789237535589	2	143	admit-ceiling	LIMIT_EXCEEDED: client unresolved admission ceiling
57913	1789237535600	2	215	admit-ceiling	LIMIT_EXCEEDED: client unresolved admission ceiling
57919	1789237535606	2	386	admit-refused	authority refusal LIMIT_EXCEEDED: retained input, output or executor capacity
57930	1789237535617	2	377	admit-refused	authority refusal LIMIT_EXCEEDED: retained input, output or executor capacity
57934	1789237535622	0	627	admit-ceiling	LIMIT_EXCEEDED: client unresolved admission ceiling
57968	1789237535655	2	380	admitted	admit=623ms
58000	1789237535687	0	618	admit-ceiling	LIMIT_EXCEEDED: client unresolved admission ceiling
58016	1789237535703	0	42	admit-ceiling	LIMIT_EXCEEDED: client unresolved admission ceiling
58087	1789237535774	2	383	admit-refused	authority refusal LIMIT_EXCEEDED: retained input, output or executor capacity
58097	1789237535784	2	389	admit-refused	authority refusal LIMIT_EXCEEDED: retained input, output or executor capacity
58105	1789237535793	2	386	admit-refused	authority refusal LIMIT_EXCEEDED: retained input, output or executor capacity
58136	1789237535824	0	627	admit-ceiling	LIMIT_EXCEEDED: client unresolved admission ceiling
58194	1789237535881	0	624	admitted	admit=770ms
58234	1789237535921	0	429	admit-ceiling	LIMIT_EXCEEDED: client unresolved admission ceiling
58337	1789237536024	0	594	admit-refused	authority refusal LIMIT_EXCEEDED: aggregate admission capacity exhausted
58352	1789237536039	0	630	admit-refused	authority refusal LIMIT_EXCEEDED: aggregate admission capacity exhausted
58377	1789237536064	0	516	admit-refused	authority refusal LIMIT_EXCEEDED: aggregate admission capacity exhausted
58666	1789237536353	0	630	admit-refused	authority refusal LIMIT_EXCEEDED: aggregate admission capacity exhausted
58672	1789237536359	0	615	admit-retried	succeeded after 3 refusals
58672	1789237536359	0	615	admitted	admit=2489ms
58715	1789237536402	0	627	admit-refused	authority refusal LIMIT_EXCEEDED: aggregate admission capacity exhausted
58722	1789237536409	2	386	admit-refused	authority refusal LIMIT_EXCEEDED: retained input, output or executor capacity
58736	1789237536423	2	2	admit-refused	authority refusal LIMIT_EXCEEDED: retained input, output or executor capacity
58751	1789237536438	2	389	admit-retried	succeeded after 1 refusals
58751	1789237536438	2	389	admitted	admit=782ms
58786	1789237536473	2	383	admit-retried	succeeded after 1 refusals
58786	1789237536473	2	383	admitted	admit=1117ms
58889	1789237536576	2	377	admit-refused	authority refusal LIMIT_EXCEEDED: retained input, output or executor capacity
58899	1789237536586	2	392	admit-refused	authority refusal LIMIT_EXCEEDED: retained input, output or executor capacity
58999	1789237536686	0	618	admit-refused	authority refusal LIMIT_EXCEEDED: aggregate admission capacity exhausted
59181	1789237536868	0	609	admit-retried	succeeded after 5 refusals
59181	1789237536868	0	609	admitted	admit=3614ms
59182	1789237536869	2	395	admit-refused	authority refusal LIMIT_EXCEEDED: retained input, output or executor capacity
59288	1789237536975	0	630	admit-refused	authority refusal LIMIT_EXCEEDED: aggregate admission capacity exhausted
59341	1789237537028	0	636	admit-refused	authority refusal LIMIT_EXCEEDED: aggregate admission capacity exhausted
59382	1789237537069	0	579	admit-refused	authority refusal LIMIT_EXCEEDED: aggregate admission capacity exhausted
59500	1789237537187	2	8	admit-ceiling	LIMIT_EXCEEDED: client unresolved admission ceiling
59551	1789237537238	0	294	admit-ceiling	LIMIT_EXCEEDED: client unresolved admission ceiling
59554	1789237537241	0	567	admit-refused	authority refusal LIMIT_EXCEEDED: aggregate admission capacity exhausted
59575	1789237537262	0	636	admit-refused	authority refusal LIMIT_EXCEEDED: aggregate admission capacity exhausted
59581	1789237537268	2	5	admit-ceiling	LIMIT_EXCEEDED: client unresolved admission ceiling
59590	1789237537278	2	41	admit-ceiling	LIMIT_EXCEEDED: client unresolved admission ceiling
59597	1789237537284	0	627	admit-refused	authority refusal LIMIT_EXCEEDED: aggregate admission capacity exhausted
59716	1789237537404	2	392	admit-retried	succeeded after 1 refusals
59716	1789237537404	2	392	admitted	admit=929ms
59781	1789237537468	0	630	admit-refused	authority refusal LIMIT_EXCEEDED: aggregate admission capacity exhausted
59799	1789237537486	2	53	admit-refused	authority refusal LIMIT_EXCEEDED: retained input, output or executor capacity
59809	1789237537496	2	386	admit-refused	authority refusal LIMIT_EXCEEDED: retained input, output or executor capacity
59823	1789237537510	2	395	admit-retried	succeeded after 1 refusals
59823	1789237537510	2	395	admitted	admit=1036ms
59863	1789237537550	0	468	admit-refused	authority refusal LIMIT_EXCEEDED: aggregate admission capacity exhausted
59891	1789237537578	0	636	admit-refused	authority refusal LIMIT_EXCEEDED: aggregate admission capacity exhausted
59925	1789237537612	2	398	admit-refused	authority refusal LIMIT_EXCEEDED: retained input, output or executor capacity
59996	1789237537683	2	401	admit-refused	authority refusal LIMIT_EXCEEDED: retained input, output or executor capacity
60003	1789237537690	2	305	admit-refused	authority refusal LIMIT_EXCEEDED: retained input, output or executor capacity
60482	1789237538169	2	269	admit-ceiling	LIMIT_EXCEEDED: client unresolved admission ceiling
60491	1789237538178	2	377	admit-ceiling	LIMIT_EXCEEDED: client unresolved admission ceiling
60518	1789237538205	0	564	admit-retried	succeeded after 6 refusals
60518	1789237538205	0	564	admitted	admit=9536ms
60601	1789237538288	0	618	admit-ceiling	LIMIT_EXCEEDED: client unresolved admission ceiling
60639	1789237538326	0	633	admitted	admit=1966ms
60649	1789237538336	2	11	admit-retried	succeeded after 16 refusals
60649	1789237538336	2	11	admitted	admit=59822ms
60650	1789237538338	2	35	admit-ceiling	LIMIT_EXCEEDED: client unresolved admission ceiling
60684	1789237538371	2	404	admit-ceiling	LIMIT_EXCEEDED: client unresolved admission ceiling
60754	1789237538441	0	642	admit-refused	authority refusal LIMIT_EXCEEDED: aggregate admission capacity exhausted
60755	1789237538442	0	639	admitted	admit=237ms
60786	1789237538473	2	404	admit-ceiling	LIMIT_EXCEEDED: client unresolved admission ceiling
60818	1789237538505	2	401	admit-refused	authority refusal LIMIT_EXCEEDED: retained input, output or executor capacity
60834	1789237538521	2	386	admit-refused	authority refusal LIMIT_EXCEEDED: retained input, output or executor capacity
60842	1789237538530	2	398	admit-retried	succeeded after 1 refusals
60842	1789237538530	2	398	admitted	admit=1125ms
60920	1789237538607	0	642	admit-refused	authority refusal LIMIT_EXCEEDED: aggregate admission capacity exhausted
61144	1789237538831	0	630	admit-retried	succeeded after 4 refusals
61144	1789237538831	0	630	admitted	admit=2950ms
61198	1789237538885	0	627	admit-ceiling	LIMIT_EXCEEDED: client unresolved admission ceiling
61204	1789237538891	2	158	admit-retried	succeeded after 13 refusals
61204	1789237538891	2	158	admitted	admit=45746ms
61258	1789237538945	0	645	admitted	admit=502ms
61316	1789237539003	0	105	admit-ceiling	LIMIT_EXCEEDED: client unresolved admission ceiling
61320	1789237539007	0	642	admit-refused	authority refusal LIMIT_EXCEEDED: aggregate admission capacity exhausted
61345	1789237539032	0	648	admit-refused	authority refusal LIMIT_EXCEEDED: aggregate admission capacity exhausted
61433	1789237539120	0	651	admit-refused	authority refusal LIMIT_EXCEEDED: aggregate admission capacity exhausted
61538	1789237539225	0	636	admit-retried	succeeded after 3 refusals
61538	1789237539225	0	636	admitted	admit=2356ms
61556	1789237539243	0	648	admit-refused	authority refusal LIMIT_EXCEEDED: aggregate admission capacity exhausted
61596	1789237539283	0	414	admit-refused	authority refusal LIMIT_EXCEEDED: aggregate admission capacity exhausted
61662	1789237539349	0	654	admit-refused	authority refusal LIMIT_EXCEEDED: aggregate admission capacity exhausted
61694	1789237539382	2	407	admitted	admit=851ms
61721	1789237539408	2	401	admit-refused	authority refusal LIMIT_EXCEEDED: retained input, output or executor capacity
61764	1789237539451	0	654	admit-ceiling	LIMIT_EXCEEDED: client unresolved admission ceiling
61815	1789237539502	0	648	admit-refused	authority refusal LIMIT_EXCEEDED: aggregate admission capacity exhausted
61843	1789237539530	2	404	admit-refused	authority refusal LIMIT_EXCEEDED: retained input, output or executor capacity
61854	1789237539541	2	413	admit-refused	authority refusal LIMIT_EXCEEDED: retained input, output or executor capacity
62044	1789237539731	0	654	admit-refused	authority refusal LIMIT_EXCEEDED: aggregate admission capacity exhausted
62060	1789237539747	0	642	admit-retried	succeeded after 3 refusals
62060	1789237539747	0	642	admitted	admit=1420ms
62125	1789237539813	2	410	admitted	admit=920ms
62251	1789237539938	0	657	admitted	admit=191ms
62290	1789237539977	0	651	admit-refused	authority refusal LIMIT_EXCEEDED: aggregate admission capacity exhausted
62302	1789237539989	2	413	admit-retried	succeeded after 1 refusals
62302	1789237539989	2	413	admitted	admit=606ms
62380	1789237540067	0	594	admit-refused	authority refusal LIMIT_EXCEEDED: aggregate admission capacity exhausted
62402	1789237540089	0	648	admit-retried	succeeded after 3 refusals
62402	1789237540089	0	648	admitted	admit=1256ms
62436	1789237540123	2	386	admit-ceiling	LIMIT_EXCEEDED: client unresolved admission ceiling
62466	1789237540153	2	404	admit-refused	authority refusal LIMIT_EXCEEDED: retained input, output or executor capacity
62481	1789237540168	2	419	admit-refused	authority refusal LIMIT_EXCEEDED: retained input, output or executor capacity
62518	1789237540206	2	401	admit-refused	authority refusal LIMIT_EXCEEDED: retained input, output or executor capacity
62524	1789237540211	0	654	admit-refused	authority refusal LIMIT_EXCEEDED: aggregate admission capacity exhausted
62559	1789237540246	0	651	admit-refused	authority refusal LIMIT_EXCEEDED: aggregate admission capacity exhausted
62593	1789237540280	2	416	admit-refused	authority refusal LIMIT_EXCEEDED: retained input, output or executor capacity
62618	1789237540305	0	663	admit-refused	authority refusal LIMIT_EXCEEDED: aggregate admission capacity exhausted
62690	1789237540377	0	660	admit-refused	authority refusal LIMIT_EXCEEDED: aggregate admission capacity exhausted
62942	1789237540629	2	419	admit-retried	succeeded after 1 refusals
62942	1789237540629	2	419	admitted	admit=639ms
62956	1789237540643	0	663	admit-refused	authority refusal LIMIT_EXCEEDED: aggregate admission capacity exhausted
63076	1789237540763	0	651	admit-retried	succeeded after 3 refusals
63076	1789237540763	0	651	admitted	admit=1817ms
63226	1789237540913	0	663	admit-refused	authority refusal LIMIT_EXCEEDED: aggregate admission capacity exhausted
63268	1789237540956	2	404	admit-ceiling	LIMIT_EXCEEDED: client unresolved admission ceiling
63313	1789237541000	0	42	admit-refused	authority refusal LIMIT_EXCEEDED: aggregate admission capacity exhausted
63320	1789237541007	2	401	admit-ceiling	LIMIT_EXCEEDED: client unresolved admission ceiling
63348	1789237541035	0	429	admit-refused	authority refusal LIMIT_EXCEEDED: aggregate admission capacity exhausted
63362	1789237541049	2	416	admit-retried	succeeded after 1 refusals
63362	1789237541049	2	416	admitted	admit=1235ms
63401	1789237541088	0	654	admit-refused	authority refusal LIMIT_EXCEEDED: aggregate admission capacity exhausted
63434	1789237541122	0	516	admit-refused	authority refusal LIMIT_EXCEEDED: aggregate admission capacity exhausted
63637	1789237541324	0	660	admit-retried	succeeded after 1 refusals
63637	1789237541324	0	660	admitted	admit=1384ms
63693	1789237541380	2	377	admit-ceiling	LIMIT_EXCEEDED: client unresolved admission ceiling
63741	1789237541428	2	422	admit-refused	authority refusal LIMIT_EXCEEDED: retained input, output or executor capacity
63765	1789237541452	2	215	admit-retried	succeeded after 11 refusals
63765	1789237541452	2	215	admitted	admit=37092ms
63769	1789237541456	0	669	admit-refused	authority refusal LIMIT_EXCEEDED: aggregate admission capacity exhausted
63842	1789237541529	2	422	admit-ceiling	LIMIT_EXCEEDED: client unresolved admission ceiling
63858	1789237541545	0	618	admit-refused	authority refusal LIMIT_EXCEEDED: aggregate admission capacity exhausted
63880	1789237541567	0	666	admit-refused	authority refusal LIMIT_EXCEEDED: aggregate admission capacity exhausted
63967	1789237541654	0	669	admit-refused	authority refusal LIMIT_EXCEEDED: aggregate admission capacity exhausted
63969	1789237541656	2	143	admit-retried	succeeded after 14 refusals
63969	1789237541656	2	143	admitted	admit=51392ms
64044	1789237541731	2	422	admit-ceiling	LIMIT_EXCEEDED: client unresolved admission ceiling
64080	1789237541767	2	2	admit-refused	authority refusal LIMIT_EXCEEDED: retained input, output or executor capacity
64087	1789237541774	2	428	admit-refused	authority refusal LIMIT_EXCEEDED: retained input, output or executor capacity
64289	1789237541977	2	425	admit-refused	authority refusal LIMIT_EXCEEDED: retained input, output or executor capacity
64300	1789237541987	2	431	admit-refused	authority refusal LIMIT_EXCEEDED: retained input, output or executor capacity
64334	1789237542021	2	428	admit-refused	authority refusal LIMIT_EXCEEDED: retained input, output or executor capacity
64357	1789237542044	0	669	admit-retried	succeeded after 2 refusals
64357	1789237542044	0	669	admitted	admit=719ms
64399	1789237542086	0	627	admit-ceiling	LIMIT_EXCEEDED: client unresolved admission ceiling
64463	1789237542151	0	579	admit-refused	authority refusal LIMIT_EXCEEDED: aggregate admission capacity exhausted
64535	1789237542222	2	428	admit-ceiling	LIMIT_EXCEEDED: client unresolved admission ceiling
64555	1789237542242	0	567	admit-ceiling	LIMIT_EXCEEDED: client unresolved admission ceiling
64582	1789237542269	2	5	admit-ceiling	LIMIT_EXCEEDED: client unresolved admission ceiling
64589	1789237542276	0	672	admitted	admit=231ms
64592	1789237542279	2	41	admit-ceiling	LIMIT_EXCEEDED: client unresolved admission ceiling
64627	1789237542314	0	294	admit-refused	authority refusal LIMIT_EXCEEDED: aggregate admission capacity exhausted
64784	1789237542471	0	666	admit-refused	authority refusal LIMIT_EXCEEDED: aggregate admission capacity exhausted
64801	1789237542488	2	53	admit-ceiling	LIMIT_EXCEEDED: client unresolved admission ceiling
64870	1789237542557	2	404	admit-ceiling	LIMIT_EXCEEDED: client unresolved admission ceiling
64922	1789237542610	2	401	admit-ceiling	LIMIT_EXCEEDED: client unresolved admission ceiling
64937	1789237542624	2	428	admit-ceiling	LIMIT_EXCEEDED: client unresolved admission ceiling
65003	1789237542690	0	654	admit-ceiling	LIMIT_EXCEEDED: client unresolved admission ceiling
65005	1789237542692	2	305	admit-ceiling	LIMIT_EXCEEDED: client unresolved admission ceiling
65045	1789237542732	0	663	admit-retried	succeeded after 3 refusals
65045	1789237542732	0	663	admitted	admit=2643ms
65111	1789237542798	0	666	admit-retried	succeeded after 2 refusals
65111	1789237542798	0	666	admitted	admit=2034ms
65226	1789237542913	0	681	admit-refused	authority refusal LIMIT_EXCEEDED: aggregate admission capacity exhausted
65458	1789237543145	0	675	admitted	admit=869ms
65483	1789237543170	2	269	admit-ceiling	LIMIT_EXCEEDED: client unresolved admission ceiling
65529	1789237543216	0	678	admitted	admit=483ms
65553	1789237543240	0	684	admit-refused	authority refusal LIMIT_EXCEEDED: aggregate admission capacity exhausted
65586	1789237543273	0	681	admit-refused	authority refusal LIMIT_EXCEEDED: aggregate admission capacity exhausted
65620	1789237543307	0	687	admit-refused	authority refusal LIMIT_EXCEEDED: aggregate admission capacity exhausted
65638	1789237543325	2	386	admit-ceiling	LIMIT_EXCEEDED: client unresolved admission ceiling
65646	1789237543333	0	468	admit-refused	authority refusal LIMIT_EXCEEDED: aggregate admission capacity exhausted
65684	1789237543371	2	425	admit-retried	succeeded after 1 refusals
65684	1789237543371	2	425	admitted	admit=2322ms
65720	1789237543407	2	434	admit-ceiling	LIMIT_EXCEEDED: client unresolved admission ceiling
65728	1789237543415	0	684	admit-refused	authority refusal LIMIT_EXCEEDED: aggregate admission capacity exhausted
65739	1789237543426	2	428	admit-ceiling	LIMIT_EXCEEDED: client unresolved admission ceiling
65821	1789237543509	2	434	admit-ceiling	LIMIT_EXCEEDED: client unresolved admission ceiling
65874	1789237543561	2	422	admit-refused	authority refusal LIMIT_EXCEEDED: retained input, output or executor capacity
65886	1789237543573	2	431	admit-retried	succeeded after 1 refusals
65886	1789237543573	2	431	admitted	admit=1916ms
65887	1789237543575	2	8	admit-refused	authority refusal LIMIT_EXCEEDED: retained input, output or executor capacity
65890	1789237543577	0	681	admit-refused	authority refusal LIMIT_EXCEEDED: aggregate admission capacity exhausted
65938	1789237543625	2	35	admit-refused	authority refusal LIMIT_EXCEEDED: retained input, output or executor capacity
65979	1789237543666	0	687	admit-retried	succeeded after 1 refusals
65979	1789237543666	0	687	admitted	admit=449ms
66007	1789237543694	0	684	admit-refused	authority refusal LIMIT_EXCEEDED: aggregate admission capacity exhausted
66434	1789237544121	0	690	admit-refused	authority refusal LIMIT_EXCEEDED: aggregate admission capacity exhausted
66442	1789237544129	0	681	admit-retried	succeeded after 3 refusals
66442	1789237544129	0	681	admitted	admit=1330ms
66474	1789237544161	0	105	admit-refused	authority refusal LIMIT_EXCEEDED: aggregate admission capacity exhausted
66533	1789237544220	0	684	admit-refused	authority refusal LIMIT_EXCEEDED: aggregate admission capacity exhausted
66630	1789237544317	0	693	admit-refused	authority refusal LIMIT_EXCEEDED: aggregate admission capacity exhausted
66669	1789237544356	0	690	admit-refused	authority refusal LIMIT_EXCEEDED: aggregate admission capacity exhausted
66675	1789237544362	2	437	admitted	admit=788ms
66772	1789237544459	0	414	admit-retried	succeeded after 11 refusals
66772	1789237544459	0	414	admitted	admit=32001ms
66801	1789237544488	0	693	admit-refused	authority refusal LIMIT_EXCEEDED: aggregate admission capacity exhausted
66935	1789237544622	2	422	admit-refused	authority refusal LIMIT_EXCEEDED: retained input, output or executor capacity
66961	1789237544648	2	434	admit-retried	succeeded after 2 refusals
66961	1789237544648	2	434	admitted	admit=1276ms
67156	1789237544843	2	440	admit-refused	authority refusal LIMIT_EXCEEDED: retained input, output or executor capacity
67382	1789237545069	0	594	admit-ceiling	LIMIT_EXCEEDED: client unresolved admission ceiling
67565	1789237545252	0	684	admit-retried	succeeded after 4 refusals
67565	1789237545252	0	684	admitted	admit=2106ms
67643	1789237545330	2	440	admit-retried	succeeded after 1 refusals
67643	1789237545330	2	440	admitted	admit=967ms
67671	1789237545358	0	699	admit-refused	authority refusal LIMIT_EXCEEDED: aggregate admission capacity exhausted
67701	1789237545388	0	690	admit-retried	succeeded after 2 refusals
67701	1789237545388	0	690	admitted	admit=1721ms
67710	1789237545397	0	696	admit-refused	authority refusal LIMIT_EXCEEDED: aggregate admission capacity exhausted
67837	1789237545524	0	693	admit-refused	authority refusal LIMIT_EXCEEDED: aggregate admission capacity exhausted
67927	1789237545614	0	702	admit-refused	authority refusal LIMIT_EXCEEDED: aggregate admission capacity exhausted
67952	1789237545639	0	696	admit-refused	authority refusal LIMIT_EXCEEDED: aggregate admission capacity exhausted
67960	1789237545647	2	446	admit-refused	authority refusal LIMIT_EXCEEDED: retained input, output or executor capacity
67964	1789237545651	2	443	admitted	admit=1002ms
67978	1789237545665	0	699	admit-refused	authority refusal LIMIT_EXCEEDED: aggregate admission capacity exhausted
67998	1789237545685	2	428	admit-refused	authority refusal LIMIT_EXCEEDED: retained input, output or executor capacity
68028	1789237545715	2	449	admit-refused	authority refusal LIMIT_EXCEEDED: retained input, output or executor capacity
68239	1789237545926	0	693	admit-ceiling	LIMIT_EXCEEDED: client unresolved admission ceiling
68259	1789237545946	0	702	admit-refused	authority refusal LIMIT_EXCEEDED: aggregate admission capacity exhausted
68296	1789237545983	0	654	admit-refused	authority refusal LIMIT_EXCEEDED: aggregate admission capacity exhausted
68323	1789237546010	0	696	admit-refused	authority refusal LIMIT_EXCEEDED: aggregate admission capacity exhausted
68412	1789237546099	0	429	admit-refused	authority refusal LIMIT_EXCEEDED: aggregate admission capacity exhausted
68419	1789237546106	0	42	admit-retried	succeeded after 18 refusals
68419	1789237546106	0	42	admitted	admit=67897ms
68470	1789237546157	0	699	admit-refused	authority refusal LIMIT_EXCEEDED: aggregate admission capacity exhausted
68537	1789237546224	2	422	admit-ceiling	LIMIT_EXCEEDED: client unresolved admission ceiling
68549	1789237546236	0	705	admit-refused	authority refusal LIMIT_EXCEEDED: aggregate admission capacity exhausted
68629	1789237546316	0	516	admit-refused	authority refusal LIMIT_EXCEEDED: aggregate admission capacity exhausted
68694	1789237546381	2	377	admit-ceiling	LIMIT_EXCEEDED: client unresolved admission ceiling
68860	1789237546547	0	696	admit-retried	succeeded after 3 refusals
68860	1789237546547	0	696	admitted	admit=2088ms
68895	1789237546582	0	699	admit-ceiling	LIMIT_EXCEEDED: client unresolved admission ceiling
68954	1789237546641	0	708	admit-refused	authority refusal LIMIT_EXCEEDED: aggregate admission capacity exhausted
69055	1789237546742	0	708	admit-ceiling	LIMIT_EXCEEDED: client unresolved admission ceiling
69082	1789237546769	2	2	admit-ceiling	LIMIT_EXCEEDED: client unresolved admission ceiling
69190	1789237546878	2	446	admit-retried	succeeded after 1 refusals
69190	1789237546878	2	446	admitted	admit=1547ms
69197	1789237546884	0	705	admit-retried	succeeded after 1 refusals
69197	1789237546884	0	705	admitted	admit=777ms
69233	1789237546920	0	693	admit-refused	authority refusal LIMIT_EXCEEDED: aggregate admission capacity exhausted
69287	1789237546974	2	401	admit-refused	authority refusal LIMIT_EXCEEDED: retained input, output or executor capacity
69301	1789237546988	2	449	admit-refused	authority refusal LIMIT_EXCEEDED: retained input, output or executor capacity
69309	1789237546997	2	404	admit-retried	succeeded after 6 refusals
69309	1789237546997	2	404	admitted	admit=8659ms
69370	1789237547057	0	702	admit-refused	authority refusal LIMIT_EXCEEDED: aggregate admission capacity exhausted
69465	1789237547152	0	579	admit-ceiling	LIMIT_EXCEEDED: client unresolved admission ceiling
69556	1789237547243	0	567	admit-ceiling	LIMIT_EXCEEDED: client unresolved admission ceiling
69561	1789237547248	0	711	admit-refused	authority refusal LIMIT_EXCEEDED: aggregate admission capacity exhausted
69593	1789237547280	2	41	admit-ceiling	LIMIT_EXCEEDED: client unresolved admission ceiling
69649	1789237547336	0	708	admit-retried	succeeded after 2 refusals
69649	1789237547336	0	708	admitted	admit=788ms
69679	1789237547366	0	711	admit-ceiling	LIMIT_EXCEEDED: client unresolved admission ceiling
69696	1789237547383	0	699	admit-ceiling	LIMIT_EXCEEDED: client unresolved admission ceiling
69713	1789237547400	2	455	admitted	admit=403ms
69742	1789237547429	0	714	admit-refused	authority refusal LIMIT_EXCEEDED: aggregate admission capacity exhausted
69803	1789237547490	2	53	admit-ceiling	LIMIT_EXCEEDED: client unresolved admission ceiling
69815	1789237547502	2	5	admit-refused	authority refusal LIMIT_EXCEEDED: retained input, output or executor capacity
69826	1789237547513	2	458	admit-refused	authority refusal LIMIT_EXCEEDED: retained input, output or executor capacity
69844	1789237547531	0	714	admit-ceiling	LIMIT_EXCEEDED: client unresolved admission ceiling
69848	1789237547535	2	452	admitted	admit=657ms
69881	1789237547568	0	711	admit-ceiling	LIMIT_EXCEEDED: client unresolved admission ceiling
70054	1789237547741	0	702	admit-retried	succeeded after 3 refusals
70054	1789237547741	0	702	admitted	admit=2352ms
70088	1789237547775	0	717	admit-ceiling	LIMIT_EXCEEDED: client unresolved admission ceiling
70132	1789237547819	2	305	admit-refused	authority refusal LIMIT_EXCEEDED: retained input, output or executor capacity
70151	1789237547838	2	449	admit-retried	succeeded after 2 refusals
70151	1789237547838	2	449	admitted	admit=2186ms
70167	1789237547854	0	714	admit-retried	succeeded after 2 refusals
70167	1789237547854	0	714	admitted	admit=516ms
70198	1789237547885	0	717	admit-ceiling	LIMIT_EXCEEDED: client unresolved admission ceiling
70241	1789237547928	0	294	admit-refused	authority refusal LIMIT_EXCEEDED: aggregate admission capacity exhausted
70279	1789237547966	2	464	admit-refused	authority refusal LIMIT_EXCEEDED: retained input, output or executor capacity
70315	1789237548002	0	627	admit-refused	authority refusal LIMIT_EXCEEDED: aggregate admission capacity exhausted
70401	1789237548088	0	720	admitted	admit=233ms
70518	1789237548205	0	723	admit-refused	authority refusal LIMIT_EXCEEDED: aggregate admission capacity exhausted
70520	1789237548207	2	464	admit-refused	authority refusal LIMIT_EXCEEDED: retained input, output or executor capacity
70528	1789237548215	2	458	admit-refused	authority refusal LIMIT_EXCEEDED: retained input, output or executor capacity
70542	1789237548229	0	717	admit-refused	authority refusal LIMIT_EXCEEDED: aggregate admission capacity exhausted
70624	1789237548311	2	461	admitted	admit=775ms
70692	1789237548379	0	711	admit-refused	authority refusal LIMIT_EXCEEDED: aggregate admission capacity exhausted
70730	1789237548417	2	458	admit-ceiling	LIMIT_EXCEEDED: client unresolved admission ceiling
70788	1789237548475	0	468	admit-refused	authority refusal LIMIT_EXCEEDED: aggregate admission capacity exhausted
70814	1789237548501	0	723	admit-retried	succeeded after 1 refusals
70814	1789237548501	0	723	admitted	admit=412ms
70856	1789237548543	2	464	admit-refused	authority refusal LIMIT_EXCEEDED: retained input, output or executor capacity
70958	1789237548645	2	269	admit-retried	succeeded after 11 refusals
70958	1789237548645	2	269	admitted	admit=32792ms
70970	1789237548657	0	693	admit-refused	authority refusal LIMIT_EXCEEDED: aggregate admission capacity exhausted
70983	1789237548670	2	470	admit-ceiling	LIMIT_EXCEEDED: client unresolved admission ceiling
70994	1789237548682	2	386	admit-refused	authority refusal LIMIT_EXCEEDED: retained input, output or executor capacity
71002	1789237548689	2	8	admit-refused	authority refusal LIMIT_EXCEEDED: retained input, output or executor capacity
71084	1789237548771	0	717	admit-retried	succeeded after 3 refusals
71084	1789237548771	0	717	admitted	admit=1029ms
71200	1789237548887	0	729	admit-refused	authority refusal LIMIT_EXCEEDED: aggregate admission capacity exhausted
71200	1789237548887	2	428	admit-ceiling	LIMIT_EXCEEDED: client unresolved admission ceiling
71271	1789237548958	2	467	admitted	admit=646ms
71303	1789237548990	2	473	admit-ceiling	LIMIT_EXCEEDED: client unresolved admission ceiling
71404	1789237549091	2	473	admit-ceiling	LIMIT_EXCEEDED: client unresolved admission ceiling
71418	1789237549106	0	729	admit-retried	succeeded after 1 refusals
71418	1789237549106	0	729	admitted	admit=334ms
71433	1789237549120	0	699	admit-refused	authority refusal LIMIT_EXCEEDED: aggregate admission capacity exhausted
71494	1789237549181	0	711	admit-ceiling	LIMIT_EXCEEDED: client unresolved admission ceiling
71557	1789237549244	0	105	admit-refused	authority refusal LIMIT_EXCEEDED: aggregate admission capacity exhausted
71568	1789237549256	0	732	admitted	admit=149ms
71605	1789237549293	2	473	admit-ceiling	LIMIT_EXCEEDED: client unresolved admission ceiling
71668	1789237549355	2	35	admit-retried	succeeded after 18 refusals
71668	1789237549355	2	35	admitted	admit=70841ms
71694	1789237549381	2	470	admit-refused	authority refusal LIMIT_EXCEEDED: retained input, output or executor capacity
71725	1789237549412	2	458	admit-refused	authority refusal LIMIT_EXCEEDED: retained input, output or executor capacity
71804	1789237549491	0	618	admit-refused	authority refusal LIMIT_EXCEEDED: aggregate admission capacity exhausted
71842	1789237549529	0	735	admit-refused	authority refusal LIMIT_EXCEEDED: aggregate admission capacity exhausted
71855	1789237549542	2	422	admit-refused	authority refusal LIMIT_EXCEEDED: retained input, output or executor capacity
71879	1789237549566	2	464	admit-retried	succeeded after 3 refusals
71879	1789237549566	2	464	admitted	admit=1727ms
71954	1789237549641	0	726	admit-refused	authority refusal LIMIT_EXCEEDED: aggregate admission capacity exhausted
72021	1789237549708	0	735	admit-refused	authority refusal LIMIT_EXCEEDED: aggregate admission capacity exhausted
72165	1789237549852	0	726	admit-refused	authority refusal LIMIT_EXCEEDED: aggregate admission capacity exhausted
72238	1789237549925	2	476	admitted	admit=569ms
72360	1789237550047	0	735	admit-refused	authority refusal LIMIT_EXCEEDED: aggregate admission capacity exhausted
72501	1789237550188	2	482	admit-refused	authority refusal LIMIT_EXCEEDED: retained input, output or executor capacity
72504	1789237550191	0	594	admit-retried	succeeded after 8 refusals
72504	1789237550191	0	594	admitted	admit=17910ms
72511	1789237550198	2	470	admit-refused	authority refusal LIMIT_EXCEEDED: retained input, output or executor capacity
72520	1789237550207	2	479	admitted	admit=640ms
72521	1789237550209	2	473	admit-refused	authority refusal LIMIT_EXCEEDED: retained input, output or executor capacity
72545	1789237550232	0	726	admit-refused	authority refusal LIMIT_EXCEEDED: aggregate admission capacity exhausted
72670	1789237550357	2	485	admit-refused	authority refusal LIMIT_EXCEEDED: retained input, output or executor capacity
72680	1789237550367	2	458	admit-refused	authority refusal LIMIT_EXCEEDED: retained input, output or executor capacity
72687	1789237550375	2	482	admit-refused	authority refusal LIMIT_EXCEEDED: retained input, output or executor capacity
72967	1789237550654	0	738	admitted	admit=462ms
73107	1789237550794	0	741	admit-refused	authority refusal LIMIT_EXCEEDED: aggregate admission capacity exhausted
73112	1789237550799	0	735	admit-retried	succeeded after 3 refusals
73112	1789237550799	0	735	admitted	admit=1543ms
73144	1789237550831	0	726	admit-refused	authority refusal LIMIT_EXCEEDED: aggregate admission capacity exhausted
73237	1789237550924	0	744	admit-refused	authority refusal LIMIT_EXCEEDED: aggregate admission capacity exhausted
73261	1789237550948	0	711	admit-refused	authority refusal LIMIT_EXCEEDED: aggregate admission capacity exhausted
73284	1789237550972	0	741	admit-refused	authority refusal LIMIT_EXCEEDED: aggregate admission capacity exhausted
73517	1789237551204	0	654	admit-refused	authority refusal LIMIT_EXCEEDED: aggregate admission capacity exhausted
73523	1789237551211	0	429	admit-retried	succeeded after 12 refusals
73523	1789237551211	0	429	admitted	admit=37272ms
73558	1789237551245	0	741	admit-refused	authority refusal LIMIT_EXCEEDED: aggregate admission capacity exhausted
73585	1789237551272	0	744	admit-refused	authority refusal LIMIT_EXCEEDED: aggregate admission capacity exhausted
73617	1789237551304	0	747	admit-refused	authority refusal LIMIT_EXCEEDED: aggregate admission capacity exhausted
73697	1789237551384	2	377	admit-ceiling	LIMIT_EXCEEDED: client unresolved admission ceiling
73804	1789237551491	0	516	admit-retried	succeeded after 10 refusals
73804	1789237551491	0	516	admitted	admit=27843ms
73897	1789237551584	2	485	admit-retried	succeeded after 1 refusals
73897	1789237551584	2	485	admitted	admit=1377ms
73960	1789237551647	0	741	admit-ceiling	LIMIT_EXCEEDED: client unresolved admission ceiling
73987	1789237551674	0	750	admit-refused	authority refusal LIMIT_EXCEEDED: aggregate admission capacity exhausted
74077	1789237551764	2	470	admit-refused	authority refusal LIMIT_EXCEEDED: retained input, output or executor capacity
74087	1789237551774	2	488	admit-refused	authority refusal LIMIT_EXCEEDED: retained input, output or executor capacity
74128	1789237551815	2	482	admit-retried	succeeded after 2 refusals
74128	1789237551815	2	482	admitted	admit=1889ms
74137	1789237551825	0	726	admit-retried	succeeded after 4 refusals
74137	1789237551825	0	726	admitted	admit=3323ms
74177	1789237551864	0	693	admit-ceiling	LIMIT_EXCEEDED: client unresolved admission ceiling
74282	1789237551969	2	2	admit-refused	authority refusal LIMIT_EXCEEDED: retained input, output or executor capacity
74289	1789237551977	2	401	admit-ceiling	LIMIT_EXCEEDED: client unresolved admission ceiling
74292	1789237551979	2	473	admit-refused	authority refusal LIMIT_EXCEEDED: retained input, output or executor capacity
74299	1789237551986	2	491	admit-refused	authority refusal LIMIT_EXCEEDED: retained input, output or executor capacity
74311	1789237551998	2	488	admit-refused	authority refusal LIMIT_EXCEEDED: retained input, output or executor capacity
74462	1789237552149	0	747	admit-retried	succeeded after 1 refusals
74462	1789237552149	0	747	admitted	admit=938ms
74489	1789237552176	0	579	admit-ceiling	LIMIT_EXCEEDED: client unresolved admission ceiling
74557	1789237552244	0	567	admit-ceiling	LIMIT_EXCEEDED: client unresolved admission ceiling
74635	1789237552322	0	699	admit-ceiling	LIMIT_EXCEEDED: client unresolved admission ceiling
74669	1789237552356	2	458	admit-refused	authority refusal LIMIT_EXCEEDED: retained input, output or executor capacity
74689	1789237552376	0	756	admitted	admit=226ms
74701	1789237552388	2	491	admit-refused	authority refusal LIMIT_EXCEEDED: retained input, output or executor capacity
74713	1789237552400	2	488	admit-refused	authority refusal LIMIT_EXCEEDED: retained input, output or executor capacity
74724	1789237552411	2	41	admit-refused	authority refusal LIMIT_EXCEEDED: retained input, output or executor capacity
74754	1789237552441	0	753	admitted	admit=616ms
74788	1789237552475	0	741	admit-ceiling	LIMIT_EXCEEDED: client unresolved admission ceiling
74874	1789237552561	0	759	admit-refused	authority refusal LIMIT_EXCEEDED: aggregate admission capacity exhausted
74895	1789237552582	0	762	admit-refused	authority refusal LIMIT_EXCEEDED: aggregate admission capacity exhausted
75114	1789237552801	2	488	admit-ceiling	LIMIT_EXCEEDED: client unresolved admission ceiling
75125	1789237552812	0	759	admit-retried	succeeded after 1 refusals
75125	1789237552812	0	759	admitted	admit=435ms
75130	1789237552817	0	762	admit-refused	authority refusal LIMIT_EXCEEDED: aggregate admission capacity exhausted
75134	1789237552821	2	305	admit-ceiling	LIMIT_EXCEEDED: client unresolved admission ceiling
75211	1789237552898	2	491	admit-retried	succeeded after 2 refusals
75211	1789237552898	2	491	admitted	admit=1082ms
75285	1789237552972	2	5	admit-refused	authority refusal LIMIT_EXCEEDED: retained input, output or executor capacity
75309	1789237552996	2	53	admit-retried	succeeded after 19 refusals
75309	1789237552996	2	53	admitted	admit=73685ms
75318	1789237553005	0	627	admit-ceiling	LIMIT_EXCEEDED: client unresolved admission ceiling
75331	1789237553019	0	762	admit-ceiling	LIMIT_EXCEEDED: client unresolved admission ceiling
75339	1789237553026	0	294	admit-refused	authority refusal LIMIT_EXCEEDED: aggregate admission capacity exhausted
75382	1789237553069	2	470	admit-refused	authority refusal LIMIT_EXCEEDED: retained input, output or executor capacity
75399	1789237553086	2	494	admit-refused	authority refusal LIMIT_EXCEEDED: retained input, output or executor capacity
75410	1789237553097	2	497	admit-refused	authority refusal LIMIT_EXCEEDED: retained input, output or executor capacity
75541	1789237553228	0	744	admit-retried	succeeded after 2 refusals
75541	1789237553228	0	744	admitted	admit=2428ms
75545	1789237553232	0	765	admit-refused	authority refusal LIMIT_EXCEEDED: aggregate admission capacity exhausted
75583	1789237553270	2	494	admit-refused	authority refusal LIMIT_EXCEEDED: retained input, output or executor capacity
75593	1789237553280	2	497	admit-refused	authority refusal LIMIT_EXCEEDED: retained input, output or executor capacity
75657	1789237553344	0	768	admit-refused	authority refusal LIMIT_EXCEEDED: aggregate admission capacity exhausted
75790	1789237553477	0	468	admit-ceiling	LIMIT_EXCEEDED: client unresolved admission ceiling
75818	1789237553505	0	750	admit-refused	authority refusal LIMIT_EXCEEDED: aggregate admission capacity exhausted
75840	1789237553527	0	765	admit-refused	authority refusal LIMIT_EXCEEDED: aggregate admission capacity exhausted
75921	1789237553608	0	768	admit-retried	succeeded after 1 refusals
75921	1789237553608	0	768	admitted	admit=379ms
75996	1789237553683	2	386	admit-ceiling	LIMIT_EXCEEDED: client unresolved admission ceiling
76004	1789237553691	2	8	admit-ceiling	LIMIT_EXCEEDED: client unresolved admission ceiling
76092	1789237553779	2	494	admit-retried	succeeded after 2 refusals
76092	1789237553779	2	494	admitted	admit=881ms
76095	1789237553782	0	771	admit-refused	authority refusal LIMIT_EXCEEDED: aggregate admission capacity exhausted
76121	1789237553808	0	750	admit-refused	authority refusal LIMIT_EXCEEDED: aggregate admission capacity exhausted
76160	1789237553847	2	473	admit-refused	authority refusal LIMIT_EXCEEDED: retained input, output or executor capacity
76220	1789237553908	2	488	admit-refused	authority refusal LIMIT_EXCEEDED: retained input, output or executor capacity
76252	1789237553939	2	500	admit-refused	authority refusal LIMIT_EXCEEDED: retained input, output or executor capacity
76262	1789237553949	2	428	admit-refused	authority refusal LIMIT_EXCEEDED: retained input, output or executor capacity
76275	1789237553962	2	497	admit-retried	succeeded after 2 refusals
76275	1789237553962	2	497	admitted	admit=965ms
76310	1789237553997	0	771	admit-retried	succeeded after 1 refusals
76310	1789237553997	0	771	admitted	admit=389ms
76409	1789237554096	2	503	admit-refused	authority refusal LIMIT_EXCEEDED: retained input, output or executor capacity
76456	1789237554143	0	774	admitted	admit=145ms
76517	1789237554204	0	741	admit-retried	succeeded after 5 refusals
76517	1789237554204	0	741	admitted	admit=3549ms
76551	1789237554239	0	780	admit-ceiling	LIMIT_EXCEEDED: client unresolved admission ceiling
76552	1789237554239	0	750	admit-ceiling	LIMIT_EXCEEDED: client unresolved admission ceiling
76559	1789237554246	0	105	admit-ceiling	LIMIT_EXCEEDED: client unresolved admission ceiling
76654	1789237554341	0	780	admit-ceiling	LIMIT_EXCEEDED: client unresolved admission ceiling
76780	1789237554467	0	777	admit-refused	authority refusal LIMIT_EXCEEDED: aggregate admission capacity exhausted
76856	1789237554543	0	780	admit-ceiling	LIMIT_EXCEEDED: client unresolved admission ceiling
76883	1789237554570	0	777	admit-ceiling	LIMIT_EXCEEDED: client unresolved admission ceiling
76919	1789237554606	2	500	admit-retried	succeeded after 1 refusals
76919	1789237554606	2	500	admitted	admit=827ms
76934	1789237554621	0	762	admit-refused	authority refusal LIMIT_EXCEEDED: aggregate admission capacity exhausted
77007	1789237554694	0	618	admit-refused	authority refusal LIMIT_EXCEEDED: aggregate admission capacity exhausted
77047	1789237554734	2	503	admit-retried	succeeded after 1 refusals
77047	1789237554734	2	503	admitted	admit=772ms
77101	1789237554788	2	422	admit-refused	authority refusal LIMIT_EXCEEDED: retained input, output or executor capacity
77111	1789237554798	2	506	admit-refused	authority refusal LIMIT_EXCEEDED: retained input, output or executor capacity
77122	1789237554809	2	470	admit-refused	authority refusal LIMIT_EXCEEDED: retained input, output or executor capacity
77195	1789237554882	0	777	admit-retried	succeeded after 2 refusals
77195	1789237554882	0	777	admitted	admit=739ms
77291	1789237554978	0	783	admit-refused	authority refusal LIMIT_EXCEEDED: aggregate admission capacity exhausted
77341	1789237555029	0	780	admit-refused	authority refusal LIMIT_EXCEEDED: aggregate admission capacity exhausted
77366	1789237555053	0	765	admit-refused	authority refusal LIMIT_EXCEEDED: aggregate admission capacity exhausted
77429	1789237555117	0	711	admit-refused	authority refusal LIMIT_EXCEEDED: aggregate admission capacity exhausted
77460	1789237555147	0	750	admit-refused	authority refusal LIMIT_EXCEEDED: aggregate admission capacity exhausted
77492	1789237555179	2	509	admitted	admit=443ms
77496	1789237555183	0	783	admit-refused	authority refusal LIMIT_EXCEEDED: aggregate admission capacity exhausted
77702	1789237555389	2	512	admit-refused	authority refusal LIMIT_EXCEEDED: retained input, output or executor capacity
77725	1789237555412	2	506	admit-retried	succeeded after 1 refusals
77725	1789237555412	2	506	admitted	admit=804ms
77840	1789237555527	2	515	admit-refused	authority refusal LIMIT_EXCEEDED: retained input, output or executor capacity
77877	1789237555564	0	765	admit-refused	authority refusal LIMIT_EXCEEDED: aggregate admission capacity exhausted
77883	1789237555570	0	762	admit-retried	succeeded after 4 refusals
77883	1789237555570	0	762	admitted	admit=3128ms
77970	1789237555657	0	783	admit-refused	authority refusal LIMIT_EXCEEDED: aggregate admission capacity exhausted
78048	1789237555735	0	786	admitted	admit=164ms
78142	1789237555830	0	789	admit-refused	authority refusal LIMIT_EXCEEDED: aggregate admission capacity exhausted
78236	1789237555923	0	780	admit-refused	authority refusal LIMIT_EXCEEDED: aggregate admission capacity exhausted
78273	1789237555960	2	512	admit-retried	succeeded after 1 refusals
78273	1789237555960	2	512	admitted	admit=781ms
78354	1789237556041	2	488	admit-refused	authority refusal LIMIT_EXCEEDED: retained input, output or executor capacity
78357	1789237556044	0	789	admit-retried	succeeded after 1 refusals
78357	1789237556044	0	789	admitted	admit=308ms
78529	1789237556216	0	783	admit-refused	authority refusal LIMIT_EXCEEDED: aggregate admission capacity exhausted
78531	1789237556218	2	515	admit-refused	authority refusal LIMIT_EXCEEDED: retained input, output or executor capacity
78541	1789237556228	2	518	admit-refused	authority refusal LIMIT_EXCEEDED: retained input, output or executor capacity
78587	1789237556274	2	458	admit-retried	succeeded after 6 refusals
78587	1789237556274	2	458	admitted	admit=8873ms
78629	1789237556317	0	792	admitted	admit=272ms
78634	1789237556321	0	654	admit-refused	authority refusal LIMIT_EXCEEDED: aggregate admission capacity exhausted
78754	1789237556441	0	765	admit-refused	authority refusal LIMIT_EXCEEDED: aggregate admission capacity exhausted
78759	1789237556446	0	795	admitted	admit=129ms
78977	1789237556664	2	518	admit-retried	succeeded after 1 refusals
78977	1789237556664	2	518	admitted	admit=703ms
79082	1789237556769	2	521	admit-refused	authority refusal LIMIT_EXCEEDED: retained input, output or executor capacity
79283	1789237556970	2	2	admit-ceiling	LIMIT_EXCEEDED: client unresolved admission ceiling
79292	1789237556979	2	401	admit-ceiling	LIMIT_EXCEEDED: client unresolved admission ceiling
79316	1789237557003	0	693	admit-retried	succeeded after 7 refusals
79316	1789237557003	0	693	admitted	admit=12874ms
79363	1789237557050	2	473	admit-ceiling	LIMIT_EXCEEDED: client unresolved admission ceiling
79484	1789237557171	0	801	admit-refused	authority refusal LIMIT_EXCEEDED: aggregate admission capacity exhausted
79528	1789237557215	2	521	admit-refused	authority refusal LIMIT_EXCEEDED: retained input, output or executor capacity
79538	1789237557225	2	515	admit-refused	authority refusal LIMIT_EXCEEDED: retained input, output or executor capacity
79550	1789237557237	2	377	admit-retried	succeeded after 9 refusals
79550	1789237557237	2	377	admitted	admit=24385ms
79559	1789237557246	0	567	admit-ceiling	LIMIT_EXCEEDED: client unresolved admission ceiling
79586	1789237557273	0	801	admit-ceiling	LIMIT_EXCEEDED: client unresolved admission ceiling
79637	1789237557324	0	699	admit-ceiling	LIMIT_EXCEEDED: client unresolved admission ceiling
79788	1789237557475	0	801	admit-ceiling	LIMIT_EXCEEDED: client unresolved admission ceiling
79790	1789237557477	2	527	admit-refused	authority refusal LIMIT_EXCEEDED: retained input, output or executor capacity
79816	1789237557503	2	41	admit-refused	authority refusal LIMIT_EXCEEDED: retained input, output or executor capacity
79827	1789237557514	2	521	admit-refused	authority refusal LIMIT_EXCEEDED: retained input, output or executor capacity
79838	1789237557525	0	780	admit-ceiling	LIMIT_EXCEEDED: client unresolved admission ceiling
80042	1789237557729	2	527	admit-refused	authority refusal LIMIT_EXCEEDED: retained input, output or executor capacity
80134	1789237557821	2	515	admit-refused	authority refusal LIMIT_EXCEEDED: retained input, output or executor capacity
80171	1789237557858	2	524	admitted	admit=1193ms
80190	1789237557877	0	801	admit-ceiling	LIMIT_EXCEEDED: client unresolved admission ceiling
80286	1789237557973	2	5	admit-ceiling	LIMIT_EXCEEDED: client unresolved admission ceiling
80298	1789237557985	0	579	admit-retried	succeeded after 10 refusals
80298	1789237557985	0	579	admitted	admit=28357ms
80324	1789237558011	2	470	admit-ceiling	LIMIT_EXCEEDED: client unresolved admission ceiling
80326	1789237558013	0	627	admit-ceiling	LIMIT_EXCEEDED: client unresolved admission ceiling
80340	1789237558027	0	294	admit-ceiling	LIMIT_EXCEEDED: client unresolved admission ceiling
80356	1789237558043	0	765	admit-ceiling	LIMIT_EXCEEDED: client unresolved admission ceiling
80430	1789237558117	0	804	admitted	admit=131ms
80585	1789237558272	0	807	admitted	admit=154ms
80784	1789237558471	0	810	admitted	admit=198ms
80811	1789237558498	0	468	admit-ceiling	LIMIT_EXCEEDED: client unresolved admission ceiling
80854	1789237558542	2	305	admit-retried	succeeded after 12 refusals
80855	1789237558542	2	305	admitted	admit=37550ms
80950	1789237558637	2	530	admitted	admit=778ms
80958	1789237558645	2	527	admit-refused	authority refusal LIMIT_EXCEEDED: retained input, output or executor capacity
80984	1789237558671	2	533	admit-refused	authority refusal LIMIT_EXCEEDED: retained input, output or executor capacity
80984	1789237558671	2	521	admit-refused	authority refusal LIMIT_EXCEEDED: retained input, output or executor capacity
80992	1789237558679	0	801	admit-ceiling	LIMIT_EXCEEDED: client unresolved admission ceiling
81013	1789237558700	2	515	admit-refused	authority refusal LIMIT_EXCEEDED: retained input, output or executor capacity
81029	1789237558716	2	536	admit-refused	authority refusal LIMIT_EXCEEDED: retained input, output or executor capacity
81040	1789237558727	2	386	admit-refused	authority refusal LIMIT_EXCEEDED: retained input, output or executor capacity
81042	1789237558729	0	813	admitted	admit=257ms
81050	1789237558737	2	8	admit-refused	authority refusal LIMIT_EXCEEDED: retained input, output or executor capacity
81171	1789237558858	0	816	admit-refused	authority refusal LIMIT_EXCEEDED: aggregate admission capacity exhausted
81378	1789237559065	0	816	admit-retried	succeeded after 1 refusals
81378	1789237559065	0	816	admitted	admit=335ms
81556	1789237559243	2	488	admit-ceiling	LIMIT_EXCEEDED: client unresolved admission ceiling
81560	1789237559247	0	105	admit-ceiling	LIMIT_EXCEEDED: client unresolved admission ceiling
81601	1789237559288	0	783	admit-retried	succeeded after 4 refusals
81601	1789237559288	0	783	admitted	admit=4405ms
81731	1789237559418	2	533	admit-retried	succeeded after 1 refusals
81731	1789237559418	2	533	admitted	admit=876ms
81786	1789237559473	2	521	admit-ceiling	LIMIT_EXCEEDED: client unresolved admission ceiling
81885	1789237559572	2	536	admit-refused	authority refusal LIMIT_EXCEEDED: retained input, output or executor capacity
81916	1789237559603	0	798	admitted	admit=3156ms
81976	1789237559663	0	822	admitted	admit=374ms
82012	1789237559699	0	618	admit-ceiling	LIMIT_EXCEEDED: client unresolved admission ceiling
82104	1789237559791	2	422	admit-ceiling	LIMIT_EXCEEDED: client unresolved admission ceiling
82171	1789237559858	2	428	admit-retried	succeeded after 8 refusals
82171	1789237559858	2	428	admitted	admit=18405ms
82175	1789237559862	0	825	admitted	admit=258ms
82178	1789237559865	2	536	admit-refused	authority refusal LIMIT_EXCEEDED: retained input, output or executor capacity
82189	1789237559876	2	539	admit-refused	authority refusal LIMIT_EXCEEDED: retained input, output or executor capacity
82206	1789237559893	2	527	admit-retried	succeeded after 3 refusals
82206	1789237559893	2	527	admitted	admit=2655ms
82261	1789237559948	0	828	admit-refused	authority refusal LIMIT_EXCEEDED: aggregate admission capacity exhausted
82294	1789237559981	0	831	admit-refused	authority refusal LIMIT_EXCEEDED: aggregate admission capacity exhausted
82306	1789237559993	2	542	admit-refused	authority refusal LIMIT_EXCEEDED: retained input, output or executor capacity
82318	1789237560005	2	545	admit-refused	authority refusal LIMIT_EXCEEDED: retained input, output or executor capacity
82391	1789237560078	2	539	admit-refused	authority refusal LIMIT_EXCEEDED: retained input, output or executor capacity
82431	1789237560118	0	711	admit-ceiling	LIMIT_EXCEEDED: client unresolved admission ceiling
82462	1789237560149	2	542	admit-refused	authority refusal LIMIT_EXCEEDED: retained input, output or executor capacity
82469	1789237560156	2	545	admit-refused	authority refusal LIMIT_EXCEEDED: retained input, output or executor capacity
82525	1789237560212	0	831	admit-refused	authority refusal LIMIT_EXCEEDED: aggregate admission capacity exhausted
82620	1789237560307	0	750	admit-retried	succeeded after 5 refusals
82620	1789237560307	0	750	admitted	admit=8816ms
82671	1789237560359	2	545	admit-ceiling	LIMIT_EXCEEDED: client unresolved admission ceiling
82704	1789237560391	0	801	admit-refused	authority refusal LIMIT_EXCEEDED: aggregate admission capacity exhausted
82753	1789237560440	0	834	admit-refused	authority refusal LIMIT_EXCEEDED: aggregate admission capacity exhausted
82784	1789237560471	0	831	admit-refused	authority refusal LIMIT_EXCEEDED: aggregate admission capacity exhausted
82916	1789237560603	0	819	admit-refused	authority refusal LIMIT_EXCEEDED: aggregate admission capacity exhausted
82942	1789237560629	0	834	admit-refused	authority refusal LIMIT_EXCEEDED: aggregate admission capacity exhausted
83095	1789237560783	2	536	admit-retried	succeeded after 3 refusals
83095	1789237560783	2	536	admitted	admit=2144ms
83130	1789237560817	2	548	admit-ceiling	LIMIT_EXCEEDED: client unresolved admission ceiling
83202	1789237560889	0	780	admit-retried	succeeded after 6 refusals
83202	1789237560889	0	780	admitted	admit=6684ms
83227	1789237560914	0	834	admit-refused	authority refusal LIMIT_EXCEEDED: aggregate admission capacity exhausted
83232	1789237560919	2	548	admit-ceiling	LIMIT_EXCEEDED: client unresolved admission ceiling
83249	1789237560936	0	819	admit-refused	authority refusal LIMIT_EXCEEDED: aggregate admission capacity exhausted
83281	1789237560968	0	831	admit-refused	authority refusal LIMIT_EXCEEDED: aggregate admission capacity exhausted
83284	1789237560971	2	515	admit-refused	authority refusal LIMIT_EXCEEDED: retained input, output or executor capacity
83295	1789237560983	2	545	admit-refused	authority refusal LIMIT_EXCEEDED: retained input, output or executor capacity
83305	1789237560992	2	539	admit-retried	succeeded after 2 refusals
83305	1789237560992	2	539	admitted	admit=1573ms
83310	1789237560997	0	837	admit-refused	authority refusal LIMIT_EXCEEDED: aggregate admission capacity exhausted
83558	1789237561245	2	542	admit-retried	succeeded after 2 refusals
83558	1789237561245	2	542	admitted	admit=1351ms
83620	1789237561307	0	837	admit-retried	succeeded after 1 refusals
83620	1789237561307	0	837	admitted	admit=417ms
83652	1789237561339	0	834	admit-ceiling	LIMIT_EXCEEDED: client unresolved admission ceiling
83652	1789237561339	0	654	admit-ceiling	LIMIT_EXCEEDED: client unresolved admission ceiling
83752	1789237561439	0	840	admit-refused	authority refusal LIMIT_EXCEEDED: aggregate admission capacity exhausted
83784	1789237561471	0	819	admit-refused	authority refusal LIMIT_EXCEEDED: aggregate admission capacity exhausted
83808	1789237561495	0	765	admit-refused	authority refusal LIMIT_EXCEEDED: aggregate admission capacity exhausted
84063	1789237561750	0	840	admit-retried	succeeded after 1 refusals
84063	1789237561750	0	840	admitted	admit=442ms
84097	1789237561784	2	545	admit-ceiling	LIMIT_EXCEEDED: client unresolved admission ceiling
84224	1789237561911	2	554	admitted	admit=665ms
84265	1789237561952	0	819	admit-refused	authority refusal LIMIT_EXCEEDED: aggregate admission capacity exhausted
84270	1789237561957	0	843	admitted	admit=206ms
84284	1789237561971	2	551	admit-refused	authority refusal LIMIT_EXCEEDED: retained input, output or executor capacity
84293	1789237561980	2	401	admit-ceiling	LIMIT_EXCEEDED: client unresolved admission ceiling
84300	1789237561987	2	521	admit-refused	authority refusal LIMIT_EXCEEDED: retained input, output or executor capacity
84311	1789237561998	2	548	admit-refused	authority refusal LIMIT_EXCEEDED: retained input, output or executor capacity
84370	1789237562057	0	831	admit-refused	authority refusal LIMIT_EXCEEDED: aggregate admission capacity exhausted
84555	1789237562242	0	834	admit-refused	authority refusal LIMIT_EXCEEDED: aggregate admission capacity exhausted
84695	1789237562382	0	567	admit-refused	authority refusal LIMIT_EXCEEDED: aggregate admission capacity exhausted
84712	1789237562399	2	548	admit-ceiling	LIMIT_EXCEEDED: client unresolved admission ceiling
84716	1789237562403	0	699	admit-refused	authority refusal LIMIT_EXCEEDED: aggregate admission capacity exhausted
84758	1789237562445	0	828	admit-refused	authority refusal LIMIT_EXCEEDED: aggregate admission capacity exhausted
84795	1789237562482	2	557	admitted	admit=569ms
84821	1789237562508	2	41	admit-ceiling	LIMIT_EXCEEDED: client unresolved admission ceiling
84942	1789237562629	2	2	admit-retried	succeeded after 21 refusals
84942	1789237562629	2	2	admitted	admit=84115ms
85020	1789237562707	2	473	admit-refused	authority refusal LIMIT_EXCEEDED: retained input, output or executor capacity
85030	1789237562717	2	551	admit-refused	authority refusal LIMIT_EXCEEDED: retained input, output or executor capacity
85039	1789237562726	2	560	admit-refused	authority refusal LIMIT_EXCEEDED: retained input, output or executor capacity
85145	1789237562832	0	819	admit-refused	authority refusal LIMIT_EXCEEDED: aggregate admission capacity exhausted
85326	1789237563013	2	470	admit-ceiling	LIMIT_EXCEEDED: client unresolved admission ceiling
85464	1789237563151	0	294	admit-retried	succeeded after 17 refusals
85464	1789237563151	0	294	admitted	admit=62759ms
85506	1789237563193	2	563	admitted	admit=563ms
85536	1789237563223	2	548	admit-ceiling	LIMIT_EXCEEDED: client unresolved admission ceiling
85593	1789237563280	0	627	admit-refused	authority refusal LIMIT_EXCEEDED: aggregate admission capacity exhausted
85614	1789237563301	0	828	admit-retried	succeeded after 2 refusals
85614	1789237563301	0	828	admitted	admit=3637ms
85630	1789237563317	0	849	admit-refused	authority refusal LIMIT_EXCEEDED: aggregate admission capacity exhausted
85665	1789237563352	2	566	admit-refused	authority refusal LIMIT_EXCEEDED: retained input, output or executor capacity
85673	1789237563360	2	560	admit-retried	succeeded after 1 refusals
85673	1789237563360	2	560	admitted	admit=877ms
85767	1789237563455	2	566	admit-ceiling	LIMIT_EXCEEDED: client unresolved admission ceiling
85896	1789237563583	0	849	admit-retried	succeeded after 1 refusals
85896	1789237563583	0	849	admitted	admit=431ms
85896	1789237563583	0	468	admit-refused	authority refusal LIMIT_EXCEEDED: aggregate admission capacity exhausted
85940	1789237563628	0	852	admit-refused	authority refusal LIMIT_EXCEEDED: aggregate admission capacity exhausted
85969	1789237563656	2	566	admit-ceiling	LIMIT_EXCEEDED: client unresolved admission ceiling
86005	1789237563692	2	5	admit-refused	authority refusal LIMIT_EXCEEDED: retained input, output or executor capacity
86027	1789237563714	2	551	admit-retried	succeeded after 2 refusals
86027	1789237563714	2	551	admitted	admit=2722ms
86042	1789237563729	0	852	admit-ceiling	LIMIT_EXCEEDED: client unresolved admission ceiling
86042	1789237563729	0	846	admit-refused	authority refusal LIMIT_EXCEEDED: aggregate admission capacity exhausted
86060	1789237563747	2	8	admit-ceiling	LIMIT_EXCEEDED: client unresolved admission ceiling
86070	1789237563758	0	801	admit-refused	authority refusal LIMIT_EXCEEDED: aggregate admission capacity exhausted
86096	1789237563783	0	831	admit-refused	authority refusal LIMIT_EXCEEDED: aggregate admission capacity exhausted
86159	1789237563847	2	572	admit-refused	authority refusal LIMIT_EXCEEDED: retained input, output or executor capacity
86170	1789237563857	2	386	admit-refused	authority refusal LIMIT_EXCEEDED: retained input, output or executor capacity
86217	1789237563904	0	855	admit-refused	authority refusal LIMIT_EXCEEDED: aggregate admission capacity exhausted
86260	1789237563947	0	834	admit-refused	authority refusal LIMIT_EXCEEDED: aggregate admission capacity exhausted
86336	1789237564023	0	852	admit-refused	authority refusal LIMIT_EXCEEDED: aggregate admission capacity exhausted
86373	1789237564060	2	569	admitted	admit=699ms
86379	1789237564066	0	855	admit-refused	authority refusal LIMIT_EXCEEDED: aggregate admission capacity exhausted
86385	1789237564072	2	545	admit-refused	authority refusal LIMIT_EXCEEDED: retained input, output or executor capacity
86410	1789237564097	2	572	admit-refused	authority refusal LIMIT_EXCEEDED: retained input, output or executor capacity
86420	1789237564108	2	566	admit-refused	authority refusal LIMIT_EXCEEDED: retained input, output or executor capacity
86542	1789237564229	0	846	admit-refused	authority refusal LIMIT_EXCEEDED: aggregate admission capacity exhausted
86590	1789237564277	2	488	admit-refused	authority refusal LIMIT_EXCEEDED: retained input, output or executor capacity
86604	1789237564291	2	575	admitted	admit=230ms
86688	1789237564375	0	105	admit-refused	authority refusal LIMIT_EXCEEDED: aggregate admission capacity exhausted
86698	1789237564385	2	578	admit-refused	authority refusal LIMIT_EXCEEDED: retained input, output or executor capacity
86708	1789237564395	2	572	admit-refused	authority refusal LIMIT_EXCEEDED: retained input, output or executor capacity
86756	1789237564443	2	515	admit-refused	authority refusal LIMIT_EXCEEDED: retained input, output or executor capacity
86949	1789237564637	0	846	admit-refused	authority refusal LIMIT_EXCEEDED: aggregate admission capacity exhausted
87008	1789237564695	0	819	admit-refused	authority refusal LIMIT_EXCEEDED: aggregate admission capacity exhausted
87040	1789237564727	2	578	admit-retried	succeeded after 1 refusals
87040	1789237564727	2	578	admitted	admit=435ms
87100	1789237564787	0	618	admit-refused	authority refusal LIMIT_EXCEEDED: aggregate admission capacity exhausted
87222	1789237564909	2	566	admit-ceiling	LIMIT_EXCEEDED: client unresolved admission ceiling
87258	1789237564945	2	422	admit-refused	authority refusal LIMIT_EXCEEDED: retained input, output or executor capacity
87273	1789237564960	2	572	admit-refused	authority refusal LIMIT_EXCEEDED: retained input, output or executor capacity
87281	1789237564968	2	581	admitted	admit=241ms
87288	1789237564975	2	548	admit-refused	authority refusal LIMIT_EXCEEDED: retained input, output or executor capacity
87355	1789237565042	2	584	admit-refused	authority refusal LIMIT_EXCEEDED: retained input, output or executor capacity
87452	1789237565139	0	855	admit-retried	succeeded after 2 refusals
87452	1789237565139	0	855	admitted	admit=1555ms
87471	1789237565158	0	846	admit-refused	authority refusal LIMIT_EXCEEDED: aggregate admission capacity exhausted
87565	1789237565252	0	858	admit-refused	authority refusal LIMIT_EXCEEDED: aggregate admission capacity exhausted
87586	1789237565273	0	711	admit-refused	authority refusal LIMIT_EXCEEDED: aggregate admission capacity exhausted
87740	1789237565427	2	584	admit-retried	succeeded after 1 refusals
87740	1789237565427	2	584	admitted	admit=458ms
87905	1789237565592	2	521	admit-retried	succeeded after 6 refusals
87905	1789237565592	2	521	admitted	admit=9317ms
88006	1789237565693	0	858	admit-retried	succeeded after 1 refusals
88006	1789237565693	0	858	admitted	admit=553ms
88254	1789237565941	0	861	admitted	admit=247ms
88391	1789237566078	0	864	admitted	admit=136ms
88451	1789237566138	0	846	admit-retried	succeeded after 4 refusals
88451	1789237566138	0	846	admitted	admit=4180ms
88460	1789237566147	0	852	admit-refused	authority refusal LIMIT_EXCEEDED: aggregate admission capacity exhausted
88495	1789237566182	0	867	admit-refused	authority refusal LIMIT_EXCEEDED: aggregate admission capacity exhausted
88710	1789237566397	0	870	admitted	admit=258ms
88731	1789237566418	0	654	admit-refused	authority refusal LIMIT_EXCEEDED: aggregate admission capacity exhausted
88769	1789237566456	0	867	admit-refused	authority refusal LIMIT_EXCEEDED: aggregate admission capacity exhausted
88819	1789237566506	0	873	admit-refused	authority refusal LIMIT_EXCEEDED: aggregate admission capacity exhausted
88857	1789237566544	2	590	admit-refused	authority refusal LIMIT_EXCEEDED: retained input, output or executor capacity
88882	1789237566569	2	587	admitted	admit=1141ms
89081	1789237566768	2	566	admit-refused	authority refusal LIMIT_EXCEEDED: retained input, output or executor capacity
89095	1789237566782	2	593	admit-refused	authority refusal LIMIT_EXCEEDED: retained input, output or executor capacity
89098	1789237566785	2	572	admit-retried	succeeded after 4 refusals
89098	1789237566785	2	572	admitted	admit=3070ms
89105	1789237566793	2	590	admit-refused	authority refusal LIMIT_EXCEEDED: retained input, output or executor capacity
89148	1789237566835	0	867	admit-retried	succeeded after 2 refusals
89148	1789237566835	0	867	admitted	admit=757ms
89295	1789237566982	0	876	admit-refused	authority refusal LIMIT_EXCEEDED: aggregate admission capacity exhausted
89322	1789237567009	0	873	admit-refused	authority refusal LIMIT_EXCEEDED: aggregate admission capacity exhausted
89414	1789237567101	0	831	admit-retried	succeeded after 6 refusals
89414	1789237567101	0	831	admitted	admit=7238ms
89415	1789237567102	0	852	admit-refused	authority refusal LIMIT_EXCEEDED: aggregate admission capacity exhausted
89425	1789237567112	2	401	admit-refused	authority refusal LIMIT_EXCEEDED: retained input, output or executor capacity
89437	1789237567124	2	593	admit-refused	authority refusal LIMIT_EXCEEDED: retained input, output or executor capacity
89445	1789237567132	2	596	admitted	admit=346ms
89454	1789237567141	2	590	admit-refused	authority refusal LIMIT_EXCEEDED: retained input, output or executor capacity
89525	1789237567212	0	873	admit-ceiling	LIMIT_EXCEEDED: client unresolved admission ceiling
89560	1789237567247	0	879	admit-refused	authority refusal LIMIT_EXCEEDED: aggregate admission capacity exhausted
89583	1789237567270	2	599	admit-refused	authority refusal LIMIT_EXCEEDED: retained input, output or executor capacity
89583	1789237567270	0	834	admit-refused	authority refusal LIMIT_EXCEEDED: aggregate admission capacity exhausted
89610	1789237567297	0	765	admit-refused	authority refusal LIMIT_EXCEEDED: aggregate admission capacity exhausted
89658	1789237567345	2	545	admit-refused	authority refusal LIMIT_EXCEEDED: retained input, output or executor capacity
89723	1789237567410	2	593	admit-refused	authority refusal LIMIT_EXCEEDED: retained input, output or executor capacity
89735	1789237567422	2	599	admit-refused	authority refusal LIMIT_EXCEEDED: retained input, output or executor capacity
89776	1789237567463	0	876	admit-refused	authority refusal LIMIT_EXCEEDED: aggregate admission capacity exhausted
89800	1789237567487	0	879	admit-retried	succeeded after 1 refusals
89800	1789237567487	0	879	admitted	admit=386ms
89806	1789237567493	0	699	admit-refused	authority refusal LIMIT_EXCEEDED: aggregate admission capacity exhausted
89830	1789237567517	0	567	admit-refused	authority refusal LIMIT_EXCEEDED: aggregate admission capacity exhausted
89897	1789237567584	0	882	admit-refused	authority refusal LIMIT_EXCEEDED: aggregate admission capacity exhausted
90087	1789237567774	2	41	admit-retried	succeeded after 22 refusals
90087	1789237567774	2	41	admitted	admit=89260ms
90093	1789237567780	0	882	admit-refused	authority refusal LIMIT_EXCEEDED: aggregate admission capacity exhausted
90118	1789237567805	0	873	admit-refused	authority refusal LIMIT_EXCEEDED: aggregate admission capacity exhausted
90124	1789237567811	2	593	admit-ceiling	LIMIT_EXCEEDED: client unresolved admission ceiling
90172	1789237567859	2	473	admit-refused	authority refusal LIMIT_EXCEEDED: retained input, output or executor capacity
90185	1789237567872	2	590	admit-retried	succeeded after 3 refusals
90185	1789237567872	2	590	admitted	admit=2279ms
90225	1789237567912	0	876	admit-retried	succeeded after 2 refusals
90225	1789237567912	0	876	admitted	admit=1076ms
90312	1789237567999	2	602	admit-refused	authority refusal LIMIT_EXCEEDED: retained input, output or executor capacity
90375	1789237568062	2	605	admit-refused	authority refusal LIMIT_EXCEEDED: retained input, output or executor capacity
90377	1789237568065	0	819	admit-refused	authority refusal LIMIT_EXCEEDED: aggregate admission capacity exhausted
90403	1789237568090	0	882	admit-refused	authority refusal LIMIT_EXCEEDED: aggregate admission capacity exhausted
90407	1789237568094	2	470	admit-refused	authority refusal LIMIT_EXCEEDED: retained input, output or executor capacity
90429	1789237568116	2	599	admit-refused	authority refusal LIMIT_EXCEEDED: retained input, output or executor capacity
90488	1789237568175	2	602	admit-refused	authority refusal LIMIT_EXCEEDED: retained input, output or executor capacity
90647	1789237568334	0	885	admitted	admit=421ms
90707	1789237568394	0	627	admit-refused	authority refusal LIMIT_EXCEEDED: aggregate admission capacity exhausted
90735	1789237568422	0	888	admit-refused	authority refusal LIMIT_EXCEEDED: aggregate admission capacity exhausted
90826	1789237568513	2	548	admit-retried	succeeded after 6 refusals
90826	1789237568513	2	548	admitted	admit=7729ms
90927	1789237568614	2	593	admit-ceiling	LIMIT_EXCEEDED: client unresolved admission ceiling
90958	1789237568645	2	605	admit-retried	succeeded after 1 refusals
90958	1789237568645	2	605	admitted	admit=773ms
91006	1789237568693	2	5	admit-ceiling	LIMIT_EXCEEDED: client unresolved admission ceiling
91017	1789237568704	0	852	admit-ceiling	LIMIT_EXCEEDED: client unresolved admission ceiling
91050	1789237568737	0	873	admit-refused	authority refusal LIMIT_EXCEEDED: aggregate admission capacity exhausted
91055	1789237568742	2	608	admit-refused	authority refusal LIMIT_EXCEEDED: retained input, output or executor capacity
91062	1789237568749	2	599	admit-refused	authority refusal LIMIT_EXCEEDED: retained input, output or executor capacity
91079	1789237568766	2	611	admit-refused	authority refusal LIMIT_EXCEEDED: retained input, output or executor capacity
91080	1789237568767	0	882	admit-refused	authority refusal LIMIT_EXCEEDED: aggregate admission capacity exhausted
91110	1789237568797	0	468	admit-refused	authority refusal LIMIT_EXCEEDED: aggregate admission capacity exhausted
91144	1789237568831	2	8	admit-refused	authority refusal LIMIT_EXCEEDED: retained input, output or executor capacity
91240	1789237568927	2	602	admit-refused	authority refusal LIMIT_EXCEEDED: retained input, output or executor capacity
91248	1789237568935	2	608	admit-refused	authority refusal LIMIT_EXCEEDED: retained input, output or executor capacity
91259	1789237568946	2	386	admit-refused	authority refusal LIMIT_EXCEEDED: retained input, output or executor capacity
91267	1789237568954	2	611	admit-refused	authority refusal LIMIT_EXCEEDED: retained input, output or executor capacity
91306	1789237568994	0	801	admit-retried	succeeded after 7 refusals
91306	1789237568994	0	801	admitted	admit=11989ms
91409	1789237569096	0	891	admit-refused	authority refusal LIMIT_EXCEEDED: aggregate admission capacity exhausted
91593	1789237569280	0	891	admit-refused	authority refusal LIMIT_EXCEEDED: aggregate admission capacity exhausted
91610	1789237569297	0	888	admit-refused	authority refusal LIMIT_EXCEEDED: aggregate admission capacity exhausted
91669	1789237569356	2	608	admit-retried	succeeded after 2 refusals
91669	1789237569356	2	608	admitted	admit=843ms
91755	1789237569443	2	611	admit-retried	succeeded after 2 refusals
91755	1789237569443	2	611	admitted	admit=797ms
91787	1789237569474	2	515	admit-ceiling	LIMIT_EXCEEDED: client unresolved admission ceiling
91811	1789237569499	0	105	admit-retried	succeeded after 22 refusals
91811	1789237569499	0	105	admitted	admit=88559ms
91864	1789237569552	2	599	admit-ceiling	LIMIT_EXCEEDED: client unresolved admission ceiling
91909	1789237569596	2	488	admit-refused	authority refusal LIMIT_EXCEEDED: retained input, output or executor capacity
91917	1789237569604	2	602	admit-refused	authority refusal LIMIT_EXCEEDED: retained input, output or executor capacity
91932	1789237569619	2	614	admit-refused	authority refusal LIMIT_EXCEEDED: retained input, output or executor capacity
91942	1789237569629	2	617	admit-refused	authority refusal LIMIT_EXCEEDED: retained input, output or executor capacity
91983	1789237569670	0	882	admit-refused	authority refusal LIMIT_EXCEEDED: aggregate admission capacity exhausted
91992	1789237569679	0	888	admit-retried	succeeded after 2 refusals
91992	1789237569680	0	888	admitted	admit=1345ms
92058	1789237569745	0	894	admit-refused	authority refusal LIMIT_EXCEEDED: aggregate admission capacity exhausted
92174	1789237569861	0	618	admit-refused	authority refusal LIMIT_EXCEEDED: aggregate admission capacity exhausted
92197	1789237569884	0	897	admitted	admit=204ms
92305	1789237569992	0	900	admit-refused	authority refusal LIMIT_EXCEEDED: aggregate admission capacity exhausted
92446	1789237570133	0	891	admit-refused	authority refusal LIMIT_EXCEEDED: aggregate admission capacity exhausted
92519	1789237570206	2	614	admit-retried	succeeded after 1 refusals
92519	1789237570206	2	614	admitted	admit=849ms
92540	1789237570228	0	900	admit-refused	authority refusal LIMIT_EXCEEDED: aggregate admission capacity exhausted
92551	1789237570238	2	593	admit-ceiling	LIMIT_EXCEEDED: client unresolved admission ceiling
92566	1789237570253	0	894	admit-refused	authority refusal LIMIT_EXCEEDED: aggregate admission capacity exhausted
92686	1789237570373	2	617	admit-retried	succeeded after 1 refusals
92686	1789237570373	2	617	admitted	admit=930ms
92719	1789237570406	2	602	admit-ceiling	LIMIT_EXCEEDED: client unresolved admission ceiling
92781	1789237570469	2	620	admit-refused	authority refusal LIMIT_EXCEEDED: retained input, output or executor capacity
92808	1789237570495	0	873	admit-refused	authority refusal LIMIT_EXCEEDED: aggregate admission capacity exhausted
92840	1789237570527	2	623	admit-refused	authority refusal LIMIT_EXCEEDED: retained input, output or executor capacity
92863	1789237570550	2	422	admit-refused	authority refusal LIMIT_EXCEEDED: retained input, output or executor capacity
92907	1789237570594	0	900	admit-retried	succeeded after 2 refusals
92907	1789237570594	0	900	admitted	admit=709ms
92922	1789237570610	0	894	admit-refused	authority refusal LIMIT_EXCEEDED: aggregate admission capacity exhausted
92967	1789237570654	0	891	admit-refused	authority refusal LIMIT_EXCEEDED: aggregate admission capacity exhausted
93005	1789237570692	0	903	admit-refused	authority refusal LIMIT_EXCEEDED: aggregate admission capacity exhausted
93036	1789237570723	2	566	admit-retried	succeeded after 6 refusals
93036	1789237570723	2	566	admitted	admit=7528ms
93071	1789237570758	0	711	admit-refused	authority refusal LIMIT_EXCEEDED: aggregate admission capacity exhausted
93184	1789237570871	2	620	admit-refused	authority refusal LIMIT_EXCEEDED: retained input, output or executor capacity
93195	1789237570882	2	623	admit-refused	authority refusal LIMIT_EXCEEDED: retained input, output or executor capacity
93208	1789237570895	2	626	admit-refused	authority refusal LIMIT_EXCEEDED: retained input, output or executor capacity
93437	1789237571124	0	894	admit-retried	succeeded after 3 refusals
93437	1789237571124	0	894	admitted	admit=1624ms
93654	1789237571341	0	882	admit-refused	authority refusal LIMIT_EXCEEDED: aggregate admission capacity exhausted
93656	1789237571343	0	903	admit-retried	succeeded after 1 refusals
93656	1789237571343	0	903	admitted	admit=748ms
93696	1789237571383	2	626	admit-retried	succeeded after 1 refusals
93696	1789237571383	2	626	admitted	admit=659ms
93822	1789237571509	0	654	admit-refused	authority refusal LIMIT_EXCEEDED: aggregate admission capacity exhausted
93924	1789237571611	0	891	admit-retried	succeeded after 4 refusals
93924	1789237571611	0	891	admitted	admit=2617ms
94018	1789237571705	0	912	admit-refused	authority refusal LIMIT_EXCEEDED: aggregate admission capacity exhausted
94059	1789237571746	2	620	admit-retried	succeeded after 2 refusals
94059	1789237571746	2	620	admitted	admit=1539ms
94122	1789237571809	2	599	admit-refused	authority refusal LIMIT_EXCEEDED: retained input, output or executor capacity
94149	1789237571837	2	623	admit-retried	succeeded after 2 refusals
94149	1789237571837	2	623	admitted	admit=1463ms
94163	1789237571850	2	632	admit-refused	authority refusal LIMIT_EXCEEDED: retained input, output or executor capacity
94191	1789237571878	0	912	admit-refused	authority refusal LIMIT_EXCEEDED: aggregate admission capacity exhausted
94215	1789237571902	2	635	admit-refused	authority refusal LIMIT_EXCEEDED: retained input, output or executor capacity
94223	1789237571910	2	629	admit-refused	authority refusal LIMIT_EXCEEDED: retained input, output or executor capacity
94427	1789237572115	2	401	admit-ceiling	LIMIT_EXCEEDED: client unresolved admission ceiling
94585	1789237572272	0	834	admit-ceiling	LIMIT_EXCEEDED: client unresolved admission ceiling
94612	1789237572300	0	765	admit-ceiling	LIMIT_EXCEEDED: client unresolved admission ceiling
94661	1789237572348	2	545	admit-ceiling	LIMIT_EXCEEDED: client unresolved admission ceiling
94808	1789237572495	0	699	admit-ceiling	LIMIT_EXCEEDED: client unresolved admission ceiling
94832	1789237572519	0	567	admit-ceiling	LIMIT_EXCEEDED: client unresolved admission ceiling
94900	1789237572587	0	906	admitted	admit=1462ms
95050	1789237572737	2	632	admit-retried	succeeded after 1 refusals
95050	1789237572737	2	632	admitted	admit=990ms
95085	1789237572772	0	915	admitted	admit=184ms
95129	1789237572816	2	602	admit-refused	authority refusal LIMIT_EXCEEDED: retained input, output or executor capacity
95144	1789237572831	2	629	admit-refused	authority refusal LIMIT_EXCEEDED: retained input, output or executor capacity
95152	1789237572839	2	635	admit-retried	succeeded after 1 refusals
95152	1789237572839	2	635	admitted	admit=1002ms
95303	1789237572990	2	638	admit-refused	authority refusal LIMIT_EXCEEDED: retained input, output or executor capacity
95327	1789237573015	2	641	admit-refused	authority refusal LIMIT_EXCEEDED: retained input, output or executor capacity
95335	1789237573023	2	473	admit-refused	authority refusal LIMIT_EXCEEDED: retained input, output or executor capacity
95370	1789237573057	0	918	admitted	admit=284ms
95431	1789237573118	0	912	admit-retried	succeeded after 2 refusals
95431	1789237573118	0	912	admitted	admit=1505ms
95456	1789237573143	0	924	admit-ceiling	LIMIT_EXCEEDED: client unresolved admission ceiling
95512	1789237573199	0	921	admitted	admit=141ms
95558	1789237573245	0	924	admit-ceiling	LIMIT_EXCEEDED: client unresolved admission ceiling
95649	1789237573336	0	927	admitted	admit=136ms
95710	1789237573397	0	627	admit-ceiling	LIMIT_EXCEEDED: client unresolved admission ceiling
95753	1789237573440	2	593	admit-ceiling	LIMIT_EXCEEDED: client unresolved admission ceiling
95760	1789237573447	0	924	admit-ceiling	LIMIT_EXCEEDED: client unresolved admission ceiling
95875	1789237573562	0	930	admit-refused	authority refusal LIMIT_EXCEEDED: aggregate admission capacity exhausted
95939	1789237573626	0	852	admit-refused	authority refusal LIMIT_EXCEEDED: aggregate admission capacity exhausted
96008	1789237573695	2	5	admit-ceiling	LIMIT_EXCEEDED: client unresolved admission ceiling
96062	1789237573749	0	930	admit-refused	authority refusal LIMIT_EXCEEDED: aggregate admission capacity exhausted
96108	1789237573795	0	873	admit-refused	authority refusal LIMIT_EXCEEDED: aggregate admission capacity exhausted
96178	1789237573865	2	629	admit-retried	succeeded after 2 refusals
96178	1789237573865	2	629	admitted	admit=2481ms
96213	1789237573900	2	644	admit-ceiling	LIMIT_EXCEEDED: client unresolved admission ceiling
96223	1789237573910	0	468	admit-refused	authority refusal LIMIT_EXCEEDED: aggregate admission capacity exhausted
96249	1789237573937	0	924	admit-refused	authority refusal LIMIT_EXCEEDED: aggregate admission capacity exhausted
96251	1789237573938	2	470	admit-refused	authority refusal LIMIT_EXCEEDED: retained input, output or executor capacity
96261	1789237573948	2	641	admit-refused	authority refusal LIMIT_EXCEEDED: retained input, output or executor capacity
96264	1789237573951	2	638	admit-retried	succeeded after 1 refusals
96264	1789237573951	2	638	admitted	admit=1213ms
96273	1789237573960	0	909	admit-refused	authority refusal LIMIT_EXCEEDED: aggregate admission capacity exhausted
96308	1789237573995	2	8	admit-refused	authority refusal LIMIT_EXCEEDED: retained input, output or executor capacity
96318	1789237574005	2	386	admit-refused	authority refusal LIMIT_EXCEEDED: retained input, output or executor capacity
96357	1789237574044	0	930	admit-refused	authority refusal LIMIT_EXCEEDED: aggregate admission capacity exhausted
96429	1789237574116	0	819	admit-refused	authority refusal LIMIT_EXCEEDED: aggregate admission capacity exhausted
96513	1789237574201	0	909	admit-refused	authority refusal LIMIT_EXCEEDED: aggregate admission capacity exhausted
96628	1789237574316	2	647	admit-refused	authority refusal LIMIT_EXCEEDED: retained input, output or executor capacity
96700	1789237574387	2	644	admit-refused	authority refusal LIMIT_EXCEEDED: retained input, output or executor capacity
96871	1789237574558	0	930	admit-retried	succeeded after 3 refusals
96871	1789237574558	0	930	admitted	admit=1221ms
96910	1789237574597	2	488	admit-ceiling	LIMIT_EXCEEDED: client unresolved admission ceiling
97001	1789237574688	0	882	admit-refused	authority refusal LIMIT_EXCEEDED: aggregate admission capacity exhausted
97024	1789237574711	0	933	admit-refused	authority refusal LIMIT_EXCEEDED: aggregate admission capacity exhausted
97243	1789237574931	0	618	admit-refused	authority refusal LIMIT_EXCEEDED: aggregate admission capacity exhausted
97248	1789237574935	0	933	admit-retried	succeeded after 1 refusals
97248	1789237574935	0	933	admitted	admit=376ms
97325	1789237575012	2	599	admit-ceiling	LIMIT_EXCEEDED: client unresolved admission ceiling
97361	1789237575048	0	936	admit-refused	authority refusal LIMIT_EXCEEDED: aggregate admission capacity exhausted
97379	1789237575066	2	641	admit-retried	succeeded after 2 refusals
97379	1789237575067	2	641	admitted	admit=2226ms
97470	1789237575157	2	647	admit-retried	succeeded after 1 refusals
97470	1789237575157	2	647	admitted	admit=1205ms
97478	1789237575165	2	515	admit-refused	authority refusal LIMIT_EXCEEDED: retained input, output or executor capacity
97591	1789237575278	2	650	admit-refused	authority refusal LIMIT_EXCEEDED: retained input, output or executor capacity
97598	1789237575285	2	644	admit-refused	authority refusal LIMIT_EXCEEDED: retained input, output or executor capacity
97610	1789237575297	2	653	admit-refused	authority refusal LIMIT_EXCEEDED: retained input, output or executor capacity
97642	1789237575329	0	936	admit-retried	succeeded after 1 refusals
97642	1789237575329	0	936	admitted	admit=393ms
97753	1789237575440	0	924	admit-retried	succeeded after 4 refusals
97753	1789237575440	0	924	admitted	admit=2322ms
97770	1789237575457	0	939	admit-refused	authority refusal LIMIT_EXCEEDED: aggregate admission capacity exhausted
98004	1789237575691	0	942	admit-refused	authority refusal LIMIT_EXCEEDED: aggregate admission capacity exhausted
98117	1789237575804	0	909	admit-refused	authority refusal LIMIT_EXCEEDED: aggregate admission capacity exhausted
98134	1789237575821	0	939	admit-retried	succeeded after 1 refusals
98134	1789237575821	0	939	admitted	admit=491ms
98173	1789237575860	0	711	admit-refused	authority refusal LIMIT_EXCEEDED: aggregate admission capacity exhausted
98270	1789237575957	0	942	admit-refused	authority refusal LIMIT_EXCEEDED: aggregate admission capacity exhausted
98306	1789237575993	0	945	admit-refused	authority refusal LIMIT_EXCEEDED: aggregate admission capacity exhausted
98331	1789237576018	2	602	admit-ceiling	LIMIT_EXCEEDED: client unresolved admission ceiling
98673	1789237576360	0	942	admit-refused	authority refusal LIMIT_EXCEEDED: aggregate admission capacity exhausted
98734	1789237576421	0	909	admit-refused	authority refusal LIMIT_EXCEEDED: aggregate admission capacity exhausted
98873	1789237576560	2	650	admit-retried	succeeded after 1 refusals
98873	1789237576560	2	650	admitted	admit=1493ms
98945	1789237576632	0	654	admit-refused	authority refusal LIMIT_EXCEEDED: aggregate admission capacity exhausted
99005	1789237576692	2	653	admit-retried	succeeded after 1 refusals
99005	1789237576692	2	653	admitted	admit=1534ms
99008	1789237576695	2	422	admit-refused	authority refusal LIMIT_EXCEEDED: retained input, output or executor capacity
99042	1789237576729	2	644	admit-refused	authority refusal LIMIT_EXCEEDED: retained input, output or executor capacity
99058	1789237576745	2	656	admit-refused	authority refusal LIMIT_EXCEEDED: retained input, output or executor capacity
99296	1789237576983	0	942	admit-retried	succeeded after 3 refusals
99296	1789237576983	0	942	admitted	admit=1542ms
99422	1789237577109	0	948	admit-refused	authority refusal LIMIT_EXCEEDED: aggregate admission capacity exhausted
99603	1789237577290	0	945	admit-retried	succeeded after 1 refusals
99603	1789237577290	0	945	admitted	admit=1468ms
99654	1789237577341	0	765	admit-ceiling	LIMIT_EXCEEDED: client unresolved admission ceiling
99678	1789237577365	0	909	admit-refused	authority refusal LIMIT_EXCEEDED: aggregate admission capacity exhausted
99710	1789237577397	0	834	admit-refused	authority refusal LIMIT_EXCEEDED: aggregate admission capacity exhausted
99781	1789237577468	0	951	admit-refused	authority refusal LIMIT_EXCEEDED: aggregate admission capacity exhausted
99843	1789237577530	2	644	admit-ceiling	LIMIT_EXCEEDED: client unresolved admission ceiling
100011	1789237577699	0	951	admit-refused	authority refusal LIMIT_EXCEEDED: aggregate admission capacity exhausted
100023	1789237577710	0	567	admit-retried	succeeded after 14 refusals
100023	1789237577710	0	567	admitted	admit=48994ms
100120	1789237577807	0	699	admit-refused	authority refusal LIMIT_EXCEEDED: aggregate admission capacity exhausted
100250	1789237577937	0	954	admit-refused	authority refusal LIMIT_EXCEEDED: aggregate admission capacity exhausted
100338	1789237578025	2	473	admit-ceiling	LIMIT_EXCEEDED: client unresolved admission ceiling
100601	1789237578288	0	951	admit-retried	succeeded after 2 refusals
100601	1789237578288	0	951	admitted	admit=997ms
100628	1789237578315	2	659	admitted	admit=1622ms
100674	1789237578361	0	954	admit-refused	authority refusal LIMIT_EXCEEDED: aggregate admission capacity exhausted
100755	1789237578443	2	593	admit-ceiling	LIMIT_EXCEEDED: client unresolved admission ceiling
100853	1789237578540	0	957	admit-refused	authority refusal LIMIT_EXCEEDED: aggregate admission capacity exhausted
100869	1789237578556	2	656	admit-retried	succeeded after 1 refusals
100869	1789237578556	2	656	admitted	admit=1995ms
100954	1789237578641	0	957	admit-ceiling	LIMIT_EXCEEDED: client unresolved admission ceiling
101010	1789237578697	2	5	admit-ceiling	LIMIT_EXCEEDED: client unresolved admission ceiling
101026	1789237578713	0	954	admit-refused	authority refusal LIMIT_EXCEEDED: aggregate admission capacity exhausted
101053	1789237578740	0	852	admit-refused	authority refusal LIMIT_EXCEEDED: aggregate admission capacity exhausted
101086	1789237578773	2	662	admit-refused	authority refusal LIMIT_EXCEEDED: retained input, output or executor capacity
101098	1789237578785	2	401	admit-refused	authority refusal LIMIT_EXCEEDED: retained input, output or executor capacity
101109	1789237578796	2	545	admit-refused	authority refusal LIMIT_EXCEEDED: retained input, output or executor capacity
101121	1789237578808	2	665	admit-refused	authority refusal LIMIT_EXCEEDED: retained input, output or executor capacity
101149	1789237578836	0	627	admit-refused	authority refusal LIMIT_EXCEEDED: aggregate admission capacity exhausted
101205	1789237578892	0	873	admit-refused	authority refusal LIMIT_EXCEEDED: aggregate admission capacity exhausted
101309	1789237578996	0	957	admit-refused	authority refusal LIMIT_EXCEEDED: aggregate admission capacity exhausted
101320	1789237579007	2	386	admit-ceiling	LIMIT_EXCEEDED: client unresolved admission ceiling
101377	1789237579064	0	948	admit-refused	authority refusal LIMIT_EXCEEDED: aggregate admission capacity exhausted
101408	1789237579095	0	909	admit-refused	authority refusal LIMIT_EXCEEDED: aggregate admission capacity exhausted
101444	1789237579131	2	644	admit-ceiling	LIMIT_EXCEEDED: client unresolved admission ceiling
101457	1789237579144	0	468	admit-refused	authority refusal LIMIT_EXCEEDED: aggregate admission capacity exhausted
101635	1789237579322	0	819	admit-refused	authority refusal LIMIT_EXCEEDED: aggregate admission capacity exhausted
101638	1789237579325	2	662	admit-retried	succeeded after 1 refusals
101638	1789237579325	2	662	admitted	admit=1009ms
101768	1789237579455	2	665	admit-refused	authority refusal LIMIT_EXCEEDED: retained input, output or executor capacity
101794	1789237579481	2	470	admit-refused	authority refusal LIMIT_EXCEEDED: retained input, output or executor capacity
101809	1789237579497	2	668	admit-refused	authority refusal LIMIT_EXCEEDED: retained input, output or executor capacity
101936	1789237579623	0	957	admit-refused	authority refusal LIMIT_EXCEEDED: aggregate admission capacity exhausted
102178	1789237579865	2	8	admit-retried	succeeded after 24 refusals
102178	1789237579865	2	8	admitted	admit=101351ms
102230	1789237579917	0	882	admit-retried	succeeded after 7 refusals
102230	1789237579917	0	882	admitted	admit=12429ms
102327	1789237580014	2	599	admit-ceiling	LIMIT_EXCEEDED: client unresolved admission ceiling
102436	1789237580123	0	960	admit-refused	authority refusal LIMIT_EXCEEDED: aggregate admission capacity exhausted
102454	1789237580141	0	948	admit-retried	succeeded after 2 refusals
102454	1789237580141	0	948	admitted	admit=3157ms
102480	1789237580168	2	515	admit-ceiling	LIMIT_EXCEEDED: client unresolved admission ceiling
102611	1789237580298	0	963	admit-refused	authority refusal LIMIT_EXCEEDED: aggregate admission capacity exhausted
102642	1789237580329	0	960	admit-refused	authority refusal LIMIT_EXCEEDED: aggregate admission capacity exhausted
102679	1789237580367	0	954	admit-refused	authority refusal LIMIT_EXCEEDED: aggregate admission capacity exhausted
102741	1789237580428	2	488	admit-retried	succeeded after 10 refusals
102741	1789237580428	2	488	admitted	admit=28843ms
102769	1789237580456	2	668	admit-refused	authority refusal LIMIT_EXCEEDED: retained input, output or executor capacity
102863	1789237580550	2	665	admit-refused	authority refusal LIMIT_EXCEEDED: retained input, output or executor capacity
102912	1789237580599	2	674	admit-refused	authority refusal LIMIT_EXCEEDED: retained input, output or executor capacity
102931	1789237580618	0	618	admit-retried	succeeded after 13 refusals
102931	1789237580618	0	618	admitted	admit=46350ms
103029	1789237580716	0	960	admit-retried	succeeded after 2 refusals
103029	1789237580716	0	960	admitted	admit=798ms
103164	1789237580851	0	963	admit-refused	authority refusal LIMIT_EXCEEDED: aggregate admission capacity exhausted
103255	1789237580942	2	668	admit-refused	authority refusal LIMIT_EXCEEDED: retained input, output or executor capacity
103271	1789237580958	2	674	admit-refused	authority refusal LIMIT_EXCEEDED: retained input, output or executor capacity
103277	1789237580964	2	671	admitted	admit=1098ms
103366	1789237581053	0	963	admit-ceiling	LIMIT_EXCEEDED: client unresolved admission ceiling
103437	1789237581124	0	711	admit-refused	authority refusal LIMIT_EXCEEDED: aggregate admission capacity exhausted
103658	1789237581345	2	668	admit-ceiling	LIMIT_EXCEEDED: client unresolved admission ceiling
103768	1789237581455	0	963	admit-ceiling	LIMIT_EXCEEDED: client unresolved admission ceiling
103770	1789237581457	0	954	admit-refused	authority refusal LIMIT_EXCEEDED: aggregate admission capacity exhausted
103962	1789237581650	2	677	admit-refused	authority refusal LIMIT_EXCEEDED: retained input, output or executor capacity
103992	1789237581679	2	665	admit-retried	succeeded after 3 refusals
103992	1789237581679	2	665	admitted	admit=3122ms
104044	1789237581731	2	602	admit-refused	authority refusal LIMIT_EXCEEDED: retained input, output or executor capacity
104163	1789237581850	2	680	admit-refused	authority refusal LIMIT_EXCEEDED: retained input, output or executor capacity
104178	1789237581865	0	969	admitted	admit=1148ms
104181	1789237581868	2	422	admit-refused	authority refusal LIMIT_EXCEEDED: retained input, output or executor capacity
104204	1789237581891	2	677	admit-refused	authority refusal LIMIT_EXCEEDED: retained input, output or executor capacity
104234	1789237581921	2	674	admit-refused	authority refusal LIMIT_EXCEEDED: retained input, output or executor capacity
104386	1789237582074	0	972	admitted	admit=208ms
104570	1789237582257	0	963	admit-ceiling	LIMIT_EXCEEDED: client unresolved admission ceiling
104611	1789237582298	0	909	admit-ceiling	LIMIT_EXCEEDED: client unresolved admission ceiling
104646	1789237582333	2	644	admit-ceiling	LIMIT_EXCEEDED: client unresolved admission ceiling
104656	1789237582343	0	765	admit-ceiling	LIMIT_EXCEEDED: client unresolved admission ceiling
104712	1789237582399	0	834	admit-ceiling	LIMIT_EXCEEDED: client unresolved admission ceiling
105122	1789237582809	0	699	admit-ceiling	LIMIT_EXCEEDED: client unresolved admission ceiling
105133	1789237582820	2	680	admit-retried	succeeded after 1 refusals
105133	1789237582820	2	680	admitted	admit=1140ms
105196	1789237582883	0	654	admit-retried	succeeded after 13 refusals
105196	1789237582883	0	654	admitted	admit=43657ms
105227	1789237582914	2	668	admit-refused	authority refusal LIMIT_EXCEEDED: retained input, output or executor capacity
105266	1789237582953	2	677	admit-retried	succeeded after 2 refusals
105266	1789237582953	2	677	admitted	admit=1988ms
105355	1789237583042	2	683	admit-refused	authority refusal LIMIT_EXCEEDED: retained input, output or executor capacity
105371	1789237583058	0	954	admit-ceiling	LIMIT_EXCEEDED: client unresolved admission ceiling
105423	1789237583110	0	978	admitted	admit=226ms
105664	1789237583351	0	981	admitted	admit=240ms
105779	1789237583466	2	674	admit-retried	succeeded after 3 refusals
105779	1789237583466	2	674	admitted	admit=3037ms
105825	1789237583512	2	689	admit-ceiling	LIMIT_EXCEEDED: client unresolved admission ceiling
105927	1789237583614	2	689	admit-ceiling	LIMIT_EXCEEDED: client unresolved admission ceiling
106003	1789237583690	0	975	admitted	admit=1615ms
106011	1789237583698	2	5	admit-ceiling	LIMIT_EXCEEDED: client unresolved admission ceiling
106055	1789237583742	0	852	admit-ceiling	LIMIT_EXCEEDED: client unresolved admission ceiling
106079	1789237583766	2	473	admit-refused	authority refusal LIMIT_EXCEEDED: retained input, output or executor capacity
106115	1789237583802	2	686	admitted	admit=848ms
106165	1789237583852	0	966	admitted	admit=3234ms
106172	1789237583859	2	692	admit-ceiling	LIMIT_EXCEEDED: client unresolved admission ceiling
106173	1789237583860	2	689	admit-ceiling	LIMIT_EXCEEDED: client unresolved admission ceiling
106214	1789237583901	0	990	admit-ceiling	LIMIT_EXCEEDED: client unresolved admission ceiling
106215	1789237583902	0	963	admit-ceiling	LIMIT_EXCEEDED: client unresolved admission ceiling
106215	1789237583902	0	873	admit-ceiling	LIMIT_EXCEEDED: client unresolved admission ceiling
106275	1789237583962	2	692	admit-ceiling	LIMIT_EXCEEDED: client unresolved admission ceiling
106317	1789237584004	0	990	admit-ceiling	LIMIT_EXCEEDED: client unresolved admission ceiling
106321	1789237584008	0	627	admit-refused	authority refusal LIMIT_EXCEEDED: aggregate admission capacity exhausted
106321	1789237584009	2	386	admit-ceiling	LIMIT_EXCEEDED: client unresolved admission ceiling
106352	1789237584039	2	683	admit-refused	authority refusal LIMIT_EXCEEDED: retained input, output or executor capacity
106394	1789237584081	2	401	admit-refused	authority refusal LIMIT_EXCEEDED: retained input, output or executor capacity
106410	1789237584097	2	545	admit-refused	authority refusal LIMIT_EXCEEDED: retained input, output or executor capacity
106469	1789237584156	2	593	admit-refused	authority refusal LIMIT_EXCEEDED: retained input, output or executor capacity
106519	1789237584206	0	990	admit-ceiling	LIMIT_EXCEEDED: client unresolved admission ceiling
106593	1789237584280	0	468	admit-retried	succeeded after 17 refusals
106593	1789237584280	0	468	admitted	admit=66685ms
106635	1789237584323	2	692	admit-refused	authority refusal LIMIT_EXCEEDED: retained input, output or executor capacity
106636	1789237584323	0	819	admit-ceiling	LIMIT_EXCEEDED: client unresolved admission ceiling
106651	1789237584339	2	683	admit-refused	authority refusal LIMIT_EXCEEDED: retained input, output or executor capacity
106675	1789237584363	2	689	admit-refused	authority refusal LIMIT_EXCEEDED: retained input, output or executor capacity
106721	1789237584408	0	957	admit-refused	authority refusal LIMIT_EXCEEDED: aggregate admission capacity exhausted
106803	1789237584490	0	993	admit-refused	authority refusal LIMIT_EXCEEDED: aggregate admission capacity exhausted
106834	1789237584521	0	984	admit-refused	authority refusal LIMIT_EXCEEDED: aggregate admission capacity exhausted
106867	1789237584554	0	987	admit-refused	authority refusal LIMIT_EXCEEDED: aggregate admission capacity exhausted
107119	1789237584806	0	984	admit-refused	authority refusal LIMIT_EXCEEDED: aggregate admission capacity exhausted
107150	1789237584837	0	990	admit-retried	succeeded after 3 refusals
107150	1789237584838	0	990	admitted	admit=984ms
107157	1789237584844	0	993	admit-refused	authority refusal LIMIT_EXCEEDED: aggregate admission capacity exhausted
107210	1789237584897	2	668	admit-retried	succeeded after 5 refusals
107210	1789237584897	2	668	admitted	admit=5571ms
107334	1789237585021	2	692	admit-refused	authority refusal LIMIT_EXCEEDED: retained input, output or executor capacity
107356	1789237585043	2	683	admit-refused	authority refusal LIMIT_EXCEEDED: retained input, output or executor capacity
107371	1789237585058	2	470	admit-retried	succeeded after 11 refusals
107371	1789237585058	2	470	admitted	admit=36411ms
107378	1789237585065	0	996	admit-refused	authority refusal LIMIT_EXCEEDED: aggregate admission capacity exhausted
107482	1789237585169	2	515	admit-ceiling	LIMIT_EXCEEDED: client unresolved admission ceiling
107513	1789237585200	0	993	admit-refused	authority refusal LIMIT_EXCEEDED: aggregate admission capacity exhausted
107526	1789237585213	0	984	admit-retried	succeeded after 2 refusals
107526	1789237585213	0	984	admitted	admit=1862ms
107557	1789237585244	2	695	admit-refused	authority refusal LIMIT_EXCEEDED: retained input, output or executor capacity
107572	1789237585259	2	599	admit-refused	authority refusal LIMIT_EXCEEDED: retained input, output or executor capacity
107596	1789237585283	2	698	admit-refused	authority refusal LIMIT_EXCEEDED: retained input, output or executor capacity
107641	1789237585328	2	689	admit-refused	authority refusal LIMIT_EXCEEDED: retained input, output or executor capacity
107736	1789237585423	2	695	admit-refused	authority refusal LIMIT_EXCEEDED: retained input, output or executor capacity
107755	1789237585442	0	996	admit-refused	authority refusal LIMIT_EXCEEDED: aggregate admission capacity exhausted
108115	1789237585802	0	996	admit-retried	succeeded after 2 refusals
108115	1789237585802	0	996	admitted	admit=963ms
108227	1789237585914	2	698	admit-retried	succeeded after 1 refusals
108227	1789237585914	2	698	admitted	admit=856ms
108283	1789237585970	0	1002	admitted	admit=167ms
108339	1789237586026	0	999	admitted	admit=812ms
108373	1789237586060	0	1008	admit-ceiling	LIMIT_EXCEEDED: client unresolved admission ceiling
108420	1789237586107	0	1005	admit-refused	authority refusal LIMIT_EXCEEDED: aggregate admission capacity exhausted
108451	1789237586138	0	957	admit-refused	authority refusal LIMIT_EXCEEDED: aggregate admission capacity exhausted
108463	1789237586150	2	695	admit-retried	succeeded after 2 refusals
108463	1789237586150	2	695	admitted	admit=1253ms
108521	1789237586209	0	1005	admit-ceiling	LIMIT_EXCEEDED: client unresolved admission ceiling
108563	1789237586250	0	1008	admit-refused	authority refusal LIMIT_EXCEEDED: aggregate admission capacity exhausted
108567	1789237586254	0	993	admit-retried	succeeded after 3 refusals
108567	1789237586254	0	993	admitted	admit=1974ms
108665	1789237586353	0	711	admit-refused	authority refusal LIMIT_EXCEEDED: aggregate admission capacity exhausted
108749	1789237586436	0	954	admit-refused	authority refusal LIMIT_EXCEEDED: aggregate admission capacity exhausted
108846	1789237586533	0	1008	admit-refused	authority refusal LIMIT_EXCEEDED: aggregate admission capacity exhausted
108850	1789237586537	0	1005	admit-retried	succeeded after 2 refusals
108850	1789237586537	0	1005	admitted	admit=567ms
108859	1789237586546	2	683	admit-refused	authority refusal LIMIT_EXCEEDED: retained input, output or executor capacity
108873	1789237586560	2	701	admit-refused	authority refusal LIMIT_EXCEEDED: retained input, output or executor capacity
108881	1789237586568	2	692	admit-retried	succeeded after 4 refusals
108881	1789237586568	2	692	admitted	admit=2764ms
108892	1789237586579	0	1011	admit-refused	authority refusal LIMIT_EXCEEDED: aggregate admission capacity exhausted
109067	1789237586754	0	1011	admit-refused	authority refusal LIMIT_EXCEEDED: aggregate admission capacity exhausted
109144	1789237586831	2	704	admitted	admit=680ms
109184	1789237586871	2	422	admit-ceiling	LIMIT_EXCEEDED: client unresolved admission ceiling
109243	1789237586930	2	689	admit-ceiling	LIMIT_EXCEEDED: client unresolved admission ceiling
109352	1789237587039	0	987	admit-refused	authority refusal LIMIT_EXCEEDED: aggregate admission capacity exhausted
109377	1789237587064	0	1011	admit-refused	authority refusal LIMIT_EXCEEDED: aggregate admission capacity exhausted
109476	1789237587163	2	707	admitted	admit=594ms
109497	1789237587184	0	963	admit-refused	authority refusal LIMIT_EXCEEDED: aggregate admission capacity exhausted
109507	1789237587194	0	1008	admit-retried	succeeded after 3 refusals
109507	1789237587194	0	1008	admitted	admit=1166ms
109530	1789237587217	2	701	admit-refused	authority refusal LIMIT_EXCEEDED: retained input, output or executor capacity
109540	1789237587228	2	602	admit-refused	authority refusal LIMIT_EXCEEDED: retained input, output or executor capacity
109578	1789237587265	2	713	admit-refused	authority refusal LIMIT_EXCEEDED: retained input, output or executor capacity
109659	1789237587346	0	765	admit-ceiling	LIMIT_EXCEEDED: client unresolved admission ceiling
109707	1789237587395	0	1017	admit-refused	authority refusal LIMIT_EXCEEDED: aggregate admission capacity exhausted
109779	1789237587467	0	1011	admit-ceiling	LIMIT_EXCEEDED: client unresolved admission ceiling
109824	1789237587512	0	834	admit-retried	succeeded after 10 refusals
109825	1789237587512	0	834	admitted	admit=27203ms
109854	1789237587542	0	1020	admit-ceiling	LIMIT_EXCEEDED: client unresolved admission ceiling
109916	1789237587604	2	710	admit-refused	authority refusal LIMIT_EXCEEDED: retained input, output or executor capacity
109929	1789237587616	2	644	admit-refused	authority refusal LIMIT_EXCEEDED: retained input, output or executor capacity
109940	1789237587627	2	713	admit-refused	authority refusal LIMIT_EXCEEDED: retained input, output or executor capacity
109952	1789237587639	2	701	admit-refused	authority refusal LIMIT_EXCEEDED: retained input, output or executor capacity
109956	1789237587643	0	1020	admit-ceiling	LIMIT_EXCEEDED: client unresolved admission ceiling
110119	1789237587806	2	710	admit-refused	authority refusal LIMIT_EXCEEDED: retained input, output or executor capacity
110125	1789237587812	0	699	admit-ceiling	LIMIT_EXCEEDED: client unresolved admission ceiling
110169	1789237587856	0	909	admit-retried	succeeded after 7 refusals
110169	1789237587856	0	909	admitted	admit=16512ms
110205	1789237587892	0	1023	admit-ceiling	LIMIT_EXCEEDED: client unresolved admission ceiling
110306	1789237587993	0	1023	admit-ceiling	LIMIT_EXCEEDED: client unresolved admission ceiling
110377	1789237588064	0	1017	admit-retried	succeeded after 1 refusals
110377	1789237588064	0	1017	admitted	admit=870ms
110454	1789237588141	0	1020	admit-retried	succeeded after 2 refusals
110454	1789237588141	0	1020	admitted	admit=628ms
110464	1789237588151	0	987	admit-refused	authority refusal LIMIT_EXCEEDED: aggregate admission capacity exhausted
110486	1789237588173	0	1014	admit-refused	authority refusal LIMIT_EXCEEDED: aggregate admission capacity exhausted
110571	1789237588258	0	1023	admit-refused	authority refusal LIMIT_EXCEEDED: aggregate admission capacity exhausted
110804	1789237588491	2	713	admit-retried	succeeded after 2 refusals
110804	1789237588491	2	713	admitted	admit=1327ms
110885	1789237588572	2	701	admit-refused	authority refusal LIMIT_EXCEEDED: retained input, output or executor capacity
110903	1789237588590	2	710	admit-retried	succeeded after 2 refusals
110903	1789237588590	2	710	admitted	admit=1758ms
110934	1789237588621	0	1011	admit-retried	succeeded after 4 refusals
110934	1789237588621	0	1011	admitted	admit=2366ms
110955	1789237588642	0	987	admit-refused	authority refusal LIMIT_EXCEEDED: aggregate admission capacity exhausted
111052	1789237588739	2	683	admit-refused	authority refusal LIMIT_EXCEEDED: retained input, output or executor capacity
111060	1789237588748	2	716	admit-refused	authority refusal LIMIT_EXCEEDED: retained input, output or executor capacity
111087	1789237588774	2	719	admit-refused	authority refusal LIMIT_EXCEEDED: retained input, output or executor capacity
111099	1789237588786	0	1023	admit-retried	succeeded after 3 refusals
111099	1789237588786	0	1023	admitted	admit=929ms
111101	1789237588788	2	5	admit-refused	authority refusal LIMIT_EXCEEDED: retained input, output or executor capacity
111144	1789237588831	2	473	admit-refused	authority refusal LIMIT_EXCEEDED: retained input, output or executor capacity
111210	1789237588897	2	716	admit-refused	authority refusal LIMIT_EXCEEDED: retained input, output or executor capacity
111213	1789237588900	0	852	admit-refused	authority refusal LIMIT_EXCEEDED: aggregate admission capacity exhausted
111288	1789237588975	0	873	admit-refused	authority refusal LIMIT_EXCEEDED: aggregate admission capacity exhausted
111372	1789237589059	0	1014	admit-refused	authority refusal LIMIT_EXCEEDED: aggregate admission capacity exhausted
111412	1789237589099	2	716	admit-ceiling	LIMIT_EXCEEDED: client unresolved admission ceiling
111471	1789237589159	2	593	admit-ceiling	LIMIT_EXCEEDED: client unresolved admission ceiling
111536	1789237589223	2	719	admit-retried	succeeded after 1 refusals
111536	1789237589223	2	719	admitted	admit=632ms
111687	1789237589374	2	701	admit-ceiling	LIMIT_EXCEEDED: client unresolved admission ceiling
111787	1789237589474	0	1014	admit-retried	succeeded after 2 refusals
111787	1789237589474	0	1014	admitted	admit=2936ms
111821	1789237589508	2	722	admit-refused	authority refusal LIMIT_EXCEEDED: retained input, output or executor capacity
111834	1789237589521	2	386	admit-retried	succeeded after 15 refusals
111834	1789237589521	2	386	admitted	admit=53988ms
111861	1789237589548	2	401	admit-refused	authority refusal LIMIT_EXCEEDED: retained input, output or executor capacity
111919	1789237589606	2	716	admit-refused	authority refusal LIMIT_EXCEEDED: retained input, output or executor capacity
111948	1789237589635	0	819	admit-retried	succeeded after 10 refusals
111948	1789237589635	0	819	admitted	admit=30569ms
111950	1789237589637	2	725	admit-refused	authority refusal LIMIT_EXCEEDED: retained input, output or executor capacity
111955	1789237589642	0	987	admit-refused	authority refusal LIMIT_EXCEEDED: aggregate admission capacity exhausted
112005	1789237589692	2	545	admit-refused	authority refusal LIMIT_EXCEEDED: retained input, output or executor capacity
112015	1789237589702	2	722	admit-refused	authority refusal LIMIT_EXCEEDED: retained input, output or executor capacity
112564	1789237590251	2	725	admit-retried	succeeded after 1 refusals
112564	1789237590251	2	725	admitted	admit=729ms
112599	1789237590286	2	599	admit-ceiling	LIMIT_EXCEEDED: client unresolved admission ceiling
112638	1789237590325	0	957	admit-retried	succeeded after 6 refusals
112638	1789237590325	0	957	admitted	admit=12036ms
112721	1789237590408	2	716	admit-ceiling	LIMIT_EXCEEDED: client unresolved admission ceiling
112762	1789237590449	2	722	admit-retried	succeeded after 2 refusals
112762	1789237590449	2	722	admitted	admit=1225ms
113096	1789237590783	2	689	admit-retried	succeeded after 6 refusals
113096	1789237590783	2	689	admitted	admit=7316ms
113283	1789237590970	2	515	admit-retried	succeeded after 11 refusals
113283	1789237590970	2	515	admitted	admit=35557ms
113286	1789237590973	2	734	admit-refused	authority refusal LIMIT_EXCEEDED: retained input, output or executor capacity
113383	1789237591070	2	728	admit-refused	authority refusal LIMIT_EXCEEDED: retained input, output or executor capacity
113401	1789237591088	2	731	admit-refused	authority refusal LIMIT_EXCEEDED: retained input, output or executor capacity
113431	1789237591118	2	737	admit-refused	authority refusal LIMIT_EXCEEDED: retained input, output or executor capacity
113438	1789237591125	2	701	admit-refused	authority refusal LIMIT_EXCEEDED: retained input, output or executor capacity
113457	1789237591144	2	734	admit-refused	authority refusal LIMIT_EXCEEDED: retained input, output or executor capacity
113504	1789237591191	0	627	admit-retried	succeeded after 15 refusals
113504	1789237591191	0	627	admitted	admit=55765ms
113678	1789237591365	0	987	admit-retried	succeeded after 5 refusals
113678	1789237591365	0	987	admitted	admit=7675ms
113823	1789237591510	0	711	admit-retried	succeeded after 13 refusals
113823	1789237591510	0	711	admitted	admit=44625ms
113868	1789237591555	0	954	admit-retried	succeeded after 7 refusals
113868	1789237591555	0	954	admitted	admit=13844ms
113995	1789237591682	2	728	admit-retried	succeeded after 1 refusals
113995	1789237591682	2	728	admitted	admit=1430ms
114063	1789237591750	2	737	admit-refused	authority refusal LIMIT_EXCEEDED: retained input, output or executor capacity
114076	1789237591763	2	731	admit-retried	succeeded after 1 refusals
114076	1789237591763	2	731	admitted	admit=1314ms
114253	1789237591940	2	683	admit-ceiling	LIMIT_EXCEEDED: client unresolved admission ceiling
114265	1789237591952	2	737	admit-ceiling	LIMIT_EXCEEDED: client unresolved admission ceiling
114294	1789237591981	2	743	admit-refused	authority refusal LIMIT_EXCEEDED: retained input, output or executor capacity
114318	1789237592005	2	734	admit-retried	succeeded after 2 refusals
114318	1789237592005	2	734	admitted	admit=1221ms
114367	1789237592054	2	422	admit-refused	authority refusal LIMIT_EXCEEDED: retained input, output or executor capacity
114381	1789237592068	2	746	admit-refused	authority refusal LIMIT_EXCEEDED: retained input, output or executor capacity
114389	1789237592076	2	716	admit-refused	authority refusal LIMIT_EXCEEDED: retained input, output or executor capacity
114432	1789237592119	2	743	admit-refused	authority refusal LIMIT_EXCEEDED: retained input, output or executor capacity
114473	1789237592161	2	740	admit-refused	authority refusal LIMIT_EXCEEDED: retained input, output or executor capacity
114637	1789237592324	0	963	admit-retried	succeeded after 7 refusals
114637	1789237592324	0	963	admitted	admit=12182ms
114666	1789237592353	2	737	admit-ceiling	LIMIT_EXCEEDED: client unresolved admission ceiling
114742	1789237592429	2	746	admit-retried	succeeded after 1 refusals
114742	1789237592429	2	746	admitted	admit=423ms
114846	1789237592533	0	765	admit-retried	succeeded after 12 refusals
114846	1789237592533	0	765	admitted	admit=39720ms
114849	1789237592536	2	602	admit-refused	authority refusal LIMIT_EXCEEDED: retained input, output or executor capacity
114859	1789237592546	2	743	admit-refused	authority refusal LIMIT_EXCEEDED: retained input, output or executor capacity
114881	1789237592568	2	749	admit-refused	authority refusal LIMIT_EXCEEDED: retained input, output or executor capacity
114920	1789237592607	2	740	admit-refused	authority refusal LIMIT_EXCEEDED: retained input, output or executor capacity
114974	1789237592661	2	644	admit-refused	authority refusal LIMIT_EXCEEDED: retained input, output or executor capacity
115243	1789237592930	0	699	admit-retried	succeeded after 14 refusals
115243	1789237592930	0	699	admitted	admit=47677ms
115292	1789237592979	2	749	admit-retried	succeeded after 1 refusals
115292	1789237592979	2	749	admitted	admit=549ms
115558	1789237593245	2	740	admit-retried	succeeded after 2 refusals
115558	1789237593245	2	740	admitted	admit=1562ms
115610	1789237593297	2	737	admit-refused	authority refusal LIMIT_EXCEEDED: retained input, output or executor capacity
115664	1789237593351	2	752	admit-refused	authority refusal LIMIT_EXCEEDED: retained input, output or executor capacity
115970	1789237593657	2	743	admit-retried	succeeded after 3 refusals
115970	1789237593657	2	743	admitted	admit=1893ms
116105	1789237593792	2	755	admitted	admit=546ms
116128	1789237593815	2	758	admit-refused	authority refusal LIMIT_EXCEEDED: retained input, output or executor capacity
116168	1789237593855	2	5	admit-refused	authority refusal LIMIT_EXCEEDED: retained input, output or executor capacity
116190	1789237593877	2	761	admit-refused	authority refusal LIMIT_EXCEEDED: retained input, output or executor capacity
116202	1789237593889	2	473	admit-refused	authority refusal LIMIT_EXCEEDED: retained input, output or executor capacity
116343	1789237594030	2	752	admit-refused	authority refusal LIMIT_EXCEEDED: retained input, output or executor capacity
116346	1789237594033	0	852	admit-retried	succeeded after 10 refusals
116346	1789237594033	0	852	admitted	admit=30731ms
116387	1789237594074	2	758	admit-refused	authority refusal LIMIT_EXCEEDED: retained input, output or executor capacity
116406	1789237594093	2	761	admit-refused	authority refusal LIMIT_EXCEEDED: retained input, output or executor capacity
116418	1789237594105	0	873	admit-retried	succeeded after 10 refusals
116418	1789237594105	0	873	admitted	admit=27707ms
116418	1789237594105	0	42	admit-refused	authority refusal LIMIT_EXCEEDED: metadata concurrency exhausted
116419	1789237594106	0	18	admit-refused	authority refusal LIMIT_EXCEEDED: metadata concurrency exhausted
116419	1789237594106	0	24	admit-refused	authority refusal LIMIT_EXCEEDED: metadata concurrency exhausted
116419	1789237594106	0	21	admit-refused	authority refusal LIMIT_EXCEEDED: metadata concurrency exhausted
116419	1789237594106	0	36	admit-refused	authority refusal LIMIT_EXCEEDED: metadata concurrency exhausted
116419	1789237594106	0	12	admit-refused	authority refusal LIMIT_EXCEEDED: metadata concurrency exhausted
116419	1789237594106	0	45	admit-refused	authority refusal LIMIT_EXCEEDED: metadata concurrency exhausted
116419	1789237594106	0	9	admit-refused	authority refusal LIMIT_EXCEEDED: metadata concurrency exhausted
116419	1789237594106	0	30	admit-refused	authority refusal LIMIT_EXCEEDED: metadata concurrency exhausted
116419	1789237594106	0	27	admit-refused	authority refusal LIMIT_EXCEEDED: metadata concurrency exhausted
116419	1789237594106	0	33	admit-refused	authority refusal LIMIT_EXCEEDED: metadata concurrency exhausted
116419	1789237594106	0	39	admit-refused	authority refusal LIMIT_EXCEEDED: metadata concurrency exhausted
116445	1789237594132	0	0	succeeded	attempt 1 watch=26ms
116470	1789237594157	0	6	succeeded	attempt 1 watch=51ms
116496	1789237594183	0	15	succeeded	attempt 1 watch=78ms
116519	1789237594206	0	42	admit-refused	authority refusal LIMIT_EXCEEDED: metadata concurrency exhausted
116519	1789237594207	0	27	admit-refused	authority refusal LIMIT_EXCEEDED: metadata concurrency exhausted
116520	1789237594207	0	30	admit-refused	authority refusal LIMIT_EXCEEDED: metadata concurrency exhausted
116520	1789237594207	0	18	admit-refused	authority refusal LIMIT_EXCEEDED: metadata concurrency exhausted
116520	1789237594207	0	36	admit-refused	authority refusal LIMIT_EXCEEDED: metadata concurrency exhausted
116520	1789237594207	0	24	admit-refused	authority refusal LIMIT_EXCEEDED: metadata concurrency exhausted
116520	1789237594207	0	9	admit-refused	authority refusal LIMIT_EXCEEDED: metadata concurrency exhausted
116520	1789237594207	0	21	admit-refused	authority refusal LIMIT_EXCEEDED: metadata concurrency exhausted
116526	1789237594213	0	3	succeeded	attempt 1 watch=108ms
116553	1789237594240	2	593	admit-refused	authority refusal LIMIT_EXCEEDED: retained input, output or executor capacity
116641	1789237594328	0	39	succeeded	attempt 1 watch=222ms
116671	1789237594358	0	12	succeeded	attempt 1 watch=252ms
116699	1789237594386	0	33	succeeded	attempt 1 watch=280ms
116721	1789237594408	0	36	admit-refused	authority refusal LIMIT_EXCEEDED: metadata concurrency exhausted
116721	1789237594408	0	24	admit-refused	authority refusal LIMIT_EXCEEDED: metadata concurrency exhausted
116721	1789237594408	0	30	admit-refused	authority refusal LIMIT_EXCEEDED: metadata concurrency exhausted
116721	1789237594408	0	18	admit-refused	authority refusal LIMIT_EXCEEDED: metadata concurrency exhausted
116725	1789237594412	0	45	succeeded	attempt 1 watch=307ms
116862	1789237594550	2	401	admit-ceiling	LIMIT_EXCEEDED: client unresolved admission ceiling
116873	1789237594560	0	21	succeeded	attempt 1 watch=455ms
116901	1789237594588	0	27	succeeded	attempt 1 watch=483ms
116933	1789237594620	0	9	succeeded	attempt 1 watch=514ms
116963	1789237594650	0	42	succeeded	attempt 1 watch=545ms
116985	1789237594672	0	0	first-usable-output	
116985	1789237594672	0	0	chunk-verified	fetch=540ms
116993	1789237594680	0	12	admit-refused	stalled read ordinal 12
116993	1789237594680	0	33	admit-refused	stalled read ordinal 33
117007	1789237594694	2	545	admit-ceiling	LIMIT_EXCEEDED: client unresolved admission ceiling
117150	1789237594838	0	48	succeeded	attempt 1 watch=165ms
117151	1789237594838	0	45	admit-refused	stalled read ordinal 45
117151	1789237594838	0	21	admit-refused	stalled read ordinal 21
117151	1789237594839	0	27	admit-refused	stalled read ordinal 27
117152	1789237594839	0	9	admit-refused	stalled read ordinal 9
117152	1789237594839	0	42	admit-refused	stalled read ordinal 42
117175	1789237594863	0	18	succeeded	attempt 1 watch=757ms
117213	1789237594900	2	737	admit-ceiling	LIMIT_EXCEEDED: client unresolved admission ceiling
117213	1789237594900	0	3	chunk-verified	fetch=687ms
117213	1789237594900	0	24	succeeded	attempt 1 watch=795ms
117235	1789237594922	0	6	chunk-verified	fetch=765ms
117251	1789237594938	0	30	succeeded	attempt 1 watch=833ms
117276	1789237594963	0	36	succeeded	attempt 1 watch=857ms
117368	1789237595055	0	51	succeeded	attempt 1 watch=154ms
117436	1789237595123	0	54	succeeded	attempt 1 watch=201ms
117499	1789237595186	0	48	admit-refused	stalled read ordinal 48
117499	1789237595186	0	18	admit-refused	stalled read ordinal 18
117529	1789237595216	0	24	admit-refused	stalled read ordinal 24
117567	1789237595254	0	30	admit-refused	stalled read ordinal 30
117567	1789237595254	0	21	admit-refused	stalled read ordinal 21
117567	1789237595254	0	9	admit-refused	stalled read ordinal 9
117567	1789237595255	0	27	admit-refused	stalled read ordinal 27
117568	1789237595255	0	45	admit-refused	stalled read ordinal 45
117568	1789237595255	0	42	admit-refused	stalled read ordinal 42
117568	1789237595255	0	36	admit-refused	stalled read ordinal 36
117568	1789237595255	0	51	admit-refused	stalled read ordinal 51
117568	1789237595256	0	54	admit-refused	stalled read ordinal 54
117592	1789237595279	2	716	admit-ceiling	LIMIT_EXCEEDED: client unresolved admission ceiling
117601	1789237595288	2	599	admit-ceiling	LIMIT_EXCEEDED: client unresolved admission ceiling
117602	1789237595289	0	18	admit-refused	stalled read ordinal 18
117602	1789237595289	0	48	admit-refused	stalled read ordinal 48
117631	1789237595319	0	24	admit-refused	stalled read ordinal 24
117669	1789237595356	2	752	admit-retried	succeeded after 2 refusals
117669	1789237595356	2	752	admitted	admit=2376ms
117669	1789237595356	0	30	admit-refused	stalled read ordinal 30
117671	1789237595358	0	36	admit-refused	stalled read ordinal 36
117671	1789237595358	0	54	admit-refused	stalled read ordinal 54
117671	1789237595358	0	51	admit-refused	stalled read ordinal 51
117755	1789237595442	2	761	admit-refused	authority refusal LIMIT_EXCEEDED: retained input, output or executor capacity
117769	1789237595456	0	45	admit-refused	authority refusal LIMIT_EXCEEDED: metadata concurrency exhausted
117771	1789237595458	0	9	admit-refused	stalled read ordinal 9
117772	1789237595459	0	21	admit-refused	stalled read ordinal 21
117772	1789237595459	0	42	admit-refused	stalled read ordinal 42
117772	1789237595459	0	27	admit-refused	stalled read ordinal 27
117778	1789237595465	2	758	admit-retried	succeeded after 2 refusals
117778	1789237595465	2	758	admitted	admit=1807ms
117804	1789237595491	0	18	admit-refused	stalled read ordinal 18
117805	1789237595492	0	48	admit-refused	stalled read ordinal 48
117826	1789237595514	2	701	admit-refused	authority refusal LIMIT_EXCEEDED: retained input, output or executor capacity
117834	1789237595521	0	24	admit-refused	stalled read ordinal 24
117872	1789237595559	0	30	admit-refused	stalled read ordinal 30
117874	1789237595561	0	54	admit-refused	stalled read ordinal 54
117874	1789237595561	0	36	admit-refused	stalled read ordinal 36
117874	1789237595562	0	51	admit-refused	stalled read ordinal 51
117894	1789237595581	2	764	admit-refused	authority refusal LIMIT_EXCEEDED: retained input, output or executor capacity
118121	1789237595808	0	15	chunk-verified	fetch=1625ms
118148	1789237595835	0	57	succeeded	attempt 1 watch=26ms
118180	1789237595867	0	33	chunk-verified	fetch=1480ms
118209	1789237595896	0	60	succeeded	attempt 1 watch=29ms
118210	1789237595897	0	21	admit-refused	stalled read ordinal 21
118211	1789237595898	0	42	admit-refused	stalled read ordinal 42
118211	1789237595898	0	9	admit-refused	stalled read ordinal 9
118211	1789237595898	0	27	admit-refused	stalled read ordinal 27
118240	1789237595927	0	18	admit-refused	stalled read ordinal 18
118241	1789237595928	0	60	admit-refused	stalled read ordinal 60
118241	1789237595928	0	24	admit-refused	stalled read ordinal 24
118244	1789237595931	0	57	chunk-verified	fetch=96ms
118274	1789237595961	0	45	chunk-verified	fetch=1548ms
118279	1789237595967	0	63	succeeded	attempt 1 watch=35ms
118294	1789237595981	0	48	chunk-verified	fetch=1143ms
118309	1789237595996	0	66	succeeded	attempt 1 watch=35ms
118361	1789237596048	2	767	admitted	admit=583ms
118378	1789237596065	0	69	succeeded	attempt 1 watch=83ms
118387	1789237596074	0	30	chunk-verified	fetch=1136ms
118418	1789237596106	0	51	admit-refused	stalled read ordinal 51
118419	1789237596106	0	63	admit-refused	stalled read ordinal 63
118451	1789237596138	0	54	chunk-verified	fetch=1015ms
118478	1789237596165	0	36	chunk-verified	fetch=1201ms
118483	1789237596170	0	72	succeeded	attempt 1 watch=95ms
118485	1789237596172	0	69	admit-refused	stalled read ordinal 69
118518	1789237596205	0	75	succeeded	attempt 1 watch=66ms
118527	1789237596214	0	66	chunk-verified	fetch=217ms
118542	1789237596229	0	60	chunk-verified	fetch=333ms
118557	1789237596244	0	78	succeeded	attempt 1 watch=78ms
118562	1789237596249	0	39	chunk-verified	fetch=1921ms
118576	1789237596263	0	12	chunk-verified	fetch=1905ms
118662	1789237596349	0	81	succeeded	attempt 1 watch=134ms
118673	1789237596360	2	764	admit-retried	succeeded after 1 refusals
118673	1789237596360	2	764	admitted	admit=1003ms
118699	1789237596386	0	84	succeeded	attempt 1 watch=156ms
118759	1789237596446	0	87	succeeded	attempt 1 watch=197ms
118779	1789237596467	0	90	succeeded	attempt 1 watch=203ms
118815	1789237596502	0	72	chunk-verified	fetch=332ms
118912	1789237596599	0	81	admit-refused	stalled read ordinal 81
118946	1789237596633	0	93	succeeded	attempt 1 watch=130ms
118946	1789237596634	0	84	admit-refused	stalled read ordinal 84
118947	1789237596634	0	87	admit-refused	stalled read ordinal 87
118947	1789237596634	0	90	admit-refused	stalled read ordinal 90
118976	1789237596664	0	93	admit-refused	stalled read ordinal 93
119006	1789237596693	0	78	chunk-verified	fetch=449ms
119012	1789237596699	0	27	admit-refused	authority refusal LIMIT_EXCEEDED: metadata concurrency exhausted
119022	1789237596709	2	761	admit-retried	succeeded after 3 refusals
119022	1789237596709	2	761	admitted	admit=2916ms
119042	1789237596729	0	96	succeeded	attempt 1 watch=35ms
119072	1789237596759	0	9	admit-refused	stalled read ordinal 9
119073	1789237596760	0	42	admit-refused	stalled read ordinal 42
119073	1789237596760	0	81	admit-refused	stalled read ordinal 81
119074	1789237596761	0	18	admit-refused	stalled read ordinal 18
119074	1789237596762	0	96	admit-refused	stalled read ordinal 96
119075	1789237596762	0	24	admit-refused	stalled read ordinal 24
119075	1789237596762	0	84	admit-refused	stalled read ordinal 84
119075	1789237596762	0	87	admit-refused	stalled read ordinal 87
119075	1789237596762	0	90	admit-refused	stalled read ordinal 90
119078	1789237596765	0	93	admit-refused	stalled read ordinal 93
119136	1789237596823	0	21	chunk-verified	fetch=2262ms
119141	1789237596828	2	770	admitted	admit=779ms
119144	1789237596831	2	776	admit-refused	authority refusal LIMIT_EXCEEDED: retained input, output or executor capacity
119151	1789237596838	0	75	chunk-verified	fetch=633ms
119172	1789237596859	0	99	succeeded	attempt 1 watch=36ms
119200	1789237596887	2	779	admit-refused	authority refusal LIMIT_EXCEEDED: retained input, output or executor capacity
119203	1789237596890	0	102	succeeded	attempt 1 watch=51ms
119215	1789237596902	2	773	admit-refused	authority refusal LIMIT_EXCEEDED: retained input, output or executor capacity
119247	1789237596934	0	63	chunk-verified	fetch=967ms
119260	1789237596947	2	776	admit-refused	authority refusal LIMIT_EXCEEDED: retained input, output or executor capacity
119272	1789237596959	2	683	admit-refused	authority refusal LIMIT_EXCEEDED: retained input, output or executor capacity
119293	1789237596980	0	105	succeeded	attempt 1 watch=46ms
119298	1789237596985	0	99	chunk-verified	fetch=125ms
119324	1789237597011	0	96	chunk-verified	fetch=282ms
119329	1789237597016	0	84	admit-refused	stalled read ordinal 84
119329	1789237597016	0	87	admit-refused	stalled read ordinal 87
119330	1789237597017	0	90	admit-refused	stalled read ordinal 90
119330	1789237597017	0	93	admit-refused	stalled read ordinal 93
119344	1789237597031	0	102	chunk-verified	fetch=141ms
119359	1789237597046	0	108	succeeded	attempt 1 watch=61ms
119379	1789237597066	0	81	chunk-verified	fetch=716ms
119395	1789237597082	0	111	succeeded	attempt 1 watch=71ms
119416	1789237597103	0	51	chunk-verified	fetch=2047ms
119422	1789237597109	0	114	succeeded	attempt 1 watch=77ms
119436	1789237597123	0	105	chunk-verified	fetch=142ms
119486	1789237597174	0	117	succeeded	attempt 1 watch=107ms
119521	1789237597208	2	779	admit-refused	authority refusal LIMIT_EXCEEDED: retained input, output or executor capacity
119536	1789237597223	2	773	admit-refused	authority refusal LIMIT_EXCEEDED: retained input, output or executor capacity
119549	1789237597236	0	120	succeeded	attempt 1 watch=133ms
119552	1789237597239	2	422	admit-refused	authority refusal LIMIT_EXCEEDED: retained input, output or executor capacity
119578	1789237597265	2	776	admit-refused	authority refusal LIMIT_EXCEEDED: retained input, output or executor capacity
119610	1789237597297	0	123	succeeded	attempt 1 watch=174ms
119645	1789237597332	0	69	chunk-verified	fetch=1267ms
119696	1789237597383	0	111	chunk-verified	fetch=301ms
119737	1789237597424	0	114	chunk-verified	fetch=315ms
119747	1789237597434	0	126	succeeded	attempt 1 watch=101ms
119752	1789237597439	0	117	chunk-verified	fetch=265ms
119776	1789237597463	0	108	chunk-verified	fetch=417ms
119782	1789237597469	0	129	succeeded	attempt 1 watch=85ms
119801	1789237597488	0	120	chunk-verified	fetch=251ms
119815	1789237597502	0	132	succeeded	attempt 1 watch=78ms
119821	1789237597508	0	123	chunk-verified	fetch=210ms
119876	1789237597563	0	135	succeeded	attempt 1 watch=123ms
119902	1789237597589	0	138	succeeded	attempt 1 watch=125ms
119954	1789237597641	0	141	succeeded	attempt 1 watch=153ms
119959	1789237597646	0	84	chunk-verified	fetch=1260ms
119979	1789237597666	0	90	chunk-verified	fetch=1199ms
119980	1789237597667	2	776	admit-ceiling	LIMIT_EXCEEDED: client unresolved admission ceiling
119994	1789237597681	0	87	chunk-verified	fetch=1234ms
120013	1789237597700	0	93	chunk-verified	fetch=1067ms
120019	1789237597706	0	144	succeeded	attempt 1 watch=198ms
120054	1789237597741	0	126	chunk-verified	fetch=306ms
120119	1789237597806	0	129	chunk-verified	fetch=337ms
120140	1789237597827	0	147	succeeded	attempt 1 watch=181ms
120177	1789237597864	0	150	succeeded	attempt 1 watch=198ms
120182	1789237597869	2	779	admit-retried	succeeded after 2 refusals
120182	1789237597869	2	779	admitted	admit=1040ms
120211	1789237597898	0	153	succeeded	attempt 1 watch=217ms
120217	1789237597904	0	132	chunk-verified	fetch=401ms
120242	1789237597929	0	156	succeeded	attempt 1 watch=228ms
120274	1789237597962	2	602	admit-refused	authority refusal LIMIT_EXCEEDED: retained input, output or executor capacity
120282	1789237597969	2	773	admit-retried	succeeded after 2 refusals
120282	1789237597969	2	773	admitted	admit=1608ms
120302	1789237597989	0	159	succeeded	attempt 1 watch=247ms
120305	1789237597992	2	782	admit-refused	authority refusal LIMIT_EXCEEDED: retained input, output or executor capacity
120307	1789237597994	0	135	chunk-verified	fetch=431ms
120338	1789237598025	0	162	succeeded	attempt 1 watch=218ms
120342	1789237598029	0	141	chunk-verified	fetch=388ms
120379	1789237598066	0	138	chunk-verified	fetch=476ms
120442	1789237598129	0	165	succeeded	attempt 1 watch=224ms
120504	1789237598191	0	144	chunk-verified	fetch=484ms
120521	1789237598208	2	785	admit-refused	authority refusal LIMIT_EXCEEDED: retained input, output or executor capacity
120524	1789237598211	0	168	succeeded	attempt 1 watch=216ms
120531	1789237598219	2	644	admit-refused	authority refusal LIMIT_EXCEEDED: retained input, output or executor capacity
120542	1789237598229	2	782	admit-refused	authority refusal LIMIT_EXCEEDED: retained input, output or executor capacity
120552	1789237598239	2	737	admit-refused	authority refusal LIMIT_EXCEEDED: retained input, output or executor capacity
120581	1789237598268	0	171	succeeded	attempt 1 watch=238ms
120612	1789237598299	0	174	succeeded	attempt 1 watch=232ms
120621	1789237598308	0	147	chunk-verified	fetch=480ms
120651	1789237598338	0	150	chunk-verified	fetch=473ms
120667	1789237598354	0	177	succeeded	attempt 1 watch=162ms
120677	1789237598364	0	156	chunk-verified	fetch=435ms
120699	1789237598386	0	159	chunk-verified	fetch=396ms
120735	1789237598422	0	153	chunk-verified	fetch=523ms
120753	1789237598441	0	162	chunk-verified	fetch=415ms
120789	1789237598476	0	180	succeeded	attempt 1 watch=168ms
120816	1789237598503	0	183	succeeded	attempt 1 watch=164ms
120830	1789237598517	0	165	chunk-verified	fetch=388ms
120871	1789237598558	0	186	succeeded	attempt 1 watch=193ms
120901	1789237598588	0	189	succeeded	attempt 1 watch=202ms
120907	1789237598594	0	168	chunk-verified	fetch=382ms
120931	1789237598618	0	192	succeeded	attempt 1 watch=196ms
120936	1789237598623	0	171	chunk-verified	fetch=355ms
120966	1789237598653	0	195	succeeded	attempt 1 watch=212ms
121005	1789237598693	0	174	chunk-verified	fetch=393ms
121046	1789237598733	0	27	chunk-verified	fetch=4144ms
121066	1789237598753	0	198	succeeded	attempt 1 watch=235ms
121067	1789237598754	0	24	admit-refused	stalled read ordinal 24
121104	1789237598791	0	177	chunk-verified	fetch=437ms
121119	1789237598806	0	9	chunk-verified	fetch=4185ms
121139	1789237598826	0	18	chunk-verified	fetch=3963ms
121154	1789237598841	2	785	admit-retried	succeeded after 1 refusals
121154	1789237598841	2	785	admitted	admit=871ms
121158	1789237598845	0	42	chunk-verified	fetch=4194ms
121174	1789237598861	0	201	succeeded	attempt 1 watch=267ms
121204	1789237598891	2	473	admit-ceiling	LIMIT_EXCEEDED: client unresolved admission ceiling
121229	1789237598916	0	204	succeeded	attempt 1 watch=292ms
121273	1789237598960	2	776	admit-refused	authority refusal LIMIT_EXCEEDED: retained input, output or executor capacity
121286	1789237598973	0	207	succeeded	attempt 1 watch=280ms
121296	1789237598984	0	180	chunk-verified	fetch=507ms
121301	1789237598988	2	782	admit-retried	succeeded after 2 refusals
121301	1789237598988	2	782	admitted	admit=1119ms
121304	1789237598991	2	788	admit-refused	authority refusal LIMIT_EXCEEDED: retained input, output or executor capacity
121316	1789237599003	0	210	succeeded	attempt 1 watch=270ms
121319	1789237599006	2	5	admit-refused	authority refusal LIMIT_EXCEEDED: retained input, output or executor capacity
121321	1789237599008	0	183	chunk-verified	fetch=505ms
121378	1789237599065	0	213	succeeded	attempt 1 watch=274ms
121384	1789237599071	0	186	chunk-verified	fetch=512ms
121409	1789237599096	0	216	succeeded	attempt 1 watch=290ms
121440	1789237599127	0	219	succeeded	attempt 1 watch=301ms
121444	1789237599131	0	189	chunk-verified	fetch=542ms
121474	1789237599161	0	222	succeeded	attempt 1 watch=316ms
121538	1789237599226	2	791	admit-refused	authority refusal LIMIT_EXCEEDED: retained input, output or executor capacity
121541	1789237599228	0	192	chunk-verified	fetch=610ms
121555	1789237599242	2	788	admit-refused	authority refusal LIMIT_EXCEEDED: retained input, output or executor capacity
121572	1789237599259	0	195	chunk-verified	fetch=606ms
121593	1789237599280	0	225	succeeded	attempt 1 watch=296ms
121601	1789237599289	2	593	admit-refused	authority refusal LIMIT_EXCEEDED: retained input, output or executor capacity
121640	1789237599327	0	228	succeeded	attempt 1 watch=318ms
121679	1789237599366	0	198	chunk-verified	fetch=613ms
121706	1789237599393	0	231	succeeded	attempt 1 watch=322ms
121779	1789237599466	0	234	succeeded	attempt 1 watch=334ms
121830	1789237599517	0	237	succeeded	attempt 1 watch=289ms
121840	1789237599527	0	201	chunk-verified	fetch=666ms
121860	1789237599547	0	240	succeeded	attempt 1 watch=287ms
121864	1789237599551	0	204	chunk-verified	fetch=635ms
121895	1789237599582	0	207	chunk-verified	fetch=608ms
121925	1789237599612	0	210	chunk-verified	fetch=608ms
121954	1789237599641	0	243	succeeded	attempt 1 watch=274ms
121959	1789237599646	0	213	chunk-verified	fetch=580ms
122024	1789237599711	0	216	chunk-verified	fetch=615ms
122049	1789237599736	0	222	chunk-verified	fetch=575ms
122064	1789237599751	0	246	succeeded	attempt 1 watch=223ms
122079	1789237599766	0	219	chunk-verified	fetch=639ms
122128	1789237599815	0	249	succeeded	attempt 1 watch=263ms
122138	1789237599825	2	791	admit-retried	succeeded after 1 refusals
122138	1789237599825	2	791	admitted	admit=837ms
122159	1789237599846	0	252	succeeded	attempt 1 watch=264ms
122169	1789237599856	0	225	chunk-verified	fetch=576ms
122194	1789237599881	0	255	succeeded	attempt 1 watch=269ms
122199	1789237599886	0	228	chunk-verified	fetch=558ms
122242	1789237599929	2	545	admit-refused	authority refusal LIMIT_EXCEEDED: retained input, output or executor capacity
122245	1789237599932	0	258	succeeded	attempt 1 watch=285ms
122260	1789237599947	2	788	admit-retried	succeeded after 2 refusals
122260	1789237599947	2	788	admitted	admit=1106ms
122276	1789237599963	0	261	succeeded	attempt 1 watch=251ms
122282	1789237599969	0	231	chunk-verified	fetch=575ms
122313	1789237600000	0	264	succeeded	attempt 1 watch=263ms
122317	1789237600004	0	237	chunk-verified	fetch=486ms
122342	1789237600029	0	234	chunk-verified	fetch=563ms
122367	1789237600054	0	267	succeeded	attempt 1 watch=288ms
122408	1789237600095	0	240	chunk-verified	fetch=548ms
122441	1789237600128	2	401	admit-refused	authority refusal LIMIT_EXCEEDED: retained input, output or executor capacity
122452	1789237600139	2	794	admit-refused	authority refusal LIMIT_EXCEEDED: retained input, output or executor capacity
122454	1789237600142	0	270	succeeded	attempt 1 watch=285ms
122468	1789237600155	2	797	admit-refused	authority refusal LIMIT_EXCEEDED: retained input, output or executor capacity
122496	1789237600183	0	273	succeeded	attempt 1 watch=297ms
122540	1789237600227	0	243	chunk-verified	fetch=585ms
122577	1789237600264	0	276	succeeded	attempt 1 watch=295ms
122639	1789237600326	0	279	succeeded	attempt 1 watch=321ms
122660	1789237600347	0	282	succeeded	attempt 1 watch=317ms
122696	1789237600383	0	246	chunk-verified	fetch=632ms
122726	1789237600413	0	285	succeeded	attempt 1 watch=318ms
122731	1789237600418	0	249	chunk-verified	fetch=602ms
122767	1789237600454	0	252	chunk-verified	fetch=607ms
122787	1789237600474	0	255	chunk-verified	fetch=592ms
122817	1789237600504	0	288	succeeded	attempt 1 watch=277ms
122821	1789237600508	0	258	chunk-verified	fetch=576ms
122828	1789237600515	2	701	admit-ceiling	LIMIT_EXCEEDED: client unresolved admission ceiling
122856	1789237600543	0	261	chunk-verified	fetch=579ms
122875	1789237600562	2	776	admit-ceiling	LIMIT_EXCEEDED: client unresolved admission ceiling
122892	1789237600579	0	264	chunk-verified	fetch=579ms
122950	1789237600637	0	291	succeeded	attempt 1 watch=254ms
122960	1789237600648	0	267	chunk-verified	fetch=593ms
123013	1789237600700	0	294	succeeded	attempt 1 watch=282ms
123047	1789237600734	0	297	succeeded	attempt 1 watch=280ms
123057	1789237600744	0	270	chunk-verified	fetch=602ms
123083	1789237600770	0	300	succeeded	attempt 1 watch=295ms
123090	1789237600777	0	273	chunk-verified	fetch=593ms
123094	1789237600781	2	794	admit-retried	succeeded after 1 refusals
123094	1789237600781	2	794	admitted	admit=955ms
123158	1789237600845	0	303	succeeded	attempt 1 watch=336ms
123197	1789237600884	0	306	succeeded	attempt 1 watch=341ms
123202	1789237600889	0	276	chunk-verified	fetch=624ms
123208	1789237600895	2	797	admit-retried	succeeded after 1 refusals
123208	1789237600895	2	797	admitted	admit=947ms
123234	1789237600921	0	309	succeeded	attempt 1 watch=341ms
123240	1789237600927	0	279	chunk-verified	fetch=601ms
123271	1789237600958	0	282	chunk-verified	fetch=611ms
123294	1789237600981	0	312	succeeded	attempt 1 watch=333ms
123333	1789237601020	0	285	chunk-verified	fetch=607ms
123383	1789237601070	0	315	succeeded	attempt 1 watch=325ms
123396	1789237601083	2	716	admit-refused	authority refusal LIMIT_EXCEEDED: retained input, output or executor capacity
123407	1789237601094	2	599	admit-refused	authority refusal LIMIT_EXCEEDED: retained input, output or executor capacity
123417	1789237601104	2	800	admit-refused	authority refusal LIMIT_EXCEEDED: retained input, output or executor capacity
123427	1789237601115	2	803	admit-refused	authority refusal LIMIT_EXCEEDED: retained input, output or executor capacity
123440	1789237601127	0	318	succeeded	attempt 1 watch=350ms
123481	1789237601168	0	288	chunk-verified	fetch=664ms
123524	1789237601212	0	321	succeeded	attempt 1 watch=322ms
123577	1789237601264	0	324	succeeded	attempt 1 watch=336ms
123605	1789237601292	0	327	succeeded	attempt 1 watch=332ms
123610	1789237601297	0	291	chunk-verified	fetch=659ms
123666	1789237601353	0	330	succeeded	attempt 1 watch=332ms
123671	1789237601358	0	294	chunk-verified	fetch=658ms
123707	1789237601394	0	297	chunk-verified	fetch=660ms
123743	1789237601430	0	300	chunk-verified	fetch=659ms
123773	1789237601460	0	333	succeeded	attempt 1 watch=291ms
123777	1789237601465	0	303	chunk-verified	fetch=619ms
123814	1789237601501	0	306	chunk-verified	fetch=616ms
123849	1789237601536	0	309	chunk-verified	fetch=615ms
123887	1789237601574	0	336	succeeded	attempt 1 watch=276ms
123929	1789237601616	0	312	chunk-verified	fetch=635ms
123944	1789237601631	0	339	succeeded	attempt 1 watch=272ms
123972	1789237601659	0	342	succeeded	attempt 1 watch=264ms
123988	1789237601675	0	315	chunk-verified	fetch=605ms
124003	1789237601691	0	345	succeeded	attempt 1 watch=260ms
124019	1789237601706	0	318	chunk-verified	fetch=579ms
124066	1789237601753	0	348	succeeded	attempt 1 watch=288ms
124096	1789237601783	0	351	succeeded	attempt 1 watch=281ms
124107	1789237601794	0	321	chunk-verified	fetch=582ms
124122	1789237601810	0	354	succeeded	attempt 1 watch=273ms
124137	1789237601824	0	324	chunk-verified	fetch=560ms
124162	1789237601849	0	327	chunk-verified	fetch=557ms
124187	1789237601874	0	357	succeeded	attempt 1 watch=257ms
124192	1789237601880	0	330	chunk-verified	fetch=526ms
124197	1789237601884	2	800	admit-retried	succeeded after 1 refusals
124197	1789237601884	2	800	admitted	admit=1102ms
124276	1789237601963	0	360	succeeded	attempt 1 watch=288ms
124310	1789237601997	0	363	succeeded	attempt 1 watch=290ms
124343	1789237602031	0	333	chunk-verified	fetch=570ms
124394	1789237602081	0	366	succeeded	attempt 1 watch=287ms
124450	1789237602137	0	369	succeeded	attempt 1 watch=312ms
124479	1789237602166	0	372	succeeded	attempt 1 watch=317ms
124489	1789237602176	0	336	chunk-verified	fetch=602ms
124537	1789237602224	0	375	succeeded	attempt 1 watch=344ms
124571	1789237602258	0	339	chunk-verified	fetch=626ms
124586	1789237602273	2	806	admit-refused	authority refusal LIMIT_EXCEEDED: retained input, output or executor capacity
124593	1789237602280	0	342	chunk-verified	fetch=621ms
124601	1789237602288	2	683	admit-refused	authority refusal LIMIT_EXCEEDED: retained input, output or executor capacity
124608	1789237602295	2	803	admit-retried	succeeded after 1 refusals
124608	1789237602295	2	803	admitted	admit=1399ms
124624	1789237602311	0	378	succeeded	attempt 1 watch=280ms
124624	1789237602311	0	345	chunk-verified	fetch=620ms
124644	1789237602331	0	348	chunk-verified	fetch=578ms
124664	1789237602351	0	351	chunk-verified	fetch=567ms
124699	1789237602386	0	354	chunk-verified	fetch=576ms
124750	1789237602437	0	381	succeeded	attempt 1 watch=260ms
124791	1789237602478	0	357	chunk-verified	fetch=603ms
124807	1789237602494	0	384	succeeded	attempt 1 watch=236ms
124812	1789237602500	0	24	chunk-verified	fetch=7599ms
124827	1789237602514	0	360	chunk-verified	fetch=550ms
124842	1789237602529	0	387	succeeded	attempt 1 watch=248ms
124846	1789237602533	0	363	chunk-verified	fetch=535ms
124872	1789237602559	0	390	succeeded	attempt 1 watch=247ms
124921	1789237602608	0	393	succeeded	attempt 1 watch=277ms
124956	1789237602644	0	396	succeeded	attempt 1 watch=292ms
124962	1789237602649	0	366	chunk-verified	fetch=567ms
124992	1789237602679	0	399	succeeded	attempt 1 watch=293ms
124997	1789237602685	0	369	chunk-verified	fetch=547ms
125039	1789237602726	0	372	chunk-verified	fetch=559ms
125054	1789237602741	0	402	succeeded	attempt 1 watch=263ms
125060	1789237602747	0	375	chunk-verified	fetch=522ms
125110	1789237602797	0	405	succeeded	attempt 1 watch=297ms
125140	1789237602827	0	408	succeeded	attempt 1 watch=312ms
125187	1789237602874	0	411	succeeded	attempt 1 watch=341ms
125252	1789237602939	0	378	chunk-verified	fetch=628ms
125290	1789237602977	2	422	admit-retried	succeeded after 16 refusals
125290	1789237602977	2	422	admitted	admit=62347ms
125307	1789237602994	0	414	succeeded	attempt 1 watch=344ms
125361	1789237603048	0	417	succeeded	attempt 1 watch=363ms
125368	1789237603055	2	806	admit-refused	authority refusal LIMIT_EXCEEDED: retained input, output or executor capacity
125394	1789237603081	2	809	admitted	admit=786ms
125400	1789237603087	0	420	succeeded	attempt 1 watch=361ms
125410	1789237603097	0	381	chunk-verified	fetch=660ms
125468	1789237603155	0	423	succeeded	attempt 1 watch=408ms
125503	1789237603190	0	384	chunk-verified	fetch=695ms
125553	1789237603240	2	737	admit-ceiling	LIMIT_EXCEEDED: client unresolved admission ceiling
125558	1789237603245	0	387	chunk-verified	fetch=715ms
125570	1789237603257	2	806	admit-ceiling	LIMIT_EXCEEDED: client unresolved admission ceiling
125594	1789237603281	0	426	succeeded	attempt 1 watch=341ms
125598	1789237603285	0	390	chunk-verified	fetch=726ms
125624	1789237603311	0	393	chunk-verified	fetch=702ms
125644	1789237603331	0	396	chunk-verified	fetch=687ms
125664	1789237603351	0	399	chunk-verified	fetch=672ms
125706	1789237603393	0	429	succeeded	attempt 1 watch=295ms
125748	1789237603435	0	402	chunk-verified	fetch=693ms
125763	1789237603450	0	432	succeeded	attempt 1 watch=260ms
125773	1789237603460	0	405	chunk-verified	fetch=663ms
125794	1789237603481	0	435	succeeded	attempt 1 watch=236ms
125798	1789237603485	0	408	chunk-verified	fetch=658ms
125835	1789237603522	0	411	chunk-verified	fetch=647ms
125849	1789237603536	0	438	succeeded	attempt 1 watch=250ms
125858	1789237603545	2	602	admit-refused	authority refusal LIMIT_EXCEEDED: retained input, output or executor capacity
125869	1789237603556	2	812	admit-refused	authority refusal LIMIT_EXCEEDED: retained input, output or executor capacity
125870	1789237603557	0	441	succeeded	attempt 1 watch=246ms
125907	1789237603594	0	444	succeeded	attempt 1 watch=263ms
125912	1789237603599	0	414	chunk-verified	fetch=604ms
125937	1789237603624	0	447	succeeded	attempt 1 watch=272ms
125942	1789237603629	0	417	chunk-verified	fetch=581ms
125960	1789237603647	2	815	admit-refused	authority refusal LIMIT_EXCEEDED: retained input, output or executor capacity
125978	1789237603665	0	420	chunk-verified	fetch=578ms
125994	1789237603681	0	450	succeeded	attempt 1 watch=246ms
125999	1789237603687	0	423	chunk-verified	fetch=531ms
126044	1789237603731	0	453	succeeded	attempt 1 watch=271ms
126058	1789237603745	2	644	admit-refused	authority refusal LIMIT_EXCEEDED: retained input, output or executor capacity
126086	1789237603773	0	456	succeeded	attempt 1 watch=288ms
126123	1789237603810	0	459	succeeded	attempt 1 watch=288ms
126128	1789237603815	0	426	chunk-verified	fetch=533ms
126167	1789237603854	2	812	admit-refused	authority refusal LIMIT_EXCEEDED: retained input, output or executor capacity
126177	1789237603864	2	806	admit-refused	authority refusal LIMIT_EXCEEDED: retained input, output or executor capacity
126198	1789237603885	2	815	admit-refused	authority refusal LIMIT_EXCEEDED: retained input, output or executor capacity
126209	1789237603896	2	776	admit-refused	authority refusal LIMIT_EXCEEDED: retained input, output or executor capacity
126220	1789237603908	0	462	succeeded	attempt 1 watch=308ms
126274	1789237603961	0	465	succeeded	attempt 1 watch=331ms
126304	1789237603991	0	468	succeeded	attempt 1 watch=325ms
126314	1789237604001	0	429	chunk-verified	fetch=607ms
126356	1789237604043	0	471	succeeded	attempt 1 watch=356ms
126401	1789237604088	0	432	chunk-verified	fetch=637ms
126431	1789237604118	0	435	chunk-verified	fetch=637ms
126450	1789237604137	2	473	admit-refused	authority refusal LIMIT_EXCEEDED: retained input, output or executor capacity
126461	1789237604149	2	5	admit-refused	authority refusal LIMIT_EXCEEDED: retained input, output or executor capacity
126471	1789237604158	2	812	admit-refused	authority refusal LIMIT_EXCEEDED: retained input, output or executor capacity
126473	1789237604160	0	474	succeeded	attempt 1 watch=344ms
126492	1789237604180	2	815	admit-refused	authority refusal LIMIT_EXCEEDED: retained input, output or executor capacity
126510	1789237604197	0	438	chunk-verified	fetch=660ms
126531	1789237604218	0	444	chunk-verified	fetch=624ms
126561	1789237604249	0	441	chunk-verified	fetch=691ms
126582	1789237604269	0	447	chunk-verified	fetch=644ms
126586	1789237604273	0	477	succeeded	attempt 1 watch=272ms
126619	1789237604306	0	450	chunk-verified	fetch=624ms
126643	1789237604331	0	480	succeeded	attempt 1 watch=242ms
126649	1789237604336	0	453	chunk-verified	fetch=604ms
126679	1789237604366	0	483	succeeded	attempt 1 watch=248ms
126683	1789237604370	0	456	chunk-verified	fetch=597ms
126715	1789237604402	0	459	chunk-verified	fetch=591ms
126745	1789237604432	0	486	succeeded	attempt 1 watch=235ms
126750	1789237604437	0	462	chunk-verified	fetch=529ms
126780	1789237604467	0	489	succeeded	attempt 1 watch=248ms
126785	1789237604472	0	465	chunk-verified	fetch=511ms
126811	1789237604498	0	492	succeeded	attempt 1 watch=249ms
126816	1789237604503	0	468	chunk-verified	fetch=511ms
126841	1789237604529	0	495	succeeded	attempt 1 watch=259ms
126897	1789237604584	0	498	succeeded	attempt 1 watch=278ms
126903	1789237604590	0	471	chunk-verified	fetch=546ms
126949	1789237604636	0	501	succeeded	attempt 1 watch=300ms
126997	1789237604684	0	504	succeeded	attempt 1 watch=313ms
127023	1789237604710	0	507	succeeded	attempt 1 watch=307ms
127033	1789237604720	0	474	chunk-verified	fetch=559ms
127064	1789237604751	2	593	admit-retried	succeeded after 12 refusals
127064	1789237604751	2	593	admitted	admit=38181ms
127079	1789237604766	0	510	succeeded	attempt 1 watch=328ms
127143	1789237604830	0	513	succeeded	attempt 1 watch=358ms
127195	1789237604882	0	516	succeeded	attempt 1 watch=378ms
127244	1789237604931	2	545	admit-ceiling	LIMIT_EXCEEDED: client unresolved admission ceiling
127267	1789237604954	0	477	chunk-verified	fetch=680ms
127283	1789237604970	0	519	succeeded	attempt 1 watch=380ms
127323	1789237605010	0	480	chunk-verified	fetch=679ms
127354	1789237605041	0	483	chunk-verified	fetch=674ms
127399	1789237605086	0	522	succeeded	attempt 1 watch=366ms
127431	1789237605118	0	486	chunk-verified	fetch=685ms
127443	1789237605130	2	401	admit-ceiling	LIMIT_EXCEEDED: client unresolved admission ceiling
127466	1789237605153	0	489	chunk-verified	fetch=685ms
127500	1789237605187	0	492	chunk-verified	fetch=688ms
127515	1789237605203	0	525	succeeded	attempt 1 watch=248ms
127530	1789237605217	0	495	chunk-verified	fetch=688ms
127550	1789237605237	0	498	chunk-verified	fetch=652ms
127575	1789237605262	0	528	succeeded	attempt 1 watch=252ms
127590	1789237605277	0	501	chunk-verified	fetch=640ms
127605	1789237605292	0	531	succeeded	attempt 1 watch=251ms
127615	1789237605302	0	504	chunk-verified	fetch=618ms
127640	1789237605327	0	507	chunk-verified	fetch=617ms
127650	1789237605337	2	812	admit-retried	succeeded after 3 refusals
127650	1789237605338	2	812	admitted	admit=2359ms
127666	1789237605353	0	534	succeeded	attempt 1 watch=235ms
127671	1789237605358	0	510	chunk-verified	fetch=591ms
127700	1789237605387	0	537	succeeded	attempt 1 watch=234ms
127706	1789237605393	0	513	chunk-verified	fetch=562ms
127729	1789237605416	0	540	succeeded	attempt 1 watch=229ms
127734	1789237605421	0	516	chunk-verified	fetch=539ms
127785	1789237605472	0	543	succeeded	attempt 1 watch=255ms
127826	1789237605513	0	546	succeeded	attempt 1 watch=275ms
127830	1789237605517	2	701	admit-ceiling	LIMIT_EXCEEDED: client unresolved admission ceiling
127836	1789237605523	0	519	chunk-verified	fetch=553ms
127910	1789237605597	0	549	succeeded	attempt 1 watch=320ms
127990	1789237605677	0	552	succeeded	attempt 1 watch=374ms
128024	1789237605711	2	806	admit-refused	authority refusal LIMIT_EXCEEDED: retained input, output or executor capacity
128031	1789237605718	0	522	chunk-verified	fetch=631ms
128035	1789237605722	0	555	succeeded	attempt 1 watch=395ms
128038	1789237605725	2	815	admit-refused	authority refusal LIMIT_EXCEEDED: retained input, output or executor capacity
128087	1789237605774	2	821	admit-refused	authority refusal LIMIT_EXCEEDED: retained input, output or executor capacity
128113	1789237605800	0	558	succeeded	attempt 1 watch=442ms
128175	1789237605863	0	561	succeeded	attempt 1 watch=469ms
128238	1789237605925	2	818	admit-refused	authority refusal LIMIT_EXCEEDED: retained input, output or executor capacity
128255	1789237605943	0	564	succeeded	attempt 1 watch=521ms
128307	1789237605995	0	525	chunk-verified	fetch=791ms
128324	1789237606012	2	821	admit-refused	authority refusal LIMIT_EXCEEDED: retained input, output or executor capacity
128356	1789237606043	0	567	succeeded	attempt 1 watch=520ms
128404	1789237606091	0	528	chunk-verified	fetch=828ms
128441	1789237606128	0	531	chunk-verified	fetch=835ms
128478	1789237606165	0	570	succeeded	attempt 1 watch=447ms
128582	1789237606269	0	534	chunk-verified	fetch=915ms
128624	1789237606311	0	537	chunk-verified	fetch=923ms
128668	1789237606355	0	540	chunk-verified	fetch=938ms
128710	1789237606397	0	573	succeeded	attempt 1 watch=402ms
128717	1789237606404	0	543	chunk-verified	fetch=931ms
128758	1789237606445	0	546	chunk-verified	fetch=932ms
128795	1789237606482	0	576	succeeded	attempt 1 watch=390ms
128800	1789237606487	0	549	chunk-verified	fetch=889ms
128835	1789237606522	0	579	succeeded	attempt 1 watch=394ms
128840	1789237606527	2	815	admit-ceiling	LIMIT_EXCEEDED: client unresolved admission ceiling
128843	1789237606530	0	552	chunk-verified	fetch=852ms
128928	1789237606615	0	582	succeeded	attempt 1 watch=346ms
128938	1789237606625	0	555	chunk-verified	fetch=902ms
128960	1789237606647	0	585	succeeded	attempt 1 watch=336ms
128967	1789237606654	0	558	chunk-verified	fetch=854ms
129002	1789237606689	0	561	chunk-verified	fetch=826ms
129007	1789237606694	0	588	succeeded	attempt 1 watch=339ms
129030	1789237606717	0	564	chunk-verified	fetch=774ms
129097	1789237606784	0	591	succeeded	attempt 1 watch=380ms
129141	1789237606828	0	594	succeeded	attempt 1 watch=382ms
129145	1789237606832	0	567	chunk-verified	fetch=788ms
129222	1789237606909	0	597	succeeded	attempt 1 watch=422ms
129284	1789237606971	0	600	succeeded	attempt 1 watch=440ms
129332	1789237607019	0	570	chunk-verified	fetch=853ms
129366	1789237607053	0	603	succeeded	attempt 1 watch=427ms
129399	1789237607086	2	818	admit-retried	succeeded after 1 refusals
129399	1789237607086	2	818	admitted	admit=2334ms
129446	1789237607133	0	606	succeeded	attempt 1 watch=479ms
129487	1789237607175	0	609	succeeded	attempt 1 watch=485ms
129569	1789237607256	0	612	succeeded	attempt 1 watch=539ms
129602	1789237607289	2	683	admit-ceiling	LIMIT_EXCEEDED: client unresolved admission ceiling
129619	1789237607306	0	573	chunk-verified	fetch=909ms
129626	1789237607313	2	806	admit-ceiling	LIMIT_EXCEEDED: client unresolved admission ceiling
129703	1789237607390	0	615	succeeded	attempt 1 watch=558ms
129741	1789237607428	2	599	admit-refused	authority refusal LIMIT_EXCEEDED: retained input, output or executor capacity
129759	1789237607446	0	576	chunk-verified	fetch=964ms
129772	1789237607460	2	716	admit-retried	succeeded after 8 refusals
129772	1789237607460	2	716	admitted	admit=18968ms
129802	1789237607489	0	579	chunk-verified	fetch=967ms
129844	1789237607531	0	582	chunk-verified	fetch=916ms
129844	1789237607531	0	618	succeeded	attempt 1 watch=512ms
129881	1789237607568	2	821	admit-refused	authority refusal LIMIT_EXCEEDED: retained input, output or executor capacity
129897	1789237607584	2	824	admit-refused	authority refusal LIMIT_EXCEEDED: retained input, output or executor capacity
129941	1789237607628	0	585	chunk-verified	fetch=980ms
129960	1789237607647	2	827	admit-refused	authority refusal LIMIT_EXCEEDED: retained input, output or executor capacity
130016	1789237607703	0	588	chunk-verified	fetch=1008ms
130049	1789237607737	0	591	chunk-verified	fetch=952ms
130057	1789237607744	0	621	succeeded	attempt 1 watch=437ms
130112	1789237607799	0	594	chunk-verified	fetch=971ms
130151	1789237607838	0	624	succeeded	attempt 1 watch=392ms
130158	1789237607845	0	597	chunk-verified	fetch=936ms
130194	1789237607881	2	824	admit-refused	authority refusal LIMIT_EXCEEDED: retained input, output or executor capacity
130197	1789237607884	0	627	succeeded	attempt 1 watch=394ms
130207	1789237607894	0	600	chunk-verified	fetch=922ms
130216	1789237607903	2	827	admit-refused	authority refusal LIMIT_EXCEEDED: retained input, output or executor capacity
130250	1789237607937	0	630	succeeded	attempt 1 watch=405ms
130318	1789237608005	0	633	succeeded	attempt 1 watch=377ms
130323	1789237608010	0	603	chunk-verified	fetch=957ms
130358	1789237608045	0	606	chunk-verified	fetch=911ms
130364	1789237608051	0	636	succeeded	attempt 1 watch=348ms
130372	1789237608059	0	609	chunk-verified	fetch=884ms
130416	1789237608103	0	639	succeeded	attempt 1 watch=366ms
130421	1789237608108	0	612	chunk-verified	fetch=851ms
130490	1789237608177	0	642	succeeded	attempt 1 watch=377ms
130496	1789237608183	0	615	chunk-verified	fetch=792ms
130555	1789237608242	2	737	admit-ceiling	LIMIT_EXCEEDED: client unresolved admission ceiling
130566	1789237608254	0	645	succeeded	attempt 1 watch=408ms
130652	1789237608339	0	648	succeeded	attempt 1 watch=445ms
130717	1789237608404	0	618	chunk-verified	fetch=872ms
130749	1789237608436	0	651	succeeded	attempt 1 watch=425ms
130797	1789237608484	0	654	succeeded	attempt 1 watch=439ms
130848	1789237608535	0	657	succeeded	attempt 1 watch=475ms
130860	1789237608548	2	602	admit-ceiling	LIMIT_EXCEEDED: client unresolved admission ceiling
130907	1789237608594	0	660	succeeded	attempt 1 watch=485ms
130966	1789237608653	0	621	chunk-verified	fetch=908ms
130984	1789237608671	0	663	succeeded	attempt 1 watch=488ms
131040	1789237608727	0	624	chunk-verified	fetch=888ms
131061	1789237608748	2	644	admit-ceiling	LIMIT_EXCEEDED: client unresolved admission ceiling
131068	1789237608755	0	627	chunk-verified	fetch=868ms
131103	1789237608790	0	666	succeeded	attempt 1 watch=386ms
131109	1789237608796	0	630	chunk-verified	fetch=858ms
131144	1789237608831	0	633	chunk-verified	fetch=825ms
131212	1789237608899	2	776	admit-ceiling	LIMIT_EXCEEDED: client unresolved admission ceiling
131247	1789237608934	0	636	chunk-verified	fetch=882ms
131275	1789237608962	0	639	chunk-verified	fetch=859ms
131316	1789237609003	0	669	succeeded	attempt 1 watch=349ms
131322	1789237609009	0	642	chunk-verified	fetch=832ms
131328	1789237609015	2	827	admit-retried	succeeded after 2 refusals
131328	1789237609015	2	827	admitted	admit=1555ms
131413	1789237609100	0	645	chunk-verified	fetch=846ms
131419	1789237609107	0	672	succeeded	attempt 1 watch=379ms
131459	1789237609146	0	675	succeeded	attempt 1 watch=390ms
131474	1789237609161	0	648	chunk-verified	fetch=822ms
131492	1789237609179	2	815	admit-retried	succeeded after 5 refusals
131492	1789237609179	2	815	admitted	admit=6097ms
131494	1789237609181	2	5	admit-ceiling	LIMIT_EXCEEDED: client unresolved admission ceiling
131541	1789237609228	2	833	admit-ceiling	LIMIT_EXCEEDED: client unresolved admission ceiling
131550	1789237609237	0	678	succeeded	attempt 1 watch=441ms
131571	1789237609258	2	821	admit-refused	authority refusal LIMIT_EXCEEDED: retained input, output or executor capacity
131588	1789237609275	2	824	admit-refused	authority refusal LIMIT_EXCEEDED: retained input, output or executor capacity
131591	1789237609278	0	681	succeeded	attempt 1 watch=447ms
131601	1789237609288	2	830	admit-refused	authority refusal LIMIT_EXCEEDED: retained input, output or executor capacity
131615	1789237609302	2	473	admit-refused	authority refusal LIMIT_EXCEEDED: retained input, output or executor capacity
131632	1789237609319	0	684	succeeded	attempt 1 watch=384ms
131637	1789237609324	0	651	chunk-verified	fetch=887ms
131670	1789237609357	0	654	chunk-verified	fetch=872ms
131676	1789237609364	0	687	succeeded	attempt 1 watch=401ms
131684	1789237609371	0	657	chunk-verified	fetch=836ms
131736	1789237609423	0	660	chunk-verified	fetch=829ms
131764	1789237609451	0	690	succeeded	attempt 1 watch=442ms
131778	1789237609465	2	833	admit-refused	authority refusal LIMIT_EXCEEDED: retained input, output or executor capacity
131793	1789237609480	2	830	admit-refused	authority refusal LIMIT_EXCEEDED: retained input, output or executor capacity
131798	1789237609485	0	693	succeeded	attempt 1 watch=385ms
131804	1789237609491	0	663	chunk-verified	fetch=819ms
131919	1789237609606	0	696	succeeded	attempt 1 watch=444ms
131977	1789237609665	0	666	chunk-verified	fetch=874ms
132077	1789237609764	0	699	succeeded	attempt 1 watch=440ms
132114	1789237609801	0	702	succeeded	attempt 1 watch=443ms
132180	1789237609867	0	705	succeeded	attempt 1 watch=495ms
132222	1789237609909	0	708	succeeded	attempt 1 watch=486ms
132227	1789237609914	0	669	chunk-verified	fetch=911ms
132299	1789237609986	0	711	succeeded	attempt 1 watch=494ms
132334	1789237610021	0	672	chunk-verified	fetch=914ms
132359	1789237610046	0	675	chunk-verified	fetch=900ms
132359	1789237610046	0	714	succeeded	attempt 1 watch=381ms
132373	1789237610060	2	821	admit-ceiling	LIMIT_EXCEEDED: client unresolved admission ceiling
132385	1789237610072	0	678	chunk-verified	fetch=834ms
132404	1789237610091	0	681	chunk-verified	fetch=812ms
132424	1789237610112	0	684	chunk-verified	fetch=792ms
132445	1789237610132	2	401	admit-ceiling	LIMIT_EXCEEDED: client unresolved admission ceiling
132460	1789237610147	0	687	chunk-verified	fetch=783ms
132510	1789237610197	0	717	succeeded	attempt 1 watch=282ms
132550	1789237610237	0	690	chunk-verified	fetch=785ms
132570	1789237610257	0	693	chunk-verified	fetch=771ms
132574	1789237610261	0	720	succeeded	attempt 1 watch=240ms
132595	1789237610282	0	696	chunk-verified	fetch=675ms
132606	1789237610293	2	824	admit-retried	succeeded after 3 refusals
132606	1789237610293	2	824	admitted	admit=3205ms
132647	1789237610334	0	723	succeeded	attempt 1 watch=288ms
132673	1789237610360	0	726	succeeded	attempt 1 watch=288ms
132703	1789237610390	0	729	succeeded	attempt 1 watch=298ms
132717	1789237610404	0	699	chunk-verified	fetch=640ms
132737	1789237610424	0	732	succeeded	attempt 1 watch=312ms
132742	1789237610429	0	702	chunk-verified	fetch=627ms
132765	1789237610452	0	735	succeeded	attempt 1 watch=305ms
132771	1789237610458	0	705	chunk-verified	fetch=590ms
132801	1789237610488	2	833	admit-retried	succeeded after 2 refusals
132801	1789237610488	2	833	admitted	admit=1307ms
132805	1789237610492	0	708	chunk-verified	fetch=583ms
132818	1789237610505	2	836	admit-refused	authority refusal LIMIT_EXCEEDED: retained input, output or executor capacity
132830	1789237610517	2	830	admit-refused	authority refusal LIMIT_EXCEEDED: retained input, output or executor capacity
132833	1789237610520	0	738	succeeded	attempt 1 watch=283ms
132838	1789237610525	0	711	chunk-verified	fetch=538ms
132868	1789237610555	0	741	succeeded	attempt 1 watch=298ms
132920	1789237610607	2	836	admit-ceiling	LIMIT_EXCEEDED: client unresolved admission ceiling
132925	1789237610612	0	744	succeeded	attempt 1 watch=330ms
132961	1789237610648	0	714	chunk-verified	fetch=601ms
133033	1789237610720	0	747	succeeded	attempt 1 watch=315ms
133082	1789237610769	0	750	succeeded	attempt 1 watch=340ms
133122	1789237610809	2	836	admit-ceiling	LIMIT_EXCEEDED: client unresolved admission ceiling
133125	1789237610812	0	753	succeeded	attempt 1 watch=354ms
133160	1789237610847	0	756	succeeded	attempt 1 watch=355ms
133165	1789237610852	0	717	chunk-verified	fetch=655ms
133225	1789237610912	0	759	succeeded	attempt 1 watch=387ms
133232	1789237610919	2	830	admit-ceiling	LIMIT_EXCEEDED: client unresolved admission ceiling
133279	1789237610966	2	545	admit-retried	succeeded after 14 refusals
133279	1789237610966	2	545	admitted	admit=51072ms
133300	1789237610987	0	720	chunk-verified	fetch=725ms
133335	1789237611022	0	762	succeeded	attempt 1 watch=374ms
133340	1789237611028	0	723	chunk-verified	fetch=693ms
133375	1789237611062	0	726	chunk-verified	fetch=702ms
133396	1789237611083	0	729	chunk-verified	fetch=692ms
133421	1789237611108	0	732	chunk-verified	fetch=684ms
133442	1789237611129	0	735	chunk-verified	fetch=676ms
133492	1789237611180	0	765	succeeded	attempt 1 watch=327ms
133523	1789237611210	2	836	admit-ceiling	LIMIT_EXCEEDED: client unresolved admission ceiling
133534	1789237611221	0	738	chunk-verified	fetch=700ms
133549	1789237611236	0	768	succeeded	attempt 1 watch=249ms
133559	1789237611246	0	741	chunk-verified	fetch=690ms
133578	1789237611265	0	744	chunk-verified	fetch=653ms
133600	1789237611287	0	771	succeeded	attempt 1 watch=259ms
133631	1789237611318	0	774	succeeded	attempt 1 watch=255ms
133646	1789237611334	0	747	chunk-verified	fetch=613ms
133661	1789237611349	0	777	succeeded	attempt 1 watch=265ms
133686	1789237611373	0	780	succeeded	attempt 1 watch=265ms
133697	1789237611384	0	750	chunk-verified	fetch=614ms
133723	1789237611410	0	783	succeeded	attempt 1 watch=280ms
133727	1789237611414	0	753	chunk-verified	fetch=602ms
133736	1789237611423	2	806	admit-refused	authority refusal LIMIT_EXCEEDED: retained input, output or executor capacity
133746	1789237611433	2	701	admit-refused	authority refusal LIMIT_EXCEEDED: retained input, output or executor capacity
133762	1789237611449	0	756	chunk-verified	fetch=601ms
133792	1789237611479	0	786	succeeded	attempt 1 watch=257ms
133796	1789237611483	0	759	chunk-verified	fetch=570ms
133826	1789237611514	2	839	admitted	admit=1025ms
133857	1789237611544	0	789	succeeded	attempt 1 watch=298ms
133892	1789237611579	0	792	succeeded	attempt 1 watch=313ms
133924	1789237611612	0	762	chunk-verified	fetch=589ms
133980	1789237611667	0	795	succeeded	attempt 1 watch=333ms
134063	1789237611750	0	798	succeeded	attempt 1 watch=365ms
134091	1789237611778	2	845	admit-refused	authority refusal LIMIT_EXCEEDED: retained input, output or executor capacity
134103	1789237611790	2	842	admitted	admit=823ms
134124	1789237611811	0	801	succeeded	attempt 1 watch=396ms
134154	1789237611841	0	804	succeeded	attempt 1 watch=391ms
134159	1789237611846	0	765	chunk-verified	fetch=666ms
134205	1789237611892	0	807	succeeded	attempt 1 watch=409ms
134247	1789237611934	0	768	chunk-verified	fetch=697ms
134288	1789237611975	0	810	succeeded	attempt 1 watch=363ms
134297	1789237611984	0	771	chunk-verified	fetch=697ms
134325	1789237612012	2	836	admit-ceiling	LIMIT_EXCEEDED: client unresolved admission ceiling
134327	1789237612014	0	774	chunk-verified	fetch=695ms
134351	1789237612038	0	777	chunk-verified	fetch=689ms
134386	1789237612073	0	783	chunk-verified	fetch=662ms
134410	1789237612097	0	780	chunk-verified	fetch=723ms
134446	1789237612133	0	813	succeeded	attempt 1 watch=287ms
134482	1789237612169	0	786	chunk-verified	fetch=690ms
134512	1789237612199	0	816	succeeded	attempt 1 watch=265ms
134516	1789237612203	0	789	chunk-verified	fetch=658ms
134547	1789237612234	0	792	chunk-verified	fetch=655ms
134566	1789237612253	2	830	admit-refused	authority refusal LIMIT_EXCEEDED: retained input, output or executor capacity
134576	1789237612263	2	848	admit-refused	authority refusal LIMIT_EXCEEDED: retained input, output or executor capacity
134577	1789237612265	0	819	succeeded	attempt 1 watch=280ms
134586	1789237612273	2	845	admit-refused	authority refusal LIMIT_EXCEEDED: retained input, output or executor capacity
134588	1789237612275	2	821	admit-retried	succeeded after 5 refusals
134588	1789237612275	2	821	admitted	admit=6937ms
134614	1789237612301	0	822	succeeded	attempt 1 watch=286ms
134619	1789237612306	0	795	chunk-verified	fetch=639ms
134644	1789237612332	0	825	succeeded	attempt 1 watch=293ms
134650	1789237612337	0	798	chunk-verified	fetch=587ms
134674	1789237612361	0	828	succeeded	attempt 1 watch=288ms
134681	1789237612368	0	801	chunk-verified	fetch=556ms
134708	1789237612395	0	831	succeeded	attempt 1 watch=298ms
134747	1789237612434	0	804	chunk-verified	fetch=593ms
134774	1789237612461	0	834	succeeded	attempt 1 watch=291ms
134778	1789237612465	0	807	chunk-verified	fetch=572ms
134788	1789237612475	2	845	admit-ceiling	LIMIT_EXCEEDED: client unresolved admission ceiling
134829	1789237612516	0	837	succeeded	attempt 1 watch=312ms
134861	1789237612548	0	840	succeeded	attempt 1 watch=313ms
134861	1789237612548	0	810	chunk-verified	fetch=573ms
134880	1789237612567	2	851	admit-refused	authority refusal LIMIT_EXCEEDED: retained input, output or executor capacity
134891	1789237612578	2	683	admit-refused	authority refusal LIMIT_EXCEEDED: retained input, output or executor capacity
134901	1789237612588	2	848	admit-refused	authority refusal LIMIT_EXCEEDED: retained input, output or executor capacity
134911	1789237612598	2	599	admit-refused	authority refusal LIMIT_EXCEEDED: retained input, output or executor capacity
134939	1789237612626	0	843	succeeded	attempt 1 watch=319ms
134988	1789237612676	0	846	succeeded	attempt 1 watch=338ms
135036	1789237612723	0	849	succeeded	attempt 1 watch=355ms
135084	1789237612771	0	852	succeeded	attempt 1 watch=336ms
135090	1789237612777	0	813	chunk-verified	fetch=643ms
135141	1789237612828	0	855	succeeded	attempt 1 watch=363ms
135181	1789237612868	0	816	chunk-verified	fetch=669ms
135205	1789237612892	0	858	succeeded	attempt 1 watch=344ms
135268	1789237612955	0	819	chunk-verified	fetch=690ms
135283	1789237612970	0	822	chunk-verified	fetch=669ms
135303	1789237612990	0	825	chunk-verified	fetch=658ms
135337	1789237613024	0	828	chunk-verified	fetch=662ms
135369	1789237613056	0	831	chunk-verified	fetch=661ms
135394	1789237613081	0	861	succeeded	attempt 1 watch=304ms
135430	1789237613118	0	834	chunk-verified	fetch=656ms
135451	1789237613138	0	864	succeeded	attempt 1 watch=269ms
135455	1789237613142	0	837	chunk-verified	fetch=625ms
135517	1789237613204	2	851	admit-retried	succeeded after 1 refusals
135517	1789237613204	2	851	admitted	admit=928ms
135521	1789237613208	0	867	succeeded	attempt 1 watch=253ms
135531	1789237613218	0	840	chunk-verified	fetch=670ms
135561	1789237613248	0	870	succeeded	attempt 1 watch=277ms
135566	1789237613253	0	843	chunk-verified	fetch=627ms
135590	1789237613277	0	873	succeeded	attempt 1 watch=287ms
135600	1789237613287	0	846	chunk-verified	fetch=611ms
135616	1789237613303	0	876	succeeded	attempt 1 watch=278ms
135632	1789237613319	0	849	chunk-verified	fetch=596ms
135647	1789237613334	0	879	succeeded	attempt 1 watch=278ms
135657	1789237613344	0	852	chunk-verified	fetch=573ms
135713	1789237613400	0	882	succeeded	attempt 1 watch=282ms
135717	1789237613404	0	855	chunk-verified	fetch=576ms
135746	1789237613433	2	854	admit-refused	authority refusal LIMIT_EXCEEDED: retained input, output or executor capacity
135756	1789237613443	2	737	admit-refused	authority refusal LIMIT_EXCEEDED: retained input, output or executor capacity
135763	1789237613451	2	848	admit-retried	succeeded after 2 refusals
135763	1789237613451	2	848	admitted	admit=1660ms
135779	1789237613466	0	885	succeeded	attempt 1 watch=323ms
135822	1789237613509	0	858	chunk-verified	fetch=616ms
135837	1789237613524	0	888	succeeded	attempt 1 watch=305ms
135893	1789237613580	0	891	succeeded	attempt 1 watch=326ms
135927	1789237613614	2	836	admit-ceiling	LIMIT_EXCEEDED: client unresolved admission ceiling
135947	1789237613634	0	894	succeeded	attempt 1 watch=346ms
135984	1789237613671	2	845	admit-retried	succeeded after 3 refusals
135984	1789237613671	2	845	admitted	admit=2157ms
136015	1789237613702	0	897	succeeded	attempt 1 watch=382ms
136062	1789237613749	2	644	admit-ceiling	LIMIT_EXCEEDED: client unresolved admission ceiling
136065	1789237613752	0	900	succeeded	attempt 1 watch=407ms
136069	1789237613756	2	857	admit-refused	authority refusal LIMIT_EXCEEDED: retained input, output or executor capacity
136085	1789237613772	2	854	admit-refused	authority refusal LIMIT_EXCEEDED: retained input, output or executor capacity
136100	1789237613787	2	602	admit-refused	authority refusal LIMIT_EXCEEDED: retained input, output or executor capacity
136101	1789237613788	0	861	chunk-verified	fetch=707ms
136115	1789237613802	2	860	admit-refused	authority refusal LIMIT_EXCEEDED: retained input, output or executor capacity
136127	1789237613815	0	903	succeeded	attempt 1 watch=410ms
136167	1789237613854	0	864	chunk-verified	fetch=716ms
136185	1789237613872	2	830	admit-refused	authority refusal LIMIT_EXCEEDED: retained input, output or executor capacity
136188	1789237613875	0	906	succeeded	attempt 1 watch=365ms
136192	1789237613879	0	867	chunk-verified	fetch=670ms
136200	1789237613888	2	857	admit-refused	authority refusal LIMIT_EXCEEDED: retained input, output or executor capacity
136255	1789237613942	0	870	chunk-verified	fetch=694ms
136291	1789237613978	0	873	chunk-verified	fetch=700ms
136317	1789237614004	0	876	chunk-verified	fetch=701ms
136352	1789237614039	0	879	chunk-verified	fetch=704ms
136381	1789237614068	0	909	succeeded	attempt 1 watch=279ms
136387	1789237614074	0	882	chunk-verified	fetch=673ms
136449	1789237614136	0	912	succeeded	attempt 1 watch=282ms
136453	1789237614141	0	885	chunk-verified	fetch=674ms
136496	1789237614183	2	5	admit-ceiling	LIMIT_EXCEEDED: client unresolved admission ceiling
136496	1789237614183	0	915	succeeded	attempt 1 watch=304ms
136530	1789237614217	0	918	succeeded	attempt 1 watch=274ms
136534	1789237614222	0	888	chunk-verified	fetch=697ms
136554	1789237614241	0	891	chunk-verified	fetch=661ms
136564	1789237614252	0	921	succeeded	attempt 1 watch=273ms
136570	1789237614257	0	894	chunk-verified	fetch=623ms
136595	1789237614282	0	924	succeeded	attempt 1 watch=277ms
136600	1789237614287	0	897	chunk-verified	fetch=585ms
136617	1789237614304	2	473	admit-ceiling	LIMIT_EXCEEDED: client unresolved admission ceiling
136624	1789237614312	0	927	succeeded	attempt 1 watch=272ms
136634	1789237614321	0	900	chunk-verified	fetch=569ms
136674	1789237614361	0	930	succeeded	attempt 1 watch=287ms
136710	1789237614397	0	903	chunk-verified	fetch=582ms
136735	1789237614422	0	933	succeeded	attempt 1 watch=281ms
136777	1789237614464	0	906	chunk-verified	fetch=589ms
136819	1789237614506	0	936	succeeded	attempt 1 watch=284ms
136842	1789237614529	2	860	admit-refused	authority refusal LIMIT_EXCEEDED: retained input, output or executor capacity
136855	1789237614542	0	939	succeeded	attempt 1 watch=300ms
136860	1789237614547	2	776	admit-retried	succeeded after 8 refusals
136860	1789237614547	2	776	admitted	admit=17838ms
136925	1789237614612	0	942	succeeded	attempt 1 watch=354ms
136950	1789237614637	2	854	admit-refused	authority refusal LIMIT_EXCEEDED: retained input, output or executor capacity
136963	1789237614650	0	945	succeeded	attempt 1 watch=363ms
137009	1789237614696	0	948	succeeded	attempt 1 watch=374ms
137046	1789237614733	0	909	chunk-verified	fetch=664ms
137073	1789237614760	0	951	succeeded	attempt 1 watch=362ms
137077	1789237614764	0	912	chunk-verified	fetch=627ms
137143	1789237614830	0	954	succeeded	attempt 1 watch=366ms
137148	1789237614835	0	915	chunk-verified	fetch=651ms
137183	1789237614870	0	918	chunk-verified	fetch=653ms
137217	1789237614904	2	860	admit-refused	authority refusal LIMIT_EXCEEDED: retained input, output or executor capacity
137248	1789237614935	0	921	chunk-verified	fetch=683ms
137248	1789237614935	2	857	admit-retried	succeeded after 2 refusals
137248	1789237614935	2	857	admitted	admit=1484ms
137280	1789237614967	0	924	chunk-verified	fetch=685ms
137314	1789237615001	0	927	chunk-verified	fetch=689ms
137342	1789237615029	0	957	succeeded	attempt 1 watch=295ms
137346	1789237615033	0	930	chunk-verified	fetch=671ms
137383	1789237615070	0	960	succeeded	attempt 1 watch=305ms
137417	1789237615104	0	933	chunk-verified	fetch=682ms
137442	1789237615129	0	963	succeeded	attempt 1 watch=294ms
137477	1789237615164	0	966	succeeded	attempt 1 watch=293ms
137482	1789237615169	0	936	chunk-verified	fetch=663ms
137506	1789237615193	0	969	succeeded	attempt 1 watch=257ms
137523	1789237615210	0	939	chunk-verified	fetch=667ms
137549	1789237615236	0	972	succeeded	attempt 1 watch=268ms
137553	1789237615241	0	945	chunk-verified	fetch=590ms
137553	1789237615241	2	863	admitted	admit=692ms
137583	1789237615270	0	975	succeeded	attempt 1 watch=268ms
137589	1789237615276	0	948	chunk-verified	fetch=579ms
137618	1789237615306	2	860	admit-ceiling	LIMIT_EXCEEDED: client unresolved admission ceiling
137624	1789237615311	0	942	chunk-verified	fetch=699ms
137643	1789237615330	2	854	admit-refused	authority refusal LIMIT_EXCEEDED: retained input, output or executor capacity
137644	1789237615331	0	978	succeeded	attempt 1 watch=298ms
137670	1789237615357	2	401	admit-refused	authority refusal LIMIT_EXCEEDED: retained input, output or executor capacity
137677	1789237615364	0	951	chunk-verified	fetch=604ms
137684	1789237615371	2	869	admit-refused	authority refusal LIMIT_EXCEEDED: retained input, output or executor capacity
137706	1789237615394	0	981	succeeded	attempt 1 watch=289ms
137711	1789237615398	0	954	chunk-verified	fetch=567ms
137788	1789237615475	2	866	admit-refused	authority refusal LIMIT_EXCEEDED: retained input, output or executor capacity
137790	1789237615477	0	984	succeeded	attempt 1 watch=307ms
137844	1789237615531	0	987	succeeded	attempt 1 watch=321ms
137906	1789237615593	0	990	succeeded	attempt 1 watch=352ms
137951	1789237615638	0	993	succeeded	attempt 1 watch=361ms
137981	1789237615668	0	996	succeeded	attempt 1 watch=357ms
137987	1789237615674	0	957	chunk-verified	fetch=645ms
138039	1789237615726	0	999	succeeded	attempt 1 watch=362ms
138053	1789237615740	0	960	chunk-verified	fetch=670ms
138090	1789237615777	0	1002	succeeded	attempt 1 watch=379ms
138130	1789237615817	0	963	chunk-verified	fetch=687ms
138164	1789237615851	0	969	chunk-verified	fetch=658ms
138180	1789237615867	0	966	chunk-verified	fetch=702ms
138199	1789237615886	0	972	chunk-verified	fetch=650ms
138234	1789237615921	0	975	chunk-verified	fetch=650ms
138270	1789237615957	0	1005	succeeded	attempt 1 watch=283ms
138320	1789237616007	0	978	chunk-verified	fetch=675ms
138325	1789237616012	2	869	admit-retried	succeeded after 1 refusals
138325	1789237616012	2	869	admitted	admit=771ms
138355	1789237616042	0	1008	succeeded	attempt 1 watch=301ms
138388	1789237616075	2	866	admit-refused	authority refusal LIMIT_EXCEEDED: retained input, output or executor capacity
138395	1789237616082	0	981	chunk-verified	fetch=688ms
138410	1789237616097	0	1011	succeeded	attempt 1 watch=279ms
138419	1789237616107	0	984	chunk-verified	fetch=629ms
138433	1789237616120	2	872	admit-refused	authority refusal LIMIT_EXCEEDED: retained input, output or executor capacity
138434	1789237616121	0	1014	succeeded	attempt 1 watch=269ms
138449	1789237616136	0	987	chunk-verified	fetch=605ms
138469	1789237616156	0	1017	succeeded	attempt 1 watch=289ms
138473	1789237616160	2	860	admit-refused	authority refusal LIMIT_EXCEEDED: retained input, output or executor capacity
138496	1789237616183	0	1020	succeeded	attempt 1 watch=297ms
138512	1789237616199	0	990	chunk-verified	fetch=606ms
138528	1789237616215	0	1023	succeeded	attempt 1 watch=293ms
138538	1789237616225	0	993	chunk-verified	fetch=586ms
138567	1789237616254	0	996	chunk-verified	fetch=586ms
138602	1789237616289	0	999	chunk-verified	fetch=563ms
138623	1789237616310	0	1002	chunk-verified	fetch=532ms
138715	1789237616402	0	1017	admit-refused	stalled read ordinal 1017
138716	1789237616403	0	1020	admit-refused	stalled read ordinal 1020
138716	1789237616403	0	1023	admit-refused	stalled read ordinal 1023
138748	1789237616435	2	701	admit-ceiling	LIMIT_EXCEEDED: client unresolved admission ceiling
138752	1789237616439	0	1005	chunk-verified	fetch=481ms
138766	1789237616453	0	1008	chunk-verified	fetch=411ms
138785	1789237616472	0	1011	chunk-verified	fetch=375ms
138801	1789237616488	0	1014	chunk-verified	fetch=367ms
138859	1789237616546	0	1017	chunk-verified	fetch=389ms
138878	1789237616565	0	1020	chunk-verified	fetch=381ms
138911	1789237616598	0	1023	chunk-verified	fetch=382ms
138927	1789237616614	2	854	admit-retried	succeeded after 4 refusals
138927	1789237616614	2	854	admitted	admit=3409ms
139039	1789237616726	2	875	admit-refused	authority refusal LIMIT_EXCEEDED: retained input, output or executor capacity
139051	1789237616738	2	866	admit-refused	authority refusal LIMIT_EXCEEDED: retained input, output or executor capacity
139052	1789237616739	0	-1	scope-pages	2 pages
139058	1789237616745	2	872	admit-retried	succeeded after 1 refusals
139058	1789237616745	2	872	admitted	admit=732ms
139092	1789237616779	2	806	admit-refused	authority refusal LIMIT_EXCEEDED: retained input, output or executor capacity
139102	1789237616789	2	878	admit-refused	authority refusal LIMIT_EXCEEDED: retained input, output or executor capacity
139128	1789237616815	0	-1	checkpoint	declared 342
139179	1789237616866	2	836	admit-refused	authority refusal LIMIT_EXCEEDED: retained input, output or executor capacity
139190	1789237616877	2	875	admit-refused	authority refusal LIMIT_EXCEEDED: retained input, output or executor capacity
139192	1789237616879	0	-1	complete	declared 342
139192	1789237616879	0	-1	commits	342 chunks
139234	1789237616921	2	878	admit-refused	authority refusal LIMIT_EXCEEDED: retained input, output or executor capacity
139273	1789237616960	0	-1	session-close	
