t_ms	pid	comm	threads	rss_kb	hwm_kb	vsz_kb	fds	utime	stime	rchar	wchar	read_bytes	write_bytes
2	3507149	workload-author	49	11528	11528	3259628	19	3	1	5286840	234	0	139264
2	3507234	workload-author	49	11664	11664	3259628	19	2	0	4102689	202	0	139264
2	3507325	java	20	108244	110516	105912500	7	5	1	523235	102	0	36864
132	3507149	workload-author	49	11532	11532	3259628	19	4	1	6962028	290	0	139264
132	3507234	workload-author	49	11688	11688	3259628	19	3	1	5757225	258	0	139264
132	3507325	java	25	239384	239532	206783992	10	33	5	5974288	6912750	0	6950912
463	3507149	workload-author	49	11532	11532	3259628	19	6	1	11121068	418	0	139264
463	3507234	workload-author	49	11692	11692	3259628	19	6	1	10015257	386	0	139264
463	3507325	java	31	320156	320156	207185660	18	96	8	11548282	8090383	0	8265728
463	3507596	workload-coordi	36	9400	9400	2378364	12	2	1	10141	67109080	0	67121152
803	3507149	workload-author	50	14012	14012	3327228	24	10	2	18696689	1405586	0	1564672
803	3507234	workload-author	50	14048	14048	3327228	21	10	1	18438750	1405538	0	1564672
803	3507325	java	43	436800	436800	308651300	19	161	14	13604134	8605447	0	8785920
803	3507596	workload-coordi	36	11672	11672	2387304	22	3	2	943979	67826999	0	68919296
1145	3507149	workload-author	50	18140	18140	3327228	37	14	4	43034587	2082867	0	2314240
1145	3507234	workload-author	50	19952	19952	3327228	36	15	2	40891490	2169695	0	2404352
1145	3507325	java	43	397788	509400	174566692	21	203	18	17420865	9553079	0	9736192
1145	3507596	workload-coordi	40	12396	12396	2657672	38	6	3	6523063	68327498	0	73564160
1490	3507149	workload-author	50	21432	21432	3327228	39	17	6	71822010	2533096	0	2846720
1490	3507234	workload-author	50	23348	23348	3327228	38	18	4	70995472	2736203	0	3072000
1490	3507325	java	46	431836	509400	174633252	26	224	19	20513452	9907372	0	10100736
1490	3507596	workload-coordi	40	12788	12788	2657704	44	8	5	11247051	69038427	0	77094912
1834	3507149	workload-author	50	23168	23176	3327228	37	19	8	98094268	2781157	0	3166208
1834	3507234	workload-author	50	23432	23432	3327228	40	21	5	98019058	3161720	0	3575808
1834	3507325	java	44	330752	509400	73969956	26	238	21	25871972	10117433	0	10321920
1834	3507596	workload-coordi	40	13008	13008	2657704	26	11	7	18107559	69572031	0	83230720
2176	3507149	workload-author	50	23456	23456	3327228	36	22	9	127476601	3112242	0	3567616
2176	3507234	workload-author	50	23500	23500	3327228	38	25	7	134943022	3483461	0	3985408
2176	3507325	java	47	390696	509400	141146404	27	255	22	31232512	10327953	0	10543104
2176	3507596	workload-coordi	40	13076	13076	2657672	20	13	8	25021799	69772156	0	88223744
2520	3507149	workload-author	50	25300	25300	3327228	40	26	10	158325167	3736017	0	4296704
2520	3507234	workload-author	50	23656	23656	3327228	37	27	8	166076838	3880482	0	4460544
2520	3507325	java	48	365096	509400	107659556	26	264	23	35810443	10657673	0	10887168
2520	3507596	workload-coordi	40	13076	13076	2657640	19	16	8	30911147	70094095	0	92422144
2862	3507149	workload-author	50	24016	24016	3327228	37	29	11	187580737	4285141	0	4943872
2862	3507234	workload-author	50	22384	22384	3327228	38	30	10	198270361	4368352	0	5042176
2862	3507325	java	47	334324	509400	74105124	24	271	23	41371185	10810352	0	11046912
2862	3507596	workload-coordi	40	13116	13116	2657672	19	17	9	33615259	70318778	0	94445568
3202	3507149	workload-author	50	24244	24244	3327228	34	32	12	213011498	4723383	0	5447680
3202	3507234	workload-author	50	23916	23916	3327228	36	33	11	226776012	4765210	0	5513216
3202	3507325	java	47	336736	509400	74105124	25	275	24	44735467	10963015	0	11210752
3202	3507596	workload-coordi	40	13148	13148	2657704	36	19	10	38320659	70516103	0	97705984
3543	3507149	workload-author	50	25008	25008	3327228	36	37	13	249679377	5478837	0	6307840
3543	3507234	workload-author	50	24620	24620	3327228	37	37	12	258242491	5186949	0	6008832
3543	3507325	java	49	337488	509400	74171684	24	281	24	49343515	11115534	0	11370496
3543	3507596	workload-coordi	40	13184	13152	2657640	20	21	12	43761823	70846033	0	101588992
3887	3507149	workload-author	50	24184	24484	3327228	38	41	15	282751902	6007814	0	6930432
3887	3507234	workload-author	50	24744	24744	3327228	36	40	13	285398917	5446849	0	6324224
3887	3507325	java	49	335084	509400	74171684	26	291	24	55239175	11127942	0	11382784
3887	3507596	workload-coordi	40	13184	13184	2657672	22	22	13	46001195	71033615	0	103198720
4225	3507149	workload-author	50	25848	25848	3327228	40	45	16	316446943	6388313	0	7389184
4225	3507234	workload-author	50	24968	24968	3327228	40	43	14	309394337	5794171	0	6762496
4225	3507325	java	49	338484	509400	74171684	27	308	25	59909939	11523334	0	11800576
4225	3507596	workload-coordi	40	13140	13140	2657608	13	23	15	48553067	71196479	0	104964096
4566	3507149	workload-author	50	24268	24484	3327228	38	48	17	350294936	6620165	0	7684096
4566	3507234	workload-author	50	25244	25244	3327228	36	46	15	337423084	6297689	0	7344128
4566	3507325	java	49	339624	509400	74306852	27	318	26	65988375	11655927	0	11939840
4566	3507596	workload-coordi	40	13172	13172	2657640	17	23	16	50488303	71387320	0	106364928
4907	3507149	workload-author	50	24400	24804	3327228	40	52	19	392032041	8877563	0	10031104
4907	3507234	workload-author	50	25288	25408	3327228	39	50	17	381756748	8522613	0	9670656
4907	3507325	java	49	339936	509400	74306852	23	322	27	71849425	11829062	0	12120064
4907	3507596	workload-coordi	40	13216	13216	2657672	20	25	17	55087379	71642686	0	109682688
5249	3507149	workload-author	50	24460	24804	3327228	36	55	21	438645842	9492783	0	10756096
5249	3507234	workload-author	50	25356	25408	3327228	37	55	18	424206359	9112876	0	10350592
5249	3507325	java	49	341744	509400	74306852	26	329	27	77702325	12039108	0	12341248
5249	3507596	workload-coordi	40	13200	13200	2657640	18	27	18	59858487	71861103	0	113008640
5591	3507149	workload-author	50	26012	26012	3327228	38	59	22	481637496	9782123	0	11124736
5591	3507234	workload-author	50	27112	27112	3327228	36	61	20	480612543	9791829	0	11153408
5591	3507325	java	49	351392	509400	74306852	28	343	28	85167627	12183684	0	12496896
5591	3507596	workload-coordi	40	13168	13168	2657608	13	28	19	61587719	71982353	0	114077696
5931	3507149	workload-author	50	24496	24924	3327228	35	63	23	524550186	10212232	0	11636736
5931	3507234	workload-author	50	27132	25668	3327228	37	65	22	527809078	10258364	0	11722752
5931	3507325	java	49	355552	509400	74306852	28	356	29	90672412	12402341	0	12730368
5931	3507596	workload-coordi	40	13212	13212	2657640	17	29	19	63440519	72152503	0	115388416
6270	3507149	workload-author	50	26228	26228	3327228	35	67	25	572182371	10778687	0	12312576
6270	3507234	workload-author	50	25648	25668	3327228	37	68	22	547970036	10473420	0	11997184
6270	3507325	java	49	359008	509400	74306852	24	368	29	96804364	12554966	0	12886016
6270	3507596	workload-coordi	40	13224	13224	2657640	19	30	20	65202863	72404760	0	116703232
6609	3507149	workload-author	50	26228	26228	3327228	37	72	26	619757865	11414991	0	13062144
6609	3507234	workload-author	50	25736	25800	3327228	37	72	24	597145099	11081080	0	12718080
6609	3507325	java	49	361728	509400	74306852	24	376	30	103823050	12830747	0	13176832
6609	3507596	workload-coordi	40	13236	13236	2657640	17	31	20	67799103	72580133	0	118398976
6949	3507149	workload-author	50	26344	26344	3327228	38	75	27	638835526	11679869	0	13402112
6949	3507234	workload-author	50	25704	25800	3327228	38	75	25	620920132	11432207	0	13139968
6949	3507325	java	49	347768	509400	74306852	25	386	30	110832864	12973580	0	13328384
6949	3507596	workload-coordi	40	13204	13204	2657608	13	32	21	69470819	72688903	0	119414784
7290	3507149	workload-author	50	26316	26316	3327228	39	79	28	687140010	12151064	0	13979648
7290	3507234	workload-author	50	27408	27408	3327228	41	78	27	651068098	11796228	0	13578240
7290	3507325	java	49	351700	509400	74306852	25	398	31	118486861	13257582	0	13623296
7290	3507596	workload-coordi	40	13216	13216	2657608	13	33	21	71512379	72773420	0	120643584
7631	3507149	workload-author	50	26388	26388	3327228	36	82	30	728548642	12490493	0	14397440
7631	3507234	workload-author	50	27608	26240	3327228	41	82	28	695475411	12275407	0	14155776
7631	3507325	java	49	357084	509400	74306852	21	408	31	125065018	13482628	0	13860864
7631	3507596	workload-coordi	40	13248	13248	2657640	17	34	21	73237687	72919362	0	121806848
7974	3507149	workload-author	50	24864	24924	3327228	35	87	31	774687771	13114965	0	15130624
7974	3507234	workload-author	50	27624	27624	3327228	41	86	29	738018732	12734697	0	14704640
7974	3507325	java	48	357568	509400	74306852	25	413	32	133263254	13651627	0	14036992
7974	3507596	workload-coordi	40	13252	13252	2657640	17	36	22	76590515	73099630	0	124059648
8316	3507149	workload-author	50	26632	26632	3327228	36	91	33	822430594	13615156	0	15728640
8316	3507234	workload-author	50	25956	26728	3327228	37	90	32	786085385	13321987	0	15405056
8316	3507325	java	48	357612	509400	74306852	24	419	32	143956949	13751044	0	14147584
8316	3507596	workload-coordi	40	13220	13220	2657608	13	37	22	80888347	73162033	0	126701568
8659	3507149	workload-author	50	26840	26828	3327228	36	95	35	865914394	14074656	0	16289792
8659	3507234	workload-author	50	27708	27708	3327228	40	94	34	831196315	13814146	0	16003072
8659	3507325	java	48	344980	509400	74306852	26	425	33	150267909	14027220	0	14438400
8659	3507596	workload-coordi	40	13220	13220	2657608	13	39	23	83192911	73328922	0	128221184
9000	3507149	workload-author	50	26664	25740	3327228	36	99	37	914018348	14488238	0	16797696
9000	3507234	workload-author	50	27752	27752	3327228	39	97	36	877763921	14376244	0	16662528
9000	3507325	java	48	345224	509400	74306852	24	434	33	161071283	14204549	0	14618624
9000	3507596	workload-coordi	40	13220	13220	2657608	13	40	23	84963103	73421470	0	129261568
9345	3507149	workload-author	50	25280	25740	3327228	38	102	38	947538616	14901857	0	17309696
9345	3507234	workload-author	50	27816	27816	3327228	40	101	38	926380190	14699169	0	17080320
9345	3507325	java	48	346052	509400	74306852	23	441	34	172112956	14406171	0	14827520
9345	3507596	workload-coordi	40	13220	13220	2657608	13	40	24	86010507	73455224	0	129867776
9686	3507149	workload-author	50	25300	26908	3327228	39	106	39	975611730	15219186	0	17707008
9686	3507234	workload-author	50	26288	26944	3327228	39	105	40	974237608	15120790	0	17596416
9686	3507325	java	48	344112	509400	74306852	24	451	34	182203795	14509034	0	14934016
9686	3507596	workload-coordi	40	13252	13252	2657640	16	40	24	87091195	73563214	0	130666496
10029	3507149	workload-author	50	27324	27324	3327228	39	111	41	1028366105	15727768	0	18317312
10029	3507234	workload-author	50	28092	28092	3327228	36	109	41	1016697649	15612371	0	18169856
10029	3507325	java	48	343376	509400	74306852	25	459	35	191628855	14732100	0	15171584
10029	3507596	workload-coordi	40	13252	13252	2657640	18	41	24	89190615	73820276	0	132243456
10370	3507149	workload-author	50	26668	25740	3327228	37	115	43	1076781810	16174671	0	18857984
10370	3507234	workload-author	50	27832	27832	3327228	40	113	44	1067777566	16245044	0	18919424
10370	3507325	java	48	344776	509400	74306852	24	465	36	202295585	14843477	0	15286272
10370	3507596	workload-coordi	40	13220	13220	2657608	13	43	25	91634615	73921330	0	133689344
10713	3507149	workload-author	50	24968	25740	3327228	36	119	45	1125458491	16596324	0	19365888
10713	3507234	workload-author	50	26096	26944	3327228	42	116	44	1088244874	16505470	0	19263488
10713	3507325	java	50	425556	509400	141415716	25	484	38	210139573	14995812	0	15441920
10713	3507596	workload-coordi	40	13264	13264	2657640	17	43	25	93175603	74079192	0	134860800
11054	3507149	workload-author	49	26148	26148	3327216	37	122	46	1172361149	17079986	0	19947520
11054	3507234	workload-author	49	24596	26944	3327216	41	119	45	1117001518	16687074	0	19509248
11054	3507325	java	48	353544	509400	74306852	27	490	39	219820193	15148178	0	15605760
11054	3507596	workload-coordi	40	13276	13276	2657640	18	44	26	94371323	74121474	0	135651328
11395	3507149	workload-author	49	26096	26096	3327216	36	127	48	1223925325	17493084	0	20451328
11395	3507234	workload-author	49	25600	26944	3327216	37	122	46	1145565478	16856558	0	19722240
11395	3507325	java	48	352644	509400	74306852	26	501	39	231498097	17054253	0	17526784
11395	3507596	workload-coordi	40	13308	13340	2657672	22	44	26	95554411	74201284	0	136425472
11738	3507149	workload-author	49	24508	25740	3327216	36	132	49	1273156193	18068408	0	21127168
11738	3507234	workload-author	49	27360	27360	3327216	41	126	48	1191120204	17282524	0	20238336
11738	3507325	java	48	355804	509400	74306852	23	508	40	239232568	17161326	0	17633280
11738	3507596	workload-coordi	40	13244	13244	2657608	14	45	27	97279203	74314394	0	137433088
12081	3507149	workload-author	49	26320	26320	3327216	36	136	51	1321851207	19018747	0	22171648
12081	3507234	workload-author	49	27044	27044	3327216	38	130	49	1241605626	18281518	0	21331968
12081	3507325	java	48	382520	509400	74306852	25	533	41	247923673	17317885	0	17801216
12081	3507596	workload-coordi	40	13252	13252	2657608	13	46	27	98494887	74414429	0	138186752
12421	3507149	workload-author	49	24556	25784	3327216	36	139	52	1354519654	19382161	0	22609920
12421	3507234	workload-author	49	27052	27052	3327216	37	133	51	1282063011	18571015	0	21704704
12421	3507325	java	49	382364	509400	74306852	29	544	41	255933580	17647837	0	18149376
12421	3507596	workload-coordi	40	13296	13296	2657640	16	46	27	99538195	74485409	0	138854400
12763	3507149	workload-author	49	26124	26124	3327216	35	142	53	1374598751	19493553	0	22773760
12763	3507234	workload-author	49	26796	26944	3327216	40	137	52	1334855671	18963740	0	22188032
12763	3507325	java	49	350836	509400	74306852	26	549	42	261847985	17800446	0	18305024
12763	3507596	workload-coordi	40	13272	13272	2657608	13	47	27	100663595	74638798	0	139640832
13105	3507149	workload-author	49	26460	26460	3327216	37	146	56	1427293914	20039376	0	23416832
13105	3507234	workload-author	49	26812	26944	3327216	40	142	54	1385857040	19518156	0	22839296
13105	3507325	java	49	351528	509400	74306852	23	556	42	269959971	17965357	0	18477056
13105	3507596	workload-coordi	40	13304	13304	2657640	17	48	28	104583563	74823808	0	142262272
13445	3507149	workload-author	49	24772	26076	3327216	39	149	57	1461501733	20353406	0	23805952
13445	3507234	workload-author	49	26824	26944	3327216	38	146	56	1437652221	19989578	0	23404544
13445	3507325	java	49	351604	509400	74306852	26	566	43	279994094	17978110	0	18493440
13445	3507596	workload-coordi	40	13344	13344	2657640	17	49	29	109131595	74952028	0	145051648
13790	3507149	workload-author	49	24612	26164	3327216	38	152	57	1485839869	20526791	0	24035328
13790	3507234	workload-author	49	26812	26944	3327216	39	150	58	1493464305	20448456	0	23961600
13790	3507325	java	48	367452	509400	74306852	26	585	43	289213189	18130713	0	18649088
13790	3507596	workload-coordi	40	13312	13312	2657608	13	50	29	110277475	75011111	0	145723392
14132	3507149	workload-author	49	24440	26180	3327216	36	157	59	1535871212	20936338	0	24547328
14132	3507234	workload-author	49	26820	26944	3327216	37	153	60	1545325517	20857861	0	24457216
14132	3507325	java	48	367492	509400	74306852	21	589	44	297170552	18361407	0	18890752
14132	3507596	workload-coordi	40	13344	13344	2657640	17	51	30	112179083	75111685	0	146853888
14474	3507149	workload-author	49	24644	26240	3327216	37	162	61	1596408447	21498377	0	25219072
14474	3507234	workload-author	49	25276	26944	3327216	38	158	61	1601242541	21279838	0	24977408
14474	3507325	java	48	352456	509400	74306852	26	597	45	306098137	18576167	0	19124224
14474	3507596	workload-coordi	40	13344	13376	2657640	19	51	31	113411495	75183064	0	147656704
14816	3507149	workload-author	49	26588	26588	3327216	40	165	64	1657550713	21977759	0	25800704
14816	3507234	workload-author	49	24992	26944	3327216	37	162	62	1656093723	21660591	0	25452544
14816	3507325	java	48	353040	509400	74306852	24	610	45	316885390	18880863	0	19439616
14816	3507596	workload-coordi	40	13312	13312	2657608	13	52	31	115062559	75246548	0	148590592
15157	3507149	workload-author	49	23944	26380	3327216	37	170	65	1710721546	22523854	0	26435584
15157	3507234	workload-author	49	25104	26944	3327216	40	167	63	1699386464	22122885	0	26021888
15157	3507325	java	48	352908	509400	74306852	24	619	46	327231838	18971551	0	19533824
15157	3507596	workload-coordi	40	13312	13312	2657608	13	53	32	117260627	75487057	0	150204416
15497	3507149	workload-author	49	23952	26380	3327216	37	174	67	1765269525	22958092	0	26959872
15497	3507234	workload-author	49	27552	27552	3327216	36	171	65	1737048131	22465722	0	26443776
15497	3507325	java	48	353020	509400	74306852	23	627	46	336359185	19301513	0	19881984
15497	3507596	workload-coordi	40	13352	13352	2657640	18	54	32	119923607	75605230	0	152064000
15839	3507149	workload-author	49	25876	26380	3327216	40	178	68	1801339542	23284525	0	27365376
15839	3507234	workload-author	49	24944	26944	3327216	36	176	67	1794606714	22982713	0	27062272
15839	3507325	java	48	353060	509400	74306852	22	630	46	342430314	19408881	0	19992576
15839	3507596	workload-coordi	40	13384	13384	2657672	19	55	33	121874883	75739173	0	153346048
16180	3507149	workload-author	49	24620	26380	3327216	38	184	69	1858047679	23825715	0	28004352
16180	3507234	workload-author	49	24572	26944	3327216	36	180	69	1839862478	23424836	0	27586560
16180	3507325	java	48	353504	509400	74306852	26	641	46	352890496	19629510	0	20221952
16180	3507596	workload-coordi	40	13320	13320	2657608	13	56	34	123660943	75880802	0	154345472
16523	3507149	workload-author	49	26180	26380	3327216	40	187	71	1904323629	24082361	0	28344320
16523	3507234	workload-author	49	24988	26944	3327216	38	185	70	1902024910	23941391	0	28217344
16523	3507325	java	48	353568	509400	74306852	26	648	47	363603534	19788215	0	20398080
16523	3507596	workload-coordi	40	13352	13352	2657640	16	56	34	124646907	75964368	0	155021312
16866	3507149	workload-author	49	25160	26380	3327216	35	191	74	1956417873	24491595	0	28839936
16866	3507234	workload-author	49	24612	26944	3327216	37	190	72	1948491054	24425579	0	28803072
16866	3507325	java	48	353444	509400	74306852	25	655	48	376671376	19969353	0	20578304
16866	3507596	workload-coordi	40	13344	13344	2657608	13	57	36	127082715	76123593	0	156553216
17209	3507149	workload-author	49	26724	26724	3327216	38	195	75	2002062380	24908906	0	29343744
17209	3507234	workload-author	49	26032	26944	3327216	40	196	74	2011350418	24950666	0	29437952
17209	3507325	java	48	355084	509400	74306852	23	658	48	388058302	20060009	0	20668416
17209	3507596	workload-coordi	40	13376	13376	2657640	17	58	36	129165235	76167030	0	157736960
17549	3507149	workload-author	49	26736	26736	3327216	38	200	77	2062047707	25467458	0	30011392
17549	3507234	workload-author	49	24788	26944	3327216	35	201	76	2066699285	25372549	0	29945856
17549	3507325	java	48	353544	509400	74306852	26	665	49	398098237	20413997	0	21041152
17549	3507596	workload-coordi	40	13376	13376	2657640	18	59	37	131489763	76293450	0	159092736
17890	3507149	workload-author	49	27092	27092	3327216	38	204	80	2119649705	25943861	0	30588928
17890	3507234	workload-author	49	25212	26944	3327216	37	206	78	2131367047	25914357	0	30609408
17890	3507325	java	48	355168	509400	74306852	25	670	49	410552523	20451093	0	21078016
17890	3507596	workload-coordi	40	13344	13376	2657608	13	59	38	133786479	76329030	0	160485376
18230	3507149	workload-author	49	26756	26380	3327216	39	208	82	2176545917	26505387	0	31252480
18230	3507234	workload-author	49	25376	26944	3327216	39	212	80	2185609665	26530162	0	31326208
18230	3507325	java	45	353568	509400	74306852	24	677	50	426392086	20537613	0	21164032
18230	3507596	workload-coordi	40	13344	13408	2657608	13	61	39	137965355	76505765	0	163250176
18571	3507149	workload-author	49	26760	26932	3327216	38	213	84	2230483415	26910897	0	31744000
18571	3507234	workload-author	49	26704	26944	3327216	36	218	82	2245850128	27134248	0	32038912
18571	3507325	java	45	353668	509400	74306852	29	685	50	440552406	20649679	0	21291008
18571	3507596	workload-coordi	40	13380	13348	2657640	18	61	40	140656491	76616237	0	164974592
18916	3507149	workload-author	49	25352	26932	3327216	39	217	86	2283686096	27345204	0	32272384
18916	3507234	workload-author	49	25332	26944	3327216	32	222	84	2308510392	28206750	0	33210368
18916	3507325	java	45	353740	509400	74306852	25	691	50	448919235	20888328	0	21532672
18916	3507596	workload-coordi	40	13348	13348	2657608	14	62	41	142048647	76782253	0	165879808
19257	3507149	workload-author	49	25180	26932	3327216	40	221	88	2344405389	28335517	0	33345536
19257	3507234	workload-author	49	25340	26944	3327216	36	226	85	2340047097	28529694	0	33595392
19257	3507325	java	47	415420	509400	141415716	26	702	51	458256145	21032912	0	21688320
19257	3507596	workload-coordi	40	13380	13380	2657640	17	63	41	143662847	76878541	0	166871040
19600	3507149	workload-author	49	24772	26932	3327216	37	225	89	2383365781	28657811	0	33755136
19600	3507234	workload-author	49	25520	26944	3327216	39	229	86	2380791238	28711774	0	33837056
19600	3507325	java	46	388352	509400	107861284	27	708	52	469521711	21251561	0	21917696
19600	3507596	workload-coordi	40	13380	13380	2657640	17	63	41	144324367	76928745	0	167337984
19942	3507149	workload-author	49	25120	26932	3327216	34	228	90	2417810594	28781804	0	33918976
19942	3507234	workload-author	49	25460	26944	3327216	39	232	87	2416030038	28835767	0	33996800
19942	3507325	java	45	357236	509400	74306852	26	714	53	479186312	21488097	0	22159360
19942	3507596	workload-coordi	40	13348	13348	2657608	13	64	42	145515131	76975352	0	167956480
20283	3507149	workload-author	49	24764	26932	3327216	36	234	91	2466939129	29182956	0	34390016
20283	3507234	workload-author	49	27216	27216	3327216	38	236	88	2459197249	29175287	0	34402304
20283	3507325	java	45	357156	509400	74306852	24	720	53	488555019	21634880	0	22315008
20283	3507596	workload-coordi	40	13348	13348	2657608	13	65	43	147859967	77011603	0	169152512
20623	3507149	workload-author	49	26372	26932	3327216	35	241	93	2558432741	29666850	0	34967552
20623	3507234	workload-author	49	27212	27212	3327216	39	242	91	2581986699	29691509	0	35016704
20623	3507325	java	45	359032	509400	74306852	25	729	54	503250867	21739411	0	22425600
20623	3507596	workload-coordi	40	13348	13348	2657640	14	66	44	150496479	77080640	0	170561536
20968	3507149	workload-author	49	26372	26932	3327216	37	246	96	2666760058	30171589	0	35569664
20968	3507234	workload-author	49	27352	27352	3327216	37	247	93	2678961449	30096609	0	35504128
20968	3507325	java	45	357440	509400	74306852	25	736	54	512610017	22026658	0	22724608
20968	3507596	workload-coordi	40	13384	13384	2657640	14	67	44	152517043	77148557	0	171679744
21310	3507149	workload-author	49	24828	26932	3327216	35	251	98	2772284579	30493880	0	35962880
21310	3507234	workload-author	49	27372	27372	3327216	36	251	95	2838090285	30501646	0	35999744
21310	3507325	java	45	357460	509400	74306852	27	746	55	523663127	22113346	0	22818816
21310	3507596	workload-coordi	40	13388	13388	2657640	17	68	45	153519563	77223992	0	172388352
21653	3507149	workload-author	49	24956	26932	3327216	35	256	100	2859039761	30953057	0	36503552
21653	3507234	workload-author	49	27352	27352	3327216	39	256	98	2994332081	30890559	0	36487168
21653	3507325	java	45	358016	509400	74306852	25	757	55	535433613	22257683	0	22970368
21653	3507596	workload-coordi	40	13388	13388	2657640	17	68	45	155129495	77291755	0	173305856
21994	3507149	workload-author	49	26440	26932	3327216	34	261	102	2966148627	31316784	0	36941824
21994	3507234	workload-author	49	25388	26944	3327216	37	260	101	3150235130	31316613	0	36999168
21994	3507325	java	45	360332	509400	74306852	26	766	55	545683043	22480484	0	23203840
21994	3507596	workload-coordi	40	13356	13356	2657608	13	69	46	156973415	77417402	0	174383104
22338	3507149	workload-author	49	24376	26932	3327216	35	266	105	3106886352	31796639	0	37515264
22338	3507234	workload-author	49	25488	26944	3327216	40	264	102	3231572050	31642703	0	37392384
22338	3507325	java	45	357320	509400	74306852	25	774	56	555926772	22514028	0	23244800
22338	3507596	workload-coordi	40	13364	13364	2657608	13	70	46	158903695	77558917	0	175554560
22679	3507149	workload-author	49	26312	26932	3327216	39	272	107	3281874739	32424018	0	38252544
22679	3507234	workload-author	49	27352	27352	3327216	38	269	104	3334233798	31820644	0	37621760
22679	3507325	java	45	357324	509400	74306852	27	780	56	565577026	22810388	0	23556096
22679	3507596	workload-coordi	40	13368	13368	2657608	14	71	47	160102995	77626388	0	176275456
23022	3507149	workload-author	49	24784	26932	3327216	35	276	111	3427841403	32891897	0	38813696
23022	3507234	workload-author	49	27356	27360	3327216	36	275	107	3469722326	32337196	0	38227968
23022	3507325	java	45	359148	509400	74306852	26	784	57	571834900	23026997	0	23773184
23022	3507596	workload-coordi	40	13432	13432	2657672	20	72	47	162950467	77789756	0	178221056
23363	3507149	workload-author	49	26108	26932	3327216	33	281	114	3580299151	33359116	0	39374848
23363	3507234	workload-author	49	25424	26944	3327216	37	282	109	3576092051	32903598	0	38883328
23363	3507325	java	45	358116	509400	74306852	28	793	57	584361656	23251275	0	24014848
23363	3507596	workload-coordi	40	13380	13380	2657608	13	75	48	166976415	77954780	0	180695040
23704	3507149	workload-author	49	26608	26932	3327216	36	288	117	3764782744	33970716	0	40108032
23704	3507234	workload-author	49	27288	27288	3327216	36	288	112	3696988080	33305210	0	39383040
23704	3507325	java	45	360032	509400	74306852	29	802	58	593022119	23467371	0	24240128
23704	3507596	workload-coordi	40	13388	13388	2657608	13	77	49	170193043	78040716	0	182616064
24045	3507149	workload-author	49	26748	27072	3327216	40	291	120	3927216928	34425410	0	40660992
24045	3507234	workload-author	49	25424	26944	3327216	39	293	114	3842146053	33747897	0	39915520
24045	3507325	java	45	358264	509400	74306852	24	810	59	603473013	23622532	0	24399872
24045	3507596	workload-coordi	40	13388	13388	2657608	13	78	49	172090727	78125095	0	183746560
24387	3507149	workload-author	49	24936	27072	3327216	38	296	122	4101868166	34724134	0	41046016
24387	3507234	workload-author	49	25644	26944	3327216	40	298	117	3983429225	34173459	0	40419328
24387	3507325	java	45	357700	509400	74306852	29	816	60	614454832	23844890	0	24637440
24387	3507596	workload-coordi	40	13388	13388	2657608	13	78	50	173298735	78192319	0	184565760
24732	3507149	workload-author	49	26792	27072	3327216	38	301	125	4274195616	35302457	0	41721856
24732	3507234	workload-author	49	25808	26944	3327216	40	302	119	4104442756	34516658	0	40841216
24732	3507325	java	45	357712	509400	74306852	24	823	60	625225093	24063613	0	24862720
24732	3507596	workload-coordi	40	13428	13428	2657640	16	79	50	174908667	78383064	0	185630720
25072	3507149	workload-author	49	25208	27320	3327216	37	305	127	4416419059	35575238	0	42074112
25072	3507234	workload-author	49	27396	27396	3327216	39	307	121	4270273256	34930135	0	41340928
25072	3507325	java	45	357720	509400	74306852	27	830	61	636839220	24360036	0	25174016
25072	3507596	workload-coordi	40	13440	13440	2657640	17	80	51	176860287	78549605	0	187006976
25416	3507149	workload-author	49	24920	27320	3327216	37	309	128	4526311992	35794467	0	42352640
25416	3507234	workload-author	49	25408	26944	3327216	39	311	124	4453503646	35434301	0	41947136
25416	3507325	java	46	357884	509400	74306852	24	834	61	647193343	24459148	0	25280512
25416	3507596	workload-coordi	40	13440	13440	2657640	16	80	52	178171039	78665996	0	187961344
25759	3507149	workload-author	49	24640	27320	3327216	38	314	130	4645718104	36236306	0	42881024
25759	3507234	workload-author	49	25784	26944	3327216	40	316	127	4637464230	35983520	0	42602496
25759	3507325	java	46	357956	509400	74306852	23	842	61	657340024	24657566	0	25489408
25759	3507596	workload-coordi	40	13444	13444	2657640	17	81	53	180315171	78816573	0	189317120
26104	3507149	workload-author	49	26644	27320	3327216	41	319	132	4806989451	36658647	0	43393024
26104	3507234	workload-author	49	27272	26944	3327216	39	321	129	4808163388	36427009	0	43139072
26104	3507325	java	46	357904	509400	74306852	26	847	62	669485264	24702918	0	25534464
26104	3507596	workload-coordi	40	13412	13412	2657608	13	82	53	181699479	78933187	0	190230528
26448	3507149	workload-author	49	25048	27320	3327216	38	323	135	4993744797	37096213	0	43925504
26448	3507234	workload-author	49	27276	27276	3327216	39	326	132	4992352332	36844555	0	43646976
26448	3507325	java	46	357988	509400	74306852	27	855	62	686290818	24818446	0	25657344
26448	3507596	workload-coordi	40	13448	13448	2657640	18	83	53	183347479	79054236	0	191463424
26791	3507149	workload-author	49	25624	27320	3327216	39	328	139	5184394151	37654677	0	44597248
26791	3507234	workload-author	49	25408	26944	3327216	38	331	133	5152851403	37348609	0	44236800
26791	3507325	java	46	359760	509400	74306852	30	861	63	702655431	25065534	0	25915392
26791	3507596	workload-coordi	40	13456	13456	2657640	16	84	54	185203859	79191822	0	192589824
27136	3507149	workload-author	49	26744	27320	3327216	38	332	141	5339423022	37997502	0	45015040
27136	3507234	workload-author	49	25508	26944	3327216	39	335	135	5292861594	38310400	0	45293568
27136	3507325	java	46	358076	509400	74306852	25	869	63	715062900	25218127	0	26071040
27136	3507596	workload-coordi	40	13424	13424	2657608	13	85	54	186715659	79283904	0	193572864
27482	3507149	workload-author	49	27428	28040	3327216	40	337	142	5461011747	39161296	0	46276608
27482	3507234	workload-author	49	27384	27384	3327216	41	339	138	5432418123	38628542	0	45694976
27482	3507325	java	46	360016	509400	74306852	26	872	63	723881749	25407758	0	26267648
27482	3507596	workload-coordi	40	13424	13424	2657608	13	85	55	188325591	79351615	0	194494464
27825	3507149	workload-author	49	24432	28040	3327216	38	343	144	5551064410	39672756	0	46874624
27825	3507234	workload-author	49	25416	26944	3327216	38	345	140	5599155094	39128992	0	46284800
27825	3507325	java	46	357908	509400	74306852	25	878	64	735357740	25695947	0	26570752
27825	3507596	workload-coordi	40	13424	13424	2657608	13	86	55	189611251	79451934	0	195330048
28168	3507149	workload-author	49	24800	28040	3327216	40	347	147	5690643663	40094099	0	47382528
28168	3507234	workload-author	49	27416	27416	3327216	40	349	141	5751331797	39450922	0	46690304
28168	3507325	java	45	357804	509400	74306852	27	884	64	748765396	25733653	0	26615808
28168	3507596	workload-coordi	40	13456	13456	2657608	13	88	56	193058631	79570455	0	197558272
28512	3507149	workload-author	49	24872	28040	3327216	39	352	149	5868064608	40577981	0	47960064
28512	3507234	workload-author	49	27384	27384	3327216	40	353	143	5932330503	39757266	0	47083520
28512	3507325	java	48	411276	509400	141415716	26	897	66	766733392	25927167	0	26812416
28512	3507596	workload-coordi	40	13456	13456	2657640	17	89	57	196017211	79573964	0	199368704
28856	3507149	workload-author	49	25036	28040	3327216	39	356	152	6034428639	40978927	0	48451584
28856	3507234	workload-author	49	25836	26944	3327216	39	357	145	6080970778	40092575	0	47493120
28856	3507325	java	48	411276	509400	141415716	26	900	66	777972395	26124685	0	27017216
28856	3507596	workload-coordi	40	13424	13424	2657608	13	90	57	197681595	79674448	0	200560640
29200	3507149	workload-author	49	27360	28040	3327216	40	362	154	6182287737	41466532	0	49037312
29200	3507234	workload-author	49	25552	27420	3327216	38	361	147	6245091125	40477212	0	47960064
29200	3507325	java	45	363692	509400	74306852	29	906	68	794405749	26330378	0	27230208
29200	3507596	workload-coordi	40	13424	13424	2657608	13	90	58	199883759	79800134	0	202010624
29544	3507149	workload-author	49	27244	28040	3327216	38	365	158	6329146175	41904339	0	49557504
29544	3507234	workload-author	49	27296	27296	3327216	38	365	150	6425929507	40956610	0	48533504
29544	3507325	java	45	363704	509400	74306852	25	912	68	808701685	26367747	0	27271168
29544	3507596	workload-coordi	40	13432	13432	2657608	13	91	58	201449151	79892260	0	203051008
29888	3507149	workload-author	49	24664	28040	3327216	35	369	160	6493425353	42219088	0	49946624
29888	3507234	workload-author	49	25524	26944	3327216	39	368	152	6605923669	41291382	0	48951296
29888	3507325	java	45	365564	509400	74306852	27	915	69	819921592	26605141	0	27516928
29888	3507596	workload-coordi	40	13516	13516	2657672	21	93	58	203026831	80038176	0	204169216
30233	3507149	workload-author	49	24776	28040	3327216	37	374	163	6640538117	42648655	0	50466816
30233	3507234	workload-author	49	25424	26944	3327216	37	372	155	6773788084	41675176	0	49426432
30233	3507325	java	45	363848	509400	74306852	25	919	70	832994800	26730950	0	27652096
30233	3507596	workload-coordi	40	13492	13492	2657640	17	93	58	204711007	80188029	0	205295616
30576	3507149	workload-author	49	24904	28040	3327216	33	379	164	6763886912	43004366	0	50896896
30576	3507234	workload-author	49	25856	26944	3327216	37	378	157	6920038920	42216413	0	50065408
30576	3507325	java	45	365536	509400	74306852	26	924	70	845106683	26973803	0	27910144
30576	3507596	workload-coordi	40	13460	13460	2657608	13	94	59	206690439	80301404	0	206438400
30918	3507149	workload-author	49	24920	28040	3327216	31	384	167	6915999838	43430265	0	51408896
30918	3507234	workload-author	49	25464	26944	3327216	37	384	158	6996027383	42538884	0	50450432
30918	3507325	java	45	365836	509400	74306852	25	929	71	857657696	27814587	0	28758016
30918	3507596	workload-coordi	40	13492	13492	2657640	18	96	59	208719539	80377718	0	207638528
31263	3507149	workload-author	49	26892	28040	3327216	36	390	170	7107142992	43926376	0	52019200
31263	3507234	workload-author	49	27436	27436	3327216	35	388	160	7132153767	42778946	0	50757632
31263	3507325	java	45	364240	509400	74306852	24	936	71	868337590	27979823	0	28938240
31263	3507596	workload-coordi	40	13460	13460	2657608	14	96	60	210859231	80405256	0	208748544
31608	3507149	workload-author	49	26876	28040	3327216	37	395	172	7267208227	44419118	0	52604928
31608	3507234	workload-author	49	25596	26944	3327216	41	393	162	7286654204	43259293	0	51331072
31608	3507325	java	45	364808	509400	74306852	24	944	71	882415404	28276204	0	29253632
31608	3507596	workload-coordi	40	13460	13460	2657608	13	97	60	212338091	80472502	0	209666048
31949	3507149	workload-author	49	24920	28040	3327216	37	399	175	7442769291	44795360	0	53092352
31949	3507234	workload-author	49	27460	27448	3327216	37	399	163	7438931435	43552918	0	51716096
31949	3507325	java	45	365904	509400	74306852	26	948	72	893049998	28486388	0	29495296
31949	3507596	workload-coordi	40	13460	13460	2657608	13	98	61	213213119	80572365	0	210313216
32295	3507149	workload-author	49	24932	28040	3327216	39	403	177	7608700301	45163605	0	53538816
32295	3507234	workload-author	49	27228	27448	3327216	38	403	166	7628697726	44073289	0	52342784
32295	3507325	java	45	364280	509400	74306852	24	952	72	898850652	28573471	0	29585408
32295	3507596	workload-coordi	40	13460	13460	2657608	13	98	62	215135551	80706359	0	211558400
32639	3507149	workload-author	49	26900	28040	3327216	38	409	179	7784427773	45680027	0	54145024
32639	3507234	workload-author	49	26392	27452	3327216	37	408	168	7816535276	44474994	0	52834304
32639	3507325	java	45	364352	509400	74306852	23	960	72	912992067	28737981	0	29757440
32639	3507596	workload-coordi	40	13496	13496	2657640	16	99	62	216306179	80875861	0	212406272
32982	3507149	workload-author	49	25288	28040	3327216	37	413	180	7929562640	45960941	0	54501376
32982	3507234	workload-author	49	27452	27452	3327216	40	412	171	7988500010	44880408	0	53346304
32982	3507325	java	45	364536	509400	74306852	24	971	73	929599954	28750630	0	29773824
32982	3507596	workload-coordi	40	13464	13464	2657608	13	100	62	217744423	80939209	0	213377024
33327	3507149	workload-author	49	26880	28040	3327216	39	418	183	8095989033	46473436	0	55111680
33327	3507234	workload-author	49	27396	27396	3327216	39	416	173	8183176046	45314017	0	53862400
33327	3507325	java	45	364540	509400	74306852	25	976	73	939532352	29014205	0	30048256
33327	3507596	workload-coordi	40	13500	13500	2657640	18	101	63	220180747	81040245	0	214937600
33674	3507149	workload-author	49	24944	28040	3327216	41	422	185	8268967790	46709557	0	55427072
33674	3507234	workload-author	49	25528	27272	3327216	40	423	175	8372339504	45905345	0	54554624
33674	3507325	java	45	364580	509400	74306852	23	983	74	950779678	29167376	0	30208000
33674	3507596	workload-coordi	40	13472	13472	2657608	13	102	64	223369563	81249326	0	217190400
34018	3507149	workload-author	49	24944	28040	3327216	37	427	187	8474272929	47155842	0	55963648
34018	3507234	workload-author	49	27400	27400	3327216	40	428	178	8553951458	46409901	0	55156736
34018	3507325	java	46	366528	509400	74306852	23	987	75	964825384	29234128	0	30273536
34018	3507596	workload-coordi	40	13472	13472	2657608	13	103	65	225924499	81391885	0	218755072
34360	3507149	workload-author	49	26908	28040	3327216	36	433	189	8638070012	47552280	0	56442880
34360	3507234	workload-author	49	25528	27276	3327216	38	434	181	8734378372	47544843	0	56381440
34360	3507325	java	46	364796	509400	74306852	24	992	75	979763143	29299312	0	30339072
34360	3507596	workload-coordi	40	13504	13504	2657640	20	104	65	228097303	81583179	0	220155904
34703	3507149	workload-author	49	26924	28040	3327216	35	439	192	8846813525	48114260	0	57114624
34703	3507234	workload-author	49	27524	27524	3327216	40	439	183	8923840049	47983214	0	56930304
34703	3507325	java	46	364800	509400	74306852	27	1000	75	991995828	29665879	0	30728192
34703	3507596	workload-coordi	40	13472	13472	2657608	13	105	66	230361423	81684578	0	221679616
35047	3507149	workload-author	49	26936	28040	3327216	37	445	195	9038328197	48689563	0	57798656
35047	3507234	workload-author	49	25528	27276	3327216	36	444	186	9101947568	48409228	0	57446400
35047	3507325	java	46	364824	509400	74306852	24	1004	76	1003435071	29843176	0	30912512
35047	3507596	workload-coordi	40	13536	13536	2657672	21	106	66	231832263	81760118	0	222646272
35390	3507149	workload-author	49	26896	28040	3327216	36	450	197	9189482122	49680298	0	58884096
35390	3507234	workload-author	49	27500	27500	3327216	38	450	189	9276514388	48983977	0	58122240
35390	3507325	java	45	366756	509400	74306852	22	1007	77	1015034582	29953600	0	31023104
35390	3507596	workload-coordi	40	13472	13472	2657608	13	106	67	234682799	81927794	0	224378880
35734	3507149	workload-author	49	24676	28040	3327216	37	454	199	9388185713	50118311	0	59408384
35734	3507234	workload-author	49	25996	27276	3327216	38	456	191	9441728883	49393516	0	58621952
35734	3507325	java	46	364924	509400	74306852	26	1012	77	1025654722	30242532	0	31330304
35734	3507596	workload-coordi	40	13504	13504	2657640	16	107	68	235869983	82003343	0	225148928
36078	3507149	workload-author	49	24660	28040	3327216	36	458	203	9590876324	50548065	0	59940864
36078	3507234	workload-author	49	26084	27276	3327216	40	462	193	9623343360	49836114	0	59150336
36078	3507325	java	46	364992	509400	74306852	27	1017	77	1039490721	30292766	0	31391744
36078	3507596	workload-coordi	40	13504	13504	2657640	17	108	68	237324439	82107750	0	226144256
36423	3507149	workload-author	49	24884	28040	3327216	37	463	205	9760091747	50916075	0	60391424
36423	3507234	workload-author	49	25528	27276	3327216	37	467	194	9807213052	50191264	0	59600896
36423	3507325	java	46	365048	509400	74306852	26	1022	78	1054434304	30533560	0	31629312
36423	3507596	workload-coordi	40	13504	13504	2657640	16	109	68	239382555	82237573	0	227463168
36768	3507149	workload-author	49	24400	28040	3327216	35	470	207	9968401492	51395713	0	60968960
36768	3507234	workload-author	49	27464	27464	3327216	38	471	197	10020159146	50513588	0	60014592
36768	3507325	java	46	365120	509400	74306852	27	1027	79	1066693373	30774286	0	31883264
36768	3507596	workload-coordi	40	13504	13504	2657640	17	110	68	240536971	82317408	0	228237312
37114	3507149	workload-author	49	24616	28040	3327216	38	475	209	10054733371	51796734	0	61444096
37114	3507234	workload-author	49	27408	27408	3327216	35	476	199	10237890475	50873080	0	60465152
37114	3507325	java	46	365120	509400	74306852	27	1033	79	1080377545	30919418	0	32043008
37114	3507596	workload-coordi	40	13472	13472	2657608	13	111	69	242442675	82421985	0	229347328
37459	3507149	workload-author	49	24936	28040	3327216	36	480	211	10196891852	52024447	0	61734912
37459	3507234	workload-author	49	27528	27528	3327216	35	480	201	10443244141	51187664	0	60866560
37459	3507325	java	46	367036	509400	74306852	24	1038	79	1094409451	31166419	0	32292864
37459	3507596	workload-coordi	40	13472	13472	2657608	13	111	69	242960147	82480667	0	229683200
37804	3507149	workload-author	49	26096	28040	3327216	38	485	215	10406758983	52606899	0	62427136
37804	3507234	workload-author	49	27404	27404	3327216	35	482	203	10587258288	51410944	0	61145088
37804	3507325	java	46	365328	509400	74306852	29	1044	80	1106980654	31257734	0	32399360
37804	3507596	workload-coordi	39	13588	13588	2654648	11	112	70	244266287	82523067	0	230436864
38148	3507149	workload-author	49	26160	28040	3327216	39	489	218	10604920116	53045696	0	62955520
38148	3507234	workload-author	49	27468	27468	3327216	35	486	205	10744647782	51643368	0	61444096
38148	3507325	java	46	365240	509400	74306852	27	1050	80	1123400308	31541687	0	32690176
38148	3507596	workload-coordi	39	13588	13588	2654648	13	112	70	245622267	82606706	0	231370752
38492	3507149	workload-author	49	26160	28040	3327216	38	496	220	10831405067	53615483	0	63631360
38492	3507234	workload-author	49	25528	27276	3327216	33	489	207	10954034395	51916048	0	61816832
38492	3507325	java	46	365160	509400	74306852	25	1053	81	1138786170	31657264	0	32808960
38492	3507596	workload-coordi	39	13588	13588	2654648	11	113	70	247035591	82673914	0	232288256
38835	3507149	workload-author	49	26160	28040	3327216	39	501	222	11040844734	54054317	0	64167936
38835	3507234	workload-author	49	25528	27276	3327216	36	492	208	11028744500	51982580	0	61915136
38835	3507325	java	46	365332	509400	74306852	23	1058	81	1152456417	31867374	0	33030144
38835	3507596	workload-coordi	39	13588	13588	2654648	11	114	71	249094395	82774993	0	233717760
39179	3507149	workload-author	49	26160	28040	3327216	39	504	224	11169364428	54315006	0	64487424
39179	3507234	workload-author	49	25528	27276	3327216	33	494	209	11131260933	52131700	0	62103552
39179	3507325	java	46	366960	509400	74306852	28	1062	82	1166770684	31945734	0	33116160
39179	3507596	workload-coordi	39	13588	13588	2654648	11	115	71	249665631	82808494	0	234127360
39522	3507149	workload-author	49	24236	28040	3327216	37	509	228	11404581944	54889126	0	65171456
39522	3507234	workload-author	49	27464	27464	3327216	35	498	210	11310781062	52346360	0	62398464
39522	3507325	java	46	365396	509400	74306852	27	1070	82	1180760374	32217970	0	33398784
39522	3507596	workload-coordi	39	13588	13588	2654648	11	115	72	251575947	82909515	0	235356160
39866	3507149	workload-author	49	26180	28040	3327216	36	514	231	11618147592	55311335	0	65683456
39866	3507234	workload-author	49	27500	27500	3327216	36	502	213	11523844148	52677900	0	62824448
39866	3507325	java	46	365436	509400	74306852	25	1074	83	1203656990	32391091	0	33579008
39866	3507596	workload-coordi	39	13636	13636	2654680	15	116	72	253141167	83009725	0	236388352
40210	3507149	workload-author	49	24404	28040	3327216	36	520	233	11846686890	55811240	0	66285568
40210	3507234	workload-author	49	27500	27500	3327216	36	505	215	11727431566	52992492	0	63229952
40210	3507325	java	46	365564	509400	74306852	28	1080	83	1226217068	32547609	0	33746944
40210	3507596	workload-coordi	39	13636	13636	2654680	15	116	72	254152223	83068077	0	237117440
40554	3507149	workload-author	49	25272	28040	3327216	38	526	235	11996450580	56269948	0	66850816
40554	3507234	workload-author	49	25632	27276	3327216	33	509	217	11848825514	53149376	0	63430656
40554	3507325	java	46	365560	509400	74306852	26	1088	84	1240516210	32811569	0	34021376
40554	3507596	workload-coordi	39	13604	13604	2654648	11	117	73	255380539	83184978	0	237969408
40897	3507149	workload-author	49	25116	28040	3327216	36	531	240	12237878365	56774023	0	67461120
40897	3507234	workload-author	49	25528	27276	3327216	33	513	218	12017338458	53355700	0	63709184
40897	3507325	java	46	366952	509400	74306852	25	1094	85	1260689389	32984361	0	34201600
40897	3507596	workload-coordi	39	13636	13636	2654680	16	117	73	256641179	83194723	0	238579712
41240	3507149	workload-author	49	25096	28040	3327216	34	537	243	12453840158	57257958	0	68046848
41240	3507234	workload-author	49	25528	27276	3327216	27	517	219	12117919234	53429996	0	63815680
41240	3507325	java	46	366956	509400	74306852	28	1099	85	1285448998	33076031	0	34308096
41240	3507596	workload-coordi	39	13636	13636	2654680	15	118	74	257980531	83303183	0	239513600
41584	3507149	workload-author	49	25504	28040	3327216	37	543	246	12643873787	57683857	0	68558848
41584	3507234	workload-author	49	25536	27276	3327216	30	522	220	12173619406	53438372	0	63827968
41584	3507325	java	46	369012	509400	74306852	24	1106	86	1321380074	33393011	0	34631680
41584	3507596	workload-coordi	39	13604	13604	2654648	11	119	74	259660611	83453198	0	240611328
41928	3507149	workload-author	49	25096	28040	3327216	35	548	247	12756143317	57927603	0	68874240
41928	3507234	workload-author	49	25536	27276	3327216	27	528	221	12221606570	53438516	0	63827968
41928	3507325	java	46	367092	509400	74306852	27	1113	86	1353581853	33735673	0	34992128
41928	3507596	workload-coordi	39	13636	13636	2654680	15	119	75	260675075	83462795	0	241152000
42273	3507149	workload-author	49	24916	28040	3327216	35	554	250	12902693114	58279310	0	69300224
42273	3507234	workload-author	49	25536	27276	3327216	27	533	221	12269372934	53438652	0	63827968
42273	3507325	java	46	369156	509400	74306852	25	1120	87	1378524534	33974811	0	35246080
42273	3507596	workload-coordi	39	13636	13636	2654680	15	120	76	262051191	83567014	0	242049024
42617	3507149	workload-author	49	26880	28040	3327216	33	560	253	13107265118	59381329	0	70496256
42617	3507234	workload-author	49	25536	27276	3327216	27	539	222	12317955094	53438788	0	63827968
42617	3507325	java	46	369460	509400	74306852	25	1127	87	1406991799	34065499	0	35336192
42617	3507596	workload-coordi	39	13604	13604	2654648	11	120	76	263385831	83646989	0	242819072
42962	3507149	workload-author	49	26928	28040	3327216	38	568	257	13365496431	60187820	0	71442432
42962	3507234	workload-author	49	25536	27276	3327216	27	545	223	12367673046	53438924	0	63827968
42962	3507325	java	46	369488	509400	74306852	24	1133	88	1428839965	34238959	0	35516416
42962	3507596	workload-coordi	39	13636	13636	2654680	15	121	77	265636631	83715293	0	244092928
43305	3507149	workload-author	49	25596	28040	3327216	39	574	259	13553883444	60531206	0	71860224
43305	3507234	workload-author	49	25536	27276	3327216	29	550	224	12416013630	53439060	0	63827968
43305	3507325	java	46	372404	509400	74306852	25	1143	89	1451746597	34329479	0	35610624
43305	3507596	workload-coordi	39	13604	13604	2654648	11	121	77	266761859	83774141	0	244727808
43648	3507149	workload-author	49	24956	28040	3327216	31	582	262	13752185378	61031383	0	72458240
43648	3507234	workload-author	49	25536	27276	3327216	27	555	225	12464093354	53439204	0	63827968
43648	3507325	java	46	373960	509400	74306852	26	1150	89	1481607153	34660501	0	35958784
43648	3507596	workload-coordi	39	13604	13604	2654648	11	122	78	268220067	83809105	0	245530624
43993	3507149	workload-author	49	26908	28040	3327216	35	587	265	14035797544	61523069	0	73060352
43993	3507234	workload-author	49	25536	27276	3327216	27	560	226	12512490866	53439340	0	63827968
43993	3507325	java	46	372488	509400	74306852	26	1153	90	1515015343	34886122	0	36192256
43993	3507596	workload-coordi	39	13604	13604	2654648	11	122	78	269772999	83876451	0	246546432
44337	3507149	workload-author	49	24956	28040	3327216	34	593	269	14283121915	62073405	0	73703424
44337	3507234	workload-author	49	25536	27276	3327216	27	566	227	12561708794	53439476	0	63827968
44337	3507325	java	45	372584	509400	74306852	27	1159	91	1542484812	35079472	0	36397056
44337	3507596	workload-coordi	39	13604	13604	2654648	11	123	78	271391639	83943844	0	247562240
44681	3507149	workload-author	49	25536	28040	3327216	39	601	272	14519810992	62668847	0	74420224
44681	3507234	workload-author	49	25536	27276	3327216	27	570	228	12610292598	53439612	0	63827968
44681	3507325	java	45	374756	509400	74306852	28	1164	92	1581674455	35249112	0	36577280
44681	3507596	workload-coordi	39	13604	13604	2654648	12	123	79	272792331	83994939	0	248381440
45025	3507149	workload-author	49	24956	28040	3327216	35	606	274	14653206775	62863113	0	74665984
45025	3507234	workload-author	49	25544	27276	3327216	27	576	229	12658887638	53439748	0	63827968
45025	3507325	java	45	372860	509400	74306852	25	1170	92	1615609909	35455259	0	36786176
45025	3507596	workload-coordi	39	13604	13604	2654648	12	124	79	274271191	84062895	0	249303040
45370	3507149	workload-author	49	24956	28040	3327216	36	613	275	14834211464	63230748	0	75108352
45370	3507234	workload-author	49	25544	27276	3327216	27	581	230	12705903770	53439892	0	63827968
45370	3507325	java	45	383108	509400	74306852	25	1185	93	1641193398	35693827	0	37036032
45370	3507596	workload-coordi	39	13604	13604	2654648	12	125	79	275458375	84097084	0	250007552
45713	3507149	workload-author	49	26928	28040	3327216	36	617	278	14996419901	63495242	0	75431936
45713	3507234	workload-author	49	25544	27276	3327216	27	587	232	12755212014	53440028	0	63827968
45713	3507325	java	45	383128	509400	74306852	25	1193	94	1680210055	35982751	0	37343232
45713	3507596	workload-coordi	39	13636	13636	2654680	17	125	79	276514315	84151853	0	250716160
46057	3507149	workload-author	49	24956	28040	3327216	36	624	281	15243529784	64024946	0	76058624
46057	3507234	workload-author	49	25544	27276	3327216	27	593	232	12801865126	53440164	0	63827968
46057	3507325	java	45	383060	509400	74306852	24	1198	95	1701747545	36287449	0	37658624
46057	3507596	workload-coordi	39	13604	13604	2654648	11	126	80	278050175	84198868	0	251531264
46402	3507149	workload-author	49	26900	28040	3327216	41	630	285	15526672157	64645162	0	76787712
46402	3507234	workload-author	49	25544	27276	3327216	27	598	233	12852755278	53440300	0	63827968
46402	3507325	java	45	383152	509400	74306852	24	1203	95	1731494901	36432115	0	37810176
46402	3507596	workload-coordi	39	13608	13608	2654648	11	126	80	279980799	84381642	0	252825600
46746	3507149	workload-author	49	25320	28040	3327216	39	635	289	15769486656	64943196	0	77164544
46746	3507234	workload-author	49	25544	27276	3327216	27	603	235	12898488114	53440436	0	63827968
46746	3507325	java	45	373348	509400	74306852	24	1210	96	1773766946	36530707	0	37908480
46746	3507596	workload-coordi	39	13640	13640	2654680	15	127	80	281541579	84387578	0	253661184
47089	3507149	workload-author	49	24956	28040	3327216	35	640	291	15994551220	65285954	0	77582336
47089	3507234	workload-author	49	25544	27276	3327216	27	609	235	12949605498	53440580	0	63827968
47089	3507325	java	45	373348	509400	74306852	25	1212	96	1814155095	36642283	0	38023168
47089	3507596	workload-coordi	39	13608	13608	2654648	11	127	81	282371207	84417468	0	254124032
47434	3507149	workload-author	49	24956	28040	3327216	36	647	294	16281293826	65744821	0	78131200
47434	3507234	workload-author	49	25544	27276	3327216	27	615	236	12995946890	53440716	0	63827968
47434	3507325	java	45	373348	509400	74306852	26	1215	97	1851939752	36741807	0	38129664
47434	3507596	workload-coordi	39	13608	13608	2654648	11	128	81	283036651	84451754	0	254533632
47778	3507149	workload-author	49	26936	28040	3327216	37	655	297	16622233662	66319300	0	78819328
47778	3507234	workload-author	49	25544	27276	3327216	27	620	237	13045739882	53440852	0	63827968
47778	3507325	java	45	373520	509400	74306852	25	1218	97	1873077690	36931155	0	38318080
47778	3507596	workload-coordi	39	13608	13608	2654648	15	128	81	284716215	84519136	0	255451136
48123	3507149	workload-author	49	25392	28040	3327216	41	664	299	16934350990	66964245	0	79597568
48123	3507234	workload-author	49	25544	27276	3327216	28	624	239	13092796202	53440988	0	63827968
48123	3507325	java	45	373528	509400	74306852	26	1224	98	1902975178	37161828	0	38559744
48123	3507596	workload-coordi	39	13640	13640	2654680	16	129	82	286157867	84528857	0	256225280
48467	3507149	workload-author	49	25348	28040	3327216	38	670	302	17073018120	67270601	0	79958016
48467	3507234	workload-author	49	25544	27276	3327216	27	630	240	13142248090	53441132	0	63827968
48467	3507325	java	45	373508	509400	74306852	26	1230	99	1928428846	37446607	0	38858752
48467	3507596	workload-coordi	39	13608	13608	2654648	12	130	82	288046843	84638139	0	257286144
48812	3507149	workload-author	49	24984	28040	3327216	34	675	304	17314853362	67580487	0	80343040
48812	3507234	workload-author	49	25544	27276	3327216	27	634	242	13189536002	53441268	0	63827968
48812	3507325	java	45	373500	509400	74306852	26	1237	100	1960043425	38377743	0	39804928
48812	3507596	workload-coordi	39	13624	13624	2654648	11	130	82	288933987	84696828	0	257818624
49156	3507149	workload-author	49	25328	28040	3327216	37	680	306	17567930352	67936196	0	80777216
49156	3507234	workload-author	49	25544	27276	3327216	27	640	243	13239670346	53441404	0	63827968
49156	3507325	java	45	373460	509400	74306852	26	1243	101	1988597876	38600216	0	40054784
49156	3507596	workload-coordi	39	13656	13656	2654680	14	131	82	289640563	84738993	0	258281472
49500	3507149	workload-author	49	26900	28040	3327216	41	687	309	17865293172	68502695	0	81448960
49500	3507234	workload-author	49	25544	27276	3327216	27	645	244	13286763106	53441540	0	63827968
49500	3507325	java	45	373468	509400	74306852	25	1251	102	2014912341	38913734	0	40386560
49500	3507596	workload-coordi	39	13624	13624	2654648	11	131	83	291767967	84823140	0	259469312
49844	3507149	workload-author	49	25316	28040	3327216	37	693	312	18178614571	68920297	0	81960960
49844	3507234	workload-author	49	25544	27276	3327216	27	651	244	13337619410	53441676	0	63827968
49844	3507325	java	45	373480	509400	74306852	26	1256	103	2049742160	39197960	0	40681472
49844	3507596	workload-coordi	39	13688	13688	2654712	18	132	83	293091179	84914916	0	260435968
50188	3507149	workload-author	49	25496	28040	3327216	36	701	315	18473449361	69494813	0	82636800
50188	3507234	workload-author	49	25544	27276	3327216	27	657	245	13383707042	53441812	0	63827968
50188	3507325	java	46	373588	509400	74306852	26	1265	104	2068253234	39276790	0	40767488
50188	3507596	workload-coordi	39	13624	13624	2654648	11	133	84	295468955	85090197	0	261832704
50533	3507149	workload-author	49	25188	28040	3327216	39	707	318	18755940103	70781879	0	84029440
50533	3507234	workload-author	49	25544	27276	3327216	27	662	246	13433873826	53441956	0	63827968
50533	3507325	java	46	374104	509400	74306852	25	1274	104	2098877958	39581400	0	41086976
50533	3507596	workload-coordi	39	13624	13624	2654648	11	134	84	296594355	85157213	0	262516736
50877	3507149	workload-author	49	26920	28040	3327216	38	712	321	19075295821	71179301	0	84520960
50877	3507234	workload-author	49	25544	27276	3327216	27	668	247	13480389426	53442092	0	63827968
50877	3507325	java	46	374216	509400	74306852	26	1281	105	2131338900	39808177	0	41320448
50877	3507596	workload-coordi	39	13656	13656	2654680	15	135	84	298003411	85282486	0	263475200
51219	3507149	workload-author	49	26944	28040	3327216	37	718	325	19402882214	71658747	0	85098496
51219	3507234	workload-author	49	25544	27276	3327216	27	674	248	13529766590	53442228	0	63827968
51219	3507325	java	46	375940	509400	74306852	24	1288	106	2164785304	40109954	0	41635840
51219	3507596	workload-coordi	39	13624	13624	2654648	11	135	85	299297091	85316885	0	264183808
51561	3507149	workload-author	49	26944	28040	3327216	38	724	328	19714110954	72220513	0	85753856
51561	3507234	workload-author	49	25544	27276	3327216	27	680	249	13576558442	53442364	0	63827968
51561	3507325	java	46	374540	509400	74306852	25	1294	106	2189597634	40228802	0	41758720
51561	3507596	workload-coordi	39	13656	13656	2654680	16	136	85	300890811	85466303	0	265248768
51905	3507149	workload-author	49	24972	28040	3327216	35	730	332	20033591184	72663060	0	86290432
51905	3507234	workload-author	49	25544	27276	3327216	27	686	249	13625323802	53442500	0	63827968
51905	3507325	java	46	388924	509400	74306852	25	1307	107	2220187561	40517707	0	42065920
51905	3507596	workload-coordi	39	13624	13624	2654648	11	137	86	302632847	85567157	0	266395648
52250	3507149	workload-author	49	25100	28040	3327216	34	737	335	20333687553	73184032	0	86913024
52250	3507234	workload-author	49	25544	27276	3327216	27	691	250	13674027642	53442644	0	63827968
52250	3507325	java	45	388924	509400	74306852	23	1312	108	2241814597	40558939	0	42106880
52250	3507596	workload-coordi	39	13624	13624	2654648	11	137	86	304012543	85618131	0	267116544
52593	3507149	workload-author	49	25372	28040	3327216	38	744	340	20627799119	73767516	0	87601152
52593	3507234	workload-author	49	25544	27276	3327216	27	697	251	13722834502	53442780	0	63827968
52593	3507325	java	45	390852	509400	74306852	24	1320	109	2279951633	40632099	0	42176512
52593	3507596	workload-coordi	39	13628	13628	2654648	11	138	86	305930363	85685799	0	268148736
52939	3507149	workload-author	49	26920	28040	3327216	38	751	343	20913228325	74169023	0	88092672
52939	3507234	workload-author	49	25544	27276	3327216	27	701	253	13771547918	53442916	0	63827968
52939	3507325	java	45	388880	509400	74306852	28	1326	110	2316317783	40970385	0	42532864
52939	3507596	workload-coordi	39	13628	13628	2654648	12	138	86	306685919	85735803	0	268574720
53283	3507149	workload-author	49	25696	28040	3327216	38	758	346	21240647029	74697355	0	88743936
53283	3507234	workload-author	49	25544	27276	3327216	27	707	253	13820046694	53443052	0	63827968
53283	3507325	java	45	388876	509400	74306852	29	1331	111	2344538383	41103271	0	42680320
53283	3507596	workload-coordi	39	13660	13660	2654680	14	139	86	308074323	85807462	0	269443072
53628	3507149	workload-author	49	25396	28040	3327216	40	764	349	21442442434	75036266	0	89153536
53628	3507234	workload-author	49	25544	27276	3327216	28	712	255	13868939990	53443196	0	63827968
53628	3507325	java	45	388896	509400	74306852	24	1337	111	2376067540	41300955	0	42876928
53628	3507596	workload-coordi	39	13628	13628	2654648	11	140	87	309815327	85854830	0	270315520
53973	3507149	workload-author	49	24972	28040	3327216	35	770	352	21686583145	75222080	0	89411584
53973	3507234	workload-author	49	25580	27276	3327216	27	717	256	13917166122	53443332	0	63827968
53973	3507325	java	45	389524	509400	74306852	26	1347	112	2399277226	41589401	0	43184128
53973	3507596	workload-coordi	39	13628	13628	2654648	11	140	87	310378027	85855675	0	270610432
54317	3507149	workload-author	49	24972	28040	3327216	36	774	355	21894819657	75515901	0	89763840
54317	3507234	workload-author	49	25544	27276	3327216	27	722	256	13965902730	53443468	0	63827968
54317	3507325	java	45	389048	509400	74306852	27	1352	112	2433282797	41874116	0	43483136
54317	3507596	workload-coordi	39	13660	13660	2654680	15	141	88	311901943	85935253	0	271540224
54661	3507149	workload-author	49	26924	28040	3327216	37	781	359	22237094260	76139878	0	90509312
54661	3507234	workload-author	49	25544	27276	3327216	27	727	257	14013298722	53443604	0	63827968
54661	3507325	java	45	389140	509400	74306852	26	1358	113	2459710393	41956779	0	43569152
54661	3507596	workload-coordi	39	13632	13632	2654648	11	141	88	313479451	86072875	0	272609280
55007	3507149	workload-author	49	24972	28040	3327216	35	788	362	22555961111	76681581	0	91144192
55007	3507234	workload-author	49	25544	27276	3327216	27	732	259	14063074418	53443740	0	63827968
55007	3507325	java	46	389520	509400	74306852	27	1368	114	2493937424	42245438	0	43876352
55007	3507596	workload-coordi	39	13668	13668	2654680	15	142	89	315873955	86182716	0	274001920
55349	3507149	workload-author	49	26928	28040	3327216	35	794	366	22872375877	77169492	0	91734016
55349	3507234	workload-author	49	25544	27276	3327216	27	737	260	14110733734	53443884	0	63827968
55349	3507325	java	46	389644	509400	74306852	27	1374	114	2515338443	42615606	0	44261376
55349	3507596	workload-coordi	39	13636	13636	2654648	11	143	90	317915515	86217588	0	275161088
55695	3507149	workload-author	49	26924	28040	3327216	39	799	369	23191157641	77566797	0	92229632
55695	3507234	workload-author	49	25544	27276	3327216	30	743	261	14161107742	53444020	0	63827968
55695	3507325	java	46	391604	509400	74306852	25	1379	115	2552811481	42772648	0	44425216
55695	3507596	workload-coordi	39	13636	13636	2654648	11	143	90	319456159	86317946	0	276193280
56040	3507149	workload-author	49	24972	28040	3327216	40	805	372	23431668072	78013435	0	92741632
56040	3507234	workload-author	49	25544	27276	3327216	27	747	262	14208726250	53444156	0	63827968
56040	3507325	java	46	389700	509400	74306852	25	1388	115	2586591893	42954448	0	44613632
56040	3507596	workload-coordi	39	13636	13636	2654648	11	144	91	321928659	86419643	0	277618688
56385	3507149	workload-author	49	24972	28040	3327216	37	812	376	23774192177	78509371	0	93343744
56385	3507234	workload-author	49	25544	27276	3327216	27	753	263	14257777906	53444292	0	63827968
56385	3507325	java	46	392324	509400	74306852	23	1396	116	2628011083	43045152	0	44703744
56385	3507596	workload-coordi	39	13668	13668	2654680	15	145	91	323579723	86441915	0	278507520
56728	3507149	workload-author	49	24972	28040	3327216	39	821	381	24046606608	79125596	0	94064640
56728	3507234	workload-author	49	25544	27276	3327216	27	759	264	14304376642	53444428	0	63827968
56728	3507325	java	46	392192	509400	74306852	26	1402	117	2671666918	43209800	0	44871680
56728	3507596	workload-coordi	39	13636	13636	2654648	11	145	92	324922555	86488780	0	279228416
57073	3507149	workload-author	49	25392	28040	3327216	39	828	384	24420217441	79609404	0	94666752
57073	3507234	workload-author	49	25544	27276	3327216	27	764	265	14355344710	53444572	0	63827968
57073	3507325	java	45	394184	509400	74306852	29	1408	118	2715976509	43436568	0	45105152
57073	3507596	workload-coordi	39	13636	13636	2654648	11	146	92	326175275	86522975	0	279932928
57417	3507149	workload-author	49	25512	28040	3327216	34	834	386	24701145702	79861556	0	94986240
57417	3507234	workload-author	49	25544	27276	3327216	28	770	266	14401281350	53444708	0	63827968
57417	3507325	java	45	394132	509400	74306852	27	1414	119	2755607917	43527276	0	45203456
57417	3507596	workload-coordi	39	13668	13668	2654680	15	146	92	326417799	86556332	0	280145920
57761	3507149	workload-author	49	25512	28212	3327216	38	844	389	24951202036	80366233	0	95588352
57761	3507234	workload-author	49	25544	27276	3327216	27	775	267	14450026694	53444844	0	63827968
57761	3507325	java	45	392324	509400	74306852	26	1418	120	2794683586	43786937	0	45469696
57761	3507596	workload-coordi	39	13636	13636	2654648	11	147	92	327653619	86607235	0	280768512
58105	3507149	workload-author	49	26064	28212	3327216	39	852	393	25234705455	81641577	0	96964608
58105	3507234	workload-author	49	25544	27276	3327216	27	781	267	14497602170	53444980	0	63827968
58105	3507325	java	45	374384	509400	74306852	24	1423	120	2824445151	44030179	0	45727744
58105	3507596	workload-coordi	39	13668	13668	2654680	14	147	93	329193575	86707504	0	281661440
58449	3507149	workload-author	49	26924	28212	3327216	39	857	396	25541581082	82021252	0	97435648
58449	3507234	workload-author	49	25544	27276	3327216	27	786	269	14548013922	53445124	0	63827968
58449	3507325	java	45	374516	509400	74306852	22	1429	121	2864681132	44252772	0	45957120
58449	3507596	workload-coordi	39	13644	13644	2654648	11	148	93	331444719	86866101	0	283103232
58793	3507149	workload-author	49	24972	28212	3327216	36	864	399	25838098086	82352321	0	97845248
58793	3507234	workload-author	49	25544	27276	3327216	27	791	270	14594472086	53445260	0	63827968
58793	3507325	java	45	374760	509400	74306852	22	1438	122	2891344059	44623604	0	46346240
58793	3507596	workload-coordi	39	13644	13644	2654648	11	148	94	332672863	86900697	0	283811840
59137	3507149	workload-author	49	25380	28212	3327216	33	868	403	25992814785	82653895	0	98193408
59137	3507234	workload-author	49	25544	27276	3327216	28	797	270	14645188406	53445396	0	63827968
59137	3507325	java	45	374996	509400	74306852	23	1447	123	2933462004	44780646	0	46510080
59137	3507596	workload-coordi	39	13676	13676	2654680	15	149	94	333814475	86943242	0	284438528
59482	3507149	workload-author	49	26960	28212	3327216	35	873	405	26167597856	82997035	0	98603008
59482	3507234	workload-author	49	25544	27276	3327216	27	802	271	14691761806	53445532	0	63827968
59482	3507325	java	45	375020	509400	74306852	24	1458	124	2960595816	44871804	0	46608384
59482	3507596	workload-coordi	39	13652	13652	2654648	11	150	94	335691163	87002578	0	285433856
59826	3507149	workload-author	49	25428	28212	3327216	36	879	408	26365386130	83270129	0	98938880
59826	3507234	workload-author	49	25544	27276	3327216	27	808	272	14740485234	53445668	0	63827968
59826	3507325	java	45	374976	509400	74306852	27	1471	125	2991181859	45176213	0	46923776
59826	3507596	workload-coordi	39	13652	13652	2654648	12	151	95	336845063	87036902	0	286040064
60171	3507149	workload-author	49	25448	28212	3327216	36	887	410	26532573233	83609125	0	99352576
60171	3507234	workload-author	49	25544	27276	3327216	27	814	273	14789439274	53445812	0	63827968
60171	3507325	java	45	379476	509400	74306852	26	1483	125	3028977100	45394887	0	47157248
60171	3507596	workload-coordi	39	13684	13684	2654680	14	151	95	338627887	87071855	0	287076352
60516	3507149	workload-author	49	26988	28212	3327216	34	892	414	26805165970	83882067	0	99700736
60516	3507234	workload-author	49	25544	27276	3327216	27	820	273	14838494322	53445948	0	63827968
60516	3507325	java	44	385780	509400	74306852	25	1502	126	3055447323	45568415	0	47337472
60516	3507596	workload-coordi	39	13652	13652	2654648	11	151	96	339691503	87106577	0	287645696
60859	3507149	workload-author	49	25016	28212	3327216	39	898	417	27114110338	84283757	0	100196352
60859	3507234	workload-author	49	25544	27276	3327216	28	825	275	14886054942	53446084	0	63827968
60859	3507325	java	44	386044	509400	74306852	29	1508	127	3087450536	45835789	0	47620096
60859	3507596	workload-coordi	39	13652	13652	2654648	15	152	96	340525227	87107269	0	288075776
61204	3507149	workload-author	49	25492	28212	3327216	38	905	420	27450266291	84882688	0	100896768
61204	3507234	workload-author	49	25544	27276	3327216	27	830	276	14934248014	53446220	0	63827968
61204	3507325	java	44	373924	509400	74306852	27	1513	128	3118467433	45976945	0	47779840
61204	3507596	workload-coordi	39	13684	13684	2654680	14	153	96	342673971	87261796	0	289546240
61548	3507149	workload-author	49	25016	28212	3327216	37	912	424	27803737245	85279618	0	101388288
61548	3507234	workload-author	49	25544	27276	3327216	27	835	277	14982626494	53446364	0	63827968
61548	3507325	java	44	375256	509400	74306852	26	1521	128	3158344754	46352932	0	48164864
61548	3507596	workload-coordi	39	13684	13684	2654680	18	154	96	344078587	87357753	0	290390016
61893	3507149	workload-author	49	25016	28212	3327216	35	921	427	28100036067	85775902	0	101978112
61893	3507234	workload-author	49	25544	27276	3327216	27	840	278	15031010174	53446500	0	63827968
61893	3507325	java	44	373932	509400	74306852	27	1529	129	3180538719	46512044	0	48336896
61893	3507596	workload-coordi	39	13684	13684	2654680	14	155	97	345507779	87441632	0	291225600
62236	3507149	workload-author	49	27080	28212	3327216	39	930	431	28394510871	86416852	0	102731776
62236	3507234	workload-author	49	25548	27276	3327216	27	846	279	15080152950	53446636	0	63827968
62236	3507325	java	44	374064	509400	74306852	27	1538	130	3206160764	46776245	0	48615424
62236	3507596	workload-coordi	39	13652	13652	2654648	11	155	97	347105251	87558772	0	292155392
62583	3507149	workload-author	49	27088	28212	3327216	38	937	434	28756228996	86895814	0	103333888
62583	3507234	workload-author	49	25548	27276	3327216	27	851	280	15128610734	53446772	0	63827968
62583	3507325	java	44	374076	509400	74306852	25	1542	131	3239130443	47015198	0	48889856
62583	3507596	workload-coordi	39	13652	13652	2654648	11	156	98	348353703	87650439	0	292904960
62927	3507149	workload-author	49	25132	28212	3327216	37	946	438	29056893391	87520059	0	104058880
62927	3507234	workload-author	49	25548	27276	3327216	30	857	281	15177441918	53446908	0	63827968
62927	3507325	java	44	374076	509400	74306852	26	1549	131	3270342586	47238293	0	49131520
62927	3507596	workload-coordi	39	13652	13652	2654648	11	157	98	350259407	87751604	0	294039552
63273	3507149	workload-author	49	26964	28212	3327216	38	952	441	29224499700	87764081	0	104357888
63273	3507234	workload-author	49	25548	27276	3327216	27	862	282	15224919954	53447052	0	63827968
63273	3507325	java	44	374908	509400	74306852	27	1558	132	3318830571	47436072	0	49336320
63273	3507596	workload-coordi	39	13652	13652	2654648	11	157	98	351105247	87752645	0	294432768
63619	3507149	workload-author	49	25384	28212	3327216	38	959	445	29615893721	88334469	0	105050112
63619	3507234	workload-author	49	25548	27276	3327216	29	867	283	15275072654	53447188	0	63827968
63619	3507325	java	44	374192	509400	74306852	26	1568	133	3337723817	47704170	0	49614848
63619	3507596	workload-coordi	39	13652	13652	2654648	12	158	99	352986031	87820260	0	295448576
63965	3507149	workload-author	49	25020	28212	3327216	37	966	448	29809152369	88611868	0	105390080
63965	3507234	workload-author	49	25548	27276	3327216	27	873	284	15321933434	53447324	0	63827968
63965	3507325	java	44	374256	509400	74306852	25	1572	133	3369281565	48008841	0	49934336
63965	3507596	workload-coordi	39	13652	13652	2654648	11	159	99	353992475	87854562	0	296054784
64311	3507149	workload-author	49	26992	28212	3327216	39	974	451	30071635318	89078772	0	105943040
64311	3507234	workload-author	49	25548	27276	3327216	27	878	285	15371811122	53447468	0	63827968
64311	3507325	java	44	376128	509400	74306852	25	1581	134	3421191536	48253473	0	50188288
64311	3507596	workload-coordi	39	13652	13652	2654648	11	159	100	355779223	87922387	0	297107456
64656	3507149	workload-author	49	25020	28212	3327216	40	978	454	30247903662	89323446	0	106250240
64656	3507234	workload-author	49	25548	27276	3327216	27	883	287	15419947370	53447604	0	63827968
64656	3507325	java	44	374152	509400	74306852	26	1587	135	3469443066	48351825	0	50290688
64656	3507596	workload-coordi	39	13652	13652	2654648	11	159	101	356810071	87972991	0	297693184
64999	3507149	workload-author	49	26976	28212	3327216	39	985	456	30453729474	89683229	0	106668032
64999	3507234	workload-author	49	25548	27276	3327216	27	888	287	15469354130	53447740	0	63827968
64999	3507325	java	44	376148	509400	74306852	26	1594	136	3509497978	49265945	0	51224576
64999	3507596	workload-coordi	39	13684	13684	2654648	12	160	101	359414331	88057988	0	299220992
65343	3507149	workload-author	49	26996	28212	3327216	38	991	461	30812198235	90113115	0	107200512
65343	3507234	workload-author	49	25548	27276	3327216	28	894	288	15516338186	53447876	0	63827968
65343	3507325	java	44	374228	509400	74306852	27	1599	137	3564848454	49389865	0	51351552
65343	3507596	workload-coordi	39	13652	13652	2654648	11	161	101	360191055	88058973	0	299712512
65686	3507149	workload-author	49	27196	28212	3327216	36	998	466	31160614759	90658986	0	107847680
65686	3507234	workload-author	49	25548	27276	3327216	27	899	289	15565756242	53448012	0	63827968
65686	3507325	java	44	373652	509400	74306852	25	1603	138	3609327602	49492929	0	51453952
65686	3507596	workload-coordi	39	13652	13652	2654648	11	161	102	361341203	88158940	0	300466176
66032	3507149	workload-author	49	25020	28212	3327216	34	1006	470	31506266196	91146805	0	108429312
66032	3507234	workload-author	49	25548	27276	3327216	27	904	291	15612247690	53448156	0	63827968
66032	3507325	java	44	374932	509400	74306852	26	1609	138	3638317986	49844977	0	51826688
66032	3507596	workload-coordi	39	13652	13652	2654680	14	162	102	362889867	88242846	0	301436928
66375	3507149	workload-author	49	26976	28212	3327216	34	1014	474	31779332828	91605413	0	108969984
66375	3507234	workload-author	49	25548	27276	3327216	27	909	292	15663464598	53448292	0	63827968
66375	3507325	java	44	373700	509400	74306852	27	1615	139	3664303882	49991836	0	51982336
66375	3507596	workload-coordi	39	13688	13688	2654680	16	162	103	364590599	88356227	0	302542848
66719	3507149	workload-author	49	26988	28212	3327216	37	1019	478	32079780436	92621426	0	110092288
66719	3507234	workload-author	49	25548	27276	3327216	28	914	294	15709779450	53448428	0	63827968
66719	3507325	java	44	373744	509400	74306852	26	1622	139	3681611304	50144061	0	52137984
66719	3507596	workload-coordi	39	13656	13656	2654648	11	163	103	365308947	88369252	0	302850048
67063	3507149	workload-author	49	25388	28212	3327216	37	1028	481	32309151472	93097176	0	110649344
67063	3507234	workload-author	49	25548	27276	3327216	28	919	295	15760722302	53448564	0	63827968
67063	3507325	java	44	373692	509400	74306852	24	1625	140	3710458016	50308942	0	52310016
67063	3507596	workload-coordi	39	13688	13688	2654680	15	164	103	366709467	88448931	0	303685632
67406	3507149	workload-author	49	26996	28212	3327216	37	1035	484	32606885061	93543707	0	111181824
67406	3507234	workload-author	49	25548	27276	3327216	27	924	296	15806514034	53448700	0	63827968
67406	3507325	java	44	373860	509400	74306852	25	1632	140	3736418876	50453587	0	52461568
67406	3507596	workload-coordi	39	13656	13656	2654648	11	165	104	368039839	88528482	0	304418816
67751	3507149	workload-author	49	25432	28212	3327216	38	1040	487	32959123153	93915736	0	111652864
67751	3507234	workload-author	49	25548	27276	3327216	27	930	297	15855838946	53448844	0	63827968
67751	3507325	java	44	373860	509400	74306852	27	1639	141	3756494960	50606119	0	52621312
67751	3507596	workload-coordi	39	13656	13656	2654648	11	165	104	368668075	88529088	0	304713728
68095	3507149	workload-author	49	25164	28212	3327216	37	1044	490	33131310004	94147418	0	111927296
68095	3507234	workload-author	49	25548	27276	3327216	27	936	297	15903099782	53448980	0	63827968
68095	3507325	java	44	373864	509400	74306852	24	1642	141	3785242099	50845032	0	52875264
68095	3507596	workload-coordi	39	13688	13688	2654680	16	165	104	369650115	88604366	0	305422336
68440	3507149	workload-author	49	26964	28212	3327216	36	1052	492	33302110828	94490361	0	112332800
68440	3507234	workload-author	49	25548	27276	3327216	27	941	298	15954188554	53449116	0	63827968
68440	3507325	java	44	373872	509400	74306852	25	1650	142	3814108120	51055825	0	53096448
68440	3507596	workload-coordi	39	13656	13656	2654648	15	166	105	370877743	88663780	0	306057216
68782	3507149	workload-author	49	25288	28212	3327216	36	1061	497	33654671948	95048523	0	113004544
68782	3507234	workload-author	49	25548	27276	3327216	27	946	299	16001042942	53449252	0	63827968
68782	3507325	java	44	373832	509400	74306852	23	1657	142	3849979128	51121809	0	53161984
68782	3507596	workload-coordi	39	13688	13688	2654680	14	167	105	372787199	88669763	0	306987008
69124	3507149	workload-author	49	25484	28212	3327216	36	1069	501	33937955657	95519763	0	113573888
69124	3507234	workload-author	49	25548	27276	3327216	27	951	301	16050542434	53449388	0	63827968
69124	3507325	java	44	377496	509400	74306852	25	1669	143	3881722678	51237017	0	53280768
69124	3507596	workload-coordi	39	13656	13656	2654648	11	167	106	374191815	88700258	0	307744768
69471	3507149	workload-author	49	25068	28212	3327216	37	1075	506	34255098114	96040490	0	114188288
69471	3507234	workload-author	49	25548	27276	3327216	27	957	302	16097237382	53449532	0	63827968
69471	3507325	java	45	418880	509400	107861284	29	1691	144	3903799893	51459621	0	53522432
69471	3507596	workload-coordi	39	13656	13656	2654648	11	168	106	375378999	88734344	0	308449280
69816	3507149	workload-author	49	25068	28212	3327216	38	1081	508	34394195040	96247701	0	114438144
69816	3507234	workload-author	49	25548	27276	3327216	27	963	303	16146543246	53449668	0	63827968
69816	3507325	java	45	418904	509400	107861284	26	1696	144	3943832985	51744227	0	53813248
69816	3507596	workload-coordi	39	13656	13656	2654648	11	168	106	376734291	88875918	0	309329920
70161	3507149	workload-author	49	25068	28212	3327216	39	1088	513	34767712556	96759864	0	115060736
70161	3507234	workload-author	49	25548	27276	3327216	27	969	304	16195043038	53449804	0	63827968
70161	3507325	java	45	419428	509400	107861284	26	1702	145	3990068576	52111223	0	54202368
70161	3507596	workload-coordi	39	13656	13656	2654648	11	169	107	378927919	88943804	0	310640640
70506	3507149	workload-author	49	25068	28212	3327216	40	1094	517	35142599218	97235658	0	115638272
70506	3507234	workload-author	49	25548	27276	3327216	27	974	305	16245451062	53449940	0	63827968
70506	3507325	java	45	418036	509400	107861284	26	1712	146	4025684284	52276516	0	54378496
70506	3507596	workload-coordi	39	13688	13688	2654680	15	169	108	380583595	89011431	0	311693312
70850	3507149	workload-author	49	27008	28212	3327216	40	1102	521	35477997671	97789385	0	116285440
70850	3507234	workload-author	49	25548	27276	3327216	27	980	306	16291519506	53450084	0	63827968
70850	3507325	java	45	417448	509400	107861284	27	1719	146	4049806308	52573203	0	54689792
70850	3507596	workload-coordi	39	13660	13660	2654648	11	170	108	382267427	89161277	0	312737792
71193	3507149	workload-author	49	25068	28212	3327216	35	1110	526	35823001651	98182660	0	116772864
71193	3507234	workload-author	49	25548	27276	3327216	27	985	307	16340910346	53450220	0	63827968
71193	3507325	java	44	379560	509400	74306852	29	1726	147	4091439538	52751088	0	54882304
71193	3507596	workload-coordi	39	13692	13692	2654680	15	171	109	383980275	89204554	0	313724928
71538	3507149	workload-author	49	25068	28212	3327216	38	1116	531	36199167870	98781515	0	117481472
71538	3507234	workload-author	49	25548	27276	3327216	27	990	308	16388573914	53450356	0	63827968
71538	3507325	java	44	381464	509400	74306852	26	1732	148	4127587580	53119948	0	55255040
71538	3507596	workload-coordi	39	13672	13672	2654648	11	172	109	385848771	89297143	0	314773504
71881	3507149	workload-author	49	27044	28212	3327216	37	1124	535	36542671557	99245047	0	118042624
71881	3507234	workload-author	49	25548	27276	3327216	29	995	310	16438421218	53450492	0	63827968
71881	3507325	java	44	379496	509400	74306852	25	1738	149	4159755749	53409990	0	55566336
71881	3507596	workload-coordi	39	13672	13672	2654648	11	172	109	387672727	89364650	0	315887616
72225	3507149	workload-author	49	25252	28212	3327216	36	1130	538	36825922778	99559253	0	118444032
72225	3507234	workload-author	49	25548	27276	3327216	27	1000	311	16485365090	53450628	0	63827968
72225	3507325	java	44	380876	509400	74306852	24	1745	150	4202446289	53694717	0	55865344
72225	3507596	workload-coordi	39	13672	13672	2654648	11	173	110	388666883	89431991	0	316547072
72570	3507149	workload-author	49	25276	28212	3327216	34	1137	540	36937941148	99724719	0	118640640
72570	3507234	workload-author	49	25552	27276	3327216	27	1006	312	16533463406	53450772	0	63827968
72570	3507325	java	44	380936	509400	74306852	26	1752	150	4240585403	54119728	0	56307712
72570	3507596	workload-coordi	39	13680	13680	2654648	11	173	110	389755075	89466275	0	317116416
72915	3507149	workload-author	49	27060	28212	3327216	35	1144	543	37236466577	100167114	0	119173120
72915	3507234	workload-author	49	25552	27276	3327216	27	1012	312	16582942742	53450908	0	63827968
72915	3507325	java	44	379664	509400	74306852	23	1757	151	4275235227	54288177	0	56483840
72915	3507596	workload-coordi	39	13744	13744	2654680	17	174	110	391287011	89554424	0	318038016
73259	3507149	workload-author	49	25932	28212	3327216	34	1150	546	37569099544	100551532	0	119652352
73259	3507234	workload-author	49	25552	27276	3327216	27	1017	313	16631476590	53451044	0	63827968
73259	3507325	java	44	384652	509400	74306852	23	1766	152	4303812501	54391421	0	56594432
73259	3507596	workload-coordi	39	13680	13680	2654648	11	174	111	392132851	89567787	0	318443520
73604	3507149	workload-author	49	25888	28212	3327216	33	1158	549	37851709102	101043260	0	120225792
73604	3507234	workload-author	49	25552	27276	3327216	27	1023	314	16679984566	53451180	0	63827968
73604	3507325	java	44	382660	509400	74306852	22	1773	153	4333927881	54436773	0	56639488
73604	3507596	workload-coordi	39	13680	13680	2654648	11	175	111	393812415	89635071	0	319365120
73948	3507149	workload-author	49	25576	28212	3327216	38	1168	554	38174532013	101580977	0	120864768
73948	3507234	workload-author	49	25552	27276	3327216	30	1028	315	16727745858	53451324	0	63827968
73948	3507325	java	44	384652	509400	74306852	25	1778	154	4382876710	54667495	0	56881152
73948	3507596	workload-coordi	39	13680	13680	2654648	11	176	111	395196207	89669489	0	320069632
74292	3507149	workload-author	49	27188	28212	3327216	38	1176	559	38521436148	102188686	0	121581568
74292	3507234	workload-author	49	25552	27276	3327216	27	1033	316	16776027906	53451460	0	63827968
74292	3507325	java	44	334028	509400	40752420	24	1783	155	4420656439	54910795	0	57135104
74292	3507596	workload-coordi	39	13712	13712	2654680	16	176	111	396510711	89724327	0	320876544
74637	3507149	workload-author	49	27008	28212	3327216	38	1184	563	38857455434	102676861	0	122163200
74637	3507234	workload-author	49	25552	27276	3327216	27	1039	317	16823103610	53451596	0	63827968
74637	3507325	java	44	351228	509400	74306852	25	1788	156	4470969439	55114171	0	57339904
74637	3507596	workload-coordi	39	13680	13680	2654648	11	177	112	398338247	89804514	0	321904640
74983	3507149	workload-author	49	27048	28212	3327216	39	1190	566	39254027618	103102402	0	122687488
74983	3507234	workload-author	49	25552	27276	3327216	27	1045	318	16874001170	53451732	0	63827968
74983	3507325	java	44	365252	509400	74306852	26	1796	157	4516711805	55200831	0	57434112
74983	3507596	workload-coordi	39	13684	13684	2654648	11	178	112	399911487	89839294	0	322805760
75328	3507149	workload-author	49	25068	28212	3327216	37	1197	569	39472158479	104216076	0	123871232
75328	3507234	workload-author	49	25552	27276	3327216	27	1050	320	16921298434	53451876	0	63827968
75328	3507325	java	44	363344	509400	74306852	22	1802	158	4548074971	55389147	0	57622528
75328	3507596	workload-coordi	39	13684	13684	2654648	11	179	113	401681679	89948277	0	323862528
75673	3507149	workload-author	49	27052	28212	3327216	39	1204	574	39807573450	104757400	0	124514304
75673	3507234	workload-author	49	25552	27276	3327216	27	1055	321	16971888498	53452012	0	63827968
75673	3507325	java	44	363360	509400	74306852	25	1807	159	4582084588	55784569	0	58040320
75673	3507596	workload-coordi	39	13716	13716	2654680	14	180	114	403283591	90056943	0	324866048
76017	3507149	workload-author	49	25068	28212	3327216	38	1210	576	40091794835	105059797	0	124882944
76017	3507234	workload-author	49	25552	27276	3327216	28	1062	321	17018646186	53452148	0	63827968
76017	3507325	java	47	363672	509400	74306852	27	1815	160	4610331486	55958081	0	58224640
76017	3507596	workload-coordi	39	13684	13684	2654648	11	180	114	404561059	90132989	0	325652480
76361	3507149	workload-author	49	27016	28212	3327216	36	1218	581	40445418600	105592908	0	125513728
76361	3507234	workload-author	49	25552	27276	3327216	27	1067	322	17067700702	53452284	0	63827968
76361	3507325	java	47	363836	509400	74306852	23	1821	160	4643438433	56159689	0	58433536
76361	3507596	workload-coordi	39	13684	13684	2654648	11	181	115	406495263	90167902	0	326651904
76708	3507149	workload-author	49	27012	28212	3327216	36	1226	586	40837548071	106096956	0	126128128
76708	3507234	workload-author	49	25552	27276	3327216	27	1073	323	17114487694	53452420	0	63827968
76708	3507325	java	47	364044	509400	74306852	24	1827	161	4682622512	56378757	0	58662912
76708	3507596	workload-coordi	39	13728	13728	2654680	15	182	115	408446539	90256812	0	327868416
77051	3507149	workload-author	49	25532	28212	3327216	40	1234	590	41209902202	106675816	0	126832640
77051	3507234	workload-author	49	25552	27276	3327216	27	1079	323	17166036174	53452564	0	63827968
77051	3507325	java	47	363864	509400	74306852	26	1835	162	4709685625	56551889	0	58843136
77051	3507596	workload-coordi	39	13696	13696	2654648	11	183	116	410376991	90336836	0	328998912
77396	3507149	workload-author	49	25436	28212	3327216	34	1240	593	41497928037	106923573	0	127152128
77396	3507234	workload-author	49	25552	27276	3327216	27	1085	324	17212173982	53452700	0	63827968
77396	3507325	java	44	365332	509400	74306852	27	1840	163	4757011330	56780469	0	59084800
77396	3507596	workload-coordi	39	13728	13728	2654680	14	183	116	411650363	90371177	0	329740288
77739	3507149	workload-author	49	25440	28212	3327216	36	1246	598	41824197490	107365960	0	127680512
77739	3507234	workload-author	49	25552	27276	3327216	27	1090	325	17262036942	53452836	0	63827968
77739	3507325	java	44	364156	509400	74306852	26	1849	163	4788430648	57087971	0	59404288
77739	3507596	workload-coordi	39	13696	13696	2654648	11	184	117	413079383	90463337	0	330547200
78081	3507149	workload-author	49	27048	28212	3327216	35	1254	602	42145988021	107680466	0	128081920
78081	3507234	workload-author	49	25552	27276	3327216	27	1095	326	17307694538	53452972	0	63827968
78081	3507325	java	44	364612	509400	74306852	26	1855	165	4836843120	57253237	0	59576320
78081	3507596	workload-coordi	39	13728	13728	2654680	14	184	117	413855591	90501586	0	331001856
78427	3507149	workload-author	49	25632	28212	3327216	33	1263	606	42504752417	108259062	0	128753664
78427	3507234	workload-author	49	25552	27276	3327216	27	1101	327	17357193206	53453108	0	63827968
78427	3507325	java	44	364608	509400	74306852	26	1864	165	4863709750	57479825	0	59813888
78427	3507596	workload-coordi	39	13728	13728	2654648	15	185	118	415954151	90598166	0	332181504
78770	3507149	workload-author	49	27048	28212	3327216	34	1271	610	42848280115	108701941	0	129290240
78770	3507234	workload-author	49	25552	27276	3327216	27	1107	328	17404830450	53453252	0	63827968
78770	3507325	java	44	384144	509400	74306852	27	1875	166	4892160479	57756006	0	60108800
78770	3507596	workload-coordi	39	13728	13728	2654680	13	185	118	417313195	90714770	0	332955648
79110	3507149	workload-author	49	25696	28212	3327216	32	1280	615	43179157375	109255550	0	129937408
79110	3507234	workload-author	49	25552	27276	3327216	27	1111	330	17451723738	53453388	0	63827968
79110	3507325	java	44	384000	509400	74306852	23	1881	167	4935248229	57941899	0	60301312
79110	3507596	workload-coordi	39	13696	13728	2654680	14	186	119	418984739	90782290	0	333910016
79453	3507149	workload-author	49	25068	28212	3327216	35	1285	618	43420467770	109512079	0	130252800
79453	3507234	workload-author	49	25552	27276	3327216	27	1117	331	17501097050	53453524	0	63827968
79453	3507325	java	44	384044	509400	74306852	27	1887	168	4969577403	58378472	0	60760064
79453	3507596	workload-coordi	39	13696	13696	2654648	12	187	119	419851059	90848956	0	334401536
79797	3507149	workload-author	49	25480	28212	3327216	37	1292	622	43717153421	109971015	0	130801664
79797	3507234	workload-author	49	25552	27276	3327216	27	1123	331	17548698766	53453660	0	63827968
79797	3507325	java	44	384096	509400	74306852	24	1894	169	5015298879	58460904	0	60841984
79797	3507596	workload-coordi	39	13696	13696	2654648	11	187	119	421268135	90883248	0	335204352
80141	3507149	workload-author	49	27044	28212	3327216	39	1296	624	43917415894	110140692	0	131022848
80141	3507234	workload-author	49	25552	27276	3327216	27	1128	332	17598123962	53453796	0	63827968
80141	3507325	java	44	383900	509400	74306852	26	1899	170	5064047459	58720773	0	61112320
80141	3507596	workload-coordi	39	13696	13696	2654648	11	188	120	422685211	90917869	0	336007168
80484	3507149	workload-author	49	27012	28212	3327216	40	1301	626	44221407511	110388984	0	131338240
80484	3507234	workload-author	49	25552	27276	3327216	28	1133	333	17645911210	53453932	0	63827968
80484	3507325	java	44	383996	509400	74306852	26	1905	171	5111842815	59648082	0	62054400
80484	3507596	workload-coordi	39	13696	13696	2654648	11	188	120	423424555	90919012	0	336400384
80827	3507149	workload-author	49	27012	28212	3327216	38	1307	630	44636513953	110864133	0	131911680
80827	3507234	workload-author	49	25552	27276	3327216	27	1138	334	17694714834	53454068	0	63827968
80827	3507325	java	44	383940	509400	74306852	28	1913	171	5153894950	59915796	0	62337024
80827	3507596	workload-coordi	39	13728	13728	2654680	15	189	121	425844323	91024196	0	337928192
81169	3507149	workload-author	49	25092	28212	3327216	39	1314	633	44996791090	111319011	0	132452352
81169	3507234	workload-author	49	25552	27276	3327216	27	1143	335	17741019362	53454212	0	63827968
81169	3507325	java	44	385128	509400	74306852	26	1919	173	5187439001	60080567	0	62509056
81169	3507596	workload-coordi	39	13728	13728	2654680	15	189	121	426525979	91090562	0	338354176
81513	3507149	workload-author	49	27028	28212	3327216	41	1319	636	45295600529	111694553	0	132902912
81513	3507234	workload-author	49	25552	27276	3327216	27	1148	336	17791967642	53454348	0	63827968
81513	3507325	java	45	379144	509400	74306852	24	1924	173	5219034686	60307708	0	62742528
81513	3507596	workload-coordi	39	13696	13696	2654648	11	190	122	428854603	91204485	0	339697664
81858	3507149	workload-author	49	26136	28212	3327216	39	1326	641	45713129669	112153963	0	133464064
81858	3507234	workload-author	49	25552	27276	3327216	27	1154	337	17838914922	53454484	0	63827968
81858	3507325	java	45	377140	509400	74306852	28	1934	174	5247108182	60463996	0	62906368
81858	3507596	workload-coordi	39	13696	13696	2654648	11	191	122	429815475	91238312	0	340205568
82200	3507149	workload-author	49	26700	28212	3327216	37	1332	645	46118996863	112554920	0	133955584
82200	3507234	workload-author	49	25552	27276	3327216	27	1159	339	17889066778	53454620	0	63827968
82200	3507325	java	44	377632	509400	74306852	29	1943	175	5271692471	60798069	0	63258624
82200	3507596	workload-coordi	39	13696	13696	2654648	11	191	122	430887799	91305257	0	340926464
82543	3507149	workload-author	49	25444	28212	3327216	36	1338	648	46479571603	113009110	0	134500352
82543	3507234	workload-author	49	25552	27276	3327216	27	1164	340	17934587994	53454756	0	63827968
82543	3507325	java	44	377632	509400	74306852	23	1949	176	5324346959	61037359	0	63508480
82543	3507596	workload-coordi	39	13764	13764	2654712	17	192	123	432169363	91429718	0	341786624
82887	3507149	workload-author	49	27048	28212	3327216	37	1345	653	46816392904	114085773	0	135680000
82887	3507234	workload-author	49	25552	27276	3327216	27	1170	341	17986155114	53454892	0	63827968
82887	3507325	java	44	377660	509400	74306852	27	1957	176	5349500493	61194423	0	63672320
82887	3507596	workload-coordi	39	13700	13700	2654648	11	193	123	434218599	91514820	0	342917120
83231	3507149	workload-author	49	27052	28212	3327216	36	1353	657	47151780765	114495320	0	136171520
83231	3507234	workload-author	49	25552	27276	3327216	27	1175	341	18032316658	53455036	0	63827968
83231	3507325	java	44	379660	509400	74306852	26	1967	177	5401110463	61347007	0	63827968
83231	3507596	workload-coordi	39	13700	13700	2654648	11	194	123	435984351	91549559	0	343818240
83575	3507149	workload-author	49	25628	28212	3327216	35	1361	662	47485753066	115024915	0	136794112
83575	3507234	workload-author	49	25552	27276	3327216	27	1180	342	18083835714	53455172	0	63827968
83575	3507325	java	44	377392	509400	74306852	25	1974	178	5425694950	61746584	0	64253952
83575	3507596	workload-coordi	39	13732	13732	2654680	15	194	124	437458427	91616648	0	344596480
83918	3507149	workload-author	49	25068	28212	3327216	36	1369	665	47668999275	115343835	0	137170944
83918	3507234	workload-author	49	25552	27276	3327216	29	1186	343	18130521178	53455308	0	63827968
83918	3507325	java	44	377668	509400	74306852	24	1978	179	5474971656	61920122	0	64434176
83918	3507596	workload-coordi	39	13732	13732	2654680	15	195	124	439245003	91680514	0	345612288
84262	3507149	workload-author	49	27016	28212	3327216	35	1376	670	48013779097	115761074	0	137670656
84262	3507234	workload-author	49	25552	27276	3327216	27	1190	345	18178664410	53455444	0	63827968
84262	3507325	java	44	380004	509400	74306852	25	1989	180	5515498446	61969626	0	64483328
84262	3507596	workload-coordi	39	13700	13700	2654648	11	195	125	440547047	91743770	0	346386432
84605	3507149	workload-author	49	25620	28212	3327216	35	1381	675	48302701033	116183313	0	138178560
84605	3507234	workload-author	49	25552	27276	3327216	27	1195	345	18225372602	53455580	0	63827968
84605	3507325	java	44	380104	509400	74306852	25	1996	180	5540159855	62431083	0	64970752
84605	3507596	workload-coordi	39	13732	13732	2654648	15	196	125	441672619	91785847	0	347078656
84948	3507149	workload-author	49	25440	28212	3327216	37	1388	679	48674385033	116530444	0	138620928
84948	3507234	workload-author	49	25552	27276	3327216	27	1201	346	18275807966	53455716	0	63827968
84948	3507325	java	44	380108	509400	74306852	25	2004	181	5576481648	62550523	0	65093632
84948	3507596	workload-coordi	39	13700	13700	2654648	11	196	126	443298591	91845391	0	347910144
85291	3507149	workload-author	49	25068	28212	3327216	38	1394	682	48857287898	116716518	0	138854400
85291	3507234	workload-author	49	25552	27276	3327216	30	1207	347	18323140062	53455860	0	63827968
85291	3507325	java	44	380544	509400	74306852	26	2011	182	5603272385	62880309	0	65445888
85291	3507596	workload-coordi	39	13700	13700	2654648	11	197	126	444128391	91879376	0	348418048
85635	3507149	workload-author	49	27008	28212	3327216	35	1401	684	49102897481	117001588	0	139198464
85635	3507234	workload-author	49	25552	27276	3327216	27	1212	348	18372910266	53455996	0	63827968
85635	3507325	java	44	349772	509400	74306852	26	2019	183	5649762175	63119409	0	65691648
85635	3507596	workload-coordi	39	13700	13700	2654648	11	197	126	445306867	91913692	0	349024256
85979	3507149	workload-author	49	25432	28212	3327216	36	1409	689	49522269342	117555571	0	139853824
85979	3507234	workload-author	49	25552	27276	3327216	27	1217	349	18420040610	53456132	0	63827968
85979	3507325	java	44	363984	509400	74306852	26	2028	184	5685453203	63404059	0	65994752
85979	3507596	workload-coordi	39	13732	13732	2654680	14	198	127	446933355	91985185	0	349990912
86324	3507149	workload-author	49	25436	28212	3327216	35	1417	693	49881919812	117944306	0	140341248
86324	3507234	workload-author	49	25552	27276	3327216	27	1222	350	18470564874	53456268	0	63827968
86324	3507325	java	44	363980	509400	74306852	27	2036	185	5725112301	63561036	0	66166784
86324	3507596	workload-coordi	39	13700	13700	2654648	11	199	127	448826599	92082021	0	351076352
86668	3507149	workload-author	49	25068	28212	3327216	36	1427	697	50061747615	118370251	0	140828672
86668	3507234	workload-author	49	25552	27276	3327216	27	1227	352	18517855370	53456412	0	63827968
86668	3507325	java	44	366352	509400	74306852	26	2043	186	5765107815	63857632	0	66473984
86668	3507596	workload-coordi	39	13700	13700	2654648	11	201	127	450916967	92142167	0	352198656
87012	3507149	workload-author	49	25028	28212	3327216	36	1434	701	50216252508	118597718	0	141099008
87012	3507234	workload-author	49	25552	27276	3327216	27	1232	353	18568112358	53456548	0	63827968
87012	3507325	java	44	366432	509400	74306852	22	2052	186	5821605108	64222820	0	66850816
87012	3507596	workload-coordi	39	13732	13732	2654680	16	202	128	453068603	92235168	0	353337344
87357	3507149	workload-author	49	24884	28212	3327216	38	1442	705	50575774203	119043554	0	141643776
87357	3507234	workload-author	49	25552	27276	3327216	27	1238	354	18614735238	53456684	0	63827968
87357	3507325	java	44	366520	509400	74306852	23	2063	188	5860248711	64476325	0	67121152
87357	3507596	workload-coordi	39	13700	13700	2654648	11	202	128	453939019	92236372	0	353730560
87701	3507149	workload-author	49	24608	28212	3327216	39	1448	708	50833095148	119267115	0	141926400
87701	3507234	workload-author	49	25552	27276	3327216	28	1243	355	18662941634	53456820	0	63827968
87701	3507325	java	44	366552	509400	74306852	24	2071	189	5913399471	64707496	0	67362816
87701	3507596	workload-coordi	39	13700	13700	2654648	11	203	128	455577623	92304157	0	354652160
88044	3507149	workload-author	49	26568	28212	3327216	35	1456	713	51116122831	119631050	0	142364672
88044	3507234	workload-author	49	25552	27276	3327216	27	1248	356	18711310650	53456956	0	63827968
88044	3507325	java	44	366588	509400	74306852	24	2080	189	5950627770	65090915	0	67764224
88044	3507596	workload-coordi	39	13700	13700	2654648	11	204	128	456973703	92338657	0	355356672
88389	3507149	workload-author	49	24640	28212	3327216	35	1463	715	51547530652	120057107	0	142893056
88389	3507234	workload-author	49	25552	27276	3327216	27	1253	357	18759651234	53457100	0	63827968
88389	3507325	java	44	366360	509400	74306852	21	2086	190	5997600075	65243604	0	67923968
88389	3507596	workload-coordi	39	13736	13736	2654680	15	205	129	457848731	92454664	0	356007936
88734	3507149	workload-author	49	26568	28212	3327216	40	1471	719	51921794438	120561562	0	143499264
88734	3507234	workload-author	49	25552	27276	3327216	28	1259	359	18808602502	53457236	0	63827968
88734	3507325	java	44	366420	509400	74306852	22	2096	191	6031011940	65280716	0	67960832
88734	3507596	workload-coordi	39	13704	13704	2654648	11	205	129	458669823	92512831	0	356446208
89076	3507149	workload-author	49	25308	28212	3327216	36	1481	724	52271874019	121094581	0	144109568
89076	3507234	workload-author	49	25552	27276	3327216	27	1264	360	18855833386	53457372	0	63827968
89076	3507325	java	44	366316	509400	74306852	26	2104	191	6061272072	65515406	0	68210688
89076	3507596	workload-coordi	39	13736	13736	2654680	14	206	129	459795051	92620987	0	357150720
89419	3507149	workload-author	49	25024	28212	3327216	37	1491	728	52591694943	121533206	0	144642048
89419	3507234	workload-author	49	25552	27276	3327216	27	1269	361	18905096714	53457508	0	63827968
89419	3507325	java	44	366544	509400	74306852	27	2109	192	6092338411	65734334	0	68440064
89419	3507596	workload-coordi	39	13704	13704	2654648	11	207	130	461458059	92696803	0	358035456
89764	3507149	workload-author	49	25292	28212	3327216	36	1499	732	53002894779	122004465	0	145215488
89764	3507234	workload-author	49	25552	27276	3327216	27	1275	362	18952363630	53457644	0	63827968
89764	3507325	java	44	367340	509400	74306852	25	2114	193	6135174538	65952703	0	68669440
89764	3507596	workload-coordi	39	13704	13704	2654648	11	207	130	463162199	92764516	0	358952960
90106	3507149	workload-author	49	24856	28212	3327216	34	1509	738	53387898648	122525453	0	145833984
90106	3507234	workload-author	49	25552	27276	3327216	28	1280	364	19001906230	53457780	0	63827968
90106	3507325	java	44	366592	509400	74306852	27	2123	194	6169396772	66183911	0	68907008
90106	3507596	workload-coordi	39	13704	13704	2654648	12	208	131	465671219	92833482	0	360267776
90449	3507149	workload-author	49	26592	28212	3327216	39	1521	743	53730684113	123132911	0	146546688
90449	3507234	workload-author	49	25552	27276	3327216	27	1285	364	19048549046	53457924	0	63827968
90449	3507325	java	44	367552	509400	74306852	25	2130	195	6210823927	66422862	0	69156864
90449	3507596	workload-coordi	39	13736	13736	2654680	14	209	132	467555927	92872638	0	361213952
90794	3507149	workload-author	49	24980	28212	3327216	34	1529	747	53959733351	123435626	0	146903040
90794	3507234	workload-author	49	25552	27276	3327216	27	1290	366	19098660858	53458060	0	63827968
90794	3507325	java	44	375972	509400	74306852	27	2139	196	6254309566	66588403	0	69337088
90794	3507596	workload-coordi	39	13704	13736	2654648	11	210	132	469449171	92969903	0	362299392
91138	3507149	workload-author	49	24608	28212	3327216	33	1537	750	54241730647	123745552	0	147275776
91138	3507234	workload-author	49	25552	27276	3327216	27	1296	366	19145465522	53458196	0	63827968
91138	3507325	java	44	375996	509400	74306852	25	2146	196	6284358828	66893072	0	69652480
91138	3507596	workload-coordi	39	13704	13704	2654648	11	210	133	470627647	93004140	0	362905600
91483	3507149	workload-author	49	24968	28212	3327216	39	1545	754	54483198641	124175796	0	147791872
91483	3507234	workload-author	49	25552	27276	3327216	27	1301	368	19196155346	53458332	0	63827968
91483	3507325	java	44	376376	509400	74306852	27	2154	197	6337292379	67116003	0	69890048
91483	3507596	workload-coordi	39	13704	13704	2654648	11	211	134	473223199	93072591	0	364318720
91825	3507149	workload-author	49	26596	28212	3327216	36	1552	757	54864144123	124518802	0	148217856
91825	3507234	workload-author	49	25552	27276	3327216	27	1306	369	19242050274	53458468	0	63827968
91825	3507325	java	44	378312	509400	74306852	25	2160	198	6372519184	67305065	0	70086656
91825	3507596	workload-coordi	39	13704	13704	2654648	11	212	134	474212743	93148241	0	364867584
92166	3507149	workload-author	49	24984	28212	3327216	35	1560	761	55199393224	124854280	0	148631552
92166	3507234	workload-author	49	25552	27276	3327216	27	1312	370	19290504142	53458604	0	63827968
92166	3507325	java	44	378244	509400	74306852	25	2167	198	6416850557	67586059	0	70385664
92166	3507596	workload-coordi	39	13768	13736	2654680	14	213	134	476360455	93240739	0	366043136
92511	3507149	workload-author	49	28956	28956	3327216	36	1571	766	55600450219	126232801	0	150118400
92511	3507234	workload-author	49	25552	27276	3327216	27	1318	371	19337929398	53458748	0	63827968
92511	3507325	java	44	376288	509400	74306852	26	2173	199	6443139279	67751315	0	70561792
92511	3507596	workload-coordi	39	13704	13704	2654648	11	214	135	478380847	93308985	0	367120384
92854	3507149	workload-author	49	25176	29780	3327216	37	1580	770	55827080100	126637469	0	150593536
92854	3507234	workload-author	49	25676	27276	3327216	27	1323	372	19388513230	53458884	0	63827968
92854	3507325	java	44	377232	509400	74306852	26	2181	200	6483739526	67916092	0	70737920
92854	3507596	workload-coordi	39	13704	13704	2654648	11	214	135	479559323	93343163	0	367726592
93196	3507149	workload-author	49	24616	29780	3327216	39	1587	773	56086020945	127030131	0	151064576
93196	3507234	workload-author	49	25552	27276	3327216	27	1328	373	19433967306	53459020	0	63827968
93196	3507325	java	44	376184	509400	74306852	26	2186	201	6519049277	68266447	0	71122944
93196	3507596	workload-coordi	39	13704	13704	2654648	11	215	136	481349995	93410976	0	368746496
93537	3507149	workload-author	49	24616	29780	3327216	36	1597	778	56412769796	127394100	0	151519232
93537	3507234	workload-author	49	25552	27276	3327216	27	1334	373	19481825978	53459156	0	63827968
93537	3507325	java	44	376416	509400	74306852	25	2195	202	6554972870	68419348	0	71286784
93537	3507596	workload-coordi	39	13704	13704	2654648	11	216	136	482836531	93478773	0	369569792
93879	3507149	workload-author	49	26564	29780	3327216	38	1602	782	56808496732	127799089	0	152014848
93879	3507234	workload-author	49	25552	27276	3327216	28	1339	375	19530637354	53459292	0	63827968
93879	3507325	java	44	376128	509400	74306852	28	2201	203	6586016404	68596616	0	71471104
93879	3507596	workload-coordi	39	13704	13704	2654648	11	217	136	484232611	93513114	0	370274304
94223	3507149	workload-author	49	24984	29780	3327216	37	1612	786	57198232680	128324526	0	152641536
94223	3507234	workload-author	49	25552	27276	3327216	27	1344	376	19579283178	53459428	0	63827968
94223	3507325	java	44	376160	509400	74306852	25	2207	203	6628663561	68967437	0	71864320
94223	3507596	workload-coordi	39	13704	13704	2654648	11	218	137	485501543	93580328	0	370995200
94566	3507149	workload-author	49	26600	29780	3327216	39	1619	790	57640404034	128791008	0	153210880
94566	3507234	workload-author	49	25552	27276	3327216	27	1349	377	19626901926	53459564	0	63827968
94566	3507325	java	44	336984	509400	40752420	26	2214	204	6676121265	69178209	0	72089600
94566	3507596	workload-coordi	39	13704	13704	2654648	11	218	137	486696575	93754486	0	371806208
94909	3507149	workload-author	49	24888	29780	3327216	35	1626	794	57961609638	129134710	0	153628672
94909	3507234	workload-author	49	25552	27276	3327216	27	1355	378	19674939358	53459708	0	63827968
94909	3507325	java	44	337008	509400	40752420	25	2221	205	6721733690	69314171	0	72224768
94909	3507596	workload-coordi	39	13708	13708	2654648	11	219	137	488154267	93755815	0	372494336
95252	3507149	workload-author	49	24744	29780	3327216	38	1630	797	58356211817	129441054	0	154021888
95252	3507234	workload-author	49	25552	27276	3327216	27	1360	379	19724799686	53459844	0	63827968
95252	3507325	java	44	338928	509400	40752420	27	2227	206	6755651669	69691191	0	72617984
95252	3507596	workload-coordi	39	13708	13708	2654648	11	219	137	488914607	93756595	0	372985856
95596	3507149	workload-author	49	26600	29780	3327216	41	1637	800	58604623750	129800936	0	154439680
95596	3507234	workload-author	49	25552	27276	3327216	27	1365	381	19771375382	53459980	0	63827968
95596	3507325	java	44	336816	509400	40752420	25	2232	207	6800944853	69846027	0	72785920
95596	3507596	workload-coordi	39	13708	13708	2654648	11	220	138	490417699	93955483	0	374001664
95939	3507149	workload-author	49	26600	29780	3327216	39	1644	805	59020934643	130296658	0	155021312
95939	3507234	workload-author	49	25552	27276	3327216	27	1370	382	19822261030	53460116	0	63827968
95939	3507325	java	44	367884	509400	74306852	26	2239	208	6841973959	69981941	0	72921088
95939	3507596	workload-coordi	39	13708	13708	2654648	11	221	139	492524623	94072686	0	375250944
96283	3507149	workload-author	49	24616	29780	3327216	39	1651	809	59430756287	130659668	0	155475968
96283	3507234	workload-author	49	25552	27276	3327216	27	1374	384	19867623318	53460252	0	63827968
96283	3507325	java	44	365964	509400	74306852	25	2247	208	6884987275	70372993	0	73330688
96283	3507596	workload-coordi	39	13708	13708	2654648	11	221	139	493288887	94106450	0	375758848
96627	3507149	workload-author	49	24616	29780	3327216	39	1660	813	59626437975	130957408	0	155828224
96627	3507234	workload-author	49	25552	27276	3327216	27	1380	385	19917964058	53460388	0	63827968
96627	3507325	java	44	370488	509400	74306852	26	2252	210	6949505093	71345347	0	74330112
96627	3507596	workload-coordi	39	13740	13740	2654680	14	222	139	494833111	94157760	0	376619008
96969	3507149	workload-author	49	26600	29780	3327216	37	1667	816	59851084765	131160422	0	156078080
96969	3507234	workload-author	49	25552	27276	3327216	27	1385	386	19964519194	53460532	0	63827968
96969	3507325	java	44	369440	509400	74306852	25	2259	211	7001157407	71498047	0	74485760
96969	3507596	workload-coordi	39	13708	13708	2654648	11	222	140	496188059	94200829	0	377290752
97313	3507149	workload-author	49	24616	29780	3327216	37	1675	820	60214921036	131602788	0	156610560
97313	3507234	workload-author	49	25552	27276	3327216	28	1391	387	20014331882	53460668	0	63827968
97313	3507325	java	44	369440	509400	74306852	25	2266	212	7048357712	71700051	0	74694656
97313	3507596	workload-coordi	39	13708	13708	2654648	11	223	140	497953811	94235376	0	378191872
97654	3507149	workload-author	49	24616	29780	3327216	37	1685	824	60506643347	132020441	0	157106176
97654	3507234	workload-author	49	25552	27276	3327216	27	1396	388	20059909510	53460804	0	63827968
97654	3507325	java	44	369484	509400	74306852	28	2273	212	7098123200	71980061	0	74989568
97654	3507596	workload-coordi	39	13740	13740	2654680	15	224	140	498849147	94269269	0	378699776
97997	3507149	workload-author	49	24616	29780	3327216	38	1691	828	60896341404	132397031	0	157569024
97997	3507234	workload-author	49	25552	27276	3327216	27	1402	389	20108005250	53460940	0	63827968
97997	3507325	java	44	369368	509400	74306852	25	2279	213	7149208099	72202977	0	75218944
97997	3507596	workload-coordi	39	13740	13740	2654680	15	224	141	499953895	94336792	0	379363328
98341	3507149	workload-author	49	26696	29780	3327216	40	1698	833	61230029448	132875902	0	158130176
98341	3507234	workload-author	49	25552	27276	3327216	27	1407	390	20156780890	53461076	0	63827968
98341	3507325	java	44	377684	509400	74306852	25	2283	213	7181366741	72257217	0	75272192
98341	3507596	workload-coordi	39	13712	13712	2654648	11	225	141	501407491	94428654	0	380170240
98684	3507149	workload-author	49	25316	29780	3327216	35	1707	838	61484522707	133174005	0	158482432
98684	3507234	workload-author	49	25552	27276	3327216	27	1413	390	20204349030	53461212	0	63827968
98684	3507325	java	44	377684	509400	74306852	26	2290	214	7212155123	72495453	0	75522048
98684	3507596	workload-coordi	39	13712	13712	2654648	11	225	142	502368363	94462877	0	380678144
99027	3507149	workload-author	49	25184	29780	3327216	41	1713	841	61733930480	133488444	0	158875648
99027	3507234	workload-author	49	25552	27276	3327216	27	1418	391	20253057498	53461348	0	63827968
99027	3507325	java	44	377688	509400	74306852	28	2296	215	7241804842	72672599	0	75710464
99027	3507596	workload-coordi	39	13712	13712	2654648	11	226	142	503173243	94463577	0	381071360
99368	3507149	workload-author	49	26720	29780	3327216	37	1719	844	61975801576	133674521	0	159113216
99368	3507234	workload-author	49	25552	27276	3327216	27	1424	392	20300852938	53461492	0	63827968
99368	3507325	java	44	336756	509400	40752420	24	2299	216	7289382893	72899571	0	75948032
99368	3507596	workload-coordi	39	13744	13744	2654680	14	226	142	503756423	94505607	0	381431808
99713	3507149	workload-author	49	26600	29780	3327216	37	1724	846	62290845229	133972082	0	159477760
99713	3507234	workload-author	49	25552	27276	3327216	27	1430	392	20351033474	53461628	0	63827968
99713	3507325	java	44	336844	509400	40752420	24	2303	216	7317868188	72944955	0	75993088
99713	3507596	workload-coordi	39	13744	13744	2654680	15	226	142	504684699	94564415	0	382005248
100058	3507149	workload-author	49	25056	29780	3327216	40	1732	851	62575527664	134418878	0	160002048
100058	3507234	workload-author	49	25552	27276	3327216	27	1435	393	20398113394	53461764	0	63827968
100058	3507325	java	44	338656	509400	40752420	25	2307	218	7361358249	73019131	0	76066816
100058	3507596	workload-coordi	39	13712	13712	2654648	12	227	143	506298383	94599032	0	382808064
100397	3507149	workload-author	49	25216	29780	3327216	37	1742	855	62827394375	134803090	0	160448512
100397	3507234	workload-author	49	25552	27276	3327216	27	1441	394	20446571990	53461900	0	63827968
100397	3507325	java	44	336732	509400	40752420	28	2313	219	7402097804	73212789	0	76271616
100397	3507596	workload-coordi	39	13744	13744	2654680	14	228	143	507160779	94608272	0	383250432
100739	3507149	workload-author	49	26828	29780	3327216	36	1748	858	63094597536	135092852	0	160800768
100739	3507234	workload-author	49	25552	27276	3327216	27	1446	395	20494343230	53462036	0	63827968
100739	3507325	java	44	336732	509400	40752420	28	2319	219	7429219661	73447521	0	76517376
100739	3507596	workload-coordi	39	13712	13712	2654648	11	228	143	507998599	94633952	0	383709184
101084	3507149	workload-author	49	24844	29780	3327216	34	1754	861	63345914808	135398477	0	161157120
101084	3507234	workload-author	49	25552	27276	3327216	29	1451	396	20544066774	53462172	0	63827968
101084	3507325	java	44	336916	509400	40752420	30	2320	220	7458429843	73538394	0	76611584
101084	3507596	workload-coordi	39	13712	13712	2654648	11	228	144	508622911	94716823	0	384155648
101428	3507149	workload-author	49	24900	29780	3327216	37	1761	865	63569017244	135667277	0	161488896
101428	3507234	workload-author	49	25552	27276	3327216	27	1457	397	20590258482	53462316	0	63827968
101428	3507325	java	44	337188	509400	40752420	25	2324	220	7500152103	73712485	0	76787712
101428	3507596	workload-coordi	39	13712	13712	2654648	11	229	144	510048179	94767621	0	384974848
101772	3507149	workload-author	49	24900	29780	3327216	37	1770	868	63746791172	135952649	0	161824768
101772	3507234	workload-author	49	25552	27276	3327216	27	1462	398	20641035402	53462452	0	63827968
101772	3507325	java	44	353764	509400	74306852	27	2331	221	7529137937	73946077	0	77033472
101772	3507596	workload-coordi	39	13712	13712	2654648	11	229	145	511941079	94770144	0	385859584
102115	3507149	workload-author	49	26576	29780	3327216	38	1778	872	63899580270	136171884	0	162082816
102115	3507234	workload-author	49	25552	27276	3327216	27	1467	399	20687150506	53462588	0	63827968
102115	3507325	java	44	353844	509400	74306852	26	2338	222	7560781660	74024896	0	77119488
102115	3507596	workload-coordi	39	13712	13712	2654648	11	230	145	513296199	94837440	0	386596864
102458	3507149	workload-author	49	26568	29780	3327216	39	1784	875	64208931746	136515522	0	162504704
102458	3507234	workload-author	49	25552	27276	3327216	28	1473	400	20738626434	53462724	0	63827968
102458	3507325	java	44	355940	509400	74306852	25	2345	222	7591121865	74264067	0	77369344
102458	3507596	workload-coordi	39	13712	13712	2654648	11	231	146	514166615	94838559	0	386990080
102802	3507149	workload-author	49	25028	29780	3327216	39	1790	879	64496140821	136896020	0	162947072
102802	3507234	workload-author	49	25552	27276	3327216	28	1478	401	20784656530	53462860	0	63827968
102802	3507325	java	44	355948	509400	74306852	26	2351	223	7623239264	74539715	0	77660160
102802	3507596	workload-coordi	39	13744	13744	2654680	14	231	146	515246787	94967102	0	387715072
103147	3507149	workload-author	49	26636	29780	3327216	37	1799	882	64792792035	137242562	0	163360768
103147	3507234	workload-author	49	25552	27276	3327216	27	1484	401	20833561130	53462996	0	63827968
103147	3507325	java	44	355856	509400	74306852	29	2356	224	7652746342	74684302	0	77815808
103147	3507596	workload-coordi	39	13744	13744	2654680	16	232	146	516565215	95050982	0	388509696
103490	3507149	workload-author	49	27940	29780	3327216	39	1807	885	65049776580	138287178	0	164474880
103490	3507234	workload-author	49	25552	27276	3327216	27	1489	403	20880785886	53463132	0	63827968
103490	3507325	java	44	355864	509400	74306852	24	2362	224	7673023165	74836888	0	77971456
103490	3507596	workload-coordi	39	13716	13716	2654648	11	233	147	517932451	95155271	0	389271552
103829	3507149	workload-author	49	25128	29780	3327216	40	1814	889	65260018921	138580884	0	164839424
103829	3507234	workload-author	49	25552	27276	3327216	27	1495	404	20928669034	53463276	0	63827968
103829	3507325	java	44	355868	509400	74306852	23	2368	225	7708292634	74923721	0	78061568
103829	3507596	workload-coordi	39	13716	13716	2654648	11	233	147	519045391	95189431	0	389877760
104175	3507149	workload-author	49	24860	29780	3327216	37	1819	891	65475611161	138775089	0	165076992
104175	3507234	workload-author	49	25552	27276	3327216	27	1500	405	20976673250	53463412	0	63827968
104175	3507325	java	44	355628	509400	74306852	25	2374	225	7729908726	75145761	0	78295040
104175	3507596	workload-coordi	39	13716	13716	2654648	11	233	147	519784735	95190211	0	390270976
104519	3507149	workload-author	49	25024	29780	3327216	37	1825	894	65810633198	139076922	0	165445632
104519	3507234	workload-author	49	25552	27276	3327216	27	1506	406	21026297562	53463548	0	63827968
104519	3507325	java	44	356744	509400	74306852	26	2382	226	7758179317	75409946	0	78573568
104519	3507596	workload-coordi	39	13748	13748	2654680	14	234	148	520799027	95224262	0	390815744
104864	3507149	workload-author	49	26848	29780	3327216	40	1830	896	66095327473	139424239	0	165855232
104864	3507234	workload-author	49	25552	27276	3327216	27	1511	407	21074571402	53463684	0	63827968
104864	3507325	java	44	356832	509400	74306852	25	2385	227	7783981683	75451210	0	78614528
104864	3507596	workload-coordi	39	13716	13716	2654648	11	235	148	522039115	95316195	0	391524352
105206	3507149	workload-author	49	26600	29780	3327216	39	1834	899	66424773108	139622860	0	166125568
105206	3507234	workload-author	49	25552	27276	3327216	27	1517	408	21123028090	53463820	0	63827968
105206	3507325	java	44	356768	509400	74306852	28	2390	228	7805466902	75673282	0	78848000
105206	3507596	workload-coordi	39	13716	13716	2654648	11	235	148	523017059	95317164	0	392114176
105548	3507149	workload-author	49	24648	29780	3327216	37	1837	902	66681741147	139850284	0	166404096
105548	3507234	workload-author	49	25552	27276	3327216	27	1522	409	21169626966	53463964	0	63827968
105548	3507325	java	44	337080	509400	40752420	28	2395	228	7831639188	75740248	0	78929920
105548	3507596	workload-coordi	39	13780	13780	2654712	18	236	148	523456879	95342286	0	392458240
105890	3507149	workload-author	49	26600	29780	3327216	39	1843	905	66974447682	140180629	0	166797312
105890	3507234	workload-author	49	25552	27276	3327216	27	1528	410	21219645878	53464100	0	63827968
105890	3507325	java	44	337064	509400	40752420	27	2400	229	7854201240	76003636	0	79196160
105890	3507596	workload-coordi	39	13716	13716	2654648	11	237	148	525013219	95450877	0	393359360
106234	3507149	workload-author	49	26608	29780	3327216	39	1847	908	67222206687	140433163	0	167104512
106234	3507234	workload-author	49	25552	27276	3327216	27	1534	410	21267501706	53464236	0	63827968
106234	3507325	java	44	337152	509400	40752420	26	2407	230	7899871808	76308357	0	79515648
106234	3507596	workload-coordi	39	13716	13716	2654648	11	237	149	525793695	95517383	0	393883648
106579	3507149	workload-author	49	26996	29780	3327216	40	1853	911	67556260711	140871096	0	167608320
106579	3507234	workload-author	49	25552	27276	3327216	27	1539	412	21315181106	53464372	0	63827968
106579	3507325	java	44	337232	509400	40752420	25	2411	230	7929181223	76452654	0	79671296
106579	3507596	workload-coordi	39	13748	13748	2654680	16	238	149	527937999	95617895	0	395214848
106922	3507149	workload-author	49	25000	29780	3327216	39	1860	914	67897878306	141160398	0	167972864
106922	3507234	workload-author	49	25552	27276	3327216	27	1544	413	21363900578	53464508	0	63827968
106922	3507325	java	44	337072	509400	40752420	27	2420	231	7951290546	76465658	0	79691776
106922	3507596	workload-coordi	39	13716	13716	2654648	11	239	149	529220079	95619776	0	396001280
107265	3507149	workload-author	49	25032	29780	3327216	35	1866	918	68092546191	141334347	0	168181760
107265	3507234	workload-author	49	25552	27276	3327216	27	1549	414	21413082570	53464644	0	63827968
107265	3507325	java	44	337096	509400	40752420	23	2428	231	7982442355	76638558	0	79863808
107265	3507596	workload-coordi	39	13716	13716	2654648	11	239	149	530567007	95654649	0	396705792
107608	3507149	workload-author	49	24656	29780	3327216	38	1875	922	68392097086	141780731	0	168706048
107608	3507234	workload-author	49	25552	27276	3327216	27	1554	415	21460779854	53464788	0	63827968
107608	3507325	java	44	337096	509400	40752420	25	2435	232	8010380243	76840399	0	80076800
107608	3507596	workload-coordi	39	13748	13748	2654680	17	240	150	532443695	95734414	0	397733888
107953	3507149	workload-author	49	26604	29780	3327216	36	1883	926	68654428463	142190118	0	169177088
107953	3507234	workload-author	49	25552	27276	3327216	27	1559	417	21507306390	53464924	0	63827968
107953	3507325	java	44	358840	509400	74306852	27	2442	232	8049128859	76931320	0	80171008
107953	3507596	workload-coordi	39	13716	13716	2654648	11	241	151	534390015	95814823	0	398766080
108294	3507149	workload-author	49	26600	29780	3327216	38	1889	930	69016083655	142501052	0	169574400
108294	3507234	workload-author	49	25552	27276	3327216	27	1565	418	21557249238	53465060	0	63827968
108294	3507325	java	44	362788	509400	74306852	24	2451	233	8089032751	77117192	0	80363520
108294	3507596	workload-coordi	39	13716	13716	2654648	12	241	151	535042827	95815742	0	399060992
108638	3507149	workload-author	49	25032	29780	3327216	41	1896	936	69427305324	143025631	0	170196992
108638	3507234	workload-author	49	25552	27276	3327216	27	1571	419	21604496174	53465196	0	63827968
108638	3507325	java	44	362792	509400	74306852	25	2458	234	8116920382	77381013	0	80642048
108638	3507596	workload-coordi	39	13780	13780	2654712	19	242	151	536521343	95870510	0	399904768
108979	3507149	workload-author	49	26636	29780	3327216	37	1908	940	69807450346	143525695	0	170778624
108979	3507234	workload-author	49	25552	27276	3327216	27	1576	420	21654243978	53465332	0	63827968
108979	3507325	java	44	363540	509400	74306852	28	2463	235	8157061592	77677478	0	80953344
108979	3507596	workload-coordi	39	13748	13748	2654680	16	243	152	538562387	96041157	0	401149952
109323	3507149	workload-author	49	25232	29780	3327216	34	1920	946	70191793996	144046504	0	171393024
109323	3507234	workload-author	49	25552	27276	3327216	27	1581	421	21700359426	53465468	0	63827968
109323	3507325	java	45	368360	509400	74306852	26	2472	236	8192540350	77954039	0	81244160
109323	3507596	workload-coordi	39	13716	13716	2654648	11	244	152	539864087	96133544	0	401895424
109666	3507149	workload-author	49	26632	29780	3327216	38	1927	949	70461023216	144389233	0	171827200
109666	3507234	workload-author	49	25552	27276	3327216	27	1586	422	21751493538	53465604	0	63827968
109666	3507325	java	45	368824	509400	74306852	26	2480	236	8255209161	78164288	0	81461248
109666	3507596	workload-coordi	39	13724	13724	2654648	11	245	153	541592975	96209029	0	402837504
110009	3507149	workload-author	49	26616	29780	3327216	38	1937	955	70819005146	144836082	0	172359680
110009	3507234	workload-author	49	25552	27276	3327216	27	1592	423	21796997122	53465748	0	63827968
110009	3507325	java	44	368816	509400	74306852	23	2487	237	8290622714	78440169	0	81756160
110009	3507596	workload-coordi	39	13724	13724	2654648	11	245	153	542886483	96292904	0	403574784
110354	3507149	workload-author	49	26612	29780	3327216	36	1947	960	71269037990	145348817	0	172978176
110354	3507234	workload-author	49	25552	27276	3327216	27	1597	424	21845987574	53465884	0	63827968
110354	3507325	java	44	368756	509400	74306852	25	2496	238	8330915114	78489673	0	81805312
110354	3507596	workload-coordi	39	13724	13724	2654648	11	246	153	544685519	96328005	0	404578304
110698	3507149	workload-author	49	26612	29780	3327216	40	1953	964	71743556845	145787250	0	173514752
110698	3507234	workload-author	49	25552	27276	3327216	27	1602	425	21893749046	53466020	0	63827968
110698	3507325	java	44	368900	509400	74306852	25	2504	238	8346814394	78621921	0	81944576
110698	3507596	workload-coordi	39	13724	13724	2654648	11	247	154	546127171	96378715	0	405397504
111041	3507149	workload-author	49	24648	29780	3327216	35	1963	970	72204813660	146275016	0	174092288
111041	3507234	workload-author	49	25552	27276	3327216	27	1608	426	21944033030	53466156	0	63827968
111041	3507325	java	44	368792	509400	74306852	25	2514	239	8384249938	78926257	0	82264064
111041	3507596	workload-coordi	39	13724	13724	2654648	11	248	154	547338415	96396703	0	405987328
111385	3507149	workload-author	49	26852	29780	3327216	38	1970	976	72604632555	146672350	0	174575616
111385	3507234	workload-author	49	25552	27276	3327216	28	1614	427	21991285918	53466292	0	63827968
111385	3507325	java	44	368920	509400	74306852	23	2522	240	8434353673	79070939	0	82415616
111385	3507596	workload-coordi	39	13724	13724	2654648	11	248	154	548451355	96472121	0	406659072
111728	3507149	workload-author	49	24648	29780	3327216	34	1978	980	72918274481	146990537	0	174960640
111728	3507234	workload-author	49	25552	27276	3327216	27	1619	428	22038174306	53466428	0	63827968
111728	3507325	java	44	380864	509400	74306852	24	2534	241	8477785087	79256843	0	82608128
111728	3507596	workload-coordi	39	13724	13724	2654648	11	249	155	550253799	96482619	0	407494656
112069	3507149	workload-author	49	25000	29780	3327216	34	1985	984	73224591308	147292595	0	175329280
112069	3507234	workload-author	49	25552	27276	3327216	27	1624	429	22086383478	53466572	0	63827968
112069	3507325	java	44	380492	509400	74306852	25	2542	242	8521519484	79545052	4096	82911232
112069	3507596	workload-coordi	39	13724	13756	2654648	11	250	156	552106083	96517217	0	408494080
112411	3507149	workload-author	49	24648	29780	3327216	38	1993	988	73447785721	147656490	0	175742976
112411	3507234	workload-author	49	25552	27276	3327216	27	1630	430	22133169690	53466708	0	63827968
112411	3507325	java	44	380432	509400	74306852	26	2550	243	8554564886	79809301	4096	83189760
112411	3507596	workload-coordi	39	13724	13724	2654648	11	250	156	553210659	96593106	0	409128960
112756	3507149	workload-author	49	26628	29780	3327216	36	1998	991	73934140383	148667522	0	176852992
112756	3507234	workload-author	49	25552	27276	3327216	27	1636	430	22183769322	53466844	0	63827968
112756	3507325	java	44	337528	509400	40752420	26	2558	244	8599768535	79941021	4096	83324928
112756	3507596	workload-coordi	39	13724	13724	2654648	11	250	156	553645867	96593442	0	409325568
113100	3507149	workload-author	49	26600	29780	3327216	34	2004	994	74375900356	149006398	0	177270784
113100	3507234	workload-author	49	25552	27276	3327216	27	1641	431	22230759006	53466980	0	63827968
113100	3507325	java	44	338348	509400	40752420	27	2566	245	8646398936	80332991	4096	83738624
113100	3507596	workload-coordi	39	13736	13736	2654648	11	251	156	554845167	96676894	0	410058752
113445	3507149	workload-author	49	25220	29780	3327216	35	2009	997	74923613217	149295606	0	177668096
113445	3507234	workload-author	49	25552	27276	3327216	28	1646	433	22280407726	53467116	0	63827968
113445	3507325	java	44	338404	509400	40752420	26	2572	246	8690923479	80576048	4096	83996672
113445	3507596	workload-coordi	39	13768	13768	2654680	14	251	156	555165515	96734787	0	410296320
113789	3507149	workload-author	49	26636	29780	3327216	35	2012	1000	75284518646	149493690	0	177938432
113789	3507234	workload-author	49	25552	27276	3327216	27	1652	434	22328172358	53467260	0	63827968
113789	3507325	java	44	337756	509400	40752420	25	2579	247	8733794667	80798853	4096	84230144
113789	3507596	workload-coordi	39	13736	13736	2654648	11	252	157	556163423	96802004	0	410882048
114132	3507149	workload-author	49	24812	29780	3327216	34	2018	1005	75676263827	149940400	0	178466816
114132	3507234	workload-author	49	25552	27276	3327216	27	1657	434	22377915662	53467396	0	63827968
114132	3507325	java	44	337528	509400	40752420	24	2587	248	8774185325	80984393	4096	84422656
114132	3507596	workload-coordi	39	13736	13736	2654648	12	253	157	557809875	96820173	0	411668480
114474	3507149	workload-author	49	26604	29780	3327216	33	2024	1009	76100584937	150332881	0	178937856
114474	3507234	workload-author	49	25552	27276	3327216	29	1663	436	22424937710	53467532	0	63827968
114474	3507325	java	44	337832	509400	40752420	24	2594	248	8818339093	81380151	4096	84840448
114474	3507596	workload-coordi	39	13772	13772	2654680	15	253	157	558545123	96993739	0	412282880
114820	3507149	workload-author	49	26604	29780	3327216	34	2028	1013	76543472256	150647465	0	179339264
114820	3507234	workload-author	49	25552	27276	3327216	27	1668	436	22474819890	53467668	0	63827968
114820	3507325	java	44	337784	509400	40752420	24	2602	249	8867978043	81611244	4096	85082112
114820	3507596	workload-coordi	39	13740	13740	2654648	11	254	158	559908435	97069653	0	413032448
115164	3507149	workload-author	49	24652	29780	3327216	34	2036	1018	77011890776	151135611	0	179933184
115164	3507234	workload-author	49	25552	27276	3327216	27	1673	438	22521439818	53467804	0	63827968
115164	3507325	java	44	358364	509400	74306852	25	2610	250	8912933786	81907725	4096	85393408
115164	3507596	workload-coordi	39	13740	13740	2654648	11	255	158	561735799	97112347	0	413982720
115508	3507149	workload-author	49	26604	29780	3327216	35	2043	1020	77474384882	151482695	0	180367360
115508	3507234	workload-author	49	25552	27276	3327216	27	1678	440	22571784434	53467948	0	63827968
115508	3507325	java	44	359004	509400	74306852	23	2618	252	8956153958	82945845	4096	86450176
115508	3507596	workload-coordi	39	13740	13740	2654648	12	255	158	562667827	97121989	0	414425088
115852	3507149	workload-author	49	26640	29780	3327216	34	2049	1024	77932542644	151880176	0	180854784
115852	3507234	workload-author	49	25552	27276	3327216	27	1683	441	22618793154	53468084	0	63827968
115852	3507325	java	44	359184	509400	74306852	29	2624	252	8997958813	83103331	4096	86626304
115852	3507596	workload-coordi	39	13740	13740	2654648	11	256	158	563472707	97163936	0	414883840
116198	3507149	workload-author	49	26604	29780	3327216	31	2053	1027	78317175061	152144940	0	181194752
116198	3507234	workload-author	49	25552	27276	3327216	27	1689	441	22669097314	53468220	0	63827968
116198	3507325	java	44	359820	509400	74306852	24	2634	254	9041723331	83453103	4096	86982656
116198	3507596	workload-coordi	39	13740	13740	2654648	11	256	158	563998371	97197483	0	415195136
116543	3507149	workload-author	49	26640	29780	3327216	34	2057	1030	78674292175	152385040	0	181506048
116543	3507234	workload-author	49	25552	27276	3327216	27	1694	443	22714397974	53468356	0	63827968
116543	3507325	java	44	363180	509400	74306852	23	2641	254	9096410188	83737577	4096	87281664
116543	3507596	workload-coordi	39	13740	13740	2654648	11	257	158	565049699	97264335	0	415817728
116884	3507149	workload-author	53	27244	29780	3532080	34	2065	1035	79080036711	152839522	0	182038528
116884	3507234	workload-author	49	25552	27276	3327216	27	1700	444	22764474894	53468492	0	63827968
116884	3507325	java	44	363556	509400	74306852	27	2652	256	9131594807	83828799	4096	87379968
116884	3507596	workload-coordi	39	14032	14032	2654680	14	258	159	566589311	97382897	0	416669696
117227	3507149	workload-author	53	27712	29780	3532080	38	2070	1038	79444163445	153080498	0	182349824
117227	3507234	workload-author	49	25552	27276	3327216	27	1705	445	22811736342	53468628	0	63827968
117227	3507325	java	44	363588	509400	74306852	23	2656	256	9159558520	83935857	4096	87486464
117227	3507596	workload-coordi	39	14540	14540	2654680	15	258	160	568687011	97665236	0	417931264
117570	3507149	workload-author	53	26076	29780	3532080	35	2076	1040	79865259962	153374358	0	182726656
117570	3507234	workload-author	49	25552	27276	3327216	30	1711	445	22860980470	53468772	0	63827968
117570	3507325	java	44	363496	509400	74306852	25	2665	257	9188770418	84026393	4096	87580672
117570	3507596	workload-coordi	39	15072	15072	2654680	16	260	160	570895475	98131201	0	419405824
117915	3507149	workload-author	53	28200	29780	3532080	39	2082	1044	80287895600	153664426	0	183103488
117915	3507234	workload-author	49	25552	27276	3327216	28	1716	446	22907720194	53468908	0	63827968
117915	3507325	java	44	357296	509400	74306852	27	2672	258	9213453376	84248707	4096	87818240
117915	3507596	workload-coordi	39	15260	15260	2654680	14	261	161	573037715	98473432	0	420618240
118258	3507149	workload-author	53	26684	29780	3532080	37	2088	1047	80786982389	153937838	0	183472128
118258	3507234	workload-author	49	25552	27276	3327216	27	1722	447	22955578562	53469044	0	63827968
118258	3507325	java	44	357264	509400	74306852	25	2680	258	9259178745	84512987	4096	88092672
118258	3507596	workload-coordi	39	15232	15232	2654648	11	262	162	577668495	98575855	0	422756352
118602	3507149	workload-author	53	26420	29780	3532080	32	2094	1050	81176878405	154086934	0	183693312
118602	3507234	workload-author	49	25552	27276	3327216	27	1727	448	23004619362	53469180	0	63827968
118602	3507325	java	44	357372	509400	74306852	26	2687	259	9305595261	84710491	4096	88297472
118602	3507596	workload-coordi	39	15448	15448	2654680	14	263	162	579663107	98831666	0	423796736
118946	3507149	workload-author	53	26772	29780	3532080	35	2103	1054	81404184457	154155574	0	183812096
118946	3507234	workload-author	49	25552	27276	3327216	27	1733	449	23052838858	53469316	0	63827968
118946	3507325	java	44	338780	509400	40752420	28	2695	259	9336261955	84974676	4096	88580096
118946	3507596	workload-coordi	39	15588	15588	2654680	16	265	163	582966063	99744722	0	425885696
119291	3507149	workload-author	53	27212	29780	3532080	35	2110	1056	81639316393	154234558	0	183934976
119291	3507234	workload-author	49	25552	27276	3327216	27	1738	450	23102297746	53469460	0	63827968
119291	3507325	java	44	373644	509400	74306852	26	2700	259	9375351080	85151933	4096	88764416
119291	3507596	workload-coordi	39	15844	15844	2654680	14	267	163	585083727	100124026	0	427155456
119634	3507149	workload-author	53	26844	29780	3532080	31	2117	1059	81955344061	154343094	0	184102912
119634	3507234	workload-author	49	25552	27276	3327216	28	1744	451	23151087970	53469596	0	63827968
119634	3507325	java	44	373620	509400	74306852	22	2707	260	9420029515	85350055	4096	88973312
119634	3507596	workload-coordi	39	16112	16112	2654680	14	269	164	589212731	100677526	0	429404160
119979	3507149	workload-author	53	26940	29780	3532080	29	2128	1063	82266273673	154443782	0	184262656
119979	3507234	workload-author	49	25552	27276	3327216	27	1749	452	23199016550	53469732	0	63827968
119979	3507325	java	44	373664	509400	74306852	26	2716	261	9451440771	85375161	4096	89001984
119979	3507596	workload-coordi	39	16228	16228	2654680	14	271	165	592803439	101378431	0	431472640
120320	3507149	workload-author	53	27288	29780	3532080	31	2139	1066	82475183985	154499270	0	184356864
120320	3507234	workload-author	49	25552	27276	3327216	27	1755	453	23247103042	53469868	0	63827968
120320	3507325	java	44	377656	509400	74306852	25	2725	261	9481190073	85679887	4096	89317376
120320	3507596	workload-coordi	39	16424	16424	2654680	16	273	165	596098375	102176425	0	433471488
120663	3507149	workload-author	53	26952	29780	3532080	28	2151	1069	82650835129	154538310	0	184426496
120663	3507234	workload-author	49	25552	27276	3327216	27	1761	454	23295660514	53470004	0	63827968
120663	3507325	java	44	377608	509400	74306852	24	2731	262	9524958373	85877993	4096	89526272
120663	3507596	workload-coordi	39	16456	16456	2654680	20	274	166	598811163	102941971	0	435367936
121004	3507149	workload-author	53	28884	29780	3532080	34	2160	1072	82778000953	154560310	0	184467456
121004	3507234	workload-author	49	25552	27276	3327216	27	1766	455	23342370354	53470140	0	63827968
121004	3507325	java	44	377564	509400	74306852	27	2740	262	9555818325	86100503	4096	89759744
121004	3507596	workload-coordi	39	16504	16504	2654712	15	276	167	601535551	103609446	0	437014528
121345	3507149	workload-author	53	26928	29780	3532080	31	2172	1077	82948302945	154595718	0	184532992
121345	3507234	workload-author	49	25552	27276	3327216	27	1771	456	23392306482	53470276	0	63827968
121345	3507325	java	44	377676	509400	74306852	24	2745	263	9584909116	86273577	4096	89939968
121345	3507596	workload-coordi	39	16696	16696	2654648	14	278	168	604756243	104465019	0	438984704
121690	3507149	workload-author	53	26940	29780	3532080	29	2182	1081	83101665393	154626566	0	184590336
121690	3507234	workload-author	49	25552	27276	3327216	27	1778	457	23439939210	53470420	0	63827968
121690	3507325	java	44	377532	509400	74306852	23	2751	264	9629881288	86471683	4096	90148864
121690	3507596	workload-coordi	39	16788	16788	2654712	20	279	169	607686463	105312708	0	441024512
122031	3507149	workload-author	53	26944	29780	3532080	29	2192	1084	83228115373	154648702	0	184631296
122031	3507234	workload-author	49	25552	27276	3327216	28	1783	458	23489377938	53470556	0	63827968
122031	3507325	java	44	377608	509400	74306852	26	2759	265	9658876177	86628699	4096	90312704
122031	3507596	workload-coordi	39	16756	16756	2654680	14	280	170	610308279	105922681	0	442585088
122375	3507149	workload-author	53	26952	29780	3532080	28	2202	1087	83368995661	154675198	0	184680448
122375	3507234	workload-author	49	25552	27276	3327216	27	1788	459	23536376022	53470692	0	63827968
122375	3507325	java	44	378124	509400	74306852	24	2767	266	9691694062	86867251	4096	90578944
122375	3507596	workload-coordi	39	16948	16948	2654680	15	281	171	612888963	106622052	0	444198912
122721	3507149	workload-author	53	28924	29780	3532080	31	2213	1091	83542565617	154710326	0	184745984
122721	3507234	workload-author	49	25552	27276	3327216	27	1794	460	23586091778	53470828	0	63827968
122721	3507325	java	44	339268	509400	40752420	23	2774	266	9743216516	87011933	4096	90730496
122721	3507596	workload-coordi	39	16952	16952	2654680	14	283	172	615843243	107560321	0	446242816
123065	3507149	workload-author	53	26956	29780	3532080	28	2221	1093	83630971817	154719494	0	184762368
123065	3507234	workload-author	49	25552	27276	3327216	27	1799	461	23632667646	53470964	0	63827968
123065	3507325	java	44	361404	509400	74306852	26	2781	267	9779127576	87177173	4096	90902528
123065	3507596	workload-coordi	39	16952	16952	2654680	16	284	173	618346619	108104420	0	447807488
123407	3507149	workload-author	53	26960	29780	3532080	28	2234	1096	83792886865	154754726	0	184827904
123407	3507234	workload-author	49	25552	27276	3327216	27	1805	462	23681567822	53471100	0	63827968
123407	3507325	java	44	362188	509400	74306852	23	2792	268	9812651235	87461126	4096	91205632
123407	3507596	workload-coordi	39	16952	16952	2654680	14	285	174	620886343	108820202	0	449429504
123747	3507149	workload-author	53	27144	29780	3532080	28	2246	1099	83933427845	154781198	0	184877056
123747	3507234	workload-author	49	25552	27276	3327216	27	1811	464	23728419966	53471236	0	63827968
123747	3507325	java	44	361624	509400	74306852	22	2795	268	9851144751	87617935	4096	91365376
123747	3507596	workload-coordi	39	16956	16956	2654680	14	287	175	623299091	109585632	0	451125248
124087	3507149	workload-author	53	28932	29780	3532080	33	2255	1102	84046681581	154798782	0	184922112
124087	3507234	workload-author	49	25552	27276	3327216	27	1817	465	23777756790	53471380	0	63827968
124087	3507325	java	44	339208	509400	40752420	23	2804	269	9887213244	87857223	4096	91635712
124087	3507596	workload-coordi	39	16956	16956	2654680	14	288	176	625584519	110162270	0	452550656
124432	3507149	workload-author	53	27312	29780	3532080	29	2266	1105	84198411005	155419550	0	185593856
124432	3507234	workload-author	49	25552	27276	3327216	27	1823	466	23823575134	53471516	0	63827968
124432	3507325	java	44	339392	509400	40752420	26	2810	270	9911618226	87948291	4096	91738112
124432	3507596	workload-coordi	39	16956	16956	2654680	15	290	177	627590387	110902159	0	453943296
124771	3507149	workload-author	53	27160	29780	3532080	28	2276	1108	84322769737	155441646	0	185634816
124771	3507234	workload-author	49	25552	27276	3327216	27	1829	467	23872154530	53471652	0	63827968
124771	3507325	java	44	339396	509400	40752420	25	2818	270	9941653057	88014444	4096	91811840
124771	3507596	workload-coordi	39	16956	16956	2654680	14	291	177	630060479	111634596	0	455606272
125111	3507149	workload-author	53	26976	29780	3532080	28	2287	1112	84477677345	155472454	0	185692160
125111	3507234	workload-author	49	25552	27276	3327216	27	1834	469	23919587922	53471788	0	63827968
125111	3507325	java	44	356520	509400	74306852	25	2826	271	9977735133	88221161	4096	92020736
125111	3507596	workload-coordi	39	16956	16956	2654680	15	293	178	633076371	112408416	0	457506816
125451	3507149	workload-author	53	26976	29780	3532080	31	2299	1115	84644855477	155507582	0	185757696
125451	3507234	workload-author	49	25552	27276	3327216	27	1839	470	23966465526	53471916	0	63827968
125451	3507325	java	44	359020	509400	74306852	23	2831	272	10014148443	88409785	4096	92217344
125451	3507596	workload-coordi	39	17024	17024	2654680	15	294	178	635344727	113247032	0	459051008
125789	3507149	workload-author	53	26980	29780	3532080	29	2307	1117	84732686277	155516582	0	185774080
125789	3507234	workload-author	49	25552	27276	3327216	27	1845	472	24015431510	53472060	0	63827968
125789	3507325	java	44	360148	509400	74306852	23	2839	273	10062161889	88611995	4096	92434432
125789	3507596	workload-coordi	39	17056	17056	2654712	20	296	179	637544827	113745764	0	460562432
126133	3507149	workload-author	53	27196	30172	3532080	30	2318	1120	84888225213	155547390	0	185831424
126133	3507234	workload-author	49	25552	27276	3327216	27	1851	473	24063106662	53472196	0	63827968
126133	3507325	java	44	360216	509400	74306852	21	2844	274	10096381947	88661435	4096	92483584
126133	3507596	workload-coordi	39	17024	17024	2654680	16	297	179	640347211	114564153	0	462393344
126477	3507149	workload-author	53	26980	30172	3532080	29	2329	1124	85041391441	155578334	0	185888768
126477	3507234	workload-author	49	25552	27276	3327216	27	1856	474	24111335290	53472332	0	63827968
126477	3507325	java	44	361960	509400	74306852	24	2852	274	10144582693	88722163	4096	92540928
126477	3507596	workload-coordi	39	17024	17024	2654680	15	299	180	643498443	115305690	0	464281600
126820	3507149	workload-author	53	26984	30172	3532080	28	2338	1127	85156405093	155596046	0	185921536
126820	3507234	workload-author	49	25552	27276	3327216	27	1862	475	24157685658	53472468	0	63827968
126820	3507325	java	44	363520	509400	74306852	24	2858	275	10190459477	88917395	4096	92745728
126820	3507596	workload-coordi	39	17032	17032	2654680	15	300	181	646046703	115882581	0	465838080
127159	3507149	workload-author	53	29444	30172	3532080	33	2350	1131	85347393205	155639702	0	186003456
127159	3507234	workload-author	49	25552	27276	3327216	27	1868	475	24208131054	53472604	0	63827968
127159	3507325	java	44	363492	509400	74306852	22	2863	277	10234753439	88983379	4096	92811264
127159	3507596	workload-coordi	39	17032	17032	2654680	15	302	181	648942951	116869447	0	467775488
127503	3507149	workload-author	53	26992	30172	3532080	29	2359	1133	85451810353	155653350	0	186028032
127503	3507234	workload-author	49	25552	27276	3327216	27	1874	476	24254429382	53472740	0	63827968
127503	3507325	java	44	363520	509400	74306852	24	2868	278	10283416850	89218196	4096	93057024
127503	3507596	workload-coordi	39	17032	17032	2654680	15	303	182	651466807	117413507	0	469348352
127844	3507149	workload-author	53	28968	30172	3532080	32	2367	1136	85574621317	155675198	0	186068992
127844	3507234	workload-author	49	25552	27276	3327216	27	1879	478	24304847398	53472876	0	63827968
127844	3507325	java	44	363488	509400	74306852	24	2874	278	10337180416	89358156	4096	93200384
127844	3507596	workload-coordi	39	17096	17096	2654680	15	304	183	653682775	118030529	4096	470847488
128185	3507149	workload-author	53	27412	30172	3532080	28	2380	1141	85759150533	155715006	0	186142720
128185	3507234	workload-author	49	25552	27276	3327216	27	1885	479	24350706446	53473012	0	63827968
128185	3507325	java	44	363564	509400	74306852	25	2880	279	10380895720	89592925	4096	93446144
128185	3507596	workload-coordi	39	17096	17096	2654680	15	306	183	656402723	119000903	4096	472743936
128527	3507149	workload-author	53	27456	30172	3532080	28	2389	1142	85845725061	155723958	0	186159104
128527	3507234	workload-author	49	25552	27276	3327216	27	1890	480	24400855914	53473148	0	63827968
128527	3507325	java	44	363688	509400	74306852	25	2887	279	10407131637	89618273	4096	93478912
128527	3507596	workload-coordi	39	17096	17096	2654680	14	307	184	657588703	119347068	4096	473583616
128866	3507149	workload-author	53	27588	30172	3532080	28	2397	1143	85942838409	155737254	0	186183680
128866	3507234	workload-author	49	25552	27276	3327216	28	1895	482	24446993634	53473284	0	63827968
128866	3507325	java	44	363656	509400	74306852	25	2892	280	10443024346	89799397	4096	93659136
128866	3507596	workload-coordi	39	17096	17096	2654680	14	308	185	659730943	119775648	4096	474869760
129204	3507149	workload-author	53	29252	30172	3532080	31	2406	1146	86087945485	155767774	0	186241024
129204	3507234	workload-author	49	25552	27276	3327216	27	1900	482	24495226774	53473420	0	63827968
129204	3507325	java	44	363884	509400	74306852	22	2895	281	10471091035	89840645	4096	93704192
129204	3507596	workload-coordi	39	17096	17096	2654680	16	309	185	661556587	120416714	4096	476131328
129544	3507149	workload-author	53	27000	30172	3532080	28	2415	1149	86216208405	155790078	0	186281984
129544	3507234	workload-author	49	25552	27276	3327216	27	1905	484	24542111734	53473556	0	63827968
129544	3507325	java	44	364088	509400	74306852	24	2901	281	10500810261	90140813	4096	94019584
129544	3507596	workload-coordi	39	17096	17096	2654680	14	311	185	663242795	120984405	4096	477286400
129888	3507149	workload-author	53	27472	30172	3532080	28	2423	1149	86287183865	155794622	0	186290176
129888	3507234	workload-author	49	25552	27276	3327216	27	1911	485	24591057138	53473692	0	63827968
129888	3507325	java	44	372692	509400	74306852	23	2905	282	10536789209	90231686	4096	94113792
129888	3507596	workload-coordi	39	17096	17096	2654680	14	311	186	664519231	121330519	4096	478212096
130231	3507149	workload-author	53	27468	30228	3532080	28	2431	1152	86400826133	155812246	0	186322944
130231	3507234	workload-author	49	25552	27276	3327216	29	1916	486	24639128762	53473836	0	63827968
130231	3507325	java	44	372672	509400	74306852	25	2910	282	10576377825	90326695	4096	94212096
130231	3507596	workload-coordi	39	17096	17096	2654680	14	312	187	666452403	121816367	4096	479526912
130575	3507149	workload-author	53	28988	30228	3532080	34	2440	1155	86541321053	155838446	0	186372096
130575	3507234	workload-author	49	25552	27276	3327216	27	1922	487	24688677466	53473972	0	63827968
130575	3507325	java	44	372740	509400	74306852	24	2916	283	10608200833	90496055	4096	94388224
130575	3507596	workload-coordi	39	17096	17096	2654680	15	314	187	668368675	122408947	4096	480833536
130918	3507149	workload-author	53	27592	30228	3532080	28	2448	1158	86664427309	155860758	0	186413056
130918	3507234	workload-author	49	25552	27276	3327216	27	1927	487	24735877098	53474108	0	63827968
130918	3507325	java	44	372672	509400	74306852	24	2920	283	10639473960	90541407	4096	94433280
130918	3507596	workload-coordi	39	17096	17096	2654680	14	315	188	670834671	122968861	4096	482279424
131262	3507149	workload-author	53	27020	30228	3532080	28	2455	1160	86737318001	155865358	0	186421248
131262	3507234	workload-author	49	25552	27276	3327216	27	1933	488	24785606818	53474244	0	63827968
131262	3507325	java	44	372932	509400	74306852	26	2926	284	10667896603	90837495	4096	94744576
131262	3507596	workload-coordi	39	17096	17096	2654680	14	316	188	672197467	123315020	4096	483270656
131607	3507149	workload-author	53	28976	30228	3532080	30	2463	1163	86870550873	155891502	0	186470400
131607	3507234	workload-author	49	25552	27276	3327216	30	1938	489	24833693586	53474380	0	63827968
131607	3507325	java	44	373340	509400	74306852	27	2931	285	10697464660	90850072	4096	94760960
131607	3507596	workload-coordi	39	17168	17168	2654680	16	317	189	674224675	123890669	4096	484634624
131953	3507149	workload-author	53	26984	30228	3532080	28	2472	1165	86986097133	155909422	0	186503168
131953	3507234	workload-author	49	25552	27276	3327216	27	1943	491	24882266578	53474524	0	63827968
131953	3507325	java	44	372812	509400	74306852	29	2936	285	10723847549	90982741	4096	94904320
131953	3507596	workload-coordi	39	17168	17168	2654680	14	318	190	676359067	124450960	4096	486137856
132295	3507149	workload-author	53	27344	30228	3532080	30	2481	1168	87109151281	155931502	0	186544128
132295	3507234	workload-author	49	25552	27276	3327216	27	1949	491	24929836062	53474660	0	63827968
132295	3507325	java	44	372748	509400	74306852	26	2942	286	10750947436	91143329	4096	95064064
132295	3507596	workload-coordi	39	17296	17296	2654680	14	319	191	678435255	125011083	4096	487452672
132640	3507149	workload-author	53	26992	30228	3532080	28	2488	1170	87193173433	155940494	0	186560512
132640	3507234	workload-author	49	25552	27276	3327216	27	1955	492	24979975646	53474796	0	63827968
132640	3507325	java	44	374604	509400	74306852	26	2946	286	10779582964	91316113	4096	95244288
132640	3507596	workload-coordi	39	17296	17296	2654680	15	320	191	680347775	125398531	4096	488636416
132984	3507149	workload-author	53	27044	30228	3532080	28	2501	1173	87383111701	155979990	0	186634240
132984	3507234	workload-author	49	25552	27276	3327216	28	1961	492	25028118374	53474932	0	63827968
132984	3507325	java	44	372844	509400	74306852	27	2953	287	10815645430	91460394	4096	95395840
132984	3507596	workload-coordi	39	17392	17392	2654712	17	322	192	683212115	126253860	4096	490610688
133328	3507149	workload-author	53	27344	30228	3532080	28	2510	1176	87514092937	156002166	0	186675200
133328	3507234	workload-author	49	25552	27276	3327216	27	1966	493	25076839990	53475076	0	63827968
133328	3507325	java	44	374948	509400	74306852	27	2960	288	10847708217	91732835	4096	95686656
133328	3507596	workload-coordi	39	17360	17360	2654680	15	323	193	686088915	127036178	4096	492552192
133673	3507149	workload-author	53	28980	30228	3532080	32	2517	1178	87610368817	156015238	0	186699776
133673	3507234	workload-author	49	25552	27276	3327216	27	1972	494	25124580386	53475212	0	63827968
133673	3507325	java	44	374936	509400	74306852	26	2966	289	10895958388	92037540	4096	96006144
133673	3507596	workload-coordi	39	17392	17392	2654712	19	324	194	688100427	127518262	4096	493998080
134016	3507149	workload-author	53	28992	30228	3532080	33	2529	1182	87789362145	156054830	0	186773504
134016	3507234	workload-author	49	25552	27276	3327216	27	1977	495	25172781790	53475348	0	63827968
134016	3507325	java	44	374892	509400	74306852	27	2972	289	10922114790	92062493	4096	96034816
134016	3507596	workload-coordi	39	17360	17360	2654680	15	326	194	690570003	128385688	4096	495673344
134360	3507149	workload-author	53	26996	30228	3532080	28	2539	1185	87917961481	156077214	0	186814464
134360	3507234	workload-author	49	25552	27276	3327216	27	1983	496	25221618962	53475484	0	63827968
134360	3507325	java	44	339724	509400	40752420	25	2977	291	10959495058	92347061	4096	96329728
134360	3507596	workload-coordi	39	17360	17360	2654680	14	327	195	692917043	129077344	4096	497258496
134706	3507149	workload-author	53	28976	30228	3532080	31	2548	1187	88032537189	156094838	0	186847232
134706	3507234	workload-author	49	25552	27276	3327216	27	1988	497	25270726374	53475620	0	63827968
134706	3507325	java	44	339612	509400	40752420	29	2983	292	10998340908	92696966	4096	96698368
134706	3507596	workload-coordi	39	17364	17364	2654680	15	329	196	695658675	129670555	4096	499011584
135050	3507149	workload-author	53	27476	30228	3532080	30	2560	1190	88217822709	156134238	0	186920960
135050	3507234	workload-author	49	25552	27276	3327216	27	1994	498	25318146086	53475764	0	63827968
135050	3507325	java	44	339380	509400	40752420	23	2989	292	11035479455	92781391	4096	96784384
135050	3507596	workload-coordi	39	17376	17376	2654680	16	330	197	698222975	130616492	4096	500875264
135393	3507149	workload-author	53	26996	30228	3532080	28	2568	1193	88319371393	156147854	0	186945536
135393	3507234	workload-author	49	25552	27276	3327216	27	2000	498	25365668678	53475900	0	63827968
135393	3507325	java	44	339480	509400	40752420	26	2997	293	11064835167	92940783	4096	96952320
135393	3507596	workload-coordi	39	17376	17376	2654680	14	332	197	700701775	131128066	4096	502403072
135737	3507149	workload-author	53	28980	30228	3532080	30	2578	1196	88474306517	156178334	0	187006976
135737	3507234	workload-author	49	25552	27276	3327216	27	2005	500	25415411982	53476036	0	63827968
135737	3507325	java	44	356384	509400	74306852	24	3004	294	11105082621	93060159	4096	97075200
135737	3507596	workload-coordi	39	17376	17376	2654680	16	333	198	703114351	131851746	4096	504004608
136080	3507149	workload-author	53	27084	30228	3532080	28	2590	1199	88633568941	156209518	0	187064320
136080	3507234	workload-author	49	25552	27276	3327216	28	2011	500	25462396822	53476172	0	63827968
136080	3507325	java	44	357936	509400	74306852	26	3010	294	11146780459	93324181	4096	97357824
136080	3507596	workload-coordi	39	17376	17376	2654680	16	334	199	705826451	132748363	4096	505892864
136424	3507149	workload-author	53	27000	30228	3532080	30	2597	1201	88723511245	156218510	0	187080704
136424	3507234	workload-author	49	25552	27276	3327216	27	2016	501	25511845618	53476308	0	63827968
136424	3507325	java	44	358160	509400	74306852	23	3015	295	11193409893	94292110	4096	98349056
136424	3507596	workload-coordi	39	17376	17376	2654680	14	336	200	708318227	133161766	4096	507478016
136768	3507149	workload-author	53	28988	30228	3532080	34	2608	1204	88890032141	156253630	0	187146240
136768	3507234	workload-author	49	25552	27276	3327216	27	2022	502	25558010130	53476444	0	63827968
136768	3507325	java	45	378000	509400	74306852	24	3030	296	11226021849	94378970	4096	98439168
136768	3507596	workload-coordi	39	17376	17376	2654680	14	337	201	711757039	133969057	4096	509583360
137112	3507149	workload-author	53	27004	30228	3532080	28	2619	1207	89040027969	156284638	0	187203584
137112	3507234	workload-author	49	25552	27276	3327216	27	2028	502	25610108522	53476588	0	63827968
137112	3507325	java	45	379936	509400	74306852	25	3038	296	11249816980	94727926	4096	98803712
137112	3507596	workload-coordi	39	17376	17376	2654680	14	339	202	714485867	134775523	4096	511438848
137456	3507149	workload-author	53	28984	30228	3532080	32	2628	1208	89140648225	156297854	0	187228160
137456	3507234	workload-author	49	25552	27276	3327216	27	2033	503	25656273122	53476724	0	63827968
137456	3507325	java	45	378664	509400	74306852	25	3043	297	11295818931	94827919	4096	98910208
137456	3507596	workload-coordi	39	17376	17376	2654680	14	340	203	716480307	135352227	4096	512847872
137799	3507149	workload-author	53	28984	30228	3532080	31	2638	1211	89291629721	156328566	0	187285504
137799	3507234	workload-author	49	25552	27276	3327216	28	2038	505	25705891246	53476860	0	63827968
137799	3507325	java	45	378268	509400	74306852	24	3048	298	11333797227	95046588	4096	99139584
137799	3507596	workload-coordi	39	17392	17392	2654680	14	341	204	719048875	136109090	4096	514560000
138144	3507149	workload-author	53	27004	30228	3532080	29	2649	1215	89446263001	156359694	0	187342848
138144	3507234	workload-author	49	25552	27276	3327216	27	2043	506	25751361330	53476996	0	63827968
138144	3507325	java	45	378296	509400	74306852	25	3055	299	11371699505	95257049	4096	99360768
138144	3507596	workload-coordi	39	17392	17392	2654680	14	343	205	721781799	136948787	4096	516452352
138488	3507149	workload-author	53	27008	30228	3532080	28	2657	1216	89534928189	156368662	0	187359232
138488	3507234	workload-author	49	25552	27276	3327216	27	2049	507	25800368014	53477132	0	63827968
138488	3507325	java	44	380280	509400	74306852	26	3062	300	11409007888	95431305	4096	99540992
138488	3507596	workload-coordi	39	17396	17396	2654680	16	344	205	723804911	137500612	4096	517824512
138830	3507149	workload-author	53	28992	30228	3532080	32	2668	1220	89713940761	156407990	0	187432960
138830	3507234	workload-author	49	25552	27276	3327216	27	2055	507	25849195454	53477276	0	63827968
138830	3507325	java	44	377988	509400	74306852	25	3069	300	11440677357	95632370	4096	99753984
138830	3507596	workload-coordi	39	17396	17396	2654680	14	346	206	726775403	138323492	4096	519704576
139175	3507149	workload-author	53	27012	30228	3532080	33	2679	1223	89893634185	156447270	0	187506688
139175	3507234	workload-author	49	25552	27276	3327216	27	2060	508	25898291790	53477412	0	63827968
139175	3507325	java	44	378024	509400	74306852	26	3076	301	11474281837	95870938	4096	100003840
139175	3507596	workload-coordi	39	17364	17364	2654648	13	347	207	730033303	139129780	4096	521662464
139517	3507149	workload-author	53	27192	30228	3532080	28	2687	1225	89991992789	156460766	0	187531264
139517	3507234	workload-author	49	25552	27276	3327216	27	2066	509	25945201602	53477548	0	63827968
139517	3507325	java	44	378428	509400	74306852	24	3084	302	11532411874	96077332	4096	100220928
139517	3507596	workload-coordi	39	17824	17824	2654680	14	363	207	733609487	139566837	4096	523005952
