t_ms	pid	comm	threads	rss_kb	hwm_kb	vsz_kb	fds	utime	stime	rchar	wchar	read_bytes	write_bytes
2	2332342	workload-author	49	11084	11084	3259748	19	0	0	1763224	130	0	139264
2	2332427	workload-author	49	11060	11060	3259748	19	1	0	1243344	114	0	139264
2	2332512	workload-author	49	10928	10928	3259748	22	0	0	723469	90	0	139264
29	2332342	workload-author	49	11084	11084	3259748	19	0	0	2072660	138	0	139264
29	2332427	workload-author	49	11076	11076	3259748	19	1	0	1503284	122	0	139264
29	2332512	workload-author	49	10968	10968	3259748	19	0	0	983409	106	0	139264
258	2332342	workload-author	50	12092	12092	3327348	20	2	1	5014436	37402	0	184320
258	2332427	workload-author	50	12064	12064	3327348	20	3	0	4498480	486458	0	634880
258	2332512	workload-author	50	12124	12124	3327348	19	2	1	3718837	37314	0	184320
258	2332690	workload-coordi	36	11448	11480	2387304	23	1	2	565432	50888801	8192	51564544
498	2332342	workload-author	50	15388	15388	3327348	23	4	2	16119885	1360391	0	1531904
498	2332427	workload-author	50	15728	15772	3327348	24	6	1	15504662	1393468	0	1572864
498	2332512	workload-author	50	15972	15972	3327348	27	5	1	15382030	1393332	0	1572864
498	2332690	workload-coordi	40	12544	12588	2657704	62	5	4	8053832	51336276	8192	57843712
736	2332342	workload-author	50	18912	18912	3327348	39	7	3	36178776	2025381	0	2301952
736	2332427	workload-author	50	18568	18568	3327348	36	9	2	37796492	2103881	0	2392064
736	2332512	workload-author	50	21232	21232	3327348	37	8	3	37461278	2157161	0	2449408
736	2332690	workload-coordi	40	12760	12760	2657704	45	6	4	9641736	51769517	8192	58937344
976	2332342	workload-author	50	19396	19396	3327348	39	9	4	55725329	2682669	0	3047424
976	2332427	workload-author	50	18984	19400	3327348	38	11	2	59093376	2599929	0	2973696
976	2332512	workload-author	50	20800	20800	3327348	36	10	4	57483149	2888295	0	3272704
976	2332690	workload-coordi	40	12812	12812	2657704	32	7	5	11619276	52351284	8192	60297216
1216	2332342	workload-author	50	22312	23136	3327348	34	12	5	77836659	3144419	0	3584000
1216	2332427	workload-author	50	19460	19460	3327348	34	14	3	83503360	2898241	0	3346432
1216	2332512	workload-author	50	21100	21100	3327348	36	13	5	86266336	3409173	0	3891200
1216	2332690	workload-coordi	40	12964	12964	2657704	33	8	6	13487944	52596081	8192	61677568
1457	2332342	workload-author	50	23168	23168	3327348	40	14	6	105996048	3632051	0	4161536
1457	2332427	workload-author	50	18632	18632	3327348	37	16	5	106611555	3529809	0	4071424
1457	2332512	workload-author	50	22328	23408	3327348	35	15	6	113962034	3673945	0	4235264
1457	2332690	workload-coordi	40	13236	13236	2657704	41	11	7	18609792	52937082	8192	65671168
1697	2332342	workload-author	50	22200	22200	3327348	38	16	8	127821206	4156946	0	4771840
1697	2332427	workload-author	50	21456	21456	3327348	35	19	6	129336641	4120360	0	4743168
1697	2332512	workload-author	50	22492	22492	3327348	35	18	8	138703693	4409182	0	5066752
1697	2332690	workload-coordi	40	13328	13328	2657704	47	12	9	22804020	53404622	8192	68620288
1935	2332342	workload-author	50	22440	22440	3327348	36	19	9	150131733	4611409	0	5312512
1935	2332427	workload-author	50	21812	21812	3327348	40	21	7	155267778	4694649	0	5402624
1935	2332512	workload-author	50	22584	22584	3327348	34	21	9	162621170	4975156	0	5722112
1935	2332690	workload-coordi	40	13460	13460	2657704	43	14	10	26471724	53815465	8192	71086080
2173	2332342	workload-author	50	22508	22508	3327348	39	22	10	175572448	5066277	0	5853184
2173	2332427	workload-author	50	20772	20772	3327348	39	23	9	178926352	5083239	0	5869568
2173	2332512	workload-author	50	22700	22700	3327348	38	24	9	177258662	5181691	0	5976064
2173	2332690	workload-coordi	40	13532	13532	2657704	42	16	11	30239280	54177345	8192	73793536
2411	2332342	workload-author	50	23616	23736	3327348	37	24	11	201412647	5484168	0	6348800
2411	2332427	workload-author	50	20860	20860	3327348	38	26	10	207200778	5633116	0	6516736
2411	2332512	workload-author	50	23044	23044	3327348	36	27	10	208373422	5665570	0	6549504
2411	2332690	workload-coordi	40	13552	13552	2657704	32	19	13	36272848	54694161	8192	78405632
2650	2332342	workload-author	50	23864	23864	3327348	39	27	13	235298644	6187010	0	7168000
2650	2332427	workload-author	50	23584	22412	3327348	39	29	11	231964637	5872849	0	6840320
2650	2332512	workload-author	50	22252	22252	3327348	35	30	11	227763175	5975675	0	6918144
2650	2332690	workload-coordi	40	13464	13464	2657608	13	21	14	41397932	54856222	8192	81920000
2890	2332342	workload-author	50	22664	22672	3327348	40	32	15	278426251	6959453	0	8093696
2890	2332427	workload-author	50	23732	23732	3327348	37	31	12	257384860	6224122	0	7262208
2890	2332512	workload-author	50	23056	23432	3327348	37	33	13	258328180	6405759	0	7426048
2890	2332690	workload-coordi	40	13528	13528	2657640	16	23	16	47417664	54969234	8192	85712896
3129	2332342	workload-author	50	22684	22684	3327348	41	36	16	311302444	7492946	0	8728576
3129	2332427	workload-author	50	23756	23756	3327348	39	34	13	277383413	6649785	0	7778304
3129	2332512	workload-author	50	23300	23300	3327348	38	36	14	289102140	6810943	0	7921664
3129	2332690	workload-coordi	40	13496	13496	2657640	15	24	17	51448224	55138171	8192	88289280
3368	2332342	workload-author	50	22708	22708	3327348	39	38	17	328042740	7781984	0	9076736
3368	2332427	workload-author	50	22596	22596	3327348	36	37	15	319241240	7249185	0	8503296
3368	2332512	workload-author	50	23520	22300	3327348	36	39	16	324728731	7319213	0	8527872
3368	2332690	workload-coordi	40	13528	13528	2657672	20	26	17	53900588	55264457	8192	89800704
3606	2332342	workload-author	50	23948	23944	3327348	39	41	18	354293994	8113251	0	9486336
3606	2332427	workload-author	50	22732	22764	3327348	38	40	16	348490051	7728816	0	9072640
3606	2332512	workload-author	50	23400	22400	3327348	39	43	17	359307430	7663022	0	8962048
3606	2332690	workload-coordi	40	13504	13536	2657640	17	27	18	57064312	55312929	8192	91738112
3844	2332342	workload-author	50	24016	24016	3327348	37	44	19	389515443	10002391	0	11476992
3844	2332427	workload-author	50	22480	22480	3327348	39	44	18	381997772	9456372	0	10878976
3844	2332512	workload-author	50	22436	22436	3327348	36	46	18	395504206	8150620	0	9547776
3844	2332690	workload-coordi	40	13504	13504	2657640	18	28	19	60388124	55460478	8192	93884416
4078	2332342	workload-author	50	23948	23948	3327348	37	48	21	424729002	10654203	0	12230656
4078	2332427	workload-author	50	23768	23768	3327348	36	47	19	423231722	9890014	0	11411456
4078	2332512	workload-author	50	23456	23456	3327348	37	49	19	430388549	9963609	0	11448320
4078	2332690	workload-coordi	40	13516	13516	2657608	13	30	20	63987916	55596344	8192	96309248
4313	2332342	workload-author	50	23992	23992	3327348	39	52	22	469757657	11385784	0	13094912
4313	2332427	workload-author	50	22604	22604	3327348	36	51	20	467094600	10485489	0	12120064
4313	2332512	workload-author	50	22408	23620	3327348	39	52	20	465289351	10397866	0	11980800
4313	2332690	workload-coordi	40	13516	13516	2657640	16	31	21	66847160	55706274	8192	98078720
4549	2332342	workload-author	50	23032	23568	3327348	37	55	24	513608562	11919228	0	13733888
4549	2332427	workload-author	50	23908	23908	3327348	36	54	21	497816893	10841059	0	12558336
4549	2332512	workload-author	50	22636	22636	3327348	36	56	21	506791838	10902441	0	12591104
4549	2332690	workload-coordi	40	13484	13484	2657608	13	33	21	69167936	55914556	8192	99622912
4786	2332342	workload-author	50	22996	23568	3327348	40	57	25	540003315	12200349	0	14094336
4786	2332427	workload-author	50	22736	22740	3327348	36	58	23	540245182	11312161	0	13135872
4786	2332512	workload-author	50	23456	23456	3327348	32	60	22	546215502	11410478	0	13205504
4786	2332690	workload-coordi	40	13516	13516	2657640	16	33	22	70954856	55953538	8192	100667392
5026	2332342	workload-author	50	23004	23568	3327348	40	61	26	577189564	12720840	0	14729216
5026	2332427	workload-author	50	23952	23952	3327348	35	61	23	571106291	11680096	0	13586432
5026	2332512	workload-author	50	22544	22544	3327348	30	64	23	575932476	11654583	0	13516800
5026	2332690	workload-coordi	40	13488	13520	2657608	13	34	22	73062124	56108215	8192	102023168
5266	2332342	workload-author	50	23056	23568	3327348	39	63	27	593268424	12906802	0	14958592
5266	2332427	workload-author	50	22780	22780	3327348	37	65	25	605200417	12304366	0	14315520
5266	2332512	workload-author	50	23832	23832	3327348	35	67	24	616295545	12229046	0	14200832
5266	2332690	workload-coordi	40	13488	13488	2657608	13	36	23	76150916	56234890	8192	103833600
5506	2332342	workload-author	50	24192	24192	3327348	36	67	28	620211728	13221033	0	15339520
5506	2332427	workload-author	50	23928	24128	3327348	34	69	26	643849552	12754969	0	14868480
5506	2332512	workload-author	50	22640	22596	3327348	34	72	25	664608844	12918795	0	15020032
5506	2332690	workload-coordi	40	13488	13488	2657608	13	38	24	79659220	56362471	8192	105975808
5748	2332342	workload-author	50	24200	24200	3327348	35	70	29	660605370	13729792	0	15958016
5748	2332427	workload-author	50	24152	24152	3327348	39	73	27	686109384	13292256	0	15515648
5748	2332512	workload-author	50	22904	22904	3327348	37	77	27	706383321	13543741	0	15765504
5748	2332690	workload-coordi	40	13488	13488	2657608	13	40	25	83360552	56465677	8192	108187648
5988	2332342	workload-author	50	24272	24272	3327348	36	73	31	702786325	14304210	0	16642048
5988	2332427	workload-author	50	24220	24220	3327348	39	77	29	727396812	13734857	0	16072704
5988	2332512	workload-author	50	22716	22716	3327348	35	81	29	750619520	14184242	0	16527360
5988	2332690	workload-coordi	40	13520	13520	2657640	17	41	25	86334656	56616774	8192	110039040
6229	2332342	workload-author	50	23016	24292	3327348	37	77	33	749715859	14924402	0	17387520
6229	2332427	workload-author	50	23112	23112	3327348	40	81	29	766489555	14288027	0	16736256
6229	2332512	workload-author	50	24020	24020	3327348	39	85	30	797339826	14817054	0	17289216
6229	2332690	workload-coordi	40	13556	13524	2657672	21	42	26	88392772	56787328	8192	111443968
6468	2332342	workload-author	50	24436	24436	3327348	38	80	35	781313903	15432113	0	17997824
6468	2332427	workload-author	50	23000	23000	3327348	37	84	30	794009495	14593975	0	17100800
6468	2332512	workload-author	50	24036	22696	3327348	38	88	32	836547171	15370457	0	17948672
6468	2332690	workload-coordi	40	13536	13536	2657640	17	44	27	91485832	57000745	8192	113401856
6708	2332342	workload-author	50	23268	23568	3327348	38	84	36	822050359	15970049	0	18644992
6708	2332427	workload-author	50	22884	22884	3327348	37	89	32	836196427	15206336	0	17825792
6708	2332512	workload-author	50	22696	22696	3327348	36	91	34	875732863	15866872	0	18542592
6708	2332690	workload-coordi	40	13540	13540	2657640	16	45	28	94352752	57131118	8192	115097600
6948	2332342	workload-author	50	23376	23576	3327348	41	87	38	850314864	16300626	0	19062784
6948	2332427	workload-author	50	24220	24220	3327348	38	93	32	877630282	15624094	0	18341888
6948	2332512	workload-author	50	22864	22864	3327348	39	95	36	923220882	16494984	0	19296256
6948	2332690	workload-coordi	40	13548	13548	2657640	16	46	28	96361372	57277204	8192	116371456
7186	2332342	workload-author	50	23356	23568	3327348	36	89	38	868537253	16437011	0	19243008
7186	2332427	workload-author	50	24236	24236	3327348	41	97	34	927067522	16235889	0	19087360
7186	2332512	workload-author	50	24096	24096	3327348	38	100	37	971727737	17070471	0	19996672
7186	2332690	workload-coordi	40	13520	13520	2657608	13	47	29	98349340	57370174	8192	117551104
7424	2332342	workload-author	50	23424	24284	3327348	37	94	40	910264314	16941495	0	19845120
7424	2332427	workload-author	50	23016	23016	3327348	39	101	35	979879557	16831543	0	19812352
7424	2332512	workload-author	50	24108	22892	3327348	38	103	39	1022952071	17591732	0	20643840
7424	2332690	workload-coordi	40	13560	13560	2657640	18	48	30	101044228	57529095	8192	119291904
7663	2332342	workload-author	50	23196	24524	3327348	36	97	42	947563914	17375447	0	20365312
7663	2332427	workload-author	50	24292	24292	3327348	39	104	37	1023752660	17381085	0	20471808
7663	2332512	workload-author	50	24140	24140	3327348	39	106	41	1071532370	18133246	0	21303296
7663	2332690	workload-coordi	40	13528	13528	2657608	14	49	30	103139208	57712315	8192	120688640
7900	2332342	workload-author	50	24896	24896	3327348	40	101	44	993430468	17966217	0	21073920
7900	2332427	workload-author	50	24552	24552	3327348	37	109	39	1069825163	17935060	0	21131264
7900	2332512	workload-author	50	24244	24244	3327348	40	109	41	1090685909	18451179	0	21725184
7900	2332690	workload-coordi	40	13528	13528	2657608	13	50	31	104737368	57878617	8192	121856000
8137	2332342	workload-author	50	23300	24320	3327348	37	105	45	1033804703	18495982	0	21716992
8137	2332427	workload-author	50	23140	23140	3327348	34	112	40	1119932868	18475967	0	21786624
8137	2332512	workload-author	50	24152	24152	3327348	37	111	42	1113635860	18694928	0	22024192
8137	2332690	workload-coordi	40	13528	13528	2657608	13	51	31	106918536	57979926	8192	123183104
8376	2332342	workload-author	50	23332	24320	3327348	39	108	46	1070391425	18889127	0	22192128
8376	2332427	workload-author	50	23076	23076	3327348	36	116	42	1155557015	19467582	0	22859776
8376	2332512	workload-author	50	23356	23356	3327348	39	113	43	1133297603	18987800	0	22351872
8376	2332690	workload-coordi	40	13576	13576	2657640	17	52	32	109144588	58163100	8192	124575744
8614	2332342	workload-author	50	23284	24504	3327348	39	112	47	1104620127	19479509	0	22876160
8614	2332427	workload-author	50	22896	22896	3327348	37	119	43	1183117779	19889395	0	23384064
8614	2332512	workload-author	50	24400	24400	3327348	40	115	44	1149347308	19144843	0	22568960
8614	2332690	workload-coordi	40	13556	13556	2657608	13	53	33	112850360	58240942	8192	126799872
8852	2332342	workload-author	50	24656	24760	3327348	38	116	49	1142043585	19823352	0	23314432
8852	2332427	workload-author	50	23292	23292	3327348	38	122	44	1224316401	20158720	0	23728128
8852	2332512	workload-author	50	22960	22960	3327348	39	118	46	1178118990	20033227	0	23535616
8852	2332690	workload-coordi	40	13588	13588	2657640	16	54	34	115725988	58248564	8192	128417792
9090	2332342	workload-author	50	23252	24760	3327348	39	119	50	1183638118	20402518	0	23994368
9090	2332427	workload-author	50	24908	23468	3327348	36	126	46	1275716907	20736562	0	24416256
9090	2332512	workload-author	50	22580	22580	3327348	40	122	48	1213191513	20397235	0	23961600
9090	2332690	workload-coordi	40	13624	13624	2657672	18	55	35	118930328	58462049	8192	130510848
9329	2332342	workload-author	50	24980	24980	3327348	37	123	52	1227625195	21352437	0	25047040
9329	2332427	workload-author	50	24556	24556	3327348	36	129	49	1319858241	21232854	0	25010176
9329	2332512	workload-author	50	22584	22584	3327348	37	126	49	1254265927	20777591	0	24424448
9329	2332690	workload-coordi	40	13628	13628	2657672	18	56	37	121296504	58600935	8192	132018176
9567	2332342	workload-author	50	24700	24760	3327348	37	127	54	1281064316	21948425	0	25763840
9567	2332427	workload-author	50	23392	24048	3327348	33	133	51	1366484229	21671201	0	25534464
9567	2332512	workload-author	50	22584	22584	3327348	35	131	50	1305397561	21112700	0	24846336
9567	2332690	workload-coordi	40	13564	13564	2657608	13	57	37	123469136	58681994	8192	133242880
9804	2332342	workload-author	50	23444	24760	3327348	39	131	55	1324131309	22613729	0	26550272
9804	2332427	workload-author	50	23396	24048	3327348	40	137	52	1397265792	22183853	0	26148864
9804	2332512	workload-author	50	23860	23860	3327348	40	134	51	1352672046	21550853	0	25387008
9804	2332690	workload-coordi	40	13564	13564	2657608	13	58	38	125929348	58799396	8192	134684672
10041	2332342	workload-author	50	23640	24760	3327348	39	134	56	1345420507	22741903	0	26722304
10041	2332427	workload-author	50	23488	24048	3327348	39	139	53	1417301918	22328927	0	26341376
10041	2332512	workload-author	50	23136	23136	3327348	39	139	53	1407078160	22208413	0	26169344
10041	2332690	workload-coordi	40	13596	13596	2657640	14	59	39	127765420	58900166	8192	135815168
10280	2332342	workload-author	50	23316	24760	3327348	39	137	57	1374176787	23110044	0	27152384
10280	2332427	workload-author	50	24624	24624	3327348	36	141	54	1451961250	22576628	0	26656768
10280	2332512	workload-author	50	23908	23908	3327348	41	142	55	1454539763	22741628	0	26808320
10280	2332690	workload-coordi	40	13564	13564	2657608	13	60	39	129925764	58968660	8192	137031680
10518	2332342	workload-author	49	24168	24828	3327336	40	141	58	1420220220	23601854	0	27746304
10518	2332427	workload-author	49	24492	24492	3327336	38	146	56	1515537851	23192552	0	27410432
10518	2332512	workload-author	49	21984	22472	3327336	37	146	57	1499841914	23171571	0	27332608
10518	2332690	workload-coordi	40	13564	13564	2657608	13	61	40	131761836	59069384	8192	138162176
10756	2332342	workload-author	49	24184	24828	3327336	38	145	60	1470736438	24097891	0	28344320
10756	2332427	workload-author	49	24536	24536	3327336	33	149	57	1563313510	23626743	0	27938816
10756	2332512	workload-author	49	23012	23160	3327336	37	149	58	1537985985	23534937	0	27766784
10756	2332690	workload-coordi	40	13628	13628	2657672	20	62	40	133803396	59240404	8192	139526144
10994	2332342	workload-author	49	24184	24828	3327336	37	149	62	1518209855	24470329	0	28803072
10994	2332427	workload-author	49	24144	24144	3327336	39	154	59	1620155150	24250711	0	28688384
10994	2332512	workload-author	49	21788	22472	3327336	33	153	59	1587982719	23932111	0	28258304
10994	2332690	workload-coordi	40	13564	13564	2657608	14	63	41	135470672	59336709	8192	140472320
11233	2332342	workload-author	49	24204	24828	3327336	38	154	63	1565878297	25040616	0	29466624
11233	2332427	workload-author	49	24160	24160	3327336	38	157	61	1665275020	24710289	0	29241344
11233	2332512	workload-author	49	23448	23448	3327336	36	156	61	1630751732	24320909	0	28737536
11233	2332690	workload-coordi	40	13564	13564	2657608	13	64	42	137273804	59494664	8192	141643776
11470	2332342	workload-author	49	23040	24828	3327336	38	156	64	1596458769	25313675	0	29810688
11470	2332427	workload-author	49	22624	24048	3327336	36	161	63	1719532352	25222679	0	29859840
11470	2332512	workload-author	49	21920	22472	3327336	38	160	62	1672416310	24676658	0	29184000
11470	2332690	workload-coordi	40	13564	13564	2657640	16	64	42	138855408	59661156	8192	142766080
11709	2332342	workload-author	49	22704	24828	3327336	34	160	65	1626881909	25557654	0	30105600
11709	2332427	workload-author	49	24612	24612	3327336	37	165	65	1773429258	25764273	0	30507008
11709	2332512	workload-author	49	21820	23768	3327336	37	165	64	1726677865	25366962	0	29995008
11709	2332690	workload-coordi	40	13564	13564	2657608	13	65	43	141529300	59894285	8192	144486400
11949	2332342	workload-author	49	23108	24828	3327336	37	165	66	1683524671	26144413	0	30810112
11949	2332427	workload-author	49	22636	24048	3327336	35	170	66	1833849659	26379973	0	31248384
11949	2332512	workload-author	49	23344	23768	3327336	38	169	65	1779776790	25854469	0	30597120
11949	2332690	workload-coordi	40	13636	13636	2657672	20	66	44	143981492	60011983	8192	145969152
12187	2332342	workload-author	49	23760	24828	3327336	39	170	68	1739819496	26751986	0	31531008
12187	2332427	workload-author	49	22860	24048	3327336	36	174	67	1869162229	26752063	0	31723520
12187	2332512	workload-author	49	21828	23768	3327336	35	173	67	1823664509	26280447	0	31109120
12187	2332690	workload-coordi	40	13604	13604	2657640	16	67	45	146220004	60195640	8192	147406848
12427	2332342	workload-author	49	22728	24828	3327336	38	173	71	1801240379	27298320	0	32202752
12427	2332427	workload-author	49	24236	24236	3327336	37	177	69	1924174623	27264897	0	32358400
12427	2332512	workload-author	49	23436	23768	3327336	35	178	69	1886093888	26950363	0	31911936
12427	2332690	workload-coordi	40	13604	13604	2657640	17	68	45	148507840	60337679	8192	148815872
12668	2332342	workload-author	49	23256	24828	3327336	41	176	72	1841578421	27661601	0	32665600
12668	2332427	workload-author	49	23428	24048	3327336	38	181	70	1980650310	27687037	0	32890880
12668	2332512	workload-author	49	23472	23768	3327336	37	183	71	1947899405	27599107	0	32686080
12668	2332690	workload-coordi	40	13640	13640	2657672	20	68	46	149752368	60437765	8192	149630976
12906	2332342	workload-author	49	24296	24828	3327336	40	180	74	1889448302	28215140	0	33320960
12906	2332427	workload-author	49	23516	24048	3327336	35	185	72	2028024785	28821556	0	34115584
12906	2332512	workload-author	49	21816	23768	3327336	37	187	73	1995459321	28033794	0	33214464
12906	2332690	workload-coordi	40	13656	13688	2657704	24	69	47	152558020	60646320	8192	151465984
13147	2332342	workload-author	49	23108	24828	3327336	37	184	76	1939565245	28691183	0	33898496
13147	2332427	workload-author	49	23056	24048	3327336	39	190	74	2092935708	29631502	0	35057664
13147	2332512	workload-author	49	22348	23768	3327336	39	191	74	2045505737	28541829	0	33820672
13147	2332690	workload-coordi	40	13644	13644	2657640	16	70	48	155625816	60859362	8192	153288704
13386	2332342	workload-author	49	22708	24900	3327336	40	188	79	1985128507	29385246	0	34697216
13386	2332427	workload-author	49	22696	24048	3327336	37	195	76	2152970670	30041196	0	35573760
13386	2332512	workload-author	49	21816	23768	3327336	37	194	75	2069807578	28818534	0	34152448
13386	2332690	workload-coordi	40	13644	13644	2657640	18	71	49	158139448	61014290	8192	154804224
13622	2332342	workload-author	49	23072	24900	3327336	37	191	80	2014611319	29633548	0	35012608
13622	2332427	workload-author	49	23004	24048	3327336	37	199	78	2204002497	30607173	0	36241408
13622	2332512	workload-author	49	23332	23768	3327336	37	198	76	2101814874	29042198	0	34439168
13622	2332690	workload-coordi	40	13612	13612	2657608	13	72	50	160719304	61074797	8192	156327936
13859	2332342	workload-author	49	24748	25384	3327336	36	194	82	2050589663	29939426	0	35385344
13859	2332427	workload-author	49	22708	24048	3327336	37	202	79	2231549821	30863707	0	36577280
13859	2332512	workload-author	49	22368	24028	3327336	38	202	77	2142675669	29468105	0	34938880
13859	2332690	workload-coordi	40	13676	13676	2657672	23	73	50	163569840	61143269	8192	157933568
14098	2332342	workload-author	49	22844	25528	3327336	36	198	84	2103659613	30514250	0	36069376
14098	2332427	workload-author	49	22696	24048	3327336	38	206	79	2275921890	31198444	0	36995072
14098	2332512	workload-author	49	22336	23768	3327336	36	208	78	2201610081	30525746	0	36106240
14098	2332690	workload-coordi	40	13616	13616	2657608	13	74	51	165899496	61245035	8192	159457280
14335	2332342	workload-author	49	24428	25748	3327336	36	202	85	2152511560	30947985	0	36597760
14335	2332427	workload-author	49	23024	24048	3327336	35	209	80	2304845279	31326549	0	37163008
14335	2332512	workload-author	49	23636	23768	3327336	39	212	80	2248028069	31004821	0	36671488
14335	2332690	workload-coordi	40	13616	13616	2657608	13	75	52	168404936	61313678	8192	160870400
14575	2332342	workload-author	49	22880	25748	3327336	37	206	87	2194419539	31415413	0	37150720
14575	2332427	workload-author	49	22908	24048	3327336	35	214	82	2346132901	31710973	0	37617664
14575	2332512	workload-author	49	23552	23768	3327336	39	217	82	2311333988	31529913	0	37306368
14575	2332690	workload-coordi	40	13616	13616	2657608	13	76	53	171050156	61382629	8192	162377728
14813	2332342	workload-author	49	24496	25748	3327336	38	210	89	2238595260	31716987	0	37531648
14813	2332427	workload-author	49	24116	24116	3327336	35	218	83	2401879949	31971758	0	37965824
14813	2332512	workload-author	49	23808	23768	3327336	34	222	84	2372290839	31947767	0	37826560
14813	2332690	workload-coordi	40	13616	13616	2657608	13	77	53	172647972	61417775	8192	163278848
15052	2332342	workload-author	49	24496	25748	3327336	39	214	91	2288862617	32754598	0	38666240
15052	2332427	workload-author	49	24168	24168	3327336	35	224	84	2460472189	32641267	0	38748160
15052	2332512	workload-author	49	23484	23768	3327336	36	226	86	2425339473	32394790	0	38375424
15052	2332690	workload-coordi	40	13652	13652	2657640	17	77	54	175313672	61634300	8192	164986880
15292	2332342	workload-author	49	24512	25748	3327336	40	217	93	2344504184	33221809	0	39239680
15292	2332427	workload-author	49	22976	24048	3327336	39	229	86	2520815320	33356098	0	39571456
15292	2332512	workload-author	49	22176	23768	3327336	36	229	88	2480141390	32857615	0	38932480
15292	2332690	workload-coordi	40	13652	13652	2657640	18	79	54	178077676	61813442	8192	166653952
15533	2332342	workload-author	49	22868	25748	3327336	40	220	95	2397514440	33751612	0	39870464
15533	2332427	workload-author	49	22472	24048	3327336	35	233	88	2568239334	33554670	0	39841792
15533	2332512	workload-author	49	23600	23768	3327336	40	234	89	2533193257	33357631	0	39542784
15533	2332690	workload-coordi	40	13652	13652	2657640	19	80	55	180193308	61914808	8192	167981056
15772	2332342	workload-author	49	23276	25748	3327336	37	224	96	2436442340	34098506	0	40296448
15772	2332427	workload-author	49	24192	24192	3327336	33	238	89	2615693735	33832069	0	40181760
15772	2332512	workload-author	49	23616	23768	3327336	40	238	90	2596093092	33911532	0	40206336
15772	2332690	workload-coordi	40	13652	13652	2657640	16	81	55	181737876	62003166	8192	168960000
16009	2332342	workload-author	49	22864	25748	3327336	36	227	98	2478412532	34424832	0	40706048
16009	2332427	workload-author	49	24232	24232	3327336	34	242	91	2679468525	34299190	0	40763392
16009	2332512	workload-author	49	23356	23768	3327336	40	243	91	2644438340	34373636	0	40763392
16009	2332690	workload-coordi	40	13660	13660	2657640	17	82	56	183598524	62153347	8192	170143744
16247	2332342	workload-author	49	24544	25748	3327336	38	230	100	2534083914	34809604	0	41189376
16247	2332427	workload-author	49	23440	24252	3327336	35	247	93	2744799172	34989671	0	41574400
16247	2332512	workload-author	49	23352	23768	3327336	37	248	93	2688232022	34696823	0	41164800
16247	2332690	workload-coordi	40	13636	13636	2657608	13	82	56	185586492	62246196	8192	171323392
16486	2332342	workload-author	49	24544	25748	3327336	39	234	102	2587976844	35285143	0	41766912
16486	2332427	workload-author	49	24276	24276	3327336	33	252	95	2805842416	35453198	0	42139648
16486	2332512	workload-author	49	22080	23768	3327336	33	252	95	2746974052	35122746	0	41676800
16486	2332690	workload-coordi	40	13636	13636	2657608	13	83	57	187582652	62396862	8192	172584960
16724	2332342	workload-author	49	25168	25748	3327336	40	238	105	2652109231	35888369	0	42487808
16724	2332427	workload-author	49	22484	24048	3327336	35	257	97	2876742704	36106305	0	42926080
16724	2332512	workload-author	49	23700	23768	3327336	36	257	97	2813634556	35656616	0	42340352
16724	2332690	workload-coordi	40	13668	13668	2657640	17	84	57	189784472	62538745	8192	174014464
16962	2332342	workload-author	49	25228	25748	3327336	36	241	107	2708309585	36339311	0	43036672
16962	2332427	workload-author	49	23028	24048	3327336	35	262	99	2939468425	36659724	0	43585536
16962	2332512	workload-author	49	23724	23768	3327336	36	261	99	2872151213	36259930	0	43053056
16962	2332690	workload-coordi	40	13700	13700	2657672	21	85	58	192159012	62771316	8192	175706112
17201	2332342	workload-author	49	24592	25748	3327336	39	245	110	2763177589	36864305	0	43663360
17201	2332427	workload-author	49	24276	24276	3327336	36	268	102	3000428030	37238561	0	44269568
17201	2332512	workload-author	49	21932	23768	3327336	35	267	101	2935439980	36850480	0	43753472
17201	2332690	workload-coordi	40	13636	13636	2657608	13	86	59	194906460	62897630	8192	177258496
17441	2332342	workload-author	49	23472	25748	3327336	37	250	111	2826834611	37446729	0	44359680
17441	2332427	workload-author	49	24120	24300	3327336	36	272	104	3059477851	37681603	0	44814336
17441	2332512	workload-author	49	23424	25540	3327336	37	272	102	2995321605	37372131	0	44392448
17441	2332690	workload-coordi	40	13672	13672	2657640	17	87	59	197551680	63089638	8192	178937856
17682	2332342	workload-author	49	23320	25748	3327336	36	254	113	2879390254	37901928	0	44924928
17682	2332427	workload-author	49	25060	25060	3327336	36	276	105	3115999055	38173460	0	45400064
17682	2332512	workload-author	49	23424	25616	3327336	35	278	105	3065165930	37966691	0	45101056
17682	2332690	workload-coordi	40	13640	13640	2657608	13	88	60	199194552	63223242	8192	179986432
17922	2332342	workload-author	49	24636	25748	3327336	38	258	115	2922693715	38356202	0	45457408
17922	2332427	workload-author	49	22956	24300	3327336	36	280	107	3176933374	38727467	0	46063616
17922	2332512	workload-author	49	23424	25616	3327336	35	284	106	3134792488	38583391	0	45834240
17922	2332690	workload-coordi	40	13720	13720	2657672	20	89	60	201897288	63435741	8192	181727232
18161	2332342	workload-author	49	22912	25748	3327336	36	262	117	2986050653	38839626	0	46047232
18161	2332427	workload-author	49	23136	24300	3327336	39	283	109	3200681834	39544129	0	46952448
18161	2332512	workload-author	49	22076	25616	3327336	33	287	108	3180652680	38979870	0	46301184
18161	2332690	workload-coordi	40	13736	13736	2657672	21	90	61	203905736	63561480	8192	182939648
18402	2332342	workload-author	49	22880	25748	3327336	34	268	119	3042994523	39327577	0	46624768
18402	2332427	workload-author	49	22520	24300	3327336	35	287	110	3262423532	39990615	0	47493120
18402	2332512	workload-author	49	23912	25616	3327336	35	291	109	3218869209	39264988	0	46661632
18402	2332690	workload-coordi	40	13672	13672	2657608	14	90	61	205667220	63658387	8192	183889920
18642	2332342	workload-author	49	24692	25748	3327336	36	273	121	3097739649	39840646	0	47230976
18642	2332427	workload-author	49	23124	24300	3327336	38	290	111	3290308871	40251309	0	47808512
18642	2332512	workload-author	49	22232	25616	3327336	35	295	111	3262974611	39744704	0	47222784
18642	2332690	workload-coordi	40	13704	13704	2657640	17	91	62	208645420	63735290	8192	185643008
18881	2332342	workload-author	49	22932	25748	3327336	36	275	123	3133336794	40134557	0	47603712
18881	2332427	workload-author	49	24344	24424	3327336	38	296	112	3349327186	40668733	0	48308224
18881	2332512	workload-author	49	22232	25616	3327336	35	300	113	3331084501	40847319	0	48439296
18881	2332690	workload-coordi	40	13704	13704	2657640	17	93	63	211426324	63800241	8192	187244544
19121	2332342	workload-author	49	24772	25748	3327336	40	279	125	3195283345	40654990	0	48230400
19121	2332427	workload-author	49	24388	24424	3327336	36	300	113	3402235430	40982287	0	48693248
19121	2332512	workload-author	49	22232	25616	3327336	36	305	115	3394859116	41413983	0	49115136
19121	2332690	workload-coordi	40	13672	13672	2657608	13	94	63	213706656	63897651	8192	188727296
19361	2332342	workload-author	49	25484	25780	3327336	38	284	127	3260253977	41171617	0	48857088
19361	2332427	workload-author	49	23040	24424	3327336	38	305	115	3459918011	41581743	0	49414144
19361	2332512	workload-author	49	22272	25616	3327336	37	310	116	3460366888	41959734	0	49762304
19361	2332690	workload-coordi	40	13692	13692	2657608	13	94	64	216536712	64065428	8192	190480384
19600	2332342	workload-author	49	25512	27332	3327336	40	289	129	3325948022	42287015	0	50089984
19600	2332427	workload-author	49	23608	24424	3327336	39	309	117	3499209367	41821522	0	49700864
19600	2332512	workload-author	49	24348	25616	3327336	38	315	118	3519905108	42571348	0	50491392
19600	2332690	workload-coordi	40	13700	13700	2657608	14	96	65	218861240	64133827	8192	191758336
19838	2332342	workload-author	49	26104	27332	3327336	41	294	131	3384078798	42979065	0	50876416
19838	2332427	workload-author	49	24032	25056	3327336	36	313	118	3549003848	42090809	0	50040832
19838	2332512	workload-author	49	24584	25616	3327336	41	318	119	3546932994	42704216	0	50675712
19838	2332690	workload-coordi	40	13700	13700	2657608	13	96	66	220570508	64201884	8192	192872448
20075	2332342	workload-author	49	25388	27332	3327336	39	297	132	3429525430	43477711	0	51458048
20075	2332427	workload-author	49	25772	25772	3327336	38	317	120	3598049672	42570175	0	50601984
20075	2332512	workload-author	49	23068	25616	3327336	40	320	120	3575829872	42906369	0	50921472
20075	2332690	workload-coordi	40	13700	13700	2657608	13	96	67	222332852	64360147	8192	194080768
20313	2332342	workload-author	49	22920	27332	3327336	38	300	134	3470541662	43919040	0	51970048
20313	2332427	workload-author	49	23848	25948	3327336	37	321	123	3671579036	43099398	0	51245056
20313	2332512	workload-author	49	24964	25616	3327336	37	324	122	3622804900	43162187	0	51236864
20313	2332690	workload-coordi	40	13736	13736	2657640	18	97	67	224177116	64473164	8192	195223552
20548	2332342	workload-author	49	23804	27332	3327336	36	304	136	3542869478	44410889	0	52572160
20548	2332427	workload-author	49	23624	25948	3327336	39	328	126	3740434696	43640716	0	51888128
20548	2332512	workload-author	49	25008	25616	3327336	35	328	124	3687127911	43621225	0	51806208
20548	2332690	workload-coordi	40	13736	13736	2657640	18	98	68	226509836	64603254	8192	196579328
20791	2332342	workload-author	49	23804	27332	3327336	36	310	137	3613291878	44981510	0	53248000
20791	2332427	workload-author	49	22752	25948	3327336	34	332	127	3801051922	44054474	0	52400128
20791	2332512	workload-author	49	23772	25616	3327336	36	332	127	3750392261	44154060	0	52445184
20791	2332690	workload-coordi	40	13748	13748	2657640	16	99	69	228357852	64762073	8192	197709824
21033	2332342	workload-author	49	23100	27332	3327336	40	315	140	3675348570	45547907	0	53919744
21033	2332427	workload-author	49	22756	25948	3327336	36	336	130	3864513825	44493271	0	52932608
21033	2332512	workload-author	49	23080	25616	3327336	35	337	128	3798912348	44497599	0	52854784
21033	2332690	workload-coordi	40	13716	13716	2657608	14	100	69	231035496	64871953	8192	199204864
21272	2332342	workload-author	49	23864	27332	3327336	34	318	141	3711072098	45700756	0	54132736
21272	2332427	workload-author	49	24680	25948	3327336	35	341	132	3919073417	44922931	0	53452800
21272	2332512	workload-author	49	22252	25616	3327336	30	343	130	3863699711	44927446	0	53374976
21272	2332690	workload-coordi	40	13748	13748	2657640	16	101	69	232288216	64947997	8192	199974912
21512	2332342	workload-author	49	23960	27332	3327336	40	324	142	3755081084	46258458	0	54788096
21512	2332427	workload-author	49	24704	25948	3327336	37	345	134	3977713491	45385502	0	54009856
21512	2332512	workload-author	49	24044	25616	3327336	33	349	131	3934447323	45497648	0	54059008
21512	2332690	workload-coordi	40	13748	13748	2657640	17	102	70	235085160	65028726	8192	201535488
21751	2332342	workload-author	49	23736	27332	3327336	38	328	144	3807100659	46485695	0	55087104
21751	2332427	workload-author	49	22756	25948	3327336	36	350	136	4037526204	45869557	0	54583296
21751	2332512	workload-author	49	24184	25616	3327336	34	354	134	3998314022	45990341	0	54652928
21751	2332690	workload-coordi	40	13716	13716	2657608	13	103	71	236859276	65142153	8192	202579968
21990	2332342	workload-author	49	24984	27332	3327336	38	331	146	3871929947	46874600	0	55574528
21990	2332427	workload-author	49	24728	25948	3327336	36	356	138	4116272536	46530837	0	55373824
21990	2332512	workload-author	49	24244	25616	3327336	35	359	136	4076239068	46581592	0	55361536
21990	2332690	workload-coordi	40	13716	13716	2657608	13	104	71	239516612	65243540	8192	204107776
22230	2332342	workload-author	49	23940	27332	3327336	41	337	148	3928313554	47441043	0	56229888
22230	2332427	workload-author	49	22788	25948	3327336	37	359	140	4170890893	46804271	0	55721984
22230	2332512	workload-author	49	23148	25616	3327336	36	365	139	4143142897	47205738	0	56094720
22230	2332690	workload-coordi	40	13748	13748	2657640	16	105	72	242178560	65382198	8192	205791232
22468	2332342	workload-author	49	24984	27332	3327336	37	343	150	4001667536	47904128	0	56799232
22468	2332427	workload-author	49	24716	25948	3327336	36	364	142	4251377400	47362433	0	56393728
22468	2332512	workload-author	49	24272	25616	3327336	36	368	142	4208369813	47623887	0	56610816
22468	2332690	workload-coordi	40	13716	13716	2657608	13	105	73	244030844	65479150	8192	206876672
22708	2332342	workload-author	49	25128	27332	3327336	37	348	152	4070550767	48445203	0	57442304
22708	2332427	workload-author	49	23468	25948	3327336	36	368	144	4332638144	47751030	0	56872960
22708	2332512	workload-author	49	22344	25616	3327336	37	373	144	4279663630	48173627	0	57274368
22708	2332690	workload-coordi	40	13780	13780	2657672	20	106	73	246064212	65637497	8192	208224256
22949	2332342	workload-author	49	23156	27332	3327336	38	353	154	4139499952	48983578	0	58085376
22949	2332427	workload-author	49	24680	25948	3327336	39	373	146	4498402994	48292148	0	57528320
22949	2332512	workload-author	49	22344	25616	3327336	35	376	146	4335763656	48504536	0	57688064
22949	2332690	workload-coordi	40	13748	13748	2657640	16	107	74	247592224	65770659	8192	209235968
23188	2332342	workload-author	49	23156	27332	3327336	38	358	158	4209083751	49553899	0	58769408
23188	2332427	workload-author	49	23472	25948	3327336	36	377	149	4651865419	48784266	0	58109952
23188	2332512	workload-author	49	23680	25616	3327336	37	379	148	4395532102	48843752	0	58122240
23188	2332690	workload-coordi	40	13748	13748	2657640	17	108	74	249555788	65941031	8192	210563072
23424	2332342	workload-author	49	24040	27332	3327336	37	363	158	4257748365	49876153	0	59179008
23424	2332427	workload-author	49	22704	25948	3327336	37	382	152	4789189848	49849192	0	59260928
23424	2332512	workload-author	49	22336	25616	3327336	35	382	149	4421861174	49082969	0	58425344
23424	2332690	workload-coordi	40	13724	13756	2657640	17	108	74	250980884	66020888	8192	211390464
23664	2332342	workload-author	49	25040	27332	3327336	37	368	160	4321358571	50318551	0	59719680
23664	2332427	workload-author	49	23508	25948	3327336	38	386	154	4882774262	50266596	0	59785216
23664	2332512	workload-author	49	22328	25616	3327336	37	384	150	4466401681	49339894	0	58744832
23664	2332690	workload-coordi	40	13724	13724	2657608	13	109	75	252969196	66138148	8192	212656128
23905	2332342	workload-author	49	25144	27332	3327336	39	372	163	4408417350	50967790	0	60497920
23905	2332427	workload-author	49	23688	25948	3327336	34	389	156	4953785086	50386469	0	59944960
23905	2332512	workload-author	49	23668	25616	3327336	37	389	152	4530156104	49777419	0	59265024
23905	2332690	workload-coordi	40	13756	13756	2657640	19	110	76	255142172	66280359	8192	214044672
24142	2332342	workload-author	49	23988	27332	3327336	40	377	166	4537922643	51521294	0	61157376
24142	2332427	workload-author	49	24564	25948	3327336	36	394	159	5101992465	50869968	0	60522496
24142	2332512	workload-author	49	24408	25616	3327336	38	394	154	4645473726	51101380	0	60694528
24142	2332690	workload-coordi	40	13788	13788	2657640	21	111	76	258350952	66476933	8192	216203264
24379	2332342	workload-author	49	23908	27332	3327336	40	381	167	4614961613	51804104	0	61501440
24379	2332427	workload-author	49	24560	25948	3327336	38	398	160	5195517802	51159562	0	60870656
24379	2332512	workload-author	49	22344	25616	3327336	39	399	157	4729976163	51774867	0	61472768
24379	2332690	workload-coordi	40	13756	13756	2657640	16	111	77	259853872	66593655	8192	217079808
24613	2332342	workload-author	49	25128	27332	3327336	42	386	170	4803693282	52344762	0	62148608
24613	2332427	workload-author	49	24560	25948	3327336	38	403	164	5394591718	51767429	0	61603840
24613	2332512	workload-author	49	23228	25616	3327336	39	404	159	4875271852	52229290	0	62013440
24613	2332690	workload-coordi	40	13724	13724	2657608	13	112	78	262627100	66756815	8192	218923008
24848	2332342	workload-author	49	25076	27332	3327336	41	392	173	4961249097	52919113	0	62820352
24848	2332427	workload-author	49	23212	25948	3327336	39	408	165	5516164688	52247064	0	62181376
24848	2332512	workload-author	49	24160	25616	3327336	38	407	163	5030187541	52621724	0	62496768
24848	2332690	workload-coordi	40	13764	13764	2657640	18	113	79	265017680	66948433	8192	220467200
25086	2332342	workload-author	49	25072	27332	3327336	39	397	177	5150477554	53395072	0	63406080
25086	2332427	workload-author	49	22604	25948	3327336	34	411	167	5573196844	52325440	0	62300160
25086	2332512	workload-author	49	22328	25616	3327336	37	411	164	5180528306	52969541	0	62926848
25086	2332690	workload-coordi	40	13732	13732	2657608	13	114	79	266213056	66999436	8192	221188096
25321	2332342	workload-author	49	25088	27332	3327336	37	403	180	5307013105	54534596	0	64651264
25321	2332427	workload-author	49	23352	25948	3327336	37	418	169	5724929153	52796683	0	62877696
25321	2332512	workload-author	49	23696	25616	3327336	39	415	167	5351409470	53378262	0	63455232
25321	2332690	workload-coordi	40	13732	13732	2657608	13	115	80	268319980	67100575	8192	222420992
25560	2332342	workload-author	49	23968	27332	3327336	38	409	183	5503257270	55196083	0	65433600
25560	2332427	workload-author	49	22788	25948	3327336	37	425	172	5871538620	53408176	0	63590400
25560	2332512	workload-author	49	22344	25616	3327336	39	418	168	5452070508	53592882	0	63729664
25560	2332690	workload-coordi	40	13828	13828	2657704	23	115	81	270225684	67156048	8192	223502336
25798	2332342	workload-author	49	23188	27332	3327336	37	414	186	5635554661	55688042	0	66015232
25798	2332427	workload-author	49	24764	25948	3327336	38	429	174	5961507785	53652126	0	63889408
25798	2332512	workload-author	49	23072	25616	3327336	36	423	171	5556093226	54117193	0	64335872
25798	2332690	workload-coordi	40	13732	13732	2657608	14	117	82	273092604	67417992	8192	225353728
26036	2332342	workload-author	49	23188	27332	3327336	37	419	189	5775723410	56138783	0	66560000
26036	2332427	workload-author	49	24752	25948	3327336	37	433	176	6132681291	53995531	0	64335872
26036	2332512	workload-author	49	24296	25616	3327336	40	429	174	5763456639	54713224	0	65060864
26036	2332690	workload-coordi	40	13732	13732	2657608	19	118	82	274990288	67502401	8192	226484224
26275	2332342	workload-author	49	24008	27332	3327336	40	424	190	5874720810	56547509	0	67084288
26275	2332427	workload-author	49	24832	25948	3327336	36	438	180	6306900056	54562214	0	65011712
26275	2332512	workload-author	49	24292	25616	3327336	40	434	176	5927834634	55221347	0	65662976
26275	2332690	workload-coordi	40	13768	13768	2657640	17	119	83	276728228	67668720	8192	227745792
26513	2332342	workload-author	49	23212	27332	3327336	40	427	192	5943160066	56770495	0	67354624
26513	2332427	workload-author	49	24892	25948	3327336	38	443	182	6490991223	55062912	0	65617920
26513	2332512	workload-author	49	22296	25616	3327336	36	441	179	6096848124	55705314	0	66244608
26513	2332690	workload-coordi	40	13736	13736	2657608	13	119	84	278510536	67794226	8192	228806656
26752	2332342	workload-author	49	23896	27332	3327336	37	432	194	6100588209	57163701	0	67833856
26752	2332427	workload-author	49	24848	25948	3327336	38	449	184	6708434025	55554697	0	66224128
26752	2332512	workload-author	49	24276	25616	3327336	39	447	183	6304753766	56300823	0	66969600
26752	2332690	workload-coordi	40	13736	13736	2657608	13	120	84	280560116	67911584	8192	230051840
26992	2332342	workload-author	49	24000	27332	3327336	37	435	197	6190054428	57518988	0	68251648
26992	2332427	workload-author	49	22880	25948	3327336	40	454	188	6888060778	56190781	0	66969600
26992	2332512	workload-author	49	24272	25616	3327336	38	451	185	6504684225	56772075	0	67543040
26992	2332690	workload-coordi	40	13772	13772	2657640	16	121	85	282186776	68044702	8192	231137280
27231	2332342	workload-author	49	24172	27332	3327336	39	440	198	6271953502	57878242	0	68685824
27231	2332427	workload-author	49	23296	25948	3327336	39	458	191	7046992271	56674336	0	67538944
27231	2332512	workload-author	49	22284	25616	3327336	37	457	188	6657075763	57276427	0	68132864
27231	2332690	workload-coordi	40	13804	13804	2657672	20	122	86	285300660	68253534	8192	233172992
27470	2332342	workload-author	49	23212	27332	3327336	42	444	201	6367182997	58172017	0	69046272
27470	2332427	workload-author	49	22596	25948	3327336	39	464	195	7207134611	57199851	0	68161536
27470	2332512	workload-author	49	22284	25616	3327336	38	463	191	6794163579	57855375	0	68808704
27470	2332690	workload-coordi	40	13740	13740	2657608	13	123	86	288484004	68339352	8192	234995712
27709	2332342	workload-author	49	23892	27332	3327336	38	448	202	6527828652	58416394	0	69378048
27709	2332427	workload-author	49	22576	25948	3327336	38	469	198	7406883826	57675198	0	68751360
27709	2332512	workload-author	49	24504	25616	3327336	38	470	194	7003381380	58413988	0	69500928
27709	2332690	workload-coordi	40	13740	13740	2657608	13	124	87	289683304	68406893	8192	235716608
27950	2332342	workload-author	49	24016	27332	3327336	39	452	205	6640245229	58730576	0	69754880
27950	2332427	workload-author	49	23348	25948	3327336	38	474	199	7567149677	58093448	0	69259264
27950	2332512	workload-author	49	24272	25616	3327336	38	475	198	7191337287	58938615	0	70127616
27950	2332690	workload-coordi	40	13804	13804	2657672	19	124	88	292074400	68541054	8192	237293568
28185	2332342	workload-author	49	25160	27332	3327336	40	458	208	6809045670	59321485	0	70459392
28185	2332427	workload-author	49	22976	25948	3327336	36	479	200	7660907345	58518614	0	69771264
28185	2332512	workload-author	49	22720	25616	3327336	40	479	199	7327048320	59260808	0	70516736
28185	2332690	workload-coordi	40	13772	13772	2657640	17	125	89	294354044	68678998	8192	238702592
28424	2332342	workload-author	49	24028	27332	3327336	39	465	209	6955270451	59788680	0	71012352
28424	2332427	workload-author	49	23336	25948	3327336	35	484	203	7791123149	58758192	0	70078464
28424	2332512	workload-author	49	24116	25616	3327336	39	484	200	7418596432	59550045	0	70897664
28424	2332690	workload-coordi	40	13772	13772	2657640	16	126	89	295787504	68808403	8192	239624192
28663	2332342	workload-author	49	23392	27332	3327336	38	470	212	7127530390	60284339	0	71606272
28663	2332427	workload-author	49	24556	25948	3327336	37	487	205	7930904666	59744081	0	71139328
28663	2332512	workload-author	49	24292	25616	3327336	38	488	202	7561537710	59988123	0	71413760
28663	2332690	workload-coordi	40	13812	13812	2657672	24	127	89	298445872	68909856	8192	241356800
28905	2332342	workload-author	49	23832	27332	3327336	38	477	216	7284031688	60884177	0	72314880
28905	2332427	workload-author	49	24536	25948	3327336	38	491	208	8084551020	60091042	0	71585792
28905	2332512	workload-author	49	24496	25616	3327336	37	492	204	7671512114	60116388	0	71598080
28905	2332690	workload-coordi	40	13748	13748	2657608	13	128	90	300224084	68969504	8192	242315264
29145	2332342	workload-author	49	25184	27332	3327336	39	482	220	7470988544	61488189	0	73039872
29145	2332427	workload-author	49	22692	25948	3327336	36	495	210	8262272673	60537479	0	72114176
29145	2332512	workload-author	49	24288	25616	3327336	35	498	207	7800516749	60546364	0	72110080
29145	2332690	workload-coordi	40	13780	13780	2657640	16	129	91	303444636	69125071	8192	244310016
29385	2332342	workload-author	49	24092	27332	3327336	37	490	223	7621535974	62017086	0	73666560
29385	2332427	workload-author	49	24572	25948	3327336	37	501	214	8460238719	61078990	0	72773632
29385	2332512	workload-author	49	24132	25616	3327336	36	502	210	7909956125	61483751	0	73113600
29385	2332690	workload-coordi	40	13748	13748	2657608	14	130	91	305781796	69222501	8192	245694464
29624	2332342	workload-author	49	25144	27332	3327336	39	496	225	7783634368	62566637	0	74313728
29624	2332427	workload-author	49	22708	25948	3327336	35	507	217	8653113312	61608365	0	73404416
29624	2332512	workload-author	49	24128	25616	3327336	36	507	213	8115793929	61946465	0	73695232
29624	2332690	workload-coordi	40	13780	13780	2657640	17	131	92	308209584	69381258	8192	247259136
29861	2332342	workload-author	49	23200	27332	3327336	38	500	227	7887600425	62740019	0	74547200
29861	2332427	workload-author	49	23112	25948	3327336	39	514	218	8779511127	62034497	0	73916416
29861	2332512	workload-author	49	22296	25616	3327336	35	512	215	8234632346	62368319	0	74182656
29861	2332690	workload-coordi	40	13780	13780	2657640	18	132	93	310078080	69436844	8192	248262656
30099	2332342	workload-author	49	23200	27332	3327336	36	505	230	8048521670	63186928	0	75075584
30099	2332427	workload-author	49	23720	25948	3327336	39	519	221	8973413736	62397622	0	74375168
30099	2332512	workload-author	49	23252	25616	3327336	37	517	218	8419048093	62847746	0	74768384
30099	2332690	workload-coordi	40	13780	13780	2657640	16	132	93	311758332	69521245	8192	249335808
30335	2332342	workload-author	49	24140	27332	3327336	37	508	231	8132170640	63368651	0	75304960
30335	2332427	workload-author	49	24496	25948	3327336	38	524	223	9135537051	62856311	0	74915840
30335	2332512	workload-author	49	24312	25616	3327336	41	524	220	8589275497	63463613	0	75485184
30335	2332690	workload-coordi	40	13748	13748	2657608	13	133	94	314276404	69700642	8192	250961920
30575	2332342	workload-author	49	25188	27332	3327336	36	514	234	8273465707	63864791	0	75890688
30575	2332427	workload-author	49	24752	25948	3327336	35	531	227	9307236308	63315468	0	75468800
30575	2332512	workload-author	49	23104	25616	3327336	38	529	223	8783895610	63914744	0	76038144
30575	2332690	workload-coordi	40	13796	13796	2657640	17	134	95	317040580	69905407	8192	252674048
30816	2332342	workload-author	49	24000	27332	3327336	36	520	237	8428974483	64302978	0	76414976
30816	2332427	workload-author	49	22568	25948	3327336	34	537	231	9454653684	63816121	0	76058624
30816	2332512	workload-author	49	24292	25616	3327336	38	534	226	8966259325	64381587	0	76607488
30816	2332690	workload-coordi	40	13824	13824	2657608	15	136	95	319808508	70044574	8192	254234624
31054	2332342	workload-author	49	23204	27332	3327336	35	525	240	8571925771	64720648	0	76910592
31054	2332427	workload-author	49	23012	25948	3327336	35	544	233	9575312764	64200109	0	76513280
31054	2332512	workload-author	49	24288	25616	3327336	40	538	229	9091540510	64691601	0	76988416
31054	2332690	workload-coordi	40	13792	13792	2657608	14	136	96	321808592	70137345	8192	255373312
31294	2332342	workload-author	49	25088	27332	3327336	35	531	242	8718423892	65764920	0	78045184
31294	2332427	workload-author	49	22792	25948	3327336	32	549	236	9741192669	64535439	0	76939264
31294	2332512	workload-author	49	22344	25616	3327336	37	544	232	9218955646	65035308	0	77406208
31294	2332690	workload-coordi	40	13828	13828	2657640	18	137	97	323944016	70271558	8192	256589824
31535	2332342	workload-author	49	25088	27332	3327336	39	536	244	8794309174	66231627	0	78573568
31535	2332427	workload-author	49	24736	25948	3327336	36	554	239	9903155330	65002362	0	77496320
31535	2332512	workload-author	49	24316	25616	3327336	39	549	234	9299758903	65394276	0	77832192
31535	2332690	workload-coordi	40	13828	13828	2657640	17	137	98	326366848	70352088	8192	257880064
31774	2332342	workload-author	49	24668	27332	3327336	37	541	248	8963882572	66690574	0	79138816
31774	2332427	workload-author	49	22744	25948	3327336	39	558	240	10024792194	65317224	0	77881344
31774	2332512	workload-author	49	22464	25616	3327336	39	554	237	9521864919	65840837	0	78385152
31774	2332690	workload-coordi	40	13828	13828	2657640	17	138	98	327549764	70427859	8192	258609152
32014	2332342	workload-author	49	23956	27332	3327336	38	545	250	9092111810	66975908	0	79507456
32014	2332427	workload-author	49	24712	25948	3327336	37	563	243	10225109179	65726333	0	78385152
32014	2332512	workload-author	49	22640	25616	3327336	37	559	241	9654283145	66204508	0	78823424
32014	2332690	workload-coordi	40	13828	13828	2657640	16	138	99	329467584	70541084	8192	259710976
32255	2332342	workload-author	49	23204	27332	3327336	37	549	253	9219499174	67376878	0	79978496
32255	2332427	workload-author	49	22744	25948	3327336	37	567	246	10363603057	66122823	0	78860288
32255	2332512	workload-author	49	24356	25616	3327336	37	566	244	9837122598	66721660	0	79450112
32255	2332690	workload-coordi	40	13796	13796	2657608	13	139	99	331611200	70633761	8192	260890624
32496	2332342	workload-author	49	25088	27332	3327336	39	554	255	9408027268	67885453	0	80592896
32496	2332427	workload-author	49	24816	25948	3327336	36	572	249	10515866944	66490558	0	79310848
32496	2332512	workload-author	49	23712	25616	3327336	39	573	248	10034723368	67494370	0	80343040
32496	2332690	workload-coordi	40	13796	13796	2657608	13	140	100	334822872	70768738	8192	262729728
32735	2332342	workload-author	49	23492	27332	3327336	35	561	259	9588765777	68369144	0	81170432
32735	2332427	workload-author	49	24516	25948	3327336	36	579	251	10656554563	66916694	0	79814656
32735	2332512	workload-author	49	24324	25616	3327336	38	577	251	10196247252	67829466	0	80769024
32735	2332690	workload-coordi	40	13828	13828	2657640	18	142	101	337020252	70890799	8192	264060928
32976	2332342	workload-author	49	25128	27332	3327336	36	566	263	9788626240	68873495	0	81784832
32976	2332427	workload-author	49	24532	25948	3327336	35	586	255	10878195714	67548453	0	80560128
32976	2332512	workload-author	49	23284	25616	3327336	35	583	255	10448370674	68432937	0	81502208
32976	2332690	workload-coordi	40	13860	13860	2657672	19	142	101	338827136	70987306	8192	265089024
33211	2332342	workload-author	49	24088	27332	3327336	34	571	266	9948321957	69398338	0	82395136
33211	2332427	workload-author	49	24552	25948	3327336	38	590	258	11002294420	67904317	0	80990208
33211	2332512	workload-author	49	23768	25616	3327336	40	588	257	10531578117	68747304	0	81866752
33211	2332690	workload-coordi	40	13828	13828	2657640	17	143	103	341463820	71228223	8192	266756096
33447	2332342	workload-author	49	25196	27332	3327336	40	579	270	10168800956	70084147	0	83210240
33447	2332427	workload-author	49	22576	25948	3327336	36	595	260	11177613131	68247802	0	81424384
33447	2332512	workload-author	49	23384	25616	3327336	39	594	260	10775674482	69205517	0	82440192
33447	2332690	workload-coordi	40	13796	13796	2657608	13	144	103	343788348	71296673	8192	268034048
33684	2332342	workload-author	49	24108	27332	3327336	39	585	274	10368458116	70510722	0	83738624
33684	2332427	workload-author	49	24952	25948	3327336	34	601	263	11352892108	68632212	0	81891328
33684	2332512	workload-author	49	24564	25616	3327336	39	599	263	10980137628	69722195	0	83058688
33684	2332690	workload-coordi	40	13836	13836	2657640	17	146	104	346306592	71463661	8192	269684736
33923	2332342	workload-author	49	25164	27332	3327336	37	591	277	10545005224	71068533	0	84414464
33923	2332427	workload-author	49	25408	25948	3327336	37	608	267	11503457006	69709859	0	83066880
33923	2332512	workload-author	49	23392	25616	3327336	39	606	266	11163617965	70214306	0	83660800
33923	2332690	workload-coordi	40	13868	13868	2657672	20	147	105	349209860	71569753	8192	271257600
34162	2332342	workload-author	49	23216	27332	3327336	38	596	280	10715236964	71523540	0	84963328
34162	2332427	workload-author	49	22976	25948	3327336	36	615	271	11675544218	70271689	0	83738624
34162	2332512	workload-author	49	24128	25616	3327336	41	609	268	11308652290	70445719	0	83976192
34162	2332690	workload-coordi	40	13804	13804	2657608	14	148	105	351756432	71691808	8192	272769024
34400	2332342	workload-author	49	24168	27332	3327336	41	601	281	10814446187	71899378	0	85434368
34400	2332427	workload-author	49	23816	25948	3327336	34	620	274	11825993663	70656612	0	84197376
34400	2332512	workload-author	49	22472	25616	3327336	36	613	270	11406618195	71415093	0	85016576
34400	2332690	workload-coordi	40	13840	13840	2657640	16	148	106	354496548	71826440	8192	274501632
34641	2332342	workload-author	49	23216	27332	3327336	38	604	282	10884889012	71941230	0	85504000
34641	2332427	workload-author	49	24560	25948	3327336	36	628	276	12034818421	71247828	0	84905984
34641	2332512	workload-author	49	24408	25616	3327336	35	617	272	11555929342	71720474	0	85389312
34641	2332690	workload-coordi	40	13808	13808	2657608	13	149	106	356188056	71885614	8192	275333120
34882	2332342	workload-author	49	23216	27332	3327336	38	610	285	11010823526	72416187	0	86056960
34882	2332427	workload-author	49	24532	25948	3327336	32	633	280	12208058383	71623926	0	85364736
34882	2332512	workload-author	49	24404	25616	3327336	35	622	275	11722037235	71993400	0	85741568
34882	2332690	workload-coordi	40	13808	13808	2657608	13	150	107	358052456	71970439	8192	276365312
35122	2332342	workload-author	49	25624	27332	3327336	39	615	287	11149729083	72788130	0	86511616
35122	2332427	workload-author	49	24536	25948	3327336	36	639	282	12385132515	72012940	0	85839872
35122	2332512	workload-author	49	24768	25616	3327336	35	627	278	11895791504	72456034	0	86298624
35122	2332690	workload-coordi	40	13872	13872	2657672	21	151	107	359909008	72021380	8192	277442560
35360	2332342	workload-author	49	25208	27332	3327336	41	620	289	11290456873	73143708	0	86945792
35360	2332427	workload-author	49	24928	25948	3327336	33	645	286	12536938043	72492207	0	86392832
35360	2332512	workload-author	49	23232	25616	3327336	34	633	281	12060857138	72948385	0	86880256
35360	2332690	workload-coordi	40	13840	13840	2657640	19	151	108	362463256	72221284	8192	278949888
35597	2332342	workload-author	49	23216	27332	3327336	41	627	291	11481476457	73631109	0	87523328
35597	2332427	workload-author	49	22560	25948	3327336	38	651	290	12762361412	73132868	0	87154688
35597	2332512	workload-author	49	24376	25616	3327336	36	638	285	12258081123	73382447	0	87416832
35597	2332690	workload-coordi	40	13808	13808	2657608	13	152	108	364676676	72354997	8192	280219648
35834	2332342	workload-author	49	23904	27332	3327336	38	633	294	11645330189	73962321	0	87945216
35834	2332427	workload-author	49	25488	25948	3327336	38	656	294	12933591211	73562786	0	87670784
35834	2332512	workload-author	49	24352	25616	3327336	35	644	288	12429004038	73853730	0	87969792
35834	2332690	workload-coordi	40	13808	13808	2657608	13	153	109	367461332	72505920	8192	281874432
36073	2332342	workload-author	49	23216	27332	3327336	37	639	297	11833722280	74343063	0	88420352
36073	2332427	workload-author	49	24120	25948	3327336	38	662	297	13113707086	73992824	0	88182784
36073	2332512	workload-author	49	23216	25616	3327336	34	650	290	12628384852	74296676	0	88510464
36073	2332690	workload-coordi	40	13808	13808	2657608	13	154	109	369247908	72598571	8192	282902528
36313	2332342	workload-author	49	23216	27332	3327336	37	644	301	12005598460	74909107	0	89088000
36313	2332427	workload-author	49	22560	25948	3327336	38	666	299	13171550438	74149875	0	88403968
36313	2332512	workload-author	49	24212	25616	3327336	38	654	293	12779187971	74693398	0	88985600
36313	2332690	workload-coordi	40	13808	13808	2657640	16	155	110	371346296	72715655	8192	284102656
36552	2332342	workload-author	49	23932	27332	3327336	37	651	305	12179450519	75417235	0	89686016
36552	2332427	workload-author	49	23288	25948	3327336	37	670	300	13325389999	74368867	0	88686592
36552	2332512	workload-author	49	23700	25616	3327336	38	660	296	13026714924	75118660	0	89522176
36552	2332690	workload-coordi	40	13808	13808	2657608	14	155	111	373174004	72816638	8192	285196288
36790	2332342	workload-author	49	23940	27332	3327336	37	659	307	12383871171	75971023	0	90349568
36790	2332427	workload-author	49	24552	25948	3327336	38	675	302	13443261236	74741241	0	89120768
36790	2332512	workload-author	49	23368	25616	3327336	39	665	298	13150466054	75416598	0	89882624
36790	2332690	workload-coordi	40	13808	13808	2657608	13	156	111	375420364	72909560	8192	286433280
37030	2332342	workload-author	49	25104	27332	3327336	34	665	310	12595674543	77057409	0	91545600
37030	2332427	workload-author	49	23072	25948	3327336	35	682	305	13655059598	75183368	0	89661440
37030	2332512	workload-author	49	24348	25616	3327336	38	671	301	13377487502	75957871	0	90525696
37030	2332690	workload-coordi	40	13872	13872	2657672	20	157	111	377515172	73072187	8192	287789056
37267	2332342	workload-author	49	23216	27332	3327336	37	672	313	12803701224	77660796	0	92258304
37267	2332427	workload-author	49	24572	25948	3327336	39	688	308	13856895431	75824138	0	90406912
37267	2332512	workload-author	49	22380	25616	3327336	37	678	305	13532793892	76305655	0	90951680
37267	2332690	workload-coordi	40	13812	13812	2657608	13	158	112	380241624	73218739	8192	289263616
37502	2332342	workload-author	49	25112	27332	3327336	35	678	317	12976545399	78086227	0	92770304
37502	2332427	workload-author	49	25368	25948	3327336	35	695	312	14021781232	76212872	0	90877952
37502	2332512	workload-author	49	22448	25616	3327336	37	683	309	13708077403	76801974	0	91537408
37502	2332690	workload-coordi	40	13812	13812	2657608	14	159	113	383149160	73353776	8192	290902016
37740	2332342	workload-author	49	23216	27332	3327336	35	685	321	13153212430	78591320	0	93376512
37740	2332427	workload-author	49	22900	25948	3327336	36	701	316	14236401043	76750407	0	91525120
37740	2332512	workload-author	49	24268	25616	3327336	40	689	313	13899087506	77343036	0	92172288
37740	2332690	workload-coordi	40	13848	13848	2657640	20	160	114	385851552	73521077	8192	292515840
37979	2332342	workload-author	49	23216	27332	3327336	36	689	323	13265407397	78818605	0	93650944
37979	2332427	workload-author	49	23180	25948	3327336	35	707	319	14450516731	77283710	0	92164096
37979	2332512	workload-author	49	24936	25616	3327336	38	694	316	14087460507	77732199	0	92651520
37979	2332690	workload-coordi	40	13848	13848	2657640	17	161	114	387983224	73667274	8192	293834752
38216	2332342	workload-author	49	23680	27332	3327336	36	695	326	13358508051	79211169	0	94142464
38216	2332427	workload-author	49	22568	25948	3327336	34	714	322	14602259171	77700997	0	92672000
38216	2332512	workload-author	49	23176	25616	3327336	40	701	319	14339825195	78335462	0	93372416
38216	2332690	workload-coordi	40	13856	13856	2657640	17	163	115	390221220	73764608	8192	295055360
38456	2332342	workload-author	49	25616	27332	3327336	36	698	328	13496454455	79476286	0	94474240
38456	2332427	workload-author	49	23180	25948	3327336	34	721	325	14783167218	78073137	0	93130752
38456	2332512	workload-author	49	23924	25616	3327336	40	708	323	14556781863	78914510	0	94052352
38456	2332690	workload-coordi	40	13824	13824	2657608	17	163	115	392426276	73857397	8192	296235008
38696	2332342	workload-author	49	23900	27332	3327336	35	702	331	13631005293	79790268	0	94851072
38696	2332427	workload-author	49	22568	25948	3327336	33	726	326	14846959043	78296840	0	93392896
38696	2332512	workload-author	49	24944	25616	3327336	37	714	326	14773262960	79327512	0	94564352
38696	2332690	workload-coordi	40	13824	13824	2657608	13	164	116	394989404	73926177	8192	297705472
38938	2332342	workload-author	49	23216	27332	3327336	35	705	332	13669988685	79938885	0	95047680
38938	2332427	workload-author	49	22568	25948	3327336	35	730	329	14940616853	78544966	0	93687808
38938	2332512	workload-author	49	23732	25616	3327336	37	722	330	14982442695	79893631	0	95227904
38938	2332690	workload-coordi	40	13824	13824	2657608	14	165	117	397186440	73994334	8192	298889216
39178	2332342	workload-author	49	23216	27332	3327336	34	710	335	13802993270	80248980	0	95424512
39178	2332427	workload-author	49	23348	25948	3327336	35	734	331	15021946463	78648300	0	93827072
39178	2332512	workload-author	49	25076	25616	3327336	35	726	332	15107571390	80851037	0	96280576
39178	2332690	workload-coordi	40	13856	13856	2657640	18	166	117	398903212	74017087	8192	299810816
39418	2332342	workload-author	49	25100	27332	3327336	39	715	338	14004360081	80778065	0	96051200
39418	2332427	workload-author	49	23172	25948	3327336	36	739	333	15105344463	78937559	0	94191616
39418	2332512	workload-author	49	23240	25616	3327336	39	731	335	15291274222	81289016	0	96813056
39418	2332690	workload-coordi	40	13824	13824	2657608	13	167	117	400833320	74064435	8192	300822528
39657	2332342	workload-author	49	23336	27332	3327336	35	723	341	14229939698	81286617	0	96665600
39657	2332427	workload-author	49	22568	25948	3327336	33	743	335	15155523760	79078241	0	94355456
39657	2332512	workload-author	49	22452	25616	3327336	39	737	339	15487086924	81748279	0	97361920
39657	2332690	workload-coordi	40	13824	13824	2657608	13	168	118	402833404	74165551	8192	301989888
39892	2332342	workload-author	49	23216	27332	3327336	39	731	345	14448241574	81948250	0	97447936
39892	2332427	workload-author	49	24564	25948	3327336	31	748	339	15296066559	79350475	0	94687232
39892	2332512	workload-author	49	24264	25616	3327336	37	742	343	15719111760	82186693	0	97898496
39892	2332690	workload-coordi	40	13840	13840	2657608	13	169	118	405247872	74291522	8192	303308800
40131	2332342	workload-author	49	25776	27332	3327336	37	738	349	14680555273	82468217	0	98074624
40131	2332427	workload-author	49	25144	25948	3327336	33	755	342	15529589933	79809861	0	95248384
40131	2332512	workload-author	49	24396	25616	3327336	35	750	349	15927043357	82715953	0	98529280
40131	2332690	workload-coordi	40	13840	13840	2657608	13	170	119	407588612	74450502	8192	304676864
40371	2332342	workload-author	49	23808	27332	3327336	35	744	351	14876937048	82952360	0	98648064
40371	2332427	workload-author	49	25172	25948	3327336	35	761	343	15750385584	80211826	0	95752192
40371	2332512	workload-author	49	22700	25616	3327336	34	757	351	16100476846	83141585	0	99037184
40371	2332690	workload-coordi	40	13872	13872	2657640	14	170	120	409818416	74551693	8192	305905664
40611	2332342	workload-author	49	24256	27332	3327336	37	750	354	15048348625	83349751	0	99131392
40611	2332427	workload-author	49	24564	25948	3327336	36	768	347	15951893912	81458054	0	97112064
40611	2332512	workload-author	49	22396	25616	3327336	35	765	355	16294748546	83691373	0	99680256
40611	2332690	workload-coordi	40	13852	13852	2657608	13	172	121	412779200	74760406	8192	307617792
40853	2332342	workload-author	49	25112	27332	3327336	35	757	357	15299787210	83920262	0	99819520
40853	2332427	workload-author	49	22560	25948	3327336	35	775	352	16176910298	82007679	0	97775616
40853	2332512	workload-author	49	22452	25616	3327336	36	772	360	16521020504	84249749	0	100347904
40853	2332690	workload-coordi	40	13884	13884	2657640	17	173	122	415912532	74916085	8192	309379072
41094	2332342	workload-author	49	25220	27332	3327336	37	765	361	15502926347	84503038	0	100515840
41094	2332427	workload-author	49	23120	25948	3327336	36	783	356	16421932111	82599691	0	98480128
41094	2332512	workload-author	49	25072	25616	3327336	36	779	363	16741618939	84761923	0	100958208
41094	2332690	workload-coordi	40	13888	13888	2657640	17	174	122	418483164	75087670	8192	310853632
41334	2332342	workload-author	49	25780	27332	3327336	38	771	366	15756109468	85089837	0	101220352
41334	2332427	workload-author	49	24536	25948	3327336	34	791	359	16599540313	83153308	0	99131392
41334	2332512	workload-author	49	24708	25616	3327336	39	784	366	16909593856	85191923	0	101470208
41334	2332690	workload-coordi	40	13856	13856	2657608	15	175	123	421534060	75246610	8192	312520704
41574	2332342	workload-author	49	25108	27332	3327336	37	780	371	15990969759	85842498	0	102092800
41574	2332427	workload-author	49	22704	25948	3327336	37	797	362	16827672213	83637510	0	99721216
41574	2332512	workload-author	49	24456	25616	3327336	37	789	370	17147410263	85617905	0	102006784
41574	2332690	workload-coordi	40	13860	13860	2657608	13	176	124	424035060	75421845	8192	314003456
41813	2332342	workload-author	49	23216	27332	3327336	37	788	376	16222252260	86470868	0	102834176
41813	2332427	workload-author	49	22708	25948	3327336	39	805	366	17064982072	84241118	0	100438016
41813	2332512	workload-author	49	24700	25616	3327336	40	792	372	17337567348	85832477	0	102301696
41813	2332690	workload-coordi	40	13900	13900	2657640	17	176	124	426252404	75522736	8192	315195392
42051	2332342	workload-author	49	24012	27332	3327336	37	797	380	16434472101	86992134	0	103464960
42051	2332427	workload-author	49	22688	25948	3327336	37	811	369	17247848530	84513867	0	100794368
42051	2332512	workload-author	49	25500	25616	3327336	37	797	375	17500667803	86130102	0	102666240
42051	2332690	workload-coordi	40	13900	13900	2657640	16	177	125	428104516	75586917	8192	316207104
42291	2332342	workload-author	49	23216	27332	3327336	36	801	382	16528560288	87891079	0	104448000
42291	2332427	workload-author	49	23276	25948	3327336	37	818	371	17458932528	84980678	0	101359616
42291	2332512	workload-author	49	25164	25616	3327336	36	803	378	17727012576	86580823	0	103202816
42291	2332690	workload-coordi	40	13868	13868	2657608	13	178	125	429936148	75716169	8192	317308928
42533	2332342	workload-author	49	24132	27332	3327336	38	806	384	16617542908	88122634	0	104722432
42533	2332427	workload-author	49	22648	25948	3327336	38	823	374	17608645495	85369029	0	101814272
42533	2332512	workload-author	49	23768	26212	3327336	34	812	381	17932732882	86998639	0	103710720
42533	2332690	workload-coordi	40	13868	13868	2657608	13	179	126	431812836	75809290	8192	318349312
42773	2332342	workload-author	49	23216	27332	3327336	37	810	386	16735529632	88271267	0	104923136
42773	2332427	workload-author	49	22648	25948	3327336	38	828	375	17704239047	85550855	0	102039552
42773	2332512	workload-author	49	23684	26212	3327336	39	821	386	18133605377	87680730	0	104497152
42773	2332690	workload-coordi	40	13904	13904	2657640	16	180	126	434374932	75877691	8192	319619072
43012	2332342	workload-author	49	23216	27332	3327336	36	813	387	16778044264	88349900	0	105017344
43012	2332427	workload-author	49	25048	25948	3327336	36	833	377	17833158504	85753340	0	102293504
43012	2332512	workload-author	49	24536	26212	3327336	38	827	390	18426348980	88135512	0	105082880
43012	2332690	workload-coordi	40	13872	13872	2657608	13	180	127	435060684	75903479	8192	319983616
43251	2332342	workload-author	49	23216	27332	3327336	35	819	388	16875983840	88597911	0	105316352
43251	2332427	workload-author	49	25112	25948	3327336	38	838	381	18052023525	86174713	0	102813696
43251	2332512	workload-author	49	23184	26212	3327336	39	832	393	18532106770	88428822	0	105422848
43251	2332690	workload-coordi	40	13888	13888	2657608	13	181	127	437200032	75971264	8192	321097728
43489	2332342	workload-author	49	23496	27332	3327336	38	827	392	17095562734	89020158	0	105840640
43489	2332427	workload-author	49	23944	25948	3327336	35	844	385	18284689469	86712269	0	103456768
43489	2332512	workload-author	49	23448	26212	3327336	37	838	396	18661128694	88747601	0	105795584
43489	2332690	workload-coordi	40	13952	13952	2657672	19	182	128	439454412	76043532	8192	322293760
43727	2332342	workload-author	49	25688	27332	3327336	39	832	395	17308080977	89581900	0	106496000
43727	2332427	workload-author	49	25020	25948	3327336	38	852	390	18481794940	87279177	0	104120320
43727	2332512	workload-author	49	22984	26212	3327336	38	843	399	18772826357	88991672	0	106119168
43727	2332690	workload-coordi	40	13888	13888	2657608	13	184	128	442658064	76199331	8192	324169728
43963	2332342	workload-author	49	25108	27332	3327336	37	840	399	17529109484	90102904	0	107122688
43963	2332427	workload-author	49	23876	25948	3327336	34	859	394	18694488563	87746353	0	104685568
43963	2332512	workload-author	49	22968	26212	3327336	36	848	404	19029223374	89433918	0	106663936
43963	2332690	workload-coordi	40	13920	13920	2657640	16	184	129	444625380	76242628	8192	325222400
44200	2332342	workload-author	49	23720	27332	3327336	36	849	403	17677432051	90541601	0	107638784
44200	2332427	workload-author	49	23136	25948	3327336	39	868	397	18894859490	88250885	0	105283584
44200	2332512	workload-author	49	23028	26212	3327336	38	855	406	19184632032	89909225	0	107216896
44200	2332690	workload-coordi	40	13920	13920	2657640	17	186	130	448374488	76518146	8192	327417856
44438	2332342	workload-author	49	23216	27332	3327336	38	854	406	17911680954	91016911	0	108212224
44438	2332427	workload-author	49	23172	25948	3327336	36	877	402	19106453398	88825878	0	105955328
44438	2332512	workload-author	49	23888	26212	3327336	34	862	411	19403663033	90355732	0	107753472
44438	2332690	workload-coordi	40	13896	13896	2657608	14	187	130	451721500	76636554	8192	329252864
44680	2332342	workload-author	49	24728	27332	3327336	37	861	410	18136215036	91475746	0	108773376
44680	2332427	workload-author	49	25120	26440	3327336	37	886	406	19318061360	89354091	0	106586112
44680	2332512	workload-author	49	23788	26212	3327336	39	869	414	19660282084	90913531	0	108425216
44680	2332690	workload-coordi	40	13896	13896	2657608	14	188	131	453860848	76705088	8192	330371072
44921	2332342	workload-author	49	23896	27332	3327336	39	867	413	18359235513	92030147	0	109424640
44921	2332427	workload-author	49	23576	26440	3327336	35	891	410	19468139259	89726603	0	107024384
44921	2332512	workload-author	49	22972	26748	3327336	38	874	417	19756140583	91981885	0	109547520
44921	2332690	workload-coordi	40	13896	13928	2657608	15	189	132	456596180	76896803	8192	332050432
45160	2332342	workload-author	49	23228	27332	3327336	39	876	418	18578164751	92592172	0	110100480
45160	2332427	workload-author	49	22940	26440	3327336	35	897	413	19701177831	90143917	0	107548672
45160	2332512	workload-author	49	24684	26748	3327336	40	881	421	19925753755	92403376	0	110051328
45160	2332690	workload-coordi	40	13900	13900	2657608	13	191	132	458452388	76964515	8192	333066240
45400	2332342	workload-author	49	24068	27332	3327336	37	883	422	18789091030	93047020	0	110649344
45400	2332427	workload-author	49	24612	26440	3327336	36	903	417	19946800721	90644078	0	108146688
45400	2332512	workload-author	49	25568	26816	3327336	39	887	424	20099997875	92758146	0	110493696
45400	2332690	workload-coordi	40	13932	13932	2657640	17	192	133	460871812	77119207	8192	334610432
45642	2332342	workload-author	49	23280	27332	3327336	40	889	426	18958174562	93493955	0	111181824
45642	2332427	workload-author	49	22988	26440	3327336	37	909	421	20107088331	90987649	0	108560384
45642	2332512	workload-author	49	23804	26816	3327336	39	893	427	20314958684	93188256	0	111013888
45642	2332690	workload-coordi	40	13932	13932	2657640	17	193	133	463007236	77154642	8192	335712256
45882	2332342	workload-author	49	24220	27332	3327336	42	895	430	19138477178	93840662	0	111611904
45882	2332427	workload-author	49	23604	26440	3327336	35	914	425	20275410773	91973748	0	109629440
45882	2332512	workload-author	49	24500	26816	3327336	37	900	433	20552872967	93725628	0	111652864
45882	2332690	workload-coordi	40	13900	13900	2657608	13	195	134	465117740	77292726	8192	336879616
46122	2332342	workload-author	49	25232	27332	3327336	40	903	433	19264460581	94125585	0	111951872
46122	2332427	workload-author	49	24952	26440	3327336	36	922	430	20477853618	92510660	0	110280704
46122	2332512	workload-author	49	23104	26816	3327336	38	906	438	20825898323	94341719	0	112390144
46122	2332690	workload-coordi	40	13900	13900	2657608	13	196	134	467737696	77418651	8192	338329600
46360	2332342	workload-author	49	23604	27332	3327336	34	909	436	19431459167	94410959	0	112308224
46360	2332427	workload-author	49	22940	26440	3327336	36	928	435	20726088418	93065215	0	110940160
46360	2332512	workload-author	49	25076	26816	3327336	38	913	442	21074581914	94816761	0	112959488
46360	2332690	workload-coordi	40	13936	13936	2657640	17	197	135	470025532	77606276	8192	339808256
46600	2332342	workload-author	49	23276	27332	3327336	34	914	438	19590572899	94659256	0	112611328
46600	2332427	workload-author	49	26512	26512	3327336	34	936	440	20963876945	93528082	0	111497216
46600	2332512	workload-author	49	24804	26816	3327336	37	919	446	21287304969	95221587	0	113451008
46600	2332690	workload-coordi	40	13904	13904	2657608	13	198	135	472210280	77727862	8192	341061632
46838	2332342	workload-author	49	23952	27332	3327336	33	921	442	19762309939	95080896	0	113123328
46838	2332427	workload-author	49	24188	26440	3327336	33	942	443	21070453435	93809497	0	111828992
46838	2332512	workload-author	49	22452	26816	3327336	36	924	449	21460502708	95643109	0	113979392
46838	2332690	workload-coordi	40	13968	13968	2657640	21	199	136	474346048	77758779	8192	342233088
47076	2332342	workload-author	49	25224	27332	3327336	36	928	446	19913087204	95486591	0	113598464
47076	2332427	workload-author	49	25128	26440	3327336	38	948	447	21336346351	94338300	0	112480256
47076	2332512	workload-author	49	22764	26816	3327336	39	930	453	21645816129	95970251	0	114380800
47076	2332690	workload-coordi	40	13908	13908	2657608	13	200	136	476361656	77871923	8192	343216128
47313	2332342	workload-author	49	25160	27332	3327336	37	934	449	20083027880	95722477	0	113901568
47313	2332427	workload-author	49	25100	26440	3327336	39	956	451	21634629075	94962706	0	113225728
47313	2332512	workload-author	49	22744	26816	3327336	40	938	457	21914139160	96520154	0	115036160
47313	2332690	workload-coordi	40	13940	13940	2657640	17	201	137	478168884	77980991	8192	344334336
47550	2332342	workload-author	49	23680	27332	3327336	36	939	452	20298601202	96065722	0	114335744
47550	2332427	workload-author	49	23028	26440	3327336	38	964	456	21871761859	95462642	0	113827840
47550	2332512	workload-author	49	24556	26816	3327336	39	944	461	22118231173	96958288	0	115560448
47550	2332690	workload-coordi	40	13940	13940	2657640	16	202	137	480267616	78081899	8192	345567232
47787	2332342	workload-author	49	24120	27332	3327336	34	945	456	20520731672	96602853	0	114962432
47787	2332427	workload-author	49	23700	26440	3327336	37	972	459	22012367093	95797938	0	114225152
47787	2332512	workload-author	49	24688	26816	3327336	40	951	465	22381493023	97404971	0	116101120
47787	2332690	workload-coordi	40	13940	13940	2657640	17	203	138	482978028	78257393	8192	347152384
48021	2332342	workload-author	49	24084	27332	3327336	35	953	460	20737751051	97094608	0	115544064
48021	2332427	workload-author	49	23500	26440	3327336	39	978	462	22266541025	96277384	0	114806784
48021	2332512	workload-author	49	23836	26816	3327336	40	957	470	22585105330	97797865	0	116580352
48021	2332690	workload-coordi	40	13940	13940	2657640	19	204	139	485565216	78334048	8192	348549120
48261	2332342	workload-author	49	23272	27332	3327336	38	961	465	20926463686	97586877	0	116129792
48261	2332427	workload-author	49	22844	26440	3327336	36	983	465	22467254394	96711497	0	115322880
48261	2332512	workload-author	49	22720	26816	3327336	39	964	473	22725775042	98091080	0	116953088
48261	2332690	workload-coordi	40	13908	13908	2657608	13	205	139	487129576	78426491	8192	349396992
48496	2332342	workload-author	49	23380	27332	3327336	39	969	468	21122885671	98003980	0	116629504
48496	2332427	workload-author	49	23544	26440	3327336	39	990	469	22675093009	97149092	0	115871744
48496	2332512	workload-author	49	22816	26816	3327336	40	972	477	22864575848	98384636	0	117301248
48496	2332690	workload-coordi	40	13908	13908	2657608	13	206	140	489531928	78552441	8192	350752768
48735	2332342	workload-author	49	23228	27332	3327336	36	975	472	21319315562	99159090	0	117870592
48735	2332427	workload-author	49	22928	26440	3327336	41	995	473	22799826042	97368934	0	116137984
48735	2332512	workload-author	49	23936	26816	3327336	41	980	482	23017223386	98835165	0	117825536
48735	2332690	workload-coordi	40	13980	13980	2657672	17	207	141	492484692	78621618	8192	352317440
48971	2332342	workload-author	49	23892	27332	3327336	36	982	475	21492524159	99634485	0	118456320
48971	2332427	workload-author	49	24812	26440	3327336	37	1002	480	23065049210	97955706	0	116830208
48971	2332512	workload-author	49	22816	26816	3327336	33	986	486	23201293234	99041855	0	118095872
48971	2332690	workload-coordi	40	13948	13948	2657640	17	208	142	494591444	78714762	8192	353497088
49209	2332342	workload-author	49	23228	27332	3327336	37	988	479	21664461553	100047976	0	118947840
49209	2332427	workload-author	49	24840	26440	3327336	41	1011	484	23298217028	98522066	0	117497856
49209	2332512	workload-author	49	24852	26816	3327336	39	992	491	23437404894	99653322	0	118804480
49209	2332690	workload-coordi	40	13916	13916	2657608	13	210	142	497494540	78840894	8192	355045376
49445	2332342	workload-author	49	23920	27332	3327336	37	995	483	21957667738	100588745	0	119611392
49445	2332427	workload-author	49	23748	26440	3327336	38	1017	488	23512661872	98944129	0	118009856
49445	2332512	workload-author	49	22868	26816	3327336	34	999	496	23689441586	99984457	0	119222272
49445	2332690	workload-coordi	40	13916	13948	2657640	16	211	143	499531316	78875991	8192	356085760
49684	2332342	workload-author	49	23228	27332	3327336	37	1002	488	22126557687	101056527	0	120164352
49684	2332427	workload-author	49	23436	26440	3327336	37	1024	493	23768698597	99381753	0	118550528
49684	2332512	workload-author	49	24608	26816	3327336	38	1004	499	23915345026	100369375	0	119689216
49684	2332690	workload-coordi	40	13948	13948	2657640	16	212	144	501892880	79079947	8192	357584896
49920	2332342	workload-author	49	24888	27332	3327336	37	1010	492	22295182154	101428409	0	120602624
49920	2332427	workload-author	49	22824	26440	3327336	39	1030	497	23940119222	99749842	0	118984704
49920	2332512	workload-author	49	22840	26816	3327336	37	1011	503	24239312974	100881201	0	120299520
49920	2332690	workload-coordi	40	13924	13924	2657608	15	213	145	504611484	79202107	8192	359088128
50157	2332342	workload-author	49	25120	27332	3327336	36	1017	496	22532010895	101829352	0	121098240
50157	2332427	workload-author	49	22820	26440	3327336	36	1036	501	24170518986	100101173	0	119414784
50157	2332512	workload-author	49	24996	26816	3327336	38	1020	507	24440160434	101386070	0	120885248
50157	2332690	workload-coordi	40	13932	13932	2657608	15	214	146	507634224	79377971	8192	360865792
50394	2332342	workload-author	49	25128	27332	3327336	40	1025	500	22725808716	102445962	0	121815040
50394	2332427	workload-author	49	22820	26440	3327336	35	1044	506	24355388502	100519001	0	119902208
50394	2332512	workload-author	49	22796	26816	3327336	34	1024	511	24745303000	101637754	0	121217024
50394	2332690	workload-coordi	40	13932	13932	2657640	16	215	146	509728516	79421367	8192	361955328
50632	2332342	workload-author	49	25224	27332	3327336	39	1031	504	23006698140	102913107	0	122388480
50632	2332427	workload-author	49	22820	26440	3327336	34	1051	510	24563226779	100866129	0	120328192
50632	2332512	workload-author	49	22796	26816	3327336	37	1030	514	24987477375	102648724	0	122306560
50632	2332690	workload-coordi	40	13932	13932	2657640	14	216	147	511826904	79522531	8192	363106304
50869	2332342	workload-author	49	25160	27332	3327336	40	1038	509	23300113992	103508170	0	123097088
50869	2332427	workload-author	49	22820	26440	3327336	36	1057	514	24775836598	101213652	0	120745984
50869	2332512	workload-author	49	24756	26816	3327336	33	1035	518	25355260533	102983884	0	122736640
50869	2332690	workload-coordi	40	13932	13932	2657608	13	217	147	512660628	79589560	8192	363630592
51106	2332342	workload-author	49	25116	27332	3327336	40	1044	513	23609931012	104078492	0	123793408
51106	2332427	workload-author	49	23604	26440	3327336	37	1064	518	25087243260	101692846	0	121327616
51106	2332512	workload-author	49	23168	26816	3327336	33	1041	522	25656993575	103397190	0	123244544
51106	2332690	workload-coordi	40	13964	13964	2657640	16	218	147	515104456	79694578	8192	365060096
51342	2332342	workload-author	49	24064	27332	3327336	37	1052	518	23809019732	104537751	0	124325888
51342	2332427	workload-author	49	22928	26440	3327336	38	1071	523	25348455741	102156401	0	121884672
51342	2332512	workload-author	49	24792	26816	3327336	33	1046	525	25961114818	103698710	0	123613184
51342	2332690	workload-coordi	40	13932	13932	2657608	13	218	148	516853996	79865587	8192	366190592
51580	2332342	workload-author	49	25864	27332	3327336	39	1058	523	24043350465	105124550	0	125059072
51580	2332427	workload-author	49	23724	26440	3327336	39	1080	528	25674293871	103385936	0	123228160
51580	2332512	workload-author	49	23388	26816	3327336	36	1051	529	26304418058	104121019	0	124149760
51580	2332690	workload-coordi	40	13932	13932	2657608	13	219	149	518989420	79900312	8192	367288320
51818	2332342	workload-author	49	25124	27332	3327336	40	1063	526	24309564051	105533739	0	125562880
51818	2332427	workload-author	49	24912	26440	3327336	39	1087	532	26068556407	103861531	0	123826176
51818	2332512	workload-author	49	22852	26816	3327336	36	1057	532	26608698977	104464004	0	124579840
51818	2332690	workload-coordi	40	13964	13964	2657640	16	219	149	520796992	80008908	8192	368463872
52057	2332342	workload-author	49	23228	27332	3327336	39	1071	532	24574733974	106046607	0	126169088
52057	2332427	workload-author	49	23156	26440	3327336	34	1092	534	26250664975	104096684	0	124108800
52057	2332512	workload-author	49	24824	26816	3327336	36	1061	535	26956561371	104807016	0	125009920
52057	2332690	workload-coordi	40	13932	13932	2657608	13	220	150	522119172	80150614	8192	369287168
52296	2332342	workload-author	49	24032	27332	3327336	38	1079	537	24925931986	106604489	0	126840832
52296	2332427	workload-author	49	22672	26440	3327336	32	1099	538	26518560314	104452826	0	124542976
52296	2332512	workload-author	49	22816	26816	3327336	34	1066	539	27296019822	105187745	0	125480960
52296	2332690	workload-coordi	40	13932	13932	2657608	13	221	150	523355164	80192970	8192	369942528
52533	2332342	workload-author	49	23408	27332	3327336	34	1087	542	25223182685	107055140	0	127381504
52533	2332427	workload-author	49	23064	26440	3327336	29	1103	541	26799630911	104684306	0	124850176
52533	2332512	workload-author	49	24836	26816	3327336	34	1072	543	27665247826	105630282	0	126025728
52533	2332690	workload-coordi	40	13932	13932	2657608	14	221	150	524591156	80235547	8192	370597888
52771	2332342	workload-author	49	23916	27332	3327336	39	1094	546	25397402461	107435679	0	127827968
52771	2332427	workload-author	49	24868	26440	3327336	32	1111	545	27102244872	105134724	0	125382656
52771	2332512	workload-author	49	22784	26816	3327336	36	1078	547	28064523907	106085131	0	126586880
52771	2332690	workload-coordi	40	13932	13932	2657608	13	222	150	526188456	80336045	8192	371494912
53011	2332342	workload-author	49	24092	27332	3327336	38	1103	551	25676494984	107997220	0	128512000
53011	2332427	workload-author	49	24664	26440	3327336	35	1116	549	27458091534	105473988	0	125816832
53011	2332512	workload-author	49	24616	26816	3327336	35	1083	552	28521068339	106552359	0	127176704
53011	2332690	workload-coordi	40	13968	13968	2657640	18	222	151	527592900	80407245	8192	372277248
53249	2332342	workload-author	49	25188	27332	3327336	39	1111	557	26035380090	108547228	0	129183744
53249	2332427	workload-author	49	24712	26440	3327336	37	1124	552	27848750673	105974550	0	126435328
53249	2332512	workload-author	49	22856	26816	3327336	30	1088	555	28940050229	106933251	0	127664128
53249	2332690	workload-coordi	40	13936	13936	2657608	13	223	151	528598656	80429188	8192	372731904
53486	2332342	workload-author	49	24068	27332	3327336	35	1119	561	26273850581	108836751	0	129540096
53486	2332427	workload-author	49	22696	26440	3327336	34	1130	556	28264791230	106474871	0	127045632
53486	2332512	workload-author	49	24868	26816	3327336	35	1093	559	29371289247	107271659	0	128122880
53486	2332690	workload-coordi	40	13936	13936	2657608	13	223	151	529424016	80455217	8192	373174272
53721	2332342	workload-author	49	23232	27332	3327336	37	1124	563	26480807626	109749084	0	130514944
53721	2332427	workload-author	49	22748	26440	3327336	36	1137	560	28646304357	106950548	0	127635456
53721	2332512	workload-author	49	24764	26816	3327336	40	1100	564	29704246510	107801321	0	128757760
53721	2332690	workload-coordi	40	13936	13936	2657608	13	223	151	531222364	80464749	8192	374009856
53960	2332342	workload-author	49	25232	27332	3327336	38	1129	567	26817851792	110146150	0	131026944
53960	2332427	workload-author	49	22812	26440	3327336	34	1145	564	28975570917	107437615	0	128212992
53960	2332512	workload-author	49	23996	26816	3327336	35	1108	568	30037131073	108263820	0	129306624
53960	2332690	workload-coordi	40	13936	13936	2657608	13	224	152	532524064	80565102	8192	374788096
54198	2332342	workload-author	49	23280	27332	3327336	38	1134	570	27109090193	110443890	0	131395584
54198	2332427	workload-author	49	25076	26440	3327336	36	1151	569	29444210456	107958820	0	128860160
54198	2332512	workload-author	49	23012	26816	3327336	36	1112	572	30367997554	108528640	0	129654784
54198	2332690	workload-coordi	40	13936	13936	2657608	13	224	152	533094784	80606812	8192	375107584
54440	2332342	workload-author	49	23232	27332	3327336	36	1140	574	27558795705	110948399	0	132030464
54440	2332427	workload-author	49	23204	26440	3327336	36	1157	573	29883081514	108388596	0	129400832
54440	2332512	workload-author	49	25276	26816	3327336	33	1118	577	30828642701	108975420	0	130215936
54440	2332690	workload-coordi	40	13936	13936	2657608	13	225	152	533209816	80623574	8192	375205888
54682	2332342	workload-author	49	23232	27332	3327336	36	1147	579	27957220455	111399168	0	132587520
54682	2332427	workload-author	49	23036	26440	3327336	30	1161	578	30360560664	108835740	0	129970176
54682	2332512	workload-author	49	23932	26816	3327336	29	1123	579	31156135465	109190040	0	130510848
54682	2332690	workload-coordi	40	13968	13968	2657640	16	225	152	533760056	80640639	8192	375500800
54924	2332342	workload-author	49	25124	27332	3327336	35	1154	583	28431755499	112056678	0	133378048
54924	2332427	workload-author	49	23032	26440	3327336	34	1167	583	30820989083	109356937	0	130621440
54924	2332512	workload-author	49	23548	26816	3327336	27	1128	581	31283363125	109239576	0	130584576
54924	2332690	workload-coordi	40	13936	13936	2657608	13	225	152	534367812	80666089	8192	375844864
55160	2332342	workload-author	49	25184	27332	3327336	37	1161	587	28990721276	112676775	0	134156288
55160	2332427	workload-author	49	25040	26440	3327336	33	1174	587	31370834742	109877993	0	131284992
55160	2332512	workload-author	49	22836	26816	3327336	30	1132	582	31351469205	109256144	0	130609152
55160	2332690	workload-coordi	40	13936	13936	2657608	13	225	152	534585416	80666233	8192	375943168
55394	2332342	workload-author	49	25232	27332	3327336	36	1169	592	29412955358	113263945	0	134852608
55394	2332427	workload-author	49	23640	26440	3327336	31	1178	591	31777639116	110250645	0	131760128
55394	2332512	workload-author	53	25388	26816	3532200	33	1139	586	31590544650	109532765	0	130945024
55394	2332690	workload-coordi	40	14184	14184	2657640	16	226	153	535866464	80857981	8192	376795136
55631	2332342	workload-author	49	24028	27332	3327336	33	1174	595	29752992095	113611061	0	135286784
55631	2332427	workload-author	49	23844	26440	3327336	31	1182	593	32021047584	110931429	0	132505600
55631	2332512	workload-author	53	24340	26816	3532200	29	1145	588	31695635770	110132433	0	131567616
55631	2332690	workload-coordi	40	14776	14776	2657672	20	227	153	537578108	81381496	8192	378122240
55870	2332342	workload-author	49	25184	27332	3327336	33	1178	598	30156225864	113908469	0	135700480
55870	2332427	workload-author	49	23264	26440	3327336	29	1188	597	32294074541	111237350	0	132878336
55870	2332512	workload-author	53	26668	26816	3532200	34	1151	591	31771824946	110149977	0	131600384
55870	2332690	workload-coordi	40	15000	15000	2657640	18	228	154	539207317	82027491	8192	379473920
56107	2332342	workload-author	49	25128	27332	3327336	34	1183	602	30513920338	114329938	0	136216576
56107	2332427	workload-author	49	23140	26440	3327336	28	1192	599	32516820504	111344566	0	133038080
56107	2332512	workload-author	53	24692	26816	3532200	30	1160	593	31883246122	110184777	0	131661824
56107	2332690	workload-coordi	40	15076	15076	2657640	15	228	155	541698233	82727001	8192	381173760
56345	2332342	workload-author	49	23288	27332	3327336	35	1186	605	30785765639	114553654	0	136515584
56345	2332427	workload-author	53	23752	26440	3532200	29	1198	602	32772052446	111642535	0	133398528
56345	2332512	workload-author	53	24728	26816	3532200	27	1169	596	31991370258	110215593	0	131719168
56345	2332690	workload-coordi	40	15456	15456	2657672	19	230	156	544160133	83625871	8192	383033344
56584	2332342	workload-author	49	23232	27332	3327336	38	1190	608	31031546994	114777798	0	136806400
56584	2332427	workload-author	53	26812	26812	3532200	34	1205	606	32982219854	111738759	0	133550080
56584	2332512	workload-author	53	24800	26816	3532200	32	1179	598	32089867794	110241769	0	131768320
56584	2332690	workload-coordi	40	16420	16420	2657672	23	232	157	547319901	84917425	8192	385617920
56822	2332342	workload-author	49	23292	27332	3327336	36	1195	612	31384466647	115182579	0	137310208
56822	2332427	workload-author	53	25124	26536	3532200	29	1212	607	33081371022	111768743	0	133599232
56822	2332512	workload-author	53	24496	26816	3532200	27	1185	600	32149530202	110250953	0	131784704
56822	2332690	workload-coordi	40	16576	16576	2657640	19	234	158	550228953	85913174	8192	387731456
57062	2332342	workload-author	49	23296	27332	3327336	34	1200	613	31619608136	115381299	0	137560064
57062	2332427	workload-author	53	25132	26628	3532200	27	1217	608	33144255994	111781535	0	133619712
57062	2332512	workload-author	53	25100	26816	3532200	27	1194	603	32270248426	110286185	0	131850240
57062	2332690	workload-coordi	40	16560	16560	2657672	21	236	160	553302189	87015415	8192	390017024
57301	2332342	workload-author	49	23232	27332	3327336	30	1204	617	32006530448	115653503	0	137932800
57301	2332427	workload-author	53	25200	27000	3532200	29	1228	611	33276551298	111821103	0	133693440
57301	2332512	workload-author	53	25100	26816	3532200	30	1201	606	32350392154	110303753	0	131883008
57301	2332690	workload-coordi	40	16944	16944	2657672	22	238	161	556748505	88405058	8192	392654848
57539	2332342	workload-author	49	23240	27332	3327336	27	1207	618	32085137148	115678319	0	137969664
57539	2332427	workload-author	53	25228	27000	3532200	27	1233	613	33333175778	111830079	0	133713920
57539	2332512	workload-author	53	25120	26816	3532200	27	1207	609	32430016366	110321481	0	131915776
57539	2332690	workload-coordi	40	16672	16736	2657672	20	239	162	559879429	89343194	8192	394850304
57776	2332342	workload-author	49	23928	27332	3327336	31	1212	620	32249000556	115752575	0	138080256
57776	2332427	workload-author	53	25224	27000	3532200	28	1242	617	33459340262	111865199	0	133779456
57776	2332512	workload-author	53	27100	27100	3532200	31	1216	612	32537488030	110352089	0	131973120
57776	2332690	workload-coordi	40	16932	16932	2657672	23	242	163	563583965	90937554	8192	397717504
58013	2332342	workload-author	49	23232	27332	3327336	29	1216	621	32359361560	115793863	0	138141696
58013	2332427	workload-author	53	25236	27000	3532200	27	1250	620	33547193686	111891663	0	133828608
58013	2332512	workload-author	53	24556	26816	3532200	31	1224	614	32627544890	110374265	0	132014080
58013	2332690	workload-coordi	40	17020	17020	2657672	21	244	164	566964573	92220710	8192	400220160
58248	2332342	workload-author	49	25188	27332	3327336	34	1222	624	32576016713	116058092	0	138461184
58248	2332427	workload-author	53	25248	27000	3532200	27	1255	621	33602237146	111900671	0	133844992
58248	2332512	workload-author	53	24548	26816	3532200	27	1230	617	32702035066	110391977	0	132046848
58248	2332690	workload-coordi	40	16800	16800	2657672	19	246	165	569890181	93159121	8192	402325504
58485	2332342	workload-author	49	24864	27332	3327336	31	1228	627	32761818487	116364018	0	138809344
58485	2332427	workload-author	53	25248	27000	3532200	27	1263	624	33701683174	111926991	0	133894144
58485	2332512	workload-author	53	27104	27464	3532200	30	1239	620	32807530850	110422489	0	132104192
58485	2332690	workload-coordi	40	16904	16904	2657672	26	248	167	574198721	94548719	8192	405360640
58724	2332342	workload-author	53	28352	28352	3532200	37	1231	629	32919090405	117246914	0	139759616
58724	2332427	workload-author	53	25264	27000	3532200	31	1272	627	33816249454	111962159	0	133959680
58724	2332512	workload-author	53	24552	27600	3532200	27	1245	622	32866760442	110431553	0	132120576
58724	2332690	workload-coordi	40	17604	17604	2657704	23	250	168	577546561	95784930	8192	407830528
58964	2332342	workload-author	53	24868	27988	3532200	33	1237	632	33071351629	117351754	0	139902976
58964	2332427	workload-author	53	25280	27000	3532200	27	1278	628	33873814570	111971047	0	133976064
58964	2332512	workload-author	53	25132	27600	3532200	28	1253	624	32951810534	110453577	0	132161536
58964	2332690	workload-coordi	40	17624	17624	2657704	23	252	169	580878189	97101379	8192	410419200
59205	2332342	workload-author	53	27036	27988	3532200	29	1243	635	33201004929	117402234	0	139984896
59205	2332427	workload-author	53	25284	27000	3532200	29	1284	629	33931647558	111979879	0	133992448
59205	2332512	workload-author	53	25776	27600	3532200	29	1260	627	33037406754	110475353	0	132202496
59205	2332690	workload-coordi	40	17892	17892	2657704	21	254	171	584591433	98516269	8192	413270016
59442	2332342	workload-author	53	25056	27988	3532200	27	1249	636	33248170417	117407058	0	139993088
59442	2332427	workload-author	53	25292	27000	3532200	27	1291	631	34011572158	111997623	0	134025216
59442	2332512	workload-author	53	24584	27600	3532200	28	1268	629	33125981066	110497641	0	132243456
59442	2332690	workload-coordi	40	18020	18020	2657704	24	256	172	588472785	99938828	8192	416145408
59683	2332342	workload-author	53	27064	27988	3532200	31	1255	639	33346679933	117437090	0	140046336
59683	2332427	workload-author	53	25312	27000	3532200	27	1299	635	34129997018	112032719	0	134090752
59683	2332512	workload-author	53	25300	27600	3532200	30	1274	632	33201091466	110515289	0	132276224
59683	2332690	workload-coordi	40	18472	18472	2657704	25	258	174	592956937	101739291	8192	419524608
59921	2332342	workload-author	53	25100	27988	3532200	27	1262	641	33416035565	117450626	0	140070912
59921	2332427	workload-author	53	25320	27000	3532200	28	1305	637	34186750838	112041631	0	134107136
59921	2332512	workload-author	53	25256	27600	3532200	27	1281	634	33279084214	110532969	0	132308992
59921	2332690	workload-coordi	40	18600	18600	2657704	22	260	175	596514017	103014295	8192	422137856
60159	2332342	workload-author	53	25140	27988	3532200	31	1268	643	33498671325	117472370	0	140111872
60159	2332427	workload-author	53	25324	27000	3532200	27	1310	639	34244213758	112050511	0	134123520
60159	2332512	workload-author	53	25136	27600	3532200	30	1287	636	33355258394	110550337	0	132341760
60159	2332690	workload-coordi	40	18988	18988	2657704	25	262	177	600239549	104330458	8192	424849408
60399	2332342	workload-author	53	27140	27988	3532200	31	1275	645	33574234817	117490058	0	140144640
60399	2332427	workload-author	53	25328	27000	3532200	27	1316	641	34316184514	112063759	0	134148096
60399	2332512	workload-author	53	24696	27600	3532200	28	1295	638	33433683462	110568209	0	132374528
60399	2332690	workload-coordi	40	18800	18800	2657704	25	264	178	604001773	105736320	8192	427626496
60640	2332342	workload-author	53	25172	27988	3532200	29	1282	647	33643598669	117503538	0	140169216
60640	2332427	workload-author	53	27308	27516	3532200	30	1325	644	34438200538	112103103	0	134221824
60640	2332512	workload-author	53	24736	27600	3532200	27	1302	639	33509896350	110585841	0	132407296
60640	2332690	workload-coordi	40	18172	18140	2657704	24	267	179	608116597	107322852	8192	430632960
60881	2332342	workload-author	53	25164	27988	3532200	27	1289	650	33726298501	117525570	0	140210176
60881	2332427	workload-author	53	25336	27516	3532200	27	1332	645	34499080854	112112119	0	134238208
60881	2332512	workload-author	53	24724	27600	3532200	27	1311	640	33585944558	110603465	0	132440064
60881	2332690	workload-coordi	40	17864	17864	2657672	23	269	181	611570933	108663250	8192	433205248
61119	2332342	workload-author	53	25180	27988	3532200	27	1295	652	33802250261	117543234	0	140242944
61119	2332427	workload-author	53	25340	27684	3532200	27	1338	647	34557994530	112121015	0	134254592
61119	2332512	workload-author	53	24712	27600	3532200	27	1317	642	33651533154	110616761	0	132464640
61119	2332690	workload-coordi	40	18168	18168	2657704	24	271	182	615046265	110028258	8192	435912704
61357	2332342	workload-author	53	25316	27988	3532200	27	1302	655	33881038221	117560890	0	140275712
61357	2332427	workload-author	53	26608	27684	3532200	31	1345	648	34634792470	112138407	0	134287360
61357	2332512	workload-author	53	26700	27600	3532200	30	1323	646	33751012230	110642977	0	132513792
61357	2332690	workload-coordi	40	18360	18360	2657704	26	273	183	619116205	111483490	8192	438865920
61601	2332342	workload-author	53	25324	27988	3532200	27	1308	657	33948387113	117574170	0	140300288
61601	2332427	workload-author	53	25360	27684	3532200	27	1355	651	34746433426	112169495	0	134344704
61601	2332512	workload-author	53	24724	27600	3532200	27	1332	647	33828026002	110660881	0	132546560
61601	2332690	workload-coordi	40	18892	18892	2657704	22	275	185	623452557	113066340	8192	441942016
61842	2332342	workload-author	53	25324	27988	3532200	27	1316	659	34027757285	117596178	0	140341248
61842	2332427	workload-author	53	25360	27684	3532200	27	1361	654	34814279286	112182831	0	134369280
61842	2332512	workload-author	53	25300	27600	3532200	27	1338	649	33894277170	110674137	0	132571136
61842	2332690	workload-coordi	40	18644	18644	2657704	22	277	186	626824801	114402313	8192	444473344
62082	2332342	workload-author	53	25336	27988	3532200	28	1322	661	34114415161	117618234	0	140382208
62082	2332427	workload-author	53	27348	27720	3532200	35	1367	655	34868562778	112191471	0	134385664
62082	2332512	workload-author	53	25312	27600	3532200	27	1344	652	33963869614	110687401	0	132595712
62082	2332690	workload-coordi	40	18768	18768	2657704	26	279	188	630287673	115783832	8192	447160320
62320	2332342	workload-author	53	25340	27988	3532200	27	1329	663	34180627105	117631514	0	140406784
62320	2332427	workload-author	53	25368	27740	3532200	29	1373	658	34937785342	112204967	0	134410240
62320	2332512	workload-author	53	25268	27600	3532200	27	1351	654	34049982982	110709369	0	132636672
62320	2332690	workload-coordi	40	18448	18448	2657704	23	281	189	634086761	117001062	8192	449753088
62559	2332342	workload-author	53	25348	27988	3532200	31	1335	665	34248128237	117644746	0	140431360
62559	2332427	workload-author	53	25400	27740	3532200	31	1381	661	35045053186	112235407	0	134467584
62559	2332512	workload-author	53	24744	27600	3532200	27	1358	657	34126919582	110727137	0	132669440
62559	2332690	workload-coordi	40	18600	18600	2657704	24	284	191	638513741	118571557	8192	452923392
62800	2332342	workload-author	53	27324	27988	3532200	31	1341	667	34333832197	117666722	0	140472320
62800	2332427	workload-author	53	25396	27740	3532200	27	1388	664	35122251670	112253279	0	134500352
62800	2332512	workload-author	53	24744	27600	3532200	29	1364	659	34197528746	110744777	0	132702208
62800	2332690	workload-coordi	40	18984	18984	2657704	24	285	193	642287909	120141617	8192	455815168
63040	2332342	workload-author	53	25356	27988	3532200	29	1349	670	34430191997	117692890	0	140521472
63040	2332427	workload-author	53	25368	27740	3532200	27	1393	665	35179692126	112262223	0	134516736
63040	2332512	workload-author	53	24780	27600	3532200	28	1372	662	34285726678	110766801	0	132743168
63040	2332690	workload-coordi	40	18560	18560	2657704	24	288	194	646202029	121630086	8192	458747904
63282	2332342	workload-author	53	25360	27988	3532200	27	1355	672	34488107773	117702034	0	140537856
63282	2332427	workload-author	53	25376	27740	3532200	27	1400	668	35268529290	112284255	0	134557696
63282	2332512	workload-author	53	26768	27600	3532200	28	1378	663	34362350530	110784273	0	132775936
63282	2332690	workload-coordi	40	18432	18432	2657704	26	290	195	650074845	123118068	8192	461623296
63523	2332342	workload-author	53	27356	27988	3532200	32	1363	674	34583839533	117728250	0	140587008
63523	2332427	workload-author	53	27356	27740	3532200	33	1408	670	35365117962	112310543	0	134606848
63523	2332512	workload-author	53	24832	27600	3532200	28	1386	665	34428360386	110797737	0	132800512
63523	2332690	workload-coordi	40	18560	18560	2657704	23	293	197	654637165	124713650	8192	464863232
63761	2332342	workload-author	53	25384	27988	3532200	27	1370	676	34649773237	117741754	0	140611584
63761	2332427	workload-author	53	25376	27740	3532200	27	1415	673	35440660890	112328351	0	134639616
63761	2332512	workload-author	53	26768	27600	3532200	29	1392	668	34514527110	110819553	0	132841472
63761	2332690	workload-coordi	40	18560	18560	2657704	24	295	199	658017429	126037397	8192	467353600
64001	2332342	workload-author	53	25400	27988	3532200	30	1376	678	34736945945	117763554	0	140652544
64001	2332427	workload-author	53	25376	27740	3532200	27	1421	674	35490923266	112332943	0	134647808
64001	2332512	workload-author	53	25164	27600	3532200	32	1398	671	34591907894	110837409	0	132878336
64001	2332690	workload-coordi	40	18944	18944	2657704	25	297	200	661660869	127427376	8192	470114304
64240	2332342	workload-author	53	27380	27988	3532200	30	1384	680	34813942409	117781202	0	140685312
64240	2332427	workload-author	53	25376	27772	3532200	28	1429	676	35579335698	112354919	0	134688768
64240	2332512	workload-author	53	24756	27600	3532200	29	1406	672	34668383974	110854881	0	132911104
64240	2332690	workload-coordi	40	18848	18880	2657704	25	299	201	665915301	128875054	8192	473092096
64478	2332342	workload-author	53	25404	27988	3532200	29	1391	683	34894109261	117799074	0	140718080
64478	2332427	workload-author	53	25376	27772	3532200	27	1435	678	35647521766	112368223	0	134713344
64478	2332512	workload-author	53	26728	27600	3532200	31	1412	675	34733299614	110868193	0	132935680
64478	2332690	workload-coordi	40	19140	19108	2657704	25	301	202	669739309	130182696	8192	475824128
64715	2332342	workload-author	53	25412	27988	3532200	27	1398	686	34972277181	117816762	0	140759040
64715	2332427	workload-author	53	25380	27780	3532200	28	1444	680	35740236618	112394647	0	134770688
64715	2332512	workload-author	53	24756	27600	3532200	27	1420	677	34818698046	110890417	0	132984832
64715	2332690	workload-coordi	40	19076	19076	2657704	23	304	204	673574745	131777546	8192	478699520
64955	2332342	workload-author	53	25408	27988	3532200	28	1404	688	35053801545	117834522	0	140791808
64955	2332427	workload-author	53	25380	27796	3532200	28	1450	681	35799301962	112403535	0	134787072
64955	2332512	workload-author	53	26744	27600	3532200	29	1427	680	34906083386	110912281	0	133025792
64955	2332690	workload-coordi	40	19024	19024	2657704	28	306	205	677259145	133265868	8192	481562624
65191	2332342	workload-author	53	25392	27988	3532200	27	1409	690	35104557857	117843386	0	140808192
65191	2332427	workload-author	53	25380	28212	3532200	28	1457	683	35882127338	112425551	0	134828032
65191	2332512	workload-author	53	24760	27600	3532200	31	1433	682	34973905962	110925553	0	133050368
65191	2332690	workload-coordi	40	18896	18896	2657704	26	308	207	680984677	134524348	8192	484225024
65428	2332342	workload-author	53	25396	27988	3532200	31	1417	692	35200525021	117869570	0	140857344
65428	2332427	workload-author	53	25380	28552	3532200	27	1464	685	35949137678	112438839	0	134852608
65428	2332512	workload-author	53	25476	27600	3532200	30	1439	684	35042916486	110938841	0	133074944
65428	2332690	workload-coordi	40	18572	18572	2657704	25	310	208	684849473	135832195	8192	486948864
65666	2332342	workload-author	53	25400	27988	3532200	27	1425	694	35286568421	117887482	0	140890112
65666	2332427	workload-author	53	25380	28552	3532200	27	1473	688	36056658958	112469695	0	134909952
65666	2332512	workload-author	53	25496	27600	3532200	27	1447	687	35126741762	110961153	0	133115904
65666	2332690	workload-coordi	40	18300	18300	2657704	25	313	210	689304437	137665235	8192	490262528
65903	2332342	workload-author	53	25404	27988	3532200	27	1432	696	35361262193	117909506	0	140931072
65903	2332427	workload-author	53	25380	28552	3532200	27	1478	689	36104260102	112474231	0	134918144
65903	2332512	workload-author	53	24764	27600	3532200	29	1455	690	35232261610	110991705	0	133173248
65903	2332690	workload-coordi	40	18824	18824	2657704	22	315	211	693275901	139080167	8192	493121536
66139	2332342	workload-author	53	27388	27988	3532200	31	1437	698	35427109345	117922514	0	140955648
66139	2332427	workload-author	53	25380	28552	3532200	27	1487	691	36201642274	112500607	0	134967296
66139	2332512	workload-author	53	24768	27600	3532200	28	1461	691	35279420810	110996497	0	133181440
66139	2332690	workload-coordi	40	19080	19080	2657704	24	318	212	697046489	140527561	8192	495996928
66376	2332342	workload-author	53	25420	27988	3532200	27	1446	701	35517533813	117944786	0	140996608
66376	2332427	workload-author	53	27352	28552	3532200	30	1493	694	36276479622	112518015	0	135000064
66376	2332512	workload-author	53	24772	27600	3532200	29	1468	694	35369706190	111018537	0	133222400
66376	2332690	workload-coordi	40	19144	19144	2657704	24	320	213	701017609	142031947	8192	498872320
66616	2332342	workload-author	53	25432	27988	3532200	28	1454	703	35601401401	117966866	0	141037568
66616	2332427	workload-author	53	25384	28552	3532200	28	1501	697	36365632142	112540343	0	135041024
66616	2332512	workload-author	53	26752	27600	3532200	33	1477	696	35466545618	111044769	0	133271552
66616	2332690	workload-coordi	40	18596	18596	2657704	26	322	216	705743769	143906235	8192	502398976
66858	2332342	workload-author	53	25432	27988	3532200	29	1460	705	35679955857	117984466	0	141070336
66858	2332427	workload-author	53	25384	28552	3532200	27	1507	698	36434409370	112553607	0	135065600
66858	2332512	workload-author	53	24772	27600	3532200	30	1485	698	35547499798	111062625	0	133304320
66858	2332690	workload-coordi	40	18468	18468	2657704	23	323	217	709382941	145156464	8192	504995840
67098	2332342	workload-author	53	25440	27988	3532200	27	1466	706	35737319261	117993394	0	141086720
67098	2332427	workload-author	53	25384	28552	3532200	27	1515	701	36531715970	112580007	0	135114752
67098	2332512	workload-author	53	26764	27600	3532200	30	1489	699	35601410614	111071273	0	133320704
67098	2332690	workload-coordi	40	19172	19172	2657704	23	325	219	713178105	146464544	8192	507723776
67339	2332342	workload-author	53	25432	27988	3532200	27	1473	708	35822127401	118015410	0	141131776
67339	2332427	workload-author	53	25388	28552	3532200	27	1521	704	36611547110	112597679	0	135147520
67339	2332512	workload-author	53	24784	27600	3532200	27	1496	702	35680837090	111089177	0	133353472
67339	2332690	workload-coordi	40	18852	18852	2657704	22	327	221	716968657	147993414	8192	510558208
67577	2332342	workload-author	53	25444	27988	3532200	27	1481	709	35898623113	118033034	0	141164544
67577	2332427	workload-author	53	25484	28552	3532200	27	1528	705	36678831542	112610991	0	135172096
67577	2332512	workload-author	53	24784	27600	3532200	32	1504	704	35785512142	111115481	0	133402624
67577	2332690	workload-coordi	40	19044	19044	2657704	25	329	222	721079729	149498272	8192	513556480
67817	2332342	workload-author	53	25460	27988	3532200	27	1488	712	35984023765	118054994	0	141205504
67817	2332427	workload-author	53	25388	28552	3532200	31	1534	707	36742020750	112624239	0	135196672
67817	2332512	workload-author	53	24784	27600	3532200	28	1512	706	35853098782	111133249	0	133435392
67817	2332690	workload-coordi	40	19236	19236	2657704	23	331	224	724640561	150920723	8192	516222976
68054	2332342	workload-author	53	25456	27988	3532200	29	1493	713	36033413009	118059562	0	141213696
68054	2332427	workload-author	53	27356	28552	3532200	30	1540	710	36838546470	112650559	0	135245824
68054	2332512	workload-author	53	24784	27600	3532200	27	1517	708	35918047746	111146513	0	133459968
68054	2332690	workload-coordi	40	18632	18632	2657704	22	333	225	728879125	152245157	8192	519168000
68296	2332342	workload-author	53	25448	27988	3532200	28	1502	716	36130018169	118085946	0	141262848
68296	2332427	workload-author	53	25388	28552	3532200	27	1548	713	36919942978	112668359	0	135278592
68296	2332512	workload-author	53	24784	27600	3532200	28	1526	710	36007476706	111168569	0	133500928
68296	2332690	workload-coordi	40	18632	18632	2657704	24	335	227	733001969	153971342	8192	522313728
68534	2332342	workload-author	53	25496	27988	3532200	30	1509	719	36222517333	118112082	0	141312000
68534	2332427	workload-author	53	25388	28552	3532200	27	1553	714	36984077678	112681655	0	135303168
68534	2332512	workload-author	53	24784	27600	3532200	30	1533	711	36098996858	111195009	0	133550080
68534	2332690	workload-coordi	40	18684	18684	2657704	26	337	229	736862497	155525163	8192	525230080
68773	2332342	workload-author	53	25456	27988	3532200	27	1516	720	36290299521	118125674	0	141336576
68773	2332427	workload-author	53	25392	28552	3532200	27	1560	716	37056344830	112694967	0	135327744
68773	2332512	workload-author	53	24808	27736	3532200	27	1539	713	36155400386	111203873	0	133566464
68773	2332690	workload-coordi	40	18876	18876	2657704	24	338	230	740288333	156742583	8192	527728640
69014	2332342	workload-author	53	25456	27988	3532200	27	1521	721	36339140277	118130218	0	141344768
69014	2332427	workload-author	53	27376	28552	3532200	30	1569	718	37159411702	112725511	0	135385088
69014	2332512	workload-author	53	24820	27756	3532200	27	1548	716	36257559518	111230121	0	133615616
69014	2332690	workload-coordi	40	19060	19060	2657704	24	341	232	744575705	158173488	8192	530710528
69255	2332342	workload-author	53	25472	27988	3532200	30	1531	724	36449908093	118160818	0	141402112
69255	2332427	workload-author	53	25400	28552	3532200	29	1577	721	37245329070	112747511	0	135426048
69255	2332512	workload-author	53	24908	27756	3532200	27	1556	719	36360391226	111260745	0	133672960
69255	2332690	workload-coordi	40	19260	19292	2657704	21	347	234	749608721	160030747	8192	534097920
69498	2332342	workload-author	53	25472	27988	3532200	29	1539	726	36544795473	118187258	0	141451264
69498	2332427	workload-author	53	25400	28552	3532200	27	1585	722	37322277754	112765391	0	135458816
69498	2332512	workload-author	53	24908	27756	3532200	29	1560	720	36399712030	111260857	0	133672960
69498	2332690	workload-coordi	39	19076	19076	2654712	17	359	235	753989441	161379696	8192	536813568
69739	2332342	workload-author	53	25808	27988	3532200	29	1547	728	36632826125	118209138	0	141492224
69739	2332427	workload-author	53	25400	28552	3532200	27	1593	725	37423837790	112791743	0	135507968
69739	2332512	workload-author	53	25356	27756	3532200	29	1564	721	36436053582	111260953	0	133672960
69739	2332690	workload-coordi	39	19268	19268	2654712	17	361	236	757579461	162720146	8192	539496448
69981	2332342	workload-author	53	25464	27988	3532200	27	1555	731	36724959105	118231362	0	141533184
69981	2332427	workload-author	53	25404	28552	3532200	28	1604	727	37535238474	112822559	0	135565312
69981	2332512	workload-author	53	24908	27756	3532200	27	1568	722	36473803962	111261057	0	133672960
69981	2332690	workload-coordi	39	19336	19336	2654712	15	363	237	761238941	164093196	8192	542171136
70221	2332342	workload-author	53	25468	27988	3532200	28	1564	734	36841006393	118266530	0	141598720
70221	2332427	workload-author	53	25404	28552	3532200	29	1612	729	37652904178	112857407	0	135630848
70221	2332512	workload-author	53	25036	27756	3532200	27	1572	723	36509428826	111261153	0	133672960
70221	2332690	workload-coordi	39	19304	19304	2654680	14	365	239	765525969	165654863	8192	545173504
70461	2332342	workload-author	53	27456	27988	3532200	29	1574	737	36961282733	118301658	0	141664256
70461	2332427	workload-author	53	25484	28552	3532200	27	1618	731	37724243086	112870679	0	135655424
70461	2332512	workload-author	53	24908	27756	3532200	27	1577	723	36546310042	111261249	0	133672960
70461	2332690	workload-coordi	39	19632	19632	2654680	14	380	239	770136065	166945817	8192	547807232
70702	2332342	workload-author	53	27476	27988	3532200	29	1585	741	37102052581	118345754	0	141746176
70702	2332427	workload-author	53	25484	28552	3532200	27	1622	732	37761400634	112870751	0	135655424
70702	2332512	workload-author	53	25216	27756	3532200	27	1581	724	36583034014	111261345	0	133672960
70702	2332690	workload-coordi	38	19612	19612	2651720	15	382	240	773652185	168335489	8192	550481920
70944	2332342	workload-author	53	25496	27988	3532200	29	1598	746	37276756565	118402706	0	141852672
70944	2332427	workload-author	53	25484	28552	3532200	27	1625	733	37797641494	112870847	0	135655424
70944	2332512	workload-author	53	24908	27756	3532200	27	1584	725	36621916458	111261441	0	133672960
70944	2332690	workload-coordi	38	19612	19612	2651720	14	383	241	777167961	169618013	8192	552976384
71184	2332342	workload-author	53	25500	27988	3532200	28	1609	751	37411671785	118442594	0	141926400
71184	2332427	workload-author	53	25484	28552	3532200	27	1629	735	37835516506	112870943	0	135655424
71184	2332512	workload-author	53	25352	27756	3532200	27	1588	726	36659407806	111261537	0	133672960
71184	2332690	workload-coordi	38	19620	19620	2651720	12	385	242	780302465	170744928	8192	555266048
71423	2332342	workload-author	53	25516	27988	3532200	27	1620	754	37575416961	118494946	0	142024704
71423	2332427	workload-author	53	25484	28552	3532200	28	1632	736	37873481342	112871039	0	135655424
71423	2332512	workload-author	53	25312	27756	3532200	27	1592	727	36695271394	111261633	0	133672960
71423	2332690	workload-coordi	38	19588	19588	2651688	9	386	243	783223289	171804879	8192	557264896
71662	2332342	workload-author	53	25612	27988	3532200	27	1627	756	37646837753	118508130	0	142049280
71662	2332427	workload-author	53	25484	28552	3532200	27	1636	737	37910820618	112871135	0	135655424
71662	2332512	workload-author	53	24908	27756	3532200	29	1597	727	36732113258	111261729	0	133672960
71662	2332690	workload-coordi	38	19916	19916	2651688	9	400	243	785105073	172100863	8192	557907968
