352	1789131045165	1	-1	session-open	workload-b
357	1789131045171	0	-1	session-open	workload-a
363	1789131045177	2	-1	session-open	workload-c
539	1789131045353	0	-1	declared	batch 0: 100 entities
545	1789131045359	1	-1	declared	batch 0: 100 entities
548	1789131045361	2	-1	declared	batch 0: 100 entities
725	1789131045538	0	-1	declared	batch 1: 100 entities
728	1789131045541	2	-1	declared	batch 1: 100 entities
731	1789131045544	1	-1	declared	batch 1: 100 entities
913	1789131045727	0	-1	declared	batch 2: 56 entities
917	1789131045731	2	-1	declared	batch 2: 56 entities
917	1789131045731	1	-1	declared	batch 2: 56 entities
1341	1789131046155	0	45	admit-ceiling	LIMIT_EXCEEDED: client unresolved admission ceiling
1410	1789131046223	2	35	admit-ceiling	LIMIT_EXCEEDED: client unresolved admission ceiling
1422	1789131046236	0	9	admit-ceiling	LIMIT_EXCEEDED: client unresolved admission ceiling
1471	1789131046285	0	15	admit-ceiling	LIMIT_EXCEEDED: client unresolved admission ceiling
1552	1789131046366	2	44	admit-ceiling	LIMIT_EXCEEDED: client unresolved admission ceiling
1606	1789131046419	0	42	admit-ceiling	LIMIT_EXCEEDED: client unresolved admission ceiling
1677	1789131046491	0	33	admit-ceiling	LIMIT_EXCEEDED: client unresolved admission ceiling
1744	1789131046557	2	23	admit-ceiling	LIMIT_EXCEEDED: client unresolved admission ceiling
1803	1789131046617	2	14	admit-ceiling	LIMIT_EXCEEDED: client unresolved admission ceiling
1813	1789131046627	0	39	admit-ceiling	LIMIT_EXCEEDED: client unresolved admission ceiling
1878	1789131046692	0	30	admit-ceiling	LIMIT_EXCEEDED: client unresolved admission ceiling
1931	1789131046745	2	17	admit-ceiling	LIMIT_EXCEEDED: client unresolved admission ceiling
1939	1789131046753	0	27	admit-ceiling	LIMIT_EXCEEDED: client unresolved admission ceiling
1994	1789131046807	2	20	admit-ceiling	LIMIT_EXCEEDED: client unresolved admission ceiling
2048	1789131046862	2	47	admitted	admit=1130ms
2085	1789131046899	1	4	admitted	admit=1167ms
2092	1789131046905	0	3	admitted	admit=1177ms
2126	1789131046940	2	5	admitted	admit=1208ms
2162	1789131046975	0	0	admitted	admit=1247ms
2174	1789131046988	1	1	admitted	admit=1256ms
2206	1789131047020	2	41	admitted	admit=1286ms
2231	1789131047045	0	18	admitted	admit=1315ms
2236	1789131047049	1	13	admitted	admit=1317ms
2256	1789131047070	2	29	admitted	admit=1337ms
2290	1789131047104	1	10	admitted	admit=1371ms
2307	1789131047120	0	36	admitted	admit=1391ms
2310	1789131047123	0	45	admit-ceiling	LIMIT_EXCEEDED: client unresolved admission ceiling
2310	1789131047124	0	9	admit-ceiling	LIMIT_EXCEEDED: client unresolved admission ceiling
2311	1789131047124	0	15	admit-ceiling	LIMIT_EXCEEDED: client unresolved admission ceiling
2311	1789131047125	0	42	admit-ceiling	LIMIT_EXCEEDED: client unresolved admission ceiling
2311	1789131047125	0	33	admit-ceiling	LIMIT_EXCEEDED: client unresolved admission ceiling
2311	1789131047125	0	39	admit-ceiling	LIMIT_EXCEEDED: client unresolved admission ceiling
2311	1789131047125	0	30	admit-ceiling	LIMIT_EXCEEDED: client unresolved admission ceiling
2312	1789131047125	0	27	admit-ceiling	LIMIT_EXCEEDED: client unresolved admission ceiling
2316	1789131047129	2	38	admitted	admit=1396ms
2339	1789131047153	1	7	admitted	admit=1420ms
2368	1789131047182	2	8	admitted	admit=1448ms
2375	1789131047189	0	48	admit-ceiling	LIMIT_EXCEEDED: client unresolved admission ceiling
2397	1789131047211	1	16	admitted	admit=1477ms
2416	1789131047230	2	26	admitted	admit=1497ms
2419	1789131047232	2	44	admit-ceiling	LIMIT_EXCEEDED: client unresolved admission ceiling
2419	1789131047233	2	23	admit-ceiling	LIMIT_EXCEEDED: client unresolved admission ceiling
2419	1789131047233	2	14	admit-ceiling	LIMIT_EXCEEDED: client unresolved admission ceiling
2419	1789131047233	2	17	admit-ceiling	LIMIT_EXCEEDED: client unresolved admission ceiling
2420	1789131047233	2	20	admit-ceiling	LIMIT_EXCEEDED: client unresolved admission ceiling
2456	1789131047269	1	25	admitted	admit=1536ms
2506	1789131047319	2	50	admit-ceiling	LIMIT_EXCEEDED: client unresolved admission ceiling
2522	1789131047336	0	54	admit-ceiling	LIMIT_EXCEEDED: client unresolved admission ceiling
2531	1789131047345	1	19	admitted	admit=1611ms
2598	1789131047411	2	53	admit-ceiling	LIMIT_EXCEEDED: client unresolved admission ceiling
2604	1789131047418	1	22	admitted	admit=1684ms
2613	1789131047426	0	57	admit-ceiling	LIMIT_EXCEEDED: client unresolved admission ceiling
2684	1789131047498	0	12	admitted	admit=1769ms
2686	1789131047500	1	46	admitted	admit=1766ms
2688	1789131047501	0	48	admit-ceiling	LIMIT_EXCEEDED: client unresolved admission ceiling
2688	1789131047502	0	45	admit-ceiling	LIMIT_EXCEEDED: client unresolved admission ceiling
2688	1789131047502	0	42	admit-ceiling	LIMIT_EXCEEDED: client unresolved admission ceiling
2688	1789131047502	0	15	admit-ceiling	LIMIT_EXCEEDED: client unresolved admission ceiling
2689	1789131047502	0	9	admit-ceiling	LIMIT_EXCEEDED: client unresolved admission ceiling
2689	1789131047502	0	33	admit-ceiling	LIMIT_EXCEEDED: client unresolved admission ceiling
2689	1789131047503	0	30	admit-ceiling	LIMIT_EXCEEDED: client unresolved admission ceiling
2689	1789131047503	0	27	admit-ceiling	LIMIT_EXCEEDED: client unresolved admission ceiling
2689	1789131047503	0	39	admit-ceiling	LIMIT_EXCEEDED: client unresolved admission ceiling
2689	1789131047503	0	54	admit-ceiling	LIMIT_EXCEEDED: client unresolved admission ceiling
2742	1789131047555	2	59	admit-ceiling	LIMIT_EXCEEDED: client unresolved admission ceiling
2747	1789131047561	1	31	admitted	admit=1827ms
2750	1789131047564	0	60	admit-ceiling	LIMIT_EXCEEDED: client unresolved admission ceiling
2750	1789131047564	0	57	admit-ceiling	LIMIT_EXCEEDED: client unresolved admission ceiling
2798	1789131047611	2	62	admit-ceiling	LIMIT_EXCEEDED: client unresolved admission ceiling
2819	1789131047633	1	34	admitted	admit=1899ms
2842	1789131047656	2	65	admit-ceiling	LIMIT_EXCEEDED: client unresolved admission ceiling
2869	1789131047683	0	24	admitted	admit=1953ms
2872	1789131047686	1	28	admitted	admit=1951ms
2922	1789131047736	2	35	admit-retried	succeeded after 1 refusals
2922	1789131047736	2	35	admitted	admit=2003ms
2958	1789131047772	1	37	admitted	admit=2037ms
2958	1789131047772	0	63	admit-ceiling	LIMIT_EXCEEDED: client unresolved admission ceiling
2960	1789131047773	0	48	admit-ceiling	LIMIT_EXCEEDED: client unresolved admission ceiling
2960	1789131047773	0	54	admit-ceiling	LIMIT_EXCEEDED: client unresolved admission ceiling
2960	1789131047774	0	57	admit-ceiling	LIMIT_EXCEEDED: client unresolved admission ceiling
2999	1789131047813	2	68	admit-ceiling	LIMIT_EXCEEDED: client unresolved admission ceiling
3001	1789131047815	2	50	admit-ceiling	LIMIT_EXCEEDED: client unresolved admission ceiling
3002	1789131047815	2	44	admit-ceiling	LIMIT_EXCEEDED: client unresolved admission ceiling
3002	1789131047815	2	23	admit-ceiling	LIMIT_EXCEEDED: client unresolved admission ceiling
3002	1789131047816	2	14	admit-ceiling	LIMIT_EXCEEDED: client unresolved admission ceiling
3002	1789131047816	2	17	admit-ceiling	LIMIT_EXCEEDED: client unresolved admission ceiling
3002	1789131047816	2	20	admit-ceiling	LIMIT_EXCEEDED: client unresolved admission ceiling
3003	1789131047816	2	53	admit-ceiling	LIMIT_EXCEEDED: client unresolved admission ceiling
3003	1789131047817	2	59	admit-ceiling	LIMIT_EXCEEDED: client unresolved admission ceiling
3003	1789131047817	2	62	admit-ceiling	LIMIT_EXCEEDED: client unresolved admission ceiling
3003	1789131047817	2	65	admit-ceiling	LIMIT_EXCEEDED: client unresolved admission ceiling
3021	1789131047835	1	43	admitted	admit=2099ms
3055	1789131047868	1	40	admitted	admit=2133ms
3055	1789131047868	2	71	admit-ceiling	LIMIT_EXCEEDED: client unresolved admission ceiling
3061	1789131047875	0	63	admit-ceiling	LIMIT_EXCEEDED: client unresolved admission ceiling
3089	1789131047903	0	45	admit-ceiling	LIMIT_EXCEEDED: client unresolved admission ceiling
3090	1789131047904	0	33	admit-ceiling	LIMIT_EXCEEDED: client unresolved admission ceiling
3091	1789131047904	0	42	admit-ceiling	LIMIT_EXCEEDED: client unresolved admission ceiling
3091	1789131047905	0	15	admit-ceiling	LIMIT_EXCEEDED: client unresolved admission ceiling
3091	1789131047905	0	9	admit-ceiling	LIMIT_EXCEEDED: client unresolved admission ceiling
3092	1789131047906	0	39	admit-ceiling	LIMIT_EXCEEDED: client unresolved admission ceiling
3092	1789131047906	0	27	admit-ceiling	LIMIT_EXCEEDED: client unresolved admission ceiling
3092	1789131047906	0	30	admit-ceiling	LIMIT_EXCEEDED: client unresolved admission ceiling
3101	1789131047915	2	68	admit-ceiling	LIMIT_EXCEEDED: client unresolved admission ceiling
3156	1789131047970	2	71	admit-ceiling	LIMIT_EXCEEDED: client unresolved admission ceiling
3203	1789131048017	2	50	admit-ceiling	LIMIT_EXCEEDED: client unresolved admission ceiling
3205	1789131048019	2	65	admit-ceiling	LIMIT_EXCEEDED: client unresolved admission ceiling
3206	1789131048019	2	53	admit-ceiling	LIMIT_EXCEEDED: client unresolved admission ceiling
3206	1789131048019	2	59	admit-ceiling	LIMIT_EXCEEDED: client unresolved admission ceiling
3206	1789131048020	2	62	admit-ceiling	LIMIT_EXCEEDED: client unresolved admission ceiling
3263	1789131048076	0	63	admit-ceiling	LIMIT_EXCEEDED: client unresolved admission ceiling
3354	1789131048167	2	2	admitted	admit=2433ms
3362	1789131048176	0	48	admit-ceiling	LIMIT_EXCEEDED: client unresolved admission ceiling
3362	1789131048176	0	57	admit-ceiling	LIMIT_EXCEEDED: client unresolved admission ceiling
3362	1789131048176	0	54	admit-ceiling	LIMIT_EXCEEDED: client unresolved admission ceiling
3405	1789131048219	2	74	admit-ceiling	LIMIT_EXCEEDED: client unresolved admission ceiling
3407	1789131048221	2	71	admit-ceiling	LIMIT_EXCEEDED: client unresolved admission ceiling
3407	1789131048221	2	23	admit-ceiling	LIMIT_EXCEEDED: client unresolved admission ceiling
3408	1789131048221	2	44	admit-ceiling	LIMIT_EXCEEDED: client unresolved admission ceiling
3408	1789131048221	2	20	admit-ceiling	LIMIT_EXCEEDED: client unresolved admission ceiling
3408	1789131048222	2	14	admit-ceiling	LIMIT_EXCEEDED: client unresolved admission ceiling
3408	1789131048222	2	17	admit-ceiling	LIMIT_EXCEEDED: client unresolved admission ceiling
3455	1789131048269	1	55	admit-refused	authority refusal LIMIT_EXCEEDED: aggregate admission capacity exhausted
3468	1789131048282	0	51	admitted	admit=1160ms
3529	1789131048343	0	60	admit-retried	succeeded after 1 refusals
3529	1789131048343	0	60	admitted	admit=843ms
3533	1789131048346	1	64	admit-refused	authority refusal LIMIT_EXCEEDED: aggregate admission capacity exhausted
3546	1789131048360	2	11	admitted	admit=2626ms
3683	1789131048497	2	68	admit-retried	succeeded after 2 refusals
3683	1789131048497	2	68	admitted	admit=1265ms
3692	1789131048506	1	76	admit-ceiling	LIMIT_EXCEEDED: client unresolved admission ceiling
3700	1789131048514	0	63	admit-ceiling	LIMIT_EXCEEDED: client unresolved admission ceiling
3757	1789131048571	2	56	admitted	admit=1388ms
3765	1789131048579	1	79	admit-ceiling	LIMIT_EXCEEDED: client unresolved admission ceiling
3829	1789131048642	2	74	admit-retried	succeeded after 1 refusals
3829	1789131048642	2	74	admitted	admit=474ms
3829	1789131048642	1	82	admit-ceiling	LIMIT_EXCEEDED: client unresolved admission ceiling
3843	1789131048657	1	70	admit-refused	authority refusal LIMIT_EXCEEDED: aggregate admission capacity exhausted
3910	1789131048723	0	69	admitted	admit=379ms
3913	1789131048727	0	42	admit-ceiling	LIMIT_EXCEEDED: client unresolved admission ceiling
3913	1789131048727	0	33	admit-ceiling	LIMIT_EXCEEDED: client unresolved admission ceiling
3914	1789131048727	0	9	admit-ceiling	LIMIT_EXCEEDED: client unresolved admission ceiling
3914	1789131048727	0	15	admit-ceiling	LIMIT_EXCEEDED: client unresolved admission ceiling
3914	1789131048728	0	30	admit-ceiling	LIMIT_EXCEEDED: client unresolved admission ceiling
3914	1789131048728	0	39	admit-ceiling	LIMIT_EXCEEDED: client unresolved admission ceiling
3914	1789131048728	0	27	admit-ceiling	LIMIT_EXCEEDED: client unresolved admission ceiling
3915	1789131048729	2	77	admitted	admit=368ms
3916	1789131048730	2	53	admit-ceiling	LIMIT_EXCEEDED: client unresolved admission ceiling
3916	1789131048730	2	65	admit-ceiling	LIMIT_EXCEEDED: client unresolved admission ceiling
3984	1789131048798	1	88	admit-ceiling	LIMIT_EXCEEDED: client unresolved admission ceiling
3992	1789131048805	2	71	admit-ceiling	LIMIT_EXCEEDED: client unresolved admission ceiling
4041	1789131048854	1	67	admit-refused	authority refusal LIMIT_EXCEEDED: aggregate admission capacity exhausted
4047	1789131048861	2	83	admit-ceiling	LIMIT_EXCEEDED: client unresolved admission ceiling
4053	1789131048867	0	6	admitted	admit=3138ms
4073	1789131048887	1	85	admit-refused	authority refusal LIMIT_EXCEEDED: aggregate admission capacity exhausted
4105	1789131048918	2	32	admitted	admit=3186ms
4184	1789131048998	0	66	admitted	admit=654ms
4186	1789131049000	0	48	admit-ceiling	LIMIT_EXCEEDED: client unresolved admission ceiling
4186	1789131049000	0	54	admit-ceiling	LIMIT_EXCEEDED: client unresolved admission ceiling
4186	1789131049000	0	57	admit-ceiling	LIMIT_EXCEEDED: client unresolved admission ceiling
4191	1789131049005	1	61	admit-refused	authority refusal LIMIT_EXCEEDED: aggregate admission capacity exhausted
4194	1789131049008	2	86	admit-ceiling	LIMIT_EXCEEDED: client unresolved admission ceiling
4207	1789131049021	1	49	admitted	admit=1248ms
4251	1789131049065	1	94	admit-refused	authority refusal LIMIT_EXCEEDED: aggregate admission capacity exhausted
4257	1789131049071	2	89	admit-ceiling	LIMIT_EXCEEDED: client unresolved admission ceiling
4259	1789131049073	2	83	admit-ceiling	LIMIT_EXCEEDED: client unresolved admission ceiling
4260	1789131049073	2	20	admit-ceiling	LIMIT_EXCEEDED: client unresolved admission ceiling
4260	1789131049074	2	44	admit-ceiling	LIMIT_EXCEEDED: client unresolved admission ceiling
4260	1789131049074	2	23	admit-ceiling	LIMIT_EXCEEDED: client unresolved admission ceiling
4261	1789131049074	2	17	admit-ceiling	LIMIT_EXCEEDED: client unresolved admission ceiling
4261	1789131049075	2	14	admit-ceiling	LIMIT_EXCEEDED: client unresolved admission ceiling
4261	1789131049075	1	91	admit-refused	authority refusal LIMIT_EXCEEDED: aggregate admission capacity exhausted
4265	1789131049079	0	78	admit-ceiling	LIMIT_EXCEEDED: client unresolved admission ceiling
4269	1789131049083	1	52	admitted	admit=1247ms
4320	1789131049134	1	58	admitted	admit=1265ms
4325	1789131049139	1	79	admit-ceiling	LIMIT_EXCEEDED: client unresolved admission ceiling
4325	1789131049139	1	82	admit-ceiling	LIMIT_EXCEEDED: client unresolved admission ceiling
4326	1789131049139	1	70	admit-ceiling	LIMIT_EXCEEDED: client unresolved admission ceiling
4326	1789131049140	1	88	admit-ceiling	LIMIT_EXCEEDED: client unresolved admission ceiling
4326	1789131049140	1	67	admit-ceiling	LIMIT_EXCEEDED: client unresolved admission ceiling
4326	1789131049140	1	85	admit-ceiling	LIMIT_EXCEEDED: client unresolved admission ceiling
4327	1789131049140	1	61	admit-ceiling	LIMIT_EXCEEDED: client unresolved admission ceiling
4392	1789131049206	2	62	admit-retried	succeeded after 3 refusals
4392	1789131049206	2	62	admitted	admit=1975ms
4393	1789131049207	2	86	admit-ceiling	LIMIT_EXCEEDED: client unresolved admission ceiling
4394	1789131049207	2	89	admit-ceiling	LIMIT_EXCEEDED: client unresolved admission ceiling
4394	1789131049208	1	73	admit-refused	authority refusal LIMIT_EXCEEDED: aggregate admission capacity exhausted
4405	1789131049219	0	75	admitted	admit=351ms
4464	1789131049278	1	100	admit-ceiling	LIMIT_EXCEEDED: client unresolved admission ceiling
4474	1789131049288	0	81	admit-ceiling	LIMIT_EXCEEDED: client unresolved admission ceiling
4475	1789131049288	2	95	admit-ceiling	LIMIT_EXCEEDED: client unresolved admission ceiling
4475	1789131049289	2	83	admit-ceiling	LIMIT_EXCEEDED: client unresolved admission ceiling
4502	1789131049316	0	63	admit-ceiling	LIMIT_EXCEEDED: client unresolved admission ceiling
4523	1789131049337	1	103	admit-ceiling	LIMIT_EXCEEDED: client unresolved admission ceiling
4524	1789131049338	1	94	admit-ceiling	LIMIT_EXCEEDED: client unresolved admission ceiling
4524	1789131049338	1	91	admit-ceiling	LIMIT_EXCEEDED: client unresolved admission ceiling
4524	1789131049338	1	73	admit-ceiling	LIMIT_EXCEEDED: client unresolved admission ceiling
4528	1789131049342	1	70	admit-ceiling	LIMIT_EXCEEDED: client unresolved admission ceiling
4529	1789131049342	1	88	admit-ceiling	LIMIT_EXCEEDED: client unresolved admission ceiling
4529	1789131049342	1	82	admit-ceiling	LIMIT_EXCEEDED: client unresolved admission ceiling
4529	1789131049343	1	79	admit-ceiling	LIMIT_EXCEEDED: client unresolved admission ceiling
4529	1789131049343	1	61	admit-ceiling	LIMIT_EXCEEDED: client unresolved admission ceiling
4529	1789131049343	1	85	admit-ceiling	LIMIT_EXCEEDED: client unresolved admission ceiling
4530	1789131049343	1	67	admit-ceiling	LIMIT_EXCEEDED: client unresolved admission ceiling
4566	1789131049380	1	100	admit-ceiling	LIMIT_EXCEEDED: client unresolved admission ceiling
4579	1789131049393	2	92	admitted	admit=321ms
4626	1789131049439	1	103	admit-ceiling	LIMIT_EXCEEDED: client unresolved admission ceiling
4628	1789131049441	0	78	admit-retried	succeeded after 1 refusals
4628	1789131049441	0	78	admitted	admit=442ms
4654	1789131049467	2	98	admit-ceiling	LIMIT_EXCEEDED: client unresolved admission ceiling
4655	1789131049469	2	86	admit-ceiling	LIMIT_EXCEEDED: client unresolved admission ceiling
4655	1789131049469	2	89	admit-ceiling	LIMIT_EXCEEDED: client unresolved admission ceiling
4725	1789131049539	0	72	admitted	admit=813ms
4727	1789131049541	1	73	admit-ceiling	LIMIT_EXCEEDED: client unresolved admission ceiling
4727	1789131049541	1	91	admit-ceiling	LIMIT_EXCEEDED: client unresolved admission ceiling
4728	1789131049541	1	94	admit-ceiling	LIMIT_EXCEEDED: client unresolved admission ceiling
4768	1789131049582	1	100	admit-ceiling	LIMIT_EXCEEDED: client unresolved admission ceiling
4781	1789131049595	2	50	admit-retried	succeeded after 3 refusals
4781	1789131049595	2	50	admitted	admit=2412ms
4783	1789131049597	2	53	admit-ceiling	LIMIT_EXCEEDED: client unresolved admission ceiling
4783	1789131049597	2	98	admit-ceiling	LIMIT_EXCEEDED: client unresolved admission ceiling
4791	1789131049604	0	87	admit-ceiling	LIMIT_EXCEEDED: client unresolved admission ceiling
4827	1789131049641	1	103	admit-ceiling	LIMIT_EXCEEDED: client unresolved admission ceiling
4892	1789131049705	0	87	admit-ceiling	LIMIT_EXCEEDED: client unresolved admission ceiling
4924	1789131049738	2	95	admit-retried	succeeded after 1 refusals
4924	1789131049738	2	95	admitted	admit=531ms
4931	1789131049745	1	70	admit-ceiling	LIMIT_EXCEEDED: client unresolved admission ceiling
4932	1789131049745	1	82	admit-ceiling	LIMIT_EXCEEDED: client unresolved admission ceiling
4932	1789131049746	1	88	admit-ceiling	LIMIT_EXCEEDED: client unresolved admission ceiling
4933	1789131049746	1	79	admit-ceiling	LIMIT_EXCEEDED: client unresolved admission ceiling
4933	1789131049746	1	67	admit-ceiling	LIMIT_EXCEEDED: client unresolved admission ceiling
4933	1789131049747	1	61	admit-ceiling	LIMIT_EXCEEDED: client unresolved admission ceiling
4933	1789131049747	1	85	admit-ceiling	LIMIT_EXCEEDED: client unresolved admission ceiling
4958	1789131049772	2	101	admit-refused	authority refusal LIMIT_EXCEEDED: aggregate admission capacity exhausted
4990	1789131049804	0	21	admitted	admit=4075ms
4994	1789131049808	2	59	admit-retried	succeeded after 3 refusals
4994	1789131049808	2	59	admitted	admit=2577ms
5044	1789131049858	0	45	admit-retried	succeeded after 4 refusals
5044	1789131049858	0	45	admitted	admit=4129ms
5046	1789131049860	2	65	admit-retried	succeeded after 4 refusals
5046	1789131049860	2	65	admitted	admit=2629ms
5103	1789131049917	2	104	admit-ceiling	LIMIT_EXCEEDED: client unresolved admission ceiling
5129	1789131049943	1	94	admit-ceiling	LIMIT_EXCEEDED: client unresolved admission ceiling
5129	1789131049943	1	73	admit-ceiling	LIMIT_EXCEEDED: client unresolved admission ceiling
5130	1789131049943	1	91	admit-ceiling	LIMIT_EXCEEDED: client unresolved admission ceiling
5157	1789131049970	0	87	admit-ceiling	LIMIT_EXCEEDED: client unresolved admission ceiling
5159	1789131049972	2	107	admit-ceiling	LIMIT_EXCEEDED: client unresolved admission ceiling
5208	1789131050022	2	110	admit-ceiling	LIMIT_EXCEEDED: client unresolved admission ceiling
5214	1789131050027	1	97	admitted	admit=891ms
5258	1789131050072	2	83	admit-refused	authority refusal LIMIT_EXCEEDED: aggregate admission capacity exhausted
5290	1789131050103	2	71	admit-retried	succeeded after 4 refusals
5290	1789131050103	2	71	admitted	admit=2288ms
5291	1789131050105	2	101	admit-ceiling	LIMIT_EXCEEDED: client unresolved admission ceiling
5292	1789131050105	2	104	admit-ceiling	LIMIT_EXCEEDED: client unresolved admission ceiling
5292	1789131050106	2	107	admit-ceiling	LIMIT_EXCEEDED: client unresolved admission ceiling
5299	1789131050113	1	106	admit-ceiling	LIMIT_EXCEEDED: client unresolved admission ceiling
5300	1789131050113	1	103	admit-ceiling	LIMIT_EXCEEDED: client unresolved admission ceiling
5310	1789131050123	0	90	admitted	admit=265ms
5363	1789131050177	2	113	admit-ceiling	LIMIT_EXCEEDED: client unresolved admission ceiling
5364	1789131050178	2	110	admit-ceiling	LIMIT_EXCEEDED: client unresolved admission ceiling
5366	1789131050180	0	93	admitted	admit=321ms
5401	1789131050215	1	106	admit-ceiling	LIMIT_EXCEEDED: client unresolved admission ceiling
5432	1789131050246	0	84	admitted	admit=804ms
5459	1789131050273	2	89	admit-refused	authority refusal LIMIT_EXCEEDED: aggregate admission capacity exhausted
5478	1789131050292	2	86	admit-refused	authority refusal LIMIT_EXCEEDED: aggregate admission capacity exhausted
5493	1789131050307	2	101	admit-ceiling	LIMIT_EXCEEDED: client unresolved admission ceiling
5494	1789131050308	2	107	admit-ceiling	LIMIT_EXCEEDED: client unresolved admission ceiling
5497	1789131050310	2	98	admit-refused	authority refusal LIMIT_EXCEEDED: aggregate admission capacity exhausted
5577	1789131050391	1	64	admit-retried	succeeded after 1 refusals
5577	1789131050391	1	64	admitted	admit=2521ms
5647	1789131050461	0	42	admit-ceiling	LIMIT_EXCEEDED: client unresolved admission ceiling
5647	1789131050461	0	30	admit-ceiling	LIMIT_EXCEEDED: client unresolved admission ceiling
5647	1789131050461	0	15	admit-ceiling	LIMIT_EXCEEDED: client unresolved admission ceiling
5647	1789131050461	0	9	admit-ceiling	LIMIT_EXCEEDED: client unresolved admission ceiling
5648	1789131050461	0	33	admit-ceiling	LIMIT_EXCEEDED: client unresolved admission ceiling
5648	1789131050461	0	27	admit-ceiling	LIMIT_EXCEEDED: client unresolved admission ceiling
5648	1789131050462	0	39	admit-ceiling	LIMIT_EXCEEDED: client unresolved admission ceiling
5648	1789131050462	0	87	admit-ceiling	LIMIT_EXCEEDED: client unresolved admission ceiling
5651	1789131050464	1	106	admit-ceiling	LIMIT_EXCEEDED: client unresolved admission ceiling
5700	1789131050514	2	110	admit-refused	authority refusal LIMIT_EXCEEDED: aggregate admission capacity exhausted
5721	1789131050535	0	81	admit-retried	succeeded after 1 refusals
5721	1789131050535	0	81	admitted	admit=1315ms
5733	1789131050547	1	70	admit-ceiling	LIMIT_EXCEEDED: client unresolved admission ceiling
5734	1789131050547	1	82	admit-ceiling	LIMIT_EXCEEDED: client unresolved admission ceiling
5735	1789131050548	1	61	admit-ceiling	LIMIT_EXCEEDED: client unresolved admission ceiling
5735	1789131050549	1	88	admit-ceiling	LIMIT_EXCEEDED: client unresolved admission ceiling
5735	1789131050549	1	79	admit-ceiling	LIMIT_EXCEEDED: client unresolved admission ceiling
5735	1789131050549	1	67	admit-ceiling	LIMIT_EXCEEDED: client unresolved admission ceiling
5736	1789131050550	1	85	admit-ceiling	LIMIT_EXCEEDED: client unresolved admission ceiling
5788	1789131050602	0	99	admitted	admit=355ms
5843	1789131050657	0	102	admitted	admit=410ms
5863	1789131050676	2	14	admit-ceiling	LIMIT_EXCEEDED: client unresolved admission ceiling
5863	1789131050677	2	17	admit-ceiling	LIMIT_EXCEEDED: client unresolved admission ceiling
5863	1789131050677	2	23	admit-ceiling	LIMIT_EXCEEDED: client unresolved admission ceiling
5863	1789131050677	2	44	admit-ceiling	LIMIT_EXCEEDED: client unresolved admission ceiling
5889	1789131050703	1	109	admitted	admit=311ms
5896	1789131050709	2	101	admit-ceiling	LIMIT_EXCEEDED: client unresolved admission ceiling
5896	1789131050709	2	107	admit-ceiling	LIMIT_EXCEEDED: client unresolved admission ceiling
5898	1789131050712	2	98	admit-ceiling	LIMIT_EXCEEDED: client unresolved admission ceiling
5919	1789131050732	0	96	admitted	admit=552ms
5924	1789131050738	2	113	admit-refused	authority refusal LIMIT_EXCEEDED: aggregate admission capacity exhausted
5952	1789131050766	1	94	admit-ceiling	LIMIT_EXCEEDED: client unresolved admission ceiling
5952	1789131050766	1	73	admit-ceiling	LIMIT_EXCEEDED: client unresolved admission ceiling
5952	1789131050766	1	91	admit-ceiling	LIMIT_EXCEEDED: client unresolved admission ceiling
5977	1789131050791	2	20	admit-refused	authority refusal LIMIT_EXCEEDED: aggregate admission capacity exhausted
6053	1789131050866	1	106	admit-ceiling	LIMIT_EXCEEDED: client unresolved admission ceiling
6062	1789131050875	0	108	admit-ceiling	LIMIT_EXCEEDED: client unresolved admission ceiling
6102	1789131050915	1	103	admit-ceiling	LIMIT_EXCEEDED: client unresolved admission ceiling
6126	1789131050939	2	113	admit-ceiling	LIMIT_EXCEEDED: client unresolved admission ceiling
6146	1789131050960	0	111	admit-ceiling	LIMIT_EXCEEDED: client unresolved admission ceiling
6178	1789131050992	2	104	admit-refused	authority refusal LIMIT_EXCEEDED: aggregate admission capacity exhausted
6215	1789131051029	0	114	admit-ceiling	LIMIT_EXCEEDED: client unresolved admission ceiling
6216	1789131051030	0	63	admit-ceiling	LIMIT_EXCEEDED: client unresolved admission ceiling
6216	1789131051030	0	108	admit-ceiling	LIMIT_EXCEEDED: client unresolved admission ceiling
6247	1789131051061	0	111	admit-ceiling	LIMIT_EXCEEDED: client unresolved admission ceiling
6256	1789131051070	2	80	admit-refused	authority refusal LIMIT_EXCEEDED: aggregate admission capacity exhausted
6306	1789131051120	2	83	admit-refused	authority refusal LIMIT_EXCEEDED: aggregate admission capacity exhausted
6317	1789131051131	0	114	admit-ceiling	LIMIT_EXCEEDED: client unresolved admission ceiling
6363	1789131051177	1	55	admit-retried	succeeded after 1 refusals
6363	1789131051177	1	55	admitted	admit=3308ms
6385	1789131051199	2	53	admit-ceiling	LIMIT_EXCEEDED: client unresolved admission ceiling
6418	1789131051232	0	108	admit-ceiling	LIMIT_EXCEEDED: client unresolved admission ceiling
6447	1789131051260	2	89	admit-refused	authority refusal LIMIT_EXCEEDED: aggregate admission capacity exhausted
6450	1789131051263	0	111	admit-ceiling	LIMIT_EXCEEDED: client unresolved admission ceiling
6450	1789131051264	0	87	admit-ceiling	LIMIT_EXCEEDED: client unresolved admission ceiling
6481	1789131051295	2	86	admit-refused	authority refusal LIMIT_EXCEEDED: aggregate admission capacity exhausted
6494	1789131051308	2	80	admit-refused	authority refusal LIMIT_EXCEEDED: aggregate admission capacity exhausted
6551	1789131051364	0	105	admitted	admit=762ms
6612	1789131051426	0	117	admit-ceiling	LIMIT_EXCEEDED: client unresolved admission ceiling
6697	1789131051511	2	101	admit-ceiling	LIMIT_EXCEEDED: client unresolved admission ceiling
6697	1789131051511	2	107	admit-ceiling	LIMIT_EXCEEDED: client unresolved admission ceiling
6700	1789131051513	2	98	admit-ceiling	LIMIT_EXCEEDED: client unresolved admission ceiling
6729	1789131051543	0	114	admit-retried	succeeded after 2 refusals
6729	1789131051543	0	114	admitted	admit=809ms
6795	1789131051609	0	120	admit-ceiling	LIMIT_EXCEEDED: client unresolved admission ceiling
6812	1789131051625	2	80	admit-refused	authority refusal LIMIT_EXCEEDED: aggregate admission capacity exhausted
6815	1789131051629	2	104	admit-retried	succeeded after 3 refusals
6815	1789131051629	2	104	admitted	admit=1768ms
6820	1789131051634	0	108	admit-ceiling	LIMIT_EXCEEDED: client unresolved admission ceiling
6840	1789131051654	2	113	admit-refused	authority refusal LIMIT_EXCEEDED: aggregate admission capacity exhausted
6851	1789131051665	0	111	admit-ceiling	LIMIT_EXCEEDED: client unresolved admission ceiling
6854	1789131051668	1	106	admit-ceiling	LIMIT_EXCEEDED: client unresolved admission ceiling
6897	1789131051711	0	120	admit-ceiling	LIMIT_EXCEEDED: client unresolved admission ceiling
6953	1789131051767	2	110	admit-refused	authority refusal LIMIT_EXCEEDED: aggregate admission capacity exhausted
6963	1789131051777	2	116	admit-refused	authority refusal LIMIT_EXCEEDED: aggregate admission capacity exhausted
7010	1789131051824	0	54	admit-retried	succeeded after 5 refusals
7010	1789131051824	0	54	admitted	admit=4701ms
7099	1789131051913	0	120	admit-ceiling	LIMIT_EXCEEDED: client unresolved admission ceiling
7180	1789131051993	2	116	admit-retried	succeeded after 1 refusals
7180	1789131051993	2	116	admitted	admit=364ms
7314	1789131052128	2	80	admit-refused	authority refusal LIMIT_EXCEEDED: aggregate admission capacity exhausted
7336	1789131052150	1	70	admit-ceiling	LIMIT_EXCEEDED: client unresolved admission ceiling
7336	1789131052150	1	82	admit-ceiling	LIMIT_EXCEEDED: client unresolved admission ceiling
7337	1789131052150	1	61	admit-ceiling	LIMIT_EXCEEDED: client unresolved admission ceiling
7337	1789131052151	1	88	admit-ceiling	LIMIT_EXCEEDED: client unresolved admission ceiling
7337	1789131052151	1	79	admit-ceiling	LIMIT_EXCEEDED: client unresolved admission ceiling
7338	1789131052151	1	67	admit-ceiling	LIMIT_EXCEEDED: client unresolved admission ceiling
7338	1789131052152	1	85	admit-ceiling	LIMIT_EXCEEDED: client unresolved admission ceiling
7348	1789131052162	2	119	admit-refused	authority refusal LIMIT_EXCEEDED: aggregate admission capacity exhausted
7451	1789131052264	0	117	admit-retried	succeeded after 1 refusals
7451	1789131052264	0	117	admitted	admit=899ms
7528	1789131052342	0	120	admit-ceiling	LIMIT_EXCEEDED: client unresolved admission ceiling
7536	1789131052350	1	115	admitted	admit=1172ms
7610	1789131052424	1	94	admit-ceiling	LIMIT_EXCEEDED: client unresolved admission ceiling
7610	1789131052424	1	91	admit-ceiling	LIMIT_EXCEEDED: client unresolved admission ceiling
7610	1789131052424	1	73	admit-ceiling	LIMIT_EXCEEDED: client unresolved admission ceiling
7622	1789131052436	0	108	admit-ceiling	LIMIT_EXCEEDED: client unresolved admission ceiling
7654	1789131052468	0	111	admit-ceiling	LIMIT_EXCEEDED: client unresolved admission ceiling
7669	1789131052483	2	119	admit-refused	authority refusal LIMIT_EXCEEDED: aggregate admission capacity exhausted
7703	1789131052517	1	103	admit-ceiling	LIMIT_EXCEEDED: client unresolved admission ceiling
7789	1789131052603	0	126	admitted	admit=338ms
7886	1789131052700	2	113	admit-retried	succeeded after 4 refusals
7886	1789131052700	2	113	admitted	admit=2595ms
7902	1789131052716	2	110	admit-refused	authority refusal LIMIT_EXCEEDED: aggregate admission capacity exhausted
7933	1789131052747	1	118	admitted	admit=396ms
8051	1789131052865	0	87	admit-ceiling	LIMIT_EXCEEDED: client unresolved admission ceiling
8084	1789131052897	2	86	admit-ceiling	LIMIT_EXCEEDED: client unresolved admission ceiling
8116	1789131052930	2	80	admit-ceiling	LIMIT_EXCEEDED: client unresolved admission ceiling
8205	1789131053018	0	129	admitted	admit=414ms
8220	1789131053034	1	121	admitted	admit=286ms
8330	1789131053144	0	120	admit-ceiling	LIMIT_EXCEEDED: client unresolved admission ceiling
8349	1789131053163	2	89	admit-retried	succeeded after 5 refusals
8349	1789131053163	2	89	admitted	admit=4432ms
8351	1789131053164	2	107	admit-ceiling	LIMIT_EXCEEDED: client unresolved admission ceiling
8351	1789131053165	2	98	admit-ceiling	LIMIT_EXCEEDED: client unresolved admission ceiling
8432	1789131053246	2	125	admit-ceiling	LIMIT_EXCEEDED: client unresolved admission ceiling
8489	1789131053302	1	124	admitted	admit=268ms
8535	1789131053348	2	125	admit-ceiling	LIMIT_EXCEEDED: client unresolved admission ceiling
8547	1789131053361	1	76	admit-retried	succeeded after 1 refusals
8547	1789131053361	1	76	admitted	admit=5491ms
8562	1789131053375	2	101	admit-refused	authority refusal LIMIT_EXCEEDED: aggregate admission capacity exhausted
8604	1789131053418	0	132	admitted	admit=398ms
8646	1789131053460	0	57	admit-refused	authority refusal LIMIT_EXCEEDED: aggregate admission capacity exhausted
8688	1789131053501	0	123	admitted	admit=1676ms
8704	1789131053517	1	130	admit-ceiling	LIMIT_EXCEEDED: client unresolved admission ceiling
8793	1789131053606	1	112	admit-refused	authority refusal LIMIT_EXCEEDED: aggregate admission capacity exhausted
8798	1789131053612	1	106	admit-retried	succeeded after 5 refusals
8798	1789131053612	1	106	admitted	admit=3584ms
8870	1789131053683	1	127	admitted	admit=322ms
8873	1789131053687	0	33	admit-ceiling	LIMIT_EXCEEDED: client unresolved admission ceiling
8873	1789131053687	0	27	admit-ceiling	LIMIT_EXCEEDED: client unresolved admission ceiling
8874	1789131053687	0	15	admit-ceiling	LIMIT_EXCEEDED: client unresolved admission ceiling
8874	1789131053687	0	42	admit-ceiling	LIMIT_EXCEEDED: client unresolved admission ceiling
8874	1789131053688	0	30	admit-ceiling	LIMIT_EXCEEDED: client unresolved admission ceiling
8874	1789131053688	0	39	admit-ceiling	LIMIT_EXCEEDED: client unresolved admission ceiling
8961	1789131053775	2	125	admit-retried	succeeded after 2 refusals
8961	1789131053775	2	125	admitted	admit=611ms
8998	1789131053812	0	9	admit-refused	authority refusal LIMIT_EXCEEDED: aggregate admission capacity exhausted
9020	1789131053833	1	130	admit-refused	authority refusal LIMIT_EXCEEDED: aggregate admission capacity exhausted
9039	1789131053853	0	48	admit-retried	succeeded after 5 refusals
9039	1789131053853	0	48	admitted	admit=6731ms
9065	1789131053878	2	14	admit-ceiling	LIMIT_EXCEEDED: client unresolved admission ceiling
9065	1789131053879	2	17	admit-ceiling	LIMIT_EXCEEDED: client unresolved admission ceiling
9065	1789131053879	2	23	admit-ceiling	LIMIT_EXCEEDED: client unresolved admission ceiling
9065	1789131053879	2	44	admit-ceiling	LIMIT_EXCEEDED: client unresolved admission ceiling
9170	1789131053984	0	135	admit-refused	authority refusal LIMIT_EXCEEDED: aggregate admission capacity exhausted
9179	1789131053993	2	20	admit-ceiling	LIMIT_EXCEEDED: client unresolved admission ceiling
9213	1789131054027	2	128	admit-refused	authority refusal LIMIT_EXCEEDED: aggregate admission capacity exhausted
9260	1789131054074	1	133	admitted	admit=390ms
9272	1789131054086	0	135	admit-ceiling	LIMIT_EXCEEDED: client unresolved admission ceiling
9348	1789131054162	1	139	admit-ceiling	LIMIT_EXCEEDED: client unresolved admission ceiling
9354	1789131054167	0	138	admitted	admit=665ms
9362	1789131054176	0	141	admit-refused	authority refusal LIMIT_EXCEEDED: aggregate admission capacity exhausted
9378	1789131054191	0	111	admit-refused	authority refusal LIMIT_EXCEEDED: aggregate admission capacity exhausted
9408	1789131054221	0	108	admit-refused	authority refusal LIMIT_EXCEEDED: aggregate admission capacity exhausted
9450	1789131054264	1	139	admit-ceiling	LIMIT_EXCEEDED: client unresolved admission ceiling
9491	1789131054305	1	130	admit-refused	authority refusal LIMIT_EXCEEDED: aggregate admission capacity exhausted
9505	1789131054318	2	110	admit-ceiling	LIMIT_EXCEEDED: client unresolved admission ceiling
9587	1789131054401	0	135	admit-refused	authority refusal LIMIT_EXCEEDED: aggregate admission capacity exhausted
9588	1789131054401	2	53	admit-ceiling	LIMIT_EXCEEDED: client unresolved admission ceiling
9635	1789131054448	0	141	admit-refused	authority refusal LIMIT_EXCEEDED: aggregate admission capacity exhausted
9662	1789131054476	0	63	admit-retried	succeeded after 6 refusals
9662	1789131054476	0	63	admitted	admit=6792ms
9687	1789131054501	2	128	admit-retried	succeeded after 1 refusals
9687	1789131054501	2	128	admitted	admit=725ms
9750	1789131054564	2	80	admit-ceiling	LIMIT_EXCEEDED: client unresolved admission ceiling
9807	1789131054621	1	112	admit-refused	authority refusal LIMIT_EXCEEDED: aggregate admission capacity exhausted
9838	1789131054652	1	139	admit-retried	succeeded after 2 refusals
9838	1789131054652	1	139	admitted	admit=577ms
9989	1789131054803	0	135	admit-ceiling	LIMIT_EXCEEDED: client unresolved admission ceiling
10009	1789131054823	1	112	admit-ceiling	LIMIT_EXCEEDED: client unresolved admission ceiling
10015	1789131054829	0	141	admit-refused	authority refusal LIMIT_EXCEEDED: aggregate admission capacity exhausted
10035	1789131054849	1	142	admit-refused	authority refusal LIMIT_EXCEEDED: aggregate admission capacity exhausted
10047	1789131054861	2	131	admitted	admit=359ms
10173	1789131054986	2	83	admit-retried	succeeded after 5 refusals
10173	1789131054986	2	83	admitted	admit=6257ms
10323	1789131055136	1	100	admit-fatal-send	Refused(Refusal { request: Input { stream: StreamId(130) }, code: InternalError, detail: Detail("authority storage operation failed") })
10390	1789131055204	0	144	admitted	admit=1036ms
10406	1789131055220	2	137	admit-refused	authority refusal LIMIT_EXCEEDED: aggregate admission capacity exhausted
10520	1789131055334	0	147	admit-refused	authority refusal LIMIT_EXCEEDED: aggregate admission capacity exhausted
10766	1789131055580	2	137	admit-retried	succeeded after 1 refusals
10766	1789131055580	2	137	admitted	admit=593ms
10791	1789131055605	0	135	admit-ceiling	LIMIT_EXCEEDED: client unresolved admission ceiling
11072	1789131055885	2	140	admitted	admit=305ms
11253	1789131056067	0	87	admit-ceiling	LIMIT_EXCEEDED: client unresolved admission ceiling
11286	1789131056099	2	86	admit-ceiling	LIMIT_EXCEEDED: client unresolved admission ceiling
11327	1789131056140	0	150	admit-refused	authority refusal LIMIT_EXCEEDED: aggregate admission capacity exhausted
11427	1789131056241	2	143	admitted	admit=354ms
11553	1789131056367	2	107	admit-ceiling	LIMIT_EXCEEDED: client unresolved admission ceiling
11553	1789131056367	2	98	admit-ceiling	LIMIT_EXCEEDED: client unresolved admission ceiling
11691	1789131056504	2	146	admitted	admit=263ms
11726	1789131056540	0	150	admit-retried	succeeded after 1 refusals
11726	1789131056540	0	150	admitted	admit=1335ms
11763	1789131056577	2	101	admit-ceiling	LIMIT_EXCEEDED: client unresolved admission ceiling
11849	1789131056662	0	57	admit-ceiling	LIMIT_EXCEEDED: client unresolved admission ceiling
11868	1789131056682	2	119	admit-retried	succeeded after 2 refusals
11868	1789131056682	2	119	admitted	admit=4688ms
11869	1789131056683	2	134	admit-refused	authority refusal LIMIT_EXCEEDED: aggregate admission capacity exhausted
11902	1789131056716	2	149	admit-refused	authority refusal LIMIT_EXCEEDED: aggregate admission capacity exhausted
11956	1789131056770	0	153	admitted	admit=229ms
12124	1789131056938	2	134	admit-refused	authority refusal LIMIT_EXCEEDED: aggregate admission capacity exhausted
12144	1789131056958	2	149	admit-refused	authority refusal LIMIT_EXCEEDED: aggregate admission capacity exhausted
12214	1789131057028	0	156	admitted	admit=257ms
12394	1789131057208	0	135	admit-ceiling	LIMIT_EXCEEDED: client unresolved admission ceiling
12466	1789131057279	2	152	admit-refused	authority refusal LIMIT_EXCEEDED: aggregate admission capacity exhausted
12472	1789131057286	0	159	admitted	admit=257ms
12579	1789131057393	0	111	admit-ceiling	LIMIT_EXCEEDED: client unresolved admission ceiling
12609	1789131057423	0	108	admit-ceiling	LIMIT_EXCEEDED: client unresolved admission ceiling
12652	1789131057466	2	134	admit-refused	authority refusal LIMIT_EXCEEDED: aggregate admission capacity exhausted
12673	1789131057487	2	149	admit-refused	authority refusal LIMIT_EXCEEDED: aggregate admission capacity exhausted
12698	1789131057512	2	152	admit-refused	authority refusal LIMIT_EXCEEDED: aggregate admission capacity exhausted
12735	1789131057549	0	162	admitted	admit=262ms
12989	1789131057803	0	165	admitted	admit=253ms
13049	1789131057862	2	110	admit-refused	authority refusal LIMIT_EXCEEDED: aggregate admission capacity exhausted
13075	1789131057889	2	149	admit-ceiling	LIMIT_EXCEEDED: client unresolved admission ceiling
13111	1789131057925	2	122	admit-refused	authority refusal LIMIT_EXCEEDED: aggregate admission capacity exhausted
13139	1789131057953	2	152	admit-refused	authority refusal LIMIT_EXCEEDED: aggregate admission capacity exhausted
13151	1789131057964	2	134	admit-refused	authority refusal LIMIT_EXCEEDED: aggregate admission capacity exhausted
13178	1789131057992	2	80	admit-refused	authority refusal LIMIT_EXCEEDED: aggregate admission capacity exhausted
13262	1789131058075	0	168	admitted	admit=272ms
13493	1789131058307	0	171	admitted	admit=231ms
13712	1789131058525	0	141	admit-refused	authority refusal LIMIT_EXCEEDED: aggregate admission capacity exhausted
13723	1789131058537	2	152	admit-retried	succeeded after 3 refusals
13723	1789131058537	2	152	admitted	admit=1854ms
13736	1789131058549	0	174	admitted	admit=241ms
13877	1789131058691	0	33	admit-ceiling	LIMIT_EXCEEDED: client unresolved admission ceiling
13877	1789131058691	0	15	admit-ceiling	LIMIT_EXCEEDED: client unresolved admission ceiling
13877	1789131058691	0	42	admit-ceiling	LIMIT_EXCEEDED: client unresolved admission ceiling
13878	1789131058691	0	27	admit-ceiling	LIMIT_EXCEEDED: client unresolved admission ceiling
13878	1789131058691	0	39	admit-ceiling	LIMIT_EXCEEDED: client unresolved admission ceiling
13913	1789131058727	2	155	admitted	admit=189ms
13959	1789131058773	0	30	admit-refused	authority refusal LIMIT_EXCEEDED: aggregate admission capacity exhausted
13998	1789131058812	0	177	admitted	admit=261ms
14068	1789131058881	2	14	admit-ceiling	LIMIT_EXCEEDED: client unresolved admission ceiling
14068	1789131058881	2	17	admit-ceiling	LIMIT_EXCEEDED: client unresolved admission ceiling
14068	1789131058882	2	44	admit-ceiling	LIMIT_EXCEEDED: client unresolved admission ceiling
14068	1789131058882	2	23	admit-ceiling	LIMIT_EXCEEDED: client unresolved admission ceiling
14135	1789131058949	2	149	admit-retried	succeeded after 4 refusals
14135	1789131058949	2	149	admitted	admit=2443ms
14192	1789131059005	2	134	admit-retried	succeeded after 4 refusals
14192	1789131059005	2	134	admitted	admit=4144ms
14225	1789131059039	0	180	admitted	admit=226ms
14244	1789131059057	0	9	admit-refused	authority refusal LIMIT_EXCEEDED: aggregate admission capacity exhausted
14335	1789131059149	2	164	admit-ceiling	LIMIT_EXCEEDED: client unresolved admission ceiling
14458	1789131059272	2	161	admitted	admit=266ms
14504	1789131059318	2	167	admit-ceiling	LIMIT_EXCEEDED: client unresolved admission ceiling
14551	1789131059365	0	120	admit-refused	authority refusal LIMIT_EXCEEDED: aggregate admission capacity exhausted
14590	1789131059403	2	53	admit-ceiling	LIMIT_EXCEEDED: client unresolved admission ceiling
14607	1789131059420	2	167	admit-ceiling	LIMIT_EXCEEDED: client unresolved admission ceiling
14735	1789131059548	0	147	admit-refused	authority refusal LIMIT_EXCEEDED: aggregate admission capacity exhausted
14808	1789131059622	2	167	admit-ceiling	LIMIT_EXCEEDED: client unresolved admission ceiling
14963	1789131059777	2	158	admitted	admit=1049ms
15024	1789131059838	0	183	admit-refused	authority refusal LIMIT_EXCEEDED: aggregate admission capacity exhausted
15057	1789131059870	0	147	admit-refused	authority refusal LIMIT_EXCEEDED: aggregate admission capacity exhausted
15069	1789131059883	0	141	admit-retried	succeeded after 4 refusals
15069	1789131059883	0	141	admitted	admit=6029ms
15184	1789131059998	2	170	admit-refused	authority refusal LIMIT_EXCEEDED: aggregate admission capacity exhausted
15286	1789131060100	2	170	admit-ceiling	LIMIT_EXCEEDED: client unresolved admission ceiling
15314	1789131060127	2	167	admit-refused	authority refusal LIMIT_EXCEEDED: aggregate admission capacity exhausted
15324	1789131060138	0	183	admit-retried	succeeded after 1 refusals
15324	1789131060138	0	183	admitted	admit=1098ms
15454	1789131060268	0	186	admit-refused	authority refusal LIMIT_EXCEEDED: aggregate admission capacity exhausted
15646	1789131060460	2	164	admit-retried	succeeded after 1 refusals
15646	1789131060460	2	164	admitted	admit=1453ms
15696	1789131060510	0	135	admit-refused	authority refusal LIMIT_EXCEEDED: aggregate admission capacity exhausted
15918	1789131060731	2	173	admitted	admit=271ms
16116	1789131060929	2	167	admit-ceiling	LIMIT_EXCEEDED: client unresolved admission ceiling
16219	1789131061032	2	20	admit-retried	succeeded after 7 refusals
16219	1789131061032	2	20	admitted	admit=15297ms
16287	1789131061101	2	86	admit-ceiling	LIMIT_EXCEEDED: client unresolved admission ceiling
16303	1789131061117	0	147	admit-retried	succeeded after 3 refusals
16303	1789131061117	0	147	admitted	admit=6640ms
16530	1789131061344	0	192	admitted	admit=226ms
16556	1789131061369	2	98	admit-ceiling	LIMIT_EXCEEDED: client unresolved admission ceiling
16556	1789131061369	2	107	admit-ceiling	LIMIT_EXCEEDED: client unresolved admission ceiling
16574	1789131061388	0	87	admit-refused	authority refusal LIMIT_EXCEEDED: aggregate admission capacity exhausted
16643	1789131061457	2	170	admit-refused	authority refusal LIMIT_EXCEEDED: aggregate admission capacity exhausted
16675	1789131061489	2	176	admitted	admit=756ms
16891	1789131061704	0	186	admit-retried	succeeded after 1 refusals
16891	1789131061704	0	186	admitted	admit=1821ms
16907	1789131061721	2	101	admit-refused	authority refusal LIMIT_EXCEEDED: aggregate admission capacity exhausted
16934	1789131061747	2	182	admitted	admit=258ms
17115	1789131061929	0	198	admit-refused	authority refusal LIMIT_EXCEEDED: aggregate admission capacity exhausted
17116	1789131061930	2	179	admit-refused	authority refusal LIMIT_EXCEEDED: aggregate admission capacity exhausted
17120	1789131061933	0	57	admit-retried	succeeded after 7 refusals
17120	1789131061933	0	57	admitted	admit=14810ms
17154	1789131061967	2	185	admit-refused	authority refusal LIMIT_EXCEEDED: aggregate admission capacity exhausted
17371	1789131062185	0	198	admit-retried	succeeded after 1 refusals
17371	1789131062185	0	198	admitted	admit=479ms
17375	1789131062189	2	170	admit-retried	succeeded after 3 refusals
17375	1789131062189	2	170	admitted	admit=2411ms
17502	1789131062316	0	195	admit-refused	authority refusal LIMIT_EXCEEDED: aggregate admission capacity exhausted
17604	1789131062418	0	195	admit-ceiling	LIMIT_EXCEEDED: client unresolved admission ceiling
17610	1789131062424	0	108	admit-ceiling	LIMIT_EXCEEDED: client unresolved admission ceiling
17658	1789131062472	0	189	admit-refused	authority refusal LIMIT_EXCEEDED: aggregate admission capacity exhausted
17700	1789131062514	0	201	admit-refused	authority refusal LIMIT_EXCEEDED: aggregate admission capacity exhausted
17717	1789131062531	2	167	admit-ceiling	LIMIT_EXCEEDED: client unresolved admission ceiling
17732	1789131062545	0	111	admit-refused	authority refusal LIMIT_EXCEEDED: aggregate admission capacity exhausted
17806	1789131062620	0	195	admit-ceiling	LIMIT_EXCEEDED: client unresolved admission ceiling
17873	1789131062687	2	185	admit-retried	succeeded after 1 refusals
17873	1789131062687	2	185	admitted	admit=939ms
17999	1789131062813	0	120	admit-refused	authority refusal LIMIT_EXCEEDED: aggregate admission capacity exhausted
18019	1789131062833	0	189	admit-refused	authority refusal LIMIT_EXCEEDED: aggregate admission capacity exhausted
18042	1789131062856	2	191	admit-refused	authority refusal LIMIT_EXCEEDED: aggregate admission capacity exhausted
18072	1789131062886	2	188	admitted	admit=696ms
18144	1789131062958	2	191	admit-ceiling	LIMIT_EXCEEDED: client unresolved admission ceiling
18186	1789131062999	2	110	admit-refused	authority refusal LIMIT_EXCEEDED: aggregate admission capacity exhausted
18193	1789131063007	2	179	admit-retried	succeeded after 1 refusals
18193	1789131063007	2	179	admitted	admit=1974ms
18204	1789131063018	2	194	admit-refused	authority refusal LIMIT_EXCEEDED: aggregate admission capacity exhausted
18274	1789131063087	2	122	admit-fatal-send	Refused(Refusal { request: Input { stream: StreamId(294) }, code: InternalError, detail: Detail("authority storage operation failed") })
18374	1789131063187	0	189	admit-refused	authority refusal LIMIT_EXCEEDED: aggregate admission capacity exhausted
18397	1789131063211	0	195	admit-refused	authority refusal LIMIT_EXCEEDED: aggregate admission capacity exhausted
18525	1789131063339	0	201	admit-refused	authority refusal LIMIT_EXCEEDED: aggregate admission capacity exhausted
18880	1789131063694	0	39	admit-ceiling	LIMIT_EXCEEDED: client unresolved admission ceiling
18880	1789131063694	0	15	admit-ceiling	LIMIT_EXCEEDED: client unresolved admission ceiling
18880	1789131063694	0	33	admit-ceiling	LIMIT_EXCEEDED: client unresolved admission ceiling
18880	1789131063694	0	27	admit-ceiling	LIMIT_EXCEEDED: client unresolved admission ceiling
18961	1789131063775	0	30	admit-ceiling	LIMIT_EXCEEDED: client unresolved admission ceiling
18982	1789131063796	0	42	admit-refused	authority refusal LIMIT_EXCEEDED: aggregate admission capacity exhausted
18996	1789131063809	0	201	admit-retried	succeeded after 2 refusals
18996	1789131063809	0	201	admitted	admit=1875ms
19246	1789131064059	0	9	admit-ceiling	LIMIT_EXCEEDED: client unresolved admission ceiling
19340	1789131064154	0	207	admitted	admit=344ms
19425	1789131064239	0	195	admit-refused	authority refusal LIMIT_EXCEEDED: aggregate admission capacity exhausted
19475	1789131064289	0	204	admit-refused	authority refusal LIMIT_EXCEEDED: aggregate admission capacity exhausted
19500	1789131064314	0	210	admit-refused	authority refusal LIMIT_EXCEEDED: aggregate admission capacity exhausted
19973	1789131064786	0	210	admit-retried	succeeded after 1 refusals
19973	1789131064786	0	210	admitted	admit=632ms
20164	1789131064977	0	189	admit-retried	succeeded after 3 refusals
20164	1789131064977	0	189	admitted	admit=4839ms
20203	1789131065016	0	213	admitted	admit=229ms
20472	1789131065285	0	219	admitted	admit=268ms
20762	1789131065576	0	222	admitted	admit=289ms
20866	1789131065680	0	135	admit-retried	succeeded after 7 refusals
20866	1789131065680	0	135	admitted	admit=12178ms
21023	1789131065837	0	228	admit-refused	authority refusal LIMIT_EXCEEDED: aggregate admission capacity exhausted
21062	1789131065876	0	216	admit-refused	authority refusal LIMIT_EXCEEDED: aggregate admission capacity exhausted
21086	1789131065900	0	195	admit-refused	authority refusal LIMIT_EXCEEDED: aggregate admission capacity exhausted
21294	1789131066108	0	228	admit-retried	succeeded after 1 refusals
21294	1789131066108	0	228	admitted	admit=427ms
21450	1789131066264	0	231	admit-refused	authority refusal LIMIT_EXCEEDED: aggregate admission capacity exhausted
21576	1789131066389	0	87	admit-ceiling	LIMIT_EXCEEDED: client unresolved admission ceiling
21665	1789131066479	0	216	admit-refused	authority refusal LIMIT_EXCEEDED: aggregate admission capacity exhausted
21672	1789131066485	0	231	admit-retried	succeeded after 1 refusals
21672	1789131066485	0	231	admitted	admit=376ms
22006	1789131066820	0	234	admitted	admit=334ms
22036	1789131066850	0	204	admit-retried	succeeded after 1 refusals
22036	1789131066850	0	204	admitted	admit=4665ms
22258	1789131067072	0	240	admitted	admit=221ms
22451	1789131067265	0	243	admitted	admit=192ms
22612	1789131067426	0	108	admit-ceiling	LIMIT_EXCEEDED: client unresolved admission ceiling
22665	1789131067479	0	246	admit-refused	authority refusal LIMIT_EXCEEDED: aggregate admission capacity exhausted
22679	1789131067493	0	225	admitted	admit=1916ms
22768	1789131067581	0	246	admit-ceiling	LIMIT_EXCEEDED: client unresolved admission ceiling
22834	1789131067647	0	111	admit-refused	authority refusal LIMIT_EXCEEDED: aggregate admission capacity exhausted
22873	1789131067686	0	216	admit-retried	succeeded after 2 refusals
22873	1789131067686	0	216	admitted	admit=2669ms
23001	1789131067815	0	120	admit-ceiling	LIMIT_EXCEEDED: client unresolved admission ceiling
23052	1789131067866	0	246	admit-refused	authority refusal LIMIT_EXCEEDED: aggregate admission capacity exhausted
23535	1789131068349	0	246	admit-retried	succeeded after 3 refusals
23535	1789131068349	0	246	admitted	admit=1083ms
23716	1789131068529	0	255	admitted	admit=179ms
23749	1789131068562	0	237	admitted	admit=1741ms
23883	1789131068697	0	39	admit-ceiling	LIMIT_EXCEEDED: client unresolved admission ceiling
23883	1789131068697	0	27	admit-ceiling	LIMIT_EXCEEDED: client unresolved admission ceiling
23883	1789131068697	0	33	admit-ceiling	LIMIT_EXCEEDED: client unresolved admission ceiling
23884	1789131068697	0	15	admit-ceiling	LIMIT_EXCEEDED: client unresolved admission ceiling
23981	1789131068795	0	258	admit-refused	authority refusal LIMIT_EXCEEDED: aggregate admission capacity exhausted
24010	1789131068823	0	261	admitted	admit=260ms
24017	1789131068831	0	252	admit-refused	authority refusal LIMIT_EXCEEDED: aggregate admission capacity exhausted
24084	1789131068897	0	258	admit-ceiling	LIMIT_EXCEEDED: client unresolved admission ceiling
24120	1789131068933	0	252	admit-ceiling	LIMIT_EXCEEDED: client unresolved admission ceiling
24247	1789131069061	0	9	admit-ceiling	LIMIT_EXCEEDED: client unresolved admission ceiling
24285	1789131069099	0	258	admit-ceiling	LIMIT_EXCEEDED: client unresolved admission ceiling
24287	1789131069101	0	195	admit-ceiling	LIMIT_EXCEEDED: client unresolved admission ceiling
24321	1789131069135	0	252	admit-ceiling	LIMIT_EXCEEDED: client unresolved admission ceiling
24410	1789131069224	0	264	admitted	admit=399ms
24628	1789131069441	0	267	admitted	admit=217ms
24687	1789131069501	0	258	admit-ceiling	LIMIT_EXCEEDED: client unresolved admission ceiling
24723	1789131069537	0	252	admit-ceiling	LIMIT_EXCEEDED: client unresolved admission ceiling
25082	1789131069896	0	30	admit-retried	succeeded after 9 refusals
25082	1789131069896	0	30	admitted	admit=24166ms
25337	1789131070151	0	273	admitted	admit=254ms
25489	1789131070303	0	258	admit-ceiling	LIMIT_EXCEEDED: client unresolved admission ceiling
25525	1789131070339	0	252	admit-ceiling	LIMIT_EXCEEDED: client unresolved admission ceiling
25666	1789131070479	0	270	admit-refused	authority refusal LIMIT_EXCEEDED: aggregate admission capacity exhausted
25684	1789131070498	0	276	admitted	admit=346ms
25949	1789131070762	0	279	admit-refused	authority refusal LIMIT_EXCEEDED: aggregate admission capacity exhausted
25991	1789131070805	0	270	admit-refused	authority refusal LIMIT_EXCEEDED: aggregate admission capacity exhausted
26029	1789131070843	0	249	admit-refused	authority refusal LIMIT_EXCEEDED: aggregate admission capacity exhausted
26365	1789131071178	0	249	admit-refused	authority refusal LIMIT_EXCEEDED: aggregate admission capacity exhausted
26578	1789131071391	0	87	admit-ceiling	LIMIT_EXCEEDED: client unresolved admission ceiling
26621	1789131071435	0	270	admit-refused	authority refusal LIMIT_EXCEEDED: aggregate admission capacity exhausted
26646	1789131071460	0	249	admit-refused	authority refusal LIMIT_EXCEEDED: aggregate admission capacity exhausted
27022	1789131071836	0	42	admit-refused	authority refusal LIMIT_EXCEEDED: aggregate admission capacity exhausted
27117	1789131071931	0	249	admit-refused	authority refusal LIMIT_EXCEEDED: aggregate admission capacity exhausted
27207	1789131072020	0	258	admit-refused	authority refusal LIMIT_EXCEEDED: aggregate admission capacity exhausted
27226	1789131072040	0	279	admit-refused	authority refusal LIMIT_EXCEEDED: aggregate admission capacity exhausted
27257	1789131072070	0	252	admit-refused	authority refusal LIMIT_EXCEEDED: aggregate admission capacity exhausted
27422	1789131072236	0	270	admit-refused	authority refusal LIMIT_EXCEEDED: aggregate admission capacity exhausted
27850	1789131072664	0	108	admit-retried	succeeded after 9 refusals
27850	1789131072664	0	108	admitted	admit=22005ms
28032	1789131072846	0	111	admit-refused	authority refusal LIMIT_EXCEEDED: aggregate admission capacity exhausted
28047	1789131072861	0	282	admitted	admit=196ms
28070	1789131072884	0	279	admit-refused	authority refusal LIMIT_EXCEEDED: aggregate admission capacity exhausted
28149	1789131072963	0	249	admit-refused	authority refusal LIMIT_EXCEEDED: aggregate admission capacity exhausted
28189	1789131073002	0	120	admit-refused	authority refusal LIMIT_EXCEEDED: aggregate admission capacity exhausted
28210	1789131073023	0	285	admit-refused	authority refusal LIMIT_EXCEEDED: aggregate admission capacity exhausted
28330	1789131073143	0	270	admit-refused	authority refusal LIMIT_EXCEEDED: aggregate admission capacity exhausted
28409	1789131073222	0	285	admit-refused	authority refusal LIMIT_EXCEEDED: aggregate admission capacity exhausted
28676	1789131073490	0	279	admit-refused	authority refusal LIMIT_EXCEEDED: aggregate admission capacity exhausted
28812	1789131073625	0	285	admit-refused	authority refusal LIMIT_EXCEEDED: aggregate admission capacity exhausted
29089	1789131073902	0	33	admit-refused	authority refusal LIMIT_EXCEEDED: aggregate admission capacity exhausted
29103	1789131073917	0	15	admit-retried	succeeded after 10 refusals
29103	1789131073917	0	15	admitted	admit=28188ms
29249	1789131074063	0	9	admit-ceiling	LIMIT_EXCEEDED: client unresolved admission ceiling
29253	1789131074067	0	39	admit-refused	authority refusal LIMIT_EXCEEDED: aggregate admission capacity exhausted
29286	1789131074100	0	288	admit-refused	authority refusal LIMIT_EXCEEDED: aggregate admission capacity exhausted
29325	1789131074139	0	285	admit-refused	authority refusal LIMIT_EXCEEDED: aggregate admission capacity exhausted
29630	1789131074443	0	27	admit-retried	succeeded after 10 refusals
29630	1789131074444	0	27	admitted	admit=28714ms
29717	1789131074531	0	195	admit-refused	authority refusal LIMIT_EXCEEDED: aggregate admission capacity exhausted
29907	1789131074721	0	279	admit-retried	succeeded after 4 refusals
29907	1789131074721	0	279	admitted	admit=4223ms
29963	1789131074777	0	270	admit-ceiling	LIMIT_EXCEEDED: client unresolved admission ceiling
30064	1789131074877	0	249	admit-refused	authority refusal LIMIT_EXCEEDED: aggregate admission capacity exhausted
30349	1789131075162	0	285	admit-retried	succeeded after 4 refusals
30349	1789131075162	0	285	admitted	admit=2300ms
30408	1789131075221	0	258	admit-ceiling	LIMIT_EXCEEDED: client unresolved admission ceiling
30458	1789131075272	0	252	admit-ceiling	LIMIT_EXCEEDED: client unresolved admission ceiling
30530	1789131075343	0	297	admit-refused	authority refusal LIMIT_EXCEEDED: aggregate admission capacity exhausted
30672	1789131075486	0	291	admitted	admit=1042ms
30822	1789131075636	0	300	admit-refused	authority refusal LIMIT_EXCEEDED: aggregate admission capacity exhausted
30902	1789131075716	0	288	admit-refused	authority refusal LIMIT_EXCEEDED: aggregate admission capacity exhausted
31090	1789131075904	0	300	admit-retried	succeeded after 1 refusals
31090	1789131075904	0	300	admitted	admit=416ms
31247	1789131076061	0	288	admit-refused	authority refusal LIMIT_EXCEEDED: aggregate admission capacity exhausted
31641	1789131076455	0	294	admitted	admit=1733ms
31698	1789131076512	0	288	admit-ceiling	LIMIT_EXCEEDED: client unresolved admission ceiling
31777	1789131076591	0	306	admit-refused	authority refusal LIMIT_EXCEEDED: aggregate admission capacity exhausted
31798	1789131076612	0	87	admit-retried	succeeded after 10 refusals
31798	1789131076612	0	87	admitted	admit=27072ms
32024	1789131076838	0	42	admit-ceiling	LIMIT_EXCEEDED: client unresolved admission ceiling
32325	1789131077139	0	309	admitted	admit=526ms
32500	1789131077314	0	288	admit-ceiling	LIMIT_EXCEEDED: client unresolved admission ceiling
32552	1789131077365	0	312	admitted	admit=226ms
32900	1789131077713	0	315	admitted	admit=347ms
33035	1789131077848	0	111	admit-ceiling	LIMIT_EXCEEDED: client unresolved admission ceiling
33123	1789131077936	0	318	admitted	admit=222ms
33183	1789131077997	0	270	admit-ceiling	LIMIT_EXCEEDED: client unresolved admission ceiling
33190	1789131078004	0	120	admit-ceiling	LIMIT_EXCEEDED: client unresolved admission ceiling
33290	1789131078104	0	321	admit-refused	authority refusal LIMIT_EXCEEDED: aggregate admission capacity exhausted
33319	1789131078133	0	297	admit-retried	succeeded after 1 refusals
33319	1789131078133	0	297	admitted	admit=2970ms
33392	1789131078206	0	321	admit-ceiling	LIMIT_EXCEEDED: client unresolved admission ceiling
33480	1789131078294	0	324	admit-refused	authority refusal LIMIT_EXCEEDED: aggregate admission capacity exhausted
33498	1789131078311	0	249	admit-retried	succeeded after 6 refusals
33498	1789131078311	0	249	admitted	admit=10818ms
33594	1789131078408	0	321	admit-ceiling	LIMIT_EXCEEDED: client unresolved admission ceiling
33736	1789131078550	0	327	admit-refused	authority refusal LIMIT_EXCEEDED: aggregate admission capacity exhausted
33778	1789131078592	0	324	admit-refused	authority refusal LIMIT_EXCEEDED: aggregate admission capacity exhausted
33994	1789131078808	0	306	admit-refused	authority refusal LIMIT_EXCEEDED: aggregate admission capacity exhausted
34004	1789131078817	0	327	admit-retried	succeeded after 1 refusals
34004	1789131078817	0	327	admitted	admit=505ms
34090	1789131078904	0	33	admit-ceiling	LIMIT_EXCEEDED: client unresolved admission ceiling
34102	1789131078916	0	288	admit-ceiling	LIMIT_EXCEEDED: client unresolved admission ceiling
34167	1789131078981	0	324	admit-refused	authority refusal LIMIT_EXCEEDED: aggregate admission capacity exhausted
34181	1789131078995	0	330	admit-refused	authority refusal LIMIT_EXCEEDED: aggregate admission capacity exhausted
34209	1789131079022	0	321	admit-refused	authority refusal LIMIT_EXCEEDED: aggregate admission capacity exhausted
34283	1789131079097	0	330	admit-ceiling	LIMIT_EXCEEDED: client unresolved admission ceiling
34362	1789131079175	0	39	admit-refused	authority refusal LIMIT_EXCEEDED: aggregate admission capacity exhausted
34395	1789131079209	0	306	admit-retried	succeeded after 2 refusals
34395	1789131079209	0	306	admitted	admit=2753ms
34405	1789131079219	0	9	admit-refused	authority refusal LIMIT_EXCEEDED: aggregate admission capacity exhausted
34657	1789131079470	0	324	admit-refused	authority refusal LIMIT_EXCEEDED: aggregate admission capacity exhausted
34737	1789131079551	0	333	admit-refused	authority refusal LIMIT_EXCEEDED: aggregate admission capacity exhausted
34868	1789131079682	0	195	admit-retried	succeeded after 8 refusals
34868	1789131079682	0	195	admitted	admit=18337ms
34975	1789131079789	0	333	admit-refused	authority refusal LIMIT_EXCEEDED: aggregate admission capacity exhausted
35007	1789131079821	0	330	admit-refused	authority refusal LIMIT_EXCEEDED: aggregate admission capacity exhausted
35049	1789131079863	0	336	admit-refused	authority refusal LIMIT_EXCEEDED: aggregate admission capacity exhausted
35225	1789131080039	0	321	admit-refused	authority refusal LIMIT_EXCEEDED: aggregate admission capacity exhausted
35410	1789131080224	0	330	admit-ceiling	LIMIT_EXCEEDED: client unresolved admission ceiling
35459	1789131080273	0	324	admit-ceiling	LIMIT_EXCEEDED: client unresolved admission ceiling
35459	1789131080273	0	252	admit-ceiling	LIMIT_EXCEEDED: client unresolved admission ceiling
35467	1789131080281	0	333	admit-refused	authority refusal LIMIT_EXCEEDED: aggregate admission capacity exhausted
35526	1789131080340	0	258	admit-refused	authority refusal LIMIT_EXCEEDED: aggregate admission capacity exhausted
35854	1789131080668	0	303	admitted	admit=4763ms
36138	1789131080952	0	333	admit-retried	succeeded after 3 refusals
36138	1789131080952	0	333	admitted	admit=1742ms
36355	1789131081169	0	342	admit-refused	authority refusal LIMIT_EXCEEDED: aggregate admission capacity exhausted
36367	1789131081181	0	330	admit-retried	succeeded after 4 refusals
36367	1789131081181	0	330	admitted	admit=2363ms
36528	1789131081341	0	336	admit-refused	authority refusal LIMIT_EXCEEDED: aggregate admission capacity exhausted
36688	1789131081502	0	342	admit-refused	authority refusal LIMIT_EXCEEDED: aggregate admission capacity exhausted
36813	1789131081627	0	345	admit-refused	authority refusal LIMIT_EXCEEDED: aggregate admission capacity exhausted
36837	1789131081650	0	336	admit-refused	authority refusal LIMIT_EXCEEDED: aggregate admission capacity exhausted
36917	1789131081731	0	321	admit-refused	authority refusal LIMIT_EXCEEDED: aggregate admission capacity exhausted
37002	1789131081816	0	342	admit-refused	authority refusal LIMIT_EXCEEDED: aggregate admission capacity exhausted
37017	1789131081831	0	345	admit-refused	authority refusal LIMIT_EXCEEDED: aggregate admission capacity exhausted
37239	1789131082052	0	336	admit-ceiling	LIMIT_EXCEEDED: client unresolved admission ceiling
37304	1789131082118	0	288	admit-ceiling	LIMIT_EXCEEDED: client unresolved admission ceiling
37334	1789131082147	0	42	admit-refused	authority refusal LIMIT_EXCEEDED: aggregate admission capacity exhausted
37350	1789131082164	0	345	admit-refused	authority refusal LIMIT_EXCEEDED: aggregate admission capacity exhausted
37353	1789131082167	0	324	admit-retried	succeeded after 5 refusals
37353	1789131082167	0	324	admitted	admit=4033ms
37583	1789131082396	0	342	admit-refused	authority refusal LIMIT_EXCEEDED: aggregate admission capacity exhausted
37815	1789131082629	0	345	admit-retried	succeeded after 3 refusals
37815	1789131082629	0	345	admitted	admit=1447ms
37859	1789131082673	0	339	admitted	admit=2004ms
37950	1789131082764	0	354	admit-refused	authority refusal LIMIT_EXCEEDED: aggregate admission capacity exhausted
38024	1789131082838	0	351	admit-refused	authority refusal LIMIT_EXCEEDED: aggregate admission capacity exhausted
38122	1789131082935	0	354	admit-refused	authority refusal LIMIT_EXCEEDED: aggregate admission capacity exhausted
38175	1789131082989	0	351	admit-refused	authority refusal LIMIT_EXCEEDED: aggregate admission capacity exhausted
38192	1789131083006	0	120	admit-ceiling	LIMIT_EXCEEDED: client unresolved admission ceiling
38229	1789131083043	0	336	admit-refused	authority refusal LIMIT_EXCEEDED: aggregate admission capacity exhausted
38242	1789131083056	0	270	admit-refused	authority refusal LIMIT_EXCEEDED: aggregate admission capacity exhausted
38445	1789131083258	0	348	admitted	admit=1091ms
38494	1789131083308	0	354	admit-refused	authority refusal LIMIT_EXCEEDED: aggregate admission capacity exhausted
38550	1789131083364	0	351	admit-refused	authority refusal LIMIT_EXCEEDED: aggregate admission capacity exhausted
38623	1789131083436	0	357	admit-refused	authority refusal LIMIT_EXCEEDED: aggregate admission capacity exhausted
38678	1789131083492	0	342	admit-refused	authority refusal LIMIT_EXCEEDED: aggregate admission capacity exhausted
38838	1789131083651	0	111	admit-refused	authority refusal LIMIT_EXCEEDED: aggregate admission capacity exhausted
39054	1789131083868	0	354	admit-refused	authority refusal LIMIT_EXCEEDED: aggregate admission capacity exhausted
39063	1789131083877	0	351	admit-retried	succeeded after 3 refusals
39063	1789131083877	0	351	admitted	admit=1247ms
39201	1789131084015	0	33	admit-refused	authority refusal LIMIT_EXCEEDED: aggregate admission capacity exhausted
39480	1789131084294	0	39	admit-retried	succeeded after 12 refusals
39480	1789131084294	0	39	admitted	admit=38564ms
39674	1789131084488	0	363	admitted	admit=194ms
39831	1789131084645	0	336	admit-ceiling	LIMIT_EXCEEDED: client unresolved admission ceiling
39856	1789131084670	0	354	admit-ceiling	LIMIT_EXCEEDED: client unresolved admission ceiling
40119	1789131084933	0	321	admit-ceiling	LIMIT_EXCEEDED: client unresolved admission ceiling
40203	1789131085017	0	366	admitted	admit=528ms
40256	1789131085069	0	9	admit-retried	succeeded after 12 refusals
40256	1789131085069	0	9	admitted	admit=39340ms
40283	1789131085096	0	342	admit-ceiling	LIMIT_EXCEEDED: client unresolved admission ceiling
40330	1789131085143	0	369	admitted	admit=126ms
40388	1789131085202	0	372	admitted	admit=132ms
40447	1789131085260	0	375	admitted	admit=116ms
40490	1789131085304	0	378	admitted	admit=101ms
40508	1789131085322	0	384	admit-ceiling	LIMIT_EXCEEDED: client unresolved admission ceiling
40544	1789131085358	0	381	admitted	admit=97ms
40552	1789131085366	0	252	admit-refused	authority refusal LIMIT_EXCEEDED: aggregate admission capacity exhausted
40625	1789131085439	0	360	admitted	admit=1561ms
40625	1789131085439	0	258	admit-refused	authority refusal LIMIT_EXCEEDED: aggregate admission capacity exhausted
40652	1789131085466	0	387	admit-refused	authority refusal LIMIT_EXCEEDED: aggregate admission capacity exhausted
40791	1789131085605	0	384	admit-refused	authority refusal LIMIT_EXCEEDED: aggregate admission capacity exhausted
40803	1789131085617	0	387	admit-refused	authority refusal LIMIT_EXCEEDED: aggregate admission capacity exhausted
40817	1789131085630	0	357	admit-refused	authority refusal LIMIT_EXCEEDED: aggregate admission capacity exhausted
41088	1789131085902	0	384	admit-retried	succeeded after 2 refusals
41088	1789131085902	0	384	admitted	admit=597ms
41291	1789131086105	0	393	admitted	admit=203ms
41446	1789131086260	0	357	admit-retried	succeeded after 2 refusals
41446	1789131086260	0	357	admitted	admit=3000ms
41472	1789131086285	0	354	admit-ceiling	LIMIT_EXCEEDED: client unresolved admission ceiling
41571	1789131086385	0	396	admitted	admit=278ms
41672	1789131086486	0	399	admitted	admit=225ms
41728	1789131086542	0	390	admit-refused	authority refusal LIMIT_EXCEEDED: aggregate admission capacity exhausted
41751	1789131086565	0	402	admit-refused	authority refusal LIMIT_EXCEEDED: aggregate admission capacity exhausted
41931	1789131086744	0	390	admit-retried	succeeded after 1 refusals
41931	1789131086745	0	390	admitted	admit=1305ms
42044	1789131086858	0	408	admitted	admit=112ms
42154	1789131086967	0	411	admit-refused	authority refusal LIMIT_EXCEEDED: aggregate admission capacity exhausted
42181	1789131086995	0	405	admit-refused	authority refusal LIMIT_EXCEEDED: aggregate admission capacity exhausted
42196	1789131087010	0	387	admit-refused	authority refusal LIMIT_EXCEEDED: aggregate admission capacity exhausted
42221	1789131087035	0	402	admit-refused	authority refusal LIMIT_EXCEEDED: aggregate admission capacity exhausted
42298	1789131087111	0	411	admit-refused	authority refusal LIMIT_EXCEEDED: aggregate admission capacity exhausted
42379	1789131087193	0	288	admit-refused	authority refusal LIMIT_EXCEEDED: aggregate admission capacity exhausted
42404	1789131087218	0	42	admit-refused	authority refusal LIMIT_EXCEEDED: aggregate admission capacity exhausted
42422	1789131087235	0	405	admit-refused	authority refusal LIMIT_EXCEEDED: aggregate admission capacity exhausted
42700	1789131087514	0	405	admit-retried	succeeded after 2 refusals
42700	1789131087514	0	405	admitted	admit=1027ms
42754	1789131087568	0	387	admit-refused	authority refusal LIMIT_EXCEEDED: aggregate admission capacity exhausted
42759	1789131087573	0	411	admit-retried	succeeded after 2 refusals
42759	1789131087573	0	411	admitted	admit=714ms
42770	1789131087584	0	414	admit-refused	authority refusal LIMIT_EXCEEDED: aggregate admission capacity exhausted
42862	1789131087676	0	417	admit-refused	authority refusal LIMIT_EXCEEDED: aggregate admission capacity exhausted
43041	1789131087854	0	414	admit-retried	succeeded after 1 refusals
43041	1789131087854	0	414	admitted	admit=340ms
43088	1789131087902	0	417	admit-refused	authority refusal LIMIT_EXCEEDED: aggregate admission capacity exhausted
43141	1789131087954	0	336	admit-refused	authority refusal LIMIT_EXCEEDED: aggregate admission capacity exhausted
43143	1789131087957	0	420	admitted	admit=101ms
43234	1789131088048	0	120	admit-refused	authority refusal LIMIT_EXCEEDED: aggregate admission capacity exhausted
43295	1789131088109	0	270	admit-refused	authority refusal LIMIT_EXCEEDED: aggregate admission capacity exhausted
43355	1789131088169	0	417	admit-retried	succeeded after 2 refusals
43355	1789131088169	0	417	admitted	admit=595ms
43462	1789131088276	0	426	admit-refused	authority refusal LIMIT_EXCEEDED: aggregate admission capacity exhausted
43564	1789131088377	0	426	admit-ceiling	LIMIT_EXCEEDED: client unresolved admission ceiling
43634	1789131088448	0	387	admit-retried	succeeded after 4 refusals
43634	1789131088448	0	387	admitted	admit=3088ms
43667	1789131088481	0	342	admit-refused	authority refusal LIMIT_EXCEEDED: aggregate admission capacity exhausted
43678	1789131088491	0	423	admitted	admit=533ms
43695	1789131088509	0	429	admit-refused	authority refusal LIMIT_EXCEEDED: aggregate admission capacity exhausted
43839	1789131088653	0	111	admit-ceiling	LIMIT_EXCEEDED: client unresolved admission ceiling
43861	1789131088675	0	429	admit-retried	succeeded after 1 refusals
43861	1789131088675	0	429	admitted	admit=226ms
43861	1789131088675	0	426	admit-refused	authority refusal LIMIT_EXCEEDED: aggregate admission capacity exhausted
43935	1789131088749	0	435	admit-refused	authority refusal LIMIT_EXCEEDED: aggregate admission capacity exhausted
44010	1789131088824	0	432	admitted	admit=332ms
44104	1789131088918	0	435	admit-refused	authority refusal LIMIT_EXCEEDED: aggregate admission capacity exhausted
44262	1789131089075	0	33	admit-retried	succeeded after 13 refusals
44262	1789131089075	0	33	admitted	admit=43346ms
44301	1789131089115	0	402	admit-refused	authority refusal LIMIT_EXCEEDED: aggregate admission capacity exhausted
44313	1789131089127	0	438	admitted	admit=302ms
44402	1789131089216	0	444	admit-refused	authority refusal LIMIT_EXCEEDED: aggregate admission capacity exhausted
44418	1789131089232	0	435	admit-refused	authority refusal LIMIT_EXCEEDED: aggregate admission capacity exhausted
44440	1789131089254	0	426	admit-refused	authority refusal LIMIT_EXCEEDED: aggregate admission capacity exhausted
44455	1789131089268	0	441	admit-refused	authority refusal LIMIT_EXCEEDED: aggregate admission capacity exhausted
44574	1789131089387	0	444	admit-retried	succeeded after 1 refusals
44574	1789131089387	0	444	admitted	admit=259ms
44607	1789131089421	0	441	admit-refused	authority refusal LIMIT_EXCEEDED: aggregate admission capacity exhausted
44639	1789131089453	0	447	admit-refused	authority refusal LIMIT_EXCEEDED: aggregate admission capacity exhausted
44774	1789131089587	0	354	admit-retried	succeeded after 6 refusals
44774	1789131089587	0	354	admitted	admit=6914ms
44779	1789131089593	0	447	admit-refused	authority refusal LIMIT_EXCEEDED: aggregate admission capacity exhausted
44785	1789131089599	0	402	admit-refused	authority refusal LIMIT_EXCEEDED: aggregate admission capacity exhausted
44850	1789131089664	0	450	admit-refused	authority refusal LIMIT_EXCEEDED: aggregate admission capacity exhausted
44866	1789131089679	0	441	admit-refused	authority refusal LIMIT_EXCEEDED: aggregate admission capacity exhausted
44885	1789131089699	0	435	admit-refused	authority refusal LIMIT_EXCEEDED: aggregate admission capacity exhausted
45080	1789131089893	0	450	admit-retried	succeeded after 1 refusals
45080	1789131089893	0	450	admitted	admit=305ms
45172	1789131089985	0	453	admitted	admit=91ms
45223	1789131090037	0	321	admit-retried	succeeded after 7 refusals
45223	1789131090037	0	321	admitted	admit=12100ms
45267	1789131090081	0	441	admit-ceiling	LIMIT_EXCEEDED: client unresolved admission ceiling
45311	1789131090125	0	426	admit-refused	authority refusal LIMIT_EXCEEDED: aggregate admission capacity exhausted
45327	1789131090140	0	459	admit-refused	authority refusal LIMIT_EXCEEDED: aggregate admission capacity exhausted
45487	1789131090300	0	447	admit-retried	succeeded after 2 refusals
45487	1789131090300	0	447	admitted	admit=912ms
45538	1789131090352	0	459	admit-refused	authority refusal LIMIT_EXCEEDED: aggregate admission capacity exhausted
45559	1789131090373	0	462	admit-refused	authority refusal LIMIT_EXCEEDED: aggregate admission capacity exhausted
45629	1789131090443	0	252	admit-retried	succeeded after 9 refusals
45629	1789131090443	0	252	admitted	admit=22756ms
45636	1789131090449	0	402	admit-refused	authority refusal LIMIT_EXCEEDED: aggregate admission capacity exhausted
45686	1789131090500	0	435	admit-ceiling	LIMIT_EXCEEDED: client unresolved admission ceiling
45704	1789131090518	0	456	admit-refused	authority refusal LIMIT_EXCEEDED: aggregate admission capacity exhausted
45723	1789131090537	0	258	admit-refused	authority refusal LIMIT_EXCEEDED: aggregate admission capacity exhausted
45735	1789131090549	0	465	admit-refused	authority refusal LIMIT_EXCEEDED: aggregate admission capacity exhausted
45755	1789131090569	0	462	admit-refused	authority refusal LIMIT_EXCEEDED: aggregate admission capacity exhausted
45806	1789131090620	0	459	admit-refused	authority refusal LIMIT_EXCEEDED: aggregate admission capacity exhausted
45873	1789131090687	0	456	admit-refused	authority refusal LIMIT_EXCEEDED: aggregate admission capacity exhausted
46177	1789131090991	0	441	admit-refused	authority refusal LIMIT_EXCEEDED: aggregate admission capacity exhausted
46283	1789131091096	0	459	admit-retried	succeeded after 3 refusals
46283	1789131091096	0	459	admitted	admit=1059ms
46333	1789131091147	0	456	admit-refused	authority refusal LIMIT_EXCEEDED: aggregate admission capacity exhausted
46353	1789131091167	0	462	admit-refused	authority refusal LIMIT_EXCEEDED: aggregate admission capacity exhausted
46371	1789131091185	0	468	admit-refused	authority refusal LIMIT_EXCEEDED: aggregate admission capacity exhausted
46562	1789131091376	0	465	admit-retried	succeeded after 1 refusals
46562	1789131091376	0	465	admitted	admit=931ms
46609	1789131091423	0	468	admit-retried	succeeded after 1 refusals
46609	1789131091423	0	468	admitted	admit=326ms
46676	1789131091489	0	474	admit-refused	authority refusal LIMIT_EXCEEDED: aggregate admission capacity exhausted
46704	1789131091518	0	471	admit-refused	authority refusal LIMIT_EXCEEDED: aggregate admission capacity exhausted
46817	1789131091631	0	456	admit-retried	succeeded after 3 refusals
46817	1789131091631	0	456	admitted	admit=1644ms
46825	1789131091639	0	474	admit-refused	authority refusal LIMIT_EXCEEDED: aggregate admission capacity exhausted
46865	1789131091679	0	471	admit-refused	authority refusal LIMIT_EXCEEDED: aggregate admission capacity exhausted
46868	1789131091682	0	462	admit-refused	authority refusal LIMIT_EXCEEDED: aggregate admission capacity exhausted
46884	1789131091698	0	477	admit-refused	authority refusal LIMIT_EXCEEDED: aggregate admission capacity exhausted
46996	1789131091810	0	426	admit-retried	succeeded after 5 refusals
46996	1789131091810	0	426	admitted	admit=3640ms
47078	1789131091892	0	480	admit-refused	authority refusal LIMIT_EXCEEDED: aggregate admission capacity exhausted
47126	1789131091940	0	477	admit-refused	authority refusal LIMIT_EXCEEDED: aggregate admission capacity exhausted
47133	1789131091946	0	471	admit-refused	authority refusal LIMIT_EXCEEDED: aggregate admission capacity exhausted
47326	1789131092140	0	435	admit-refused	authority refusal LIMIT_EXCEEDED: aggregate admission capacity exhausted
47329	1789131092143	0	474	admit-refused	authority refusal LIMIT_EXCEEDED: aggregate admission capacity exhausted
47331	1789131092144	0	402	admit-retried	succeeded after 5 refusals
47331	1789131092144	0	402	admitted	admit=5759ms
47406	1789131092219	0	42	admit-ceiling	LIMIT_EXCEEDED: client unresolved admission ceiling
47441	1789131092255	0	477	admit-refused	authority refusal LIMIT_EXCEEDED: aggregate admission capacity exhausted
47457	1789131092271	0	483	admit-refused	authority refusal LIMIT_EXCEEDED: aggregate admission capacity exhausted
47519	1789131092333	0	288	admit-refused	authority refusal LIMIT_EXCEEDED: aggregate admission capacity exhausted
47629	1789131092443	0	471	admit-retried	succeeded after 3 refusals
47629	1789131092443	0	471	admitted	admit=1066ms
47630	1789131092443	0	483	admit-refused	authority refusal LIMIT_EXCEEDED: aggregate admission capacity exhausted
47713	1789131092527	0	486	admitted	admit=84ms
47778	1789131092592	0	441	admit-ceiling	LIMIT_EXCEEDED: client unresolved admission ceiling
47784	1789131092598	0	489	admit-refused	authority refusal LIMIT_EXCEEDED: aggregate admission capacity exhausted
47797	1789131092611	0	474	admit-refused	authority refusal LIMIT_EXCEEDED: aggregate admission capacity exhausted
47899	1789131092712	0	480	admit-retried	succeeded after 1 refusals
47899	1789131092712	0	480	admitted	admit=901ms
47905	1789131092718	0	477	admit-refused	authority refusal LIMIT_EXCEEDED: aggregate admission capacity exhausted
47935	1789131092749	0	483	admit-refused	authority refusal LIMIT_EXCEEDED: aggregate admission capacity exhausted
48060	1789131092873	0	462	admit-retried	succeeded after 4 refusals
48060	1789131092873	0	462	admitted	admit=2572ms
48135	1789131092948	0	492	admit-refused	authority refusal LIMIT_EXCEEDED: aggregate admission capacity exhausted
48222	1789131093036	0	336	admit-retried	succeeded after 7 refusals
48222	1789131093036	0	336	admitted	admit=13353ms
48240	1789131093054	0	492	admit-ceiling	LIMIT_EXCEEDED: client unresolved admission ceiling
48297	1789131093111	0	270	admit-ceiling	LIMIT_EXCEEDED: client unresolved admission ceiling
48336	1789131093150	0	483	admit-ceiling	LIMIT_EXCEEDED: client unresolved admission ceiling
48402	1789131093216	0	120	admit-refused	authority refusal LIMIT_EXCEEDED: aggregate admission capacity exhausted
48541	1789131093354	0	492	admit-refused	authority refusal LIMIT_EXCEEDED: aggregate admission capacity exhausted
48670	1789131093483	0	342	admit-ceiling	LIMIT_EXCEEDED: client unresolved admission ceiling
48710	1789131093523	0	474	admit-retried	succeeded after 4 refusals
48710	1789131093523	0	474	admitted	admit=2100ms
48731	1789131093545	0	501	admit-ceiling	LIMIT_EXCEEDED: client unresolved admission ceiling
48768	1789131093581	0	477	admit-retried	succeeded after 4 refusals
48768	1789131093581	0	477	admitted	admit=1950ms
48834	1789131093647	0	501	admit-ceiling	LIMIT_EXCEEDED: client unresolved admission ceiling
48841	1789131093655	0	111	admit-ceiling	LIMIT_EXCEEDED: client unresolved admission ceiling
48877	1789131093691	0	504	admit-refused	authority refusal LIMIT_EXCEEDED: aggregate admission capacity exhausted
48979	1789131093793	0	504	admit-ceiling	LIMIT_EXCEEDED: client unresolved admission ceiling
49035	1789131093849	0	501	admit-ceiling	LIMIT_EXCEEDED: client unresolved admission ceiling
49139	1789131093952	0	483	admit-ceiling	LIMIT_EXCEEDED: client unresolved admission ceiling
49182	1789131093996	0	504	admit-ceiling	LIMIT_EXCEEDED: client unresolved admission ceiling
49233	1789131094047	0	492	admit-retried	succeeded after 3 refusals
49233	1789131094047	0	492	admitted	admit=1333ms
49275	1789131094089	0	495	admitted	admit=1215ms
49306	1789131094120	0	489	admit-retried	succeeded after 1 refusals
49306	1789131094120	0	489	admitted	admit=1592ms
49325	1789131094139	0	507	admitted	admit=91ms
49340	1789131094154	0	510	admit-refused	authority refusal LIMIT_EXCEEDED: aggregate admission capacity exhausted
49393	1789131094207	0	513	admit-refused	authority refusal LIMIT_EXCEEDED: aggregate admission capacity exhausted
49404	1789131094217	0	516	admit-refused	authority refusal LIMIT_EXCEEDED: aggregate admission capacity exhausted
49505	1789131094319	0	516	admit-ceiling	LIMIT_EXCEEDED: client unresolved admission ceiling
49549	1789131094362	0	498	admitted	admit=1326ms
49560	1789131094373	0	513	admit-refused	authority refusal LIMIT_EXCEEDED: aggregate admission capacity exhausted
49680	1789131094494	0	519	admit-refused	authority refusal LIMIT_EXCEEDED: aggregate admission capacity exhausted
49762	1789131094576	0	513	admit-ceiling	LIMIT_EXCEEDED: client unresolved admission ceiling
49790	1789131094604	0	504	admit-retried	succeeded after 3 refusals
49790	1789131094604	0	504	admitted	admit=1022ms
49811	1789131094625	0	522	admit-ceiling	LIMIT_EXCEEDED: client unresolved admission ceiling
49849	1789131094663	0	519	admit-retried	succeeded after 1 refusals
49849	1789131094663	0	519	admitted	admit=300ms
49876	1789131094689	0	516	admit-refused	authority refusal LIMIT_EXCEEDED: aggregate admission capacity exhausted
49985	1789131094799	0	522	admit-retried	succeeded after 1 refusals
49985	1789131094799	0	522	admitted	admit=194ms
50031	1789131094845	0	525	admitted	admit=181ms
50063	1789131094876	0	528	admit-refused	authority refusal LIMIT_EXCEEDED: aggregate admission capacity exhausted
50115	1789131094929	0	501	admit-refused	authority refusal LIMIT_EXCEEDED: aggregate admission capacity exhausted
50224	1789131095038	0	531	admit-refused	authority refusal LIMIT_EXCEEDED: aggregate admission capacity exhausted
50238	1789131095051	0	528	admit-refused	authority refusal LIMIT_EXCEEDED: aggregate admission capacity exhausted
50262	1789131095076	0	513	admit-refused	authority refusal LIMIT_EXCEEDED: aggregate admission capacity exhausted
50310	1789131095124	0	516	admit-refused	authority refusal LIMIT_EXCEEDED: aggregate admission capacity exhausted
50380	1789131095194	0	531	admit-refused	authority refusal LIMIT_EXCEEDED: aggregate admission capacity exhausted
50469	1789131095283	0	528	admit-refused	authority refusal LIMIT_EXCEEDED: aggregate admission capacity exhausted
50517	1789131095331	0	510	admit-refused	authority refusal LIMIT_EXCEEDED: aggregate admission capacity exhausted
50627	1789131095441	0	531	admit-refused	authority refusal LIMIT_EXCEEDED: aggregate admission capacity exhausted
50805	1789131095619	0	510	admit-retried	succeeded after 2 refusals
50805	1789131095619	0	510	admitted	admit=1529ms
50806	1789131095620	0	258	admit-refused	authority refusal LIMIT_EXCEEDED: aggregate admission capacity exhausted
50826	1789131095640	0	483	admit-refused	authority refusal LIMIT_EXCEEDED: aggregate admission capacity exhausted
50869	1789131095683	0	534	admit-refused	authority refusal LIMIT_EXCEEDED: aggregate admission capacity exhausted
50980	1789131095794	0	441	admit-ceiling	LIMIT_EXCEEDED: client unresolved admission ceiling
51002	1789131095816	0	501	admit-retried	succeeded after 4 refusals
51002	1789131095816	0	501	admitted	admit=2291ms
51034	1789131095847	0	534	admit-retried	succeeded after 1 refusals
51034	1789131095847	0	534	admitted	admit=227ms
51055	1789131095869	0	540	admit-ceiling	LIMIT_EXCEEDED: client unresolved admission ceiling
51064	1789131095878	0	513	admit-ceiling	LIMIT_EXCEEDED: client unresolved admission ceiling
51081	1789131095895	0	537	admit-refused	authority refusal LIMIT_EXCEEDED: aggregate admission capacity exhausted
51097	1789131095911	0	531	admit-refused	authority refusal LIMIT_EXCEEDED: aggregate admission capacity exhausted
51116	1789131095930	0	528	admit-refused	authority refusal LIMIT_EXCEEDED: aggregate admission capacity exhausted
51148	1789131095962	0	516	admit-refused	authority refusal LIMIT_EXCEEDED: aggregate admission capacity exhausted
51205	1789131096019	0	540	admit-refused	authority refusal LIMIT_EXCEEDED: aggregate admission capacity exhausted
51218	1789131096031	0	537	admit-refused	authority refusal LIMIT_EXCEEDED: aggregate admission capacity exhausted
51428	1789131096242	0	435	admit-retried	succeeded after 6 refusals
51428	1789131096242	0	435	admitted	admit=7566ms
51524	1789131096338	0	540	admit-retried	succeeded after 2 refusals
51524	1789131096338	0	540	admitted	admit=490ms
51590	1789131096403	0	537	admit-refused	authority refusal LIMIT_EXCEEDED: aggregate admission capacity exhausted
51601	1789131096415	0	546	admit-refused	authority refusal LIMIT_EXCEEDED: aggregate admission capacity exhausted
51616	1789131096430	0	543	admit-refused	authority refusal LIMIT_EXCEEDED: aggregate admission capacity exhausted
51782	1789131096596	0	546	admit-retried	succeeded after 1 refusals
51782	1789131096596	0	546	admitted	admit=257ms
51791	1789131096605	0	543	admit-refused	authority refusal LIMIT_EXCEEDED: aggregate admission capacity exhausted
51862	1789131096676	0	549	admit-refused	authority refusal LIMIT_EXCEEDED: aggregate admission capacity exhausted
51977	1789131096790	0	531	admit-retried	succeeded after 4 refusals
51977	1789131096791	0	531	admitted	admit=1945ms
51998	1789131096812	0	543	admit-ceiling	LIMIT_EXCEEDED: client unresolved admission ceiling
52009	1789131096823	0	528	admit-refused	authority refusal LIMIT_EXCEEDED: aggregate admission capacity exhausted
52037	1789131096851	0	549	admit-refused	authority refusal LIMIT_EXCEEDED: aggregate admission capacity exhausted
52072	1789131096886	0	537	admit-refused	authority refusal LIMIT_EXCEEDED: aggregate admission capacity exhausted
52121	1789131096935	0	552	admit-refused	authority refusal LIMIT_EXCEEDED: aggregate admission capacity exhausted
52297	1789131097111	0	552	admit-retried	succeeded after 1 refusals
52297	1789131097111	0	552	admitted	admit=319ms
52404	1789131097218	0	555	admitted	admit=107ms
52504	1789131097317	0	543	admit-retried	succeeded after 3 refusals
52504	1789131097317	0	543	admitted	admit=1075ms
52505	1789131097319	0	42	admit-refused	authority refusal LIMIT_EXCEEDED: aggregate admission capacity exhausted
52533	1789131097347	0	558	admit-refused	authority refusal LIMIT_EXCEEDED: aggregate admission capacity exhausted
52564	1789131097378	0	561	admit-refused	authority refusal LIMIT_EXCEEDED: aggregate admission capacity exhausted
52579	1789131097393	0	288	admit-refused	authority refusal LIMIT_EXCEEDED: aggregate admission capacity exhausted
52613	1789131097427	0	549	admit-refused	authority refusal LIMIT_EXCEEDED: aggregate admission capacity exhausted
52736	1789131097550	0	513	admit-refused	authority refusal LIMIT_EXCEEDED: aggregate admission capacity exhausted
52756	1789131097570	0	558	admit-refused	authority refusal LIMIT_EXCEEDED: aggregate admission capacity exhausted
52804	1789131097617	0	516	admit-refused	authority refusal LIMIT_EXCEEDED: aggregate admission capacity exhausted
52824	1789131097638	0	561	admit-refused	authority refusal LIMIT_EXCEEDED: aggregate admission capacity exhausted
52924	1789131097738	0	537	admit-refused	authority refusal LIMIT_EXCEEDED: aggregate admission capacity exhausted
53204	1789131098018	0	561	admit-retried	succeeded after 2 refusals
53204	1789131098018	0	561	admitted	admit=700ms
53244	1789131098058	0	549	admit-retried	succeeded after 3 refusals
53244	1789131098058	0	549	admitted	admit=1461ms
53412	1789131098225	0	567	admitted	admit=167ms
53429	1789131098243	0	570	admit-ceiling	LIMIT_EXCEEDED: client unresolved admission ceiling
53458	1789131098272	0	120	admit-refused	authority refusal LIMIT_EXCEEDED: aggregate admission capacity exhausted
53515	1789131098329	0	270	admit-refused	authority refusal LIMIT_EXCEEDED: aggregate admission capacity exhausted
53672	1789131098485	0	342	admit-ceiling	LIMIT_EXCEEDED: client unresolved admission ceiling
53734	1789131098548	0	528	admit-retried	succeeded after 5 refusals
53734	1789131098548	0	528	admitted	admit=3748ms
53782	1789131098596	0	573	admit-refused	authority refusal LIMIT_EXCEEDED: aggregate admission capacity exhausted
53784	1789131098598	0	570	admit-retried	succeeded after 1 refusals
53784	1789131098598	0	570	admitted	admit=372ms
53884	1789131098698	0	573	admit-ceiling	LIMIT_EXCEEDED: client unresolved admission ceiling
53930	1789131098744	0	111	admit-retried	succeeded after 14 refusals
53930	1789131098744	0	111	admitted	admit=48010ms
53931	1789131098745	0	576	admit-refused	authority refusal LIMIT_EXCEEDED: aggregate admission capacity exhausted
53959	1789131098773	0	558	admit-refused	authority refusal LIMIT_EXCEEDED: aggregate admission capacity exhausted
53979	1789131098793	0	579	admit-refused	authority refusal LIMIT_EXCEEDED: aggregate admission capacity exhausted
54085	1789131098899	0	573	admit-ceiling	LIMIT_EXCEEDED: client unresolved admission ceiling
54112	1789131098926	0	483	admit-retried	succeeded after 6 refusals
54112	1789131098926	0	483	admitted	admit=6780ms
54127	1789131098941	0	576	admit-refused	authority refusal LIMIT_EXCEEDED: aggregate admission capacity exhausted
54143	1789131098957	0	579	admit-refused	authority refusal LIMIT_EXCEEDED: aggregate admission capacity exhausted
54162	1789131098976	0	582	admit-refused	authority refusal LIMIT_EXCEEDED: aggregate admission capacity exhausted
54294	1789131099108	0	564	admitted	admit=1089ms
54330	1789131099144	0	582	admit-retried	succeeded after 1 refusals
54330	1789131099144	0	582	admitted	admit=218ms
54361	1789131099175	0	558	admit-ceiling	LIMIT_EXCEEDED: client unresolved admission ceiling
54391	1789131099204	0	585	admit-refused	authority refusal LIMIT_EXCEEDED: aggregate admission capacity exhausted
54421	1789131099235	0	588	admit-refused	authority refusal LIMIT_EXCEEDED: aggregate admission capacity exhausted
54439	1789131099252	0	579	admit-refused	authority refusal LIMIT_EXCEEDED: aggregate admission capacity exhausted
54526	1789131099340	0	537	admit-ceiling	LIMIT_EXCEEDED: client unresolved admission ceiling
54564	1789131099378	0	573	admit-retried	succeeded after 3 refusals
54564	1789131099378	0	573	admitted	admit=829ms
54565	1789131099379	0	585	admit-refused	authority refusal LIMIT_EXCEEDED: aggregate admission capacity exhausted
54590	1789131099404	0	588	admit-refused	authority refusal LIMIT_EXCEEDED: aggregate admission capacity exhausted
54609	1789131099423	0	591	admit-refused	authority refusal LIMIT_EXCEEDED: aggregate admission capacity exhausted
54773	1789131099587	0	591	admit-refused	authority refusal LIMIT_EXCEEDED: aggregate admission capacity exhausted
54847	1789131099661	0	576	admit-retried	succeeded after 2 refusals
54847	1789131099661	0	576	admitted	admit=1062ms
54878	1789131099692	0	585	admit-retried	succeeded after 2 refusals
54878	1789131099692	0	585	admitted	admit=583ms
54916	1789131099730	0	588	admit-refused	authority refusal LIMIT_EXCEEDED: aggregate admission capacity exhausted
54943	1789131099757	0	594	admit-refused	authority refusal LIMIT_EXCEEDED: aggregate admission capacity exhausted
55051	1789131099865	0	591	admit-refused	authority refusal LIMIT_EXCEEDED: aggregate admission capacity exhausted
55064	1789131099877	0	597	admit-refused	authority refusal LIMIT_EXCEEDED: aggregate admission capacity exhausted
55139	1789131099952	0	594	admit-retried	succeeded after 1 refusals
55139	1789131099952	0	594	admitted	admit=290ms
55283	1789131100096	0	600	admit-refused	authority refusal LIMIT_EXCEEDED: aggregate admission capacity exhausted
55380	1789131100194	0	588	admit-retried	succeeded after 3 refusals
55380	1789131100194	0	588	admitted	admit=1049ms
55387	1789131100200	0	597	admit-refused	authority refusal LIMIT_EXCEEDED: aggregate admission capacity exhausted
55453	1789131100267	0	591	admit-ceiling	LIMIT_EXCEEDED: client unresolved admission ceiling
55579	1789131100392	0	603	admitted	admit=197ms
55580	1789131100393	0	558	admit-refused	authority refusal LIMIT_EXCEEDED: aggregate admission capacity exhausted
55659	1789131100472	0	597	admit-refused	authority refusal LIMIT_EXCEEDED: aggregate admission capacity exhausted
55671	1789131100485	0	606	admit-refused	authority refusal LIMIT_EXCEEDED: aggregate admission capacity exhausted
55896	1789131100709	0	600	admit-retried	succeeded after 1 refusals
55896	1789131100709	0	600	admitted	admit=756ms
55908	1789131100721	0	258	admit-refused	authority refusal LIMIT_EXCEEDED: aggregate admission capacity exhausted
55982	1789131100796	0	441	admit-ceiling	LIMIT_EXCEEDED: client unresolved admission ceiling
56005	1789131100819	0	516	admit-ceiling	LIMIT_EXCEEDED: client unresolved admission ceiling
56045	1789131100859	0	609	admitted	admit=149ms
56067	1789131100881	0	597	admit-ceiling	LIMIT_EXCEEDED: client unresolved admission ceiling
56101	1789131100914	0	513	admit-refused	authority refusal LIMIT_EXCEEDED: aggregate admission capacity exhausted
56119	1789131100933	0	612	admit-refused	authority refusal LIMIT_EXCEEDED: aggregate admission capacity exhausted
56339	1789131101153	0	606	admit-refused	authority refusal LIMIT_EXCEEDED: aggregate admission capacity exhausted
56380	1789131101194	0	612	admit-refused	authority refusal LIMIT_EXCEEDED: aggregate admission capacity exhausted
56429	1789131101243	0	591	admit-retried	succeeded after 4 refusals
56429	1789131101243	0	591	admitted	admit=1864ms
56533	1789131101347	0	579	admit-refused	authority refusal LIMIT_EXCEEDED: aggregate admission capacity exhausted
56574	1789131101388	0	615	admit-refused	authority refusal LIMIT_EXCEEDED: aggregate admission capacity exhausted
56597	1789131101411	0	606	admit-refused	authority refusal LIMIT_EXCEEDED: aggregate admission capacity exhausted
56617	1789131101431	0	612	admit-refused	authority refusal LIMIT_EXCEEDED: aggregate admission capacity exhausted
56743	1789131101557	0	615	admit-retried	succeeded after 1 refusals
56743	1789131101557	0	615	admitted	admit=313ms
57064	1789131101878	0	606	admit-retried	succeeded after 3 refusals
57064	1789131101878	0	606	admitted	admit=1485ms
57178	1789131101991	0	621	admitted	admit=113ms
57190	1789131102004	0	558	admit-ceiling	LIMIT_EXCEEDED: client unresolved admission ceiling
57226	1789131102039	0	612	admit-retried	succeeded after 3 refusals
57226	1789131102039	0	612	admitted	admit=1180ms
57244	1789131102058	0	624	admit-refused	authority refusal LIMIT_EXCEEDED: aggregate admission capacity exhausted
57248	1789131102062	0	618	admit-refused	authority refusal LIMIT_EXCEEDED: aggregate admission capacity exhausted
57280	1789131102094	0	627	admit-refused	authority refusal LIMIT_EXCEEDED: aggregate admission capacity exhausted
57382	1789131102196	0	627	admit-ceiling	LIMIT_EXCEEDED: client unresolved admission ceiling
57457	1789131102270	0	597	admit-retried	succeeded after 4 refusals
57457	1789131102270	0	597	admitted	admit=2578ms
57478	1789131102292	0	579	admit-refused	authority refusal LIMIT_EXCEEDED: aggregate admission capacity exhausted
57497	1789131102311	0	618	admit-refused	authority refusal LIMIT_EXCEEDED: aggregate admission capacity exhausted
57529	1789131102343	0	630	admit-refused	authority refusal LIMIT_EXCEEDED: aggregate admission capacity exhausted
57545	1789131102359	0	42	admit-refused	authority refusal LIMIT_EXCEEDED: aggregate admission capacity exhausted
57662	1789131102476	0	627	admit-refused	authority refusal LIMIT_EXCEEDED: aggregate admission capacity exhausted
57676	1789131102490	0	630	admit-refused	authority refusal LIMIT_EXCEEDED: aggregate admission capacity exhausted
57728	1789131102542	0	288	admit-refused	authority refusal LIMIT_EXCEEDED: aggregate admission capacity exhausted
57783	1789131102596	0	618	admit-retried	succeeded after 2 refusals
57783	1789131102596	0	618	admitted	admit=1039ms
57916	1789131102730	0	630	admit-refused	authority refusal LIMIT_EXCEEDED: aggregate admission capacity exhausted
57924	1789131102738	0	537	admit-refused	authority refusal LIMIT_EXCEEDED: aggregate admission capacity exhausted
57945	1789131102759	0	633	admit-refused	authority refusal LIMIT_EXCEEDED: aggregate admission capacity exhausted
58129	1789131102943	0	633	admit-retried	succeeded after 1 refusals
58129	1789131102943	0	633	admitted	admit=346ms
58204	1789131103018	0	636	admitted	admit=74ms
58249	1789131103063	0	624	admit-refused	authority refusal LIMIT_EXCEEDED: aggregate admission capacity exhausted
58367	1789131103181	0	639	admit-refused	authority refusal LIMIT_EXCEEDED: aggregate admission capacity exhausted
58383	1789131103196	0	630	admit-refused	authority refusal LIMIT_EXCEEDED: aggregate admission capacity exhausted
58517	1789131103331	0	270	admit-ceiling	LIMIT_EXCEEDED: client unresolved admission ceiling
58559	1789131103373	0	624	admit-retried	succeeded after 2 refusals
58559	1789131103373	0	624	admitted	admit=1381ms
58663	1789131103477	0	642	admitted	admit=103ms
58682	1789131103496	0	342	admit-ceiling	LIMIT_EXCEEDED: client unresolved admission ceiling
58733	1789131103546	0	120	admit-retried	succeeded after 14 refusals
58733	1789131103546	0	120	admitted	admit=52002ms
58799	1789131103612	0	648	admit-refused	authority refusal LIMIT_EXCEEDED: aggregate admission capacity exhausted
58874	1789131103687	0	645	admitted	admit=210ms
58972	1789131103785	0	651	admit-refused	authority refusal LIMIT_EXCEEDED: aggregate admission capacity exhausted
59076	1789131103890	0	639	admit-retried	succeeded after 1 refusals
59076	1789131103890	0	639	admitted	admit=871ms
59086	1789131103899	0	579	admit-ceiling	LIMIT_EXCEEDED: client unresolved admission ceiling
59162	1789131103976	0	651	admit-retried	succeeded after 1 refusals
59162	1789131103976	0	651	admitted	admit=287ms
59186	1789131103999	0	630	admit-ceiling	LIMIT_EXCEEDED: client unresolved admission ceiling
59190	1789131104004	0	654	admit-refused	authority refusal LIMIT_EXCEEDED: aggregate admission capacity exhausted
59333	1789131104147	0	648	admit-retried	succeeded after 1 refusals
59333	1789131104147	0	648	admitted	admit=600ms
59335	1789131104148	0	657	admit-refused	authority refusal LIMIT_EXCEEDED: aggregate admission capacity exhausted
59353	1789131104167	0	654	admit-refused	authority refusal LIMIT_EXCEEDED: aggregate admission capacity exhausted
59404	1789131104218	0	660	admit-refused	authority refusal LIMIT_EXCEEDED: aggregate admission capacity exhausted
59515	1789131104328	0	657	admit-retried	succeeded after 1 refusals
59515	1789131104328	0	657	admitted	admit=352ms
59554	1789131104368	0	627	admit-refused	authority refusal LIMIT_EXCEEDED: aggregate admission capacity exhausted
59626	1789131104440	0	660	admit-retried	succeeded after 1 refusals
59626	1789131104440	0	660	admitted	admit=292ms
59850	1789131104664	0	663	admitted	admit=335ms
59953	1789131104766	0	669	admitted	admit=101ms
60040	1789131104853	0	672	admitted	admit=86ms
60348	1789131105162	0	675	admitted	admit=308ms
60391	1789131105205	0	558	admit-ceiling	LIMIT_EXCEEDED: client unresolved admission ceiling
60447	1789131105261	0	678	admitted	admit=98ms
60787	1789131105601	0	630	admit-ceiling	LIMIT_EXCEEDED: client unresolved admission ceiling
60910	1789131105723	0	258	admit-ceiling	LIMIT_EXCEEDED: client unresolved admission ceiling
60950	1789131105764	0	654	admit-retried	succeeded after 2 refusals
60950	1789131105764	0	654	admitted	admit=1874ms
60981	1789131105795	0	627	admit-retried	succeeded after 4 refusals
60981	1789131105795	0	627	admitted	admit=3755ms
61005	1789131105818	0	441	admit-ceiling	LIMIT_EXCEEDED: client unresolved admission ceiling
61007	1789131105821	0	516	admit-ceiling	LIMIT_EXCEEDED: client unresolved admission ceiling
61044	1789131105858	0	684	admitted	admit=93ms
61102	1789131105916	0	513	admit-ceiling	LIMIT_EXCEEDED: client unresolved admission ceiling
61146	1789131105960	0	666	admitted	admit=1519ms
61257	1789131106071	0	693	admitted	admit=111ms
61456	1789131106270	0	681	admitted	admit=1008ms
61551	1789131106365	0	699	admitted	admit=95ms
61612	1789131106425	0	687	admitted	admit=630ms
61645	1789131106459	0	702	admitted	admit=93ms
61689	1789131106502	0	705	admit-refused	authority refusal LIMIT_EXCEEDED: aggregate admission capacity exhausted
61693	1789131106507	0	696	admitted	admit=435ms
61752	1789131106565	0	708	admit-refused	authority refusal LIMIT_EXCEEDED: aggregate admission capacity exhausted
61770	1789131106584	0	711	admit-refused	authority refusal LIMIT_EXCEEDED: aggregate admission capacity exhausted
61907	1789131106720	0	705	admit-refused	authority refusal LIMIT_EXCEEDED: aggregate admission capacity exhausted
61984	1789131106798	0	711	admit-refused	authority refusal LIMIT_EXCEEDED: aggregate admission capacity exhausted
62015	1789131106828	0	708	admit-refused	authority refusal LIMIT_EXCEEDED: aggregate admission capacity exhausted
62185	1789131106999	0	705	admit-retried	succeeded after 2 refusals
62185	1789131106999	0	705	admitted	admit=573ms
62249	1789131107062	0	690	admit-refused	authority refusal LIMIT_EXCEEDED: aggregate admission capacity exhausted
62337	1789131107150	0	708	admit-refused	authority refusal LIMIT_EXCEEDED: aggregate admission capacity exhausted
62357	1789131107171	0	579	admit-refused	authority refusal LIMIT_EXCEEDED: aggregate admission capacity exhausted
62413	1789131107227	0	690	admit-refused	authority refusal LIMIT_EXCEEDED: aggregate admission capacity exhausted
62448	1789131107261	0	714	admit-refused	authority refusal LIMIT_EXCEEDED: aggregate admission capacity exhausted
62660	1789131107474	0	714	admit-retried	succeeded after 1 refusals
62660	1789131107474	0	714	admitted	admit=474ms
62716	1789131107530	0	690	admit-refused	authority refusal LIMIT_EXCEEDED: aggregate admission capacity exhausted
62738	1789131107551	0	708	admit-ceiling	LIMIT_EXCEEDED: client unresolved admission ceiling
62746	1789131107560	0	717	admit-refused	authority refusal LIMIT_EXCEEDED: aggregate admission capacity exhausted
62790	1789131107603	0	711	admit-refused	authority refusal LIMIT_EXCEEDED: aggregate admission capacity exhausted
62897	1789131107711	0	717	admit-refused	authority refusal LIMIT_EXCEEDED: aggregate admission capacity exhausted
63098	1789131107912	0	537	admit-retried	succeeded after 7 refusals
63098	1789131107912	0	537	admitted	admit=12095ms
63118	1789131107932	0	690	admit-ceiling	LIMIT_EXCEEDED: client unresolved admission ceiling
63191	1789131108004	0	717	admit-retried	succeeded after 2 refusals
63191	1789131108004	0	717	admitted	admit=530ms
63199	1789131108013	0	720	admit-refused	authority refusal LIMIT_EXCEEDED: aggregate admission capacity exhausted
63269	1789131108083	0	723	admit-refused	authority refusal LIMIT_EXCEEDED: aggregate admission capacity exhausted
63276	1789131108090	0	711	admit-refused	authority refusal LIMIT_EXCEEDED: aggregate admission capacity exhausted
63351	1789131108165	0	720	admit-refused	authority refusal LIMIT_EXCEEDED: aggregate admission capacity exhausted
63539	1789131108353	0	708	admit-ceiling	LIMIT_EXCEEDED: client unresolved admission ceiling
63553	1789131108367	0	720	admit-ceiling	LIMIT_EXCEEDED: client unresolved admission ceiling
63667	1789131108480	0	42	admit-retried	succeeded after 16 refusals
63667	1789131108480	0	42	admitted	admit=62751ms
63684	1789131108498	0	342	admit-ceiling	LIMIT_EXCEEDED: client unresolved admission ceiling
63719	1789131108533	0	270	admit-retried	succeeded after 12 refusals
63719	1789131108533	0	270	admitted	admit=39091ms
63813	1789131108626	0	729	admitted	admit=93ms
63927	1789131108740	0	288	admit-retried	succeeded after 11 refusals
63927	1789131108740	0	288	admitted	admit=34823ms
63968	1789131108782	0	732	admitted	admit=154ms
63969	1789131108782	0	720	admit-ceiling	LIMIT_EXCEEDED: client unresolved admission ceiling
63980	1789131108794	0	690	admit-refused	authority refusal LIMIT_EXCEEDED: aggregate admission capacity exhausted
63989	1789131108803	0	630	admit-ceiling	LIMIT_EXCEEDED: client unresolved admission ceiling
64036	1789131108850	0	738	admit-refused	authority refusal LIMIT_EXCEEDED: aggregate admission capacity exhausted
64064	1789131108878	0	735	admit-refused	authority refusal LIMIT_EXCEEDED: aggregate admission capacity exhausted
64166	1789131108980	0	735	admit-ceiling	LIMIT_EXCEEDED: client unresolved admission ceiling
64191	1789131109004	0	738	admit-refused	authority refusal LIMIT_EXCEEDED: aggregate admission capacity exhausted
64392	1789131109206	0	738	admit-ceiling	LIMIT_EXCEEDED: client unresolved admission ceiling
64455	1789131109269	0	735	admit-retried	succeeded after 2 refusals
64455	1789131109269	0	735	admitted	admit=527ms
64543	1789131109357	0	741	admitted	admit=88ms
64631	1789131109444	0	744	admitted	admit=87ms
64664	1789131109478	0	726	admit-refused	authority refusal LIMIT_EXCEEDED: aggregate admission capacity exhausted
64693	1789131109507	0	747	admit-refused	authority refusal LIMIT_EXCEEDED: aggregate admission capacity exhausted
64794	1789131109607	0	738	admit-ceiling	LIMIT_EXCEEDED: client unresolved admission ceiling
64795	1789131109609	0	747	admit-ceiling	LIMIT_EXCEEDED: client unresolved admission ceiling
64860	1789131109674	0	726	admit-retried	succeeded after 1 refusals
64860	1789131109674	0	726	admitted	admit=1193ms
64919	1789131109733	0	720	admit-retried	succeeded after 4 refusals
64919	1789131109733	0	720	admitted	admit=1820ms
64997	1789131109811	0	747	admit-ceiling	LIMIT_EXCEEDED: client unresolved admission ceiling
65026	1789131109840	0	750	admit-refused	authority refusal LIMIT_EXCEEDED: aggregate admission capacity exhausted
65044	1789131109858	0	753	admit-refused	authority refusal LIMIT_EXCEEDED: aggregate admission capacity exhausted
65146	1789131109960	0	753	admit-ceiling	LIMIT_EXCEEDED: client unresolved admission ceiling
65213	1789131110026	0	750	admit-retried	succeeded after 1 refusals
65213	1789131110026	0	750	admitted	admit=352ms
65348	1789131110162	0	753	admit-ceiling	LIMIT_EXCEEDED: client unresolved admission ceiling
65370	1789131110184	0	723	admit-retried	succeeded after 1 refusals
65370	1789131110184	0	723	admitted	admit=2179ms
65405	1789131110219	0	756	admitted	admit=192ms
65406	1789131110220	0	747	admit-ceiling	LIMIT_EXCEEDED: client unresolved admission ceiling
65428	1789131110242	0	762	admit-ceiling	LIMIT_EXCEEDED: client unresolved admission ceiling
65544	1789131110357	0	708	admit-retried	succeeded after 5 refusals
65544	1789131110357	0	708	admitted	admit=3898ms
65565	1789131110378	0	765	admit-ceiling	LIMIT_EXCEEDED: client unresolved admission ceiling
65581	1789131110395	0	690	admit-ceiling	LIMIT_EXCEEDED: client unresolved admission ceiling
65595	1789131110409	0	738	admit-ceiling	LIMIT_EXCEEDED: client unresolved admission ceiling
65612	1789131110426	0	762	admit-retried	succeeded after 1 refusals
65612	1789131110426	0	762	admitted	admit=206ms
65750	1789131110564	0	753	admit-ceiling	LIMIT_EXCEEDED: client unresolved admission ceiling
65911	1789131110725	0	258	admit-ceiling	LIMIT_EXCEEDED: client unresolved admission ceiling
66012	1789131110826	0	558	admit-retried	succeeded after 7 refusals
66012	1789131110826	0	558	admitted	admit=13607ms
66013	1789131110827	0	516	admit-ceiling	LIMIT_EXCEEDED: client unresolved admission ceiling
66104	1789131110918	0	513	admit-ceiling	LIMIT_EXCEEDED: client unresolved admission ceiling
66208	1789131111022	0	747	admit-ceiling	LIMIT_EXCEEDED: client unresolved admission ceiling
66307	1789131111121	0	441	admit-retried	succeeded after 9 refusals
66307	1789131111121	0	441	admitted	admit=22044ms
66623	1789131111436	0	753	admit-retried	succeeded after 4 refusals
66623	1789131111436	0	753	admitted	admit=1703ms
66659	1789131111473	0	765	admit-retried	succeeded after 1 refusals
66659	1789131111473	0	765	admitted	admit=1115ms
67189	1789131112002	0	711	admit-retried	succeeded after 4 refusals
67189	1789131112002	0	711	admitted	admit=5495ms
67283	1789131112097	0	738	admit-retried	succeeded after 5 refusals
67283	1789131112097	0	738	admitted	admit=3314ms
67432	1789131112245	0	579	admit-retried	succeeded after 7 refusals
67432	1789131112245	0	579	admitted	admit=13501ms
67887	1789131112700	0	747	admit-retried	succeeded after 5 refusals
67887	1789131112700	0	747	admitted	admit=3255ms
68278	1789131113092	0	759	admitted	admit=2907ms
68758	1789131113572	0	342	admit-retried	succeeded after 11 refusals
68758	1789131113572	0	342	admitted	admit=32619ms
68886	1789131113700	0	690	admit-retried	succeeded after 6 refusals
68886	1789131113700	0	690	admitted	admit=7842ms
69053	1789131113866	0	630	admit-retried	succeeded after 7 refusals
69053	1789131113866	0	630	admitted	admit=11595ms
70994	1789131115808	0	258	admit-retried	succeeded after 14 refusals
70994	1789131115808	0	258	admitted	admit=47278ms
71092	1789131115906	0	516	admit-retried	succeeded after 9 refusals
71092	1789131115906	0	516	admitted	admit=21766ms
71177	1789131115991	0	513	admit-retried	succeeded after 9 refusals
71177	1789131115991	0	513	admitted	admit=21851ms
71177	1789131115991	0	12	admit-refused	authority refusal LIMIT_EXCEEDED: metadata concurrency exhausted
71177	1789131115991	0	6	admit-refused	authority refusal LIMIT_EXCEEDED: metadata concurrency exhausted
71177	1789131115991	0	27	admit-refused	authority refusal LIMIT_EXCEEDED: metadata concurrency exhausted
71177	1789131115991	0	9	admit-refused	authority refusal LIMIT_EXCEEDED: metadata concurrency exhausted
71177	1789131115991	0	0	admit-refused	authority refusal LIMIT_EXCEEDED: metadata concurrency exhausted
71178	1789131115991	0	36	admit-refused	authority refusal LIMIT_EXCEEDED: metadata concurrency exhausted
71178	1789131115991	0	15	admit-refused	authority refusal LIMIT_EXCEEDED: metadata concurrency exhausted
71178	1789131115991	0	42	admit-refused	authority refusal LIMIT_EXCEEDED: metadata concurrency exhausted
71178	1789131115991	0	24	admit-refused	authority refusal LIMIT_EXCEEDED: metadata concurrency exhausted
71178	1789131115991	0	30	admit-refused	authority refusal LIMIT_EXCEEDED: metadata concurrency exhausted
71178	1789131115991	0	45	admit-refused	authority refusal LIMIT_EXCEEDED: metadata concurrency exhausted
71178	1789131115991	0	39	admit-refused	authority refusal LIMIT_EXCEEDED: metadata concurrency exhausted
71202	1789131116016	0	33	succeeded	attempt 1 watch=25ms
71221	1789131116035	0	3	succeeded	attempt 1 watch=43ms
71235	1789131116048	0	18	succeeded	attempt 1 watch=57ms
71256	1789131116070	0	21	succeeded	attempt 1 watch=79ms
71279	1789131116092	0	27	admit-refused	authority refusal LIMIT_EXCEEDED: metadata concurrency exhausted
71279	1789131116092	0	42	admit-refused	authority refusal LIMIT_EXCEEDED: metadata concurrency exhausted
71279	1789131116092	0	12	admit-refused	authority refusal LIMIT_EXCEEDED: metadata concurrency exhausted
71279	1789131116092	0	15	admit-refused	authority refusal LIMIT_EXCEEDED: metadata concurrency exhausted
71279	1789131116092	0	9	admit-refused	authority refusal LIMIT_EXCEEDED: metadata concurrency exhausted
71279	1789131116092	0	24	admit-refused	authority refusal LIMIT_EXCEEDED: metadata concurrency exhausted
71279	1789131116093	0	36	admit-refused	authority refusal LIMIT_EXCEEDED: metadata concurrency exhausted
71279	1789131116093	0	45	admit-refused	authority refusal LIMIT_EXCEEDED: metadata concurrency exhausted
71327	1789131116141	0	0	succeeded	attempt 1 watch=150ms
71344	1789131116158	0	39	succeeded	attempt 1 watch=166ms
71359	1789131116173	0	6	succeeded	attempt 1 watch=182ms
71382	1789131116195	0	30	succeeded	attempt 1 watch=204ms
71450	1789131116264	0	33	first-usable-output	
71450	1789131116264	0	33	chunk-verified	fetch=247ms
71453	1789131116267	0	6	admit-refused	stalled read ordinal 6
71462	1789131116276	0	3	chunk-verified	fetch=241ms
71472	1789131116286	0	48	succeeded	attempt 1 watch=22ms
71473	1789131116287	0	30	admit-refused	stalled read ordinal 30
71480	1789131116294	0	27	admit-refused	authority refusal LIMIT_EXCEEDED: metadata concurrency exhausted
71480	1789131116294	0	24	admit-refused	authority refusal LIMIT_EXCEEDED: metadata concurrency exhausted
71480	1789131116294	0	9	admit-refused	authority refusal LIMIT_EXCEEDED: metadata concurrency exhausted
71480	1789131116294	0	42	admit-refused	authority refusal LIMIT_EXCEEDED: metadata concurrency exhausted
71486	1789131116300	0	18	chunk-verified	fetch=251ms
71495	1789131116308	0	51	succeeded	attempt 1 watch=32ms
71503	1789131116316	0	0	chunk-verified	fetch=175ms
71527	1789131116340	0	15	succeeded	attempt 1 watch=349ms
71535	1789131116348	0	39	chunk-verified	fetch=190ms
71543	1789131116357	0	36	succeeded	attempt 1 watch=366ms
71558	1789131116372	0	12	succeeded	attempt 1 watch=381ms
71575	1789131116389	0	45	succeeded	attempt 1 watch=398ms
71586	1789131116400	0	21	chunk-verified	fetch=330ms
71589	1789131116403	0	54	succeeded	attempt 1 watch=102ms
71612	1789131116425	0	57	succeeded	attempt 1 watch=108ms
71637	1789131116450	0	48	chunk-verified	fetch=164ms
71642	1789131116456	0	60	succeeded	attempt 1 watch=107ms
71687	1789131116501	0	63	succeeded	attempt 1 watch=100ms
71730	1789131116544	0	51	chunk-verified	fetch=235ms
71737	1789131116551	0	66	succeeded	attempt 1 watch=100ms
71750	1789131116564	0	30	admit-refused	stalled read ordinal 30
71751	1789131116564	0	45	admit-refused	stalled read ordinal 45
71763	1789131116576	0	57	admit-refused	stalled read ordinal 57
71770	1789131116584	0	15	chunk-verified	fetch=243ms
71780	1789131116594	0	69	succeeded	attempt 1 watch=50ms
71783	1789131116597	0	12	chunk-verified	fetch=225ms
71796	1789131116610	0	54	chunk-verified	fetch=207ms
71804	1789131116618	0	36	chunk-verified	fetch=260ms
71815	1789131116628	0	72	succeeded	attempt 1 watch=44ms
71829	1789131116643	0	60	chunk-verified	fetch=187ms
71841	1789131116655	0	75	succeeded	attempt 1 watch=58ms
71849	1789131116663	0	63	chunk-verified	fetch=162ms
71857	1789131116671	0	78	succeeded	attempt 1 watch=60ms
71878	1789131116692	0	81	succeeded	attempt 1 watch=74ms
71881	1789131116695	0	6	chunk-verified	fetch=521ms
71881	1789131116695	0	90	admit-refused	authority refusal LIMIT_EXCEEDED: metadata concurrency exhausted
71892	1789131116705	0	66	chunk-verified	fetch=154ms
71908	1789131116722	0	84	succeeded	attempt 1 watch=78ms
71936	1789131116749	0	69	chunk-verified	fetch=155ms
71938	1789131116752	0	87	succeeded	attempt 1 watch=88ms
71977	1789131116791	0	24	succeeded	attempt 1 watch=800ms
71995	1789131116808	0	9	succeeded	attempt 1 watch=817ms
72005	1789131116818	0	42	succeeded	attempt 1 watch=827ms
72019	1789131116833	0	27	succeeded	attempt 1 watch=841ms
72032	1789131116846	0	93	succeeded	attempt 1 watch=140ms
72064	1789131116877	0	72	chunk-verified	fetch=249ms
72069	1789131116883	0	96	succeeded	attempt 1 watch=133ms
72078	1789131116891	0	75	chunk-verified	fetch=236ms
72098	1789131116912	0	45	chunk-verified	fetch=522ms
72118	1789131116932	0	78	chunk-verified	fetch=260ms
72123	1789131116937	0	90	succeeded	attempt 1 watch=242ms
72131	1789131116945	0	57	chunk-verified	fetch=519ms
72142	1789131116956	0	81	chunk-verified	fetch=263ms
72197	1789131117011	0	99	succeeded	attempt 1 watch=133ms
72209	1789131117023	0	84	chunk-verified	fetch=301ms
72229	1789131117043	0	102	succeeded	attempt 1 watch=151ms
72247	1789131117061	0	105	succeeded	attempt 1 watch=149ms
72262	1789131117076	0	87	chunk-verified	fetch=323ms
72265	1789131117079	0	108	succeeded	attempt 1 watch=146ms
72275	1789131117089	0	24	chunk-verified	fetch=297ms
72295	1789131117109	0	111	succeeded	attempt 1 watch=163ms
72312	1789131117125	0	30	chunk-verified	fetch=929ms
72314	1789131117128	0	114	succeeded	attempt 1 watch=171ms
72329	1789131117143	0	9	chunk-verified	fetch=334ms
72340	1789131117154	0	93	chunk-verified	fetch=308ms
72349	1789131117162	0	117	succeeded	attempt 1 watch=139ms
72366	1789131117180	0	96	chunk-verified	fetch=297ms
72377	1789131117191	0	42	chunk-verified	fetch=372ms
72395	1789131117208	0	27	chunk-verified	fetch=375ms
72411	1789131117225	0	120	succeeded	attempt 1 watch=148ms
72437	1789131117250	0	123	succeeded	attempt 1 watch=161ms
72473	1789131117287	0	90	chunk-verified	fetch=349ms
72475	1789131117289	0	126	succeeded	attempt 1 watch=163ms
72502	1789131117316	0	129	succeeded	attempt 1 watch=172ms
72520	1789131117334	0	132	succeeded	attempt 1 watch=179ms
72537	1789131117351	0	99	chunk-verified	fetch=339ms
72553	1789131117367	0	135	succeeded	attempt 1 watch=186ms
72570	1789131117384	0	138	succeeded	attempt 1 watch=192ms
72584	1789131117398	0	102	chunk-verified	fetch=355ms
72592	1789131117406	0	141	succeeded	attempt 1 watch=197ms
72622	1789131117436	0	105	chunk-verified	fetch=375ms
72646	1789131117459	0	144	succeeded	attempt 1 watch=172ms
72651	1789131117465	0	108	chunk-verified	fetch=386ms
72660	1789131117473	0	111	chunk-verified	fetch=364ms
72707	1789131117521	0	114	chunk-verified	fetch=392ms
72739	1789131117552	0	117	chunk-verified	fetch=390ms
72741	1789131117555	0	147	succeeded	attempt 1 watch=204ms
72762	1789131117576	0	150	succeeded	attempt 1 watch=177ms
72789	1789131117602	0	153	succeeded	attempt 1 watch=166ms
72808	1789131117622	0	123	chunk-verified	fetch=371ms
72817	1789131117630	0	120	chunk-verified	fetch=405ms
72825	1789131117639	0	159	succeeded	attempt 1 watch=165ms
72840	1789131117654	0	156	succeeded	attempt 1 watch=189ms
72853	1789131117667	0	162	succeeded	attempt 1 watch=146ms
72870	1789131117684	0	126	chunk-verified	fetch=395ms
72885	1789131117698	0	129	chunk-verified	fetch=382ms
72900	1789131117713	0	132	chunk-verified	fetch=379ms
72905	1789131117719	0	165	succeeded	attempt 1 watch=166ms
72920	1789131117734	0	135	chunk-verified	fetch=367ms
72929	1789131117742	0	138	chunk-verified	fetch=358ms
72950	1789131117764	0	141	chunk-verified	fetch=358ms
72961	1789131117775	0	168	succeeded	attempt 1 watch=152ms
72968	1789131117782	0	144	chunk-verified	fetch=322ms
72979	1789131117793	0	171	succeeded	attempt 1 watch=162ms
73028	1789131117842	0	174	succeeded	attempt 1 watch=157ms
73046	1789131117859	0	177	succeeded	attempt 1 watch=160ms
73063	1789131117877	0	180	succeeded	attempt 1 watch=163ms
73063	1789131117877	0	147	chunk-verified	fetch=321ms
73087	1789131117901	0	183	succeeded	attempt 1 watch=166ms
73104	1789131117918	0	186	succeeded	attempt 1 watch=175ms
73121	1789131117935	0	150	chunk-verified	fetch=359ms
73126	1789131117940	0	189	succeeded	attempt 1 watch=175ms
73141	1789131117954	0	153	chunk-verified	fetch=352ms
73155	1789131117969	0	192	succeeded	attempt 1 watch=186ms
73202	1789131118016	0	159	chunk-verified	fetch=377ms
73219	1789131118033	0	156	chunk-verified	fetch=378ms
73224	1789131118038	0	195	succeeded	attempt 1 watch=161ms
73236	1789131118050	0	162	chunk-verified	fetch=382ms
73293	1789131118107	0	198	succeeded	attempt 1 watch=171ms
73310	1789131118124	0	165	chunk-verified	fetch=404ms
73324	1789131118138	0	201	succeeded	attempt 1 watch=183ms
73361	1789131118175	0	168	chunk-verified	fetch=400ms
73364	1789131118178	0	204	succeeded	attempt 1 watch=161ms
73375	1789131118188	0	171	chunk-verified	fetch=395ms
73387	1789131118201	0	207	succeeded	attempt 1 watch=168ms
73390	1789131118204	0	174	chunk-verified	fetch=361ms
73400	1789131118214	0	177	chunk-verified	fetch=354ms
73422	1789131118235	0	210	succeeded	attempt 1 watch=185ms
73432	1789131118246	0	180	chunk-verified	fetch=369ms
73446	1789131118259	0	183	chunk-verified	fetch=358ms
73458	1789131118271	0	186	chunk-verified	fetch=353ms
73464	1789131118277	0	213	succeeded	attempt 1 watch=153ms
73495	1789131118309	0	189	chunk-verified	fetch=369ms
73498	1789131118312	0	216	succeeded	attempt 1 watch=137ms
73509	1789131118322	0	192	chunk-verified	fetch=353ms
73539	1789131118352	0	219	succeeded	attempt 1 watch=163ms
73562	1789131118375	0	222	succeeded	attempt 1 watch=171ms
73580	1789131118393	0	225	succeeded	attempt 1 watch=179ms
73599	1789131118413	0	195	chunk-verified	fetch=374ms
73616	1789131118430	0	228	succeeded	attempt 1 watch=184ms
73634	1789131118447	0	231	succeeded	attempt 1 watch=187ms
73652	1789131118466	0	234	succeeded	attempt 1 watch=194ms
73655	1789131118469	0	198	chunk-verified	fetch=362ms
73680	1789131118493	0	237	succeeded	attempt 1 watch=184ms
73704	1789131118517	0	201	chunk-verified	fetch=379ms
73724	1789131118538	0	240	succeeded	attempt 1 watch=215ms
73739	1789131118552	0	204	chunk-verified	fetch=374ms
73771	1789131118585	0	207	chunk-verified	fetch=383ms
73793	1789131118607	0	243	succeeded	attempt 1 watch=193ms
73822	1789131118636	0	210	chunk-verified	fetch=400ms
73848	1789131118661	0	246	succeeded	attempt 1 watch=192ms
73879	1789131118693	0	249	succeeded	attempt 1 watch=175ms
73893	1789131118707	0	213	chunk-verified	fetch=429ms
73910	1789131118723	0	252	succeeded	attempt 1 watch=171ms
73928	1789131118741	0	216	chunk-verified	fetch=429ms
73930	1789131118744	0	255	succeeded	attempt 1 watch=158ms
73933	1789131118746	0	225	chunk-verified	fetch=352ms
73959	1789131118772	0	219	chunk-verified	fetch=419ms
73966	1789131118780	0	258	succeeded	attempt 1 watch=143ms
73969	1789131118783	0	222	chunk-verified	fetch=407ms
73985	1789131118798	0	228	chunk-verified	fetch=368ms
73990	1789131118804	0	231	chunk-verified	fetch=356ms
74017	1789131118831	0	237	chunk-verified	fetch=337ms
74022	1789131118836	0	261	succeeded	attempt 1 watch=129ms
74045	1789131118859	0	234	chunk-verified	fetch=392ms
74053	1789131118867	0	264	succeeded	attempt 1 watch=125ms
74082	1789131118895	0	267	succeeded	attempt 1 watch=148ms
74101	1789131118915	0	240	chunk-verified	fetch=376ms
74104	1789131118917	0	270	succeeded	attempt 1 watch=145ms
74118	1789131118932	0	243	chunk-verified	fetch=325ms
74135	1789131118949	0	273	succeeded	attempt 1 watch=166ms
74147	1789131118961	0	276	succeeded	attempt 1 watch=162ms
74164	1789131118978	0	279	succeeded	attempt 1 watch=174ms
74184	1789131118997	0	282	succeeded	attempt 1 watch=166ms
74184	1789131118997	0	246	chunk-verified	fetch=335ms
74213	1789131119027	0	249	chunk-verified	fetch=333ms
74226	1789131119040	0	285	succeeded	attempt 1 watch=180ms
74240	1789131119053	0	252	chunk-verified	fetch=329ms
74267	1789131119080	0	255	chunk-verified	fetch=336ms
74269	1789131119083	0	288	succeeded	attempt 1 watch=168ms
74292	1789131119106	0	291	succeeded	attempt 1 watch=173ms
74325	1789131119139	0	258	chunk-verified	fetch=358ms
74352	1789131119165	0	294	succeeded	attempt 1 watch=168ms
74383	1789131119197	0	297	succeeded	attempt 1 watch=170ms
74415	1789131119229	0	261	chunk-verified	fetch=392ms
74418	1789131119232	0	300	succeeded	attempt 1 watch=178ms
74430	1789131119244	0	264	chunk-verified	fetch=376ms
74441	1789131119254	0	267	chunk-verified	fetch=359ms
74454	1789131119268	0	303	succeeded	attempt 1 watch=187ms
74487	1789131119300	0	306	succeeded	attempt 1 watch=161ms
74489	1789131119303	0	270	chunk-verified	fetch=385ms
74502	1789131119316	0	273	chunk-verified	fetch=367ms
74516	1789131119330	0	279	chunk-verified	fetch=351ms
74532	1789131119346	0	282	chunk-verified	fetch=348ms
74543	1789131119357	0	309	succeeded	attempt 1 watch=127ms
74552	1789131119366	0	285	chunk-verified	fetch=325ms
74576	1789131119389	0	276	chunk-verified	fetch=428ms
74585	1789131119398	0	312	succeeded	attempt 1 watch=154ms
74619	1789131119432	0	288	chunk-verified	fetch=349ms
74621	1789131119435	0	315	succeeded	attempt 1 watch=180ms
74662	1789131119476	0	318	succeeded	attempt 1 watch=173ms
74673	1789131119486	0	291	chunk-verified	fetch=380ms
74680	1789131119494	0	321	succeeded	attempt 1 watch=178ms
74701	1789131119515	0	324	succeeded	attempt 1 watch=185ms
74716	1789131119530	0	294	chunk-verified	fetch=364ms
74722	1789131119536	0	327	succeeded	attempt 1 watch=189ms
74744	1789131119558	0	297	chunk-verified	fetch=361ms
74758	1789131119572	0	330	succeeded	attempt 1 watch=206ms
74773	1789131119586	0	333	succeeded	attempt 1 watch=196ms
74812	1789131119626	0	300	chunk-verified	fetch=393ms
74815	1789131119629	0	336	succeeded	attempt 1 watch=196ms
74834	1789131119648	0	303	chunk-verified	fetch=379ms
74877	1789131119691	0	339	succeeded	attempt 1 watch=204ms
74877	1789131119691	0	306	chunk-verified	fetch=390ms
74915	1789131119729	0	342	succeeded	attempt 1 watch=198ms
74946	1789131119760	0	345	succeeded	attempt 1 watch=201ms
74960	1789131119774	0	309	chunk-verified	fetch=416ms
74991	1789131119805	0	348	succeeded	attempt 1 watch=179ms
75008	1789131119822	0	312	chunk-verified	fetch=423ms
75021	1789131119835	0	351	succeeded	attempt 1 watch=187ms
75037	1789131119851	0	354	succeeded	attempt 1 watch=159ms
75053	1789131119867	0	318	chunk-verified	fetch=390ms
75076	1789131119890	0	315	chunk-verified	fetch=455ms
75094	1789131119908	0	321	chunk-verified	fetch=413ms
75111	1789131119925	0	327	chunk-verified	fetch=389ms
75114	1789131119928	0	357	succeeded	attempt 1 watch=154ms
75118	1789131119931	0	324	chunk-verified	fetch=416ms
75149	1789131119963	0	330	chunk-verified	fetch=390ms
75163	1789131119977	0	333	chunk-verified	fetch=390ms
75166	1789131119979	0	360	succeeded	attempt 1 watch=157ms
75177	1789131119990	0	336	chunk-verified	fetch=361ms
75209	1789131120022	0	363	succeeded	attempt 1 watch=155ms
75217	1789131120031	0	339	chunk-verified	fetch=340ms
75222	1789131120036	0	366	succeeded	attempt 1 watch=146ms
75237	1789131120050	0	369	succeeded	attempt 1 watch=142ms
75252	1789131120066	0	342	chunk-verified	fetch=337ms
75261	1789131120075	0	372	succeeded	attempt 1 watch=149ms
75274	1789131120088	0	345	chunk-verified	fetch=327ms
75291	1789131120105	0	375	succeeded	attempt 1 watch=173ms
75309	1789131120122	0	378	succeeded	attempt 1 watch=159ms
75318	1789131120132	0	348	chunk-verified	fetch=326ms
75321	1789131120134	0	381	succeeded	attempt 1 watch=157ms
75342	1789131120155	0	384	succeeded	attempt 1 watch=165ms
75369	1789131120183	0	351	chunk-verified	fetch=347ms
75372	1789131120185	0	387	succeeded	attempt 1 watch=154ms
75386	1789131120200	0	354	chunk-verified	fetch=349ms
75424	1789131120238	0	390	succeeded	attempt 1 watch=172ms
75449	1789131120263	0	393	succeeded	attempt 1 watch=175ms
75492	1789131120305	0	357	chunk-verified	fetch=377ms
75503	1789131120316	0	396	succeeded	attempt 1 watch=184ms
75544	1789131120358	0	360	chunk-verified	fetch=378ms
75550	1789131120364	0	399	succeeded	attempt 1 watch=180ms
75558	1789131120372	0	363	chunk-verified	fetch=349ms
75576	1789131120390	0	402	succeeded	attempt 1 watch=189ms
75612	1789131120426	0	366	chunk-verified	fetch=389ms
75626	1789131120440	0	372	chunk-verified	fetch=364ms
75629	1789131120442	0	405	succeeded	attempt 1 watch=136ms
75645	1789131120459	0	369	chunk-verified	fetch=408ms
75664	1789131120478	0	375	chunk-verified	fetch=372ms
75667	1789131120480	0	408	succeeded	attempt 1 watch=122ms
75675	1789131120489	0	381	chunk-verified	fetch=354ms
75697	1789131120511	0	378	chunk-verified	fetch=388ms
75709	1789131120523	0	411	succeeded	attempt 1 watch=151ms
75732	1789131120546	0	384	chunk-verified	fetch=390ms
75742	1789131120555	0	387	chunk-verified	fetch=369ms
75755	1789131120569	0	414	succeeded	attempt 1 watch=142ms
75771	1789131120585	0	393	chunk-verified	fetch=321ms
75774	1789131120587	0	417	succeeded	attempt 1 watch=147ms
75797	1789131120611	0	420	succeeded	attempt 1 watch=152ms
75808	1789131120622	0	390	chunk-verified	fetch=384ms
75819	1789131120633	0	423	succeeded	attempt 1 watch=154ms
75839	1789131120653	0	396	chunk-verified	fetch=336ms
75856	1789131120670	0	426	succeeded	attempt 1 watch=181ms
75872	1789131120685	0	429	succeeded	attempt 1 watch=174ms
75901	1789131120715	0	399	chunk-verified	fetch=350ms
75906	1789131120720	0	432	succeeded	attempt 1 watch=173ms
75923	1789131120737	0	435	succeeded	attempt 1 watch=181ms
75955	1789131120769	0	402	chunk-verified	fetch=379ms
75958	1789131120772	0	438	succeeded	attempt 1 watch=186ms
76006	1789131120820	0	441	succeeded	attempt 1 watch=198ms
76021	1789131120834	0	405	chunk-verified	fetch=391ms
76055	1789131120869	0	408	chunk-verified	fetch=388ms
76060	1789131120874	0	444	succeeded	attempt 1 watch=221ms
76091	1789131120904	0	447	succeeded	attempt 1 watch=189ms
76105	1789131120919	0	411	chunk-verified	fetch=396ms
76148	1789131120961	0	450	succeeded	attempt 1 watch=192ms
76161	1789131120975	0	414	chunk-verified	fetch=406ms
76191	1789131121004	0	417	chunk-verified	fetch=417ms
76196	1789131121010	0	453	succeeded	attempt 1 watch=175ms
76212	1789131121026	0	420	chunk-verified	fetch=414ms
76215	1789131121029	0	456	succeeded	attempt 1 watch=159ms
76223	1789131121037	0	423	chunk-verified	fetch=404ms
76249	1789131121063	0	426	chunk-verified	fetch=392ms
76269	1789131121083	0	429	chunk-verified	fetch=397ms
76272	1789131121086	0	459	succeeded	attempt 1 watch=166ms
76291	1789131121104	0	432	chunk-verified	fetch=384ms
76306	1789131121120	0	462	succeeded	attempt 1 watch=144ms
76317	1789131121131	0	435	chunk-verified	fetch=393ms
76322	1789131121136	0	465	succeeded	attempt 1 watch=131ms
76341	1789131121154	0	438	chunk-verified	fetch=382ms
76355	1789131121168	0	468	succeeded	attempt 1 watch=142ms
76383	1789131121197	0	441	chunk-verified	fetch=376ms
76389	1789131121203	0	471	succeeded	attempt 1 watch=165ms
76405	1789131121219	0	474	succeeded	attempt 1 watch=156ms
76420	1789131121234	0	477	succeeded	attempt 1 watch=151ms
76421	1789131121234	0	444	chunk-verified	fetch=360ms
76432	1789131121246	0	447	chunk-verified	fetch=341ms
76453	1789131121267	0	480	succeeded	attempt 1 watch=162ms
76471	1789131121285	0	450	chunk-verified	fetch=323ms
76491	1789131121305	0	483	succeeded	attempt 1 watch=173ms
76524	1789131121338	0	486	succeeded	attempt 1 watch=183ms
76538	1789131121352	0	453	chunk-verified	fetch=342ms
76556	1789131121370	0	489	succeeded	attempt 1 watch=172ms
76598	1789131121412	0	492	succeeded	attempt 1 watch=177ms
76613	1789131121426	0	456	chunk-verified	fetch=397ms
76637	1789131121450	0	495	succeeded	attempt 1 watch=204ms
76652	1789131121466	0	459	chunk-verified	fetch=380ms
76673	1789131121486	0	498	succeeded	attempt 1 watch=201ms
76710	1789131121524	0	462	chunk-verified	fetch=403ms
76724	1789131121537	0	465	chunk-verified	fetch=401ms
76737	1789131121551	0	501	succeeded	attempt 1 watch=198ms
76793	1789131121607	0	468	chunk-verified	fetch=438ms
76806	1789131121620	0	504	succeeded	attempt 1 watch=193ms
76812	1789131121626	0	471	chunk-verified	fetch=422ms
76823	1789131121636	0	477	chunk-verified	fetch=402ms
76839	1789131121653	0	507	succeeded	attempt 1 watch=187ms
76855	1789131121668	0	474	chunk-verified	fetch=449ms
76863	1789131121677	0	480	chunk-verified	fetch=409ms
76875	1789131121689	0	510	succeeded	attempt 1 watch=164ms
76892	1789131121706	0	486	chunk-verified	fetch=368ms
76915	1789131121729	0	513	succeeded	attempt 1 watch=191ms
76933	1789131121746	0	483	chunk-verified	fetch=441ms
76942	1789131121755	0	516	succeeded	attempt 1 watch=148ms
76953	1789131121766	0	489	chunk-verified	fetch=396ms
76967	1789131121781	0	519	succeeded	attempt 1 watch=155ms
76987	1789131121800	0	492	chunk-verified	fetch=388ms
76990	1789131121803	0	522	succeeded	attempt 1 watch=167ms
77008	1789131121821	0	495	chunk-verified	fetch=371ms
77031	1789131121845	0	525	succeeded	attempt 1 watch=176ms
77046	1789131121859	0	528	succeeded	attempt 1 watch=182ms
77049	1789131121862	0	498	chunk-verified	fetch=376ms
77076	1789131121890	0	531	succeeded	attempt 1 watch=184ms
77108	1789131121922	0	501	chunk-verified	fetch=370ms
77111	1789131121924	0	534	succeeded	attempt 1 watch=178ms
77134	1789131121947	0	537	succeeded	attempt 1 watch=181ms
77159	1789131121972	0	504	chunk-verified	fetch=352ms
77164	1789131121978	0	540	succeeded	attempt 1 watch=177ms
77197	1789131122011	0	543	succeeded	attempt 1 watch=189ms
77209	1789131122023	0	507	chunk-verified	fetch=369ms
77239	1789131122052	0	546	succeeded	attempt 1 watch=189ms
77253	1789131122067	0	510	chunk-verified	fetch=378ms
77286	1789131122100	0	513	chunk-verified	fetch=370ms
77289	1789131122103	0	549	succeeded	attempt 1 watch=180ms
77330	1789131122144	0	516	chunk-verified	fetch=388ms
77335	1789131122148	0	552	succeeded	attempt 1 watch=175ms
77340	1789131122154	0	519	chunk-verified	fetch=373ms
77384	1789131122198	0	522	chunk-verified	fetch=394ms
77387	1789131122200	0	555	succeeded	attempt 1 watch=177ms
77418	1789131122232	0	525	chunk-verified	fetch=386ms
77423	1789131122237	0	558	succeeded	attempt 1 watch=169ms
77432	1789131122246	0	528	chunk-verified	fetch=386ms
77444	1789131122258	0	531	chunk-verified	fetch=367ms
77453	1789131122267	0	534	chunk-verified	fetch=342ms
77462	1789131122275	0	561	succeeded	attempt 1 watch=175ms
77477	1789131122291	0	564	succeeded	attempt 1 watch=147ms
77515	1789131122329	0	567	succeeded	attempt 1 watch=174ms
77531	1789131122345	0	537	chunk-verified	fetch=397ms
77542	1789131122355	0	570	succeeded	attempt 1 watch=157ms
77563	1789131122377	0	540	chunk-verified	fetch=398ms
77589	1789131122402	0	543	chunk-verified	fetch=391ms
77594	1789131122408	0	573	succeeded	attempt 1 watch=176ms
77597	1789131122411	0	546	chunk-verified	fetch=358ms
77621	1789131122435	0	576	succeeded	attempt 1 watch=189ms
77633	1789131122447	0	579	succeeded	attempt 1 watch=189ms
77652	1789131122466	0	582	succeeded	attempt 1 watch=199ms
77669	1789131122482	0	549	chunk-verified	fetch=379ms
77717	1789131122530	0	552	chunk-verified	fetch=382ms
77720	1789131122533	0	585	succeeded	attempt 1 watch=188ms
77747	1789131122561	0	588	succeeded	attempt 1 watch=184ms
77763	1789131122576	0	591	succeeded	attempt 1 watch=174ms
77775	1789131122588	0	555	chunk-verified	fetch=387ms
77794	1789131122608	0	594	succeeded	attempt 1 watch=196ms
77850	1789131122664	0	558	chunk-verified	fetch=426ms
77863	1789131122677	0	597	succeeded	attempt 1 watch=194ms
77897	1789131122710	0	564	chunk-verified	fetch=419ms
77903	1789131122717	0	600	succeeded	attempt 1 watch=186ms
77915	1789131122728	0	561	chunk-verified	fetch=452ms
77931	1789131122745	0	567	chunk-verified	fetch=416ms
77943	1789131122756	0	570	chunk-verified	fetch=400ms
77970	1789131122784	0	603	succeeded	attempt 1 watch=195ms
77984	1789131122798	0	573	chunk-verified	fetch=389ms
78022	1789131122836	0	606	succeeded	attempt 1 watch=172ms
78041	1789131122854	0	576	chunk-verified	fetch=419ms
78064	1789131122878	0	579	chunk-verified	fetch=431ms
78068	1789131122881	0	609	succeeded	attempt 1 watch=171ms
78076	1789131122889	0	585	chunk-verified	fetch=355ms
78106	1789131122919	0	582	chunk-verified	fetch=453ms
78108	1789131122922	0	612	succeeded	attempt 1 watch=193ms
78120	1789131122934	0	615	succeeded	attempt 1 watch=188ms
78135	1789131122949	0	618	succeeded	attempt 1 watch=192ms
78150	1789131122964	0	588	chunk-verified	fetch=402ms
78168	1789131122982	0	591	chunk-verified	fetch=405ms
78177	1789131122991	0	621	succeeded	attempt 1 watch=193ms
78191	1789131123004	0	594	chunk-verified	fetch=396ms
78209	1789131123023	0	624	succeeded	attempt 1 watch=168ms
78224	1789131123038	0	627	succeeded	attempt 1 watch=159ms
78254	1789131123067	0	630	succeeded	attempt 1 watch=177ms
78275	1789131123088	0	597	chunk-verified	fetch=411ms
78275	1789131123088	0	633	succeeded	attempt 1 watch=169ms
78301	1789131123115	0	600	chunk-verified	fetch=397ms
78334	1789131123148	0	636	succeeded	attempt 1 watch=183ms
78349	1789131123163	0	639	succeeded	attempt 1 watch=181ms
78361	1789131123175	0	603	chunk-verified	fetch=390ms
78379	1789131123192	0	642	succeeded	attempt 1 watch=188ms
78409	1789131123223	0	606	chunk-verified	fetch=386ms
78472	1789131123285	0	645	succeeded	attempt 1 watch=197ms
78472	1789131123285	0	609	chunk-verified	fetch=404ms
78492	1789131123306	0	648	succeeded	attempt 1 watch=191ms
78505	1789131123318	0	612	chunk-verified	fetch=396ms
78519	1789131123333	0	618	chunk-verified	fetch=383ms
78550	1789131123364	0	615	chunk-verified	fetch=430ms
78553	1789131123366	0	651	succeeded	attempt 1 watch=191ms
78560	1789131123374	0	621	chunk-verified	fetch=383ms
78594	1789131123408	0	654	succeeded	attempt 1 watch=184ms
78608	1789131123422	0	624	chunk-verified	fetch=398ms
78620	1789131123434	0	627	chunk-verified	fetch=396ms
78623	1789131123437	0	657	succeeded	attempt 1 watch=151ms
78635	1789131123448	0	630	chunk-verified	fetch=381ms
78663	1789131123477	0	633	chunk-verified	fetch=388ms
78689	1789131123503	0	660	succeeded	attempt 1 watch=184ms
78704	1789131123518	0	663	succeeded	attempt 1 watch=185ms
78727	1789131123541	0	636	chunk-verified	fetch=393ms
78730	1789131123544	0	666	succeeded	attempt 1 watch=180ms
78739	1789131123553	0	639	chunk-verified	fetch=389ms
78759	1789131123573	0	669	succeeded	attempt 1 watch=199ms
78789	1789131123603	0	672	succeeded	attempt 1 watch=181ms
78798	1789131123611	0	642	chunk-verified	fetch=418ms
78806	1789131123620	0	675	succeeded	attempt 1 watch=185ms
78830	1789131123643	0	678	succeeded	attempt 1 watch=194ms
78848	1789131123661	0	681	succeeded	attempt 1 watch=184ms
78876	1789131123690	0	645	chunk-verified	fetch=404ms
78891	1789131123705	0	648	chunk-verified	fetch=398ms
78913	1789131123726	0	684	succeeded	attempt 1 watch=185ms
78936	1789131123750	0	687	succeeded	attempt 1 watch=197ms
78969	1789131123782	0	651	chunk-verified	fetch=415ms
78986	1789131123799	0	654	chunk-verified	fetch=391ms
78989	1789131123802	0	690	succeeded	attempt 1 watch=190ms
79051	1789131123865	0	657	chunk-verified	fetch=428ms
79071	1789131123885	0	693	succeeded	attempt 1 watch=195ms
79088	1789131123902	0	660	chunk-verified	fetch=399ms
79097	1789131123911	0	696	succeeded	attempt 1 watch=205ms
79136	1789131123950	0	663	chunk-verified	fetch=431ms
79157	1789131123970	0	699	succeeded	attempt 1 watch=187ms
79165	1789131123979	0	666	chunk-verified	fetch=434ms
79195	1789131124009	0	669	chunk-verified	fetch=435ms
79204	1789131124017	0	702	succeeded	attempt 1 watch=217ms
79223	1789131124037	0	672	chunk-verified	fetch=433ms
79226	1789131124040	0	705	succeeded	attempt 1 watch=174ms
79251	1789131124065	0	681	chunk-verified	fetch=403ms
79262	1789131124075	0	678	chunk-verified	fetch=432ms
79276	1789131124089	0	708	succeeded	attempt 1 watch=187ms
79290	1789131124103	0	675	chunk-verified	fetch=483ms
79313	1789131124127	0	711	succeeded	attempt 1 watch=176ms
79343	1789131124157	0	714	succeeded	attempt 1 watch=177ms
79343	1789131124157	0	684	chunk-verified	fetch=430ms
79358	1789131124172	0	717	succeeded	attempt 1 watch=163ms
79370	1789131124183	0	690	chunk-verified	fetch=381ms
79397	1789131124210	0	720	succeeded	attempt 1 watch=173ms
79397	1789131124210	0	687	chunk-verified	fetch=460ms
79420	1789131124234	0	723	succeeded	attempt 1 watch=168ms
79435	1789131124249	0	726	succeeded	attempt 1 watch=173ms
79455	1789131124269	0	693	chunk-verified	fetch=383ms
79478	1789131124292	0	729	succeeded	attempt 1 watch=188ms
79492	1789131124306	0	696	chunk-verified	fetch=395ms
79531	1789131124344	0	699	chunk-verified	fetch=374ms
79536	1789131124350	0	732	succeeded	attempt 1 watch=193ms
79559	1789131124373	0	735	succeeded	attempt 1 watch=189ms
79606	1789131124420	0	738	succeeded	attempt 1 watch=209ms
79612	1789131124426	0	702	chunk-verified	fetch=408ms
79653	1789131124467	0	705	chunk-verified	fetch=427ms
79667	1789131124481	0	741	succeeded	attempt 1 watch=211ms
79693	1789131124507	0	744	succeeded	attempt 1 watch=200ms
79702	1789131124516	0	708	chunk-verified	fetch=426ms
79717	1789131124530	0	747	succeeded	attempt 1 watch=185ms
79729	1789131124542	0	711	chunk-verified	fetch=415ms
79762	1789131124576	0	714	chunk-verified	fetch=419ms
79765	1789131124579	0	717	chunk-verified	fetch=407ms
79791	1789131124605	0	750	succeeded	attempt 1 watch=179ms
79803	1789131124617	0	720	chunk-verified	fetch=406ms
79815	1789131124629	0	753	succeeded	attempt 1 watch=161ms
79832	1789131124646	0	723	chunk-verified	fetch=412ms
79849	1789131124662	0	729	chunk-verified	fetch=370ms
79874	1789131124688	0	726	chunk-verified	fetch=439ms
79880	1789131124694	0	756	succeeded	attempt 1 watch=178ms
79907	1789131124721	0	759	succeeded	attempt 1 watch=178ms
79923	1789131124736	0	762	succeeded	attempt 1 watch=160ms
79938	1789131124752	0	765	succeeded	attempt 1 watch=173ms
79956	1789131124770	0	732	chunk-verified	fetch=420ms
79968	1789131124781	0	738	chunk-verified	fetch=361ms
80008	1789131124822	0	735	chunk-verified	fetch=449ms
80022	1789131124836	0	741	chunk-verified	fetch=354ms
80043	1789131124856	0	747	chunk-verified	fetch=326ms
80072	1789131124886	0	744	chunk-verified	fetch=378ms
80077	1789131124890	0	759	admit-refused	stalled read ordinal 759
80077	1789131124891	0	765	admit-refused	stalled read ordinal 765
80105	1789131124918	0	750	chunk-verified	fetch=313ms
80121	1789131124934	0	753	chunk-verified	fetch=305ms
80130	1789131124943	0	756	chunk-verified	fetch=249ms
80150	1789131124964	0	762	chunk-verified	fetch=227ms
80201	1789131125015	0	759	chunk-verified	fetch=294ms
80220	1789131125033	0	765	chunk-verified	fetch=281ms
80289	1789131125103	0	-1	scope-pages	1 pages
80349	1789131125162	0	-1	checkpoint	declared 256
80395	1789131125209	0	-1	complete	declared 256
80395	1789131125209	0	-1	commits	256 chunks
80475	1789131125288	0	-1	session-close	
