41	1789118583338	0	-1	session-open	workload-a
43	1789118583339	1	-1	session-open	workload-b
43	1789118583340	2	-1	session-open	workload-c
48	1789118583344	0	-1	declared	batch 0: 100 entities
50	1789118583346	1	-1	declared	batch 0: 100 entities
50	1789118583347	2	-1	declared	batch 0: 100 entities
56	1789118583352	0	-1	declared	batch 1: 100 entities
58	1789118583354	1	-1	declared	batch 1: 100 entities
58	1789118583355	2	-1	declared	batch 1: 100 entities
62	1789118583359	0	-1	declared	batch 2: 56 entities
64	1789118583361	1	-1	declared	batch 2: 56 entities
64	1789118583361	2	-1	declared	batch 2: 56 entities
74	1789118583371	0	0	admitted	
75	1789118583371	1	1	admitted	
78	1789118583374	2	2	admitted	
86	1789118583383	1	4	admitted	
87	1789118583383	2	5	admitted	
103	1789118583400	1	7	admitted	
104	1789118583400	0	3	admitted	
112	1789118583409	0	6	admitted	
114	1789118583411	1	10	admitted	
121	1789118583418	2	8	admitted	
122	1789118583418	0	9	admitted	
124	1789118583421	1	13	admitted	
131	1789118583427	2	11	admitted	
135	1789118583431	0	12	admitted	
139	1789118583436	2	14	admitted	
143	1789118583439	1	16	admitted	
154	1789118583451	1	19	admitted	
165	1789118583461	2	17	admitted	
191	1789118583488	2	20	admitted	
196	1789118583493	1	22	admitted	
200	1789118583497	2	23	admitted	
205	1789118583501	1	25	admitted	
206	1789118583502	0	15	admitted	
213	1789118583509	2	26	admitted	
215	1789118583511	1	28	admitted	
216	1789118583513	0	18	admitted	
221	1789118583518	2	29	admitted	
227	1789118583524	1	31	admitted	
228	1789118583525	0	21	admitted	
236	1789118583532	2	32	admitted	
237	1789118583534	1	34	admitted	
240	1789118583536	0	24	admitted	
249	1789118583545	1	37	admitted	
249	1789118583546	0	27	admitted	
257	1789118583554	1	40	admitted	
262	1789118583559	0	30	admitted	
266	1789118583563	1	43	admitted	
277	1789118583574	1	46	admitted	
291	1789118583587	0	33	admitted	
295	1789118583591	1	49	admitted	
314	1789118583611	1	52	admitted	
323	1789118583620	1	55	admitted	
324	1789118583620	2	35	admitted	
332	1789118583629	1	58	admitted	
333	1789118583629	2	38	admitted	
343	1789118583639	1	61	admitted	
346	1789118583642	2	41	admitted	
353	1789118583650	1	64	admitted	
358	1789118583655	2	44	admitted	
366	1789118583662	1	67	admitted	
367	1789118583664	0	36	admitted	
377	1789118583674	1	70	admit-refused	authority refusal LIMIT_EXCEEDED: aggregate admission capacity exhausted
379	1789118583675	0	39	admitted	
388	1789118583685	0	42	admitted	
404	1789118583700	2	47	admitted	
405	1789118583701	0	45	admitted	
417	1789118583713	0	48	admitted	
434	1789118583731	2	50	admitted	
445	1789118583741	2	53	admitted	
460	1789118583756	0	51	admitted	
487	1789118583784	2	56	admitted	
495	1789118583792	1	70	admit-retried	succeeded after 1 refusals
495	1789118583792	1	70	admitted	
505	1789118583802	2	59	admitted	
508	1789118583804	1	73	admitted	
523	1789118583820	0	54	admitted	
533	1789118583829	0	57	admitted	
534	1789118583831	2	62	admitted	
543	1789118583840	0	60	admitted	
564	1789118583860	2	65	admitted	
569	1789118583866	0	63	admitted	
573	1789118583870	2	68	admitted	
573	1789118583870	1	76	admitted	
579	1789118583876	0	66	admitted	
583	1789118583879	2	71	admitted	
585	1789118583882	1	79	admitted	
589	1789118583886	0	69	admitted	
593	1789118583890	2	74	admitted	
597	1789118583894	1	82	admitted	
602	1789118583899	0	72	admitted	
603	1789118583900	2	77	admitted	
609	1789118583906	1	85	admitted	
627	1789118583924	1	88	admitted	
633	1789118583929	2	80	admitted	
637	1789118583934	1	91	admitted	
652	1789118583948	2	83	admitted	
656	1789118583953	1	94	admitted	
663	1789118583960	2	86	admitted	
668	1789118583965	1	97	admitted	
681	1789118583978	2	89	admitted	
712	1789118584009	1	100	admitted	
722	1789118584019	1	103	admitted	
734	1789118584030	1	106	admitted	
743	1789118584040	0	75	admitted	
746	1789118584043	1	109	admitted	
758	1789118584054	0	78	admitted	
771	1789118584068	2	92	admitted	
774	1789118584071	0	81	admitted	
782	1789118584078	2	95	admitted	
786	1789118584082	0	84	admitted	
805	1789118584101	0	87	admitted	
812	1789118584109	1	112	admitted	
869	1789118584165	0	90	admitted	
876	1789118584173	1	115	admitted	
890	1789118584186	1	118	admitted	
897	1789118584194	0	93	admitted	
902	1789118584199	1	121	admitted	
909	1789118584205	0	96	admitted	
914	1789118584210	1	124	admitted	
922	1789118584219	2	98	admitted	
929	1789118584225	1	127	admitted	
931	1789118584227	0	99	admitted	
942	1789118584238	2	101	admitted	
942	1789118584239	0	102	admitted	
949	1789118584245	1	130	admitted	
953	1789118584250	2	104	admitted	
958	1789118584254	0	105	admitted	
960	1789118584257	1	133	admitted	
975	1789118584271	2	107	admitted	
978	1789118584275	0	108	admitted	
990	1789118584287	0	111	admitted	
1035	1789118584332	0	114	admitted	
1042	1789118584339	2	110	admitted	
1049	1789118584345	0	117	admitted	
1054	1789118584351	2	113	admitted	
1064	1789118584361	2	116	admitted	
1075	1789118584371	2	119	admitted	
1079	1789118584376	0	120	admitted	
1089	1789118584386	2	122	admitted	
1100	1789118584397	2	125	admitted	
1112	1789118584409	2	128	admitted	
1131	1789118584428	2	131	admitted	
1142	1789118584439	2	134	admitted	
1144	1789118584440	0	123	admitted	
1154	1789118584450	2	137	admitted	
1154	1789118584451	0	126	admitted	
1158	1789118584454	1	136	admitted	
1166	1789118584462	0	129	admitted	
1167	1789118584464	2	140	admitted	
1179	1789118584476	0	132	admitted	
1183	1789118584479	2	143	admitted	
1191	1789118584487	0	135	admitted	
1203	1789118584500	1	139	admitted	
1214	1789118584511	1	142	admitted	
1228	1789118584525	2	146	admitted	
1231	1789118584527	1	145	admitted	
1245	1789118584542	2	149	admitted	
1245	1789118584542	1	148	admitted	
1261	1789118584558	2	152	admitted	
1267	1789118584564	1	151	admitted	
1281	1789118584577	1	154	admitted	
1281	1789118584578	0	138	admitted	
1292	1789118584589	0	141	admitted	
1294	1789118584591	1	157	admitted	
1309	1789118584606	1	160	admitted	
1310	1789118584606	0	144	admitted	
1323	1789118584620	0	147	admitted	
1324	1789118584620	1	163	admitted	
1338	1789118584635	0	150	admitted	
1341	1789118584637	1	166	admitted	
1354	1789118584651	0	153	admitted	
1354	1789118584651	1	169	admitted	
1385	1789118584682	1	172	admitted	
1397	1789118584694	1	175	admitted	
1403	1789118584700	2	155	admitted	
1410	1789118584706	1	178	admitted	
1422	1789118584719	1	181	admitted	
1446	1789118584742	0	156	admitted	
1457	1789118584754	0	159	admitted	
1471	1789118584767	0	162	admitted	
1483	1789118584780	0	165	admitted	
1494	1789118584791	2	158	admitted	
1505	1789118584802	2	161	admitted	
1551	1789118584848	2	164	admitted	
1562	1789118584859	2	167	admitted	
1613	1789118584910	1	184	admitted	
1623	1789118584920	0	168	admitted	
1631	1789118584928	2	170	admitted	
1639	1789118584935	0	171	admitted	
1644	1789118584941	2	173	admitted	
1658	1789118584955	2	176	admitted	
1670	1789118584967	2	179	admitted	
1670	1789118584967	0	174	admitted	
1680	1789118584976	1	187	admitted	
1685	1789118584982	2	182	admitted	
1691	1789118584988	0	177	admitted	
1693	1789118584990	1	190	admitted	
1701	1789118584997	2	185	admitted	
1706	1789118585003	0	180	admitted	
1713	1789118585009	1	193	admitted	
1716	1789118585012	2	188	admitted	
1719	1789118585016	0	183	admitted	
1729	1789118585025	2	191	admitted	
1740	1789118585037	0	186	admitted	
1743	1789118585040	2	194	admitted	
1744	1789118585040	1	196	admitted	
1756	1789118585052	0	189	admitted	
1759	1789118585056	1	199	admitted	
1759	1789118585056	2	197	admitted	
1770	1789118585066	0	192	admitted	
1777	1789118585074	2	200	admitted	
1784	1789118585081	0	195	admitted	
1793	1789118585089	1	202	admitted	
1794	1789118585091	2	203	admitted	
1798	1789118585094	0	198	admitted	
1806	1789118585103	1	205	admitted	
1809	1789118585106	2	206	admitted	
1821	1789118585118	1	208	admitted	
1845	1789118585141	0	201	admitted	
1863	1789118585160	0	204	admitted	
1870	1789118585167	1	211	admitted	
1875	1789118585172	0	207	admitted	
1883	1789118585180	1	214	admitted	
1899	1789118585195	1	217	admitted	
1912	1789118585208	1	220	admitted	
1926	1789118585223	2	209	admitted	
1934	1789118585230	1	223	admitted	
1941	1789118585238	2	212	admitted	
1948	1789118585245	1	226	admitted	
1957	1789118585253	2	215	admitted	
1969	1789118585266	2	218	admitted	
1986	1789118585283	2	221	admitted	
2001	1789118585297	2	224	admitted	
2022	1789118585319	2	227	admitted	
2027	1789118585323	0	210	admitted	
2034	1789118585330	2	230	admitted	
2039	1789118585336	0	213	admitted	
2041	1789118585337	1	229	admitted	
2048	1789118585344	2	233	admitted	
2058	1789118585355	1	232	admitted	
2061	1789118585357	2	236	admitted	
2072	1789118585368	1	235	admitted	
2087	1789118585384	0	216	admitted	
2087	1789118585384	1	238	admitted	
2100	1789118585396	0	219	admitted	
2101	1789118585397	1	241	admitted	
2118	1789118585414	1	244	admitted	
2122	1789118585418	0	222	admitted	
2129	1789118585426	2	239	admitted	
2132	1789118585429	1	247	admitted	
2145	1789118585442	0	225	admitted	
2146	1789118585443	2	242	admitted	
2149	1789118585446	1	250	admitted	
2169	1789118585466	2	245	admitted	
2182	1789118585478	2	248	admitted	
2193	1789118585490	0	228	admitted	
2195	1789118585492	2	251	admitted	
2212	1789118585508	2	254	admitted	
2218	1789118585514	1	253	admitted	
2228	1789118585524	2	257	admitted	
2240	1789118585537	2	260	admit-refused	authority refusal LIMIT_EXCEEDED: aggregate admission capacity exhausted
2251	1789118585548	1	256	admitted	
2263	1789118585559	0	231	admitted	
2281	1789118585577	0	234	admitted	
2284	1789118585581	1	259	admitted	
2303	1789118585600	1	262	admitted	
2319	1789118585615	1	265	admitted	
2335	1789118585632	1	268	admitted	
2349	1789118585646	0	237	admitted	
2351	1789118585648	1	271	admitted	
2384	1789118585680	0	240	admitted	
2395	1789118585691	2	260	admit-retried	succeeded after 1 refusals
2395	1789118585691	2	260	admitted	
2413	1789118585709	2	263	admitted	
2433	1789118585729	2	266	admitted	
2434	1789118585731	0	243	admitted	
2445	1789118585741	1	274	admitted	
2450	1789118585747	2	269	admitted	
2451	1789118585747	0	246	admitted	
2469	1789118585766	0	249	admitted	
2485	1789118585782	0	252	admitted	
2494	1789118585790	1	277	admitted	
2501	1789118585798	0	255	admitted	
2508	1789118585804	1	280	admitted	
2515	1789118585811	0	258	admitted	
2528	1789118585825	0	261	admitted	
2530	1789118585827	1	283	admitted	
2546	1789118585842	1	286	admitted	
2546	1789118585843	0	264	admitted	
2563	1789118585860	0	267	admitted	
2573	1789118585870	1	289	admitted	
2588	1789118585884	0	270	admitted	
2591	1789118585887	1	292	admitted	
2605	1789118585902	1	295	admitted	
2620	1789118585917	1	298	admitted	
2695	1789118585992	2	272	admitted	
2714	1789118586011	2	275	admitted	
2734	1789118586031	0	273	admitted	
2738	1789118586035	1	301	admitted	
2739	1789118586036	2	278	admitted	
2749	1789118586046	0	276	admitted	
2754	1789118586051	1	304	admitted	
2762	1789118586059	2	281	admitted	
2770	1789118586067	1	307	admitted	
2787	1789118586084	1	310	admitted	
2798	1789118586094	0	279	admitted	
2801	1789118586097	1	313	admitted	
2813	1789118586109	0	282	admitted	
2816	1789118586113	1	316	admitted	
2831	1789118586127	2	284	admitted	
2831	1789118586128	1	319	admitted	
2851	1789118586148	1	322	admitted	
2862	1789118586158	0	285	admitted	
2868	1789118586164	1	325	admitted	
2877	1789118586174	0	288	admitted	
2890	1789118586187	1	328	admitted	
2900	1789118586196	0	291	admitted	
2902	1789118586198	2	287	admitted	
2905	1789118586201	1	331	admitted	
2916	1789118586213	0	294	admitted	
2919	1789118586216	2	290	admitted	
2921	1789118586217	1	334	admitted	
2935	1789118586231	1	337	admit-refused	authority refusal LIMIT_EXCEEDED: aggregate admission capacity exhausted
2952	1789118586249	2	293	admitted	
2970	1789118586266	2	296	admitted	
2987	1789118586284	0	297	admitted	
2994	1789118586290	2	299	admitted	
3010	1789118586307	2	302	admitted	
3022	1789118586318	0	300	admitted	
3037	1789118586334	0	303	admitted	
3050	1789118586347	1	337	admit-retried	succeeded after 1 refusals
3050	1789118586347	1	337	admitted	
3065	1789118586362	1	340	admitted	
3082	1789118586378	1	343	admitted	
3084	1789118586381	0	306	admitted	
3102	1789118586398	0	309	admitted	
3105	1789118586402	1	346	admitted	
3108	1789118586404	2	305	admitted	
3123	1789118586420	0	312	admitted	
3124	1789118586420	1	349	admitted	
3142	1789118586439	1	352	admitted	
3143	1789118586439	2	308	admitted	
3145	1789118586442	0	315	admitted	
3160	1789118586456	0	318	admitted	
3162	1789118586459	2	311	admitted	
3178	1789118586475	1	355	admitted	
3180	1789118586476	2	314	admitted	
3182	1789118586478	0	321	admitted	
3206	1789118586503	0	324	admitted	
3214	1789118586511	2	317	admitted	
3233	1789118586530	2	320	admitted	
3268	1789118586565	2	323	admitted	
3278	1789118586574	0	327	admitted	
3300	1789118586596	0	330	admitted	
3318	1789118586614	2	326	admitted	
3320	1789118586616	0	333	admitted	
3336	1789118586633	2	329	admitted	
3353	1789118586649	2	332	admitted	
3373	1789118586670	2	335	admitted	
3407	1789118586703	2	338	admitted	
3413	1789118586710	0	336	admitted	
3424	1789118586721	2	341	admitted	
3444	1789118586741	2	344	admitted	
3463	1789118586760	2	347	admitted	
3484	1789118586781	0	339	admitted	
3505	1789118586802	0	342	admitted	
3518	1789118586814	2	350	admitted	
3525	1789118586822	1	358	admitted	
3540	1789118586836	0	345	admitted	
3546	1789118586843	1	361	admitted	
3547	1789118586843	2	353	admitted	
3560	1789118586856	0	348	admitted	
3564	1789118586860	2	356	admitted	
3566	1789118586863	1	364	admitted	
3580	1789118586877	0	351	admitted	
3585	1789118586881	1	367	admitted	
3600	1789118586897	0	354	admitted	
3605	1789118586902	1	370	admitted	
3616	1789118586912	0	357	admitted	
3624	1789118586920	1	373	admitted	
3641	1789118586937	1	376	admitted	
3643	1789118586939	0	360	admitted	
3660	1789118586957	1	379	admitted	
3663	1789118586960	0	363	admitted	
3681	1789118586977	1	382	admitted	
3688	1789118586984	0	366	admitted	
3704	1789118587001	1	385	admitted	
3713	1789118587010	0	369	admitted	
3739	1789118587035	0	372	admitted	
3785	1789118587081	1	388	admitted	
3817	1789118587114	1	391	admitted	
3838	1789118587135	1	394	admitted	
3840	1789118587137	2	359	admitted	
3870	1789118587166	1	397	admitted	
3892	1789118587188	2	362	admitted	
3919	1789118587216	2	365	admitted	
3924	1789118587221	1	400	admitted	
3947	1789118587244	1	403	admitted	
3993	1789118587290	2	368	admitted	
4001	1789118587297	1	406	admitted	
4023	1789118587320	2	371	admitted	
4028	1789118587325	1	409	admitted	
4052	1789118587348	2	374	admitted	
4054	1789118587351	1	412	admitted	
4071	1789118587368	2	377	admitted	
4075	1789118587372	1	415	admitted	
4089	1789118587385	0	375	admitted	
4095	1789118587391	1	418	admitted	
4116	1789118587412	1	421	admitted	
4118	1789118587415	0	378	admitted	
4144	1789118587440	1	424	admitted	
4168	1789118587464	2	380	admitted	
4206	1789118587502	0	381	admitted	
4208	1789118587505	2	383	admitted	
4219	1789118587515	1	427	admitted	
4233	1789118587529	0	384	admitted	
4235	1789118587531	2	386	admitted	
4240	1789118587537	1	430	admitted	
4254	1789118587551	0	387	admitted	
4261	1789118587557	1	433	admitted	
4281	1789118587577	2	389	admitted	
4300	1789118587597	2	392	admitted	
4320	1789118587616	2	395	admitted	
4327	1789118587623	0	390	admitted	
4335	1789118587631	1	436	admitted	
4342	1789118587639	2	398	admitted	
4345	1789118587642	0	393	admitted	
4363	1789118587660	1	439	admitted	
4363	1789118587660	2	401	admitted	
4373	1789118587669	0	396	admitted	
4381	1789118587678	2	404	admitted	
4390	1789118587687	1	442	admitted	
4391	1789118587688	0	399	admitted	
4407	1789118587704	1	445	admit-refused	authority refusal LIMIT_EXCEEDED: aggregate admission capacity exhausted
4409	1789118587706	2	407	admitted	
4415	1789118587711	0	402	admitted	
4439	1789118587735	2	410	admitted	
4441	1789118587737	0	405	admitted	
4462	1789118587758	0	408	admitted	
4475	1789118587771	2	413	admitted	
4480	1789118587776	0	411	admitted	
4499	1789118587796	0	414	admitted	
4500	1789118587796	2	416	admitted	
4517	1789118587814	0	417	admitted	
4531	1789118587828	1	445	admit-retried	succeeded after 1 refusals
4531	1789118587828	1	445	admitted	
4552	1789118587849	2	419	admitted	
4557	1789118587854	0	420	admitted	
4559	1789118587856	1	448	admitted	
4573	1789118587869	2	422	admitted	
4579	1789118587876	1	451	admitted	
4591	1789118587888	2	425	admitted	
4613	1789118587909	2	428	admitted	
4635	1789118587931	1	454	admitted	
4666	1789118587962	2	431	admitted	
4695	1789118587992	2	434	admitted	
4708	1789118588005	1	457	admitted	
4716	1789118588013	2	437	admitted	
4734	1789118588030	2	440	admitted	
4737	1789118588034	1	460	admitted	
4754	1789118588051	2	443	admitted	
4757	1789118588054	1	463	admit-refused	authority refusal LIMIT_EXCEEDED: aggregate admission capacity exhausted
4776	1789118588073	2	446	admitted	
4801	1789118588098	2	449	admitted	
4830	1789118588126	2	452	admitted	
4837	1789118588133	0	423	admitted	
4854	1789118588151	2	455	admitted	
4867	1789118588163	0	426	admitted	
4877	1789118588174	2	458	admitted	
4880	1789118588176	1	463	admit-retried	succeeded after 1 refusals
4880	1789118588176	1	463	admitted	
4898	1789118588195	2	461	admitted	
4939	1789118588236	0	429	admitted	
4955	1789118588251	1	466	admitted	
4978	1789118588275	1	469	admitted	
4978	1789118588275	0	432	admitted	
4997	1789118588294	2	464	admitted	
5007	1789118588304	0	435	admitted	
5016	1789118588313	2	467	admitted	
5017	1789118588313	1	472	admitted	
5027	1789118588324	0	438	admitted	
5034	1789118588330	2	470	admit-refused	authority refusal LIMIT_EXCEEDED: aggregate admission capacity exhausted
5049	1789118588345	0	441	admitted	
5070	1789118588366	0	444	admitted	
5073	1789118588370	1	475	admitted	
5089	1789118588385	0	447	admitted	
5097	1789118588393	1	478	admitted	
5112	1789118588409	0	450	admitted	
5120	1789118588417	1	481	admitted	
5136	1789118588432	0	453	admitted	
5154	1789118588451	0	456	admitted	
5166	1789118588463	1	484	admitted	
5204	1789118588500	1	487	admitted	
5224	1789118588521	1	490	admit-refused	authority refusal LIMIT_EXCEEDED: aggregate admission capacity exhausted
5256	1789118588553	0	459	admitted	
5277	1789118588574	0	462	admitted	
5289	1789118588586	2	470	admit-retried	succeeded after 1 refusals
5289	1789118588586	2	470	admitted	
5304	1789118588600	0	465	admitted	
5340	1789118588637	0	468	admitted	
5361	1789118588657	0	471	admitted	
5384	1789118588681	0	474	admitted	
5386	1789118588683	1	490	admit-retried	succeeded after 1 refusals
5386	1789118588683	1	490	admitted	
5406	1789118588703	0	477	admitted	
5409	1789118588705	1	493	admitted	
5430	1789118588726	0	480	admitted	
5449	1789118588746	1	496	admitted	
5452	1789118588748	0	483	admitted	
5476	1789118588772	1	499	admitted	
5477	1789118588773	0	486	admitted	
5500	1789118588796	0	489	admitted	
5522	1789118588818	0	492	admitted	
5531	1789118588828	1	502	admitted	
5540	1789118588837	2	473	admitted	
5556	1789118588853	1	505	admitted	
5564	1789118588861	2	476	admitted	
5583	1789118588880	1	508	admitted	
5600	1789118588897	0	495	admitted	
5622	1789118588919	0	498	admitted	
5639	1789118588935	1	511	admitted	
5662	1789118588959	1	514	admitted	
5664	1789118588960	0	501	admitted	
5666	1789118588963	2	479	admitted	
5687	1789118588984	1	517	admitted	
5687	1789118588984	2	482	admitted	
5688	1789118588984	0	504	admitted	
5712	1789118589008	0	507	admitted	
5738	1789118589034	0	510	admitted	
5745	1789118589042	1	520	admitted	
5770	1789118589066	0	513	admitted	
5785	1789118589082	1	523	admitted	
5801	1789118589097	0	516	admitted	
5808	1789118589105	1	526	admitted	
5815	1789118589112	2	485	admitted	
5823	1789118589120	0	519	admitted	
5840	1789118589136	1	529	admitted	
5841	1789118589138	2	488	admitted	
5866	1789118589163	1	532	admitted	
5868	1789118589164	2	491	admitted	
5880	1789118589177	0	522	admitted	
5886	1789118589183	1	535	admit-refused	authority refusal LIMIT_EXCEEDED: aggregate admission capacity exhausted
5891	1789118589188	2	494	admitted	
5904	1789118589201	0	525	admitted	
5918	1789118589214	2	497	admitted	
5929	1789118589226	0	528	admitted	
5952	1789118589249	0	531	admit-refused	authority refusal LIMIT_EXCEEDED: aggregate admission capacity exhausted
5994	1789118589291	2	500	admitted	
6013	1789118589310	1	535	admit-retried	succeeded after 1 refusals
6013	1789118589310	1	535	admitted	
6025	1789118589322	2	503	admitted	
6048	1789118589345	2	506	admitted	
6057	1789118589353	1	538	admitted	
6072	1789118589369	2	509	admitted	
6080	1789118589376	0	531	admit-retried	succeeded after 1 refusals
6080	1789118589376	0	531	admitted	
6089	1789118589386	1	541	admitted	
6098	1789118589395	2	512	admitted	
6109	1789118589406	1	544	admit-refused	authority refusal LIMIT_EXCEEDED: aggregate admission capacity exhausted
6121	1789118589418	2	515	admitted	
6138	1789118589435	0	534	admitted	
6144	1789118589441	2	518	admitted	
6164	1789118589460	0	537	admitted	
6170	1789118589467	2	521	admitted	
6186	1789118589483	0	540	admitted	
6199	1789118589496	2	524	admitted	
6211	1789118589507	0	543	admit-refused	authority refusal LIMIT_EXCEEDED: aggregate admission capacity exhausted
6222	1789118589518	2	527	admitted	
6233	1789118589530	1	544	admit-retried	succeeded after 1 refusals
6233	1789118589530	1	544	admitted	
6247	1789118589544	2	530	admitted	
6270	1789118589567	2	533	admitted	
6290	1789118589587	1	547	admitted	
6293	1789118589590	2	536	admitted	
6317	1789118589613	2	539	admitted	
6335	1789118589632	0	543	admit-retried	succeeded after 1 refusals
6335	1789118589632	0	543	admitted	
6342	1789118589639	2	542	admitted	
6360	1789118589657	0	546	admitted	
6363	1789118589659	2	545	admit-refused	authority refusal LIMIT_EXCEEDED: aggregate admission capacity exhausted
6393	1789118589690	1	550	admitted	
6420	1789118589716	1	553	admitted	
6446	1789118589743	1	556	admitted	
6463	1789118589760	0	549	admitted	
6482	1789118589779	1	559	admitted	
6490	1789118589786	2	545	admit-retried	succeeded after 1 refusals
6490	1789118589786	2	545	admitted	
6492	1789118589789	0	552	admitted	
6506	1789118589802	1	562	admitted	
6522	1789118589819	0	555	admitted	
6529	1789118589825	1	565	admitted	
6533	1789118589830	2	548	admitted	
6555	1789118589851	0	558	admitted	
6561	1789118589857	2	551	admitted	
6584	1789118589880	2	554	admitted	
6587	1789118589884	0	561	admitted	
6606	1789118589902	0	564	admit-refused	authority refusal LIMIT_EXCEEDED: aggregate admission capacity exhausted
6621	1789118589918	2	557	admit-refused	authority refusal LIMIT_EXCEEDED: aggregate admission capacity exhausted
6655	1789118589952	1	568	admitted	
6680	1789118589977	1	571	admitted	
6730	1789118590027	0	564	admit-retried	succeeded after 1 refusals
6730	1789118590027	0	564	admitted	
6739	1789118590035	1	574	admitted	
6755	1789118590052	0	567	admitted	
6778	1789118590074	2	557	admit-retried	succeeded after 1 refusals
6778	1789118590074	2	557	admitted	
6779	1789118590075	0	570	admit-refused	authority refusal LIMIT_EXCEEDED: aggregate admission capacity exhausted
6781	1789118590078	1	577	admitted	
6801	1789118590098	2	560	admitted	
6804	1789118590100	1	580	admitted	
6826	1789118590123	2	563	admitted	
6828	1789118590125	1	583	admitted	
6850	1789118590146	2	566	admitted	
6852	1789118590149	1	586	admitted	
6872	1789118590168	1	589	admit-refused	authority refusal LIMIT_EXCEEDED: aggregate admission capacity exhausted
6873	1789118590170	2	569	admitted	
6892	1789118590189	2	572	admit-refused	authority refusal LIMIT_EXCEEDED: aggregate admission capacity exhausted
6923	1789118590220	0	570	admit-retried	succeeded after 1 refusals
6923	1789118590220	0	570	admitted	
6948	1789118590244	0	573	admitted	
6979	1789118590276	0	576	admitted	
7009	1789118590306	0	579	admitted	
7018	1789118590315	2	572	admit-retried	succeeded after 1 refusals
7018	1789118590315	2	572	admitted	
7035	1789118590331	0	582	admit-refused	authority refusal LIMIT_EXCEEDED: aggregate admission capacity exhausted
7042	1789118590338	2	575	admitted	
7073	1789118590370	1	589	admit-retried	succeeded after 1 refusals
7073	1789118590370	1	589	admitted	
7085	1789118590382	2	578	admitted	
7100	1789118590397	1	592	admitted	
7113	1789118590410	2	581	admitted	
7140	1789118590437	2	584	admitted	
7159	1789118590456	1	595	admitted	
7162	1789118590458	0	582	admit-retried	succeeded after 1 refusals
7162	1789118590458	0	582	admitted	
7189	1789118590485	0	585	admitted	
7214	1789118590511	0	588	admitted	
7217	1789118590513	1	598	admitted	
7259	1789118590556	1	601	admitted	
7267	1789118590564	2	587	admitted	
7283	1789118590579	1	604	admitted	
7292	1789118590589	2	590	admitted	
7317	1789118590614	2	593	admitted	
7329	1789118590626	1	607	admitted	
7342	1789118590639	2	596	admitted	
7359	1789118590655	1	610	admitted	
7364	1789118590661	2	599	admitted	
7367	1789118590664	0	591	admitted	
7381	1789118590678	1	613	admitted	
7385	1789118590681	2	602	admit-refused	authority refusal LIMIT_EXCEEDED: aggregate admission capacity exhausted
7400	1789118590697	0	594	admitted	
7405	1789118590702	1	616	admitted	
7424	1789118590721	1	619	admit-refused	authority refusal LIMIT_EXCEEDED: aggregate admission capacity exhausted
7428	1789118590725	0	597	admitted	
7451	1789118590748	0	600	admitted	
7475	1789118590772	0	603	admitted	
7496	1789118590792	0	606	admit-refused	authority refusal LIMIT_EXCEEDED: aggregate admission capacity exhausted
7508	1789118590804	2	602	admit-retried	succeeded after 1 refusals
7508	1789118590804	2	602	admitted	
7532	1789118590829	2	605	admitted	
7555	1789118590851	1	619	admit-retried	succeeded after 1 refusals
7555	1789118590851	1	619	admitted	
7567	1789118590864	2	608	admitted	
7595	1789118590891	2	611	admitted	
7623	1789118590920	2	614	admitted	
7632	1789118590928	0	606	admit-retried	succeeded after 1 refusals
7632	1789118590928	0	606	admitted	
7645	1789118590941	2	617	admit-refused	authority refusal LIMIT_EXCEEDED: aggregate admission capacity exhausted
7683	1789118590980	1	622	admitted	
7717	1789118591013	1	625	admitted	
7741	1789118591038	1	628	admitted	
7773	1789118591069	1	631	admitted	
7779	1789118591076	2	617	admit-retried	succeeded after 1 refusals
7779	1789118591076	2	617	admitted	
7785	1789118591082	0	609	admitted	
7801	1789118591098	2	620	admit-refused	authority refusal LIMIT_EXCEEDED: aggregate admission capacity exhausted
7812	1789118591108	0	612	admitted	
7837	1789118591133	0	615	admitted	
7863	1789118591159	0	618	admitted	
7877	1789118591174	1	634	admitted	
7897	1789118591194	0	621	admitted	
7907	1789118591203	1	637	admitted	
7926	1789118591222	2	620	admit-retried	succeeded after 1 refusals
7926	1789118591222	2	620	admitted	
7933	1789118591229	1	640	admit-refused	authority refusal LIMIT_EXCEEDED: aggregate admission capacity exhausted
7953	1789118591249	2	623	admitted	
7981	1789118591278	2	626	admitted	
8002	1789118591298	0	624	admitted	
8004	1789118591301	2	629	admit-refused	authority refusal LIMIT_EXCEEDED: aggregate admission capacity exhausted
8031	1789118591327	0	627	admitted	
8060	1789118591357	1	640	admit-retried	succeeded after 1 refusals
8060	1789118591357	1	640	admitted	
8065	1789118591361	0	630	admitted	
8098	1789118591394	0	633	admitted	
8127	1789118591424	0	636	admitted	
8141	1789118591437	2	629	admit-retried	succeeded after 1 refusals
8141	1789118591437	2	629	admitted	
8167	1789118591464	2	632	admitted	
8216	1789118591512	2	635	admitted	
8218	1789118591515	0	639	admitted	
8250	1789118591547	2	638	admitted	
8253	1789118591550	0	642	admitted	
8279	1789118591575	2	641	admitted	
8280	1789118591577	0	645	admit-refused	authority refusal LIMIT_EXCEEDED: aggregate admission capacity exhausted
8309	1789118591606	2	644	admitted	
8336	1789118591633	2	647	admit-refused	authority refusal LIMIT_EXCEEDED: aggregate admission capacity exhausted
8409	1789118591706	0	645	admit-retried	succeeded after 1 refusals
8409	1789118591706	0	645	admitted	
8416	1789118591712	1	643	admitted	
8449	1789118591745	1	646	admitted	
8463	1789118591760	2	647	admit-retried	succeeded after 1 refusals
8463	1789118591760	2	647	admitted	
8471	1789118591768	0	648	admitted	
8477	1789118591774	1	649	admitted	
8499	1789118591796	2	650	admitted	
8504	1789118591800	1	652	admitted	
8514	1789118591811	0	651	admitted	
8523	1789118591820	2	653	admitted	
8535	1789118591831	1	655	admitted	
8548	1789118591844	2	656	admit-refused	authority refusal LIMIT_EXCEEDED: aggregate admission capacity exhausted
8549	1789118591845	0	654	admitted	
8560	1789118591857	1	658	admitted	
8573	1789118591870	0	657	admit-refused	authority refusal LIMIT_EXCEEDED: aggregate admission capacity exhausted
8589	1789118591886	1	661	admitted	
8661	1789118591958	1	664	admitted	
8683	1789118591980	2	656	admit-retried	succeeded after 1 refusals
8683	1789118591980	2	656	admitted	
8692	1789118591989	1	667	admitted	
8711	1789118592008	2	659	admitted	
8712	1789118592009	0	657	admit-retried	succeeded after 1 refusals
8712	1789118592009	0	657	admitted	
8718	1789118592015	1	670	admitted	
8733	1789118592030	2	662	admit-refused	authority refusal LIMIT_EXCEEDED: aggregate admission capacity exhausted
8742	1789118592038	0	660	admitted	
8743	1789118592040	1	673	admitted	
8785	1789118592082	0	663	admitted	
8788	1789118592085	1	676	admitted	
8807	1789118592103	0	666	admit-refused	authority refusal LIMIT_EXCEEDED: aggregate admission capacity exhausted
8848	1789118592145	1	679	admitted	
8892	1789118592189	1	682	admitted	
8895	1789118592191	2	662	admit-retried	succeeded after 1 refusals
8895	1789118592191	2	662	admitted	
8923	1789118592220	2	665	admitted	
8950	1789118592246	2	668	admitted	
8955	1789118592252	1	685	admitted	
8978	1789118592275	2	671	admitted	
8988	1789118592285	0	666	admit-retried	succeeded after 1 refusals
8988	1789118592285	0	666	admitted	
8999	1789118592296	1	688	admitted	
9005	1789118592301	2	674	admitted	
9027	1789118592324	2	677	admit-refused	authority refusal LIMIT_EXCEEDED: aggregate admission capacity exhausted
9036	1789118592332	0	669	admitted	
9079	1789118592376	0	672	admitted	
9083	1789118592379	1	691	admitted	
9106	1789118592402	0	675	admitted	
9129	1789118592426	1	694	admitted	
9132	1789118592428	0	678	admitted	
9154	1789118592451	2	677	admit-retried	succeeded after 1 refusals
9154	1789118592451	2	677	admitted	
9167	1789118592464	0	681	admitted	
9181	1789118592477	2	680	admitted	
9199	1789118592495	0	684	admitted	
9209	1789118592506	1	697	admitted	
9223	1789118592520	0	687	admitted	
9264	1789118592560	2	683	admitted	
9301	1789118592598	0	690	admitted	
9320	1789118592616	1	700	admitted	
9328	1789118592624	0	693	admit-refused	authority refusal LIMIT_EXCEEDED: aggregate admission capacity exhausted
9347	1789118592644	2	686	admitted	
9365	1789118592662	1	703	admitted	
9377	1789118592673	2	689	admitted	
9414	1789118592711	2	692	admitted	
9462	1789118592759	0	693	admit-retried	succeeded after 1 refusals
9462	1789118592759	0	693	admitted	
9495	1789118592792	0	696	admitted	
9522	1789118592819	0	699	admitted	
9566	1789118592862	0	702	admitted	
9573	1789118592870	1	706	admitted	
9610	1789118592907	0	705	admitted	
9654	1789118592951	0	708	admitted	
9670	1789118592967	2	695	admitted	
9680	1789118592977	0	711	admitted	
9701	1789118592997	2	698	admitted	
9728	1789118593025	2	701	admitted	
9758	1789118593054	2	704	admitted	
9761	1789118593057	0	714	admitted	
9780	1789118593076	1	709	admitted	
9788	1789118593085	0	717	admitted	
9788	1789118593085	2	707	admitted	
9808	1789118593105	1	712	admitted	
9815	1789118593111	0	720	admit-refused	authority refusal LIMIT_EXCEEDED: aggregate admission capacity exhausted
9821	1789118593118	2	710	admitted	
9855	1789118593152	2	713	admitted	
9883	1789118593180	2	716	admitted	
9895	1789118593191	1	715	admitted	
9917	1789118593213	2	719	admitted	
9923	1789118593219	1	718	admitted	
9944	1789118593241	0	720	admit-retried	succeeded after 1 refusals
9944	1789118593241	0	720	admitted	
9955	1789118593251	2	722	admitted	
10003	1789118593300	2	725	admitted	
10053	1789118593350	0	723	admitted	
10081	1789118593377	1	721	admitted	
10100	1789118593396	0	726	admitted	
10109	1789118593405	1	724	admitted	
10131	1789118593428	0	729	admitted	
10168	1789118593465	1	727	admitted	
10192	1789118593489	0	732	admitted	
10195	1789118593492	1	730	admitted	
10231	1789118593528	1	733	admitted	
10232	1789118593529	0	735	admitted	
10259	1789118593556	1	736	admitted	
10264	1789118593561	0	738	admitted	
10286	1789118593583	1	739	admitted	
10297	1789118593593	0	741	admitted	
10315	1789118593612	1	742	admitted	
10344	1789118593641	0	744	admitted	
10422	1789118593718	1	745	admitted	
10456	1789118593753	1	748	admitted	
10462	1789118593759	2	728	admitted	
10494	1789118593791	2	731	admitted	
10541	1789118593837	2	734	admitted	
10563	1789118593859	1	751	admitted	
10595	1789118593891	1	754	admitted	
10602	1789118593898	0	747	admitted	
10622	1789118593919	2	737	admitted	
10635	1789118593931	0	750	admitted	
10646	1789118593943	1	757	admitted	
10693	1789118593990	1	760	admitted	
10706	1789118594003	2	740	admitted	
10728	1789118594025	1	763	admitted	
10735	1789118594032	2	743	admitted	
10744	1789118594041	0	753	admitted	
10772	1789118594068	2	746	admitted	
10795	1789118594091	1	766	admitted	
10796	1789118594093	1	1	succeeded	attempt 1
10805	1789118594102	0	756	admitted	
10810	1789118594107	2	749	admitted	
10827	1789118594124	1	1	first-usable-output	
10827	1789118594124	1	1	chunk-verified	
10829	1789118594125	1	4	succeeded	attempt 1
10835	1789118594132	0	759	admitted	
10842	1789118594139	2	752	admitted	
10881	1789118594178	0	762	admitted	
10894	1789118594191	1	4	chunk-verified	
10896	1789118594193	1	7	succeeded	attempt 1
10909	1789118594206	1	7	chunk-verified	
10911	1789118594207	1	10	succeeded	attempt 1
10914	1789118594210	0	765	admitted	
10916	1789118594212	0	0	succeeded	attempt 1
10931	1789118594228	0	0	first-usable-output	
10931	1789118594228	0	0	chunk-verified	
10933	1789118594229	0	3	succeeded	attempt 1
10952	1789118594249	2	755	admitted	
10955	1789118594251	1	10	chunk-verified	
10957	1789118594254	1	13	succeeded	attempt 1
10973	1789118594269	1	13	chunk-verified	
10974	1789118594271	1	16	succeeded	attempt 1
10980	1789118594277	2	758	admitted	
11000	1789118594297	0	3	chunk-verified	
11001	1789118594298	0	6	succeeded	attempt 1
11010	1789118594307	2	761	admitted	
11043	1789118594340	2	764	admitted	
11076	1789118594373	2	767	admitted	
11078	1789118594374	2	2	succeeded	attempt 1
11093	1789118594390	2	2	first-usable-output	
11093	1789118594390	2	2	chunk-verified	
11095	1789118594391	2	5	succeeded	attempt 1
11111	1789118594408	2	5	chunk-verified	
11113	1789118594410	2	8	succeeded	attempt 1
11119	1789118594415	1	16	chunk-verified	
11121	1789118594417	1	19	succeeded	attempt 1
11126	1789118594423	2	8	chunk-verified	
11128	1789118594424	2	11	succeeded	attempt 1
11136	1789118594433	1	19	chunk-verified	
11138	1789118594435	1	22	succeeded	attempt 1
11139	1789118594436	2	11	chunk-verified	
11141	1789118594438	2	14	succeeded	attempt 1
11154	1789118594451	1	22	chunk-verified	
11156	1789118594453	1	25	succeeded	attempt 1
11157	1789118594453	2	14	chunk-verified	
11159	1789118594455	2	17	succeeded	attempt 1
11173	1789118594469	1	25	chunk-verified	
11175	1789118594471	1	28	succeeded	attempt 1
11193	1789118594489	1	28	chunk-verified	
11193	1789118594489	2	17	chunk-verified	
11193	1789118594490	0	6	chunk-verified	
11195	1789118594492	2	20	succeeded	attempt 1
11195	1789118594492	1	31	succeeded	attempt 1
11196	1789118594492	0	9	succeeded	attempt 1
11214	1789118594510	1	31	chunk-verified	
11215	1789118594512	1	34	succeeded	attempt 1
11217	1789118594514	0	9	chunk-verified	
11219	1789118594515	0	12	succeeded	attempt 1
11232	1789118594529	1	34	chunk-verified	
11234	1789118594531	1	37	succeeded	attempt 1
11244	1789118594540	2	20	chunk-verified	
11246	1789118594542	2	23	succeeded	attempt 1
11254	1789118594550	1	37	chunk-verified	
11255	1789118594551	0	12	chunk-verified	
11256	1789118594553	1	40	succeeded	attempt 1
11257	1789118594554	0	15	succeeded	attempt 1
11260	1789118594556	2	23	chunk-verified	
11262	1789118594558	2	26	succeeded	attempt 1
11276	1789118594573	1	40	chunk-verified	
11276	1789118594573	0	15	chunk-verified	
11278	1789118594575	0	18	succeeded	attempt 1
11279	1789118594576	1	43	succeeded	attempt 1
11314	1789118594610	1	43	chunk-verified	
11316	1789118594613	1	46	succeeded	attempt 1
11323	1789118594620	0	18	chunk-verified	
11325	1789118594621	0	21	succeeded	attempt 1
11327	1789118594623	2	26	chunk-verified	
11329	1789118594625	2	29	succeeded	attempt 1
11335	1789118594631	1	46	chunk-verified	
11337	1789118594634	1	49	succeeded	attempt 1
11338	1789118594634	0	21	chunk-verified	
11340	1789118594636	0	24	succeeded	attempt 1
11343	1789118594640	2	29	chunk-verified	
11345	1789118594641	2	32	succeeded	attempt 1
11353	1789118594649	0	24	chunk-verified	
11355	1789118594651	0	27	succeeded	attempt 1
11355	1789118594652	1	49	chunk-verified	
11357	1789118594654	2	32	chunk-verified	
11357	1789118594654	1	52	succeeded	attempt 1
11360	1789118594656	2	35	succeeded	attempt 1
11368	1789118594664	0	27	chunk-verified	
11370	1789118594666	0	30	succeeded	attempt 1
11375	1789118594671	2	35	chunk-verified	
11376	1789118594673	1	52	chunk-verified	
11378	1789118594674	2	38	succeeded	attempt 1
11378	1789118594675	1	55	succeeded	attempt 1
11390	1789118594687	0	30	chunk-verified	
11392	1789118594689	0	33	succeeded	attempt 1
11394	1789118594691	1	55	chunk-verified	
11396	1789118594692	1	58	succeeded	attempt 1
11409	1789118594706	2	38	chunk-verified	
11411	1789118594708	2	41	succeeded	attempt 1
11414	1789118594710	1	58	chunk-verified	
11415	1789118594712	1	61	succeeded	attempt 1
11428	1789118594724	2	41	chunk-verified	
11429	1789118594726	2	44	succeeded	attempt 1
11433	1789118594729	1	61	chunk-verified	
11434	1789118594731	1	64	succeeded	attempt 1
11438	1789118594735	0	33	chunk-verified	
11440	1789118594737	0	36	succeeded	attempt 1
11451	1789118594748	1	64	chunk-verified	
11453	1789118594750	1	67	succeeded	attempt 1
11461	1789118594758	0	36	chunk-verified	
11463	1789118594759	0	39	succeeded	attempt 1
11474	1789118594771	1	67	chunk-verified	
11476	1789118594772	0	39	chunk-verified	
11476	1789118594773	1	70	succeeded	attempt 1
11478	1789118594774	0	42	succeeded	attempt 1
11488	1789118594784	0	42	chunk-verified	
11489	1789118594786	0	45	succeeded	attempt 1
11492	1789118594788	1	70	chunk-verified	
11494	1789118594790	1	73	succeeded	attempt 1
11499	1789118594796	0	45	chunk-verified	
11501	1789118594797	0	48	succeeded	attempt 1
11507	1789118594803	1	73	chunk-verified	
11508	1789118594805	1	76	succeeded	attempt 1
11511	1789118594807	0	48	chunk-verified	
11512	1789118594809	0	51	succeeded	attempt 1
11520	1789118594816	1	76	chunk-verified	
11522	1789118594818	1	79	succeeded	attempt 1
11524	1789118594821	0	51	chunk-verified	
11525	1789118594822	2	44	chunk-verified	
11526	1789118594823	0	54	succeeded	attempt 1
11527	1789118594824	2	47	succeeded	attempt 1
11541	1789118594837	1	79	chunk-verified	
11543	1789118594840	1	82	succeeded	attempt 1
11544	1789118594840	0	54	chunk-verified	
11545	1789118594842	0	57	succeeded	attempt 1
11559	1789118594855	2	47	chunk-verified	
11561	1789118594857	1	82	chunk-verified	
11561	1789118594858	2	50	succeeded	attempt 1
11563	1789118594859	1	85	succeeded	attempt 1
11563	1789118594860	0	57	chunk-verified	
11565	1789118594862	0	60	succeeded	attempt 1
11578	1789118594874	2	50	chunk-verified	
11580	1789118594876	2	53	succeeded	attempt 1
11580	1789118594877	1	85	chunk-verified	
11582	1789118594879	1	88	succeeded	attempt 1
11585	1789118594882	0	60	chunk-verified	
11588	1789118594884	0	63	succeeded	attempt 1
11597	1789118594894	2	53	chunk-verified	
11599	1789118594896	2	56	succeeded	attempt 1
11601	1789118594897	1	88	chunk-verified	
11602	1789118594899	1	91	succeeded	attempt 1
11605	1789118594901	0	63	chunk-verified	
11607	1789118594903	0	66	succeeded	attempt 1
11616	1789118594912	2	56	chunk-verified	
11620	1789118594916	2	59	succeeded	attempt 1
11623	1789118594920	1	91	chunk-verified	
11624	1789118594920	0	66	chunk-verified	
11626	1789118594922	1	94	succeeded	attempt 1
11626	1789118594923	0	69	succeeded	attempt 1
11639	1789118594935	2	59	chunk-verified	
11642	1789118594938	2	62	succeeded	attempt 1
11645	1789118594941	1	94	chunk-verified	
11645	1789118594942	0	69	chunk-verified	
11647	1789118594944	1	97	succeeded	attempt 1
11647	1789118594944	0	72	succeeded	attempt 1
11661	1789118594958	2	62	chunk-verified	
11663	1789118594960	2	65	succeeded	attempt 1
11666	1789118594962	1	97	chunk-verified	
11668	1789118594964	1	100	succeeded	attempt 1
11685	1789118594981	1	100	chunk-verified	
11687	1789118594983	1	103	succeeded	attempt 1
11689	1789118594986	2	65	chunk-verified	
11691	1789118594988	2	68	succeeded	attempt 1
11699	1789118594996	0	72	chunk-verified	
11701	1789118594998	0	75	succeeded	attempt 1
11706	1789118595003	1	103	chunk-verified	
11708	1789118595005	2	68	chunk-verified	
11708	1789118595005	1	106	succeeded	attempt 1
11711	1789118595007	2	71	succeeded	attempt 1
11715	1789118595011	0	75	chunk-verified	
11716	1789118595013	0	78	succeeded	attempt 1
11726	1789118595023	1	106	chunk-verified	
11728	1789118595025	1	109	succeeded	attempt 1
11729	1789118595025	2	71	chunk-verified	
11731	1789118595027	2	74	succeeded	attempt 1
11732	1789118595029	0	78	chunk-verified	
11734	1789118595031	0	81	succeeded	attempt 1
11751	1789118595048	1	109	chunk-verified	
11752	1789118595049	2	74	chunk-verified	
11753	1789118595050	1	112	succeeded	attempt 1
11754	1789118595051	2	77	succeeded	attempt 1
11755	1789118595052	0	81	chunk-verified	
11758	1789118595054	0	84	succeeded	attempt 1
11771	1789118595068	1	112	chunk-verified	
11773	1789118595070	1	115	succeeded	attempt 1
11779	1789118595075	0	84	chunk-verified	
11781	1789118595077	0	87	succeeded	attempt 1
11785	1789118595082	2	77	chunk-verified	
11787	1789118595083	2	80	succeeded	attempt 1
11788	1789118595085	1	115	chunk-verified	
11791	1789118595087	1	118	succeeded	attempt 1
11797	1789118595093	0	87	chunk-verified	
11799	1789118595095	0	90	succeeded	attempt 1
11801	1789118595097	2	80	chunk-verified	
11803	1789118595099	2	83	succeeded	attempt 1
11812	1789118595108	1	118	chunk-verified	
11814	1789118595110	1	121	succeeded	attempt 1
11815	1789118595111	0	90	chunk-verified	
11817	1789118595113	0	93	succeeded	attempt 1
11817	1789118595114	2	83	chunk-verified	
11820	1789118595116	2	86	succeeded	attempt 1
11832	1789118595128	1	121	chunk-verified	
11834	1789118595130	0	93	chunk-verified	
11834	1789118595131	1	124	succeeded	attempt 1
11836	1789118595133	0	96	succeeded	attempt 1
11840	1789118595136	2	86	chunk-verified	
11843	1789118595139	2	89	succeeded	attempt 1
11852	1789118595148	1	124	chunk-verified	
11852	1789118595149	0	96	chunk-verified	
11854	1789118595151	1	127	succeeded	attempt 1
11854	1789118595151	0	99	succeeded	attempt 1
11860	1789118595157	2	89	chunk-verified	
11862	1789118595159	2	92	succeeded	attempt 1
11871	1789118595168	0	99	chunk-verified	
11873	1789118595170	1	127	chunk-verified	
11873	1789118595170	0	102	succeeded	attempt 1
11876	1789118595172	1	130	succeeded	attempt 1
11879	1789118595175	2	92	chunk-verified	
11881	1789118595177	2	95	succeeded	attempt 1
11890	1789118595187	0	102	chunk-verified	
11892	1789118595189	1	130	chunk-verified	
11893	1789118595189	0	105	succeeded	attempt 1
11894	1789118595191	1	133	succeeded	attempt 1
11900	1789118595196	2	95	chunk-verified	
11903	1789118595200	2	98	succeeded	attempt 1
11913	1789118595209	1	133	chunk-verified	
11915	1789118595211	1	136	succeeded	attempt 1
11923	1789118595220	2	98	chunk-verified	
11925	1789118595221	2	101	succeeded	attempt 1
11933	1789118595230	1	136	chunk-verified	
11935	1789118595232	1	139	succeeded	attempt 1
11941	1789118595238	2	101	chunk-verified	
11943	1789118595240	0	105	chunk-verified	
11944	1789118595240	2	104	succeeded	attempt 1
11946	1789118595243	0	108	succeeded	attempt 1
11951	1789118595248	1	139	chunk-verified	
11957	1789118595253	1	142	succeeded	attempt 1
11964	1789118595260	2	104	chunk-verified	
11965	1789118595261	0	108	chunk-verified	
11966	1789118595262	2	107	succeeded	attempt 1
11966	1789118595263	0	111	succeeded	attempt 1
11974	1789118595271	1	142	chunk-verified	
11977	1789118595273	1	145	succeeded	attempt 1
11983	1789118595279	2	107	chunk-verified	
11983	1789118595280	0	111	chunk-verified	
11985	1789118595282	2	110	succeeded	attempt 1
11985	1789118595282	0	114	succeeded	attempt 1
11995	1789118595291	1	145	chunk-verified	
11997	1789118595293	1	148	succeeded	attempt 1
12002	1789118595298	0	114	chunk-verified	
12003	1789118595300	0	117	succeeded	attempt 1
12005	1789118595302	2	110	chunk-verified	
12009	1789118595305	2	113	succeeded	attempt 1
12019	1789118595316	1	148	chunk-verified	
12022	1789118595319	1	151	succeeded	attempt 1
12022	1789118595319	0	117	chunk-verified	
12024	1789118595321	0	120	succeeded	attempt 1
12028	1789118595324	2	113	chunk-verified	
12032	1789118595328	2	116	succeeded	attempt 1
12041	1789118595338	1	151	chunk-verified	
12043	1789118595339	0	120	chunk-verified	
12043	1789118595340	1	154	succeeded	attempt 1
12045	1789118595342	0	123	succeeded	attempt 1
12052	1789118595348	2	116	chunk-verified	
12056	1789118595353	2	119	succeeded	attempt 1
12061	1789118595358	0	123	chunk-verified	
12063	1789118595360	0	126	succeeded	attempt 1
12065	1789118595361	1	154	chunk-verified	
12066	1789118595363	1	157	succeeded	attempt 1
12075	1789118595371	2	119	chunk-verified	
12077	1789118595374	2	122	succeeded	attempt 1
12081	1789118595378	0	126	chunk-verified	
12083	1789118595380	0	129	succeeded	attempt 1
12084	1789118595381	1	157	chunk-verified	
12087	1789118595383	1	160	succeeded	attempt 1
12095	1789118595392	2	122	chunk-verified	
12098	1789118595394	2	125	succeeded	attempt 1
12100	1789118595397	0	129	chunk-verified	
12103	1789118595399	0	132	succeeded	attempt 1
12104	1789118595400	1	160	chunk-verified	
12106	1789118595402	1	163	succeeded	attempt 1
12116	1789118595413	2	125	chunk-verified	
12119	1789118595415	2	128	succeeded	attempt 1
12120	1789118595416	0	132	chunk-verified	
12122	1789118595418	0	135	succeeded	attempt 1
12125	1789118595421	1	163	chunk-verified	
12127	1789118595423	1	166	succeeded	attempt 1
12140	1789118595436	2	128	chunk-verified	
12142	1789118595439	2	131	succeeded	attempt 1
12144	1789118595440	0	135	chunk-verified	
12146	1789118595442	0	138	succeeded	attempt 1
12150	1789118595447	1	166	chunk-verified	
12153	1789118595449	1	169	succeeded	attempt 1
12159	1789118595455	2	131	chunk-verified	
12161	1789118595458	2	134	succeeded	attempt 1
12168	1789118595464	0	138	chunk-verified	
12170	1789118595466	0	141	succeeded	attempt 1
12172	1789118595468	1	169	chunk-verified	
12173	1789118595470	1	172	succeeded	attempt 1
12178	1789118595475	2	134	chunk-verified	
12180	1789118595477	2	137	succeeded	attempt 1
12191	1789118595488	0	141	chunk-verified	
12192	1789118595489	1	172	chunk-verified	
12193	1789118595490	0	144	succeeded	attempt 1
12194	1789118595491	1	175	succeeded	attempt 1
12198	1789118595494	2	137	chunk-verified	
12200	1789118595497	2	140	succeeded	attempt 1
12209	1789118595505	0	144	chunk-verified	
12212	1789118595509	1	175	chunk-verified	
12212	1789118595509	0	147	succeeded	attempt 1
12214	1789118595511	1	178	succeeded	attempt 1
12220	1789118595516	2	140	chunk-verified	
12221	1789118595518	2	143	succeeded	attempt 1
12233	1789118595529	0	147	chunk-verified	
12235	1789118595531	1	178	chunk-verified	
12235	1789118595532	0	150	succeeded	attempt 1
12236	1789118595532	2	143	chunk-verified	
12237	1789118595534	1	181	succeeded	attempt 1
12237	1789118595534	2	146	succeeded	attempt 1
12256	1789118595553	2	146	chunk-verified	
12257	1789118595553	0	150	chunk-verified	
12257	1789118595553	1	181	chunk-verified	
12259	1789118595556	2	149	succeeded	attempt 1
12260	1789118595556	0	153	succeeded	attempt 1
12260	1789118595556	1	184	succeeded	attempt 1
12280	1789118595576	1	184	chunk-verified	
12280	1789118595577	2	149	chunk-verified	
12282	1789118595579	0	153	chunk-verified	
12282	1789118595579	1	187	succeeded	attempt 1
12283	1789118595579	2	152	succeeded	attempt 1
12284	1789118595581	0	156	succeeded	attempt 1
12299	1789118595595	0	156	chunk-verified	
12301	1789118595598	0	159	succeeded	attempt 1
12302	1789118595598	1	187	chunk-verified	
12304	1789118595600	2	152	chunk-verified	
12304	1789118595601	1	190	succeeded	attempt 1
12306	1789118595602	2	155	succeeded	attempt 1
12315	1789118595611	0	159	chunk-verified	
12317	1789118595613	0	162	succeeded	attempt 1
12321	1789118595618	1	190	chunk-verified	
12324	1789118595620	1	193	succeeded	attempt 1
12324	1789118595621	2	155	chunk-verified	
12326	1789118595623	2	158	succeeded	attempt 1
12329	1789118595625	0	162	chunk-verified	
12330	1789118595627	0	165	succeeded	attempt 1
12339	1789118595636	1	193	chunk-verified	
12342	1789118595638	1	196	succeeded	attempt 1
12346	1789118595643	2	158	chunk-verified	
12347	1789118595643	0	165	chunk-verified	
12349	1789118595645	2	161	succeeded	attempt 1
12349	1789118595646	0	168	succeeded	attempt 1
12362	1789118595659	1	196	chunk-verified	
12365	1789118595661	1	199	succeeded	attempt 1
12366	1789118595663	0	168	chunk-verified	
12369	1789118595665	0	171	succeeded	attempt 1
12369	1789118595665	2	161	chunk-verified	
12371	1789118595668	2	164	succeeded	attempt 1
12386	1789118595683	1	199	chunk-verified	
12387	1789118595684	0	171	chunk-verified	
12391	1789118595688	1	202	succeeded	attempt 1
12392	1789118595688	2	164	chunk-verified	
12392	1789118595689	0	174	succeeded	attempt 1
12396	1789118595692	2	167	succeeded	attempt 1
12415	1789118595712	1	202	chunk-verified	
12417	1789118595713	2	167	chunk-verified	
12417	1789118595714	0	174	chunk-verified	
12420	1789118595716	1	205	succeeded	attempt 1
12421	1789118595718	2	170	succeeded	attempt 1
12422	1789118595718	0	177	succeeded	attempt 1
12440	1789118595737	2	170	chunk-verified	
12442	1789118595738	1	205	chunk-verified	
12442	1789118595739	2	173	succeeded	attempt 1
12444	1789118595741	1	208	succeeded	attempt 1
12449	1789118595745	0	177	chunk-verified	
12451	1789118595748	0	180	succeeded	attempt 1
12458	1789118595755	2	173	chunk-verified	
12460	1789118595757	2	176	succeeded	attempt 1
12464	1789118595760	1	208	chunk-verified	
12466	1789118595762	1	211	succeeded	attempt 1
12468	1789118595765	0	180	chunk-verified	
12470	1789118595767	0	183	succeeded	attempt 1
12476	1789118595773	2	176	chunk-verified	
12478	1789118595775	2	179	succeeded	attempt 1
12485	1789118595782	1	211	chunk-verified	
12487	1789118595784	0	183	chunk-verified	
12488	1789118595785	1	214	succeeded	attempt 1
12489	1789118595786	0	186	succeeded	attempt 1
12495	1789118595792	2	179	chunk-verified	
12498	1789118595794	2	182	succeeded	attempt 1
12506	1789118595802	1	214	chunk-verified	
12507	1789118595804	0	186	chunk-verified	
12508	1789118595805	1	217	succeeded	attempt 1
12509	1789118595805	0	189	succeeded	attempt 1
12516	1789118595812	2	182	chunk-verified	
12518	1789118595814	2	185	succeeded	attempt 1
12525	1789118595821	1	217	chunk-verified	
12526	1789118595823	1	220	succeeded	attempt 1
12527	1789118595823	0	189	chunk-verified	
12529	1789118595825	0	192	succeeded	attempt 1
12531	1789118595828	2	185	chunk-verified	
12533	1789118595830	2	188	succeeded	attempt 1
12545	1789118595841	0	192	chunk-verified	
12545	1789118595842	1	220	chunk-verified	
12547	1789118595844	0	195	succeeded	attempt 1
12547	1789118595844	1	223	succeeded	attempt 1
12551	1789118595847	2	188	chunk-verified	
12553	1789118595850	2	191	succeeded	attempt 1
12565	1789118595861	0	195	chunk-verified	
12567	1789118595864	0	198	succeeded	attempt 1
12568	1789118595864	1	223	chunk-verified	
12570	1789118595866	1	226	succeeded	attempt 1
12572	1789118595868	2	191	chunk-verified	
12573	1789118595870	2	194	succeeded	attempt 1
12588	1789118595885	0	198	chunk-verified	
12589	1789118595886	1	226	chunk-verified	
12590	1789118595886	0	201	succeeded	attempt 1
12592	1789118595889	2	194	chunk-verified	
12594	1789118595890	1	229	succeeded	attempt 1
12596	1789118595893	2	197	succeeded	attempt 1
12612	1789118595909	0	201	chunk-verified	
12614	1789118595910	1	229	chunk-verified	
12615	1789118595912	2	197	chunk-verified	
12615	1789118595912	0	204	succeeded	attempt 1
12616	1789118595912	1	232	succeeded	attempt 1
12618	1789118595915	2	200	succeeded	attempt 1
12636	1789118595932	2	200	chunk-verified	
12636	1789118595933	1	232	chunk-verified	
12636	1789118595933	0	204	chunk-verified	
12638	1789118595935	2	203	succeeded	attempt 1
12639	1789118595935	1	235	succeeded	attempt 1
12639	1789118595935	0	207	succeeded	attempt 1
12657	1789118595954	1	235	chunk-verified	
12657	1789118595954	0	207	chunk-verified	
12660	1789118595956	1	238	succeeded	attempt 1
12660	1789118595956	2	203	chunk-verified	
12660	1789118595956	0	210	succeeded	attempt 1
12662	1789118595959	2	206	succeeded	attempt 1
12678	1789118595975	0	210	chunk-verified	
12678	1789118595975	1	238	chunk-verified	
12681	1789118595977	0	213	succeeded	attempt 1
12681	1789118595977	1	241	succeeded	attempt 1
12682	1789118595978	2	206	chunk-verified	
12684	1789118595980	2	209	succeeded	attempt 1
12699	1789118595996	0	213	chunk-verified	
12701	1789118595998	0	216	succeeded	attempt 1
12702	1789118595998	1	241	chunk-verified	
12704	1789118596000	2	209	chunk-verified	
12704	1789118596001	1	244	succeeded	attempt 1
12706	1789118596003	2	212	succeeded	attempt 1
12720	1789118596017	0	216	chunk-verified	
12722	1789118596019	1	244	chunk-verified	
12723	1789118596020	0	219	succeeded	attempt 1
12724	1789118596020	2	212	chunk-verified	
12725	1789118596021	1	247	succeeded	attempt 1
12727	1789118596023	2	215	succeeded	attempt 1
12744	1789118596040	0	219	chunk-verified	
12744	1789118596041	1	247	chunk-verified	
12746	1789118596043	2	215	chunk-verified	
12747	1789118596044	0	222	succeeded	attempt 1
12748	1789118596044	1	250	succeeded	attempt 1
12749	1789118596045	2	218	succeeded	attempt 1
12766	1789118596062	0	222	chunk-verified	
12766	1789118596063	2	218	chunk-verified	
12768	1789118596065	0	225	succeeded	attempt 1
12769	1789118596065	1	250	chunk-verified	
12770	1789118596067	2	221	succeeded	attempt 1
12771	1789118596067	1	253	succeeded	attempt 1
12789	1789118596085	0	225	chunk-verified	
12789	1789118596085	2	221	chunk-verified	
12793	1789118596090	0	228	succeeded	attempt 1
12793	1789118596090	2	224	succeeded	attempt 1
12794	1789118596091	1	253	chunk-verified	
12796	1789118596093	1	256	succeeded	attempt 1
12812	1789118596108	2	224	chunk-verified	
12812	1789118596109	0	228	chunk-verified	
12814	1789118596111	1	256	chunk-verified	
12815	1789118596111	2	227	succeeded	attempt 1
12815	1789118596112	0	231	succeeded	attempt 1
12817	1789118596114	1	259	succeeded	attempt 1
12832	1789118596129	0	231	chunk-verified	
12833	1789118596130	2	227	chunk-verified	
12835	1789118596132	0	234	succeeded	attempt 1
12836	1789118596133	1	259	chunk-verified	
12836	1789118596133	2	230	succeeded	attempt 1
12838	1789118596135	1	262	succeeded	attempt 1
12854	1789118596150	2	230	chunk-verified	
12854	1789118596151	0	234	chunk-verified	
12856	1789118596153	2	233	succeeded	attempt 1
12856	1789118596153	0	237	succeeded	attempt 1
12858	1789118596154	1	262	chunk-verified	
12860	1789118596156	1	265	succeeded	attempt 1
12873	1789118596169	0	237	chunk-verified	
12875	1789118596171	0	240	succeeded	attempt 1
12877	1789118596174	2	233	chunk-verified	
12879	1789118596176	2	236	succeeded	attempt 1
12881	1789118596177	1	265	chunk-verified	
12883	1789118596179	1	268	succeeded	attempt 1
12892	1789118596189	0	240	chunk-verified	
12895	1789118596191	0	243	succeeded	attempt 1
12896	1789118596192	2	236	chunk-verified	
12898	1789118596195	2	239	succeeded	attempt 1
12903	1789118596199	1	268	chunk-verified	
12905	1789118596202	1	271	succeeded	attempt 1
12912	1789118596209	0	243	chunk-verified	
12914	1789118596211	0	246	succeeded	attempt 1
12916	1789118596213	2	239	chunk-verified	
12919	1789118596215	2	242	succeeded	attempt 1
12928	1789118596225	1	271	chunk-verified	
12931	1789118596228	1	274	succeeded	attempt 1
12935	1789118596231	0	246	chunk-verified	
12937	1789118596234	0	249	succeeded	attempt 1
12938	1789118596234	2	242	chunk-verified	
12940	1789118596237	2	245	succeeded	attempt 1
12948	1789118596245	1	274	chunk-verified	
12951	1789118596248	1	277	succeeded	attempt 1
12954	1789118596250	0	249	chunk-verified	
12955	1789118596252	0	252	succeeded	attempt 1
12959	1789118596256	2	245	chunk-verified	
12962	1789118596259	2	248	succeeded	attempt 1
12969	1789118596265	1	277	chunk-verified	
12970	1789118596267	1	280	succeeded	attempt 1
12973	1789118596270	0	252	chunk-verified	
12975	1789118596272	0	255	succeeded	attempt 1
12990	1789118596287	2	248	chunk-verified	
12991	1789118596287	1	280	chunk-verified	
12991	1789118596288	0	255	chunk-verified	
12993	1789118596289	2	251	succeeded	attempt 1
12993	1789118596290	1	283	succeeded	attempt 1
12994	1789118596290	0	258	succeeded	attempt 1
13007	1789118596304	0	258	chunk-verified	
13010	1789118596306	0	261	succeeded	attempt 1
13013	1789118596310	1	283	chunk-verified	
13013	1789118596310	2	251	chunk-verified	
13016	1789118596312	1	286	succeeded	attempt 1
13016	1789118596313	2	254	succeeded	attempt 1
13032	1789118596329	0	261	chunk-verified	
13035	1789118596331	0	264	succeeded	attempt 1
13035	1789118596331	1	286	chunk-verified	
13035	1789118596332	2	254	chunk-verified	
13038	1789118596335	1	289	succeeded	attempt 1
13038	1789118596335	2	257	succeeded	attempt 1
13054	1789118596350	0	264	chunk-verified	
13054	1789118596351	1	289	chunk-verified	
13056	1789118596353	0	267	succeeded	attempt 1
13057	1789118596353	1	292	succeeded	attempt 1
13057	1789118596354	2	257	chunk-verified	
13060	1789118596357	2	260	succeeded	attempt 1
13076	1789118596372	0	267	chunk-verified	
13076	1789118596373	1	292	chunk-verified	
13078	1789118596375	1	295	succeeded	attempt 1
13078	1789118596375	0	270	succeeded	attempt 1
13083	1789118596379	2	260	chunk-verified	
13085	1789118596382	2	263	succeeded	attempt 1
13095	1789118596392	1	295	chunk-verified	
13096	1789118596392	0	270	chunk-verified	
13098	1789118596394	1	298	succeeded	attempt 1
13099	1789118596396	0	273	succeeded	attempt 1
13104	1789118596400	2	263	chunk-verified	
13106	1789118596402	2	266	succeeded	attempt 1
13114	1789118596410	1	298	chunk-verified	
13116	1789118596413	1	301	succeeded	attempt 1
13118	1789118596414	0	273	chunk-verified	
13120	1789118596416	0	276	succeeded	attempt 1
13128	1789118596424	2	266	chunk-verified	
13130	1789118596426	2	269	succeeded	attempt 1
13133	1789118596430	1	301	chunk-verified	
13135	1789118596432	1	304	succeeded	attempt 1
13138	1789118596434	0	276	chunk-verified	
13140	1789118596436	0	279	succeeded	attempt 1
13152	1789118596448	2	269	chunk-verified	
13154	1789118596451	2	272	succeeded	attempt 1
13155	1789118596451	1	304	chunk-verified	
13157	1789118596454	1	307	succeeded	attempt 1
13159	1789118596455	0	279	chunk-verified	
13162	1789118596459	0	282	succeeded	attempt 1
13176	1789118596472	2	272	chunk-verified	
13177	1789118596473	1	307	chunk-verified	
13178	1789118596475	2	275	succeeded	attempt 1
13181	1789118596477	0	282	chunk-verified	
13181	1789118596478	1	310	succeeded	attempt 1
13183	1789118596479	0	285	succeeded	attempt 1
13199	1789118596495	2	275	chunk-verified	
13200	1789118596497	1	310	chunk-verified	
13204	1789118596500	2	278	succeeded	attempt 1
13206	1789118596502	0	285	chunk-verified	
13206	1789118596503	1	313	succeeded	attempt 1
13208	1789118596505	0	288	succeeded	attempt 1
13223	1789118596520	2	278	chunk-verified	
13224	1789118596520	1	313	chunk-verified	
13224	1789118596521	0	288	chunk-verified	
13226	1789118596523	2	281	succeeded	attempt 1
13226	1789118596523	0	291	succeeded	attempt 1
13227	1789118596523	1	316	succeeded	attempt 1
13247	1789118596543	1	316	chunk-verified	
13247	1789118596543	2	281	chunk-verified	
13249	1789118596546	0	291	chunk-verified	
13251	1789118596548	1	319	succeeded	attempt 1
13252	1789118596548	2	284	succeeded	attempt 1
13253	1789118596550	0	294	succeeded	attempt 1
13266	1789118596562	1	319	chunk-verified	
13268	1789118596564	1	322	succeeded	attempt 1
13272	1789118596568	2	284	chunk-verified	
13273	1789118596570	0	294	chunk-verified	
13275	1789118596571	2	287	succeeded	attempt 1
13275	1789118596572	0	297	succeeded	attempt 1
13286	1789118596582	1	322	chunk-verified	
13288	1789118596584	1	325	succeeded	attempt 1
13293	1789118596590	2	287	chunk-verified	
13295	1789118596592	0	297	chunk-verified	
13296	1789118596593	2	290	succeeded	attempt 1
13297	1789118596594	0	300	succeeded	attempt 1
13305	1789118596602	1	325	chunk-verified	
13307	1789118596604	1	328	succeeded	attempt 1
13314	1789118596611	0	300	chunk-verified	
13315	1789118596611	2	290	chunk-verified	
13316	1789118596613	0	303	succeeded	attempt 1
13317	1789118596613	2	293	succeeded	attempt 1
13325	1789118596622	1	328	chunk-verified	
13327	1789118596624	1	331	succeeded	attempt 1
13337	1789118596633	2	293	chunk-verified	
13337	1789118596633	0	303	chunk-verified	
13340	1789118596636	0	306	succeeded	attempt 1
13340	1789118596636	2	296	succeeded	attempt 1
13345	1789118596642	1	331	chunk-verified	
13347	1789118596644	1	334	succeeded	attempt 1
13360	1789118596657	2	296	chunk-verified	
13361	1789118596657	0	306	chunk-verified	
13363	1789118596659	0	309	succeeded	attempt 1
13363	1789118596659	2	299	succeeded	attempt 1
13366	1789118596662	1	334	chunk-verified	
13367	1789118596664	1	337	succeeded	attempt 1
13379	1789118596676	2	299	chunk-verified	
13381	1789118596678	2	302	succeeded	attempt 1
13382	1789118596678	0	309	chunk-verified	
13384	1789118596680	1	337	chunk-verified	
13384	1789118596681	0	312	succeeded	attempt 1
13386	1789118596683	1	340	succeeded	attempt 1
13398	1789118596695	2	302	chunk-verified	
13400	1789118596697	2	305	succeeded	attempt 1
13402	1789118596699	0	312	chunk-verified	
13404	1789118596700	1	340	chunk-verified	
13404	1789118596701	0	315	succeeded	attempt 1
13406	1789118596703	1	343	succeeded	attempt 1
13419	1789118596715	2	305	chunk-verified	
13421	1789118596718	2	308	succeeded	attempt 1
13423	1789118596720	0	315	chunk-verified	
13425	1789118596722	0	318	succeeded	attempt 1
13427	1789118596723	1	343	chunk-verified	
13429	1789118596725	1	346	succeeded	attempt 1
13438	1789118596735	2	308	chunk-verified	
13441	1789118596737	2	311	succeeded	attempt 1
13445	1789118596741	0	318	chunk-verified	
13447	1789118596743	0	321	succeeded	attempt 1
13449	1789118596746	1	346	chunk-verified	
13452	1789118596748	1	349	succeeded	attempt 1
13464	1789118596761	2	311	chunk-verified	
13468	1789118596764	0	321	chunk-verified	
13468	1789118596765	2	314	succeeded	attempt 1
13471	1789118596767	0	324	succeeded	attempt 1
13471	1789118596768	1	349	chunk-verified	
13473	1789118596770	1	352	succeeded	attempt 1
13486	1789118596783	2	314	chunk-verified	
13490	1789118596787	2	317	succeeded	attempt 1
13491	1789118596787	1	352	chunk-verified	
13492	1789118596789	0	324	chunk-verified	
13493	1789118596789	1	355	succeeded	attempt 1
13494	1789118596791	0	327	succeeded	attempt 1
13514	1789118596810	1	355	chunk-verified	
13514	1789118596810	2	317	chunk-verified	
13516	1789118596812	0	327	chunk-verified	
13517	1789118596813	1	358	succeeded	attempt 1
13517	1789118596813	2	320	succeeded	attempt 1
13518	1789118596814	0	330	succeeded	attempt 1
13535	1789118596832	1	358	chunk-verified	
13536	1789118596832	0	330	chunk-verified	
13536	1789118596833	2	320	chunk-verified	
13539	1789118596835	0	333	succeeded	attempt 1
13539	1789118596836	2	323	succeeded	attempt 1
13539	1789118596836	1	361	succeeded	attempt 1
13559	1789118596856	0	333	chunk-verified	
13560	1789118596856	1	361	chunk-verified	
13562	1789118596858	0	336	succeeded	attempt 1
13562	1789118596859	1	364	succeeded	attempt 1
13563	1789118596859	2	323	chunk-verified	
13565	1789118596862	2	326	succeeded	attempt 1
13581	1789118596877	1	364	chunk-verified	
13581	1789118596878	0	336	chunk-verified	
13583	1789118596880	1	367	succeeded	attempt 1
13583	1789118596880	0	339	succeeded	attempt 1
13585	1789118596882	2	326	chunk-verified	
13588	1789118596884	2	329	succeeded	attempt 1
13600	1789118596896	0	339	chunk-verified	
13602	1789118596899	0	342	succeeded	attempt 1
13605	1789118596901	1	367	chunk-verified	
13607	1789118596903	1	370	succeeded	attempt 1
13610	1789118596906	2	329	chunk-verified	
13612	1789118596909	2	332	succeeded	attempt 1
13621	1789118596918	0	342	chunk-verified	
13623	1789118596920	0	345	succeeded	attempt 1
13626	1789118596922	1	370	chunk-verified	
13628	1789118596924	1	373	succeeded	attempt 1
13629	1789118596926	2	332	chunk-verified	
13632	1789118596928	2	335	succeeded	attempt 1
13646	1789118596942	0	345	chunk-verified	
13647	1789118596943	1	373	chunk-verified	
13648	1789118596945	0	348	succeeded	attempt 1
13649	1789118596945	1	376	succeeded	attempt 1
13650	1789118596947	2	335	chunk-verified	
13654	1789118596950	2	338	succeeded	attempt 1
13668	1789118596964	0	348	chunk-verified	
13669	1789118596965	1	376	chunk-verified	
13670	1789118596966	0	351	succeeded	attempt 1
13671	1789118596967	1	379	succeeded	attempt 1
13674	1789118596971	2	338	chunk-verified	
13676	1789118596973	2	341	succeeded	attempt 1
13691	1789118596988	0	351	chunk-verified	
13691	1789118596988	1	379	chunk-verified	
13694	1789118596990	0	354	succeeded	attempt 1
13694	1789118596990	1	382	succeeded	attempt 1
13695	1789118596992	2	341	chunk-verified	
13697	1789118596994	2	344	succeeded	attempt 1
13713	1789118597010	0	354	chunk-verified	
13714	1789118597010	1	382	chunk-verified	
13716	1789118597012	0	357	succeeded	attempt 1
13716	1789118597013	1	385	succeeded	attempt 1
13719	1789118597015	2	344	chunk-verified	
13720	1789118597017	2	347	succeeded	attempt 1
13734	1789118597030	0	357	chunk-verified	
13736	1789118597033	1	385	chunk-verified	
13737	1789118597033	0	360	succeeded	attempt 1
13738	1789118597034	1	388	succeeded	attempt 1
13741	1789118597038	2	347	chunk-verified	
13743	1789118597040	2	350	succeeded	attempt 1
13756	1789118597052	0	360	chunk-verified	
13758	1789118597055	0	363	succeeded	attempt 1
13758	1789118597055	1	388	chunk-verified	
13761	1789118597057	1	391	succeeded	attempt 1
13765	1789118597061	2	350	chunk-verified	
13767	1789118597063	2	353	succeeded	attempt 1
13780	1789118597076	1	391	chunk-verified	
13780	1789118597077	0	363	chunk-verified	
13782	1789118597078	1	394	succeeded	attempt 1
13782	1789118597079	0	366	succeeded	attempt 1
13786	1789118597082	2	353	chunk-verified	
13791	1789118597087	2	356	succeeded	attempt 1
13800	1789118597097	0	366	chunk-verified	
13804	1789118597100	1	394	chunk-verified	
13805	1789118597101	0	369	succeeded	attempt 1
13807	1789118597104	2	356	chunk-verified	
13808	1789118597104	1	397	succeeded	attempt 1
13810	1789118597107	2	359	succeeded	attempt 1
13828	1789118597125	1	397	chunk-verified	
13829	1789118597125	0	369	chunk-verified	
13830	1789118597127	2	359	chunk-verified	
13831	1789118597128	1	400	succeeded	attempt 1
13831	1789118597128	0	372	succeeded	attempt 1
13833	1789118597129	2	362	succeeded	attempt 1
13852	1789118597149	2	362	chunk-verified	
13852	1789118597149	0	372	chunk-verified	
13854	1789118597150	1	400	chunk-verified	
13855	1789118597152	2	365	succeeded	attempt 1
13856	1789118597152	0	375	succeeded	attempt 1
13856	1789118597153	1	403	succeeded	attempt 1
13874	1789118597171	2	365	chunk-verified	
13877	1789118597174	0	375	chunk-verified	
13877	1789118597174	2	368	succeeded	attempt 1
13878	1789118597174	1	403	chunk-verified	
13880	1789118597177	0	378	succeeded	attempt 1
13880	1789118597177	1	406	succeeded	attempt 1
13897	1789118597193	2	368	chunk-verified	
13898	1789118597195	0	378	chunk-verified	
13900	1789118597197	1	406	chunk-verified	
13901	1789118597197	0	381	succeeded	attempt 1
13901	1789118597197	2	371	succeeded	attempt 1
13903	1789118597200	1	409	succeeded	attempt 1
13923	1789118597219	1	409	chunk-verified	
13928	1789118597224	2	371	chunk-verified	
13928	1789118597225	1	412	succeeded	attempt 1
13929	1789118597225	0	381	chunk-verified	
13931	1789118597227	2	374	succeeded	attempt 1
13931	1789118597228	0	384	succeeded	attempt 1
13948	1789118597245	1	412	chunk-verified	
13950	1789118597247	1	415	succeeded	attempt 1
13953	1789118597249	2	374	chunk-verified	
13955	1789118597252	2	377	succeeded	attempt 1
13956	1789118597252	0	384	chunk-verified	
13958	1789118597255	0	387	succeeded	attempt 1
13971	1789118597268	1	415	chunk-verified	
13973	1789118597270	1	418	succeeded	attempt 1
13975	1789118597272	2	377	chunk-verified	
13977	1789118597274	2	380	succeeded	attempt 1
13982	1789118597278	0	387	chunk-verified	
13985	1789118597281	0	390	succeeded	attempt 1
13990	1789118597287	1	418	chunk-verified	
13993	1789118597289	1	421	succeeded	attempt 1
13999	1789118597296	2	380	chunk-verified	
14002	1789118597298	2	383	succeeded	attempt 1
14005	1789118597302	0	390	chunk-verified	
14008	1789118597304	0	393	succeeded	attempt 1
14010	1789118597307	1	421	chunk-verified	
14012	1789118597308	1	424	succeeded	attempt 1
14019	1789118597315	2	383	chunk-verified	
14021	1789118597317	2	386	succeeded	attempt 1
14028	1789118597325	0	393	chunk-verified	
14032	1789118597328	1	424	chunk-verified	
14032	1789118597329	0	396	succeeded	attempt 1
14034	1789118597331	1	427	succeeded	attempt 1
14038	1789118597334	2	386	chunk-verified	
14040	1789118597336	2	389	succeeded	attempt 1
14053	1789118597350	1	427	chunk-verified	
14054	1789118597350	0	396	chunk-verified	
14056	1789118597353	1	430	succeeded	attempt 1
14057	1789118597354	0	399	succeeded	attempt 1
14060	1789118597356	2	389	chunk-verified	
14062	1789118597358	2	392	succeeded	attempt 1
14074	1789118597371	1	430	chunk-verified	
14075	1789118597372	0	399	chunk-verified	
14077	1789118597373	1	433	succeeded	attempt 1
14078	1789118597374	0	402	succeeded	attempt 1
14082	1789118597378	2	392	chunk-verified	
14084	1789118597380	2	395	succeeded	attempt 1
14094	1789118597391	1	433	chunk-verified	
14096	1789118597393	0	402	chunk-verified	
14096	1789118597393	1	436	succeeded	attempt 1
14098	1789118597395	2	395	chunk-verified	
14099	1789118597395	0	405	succeeded	attempt 1
14100	1789118597396	2	398	succeeded	attempt 1
14116	1789118597413	1	436	chunk-verified	
14117	1789118597413	0	405	chunk-verified	
14118	1789118597414	2	398	chunk-verified	
14119	1789118597416	1	439	succeeded	attempt 1
14119	1789118597416	0	408	succeeded	attempt 1
14119	1789118597416	2	401	succeeded	attempt 1
14140	1789118597437	1	439	chunk-verified	
14140	1789118597437	2	401	chunk-verified	
14140	1789118597437	0	408	chunk-verified	
14142	1789118597439	1	442	succeeded	attempt 1
14142	1789118597439	2	404	succeeded	attempt 1
14143	1789118597440	0	411	succeeded	attempt 1
14162	1789118597458	2	404	chunk-verified	
14162	1789118597459	1	442	chunk-verified	
14164	1789118597461	0	411	chunk-verified	
14164	1789118597461	2	407	succeeded	attempt 1
14164	1789118597461	1	445	succeeded	attempt 1
14167	1789118597463	0	414	succeeded	attempt 1
14183	1789118597480	2	407	chunk-verified	
14186	1789118597483	1	445	chunk-verified	
14186	1789118597483	2	410	succeeded	attempt 1
14186	1789118597483	0	414	chunk-verified	
14189	1789118597486	1	448	succeeded	attempt 1
14189	1789118597486	0	417	succeeded	attempt 1
14205	1789118597502	2	410	chunk-verified	
14207	1789118597504	2	413	succeeded	attempt 1
14208	1789118597505	0	417	chunk-verified	
14209	1789118597505	1	448	chunk-verified	
14211	1789118597507	0	420	succeeded	attempt 1
14211	1789118597508	1	451	succeeded	attempt 1
14221	1789118597518	2	413	chunk-verified	
14223	1789118597520	2	416	succeeded	attempt 1
14231	1789118597527	1	451	chunk-verified	
14231	1789118597528	0	420	chunk-verified	
14233	1789118597529	1	454	succeeded	attempt 1
14233	1789118597530	0	423	succeeded	attempt 1
14248	1789118597544	2	416	chunk-verified	
14250	1789118597547	2	419	succeeded	attempt 1
14253	1789118597550	1	454	chunk-verified	
14254	1789118597550	0	423	chunk-verified	
14256	1789118597553	0	426	succeeded	attempt 1
14256	1789118597553	1	457	succeeded	attempt 1
14267	1789118597564	2	419	chunk-verified	
14269	1789118597565	2	422	succeeded	attempt 1
14274	1789118597571	1	457	chunk-verified	
14275	1789118597571	0	426	chunk-verified	
14276	1789118597573	0	429	succeeded	attempt 1
14277	1789118597573	1	460	succeeded	attempt 1
14286	1789118597582	2	422	chunk-verified	
14288	1789118597585	2	425	succeeded	attempt 1
14297	1789118597593	1	460	chunk-verified	
14298	1789118597594	0	429	chunk-verified	
14299	1789118597596	1	463	succeeded	attempt 1
14300	1789118597596	0	432	succeeded	attempt 1
14310	1789118597606	2	425	chunk-verified	
14314	1789118597611	2	428	succeeded	attempt 1
14323	1789118597619	1	463	chunk-verified	
14324	1789118597621	0	432	chunk-verified	
14325	1789118597621	1	466	succeeded	attempt 1
14327	1789118597624	0	435	succeeded	attempt 1
14331	1789118597628	2	428	chunk-verified	
14334	1789118597630	2	431	succeeded	attempt 1
14345	1789118597642	1	466	chunk-verified	
14347	1789118597644	0	435	chunk-verified	
14348	1789118597644	1	469	succeeded	attempt 1
14350	1789118597646	0	438	succeeded	attempt 1
14351	1789118597648	2	431	chunk-verified	
14354	1789118597650	2	434	succeeded	attempt 1
14367	1789118597663	1	469	chunk-verified	
14369	1789118597666	0	438	chunk-verified	
14370	1789118597666	1	472	succeeded	attempt 1
14372	1789118597669	2	434	chunk-verified	
14373	1789118597669	0	441	succeeded	attempt 1
14374	1789118597671	2	437	succeeded	attempt 1
14392	1789118597689	0	441	chunk-verified	
14392	1789118597689	1	472	chunk-verified	
14395	1789118597691	1	475	succeeded	attempt 1
14395	1789118597692	2	437	chunk-verified	
14395	1789118597692	0	444	succeeded	attempt 1
14398	1789118597695	2	440	succeeded	attempt 1
14415	1789118597712	1	475	chunk-verified	
14418	1789118597714	0	444	chunk-verified	
14418	1789118597714	1	478	succeeded	attempt 1
14418	1789118597715	2	440	chunk-verified	
14420	1789118597717	0	447	succeeded	attempt 1
14421	1789118597717	2	443	succeeded	attempt 1
14438	1789118597735	0	447	chunk-verified	
14439	1789118597735	1	478	chunk-verified	
14441	1789118597738	2	443	chunk-verified	
14442	1789118597739	0	450	succeeded	attempt 1
14442	1789118597739	1	481	succeeded	attempt 1
14443	1789118597740	2	446	succeeded	attempt 1
14460	1789118597757	1	481	chunk-verified	
14462	1789118597759	0	450	chunk-verified	
14463	1789118597759	2	446	chunk-verified	
14463	1789118597760	1	484	succeeded	attempt 1
14466	1789118597762	0	453	succeeded	attempt 1
14466	1789118597762	2	449	succeeded	attempt 1
14485	1789118597781	0	453	chunk-verified	
14485	1789118597781	2	449	chunk-verified	
14488	1789118597784	2	452	succeeded	attempt 1
14488	1789118597784	0	456	succeeded	attempt 1
14489	1789118597786	1	484	chunk-verified	
14491	1789118597788	1	487	succeeded	attempt 1
14507	1789118597804	2	452	chunk-verified	
14508	1789118597804	0	456	chunk-verified	
14508	1789118597805	1	487	chunk-verified	
14510	1789118597807	2	455	succeeded	attempt 1
14510	1789118597807	1	490	succeeded	attempt 1
14512	1789118597809	0	459	succeeded	attempt 1
14531	1789118597827	2	455	chunk-verified	
14531	1789118597828	0	459	chunk-verified	
14531	1789118597828	1	490	chunk-verified	
14534	1789118597830	2	458	succeeded	attempt 1
14534	1789118597830	0	462	succeeded	attempt 1
14534	1789118597830	1	493	succeeded	attempt 1
14554	1789118597851	2	458	chunk-verified	
14554	1789118597851	0	462	chunk-verified	
14556	1789118597853	1	493	chunk-verified	
14557	1789118597853	0	465	succeeded	attempt 1
14557	1789118597854	2	461	succeeded	attempt 1
14558	1789118597855	1	496	succeeded	attempt 1
14576	1789118597873	0	465	chunk-verified	
14578	1789118597875	2	461	chunk-verified	
14578	1789118597875	1	496	chunk-verified	
14579	1789118597875	0	468	succeeded	attempt 1
14581	1789118597877	2	464	succeeded	attempt 1
14581	1789118597878	1	499	succeeded	attempt 1
14598	1789118597894	0	468	chunk-verified	
14600	1789118597896	2	464	chunk-verified	
14601	1789118597897	0	471	succeeded	attempt 1
14601	1789118597897	1	499	chunk-verified	
14603	1789118597899	2	467	succeeded	attempt 1
14603	1789118597900	1	502	succeeded	attempt 1
14620	1789118597917	0	471	chunk-verified	
14622	1789118597918	2	467	chunk-verified	
14623	1789118597919	0	474	succeeded	attempt 1
14623	1789118597919	1	502	chunk-verified	
14624	1789118597921	2	470	succeeded	attempt 1
14625	1789118597922	1	505	succeeded	attempt 1
14643	1789118597940	1	505	chunk-verified	
14644	1789118597940	2	470	chunk-verified	
14644	1789118597940	0	474	chunk-verified	
14646	1789118597943	1	508	succeeded	attempt 1
14646	1789118597943	0	477	succeeded	attempt 1
14647	1789118597943	2	473	succeeded	attempt 1
14664	1789118597960	2	473	chunk-verified	
14664	1789118597961	0	477	chunk-verified	
14666	1789118597962	1	508	chunk-verified	
14667	1789118597963	0	480	succeeded	attempt 1
14667	1789118597964	2	476	succeeded	attempt 1
14668	1789118597965	1	511	succeeded	attempt 1
14686	1789118597982	0	480	chunk-verified	
14686	1789118597983	1	511	chunk-verified	
14688	1789118597984	2	476	chunk-verified	
14689	1789118597986	0	483	succeeded	attempt 1
14689	1789118597986	1	514	succeeded	attempt 1
14690	1789118597986	2	479	succeeded	attempt 1
14709	1789118598005	0	483	chunk-verified	
14710	1789118598007	2	479	chunk-verified	
14711	1789118598008	0	486	succeeded	attempt 1
14712	1789118598008	1	514	chunk-verified	
14713	1789118598010	2	482	succeeded	attempt 1
14714	1789118598011	1	517	succeeded	attempt 1
14731	1789118598027	2	482	chunk-verified	
14731	1789118598028	0	486	chunk-verified	
14732	1789118598029	1	517	chunk-verified	
14733	1789118598030	2	485	succeeded	attempt 1
14735	1789118598031	0	489	succeeded	attempt 1
14735	1789118598032	1	520	succeeded	attempt 1
14760	1789118598057	1	520	chunk-verified	
14760	1789118598057	2	485	chunk-verified	
14761	1789118598058	0	489	chunk-verified	
14762	1789118598059	1	523	succeeded	attempt 1
14764	1789118598060	2	488	succeeded	attempt 1
14764	1789118598061	0	492	succeeded	attempt 1
14786	1789118598082	1	523	chunk-verified	
14786	1789118598082	0	492	chunk-verified	
14786	1789118598082	2	488	chunk-verified	
14788	1789118598085	0	495	succeeded	attempt 1
14788	1789118598085	2	491	succeeded	attempt 1
14788	1789118598085	1	526	succeeded	attempt 1
14810	1789118598106	0	495	chunk-verified	
14810	1789118598106	2	491	chunk-verified	
14810	1789118598106	1	526	chunk-verified	
14812	1789118598108	1	529	succeeded	attempt 1
14812	1789118598109	0	498	succeeded	attempt 1
14812	1789118598109	2	494	succeeded	attempt 1
14832	1789118598128	2	494	chunk-verified	
14834	1789118598131	0	498	chunk-verified	
14835	1789118598131	2	497	succeeded	attempt 1
14835	1789118598131	1	529	chunk-verified	
14836	1789118598133	0	501	succeeded	attempt 1
14837	1789118598134	1	532	succeeded	attempt 1
14855	1789118598151	2	497	chunk-verified	
14856	1789118598152	0	501	chunk-verified	
14858	1789118598154	2	500	succeeded	attempt 1
14858	1789118598155	0	504	succeeded	attempt 1
14861	1789118598157	1	532	chunk-verified	
14863	1789118598159	1	535	succeeded	attempt 1
14878	1789118598174	0	504	chunk-verified	
14880	1789118598177	0	507	succeeded	attempt 1
14882	1789118598178	2	500	chunk-verified	
14884	1789118598181	2	503	succeeded	attempt 1
14885	1789118598182	1	535	chunk-verified	
14888	1789118598185	1	538	succeeded	attempt 1
14900	1789118598197	0	507	chunk-verified	
14904	1789118598201	0	510	succeeded	attempt 1
14907	1789118598203	2	503	chunk-verified	
14909	1789118598205	2	506	succeeded	attempt 1
14912	1789118598208	1	538	chunk-verified	
14915	1789118598212	1	541	succeeded	attempt 1
14929	1789118598225	0	510	chunk-verified	
14929	1789118598225	2	506	chunk-verified	
14931	1789118598227	0	513	succeeded	attempt 1
14932	1789118598229	2	509	succeeded	attempt 1
14939	1789118598236	1	541	chunk-verified	
14942	1789118598238	1	544	succeeded	attempt 1
14952	1789118598248	0	513	chunk-verified	
14954	1789118598250	2	509	chunk-verified	
14954	1789118598251	0	516	succeeded	attempt 1
14957	1789118598254	2	512	succeeded	attempt 1
14961	1789118598257	1	544	chunk-verified	
14963	1789118598259	1	547	succeeded	attempt 1
14972	1789118598269	0	516	chunk-verified	
14975	1789118598271	2	512	chunk-verified	
14975	1789118598272	0	519	succeeded	attempt 1
14977	1789118598273	2	515	succeeded	attempt 1
14983	1789118598280	1	547	chunk-verified	
14985	1789118598282	1	550	succeeded	attempt 1
14994	1789118598290	0	519	chunk-verified	
14994	1789118598291	2	515	chunk-verified	
14997	1789118598293	0	522	succeeded	attempt 1
14997	1789118598293	2	518	succeeded	attempt 1
15005	1789118598301	1	550	chunk-verified	
15007	1789118598304	1	553	succeeded	attempt 1
15019	1789118598315	2	518	chunk-verified	
15019	1789118598315	0	522	chunk-verified	
15021	1789118598318	2	521	succeeded	attempt 1
15022	1789118598318	0	525	succeeded	attempt 1
15028	1789118598324	1	553	chunk-verified	
15030	1789118598326	1	556	succeeded	attempt 1
15042	1789118598339	2	521	chunk-verified	
15042	1789118598339	0	525	chunk-verified	
15045	1789118598342	0	528	succeeded	attempt 1
15045	1789118598342	2	524	succeeded	attempt 1
15048	1789118598344	1	556	chunk-verified	
15050	1789118598347	1	559	succeeded	attempt 1
15067	1789118598364	2	524	chunk-verified	
15068	1789118598364	0	528	chunk-verified	
15069	1789118598366	1	559	chunk-verified	
15070	1789118598367	0	531	succeeded	attempt 1
15070	1789118598367	2	527	succeeded	attempt 1
15072	1789118598368	1	562	succeeded	attempt 1
15090	1789118598387	1	562	chunk-verified	
15090	1789118598387	2	527	chunk-verified	
15090	1789118598387	0	531	chunk-verified	
15093	1789118598389	0	534	succeeded	attempt 1
15093	1789118598390	2	530	succeeded	attempt 1
15093	1789118598390	1	565	succeeded	attempt 1
15114	1789118598410	1	565	chunk-verified	
15114	1789118598411	2	530	chunk-verified	
15114	1789118598411	0	534	chunk-verified	
15116	1789118598413	0	537	succeeded	attempt 1
15116	1789118598413	2	533	succeeded	attempt 1
15117	1789118598413	1	568	succeeded	attempt 1
15135	1789118598432	0	537	chunk-verified	
15135	1789118598432	1	568	chunk-verified	
15136	1789118598433	2	533	chunk-verified	
15137	1789118598434	0	540	succeeded	attempt 1
15138	1789118598435	1	571	succeeded	attempt 1
15138	1789118598435	2	536	succeeded	attempt 1
15160	1789118598456	2	536	chunk-verified	
15161	1789118598457	0	540	chunk-verified	
15162	1789118598458	1	571	chunk-verified	
15163	1789118598459	2	539	succeeded	attempt 1
15163	1789118598460	0	543	succeeded	attempt 1
15164	1789118598461	1	574	succeeded	attempt 1
15187	1789118598483	2	539	chunk-verified	
15189	1789118598486	0	543	chunk-verified	
15190	1789118598486	1	574	chunk-verified	
15190	1789118598487	2	542	succeeded	attempt 1
15192	1789118598488	0	546	succeeded	attempt 1
15192	1789118598489	1	577	succeeded	attempt 1
15211	1789118598507	2	542	chunk-verified	
15213	1789118598509	0	546	chunk-verified	
15213	1789118598510	2	545	succeeded	attempt 1
15215	1789118598511	0	549	succeeded	attempt 1
15216	1789118598512	1	577	chunk-verified	
15218	1789118598515	1	580	succeeded	attempt 1
15232	1789118598528	2	545	chunk-verified	
15235	1789118598531	2	548	succeeded	attempt 1
15235	1789118598532	0	549	chunk-verified	
15238	1789118598535	0	552	succeeded	attempt 1
15241	1789118598537	1	580	chunk-verified	
15243	1789118598539	1	583	succeeded	attempt 1
15254	1789118598551	2	548	chunk-verified	
15256	1789118598553	2	551	succeeded	attempt 1
15258	1789118598555	0	552	chunk-verified	
15261	1789118598557	0	555	succeeded	attempt 1
15264	1789118598561	1	583	chunk-verified	
15266	1789118598563	1	586	succeeded	attempt 1
15277	1789118598574	2	551	chunk-verified	
15280	1789118598576	2	554	succeeded	attempt 1
15282	1789118598578	0	555	chunk-verified	
15284	1789118598581	0	558	succeeded	attempt 1
15288	1789118598585	1	586	chunk-verified	
15291	1789118598587	1	589	succeeded	attempt 1
15297	1789118598594	2	554	chunk-verified	
15299	1789118598596	2	557	succeeded	attempt 1
15304	1789118598600	0	558	chunk-verified	
15306	1789118598602	0	561	succeeded	attempt 1
15310	1789118598607	1	589	chunk-verified	
15313	1789118598609	1	592	succeeded	attempt 1
15321	1789118598617	2	557	chunk-verified	
15322	1789118598619	2	560	succeeded	attempt 1
15326	1789118598622	0	561	chunk-verified	
15329	1789118598625	0	564	succeeded	attempt 1
15335	1789118598631	1	592	chunk-verified	
15337	1789118598634	1	595	succeeded	attempt 1
15343	1789118598639	2	560	chunk-verified	
15345	1789118598642	2	563	succeeded	attempt 1
15351	1789118598647	0	564	chunk-verified	
15353	1789118598650	0	567	succeeded	attempt 1
15358	1789118598655	1	595	chunk-verified	
15361	1789118598657	1	598	succeeded	attempt 1
15368	1789118598664	2	563	chunk-verified	
15370	1789118598667	2	566	succeeded	attempt 1
15374	1789118598670	0	567	chunk-verified	
15377	1789118598673	0	570	succeeded	attempt 1
15381	1789118598677	1	598	chunk-verified	
15384	1789118598680	1	601	succeeded	attempt 1
15390	1789118598686	2	566	chunk-verified	
15392	1789118598689	2	569	succeeded	attempt 1
15398	1789118598695	0	570	chunk-verified	
15400	1789118598697	0	573	succeeded	attempt 1
15406	1789118598703	1	601	chunk-verified	
15408	1789118598705	1	604	succeeded	attempt 1
15413	1789118598710	2	569	chunk-verified	
15415	1789118598712	2	572	succeeded	attempt 1
15416	1789118598712	0	573	chunk-verified	
15418	1789118598714	0	576	succeeded	attempt 1
15422	1789118598719	1	604	chunk-verified	
15426	1789118598722	1	607	succeeded	attempt 1
15435	1789118598732	2	572	chunk-verified	
15438	1789118598735	2	575	succeeded	attempt 1
15440	1789118598736	1	607	chunk-verified	
15440	1789118598737	0	576	chunk-verified	
15442	1789118598739	1	610	succeeded	attempt 1
15444	1789118598740	0	579	succeeded	attempt 1
15455	1789118598752	1	610	chunk-verified	
15458	1789118598755	1	613	succeeded	attempt 1
15458	1789118598755	2	575	chunk-verified	
15461	1789118598758	2	578	succeeded	attempt 1
15468	1789118598764	0	579	chunk-verified	
15470	1789118598767	0	582	succeeded	attempt 1
15492	1789118598789	2	578	chunk-verified	
15493	1789118598789	1	613	chunk-verified	
15495	1789118598792	2	581	succeeded	attempt 1
15498	1789118598795	1	616	succeeded	attempt 1
15501	1789118598797	0	582	chunk-verified	
15504	1789118598801	0	585	succeeded	attempt 1
15515	1789118598812	2	581	chunk-verified	
15520	1789118598816	2	584	succeeded	attempt 1
15524	1789118598821	1	616	chunk-verified	
15526	1789118598823	0	585	chunk-verified	
15527	1789118598823	1	619	succeeded	attempt 1
15529	1789118598826	0	588	succeeded	attempt 1
15538	1789118598834	2	584	chunk-verified	
15540	1789118598837	2	587	succeeded	attempt 1
15548	1789118598845	1	619	chunk-verified	
15551	1789118598848	1	622	succeeded	attempt 1
15552	1789118598849	0	588	chunk-verified	
15555	1789118598851	0	591	succeeded	attempt 1
15562	1789118598859	2	587	chunk-verified	
15564	1789118598861	2	590	succeeded	attempt 1
15569	1789118598866	1	622	chunk-verified	
15572	1789118598869	1	625	succeeded	attempt 1
15579	1789118598875	0	591	chunk-verified	
15582	1789118598879	0	594	succeeded	attempt 1
15586	1789118598883	2	590	chunk-verified	
15590	1789118598887	2	593	succeeded	attempt 1
15597	1789118598894	1	625	chunk-verified	
15600	1789118598896	1	628	succeeded	attempt 1
15604	1789118598901	0	594	chunk-verified	
15606	1789118598903	0	597	succeeded	attempt 1
15611	1789118598907	2	593	chunk-verified	
15613	1789118598910	2	596	succeeded	attempt 1
15620	1789118598917	1	628	chunk-verified	
15623	1789118598919	1	631	succeeded	attempt 1
15631	1789118598928	0	597	chunk-verified	
15631	1789118598928	2	596	chunk-verified	
15633	1789118598930	0	600	succeeded	attempt 1
15633	1789118598930	2	599	succeeded	attempt 1
15645	1789118598941	1	631	chunk-verified	
15647	1789118598943	1	634	succeeded	attempt 1
15658	1789118598954	2	599	chunk-verified	
15658	1789118598955	0	600	chunk-verified	
15660	1789118598956	2	602	succeeded	attempt 1
15661	1789118598957	0	603	succeeded	attempt 1
15667	1789118598964	1	634	chunk-verified	
15670	1789118598966	1	637	succeeded	attempt 1
15680	1789118598977	0	603	chunk-verified	
15681	1789118598977	2	602	chunk-verified	
15682	1789118598979	2	605	succeeded	attempt 1
15683	1789118598979	0	606	succeeded	attempt 1
15687	1789118598983	1	637	chunk-verified	
15689	1789118598985	1	640	succeeded	attempt 1
15703	1789118599000	2	605	chunk-verified	
15703	1789118599000	1	640	chunk-verified	
15705	1789118599002	0	606	chunk-verified	
15706	1789118599002	2	608	succeeded	attempt 1
15706	1789118599002	1	643	succeeded	attempt 1
15707	1789118599004	0	609	succeeded	attempt 1
15725	1789118599021	2	608	chunk-verified	
15727	1789118599023	1	643	chunk-verified	
15728	1789118599024	0	609	chunk-verified	
15728	1789118599024	2	611	succeeded	attempt 1
15729	1789118599026	1	646	succeeded	attempt 1
15730	1789118599026	0	612	succeeded	attempt 1
15748	1789118599045	2	611	chunk-verified	
15750	1789118599046	1	646	chunk-verified	
15751	1789118599048	2	614	succeeded	attempt 1
15752	1789118599049	1	649	succeeded	attempt 1
15752	1789118599049	0	612	chunk-verified	
15755	1789118599052	0	615	succeeded	attempt 1
15769	1789118599066	2	614	chunk-verified	
15772	1789118599069	2	617	succeeded	attempt 1
15775	1789118599071	1	649	chunk-verified	
15775	1789118599072	0	615	chunk-verified	
15777	1789118599074	1	652	succeeded	attempt 1
15778	1789118599074	0	618	succeeded	attempt 1
15794	1789118599090	2	617	chunk-verified	
15796	1789118599092	2	620	succeeded	attempt 1
15796	1789118599093	0	618	chunk-verified	
15798	1789118599095	0	621	succeeded	attempt 1
15799	1789118599095	1	652	chunk-verified	
15801	1789118599098	1	655	succeeded	attempt 1
15816	1789118599113	2	620	chunk-verified	
15818	1789118599115	1	655	chunk-verified	
15819	1789118599115	2	623	succeeded	attempt 1
15819	1789118599116	0	621	chunk-verified	
15821	1789118599118	1	658	succeeded	attempt 1
15822	1789118599118	0	624	succeeded	attempt 1
15841	1789118599137	2	623	chunk-verified	
15842	1789118599138	0	624	chunk-verified	
15842	1789118599139	2	626	succeeded	attempt 1
15844	1789118599140	0	627	succeeded	attempt 1
15844	1789118599141	1	658	chunk-verified	
15847	1789118599143	1	661	succeeded	attempt 1
15862	1789118599158	2	626	chunk-verified	
15866	1789118599162	2	629	succeeded	attempt 1
15869	1789118599165	0	627	chunk-verified	
15871	1789118599167	0	630	succeeded	attempt 1
15872	1789118599168	1	661	chunk-verified	
15874	1789118599171	1	664	succeeded	attempt 1
15883	1789118599180	2	629	chunk-verified	
15886	1789118599183	2	632	succeeded	attempt 1
15890	1789118599187	0	630	chunk-verified	
15892	1789118599189	0	633	succeeded	attempt 1
15895	1789118599192	1	664	chunk-verified	
15897	1789118599194	1	667	succeeded	attempt 1
15907	1789118599204	2	632	chunk-verified	
15909	1789118599206	2	635	succeeded	attempt 1
15912	1789118599208	0	633	chunk-verified	
15916	1789118599212	0	636	succeeded	attempt 1
15918	1789118599214	1	667	chunk-verified	
15921	1789118599218	1	670	succeeded	attempt 1
15931	1789118599227	2	635	chunk-verified	
15933	1789118599230	2	638	succeeded	attempt 1
15936	1789118599233	0	636	chunk-verified	
15939	1789118599235	0	639	succeeded	attempt 1
15940	1789118599237	1	670	chunk-verified	
15942	1789118599239	1	673	succeeded	attempt 1
15954	1789118599251	2	638	chunk-verified	
15956	1789118599253	2	641	succeeded	attempt 1
15957	1789118599254	0	639	chunk-verified	
15960	1789118599257	0	642	succeeded	attempt 1
15962	1789118599259	1	673	chunk-verified	
15964	1789118599261	1	676	succeeded	attempt 1
15984	1789118599281	2	641	chunk-verified	
15987	1789118599283	2	644	succeeded	attempt 1
15987	1789118599284	0	642	chunk-verified	
15990	1789118599287	0	645	succeeded	attempt 1
15991	1789118599287	1	676	chunk-verified	
15993	1789118599289	1	679	succeeded	attempt 1
16006	1789118599303	2	644	chunk-verified	
16009	1789118599306	2	647	succeeded	attempt 1
16010	1789118599307	0	645	chunk-verified	
16012	1789118599309	0	648	succeeded	attempt 1
16015	1789118599311	1	679	chunk-verified	
16016	1789118599313	1	682	succeeded	attempt 1
16030	1789118599327	2	647	chunk-verified	
16033	1789118599329	2	650	succeeded	attempt 1
16034	1789118599330	0	648	chunk-verified	
16035	1789118599332	0	651	succeeded	attempt 1
16040	1789118599336	1	682	chunk-verified	
16042	1789118599338	1	685	succeeded	attempt 1
16054	1789118599351	2	650	chunk-verified	
16056	1789118599353	0	651	chunk-verified	
16057	1789118599353	2	653	succeeded	attempt 1
16058	1789118599355	0	654	succeeded	attempt 1
16063	1789118599359	1	685	chunk-verified	
16065	1789118599362	1	688	succeeded	attempt 1
16075	1789118599372	2	653	chunk-verified	
16077	1789118599373	0	654	chunk-verified	
16078	1789118599374	2	656	succeeded	attempt 1
16079	1789118599376	0	657	succeeded	attempt 1
16085	1789118599382	1	688	chunk-verified	
16088	1789118599384	1	691	succeeded	attempt 1
16097	1789118599394	2	656	chunk-verified	
16100	1789118599396	0	657	chunk-verified	
16100	1789118599397	2	659	succeeded	attempt 1
16102	1789118599399	0	660	succeeded	attempt 1
16108	1789118599405	1	691	chunk-verified	
16111	1789118599407	1	694	succeeded	attempt 1
16120	1789118599416	2	659	chunk-verified	
16120	1789118599417	0	660	chunk-verified	
16122	1789118599419	2	662	succeeded	attempt 1
16123	1789118599419	0	663	succeeded	attempt 1
16134	1789118599430	1	694	chunk-verified	
16135	1789118599432	1	697	succeeded	attempt 1
16139	1789118599436	2	662	chunk-verified	
16141	1789118599438	0	663	chunk-verified	
16142	1789118599438	2	665	succeeded	attempt 1
16144	1789118599440	0	666	succeeded	attempt 1
16154	1789118599450	1	697	chunk-verified	
16156	1789118599453	1	700	succeeded	attempt 1
16160	1789118599457	0	666	chunk-verified	
16163	1789118599459	0	669	succeeded	attempt 1
16167	1789118599463	2	665	chunk-verified	
16169	1789118599466	2	668	succeeded	attempt 1
16174	1789118599471	1	700	chunk-verified	
16176	1789118599473	1	703	succeeded	attempt 1
16180	1789118599477	0	669	chunk-verified	
16182	1789118599479	0	672	succeeded	attempt 1
16190	1789118599486	2	668	chunk-verified	
16192	1789118599489	2	671	succeeded	attempt 1
16195	1789118599491	1	703	chunk-verified	
16196	1789118599493	1	706	succeeded	attempt 1
16202	1789118599498	0	672	chunk-verified	
16204	1789118599501	0	675	succeeded	attempt 1
16210	1789118599507	2	671	chunk-verified	
16211	1789118599508	1	706	chunk-verified	
16213	1789118599509	2	674	succeeded	attempt 1
16214	1789118599510	1	709	succeeded	attempt 1
16223	1789118599520	0	675	chunk-verified	
16226	1789118599522	0	678	succeeded	attempt 1
16230	1789118599527	1	709	chunk-verified	
16232	1789118599529	2	674	chunk-verified	
16233	1789118599529	1	712	succeeded	attempt 1
16235	1789118599531	2	677	succeeded	attempt 1
16244	1789118599540	0	678	chunk-verified	
16246	1789118599543	0	681	succeeded	attempt 1
16253	1789118599550	1	712	chunk-verified	
16262	1789118599559	2	677	chunk-verified	
16264	1789118599560	2	680	succeeded	attempt 1
16266	1789118599563	1	715	succeeded	attempt 1
16271	1789118599567	0	681	chunk-verified	
16273	1789118599569	0	684	succeeded	attempt 1
16280	1789118599576	2	680	chunk-verified	
16282	1789118599578	2	683	succeeded	attempt 1
16287	1789118599583	1	715	chunk-verified	
16289	1789118599585	1	718	succeeded	attempt 1
16292	1789118599589	0	684	chunk-verified	
16295	1789118599592	0	687	succeeded	attempt 1
16301	1789118599598	2	683	chunk-verified	
16304	1789118599600	2	686	succeeded	attempt 1
16309	1789118599605	1	718	chunk-verified	
16311	1789118599607	1	721	succeeded	attempt 1
16316	1789118599613	0	687	chunk-verified	
16318	1789118599615	0	690	succeeded	attempt 1
16324	1789118599621	2	686	chunk-verified	
16327	1789118599623	2	689	succeeded	attempt 1
16329	1789118599626	1	721	chunk-verified	
16332	1789118599628	1	724	succeeded	attempt 1
16336	1789118599633	0	690	chunk-verified	
16338	1789118599635	0	693	succeeded	attempt 1
16347	1789118599644	2	689	chunk-verified	
16349	1789118599646	2	692	succeeded	attempt 1
16352	1789118599649	1	724	chunk-verified	
16355	1789118599651	1	727	succeeded	attempt 1
16358	1789118599655	0	693	chunk-verified	
16360	1789118599657	0	696	succeeded	attempt 1
16366	1789118599663	2	692	chunk-verified	
16368	1789118599665	2	695	succeeded	attempt 1
16373	1789118599669	1	727	chunk-verified	
16375	1789118599672	1	730	succeeded	attempt 1
16377	1789118599674	0	696	chunk-verified	
16379	1789118599676	0	699	succeeded	attempt 1
16388	1789118599684	2	695	chunk-verified	
16390	1789118599686	2	698	succeeded	attempt 1
16397	1789118599694	1	730	chunk-verified	
16400	1789118599696	1	733	succeeded	attempt 1
16403	1789118599699	0	699	chunk-verified	
16405	1789118599701	0	702	succeeded	attempt 1
16410	1789118599706	2	698	chunk-verified	
16412	1789118599709	2	701	succeeded	attempt 1
16417	1789118599714	1	733	chunk-verified	
16419	1789118599716	1	736	succeeded	attempt 1
16423	1789118599719	0	702	chunk-verified	
16425	1789118599721	0	705	succeeded	attempt 1
16433	1789118599729	2	701	chunk-verified	
16435	1789118599732	2	704	succeeded	attempt 1
16442	1789118599738	1	736	chunk-verified	
16444	1789118599741	1	739	succeeded	attempt 1
16444	1789118599741	0	705	chunk-verified	
16447	1789118599743	0	708	succeeded	attempt 1
16459	1789118599756	2	704	chunk-verified	
16462	1789118599758	2	707	succeeded	attempt 1
16465	1789118599762	1	739	chunk-verified	
16467	1789118599764	0	708	chunk-verified	
16469	1789118599765	1	742	succeeded	attempt 1
16470	1789118599766	0	711	succeeded	attempt 1
16482	1789118599779	2	707	chunk-verified	
16490	1789118599787	2	710	succeeded	attempt 1
16494	1789118599791	1	742	chunk-verified	
16499	1789118599796	0	711	chunk-verified	
16500	1789118599796	1	745	succeeded	attempt 1
16501	1789118599798	0	714	succeeded	attempt 1
16512	1789118599809	2	710	chunk-verified	
16515	1789118599811	2	713	succeeded	attempt 1
16519	1789118599816	1	745	chunk-verified	
16520	1789118599816	0	714	chunk-verified	
16522	1789118599818	1	748	succeeded	attempt 1
16522	1789118599819	0	717	succeeded	attempt 1
16533	1789118599829	2	713	chunk-verified	
16536	1789118599833	2	716	succeeded	attempt 1
16541	1789118599837	1	748	chunk-verified	
16542	1789118599839	0	717	chunk-verified	
16543	1789118599840	1	751	succeeded	attempt 1
16544	1789118599841	0	720	succeeded	attempt 1
16556	1789118599853	2	716	chunk-verified	
16559	1789118599856	2	719	succeeded	attempt 1
16561	1789118599858	1	751	chunk-verified	
16563	1789118599860	0	720	chunk-verified	
16564	1789118599860	1	754	succeeded	attempt 1
16565	1789118599862	0	723	succeeded	attempt 1
16580	1789118599877	2	719	chunk-verified	
16582	1789118599879	2	722	succeeded	attempt 1
16584	1789118599881	0	723	chunk-verified	
16585	1789118599881	1	754	chunk-verified	
16587	1789118599883	0	726	succeeded	attempt 1
16587	1789118599883	1	757	succeeded	attempt 1
16603	1789118599899	2	722	chunk-verified	
16605	1789118599901	0	726	chunk-verified	
16605	1789118599902	1	757	chunk-verified	
16605	1789118599902	2	725	succeeded	attempt 1
16608	1789118599904	0	729	succeeded	attempt 1
16608	1789118599905	1	760	succeeded	attempt 1
16622	1789118599918	2	725	chunk-verified	
16624	1789118599920	2	728	succeeded	attempt 1
16627	1789118599923	0	729	chunk-verified	
16627	1789118599924	1	760	chunk-verified	
16630	1789118599926	0	732	succeeded	attempt 1
16630	1789118599926	1	763	succeeded	attempt 1
16644	1789118599940	2	728	chunk-verified	
16646	1789118599942	2	731	succeeded	attempt 1
16650	1789118599947	1	763	chunk-verified	
16651	1789118599948	0	732	chunk-verified	
16652	1789118599949	1	766	succeeded	attempt 1
16653	1789118599950	0	735	succeeded	attempt 1
16663	1789118599960	2	731	chunk-verified	
16665	1789118599962	2	734	succeeded	attempt 1
16669	1789118599965	0	735	chunk-verified	
16669	1789118599966	1	766	chunk-verified	
16671	1789118599967	0	738	succeeded	attempt 1
16687	1789118599983	2	734	chunk-verified	
16687	1789118599984	0	738	chunk-verified	
16690	1789118599986	0	741	succeeded	attempt 1
16690	1789118599986	2	737	succeeded	attempt 1
16711	1789118600008	2	737	chunk-verified	
16711	1789118600008	0	741	chunk-verified	
16714	1789118600010	2	740	succeeded	attempt 1
16714	1789118600011	0	744	succeeded	attempt 1
16732	1789118600028	2	740	chunk-verified	
16734	1789118600030	2	743	succeeded	attempt 1
16734	1789118600031	0	744	chunk-verified	
16736	1789118600033	0	747	succeeded	attempt 1
16755	1789118600052	0	747	chunk-verified	
16756	1789118600052	2	743	chunk-verified	
16757	1789118600054	0	750	succeeded	attempt 1
16758	1789118600055	2	746	succeeded	attempt 1
16765	1789118600061	1	-1	checkpoint	declared 256
16776	1789118600072	0	750	chunk-verified	
16778	1789118600074	0	753	succeeded	attempt 1
16779	1789118600075	2	746	chunk-verified	
16782	1789118600079	2	749	succeeded	attempt 1
16798	1789118600094	0	753	chunk-verified	
16800	1789118600097	0	756	succeeded	attempt 1
16801	1789118600097	2	749	chunk-verified	
16803	1789118600099	2	752	succeeded	attempt 1
16813	1789118600109	1	-1	complete	declared 256
16813	1789118600109	1	-1	commits	256 chunks
16818	1789118600115	0	756	chunk-verified	
16820	1789118600117	2	752	chunk-verified	
16820	1789118600117	0	759	succeeded	attempt 1
16823	1789118600119	2	755	succeeded	attempt 1
16840	1789118600137	0	759	chunk-verified	
16841	1789118600138	2	755	chunk-verified	
16842	1789118600139	0	762	succeeded	attempt 1
16843	1789118600140	2	758	succeeded	attempt 1
16860	1789118600156	0	762	chunk-verified	
16860	1789118600157	2	758	chunk-verified	
16862	1789118600159	0	765	succeeded	attempt 1
16862	1789118600159	2	761	succeeded	attempt 1
16880	1789118600176	2	761	chunk-verified	
16882	1789118600178	0	765	chunk-verified	
16882	1789118600179	2	764	succeeded	attempt 1
16892	1789118600189	1	-1	session-close	
16898	1789118600195	2	764	chunk-verified	
16900	1789118600197	2	767	succeeded	attempt 1
16920	1789118600217	2	767	chunk-verified	
16997	1789118600294	0	-1	checkpoint	declared 256
17031	1789118600328	2	-1	checkpoint	declared 256
17045	1789118600342	0	-1	complete	declared 256
17045	1789118600342	0	-1	commits	256 chunks
17077	1789118600374	2	-1	complete	declared 256
17077	1789118600374	2	-1	commits	256 chunks
17124	1789118600421	0	-1	session-close	
17157	1789118600453	2	-1	session-close	
0	1789118600548	-	-	final-verified	50331648 bytes
