149	1789131569736	1	-1	session-open	workload-b
149	1789131569737	0	-1	session-open	workload-a
152	1789131569739	2	-1	session-open	workload-c
206	1789131569793	1	-1	declared	batch 0: 100 entities
216	1789131569803	0	-1	declared	batch 0: 100 entities
231	1789131569818	2	-1	declared	batch 0: 100 entities
273	1789131569860	1	-1	declared	batch 1: 100 entities
275	1789131569862	0	-1	declared	batch 1: 100 entities
310	1789131569898	2	-1	declared	batch 1: 100 entities
345	1789131569933	0	-1	declared	batch 2: 56 entities
354	1789131569941	1	-1	declared	batch 2: 56 entities
375	1789131569962	2	-1	declared	batch 2: 56 entities
568	1789131570155	0	9	admit-ceiling	LIMIT_EXCEEDED: client unresolved admission ceiling
593	1789131570180	1	7	admit-ceiling	LIMIT_EXCEEDED: client unresolved admission ceiling
662	1789131570249	2	11	admit-ceiling	LIMIT_EXCEEDED: client unresolved admission ceiling
667	1789131570254	0	30	admit-ceiling	LIMIT_EXCEEDED: client unresolved admission ceiling
687	1789131570274	1	19	admit-ceiling	LIMIT_EXCEEDED: client unresolved admission ceiling
763	1789131570350	2	26	admit-ceiling	LIMIT_EXCEEDED: client unresolved admission ceiling
842	1789131570429	1	16	admit-ceiling	LIMIT_EXCEEDED: client unresolved admission ceiling
873	1789131570460	1	43	admit-ceiling	LIMIT_EXCEEDED: client unresolved admission ceiling
875	1789131570462	2	38	admit-ceiling	LIMIT_EXCEEDED: client unresolved admission ceiling
935	1789131570522	1	4	admitted	admit=580ms
947	1789131570534	0	0	admitted	admit=600ms
959	1789131570546	2	47	admitted	admit=583ms
966	1789131570553	1	13	admitted	admit=611ms
974	1789131570561	0	18	admitted	admit=627ms
987	1789131570574	2	20	admitted	admit=611ms
992	1789131570579	0	3	admitted	admit=645ms
997	1789131570584	1	46	admitted	admit=641ms
1012	1789131570600	0	12	admitted	admit=666ms
1020	1789131570607	2	2	admitted	admit=644ms
1023	1789131570610	1	10	admitted	admit=667ms
1032	1789131570620	0	15	admitted	admit=685ms
1047	1789131570635	2	5	admitted	admit=671ms
1055	1789131570642	1	28	admitted	admit=699ms
1060	1789131570647	0	45	admitted	admit=713ms
1082	1789131570669	1	25	admitted	admit=726ms
1084	1789131570671	2	17	admitted	admit=708ms
1087	1789131570674	0	21	admitted	admit=739ms
1107	1789131570695	2	8	admitted	admit=731ms
1113	1789131570700	1	37	admitted	admit=756ms
1115	1789131570703	0	24	admitted	admit=768ms
1130	1789131570718	2	44	admitted	admit=754ms
1140	1789131570727	1	31	admitted	admit=784ms
1145	1789131570732	0	39	admitted	admit=798ms
1160	1789131570747	2	14	admitted	admit=784ms
1168	1789131570755	1	40	admitted	admit=811ms
1170	1789131570758	0	27	admitted	admit=823ms
1171	1789131570758	1	19	admit-ceiling	LIMIT_EXCEEDED: client unresolved admission ceiling
1172	1789131570759	1	16	admit-ceiling	LIMIT_EXCEEDED: client unresolved admission ceiling
1172	1789131570759	1	43	admit-ceiling	LIMIT_EXCEEDED: client unresolved admission ceiling
1182	1789131570769	2	35	admitted	admit=805ms
1202	1789131570789	0	36	admitted	admit=854ms
1204	1789131570791	2	29	admitted	admit=827ms
1204	1789131570791	1	49	admit-ceiling	LIMIT_EXCEEDED: client unresolved admission ceiling
1207	1789131570794	2	26	admit-ceiling	LIMIT_EXCEEDED: client unresolved admission ceiling
1207	1789131570794	2	38	admit-ceiling	LIMIT_EXCEEDED: client unresolved admission ceiling
1234	1789131570821	1	52	admit-ceiling	LIMIT_EXCEEDED: client unresolved admission ceiling
1234	1789131570821	0	33	admitted	admit=886ms
1270	1789131570857	0	42	admitted	admit=921ms
1275	1789131570862	1	55	admit-ceiling	LIMIT_EXCEEDED: client unresolved admission ceiling
1311	1789131570898	1	58	admit-ceiling	LIMIT_EXCEEDED: client unresolved admission ceiling
1340	1789131570928	0	51	admit-ceiling	LIMIT_EXCEEDED: client unresolved admission ceiling
1343	1789131570930	1	61	admit-ceiling	LIMIT_EXCEEDED: client unresolved admission ceiling
1368	1789131570955	1	64	admit-ceiling	LIMIT_EXCEEDED: client unresolved admission ceiling
1395	1789131570983	2	65	admit-ceiling	LIMIT_EXCEEDED: client unresolved admission ceiling
1427	1789131571014	1	70	admit-ceiling	LIMIT_EXCEEDED: client unresolved admission ceiling
1465	1789131571052	0	63	admit-ceiling	LIMIT_EXCEEDED: client unresolved admission ceiling
1471	1789131571058	1	73	admit-ceiling	LIMIT_EXCEEDED: client unresolved admission ceiling
1497	1789131571084	1	34	admitted	admit=1141ms
1499	1789131571087	1	49	admit-ceiling	LIMIT_EXCEEDED: client unresolved admission ceiling
1500	1789131571087	1	52	admit-ceiling	LIMIT_EXCEEDED: client unresolved admission ceiling
1500	1789131571087	1	19	admit-ceiling	LIMIT_EXCEEDED: client unresolved admission ceiling
1500	1789131571087	1	16	admit-ceiling	LIMIT_EXCEEDED: client unresolved admission ceiling
1500	1789131571087	1	43	admit-ceiling	LIMIT_EXCEEDED: client unresolved admission ceiling
1500	1789131571087	1	55	admit-ceiling	LIMIT_EXCEEDED: client unresolved admission ceiling
1501	1789131571088	1	58	admit-ceiling	LIMIT_EXCEEDED: client unresolved admission ceiling
1501	1789131571088	1	61	admit-ceiling	LIMIT_EXCEEDED: client unresolved admission ceiling
1501	1789131571088	1	64	admit-ceiling	LIMIT_EXCEEDED: client unresolved admission ceiling
1512	1789131571099	2	74	admit-ceiling	LIMIT_EXCEEDED: client unresolved admission ceiling
1536	1789131571123	1	76	admit-ceiling	LIMIT_EXCEEDED: client unresolved admission ceiling
1537	1789131571124	1	70	admit-ceiling	LIMIT_EXCEEDED: client unresolved admission ceiling
1542	1789131571129	2	41	admitted	admit=1165ms
1570	1789131571158	0	60	admit-refused	authority refusal LIMIT_EXCEEDED: aggregate admission capacity exhausted
1572	1789131571160	2	23	admitted	admit=1196ms
1590	1789131571178	0	69	admit-refused	authority refusal LIMIT_EXCEEDED: aggregate admission capacity exhausted
1592	1789131571179	1	7	admit-retried	succeeded after 1 refusals
1592	1789131571179	1	7	admitted	admit=1236ms
1605	1789131571192	2	11	admit-retried	succeeded after 1 refusals
1605	1789131571192	2	11	admitted	admit=1228ms
1625	1789131571212	1	67	admitted	admit=455ms
1625	1789131571212	0	72	admit-refused	authority refusal LIMIT_EXCEEDED: aggregate admission capacity exhausted
1627	1789131571214	2	50	admitted	admit=444ms
1644	1789131571231	0	75	admit-refused	authority refusal LIMIT_EXCEEDED: aggregate admission capacity exhausted
1663	1789131571251	2	53	admitted	admit=481ms
1693	1789131571280	0	78	admit-refused	authority refusal LIMIT_EXCEEDED: aggregate admission capacity exhausted
1697	1789131571284	2	77	admit-ceiling	LIMIT_EXCEEDED: client unresolved admission ceiling
1707	1789131571294	1	82	admit-ceiling	LIMIT_EXCEEDED: client unresolved admission ceiling
1709	1789131571296	1	76	admit-ceiling	LIMIT_EXCEEDED: client unresolved admission ceiling
1709	1789131571296	1	49	admit-ceiling	LIMIT_EXCEEDED: client unresolved admission ceiling
1709	1789131571296	1	52	admit-ceiling	LIMIT_EXCEEDED: client unresolved admission ceiling
1709	1789131571297	1	58	admit-ceiling	LIMIT_EXCEEDED: client unresolved admission ceiling
1710	1789131571297	1	55	admit-ceiling	LIMIT_EXCEEDED: client unresolved admission ceiling
1710	1789131571297	1	64	admit-ceiling	LIMIT_EXCEEDED: client unresolved admission ceiling
1710	1789131571297	1	61	admit-ceiling	LIMIT_EXCEEDED: client unresolved admission ceiling
1728	1789131571315	0	48	admitted	admit=525ms
1728	1789131571315	2	59	admitted	admit=544ms
1739	1789131571327	1	70	admit-ceiling	LIMIT_EXCEEDED: client unresolved admission ceiling
1752	1789131571339	2	62	admitted	admit=547ms
1755	1789131571342	2	26	admit-ceiling	LIMIT_EXCEEDED: client unresolved admission ceiling
1755	1789131571342	2	38	admit-ceiling	LIMIT_EXCEEDED: client unresolved admission ceiling
1756	1789131571343	2	65	admit-ceiling	LIMIT_EXCEEDED: client unresolved admission ceiling
1756	1789131571343	2	74	admit-ceiling	LIMIT_EXCEEDED: client unresolved admission ceiling
1757	1789131571344	0	30	admit-retried	succeeded after 1 refusals
1757	1789131571344	0	30	admitted	admit=1410ms
1770	1789131571357	0	81	admit-refused	authority refusal LIMIT_EXCEEDED: aggregate admission capacity exhausted
1777	1789131571364	1	22	admitted	admit=1421ms
1782	1789131571369	0	9	admit-retried	succeeded after 1 refusals
1782	1789131571369	0	9	admitted	admit=1435ms
1801	1789131571388	0	57	admitted	admit=530ms
1827	1789131571414	0	84	admit-refused	authority refusal LIMIT_EXCEEDED: aggregate admission capacity exhausted
1836	1789131571424	2	86	admit-ceiling	LIMIT_EXCEEDED: client unresolved admission ceiling
1838	1789131571425	1	73	admit-retried	succeeded after 1 refusals
1838	1789131571425	1	73	admitted	admit=668ms
1838	1789131571425	0	54	admitted	admit=568ms
1857	1789131571444	2	89	admit-ceiling	LIMIT_EXCEEDED: client unresolved admission ceiling
1862	1789131571449	0	66	admitted	admit=591ms
1867	1789131571454	0	69	admit-ceiling	LIMIT_EXCEEDED: client unresolved admission ceiling
1867	1789131571454	0	72	admit-ceiling	LIMIT_EXCEEDED: client unresolved admission ceiling
1867	1789131571454	0	75	admit-ceiling	LIMIT_EXCEEDED: client unresolved admission ceiling
1867	1789131571455	1	1	admitted	admit=1512ms
1868	1789131571455	0	78	admit-ceiling	LIMIT_EXCEEDED: client unresolved admission ceiling
1897	1789131571484	2	92	admit-ceiling	LIMIT_EXCEEDED: client unresolved admission ceiling
1914	1789131571501	0	87	admit-ceiling	LIMIT_EXCEEDED: client unresolved admission ceiling
1949	1789131571536	2	80	admit-refused	authority refusal LIMIT_EXCEEDED: aggregate admission capacity exhausted
1955	1789131571543	0	51	admit-refused	authority refusal LIMIT_EXCEEDED: aggregate admission capacity exhausted
1959	1789131571546	2	83	admit-refused	authority refusal LIMIT_EXCEEDED: aggregate admission capacity exhausted
1973	1789131571560	1	85	admitted	admit=195ms
1986	1789131571573	2	95	admit-refused	authority refusal LIMIT_EXCEEDED: aggregate admission capacity exhausted
2005	1789131571592	1	79	admitted	admit=379ms
2005	1789131571592	2	71	admitted	admit=799ms
2005	1789131571593	1	16	admit-ceiling	LIMIT_EXCEEDED: client unresolved admission ceiling
2006	1789131571593	1	76	admit-ceiling	LIMIT_EXCEEDED: client unresolved admission ceiling
2007	1789131571594	0	96	admit-ceiling	LIMIT_EXCEEDED: client unresolved admission ceiling
2032	1789131571619	0	90	admit-refused	authority refusal LIMIT_EXCEEDED: aggregate admission capacity exhausted
2037	1789131571624	1	91	admitted	admit=168ms
2041	1789131571629	2	56	admitted	admit=859ms
2042	1789131571630	0	93	admit-refused	authority refusal LIMIT_EXCEEDED: aggregate admission capacity exhausted
2056	1789131571644	2	98	admit-refused	authority refusal LIMIT_EXCEEDED: aggregate admission capacity exhausted
2077	1789131571665	2	68	admitted	admit=872ms
2077	1789131571665	1	94	admit-ceiling	LIMIT_EXCEEDED: client unresolved admission ceiling
2081	1789131571668	2	74	admit-ceiling	LIMIT_EXCEEDED: client unresolved admission ceiling
2081	1789131571669	2	89	admit-ceiling	LIMIT_EXCEEDED: client unresolved admission ceiling
2082	1789131571669	2	92	admit-ceiling	LIMIT_EXCEEDED: client unresolved admission ceiling
2082	1789131571669	2	80	admit-ceiling	LIMIT_EXCEEDED: client unresolved admission ceiling
2082	1789131571669	2	83	admit-ceiling	LIMIT_EXCEEDED: client unresolved admission ceiling
2101	1789131571688	0	60	admit-retried	succeeded after 1 refusals
2101	1789131571688	0	60	admitted	admit=830ms
2104	1789131571691	0	81	admit-ceiling	LIMIT_EXCEEDED: client unresolved admission ceiling
2104	1789131571691	0	84	admit-ceiling	LIMIT_EXCEEDED: client unresolved admission ceiling
2104	1789131571691	0	87	admit-ceiling	LIMIT_EXCEEDED: client unresolved admission ceiling
2104	1789131571691	0	69	admit-ceiling	LIMIT_EXCEEDED: client unresolved admission ceiling
2104	1789131571692	0	72	admit-ceiling	LIMIT_EXCEEDED: client unresolved admission ceiling
2104	1789131571692	0	75	admit-ceiling	LIMIT_EXCEEDED: client unresolved admission ceiling
2105	1789131571692	0	78	admit-ceiling	LIMIT_EXCEEDED: client unresolved admission ceiling
2116	1789131571703	2	101	admit-ceiling	LIMIT_EXCEEDED: client unresolved admission ceiling
2147	1789131571735	2	104	admit-ceiling	LIMIT_EXCEEDED: client unresolved admission ceiling
2148	1789131571736	0	99	admit-refused	authority refusal LIMIT_EXCEEDED: aggregate admission capacity exhausted
2164	1789131571751	0	102	admitted	admit=299ms
2166	1789131571753	0	90	admit-ceiling	LIMIT_EXCEEDED: client unresolved admission ceiling
2166	1789131571753	0	93	admit-ceiling	LIMIT_EXCEEDED: client unresolved admission ceiling
2166	1789131571753	0	51	admit-ceiling	LIMIT_EXCEEDED: client unresolved admission ceiling
2186	1789131571773	1	43	admit-retried	succeeded after 3 refusals
2186	1789131571773	1	43	admitted	admit=1829ms
2189	1789131571776	2	86	admit-refused	authority refusal LIMIT_EXCEEDED: aggregate admission capacity exhausted
2206	1789131571793	0	108	admit-ceiling	LIMIT_EXCEEDED: client unresolved admission ceiling
2211	1789131571798	2	77	admit-retried	succeeded after 1 refusals
2211	1789131571798	2	77	admitted	admit=1004ms
2211	1789131571798	1	19	admit-retried	succeeded after 3 refusals
2211	1789131571798	1	19	admitted	admit=1854ms
2212	1789131571799	2	38	admit-ceiling	LIMIT_EXCEEDED: client unresolved admission ceiling
2212	1789131571799	2	26	admit-ceiling	LIMIT_EXCEEDED: client unresolved admission ceiling
2212	1789131571799	2	98	admit-ceiling	LIMIT_EXCEEDED: client unresolved admission ceiling
2213	1789131571801	2	32	admit-refused	authority refusal LIMIT_EXCEEDED: aggregate admission capacity exhausted
2224	1789131571811	2	107	admit-refused	authority refusal LIMIT_EXCEEDED: aggregate admission capacity exhausted
2241	1789131571829	1	97	admitted	admit=204ms
2244	1789131571831	1	61	admit-ceiling	LIMIT_EXCEEDED: client unresolved admission ceiling
2244	1789131571831	1	49	admit-ceiling	LIMIT_EXCEEDED: client unresolved admission ceiling
2244	1789131571831	1	58	admit-ceiling	LIMIT_EXCEEDED: client unresolved admission ceiling
2244	1789131571831	1	64	admit-ceiling	LIMIT_EXCEEDED: client unresolved admission ceiling
2244	1789131571832	1	52	admit-ceiling	LIMIT_EXCEEDED: client unresolved admission ceiling
2245	1789131571832	1	70	admit-ceiling	LIMIT_EXCEEDED: client unresolved admission ceiling
2245	1789131571832	1	94	admit-ceiling	LIMIT_EXCEEDED: client unresolved admission ceiling
2250	1789131571837	0	99	admit-ceiling	LIMIT_EXCEEDED: client unresolved admission ceiling
2250	1789131571837	2	104	admit-ceiling	LIMIT_EXCEEDED: client unresolved admission ceiling
2264	1789131571851	0	105	admit-refused	authority refusal LIMIT_EXCEEDED: aggregate admission capacity exhausted
2282	1789131571869	1	103	admit-ceiling	LIMIT_EXCEEDED: client unresolved admission ceiling
2283	1789131571870	2	92	admit-ceiling	LIMIT_EXCEEDED: client unresolved admission ceiling
2283	1789131571870	2	89	admit-ceiling	LIMIT_EXCEEDED: client unresolved admission ceiling
2284	1789131571871	2	83	admit-ceiling	LIMIT_EXCEEDED: client unresolved admission ceiling
2284	1789131571871	2	80	admit-ceiling	LIMIT_EXCEEDED: client unresolved admission ceiling
2305	1789131571892	2	110	admit-refused	authority refusal LIMIT_EXCEEDED: aggregate admission capacity exhausted
2306	1789131571893	0	87	admit-ceiling	LIMIT_EXCEEDED: client unresolved admission ceiling
2306	1789131571893	0	84	admit-ceiling	LIMIT_EXCEEDED: client unresolved admission ceiling
2307	1789131571895	0	108	admit-ceiling	LIMIT_EXCEEDED: client unresolved admission ceiling
2309	1789131571896	1	106	admit-ceiling	LIMIT_EXCEEDED: client unresolved admission ceiling
2315	1789131571902	2	101	admit-refused	authority refusal LIMIT_EXCEEDED: aggregate admission capacity exhausted
2336	1789131571924	1	109	admit-ceiling	LIMIT_EXCEEDED: client unresolved admission ceiling
2365	1789131571953	0	105	admit-ceiling	LIMIT_EXCEEDED: client unresolved admission ceiling
2367	1789131571954	0	90	admit-ceiling	LIMIT_EXCEEDED: client unresolved admission ceiling
2367	1789131571955	0	93	admit-ceiling	LIMIT_EXCEEDED: client unresolved admission ceiling
2384	1789131571971	1	103	admit-ceiling	LIMIT_EXCEEDED: client unresolved admission ceiling
2393	1789131571980	2	107	admit-refused	authority refusal LIMIT_EXCEEDED: aggregate admission capacity exhausted
2393	1789131571980	0	81	admit-refused	authority refusal LIMIT_EXCEEDED: aggregate admission capacity exhausted
2395	1789131571982	2	32	admit-retried	succeeded after 1 refusals
2395	1789131571982	2	32	admitted	admit=2017ms
2407	1789131571994	1	76	admit-ceiling	LIMIT_EXCEEDED: client unresolved admission ceiling
2410	1789131571997	1	106	admit-ceiling	LIMIT_EXCEEDED: client unresolved admission ceiling
2426	1789131572013	2	110	admit-ceiling	LIMIT_EXCEEDED: client unresolved admission ceiling
2426	1789131572013	2	98	admit-ceiling	LIMIT_EXCEEDED: client unresolved admission ceiling
2438	1789131572025	1	109	admit-ceiling	LIMIT_EXCEEDED: client unresolved admission ceiling
2447	1789131572034	1	94	admit-ceiling	LIMIT_EXCEEDED: client unresolved admission ceiling
2452	1789131572039	2	104	admit-ceiling	LIMIT_EXCEEDED: client unresolved admission ceiling
2483	1789131572070	2	74	admit-ceiling	LIMIT_EXCEEDED: client unresolved admission ceiling
2507	1789131572094	0	75	admit-ceiling	LIMIT_EXCEEDED: client unresolved admission ceiling
2507	1789131572094	0	78	admit-ceiling	LIMIT_EXCEEDED: client unresolved admission ceiling
2507	1789131572094	0	72	admit-ceiling	LIMIT_EXCEEDED: client unresolved admission ceiling
2507	1789131572094	0	69	admit-ceiling	LIMIT_EXCEEDED: client unresolved admission ceiling
2509	1789131572096	0	108	admit-ceiling	LIMIT_EXCEEDED: client unresolved admission ceiling
2511	1789131572098	0	96	admit-refused	authority refusal LIMIT_EXCEEDED: aggregate admission capacity exhausted
2517	1789131572104	2	101	admit-ceiling	LIMIT_EXCEEDED: client unresolved admission ceiling
2536	1789131572123	1	88	admitted	admit=668ms
2568	1789131572155	0	51	admit-ceiling	LIMIT_EXCEEDED: client unresolved admission ceiling
2586	1789131572173	1	103	admit-ceiling	LIMIT_EXCEEDED: client unresolved admission ceiling
2595	1789131572182	2	107	admit-ceiling	LIMIT_EXCEEDED: client unresolved admission ceiling
2621	1789131572209	1	112	admitted	admit=84ms
2628	1789131572215	2	110	admit-ceiling	LIMIT_EXCEEDED: client unresolved admission ceiling
2644	1789131572232	0	105	admit-retried	succeeded after 2 refusals
2644	1789131572232	0	105	admitted	admit=541ms
2647	1789131572234	1	115	admit-ceiling	LIMIT_EXCEEDED: client unresolved admission ceiling
2648	1789131572235	1	109	admit-ceiling	LIMIT_EXCEEDED: client unresolved admission ceiling
2685	1789131572273	2	89	admit-ceiling	LIMIT_EXCEEDED: client unresolved admission ceiling
2686	1789131572273	2	92	admit-ceiling	LIMIT_EXCEEDED: client unresolved admission ceiling
2686	1789131572273	2	80	admit-ceiling	LIMIT_EXCEEDED: client unresolved admission ceiling
2686	1789131572274	2	83	admit-ceiling	LIMIT_EXCEEDED: client unresolved admission ceiling
2698	1789131572285	1	106	admit-retried	succeeded after 2 refusals
2698	1789131572285	1	106	admitted	admit=455ms
2708	1789131572295	0	87	admit-ceiling	LIMIT_EXCEEDED: client unresolved admission ceiling
2708	1789131572295	0	84	admit-ceiling	LIMIT_EXCEEDED: client unresolved admission ceiling
2713	1789131572300	0	96	admit-ceiling	LIMIT_EXCEEDED: client unresolved admission ceiling
2749	1789131572336	1	115	admit-ceiling	LIMIT_EXCEEDED: client unresolved admission ceiling
2769	1789131572356	0	111	admitted	admit=124ms
2771	1789131572358	0	90	admit-ceiling	LIMIT_EXCEEDED: client unresolved admission ceiling
2795	1789131572382	0	114	admit-ceiling	LIMIT_EXCEEDED: client unresolved admission ceiling
2795	1789131572383	0	81	admit-ceiling	LIMIT_EXCEEDED: client unresolved admission ceiling
2805	1789131572392	1	118	admitted	admit=106ms
2818	1789131572405	2	113	admitted	admit=423ms
2825	1789131572412	1	16	admit-ceiling	LIMIT_EXCEEDED: client unresolved admission ceiling
2835	1789131572423	2	98	admit-ceiling	LIMIT_EXCEEDED: client unresolved admission ceiling
2849	1789131572436	1	94	admit-ceiling	LIMIT_EXCEEDED: client unresolved admission ceiling
2854	1789131572442	2	104	admit-ceiling	LIMIT_EXCEEDED: client unresolved admission ceiling
2901	1789131572488	1	121	admitted	admit=95ms
2906	1789131572493	0	6	admitted	admit=2560ms
2924	1789131572511	2	86	admit-retried	succeeded after 2 refusals
2924	1789131572512	2	86	admitted	admit=1171ms
2951	1789131572538	1	115	admit-ceiling	LIMIT_EXCEEDED: client unresolved admission ceiling
2951	1789131572538	0	117	admit-ceiling	LIMIT_EXCEEDED: client unresolved admission ceiling
2952	1789131572539	0	108	admit-ceiling	LIMIT_EXCEEDED: client unresolved admission ceiling
2961	1789131572548	2	119	admit-ceiling	LIMIT_EXCEEDED: client unresolved admission ceiling
2988	1789131572575	1	103	admit-ceiling	LIMIT_EXCEEDED: client unresolved admission ceiling
2996	1789131572583	2	107	admit-ceiling	LIMIT_EXCEEDED: client unresolved admission ceiling
3014	1789131572601	2	26	admit-ceiling	LIMIT_EXCEEDED: client unresolved admission ceiling
3014	1789131572601	2	38	admit-ceiling	LIMIT_EXCEEDED: client unresolved admission ceiling
3045	1789131572632	1	49	admit-ceiling	LIMIT_EXCEEDED: client unresolved admission ceiling
3046	1789131572633	1	61	admit-ceiling	LIMIT_EXCEEDED: client unresolved admission ceiling
3046	1789131572633	0	114	admit-retried	succeeded after 1 refusals
3046	1789131572633	0	114	admitted	admit=276ms
3046	1789131572634	1	58	admit-ceiling	LIMIT_EXCEEDED: client unresolved admission ceiling
3047	1789131572634	1	70	admit-ceiling	LIMIT_EXCEEDED: client unresolved admission ceiling
3047	1789131572634	1	64	admit-ceiling	LIMIT_EXCEEDED: client unresolved admission ceiling
3047	1789131572634	1	52	admit-ceiling	LIMIT_EXCEEDED: client unresolved admission ceiling
3049	1789131572636	1	109	admit-ceiling	LIMIT_EXCEEDED: client unresolved admission ceiling
3056	1789131572643	2	101	admit-retried	succeeded after 3 refusals
3056	1789131572643	2	101	admitted	admit=977ms
3070	1789131572657	0	117	admit-ceiling	LIMIT_EXCEEDED: client unresolved admission ceiling
3110	1789131572697	1	124	admitted	admit=208ms
3110	1789131572697	2	116	admitted	admit=291ms
3115	1789131572702	0	96	admit-ceiling	LIMIT_EXCEEDED: client unresolved admission ceiling
3140	1789131572727	2	110	admit-retried	succeeded after 3 refusals
3140	1789131572727	2	110	admitted	admit=928ms
3166	1789131572753	2	125	admit-ceiling	LIMIT_EXCEEDED: client unresolved admission ceiling
3189	1789131572777	2	128	admit-ceiling	LIMIT_EXCEEDED: client unresolved admission ceiling
3192	1789131572779	0	93	admit-retried	succeeded after 3 refusals
3192	1789131572779	0	93	admitted	admit=1328ms
3210	1789131572797	1	76	admit-ceiling	LIMIT_EXCEEDED: client unresolved admission ceiling
3240	1789131572827	0	120	admitted	admit=193ms
3257	1789131572844	2	119	admit-retried	succeeded after 1 refusals
3257	1789131572844	2	119	admitted	admit=332ms
3290	1789131572877	2	125	admit-ceiling	LIMIT_EXCEEDED: client unresolved admission ceiling
3290	1789131572877	2	74	admit-ceiling	LIMIT_EXCEEDED: client unresolved admission ceiling
3290	1789131572878	2	128	admit-ceiling	LIMIT_EXCEEDED: client unresolved admission ceiling
3296	1789131572883	0	123	admitted	admit=103ms
3325	1789131572913	0	129	admit-ceiling	LIMIT_EXCEEDED: client unresolved admission ceiling
3327	1789131572914	0	69	admit-ceiling	LIMIT_EXCEEDED: client unresolved admission ceiling
3327	1789131572914	0	75	admit-ceiling	LIMIT_EXCEEDED: client unresolved admission ceiling
3327	1789131572914	0	78	admit-ceiling	LIMIT_EXCEEDED: client unresolved admission ceiling
3327	1789131572915	0	72	admit-ceiling	LIMIT_EXCEEDED: client unresolved admission ceiling
3347	1789131572934	0	126	admit-refused	authority refusal LIMIT_EXCEEDED: aggregate admission capacity exhausted
3354	1789131572941	1	115	admit-ceiling	LIMIT_EXCEEDED: client unresolved admission ceiling
3386	1789131572973	2	131	admitted	admit=128ms
3427	1789131573014	0	129	admit-ceiling	LIMIT_EXCEEDED: client unresolved admission ceiling
3435	1789131573022	1	127	admitted	admit=325ms
3448	1789131573035	0	126	admit-ceiling	LIMIT_EXCEEDED: client unresolved admission ceiling
3481	1789131573068	0	117	admit-refused	authority refusal LIMIT_EXCEEDED: aggregate admission capacity exhausted
3483	1789131573070	1	82	admit-retried	succeeded after 1 refusals
3483	1789131573070	1	82	admitted	admit=1857ms
3491	1789131573078	2	134	admitted	admit=103ms
3493	1789131573080	2	92	admit-ceiling	LIMIT_EXCEEDED: client unresolved admission ceiling
3493	1789131573080	2	80	admit-ceiling	LIMIT_EXCEEDED: client unresolved admission ceiling
3493	1789131573080	2	83	admit-ceiling	LIMIT_EXCEEDED: client unresolved admission ceiling
3494	1789131573081	2	128	admit-ceiling	LIMIT_EXCEEDED: client unresolved admission ceiling
3494	1789131573081	2	125	admit-ceiling	LIMIT_EXCEEDED: client unresolved admission ceiling
3509	1789131573096	0	51	admit-retried	succeeded after 4 refusals
3509	1789131573096	0	51	admitted	admit=2274ms
3527	1789131573114	1	100	admit-refused	authority refusal LIMIT_EXCEEDED: aggregate admission capacity exhausted
3531	1789131573118	2	137	admit-ceiling	LIMIT_EXCEEDED: client unresolved admission ceiling
3538	1789131573125	0	84	admit-ceiling	LIMIT_EXCEEDED: client unresolved admission ceiling
3559	1789131573146	1	130	admitted	admit=123ms
3567	1789131573154	2	65	admit-refused	authority refusal LIMIT_EXCEEDED: aggregate admission capacity exhausted
3572	1789131573160	0	90	admit-ceiling	LIMIT_EXCEEDED: client unresolved admission ceiling
3582	1789131573169	2	89	admit-retried	succeeded after 4 refusals
3582	1789131573169	2	89	admitted	admit=1828ms
3597	1789131573184	0	81	admit-ceiling	LIMIT_EXCEEDED: client unresolved admission ceiling
3629	1789131573216	0	129	admit-ceiling	LIMIT_EXCEEDED: client unresolved admission ceiling
3637	1789131573224	2	98	admit-ceiling	LIMIT_EXCEEDED: client unresolved admission ceiling
3637	1789131573224	1	136	admit-refused	authority refusal LIMIT_EXCEEDED: aggregate admission capacity exhausted
3645	1789131573232	1	133	admit-refused	authority refusal LIMIT_EXCEEDED: aggregate admission capacity exhausted
3656	1789131573243	2	104	admit-ceiling	LIMIT_EXCEEDED: client unresolved admission ceiling
3664	1789131573251	0	87	admit-retried	succeeded after 4 refusals
3664	1789131573251	0	87	admitted	admit=1800ms
3671	1789131573258	2	140	admit-refused	authority refusal LIMIT_EXCEEDED: aggregate admission capacity exhausted
3692	1789131573279	0	135	admit-ceiling	LIMIT_EXCEEDED: client unresolved admission ceiling
3735	1789131573322	0	126	admit-retried	succeeded after 2 refusals
3735	1789131573322	0	126	admitted	admit=494ms
3747	1789131573334	1	133	admit-ceiling	LIMIT_EXCEEDED: client unresolved admission ceiling
3759	1789131573346	1	94	admit-refused	authority refusal LIMIT_EXCEEDED: aggregate admission capacity exhausted
3761	1789131573348	0	108	admit-ceiling	LIMIT_EXCEEDED: client unresolved admission ceiling
3772	1789131573359	0	132	admit-refused	authority refusal LIMIT_EXCEEDED: aggregate admission capacity exhausted
3798	1789131573385	2	107	admit-ceiling	LIMIT_EXCEEDED: client unresolved admission ceiling
3801	1789131573388	0	138	admit-refused	authority refusal LIMIT_EXCEEDED: aggregate admission capacity exhausted
3845	1789131573432	1	136	admit-retried	succeeded after 1 refusals
3845	1789131573432	1	136	admitted	admit=285ms
3854	1789131573441	1	100	admit-refused	authority refusal LIMIT_EXCEEDED: aggregate admission capacity exhausted
3856	1789131573443	2	140	admit-refused	authority refusal LIMIT_EXCEEDED: aggregate admission capacity exhausted
3859	1789131573446	0	63	admit-refused	authority refusal LIMIT_EXCEEDED: aggregate admission capacity exhausted
3896	1789131573483	2	125	admit-ceiling	LIMIT_EXCEEDED: client unresolved admission ceiling
3903	1789131573490	0	138	admit-ceiling	LIMIT_EXCEEDED: client unresolved admission ceiling
3916	1789131573503	0	96	admit-ceiling	LIMIT_EXCEEDED: client unresolved admission ceiling
3924	1789131573511	1	103	admit-refused	authority refusal LIMIT_EXCEEDED: aggregate admission capacity exhausted
3932	1789131573519	1	109	admit-refused	authority refusal LIMIT_EXCEEDED: aggregate admission capacity exhausted
3935	1789131573522	2	128	admit-refused	authority refusal LIMIT_EXCEEDED: aggregate admission capacity exhausted
3952	1789131573539	0	117	admit-retried	succeeded after 3 refusals
3952	1789131573539	0	117	admitted	admit=1045ms
4005	1789131573592	1	133	admit-refused	authority refusal LIMIT_EXCEEDED: aggregate admission capacity exhausted
4014	1789131573601	1	55	admit-refused	authority refusal LIMIT_EXCEEDED: aggregate admission capacity exhausted
4022	1789131573609	0	141	admit-refused	authority refusal LIMIT_EXCEEDED: aggregate admission capacity exhausted
4024	1789131573611	1	139	admit-refused	authority refusal LIMIT_EXCEEDED: aggregate admission capacity exhausted
4034	1789131573621	2	65	admit-retried	succeeded after 3 refusals
4034	1789131573621	2	65	admitted	admit=2829ms
4061	1789131573648	0	63	admit-ceiling	LIMIT_EXCEEDED: client unresolved admission ceiling
4069	1789131573656	2	140	admit-ceiling	LIMIT_EXCEEDED: client unresolved admission ceiling
4080	1789131573667	0	135	admit-refused	authority refusal LIMIT_EXCEEDED: aggregate admission capacity exhausted
4123	1789131573710	0	141	admit-ceiling	LIMIT_EXCEEDED: client unresolved admission ceiling
4130	1789131573717	2	137	admit-refused	authority refusal LIMIT_EXCEEDED: aggregate admission capacity exhausted
4133	1789131573721	1	100	admit-retried	succeeded after 2 refusals
4133	1789131573721	1	100	admitted	admit=2096ms
4136	1789131573723	2	143	admitted	admit=101ms
4152	1789131573739	0	138	admit-refused	authority refusal LIMIT_EXCEEDED: aggregate admission capacity exhausted
4165	1789131573752	0	99	admit-retried	succeeded after 2 refusals
4165	1789131573752	0	99	admitted	admit=2300ms
4237	1789131573824	2	146	admit-refused	authority refusal LIMIT_EXCEEDED: aggregate admission capacity exhausted
4251	1789131573838	2	122	admit-refused	authority refusal LIMIT_EXCEEDED: aggregate admission capacity exhausted
4253	1789131573840	0	144	admit-refused	authority refusal LIMIT_EXCEEDED: aggregate admission capacity exhausted
4265	1789131573853	1	115	admit-refused	authority refusal LIMIT_EXCEEDED: aggregate admission capacity exhausted
4277	1789131573864	1	139	admit-retried	succeeded after 1 refusals
4277	1789131573864	1	139	admitted	admit=431ms
4296	1789131573884	1	142	admit-refused	authority refusal LIMIT_EXCEEDED: aggregate admission capacity exhausted
4378	1789131573965	0	129	admit-retried	succeeded after 3 refusals
4378	1789131573965	0	129	admitted	admit=1081ms
4412	1789131573999	0	147	admit-ceiling	LIMIT_EXCEEDED: client unresolved admission ceiling
4434	1789131574021	1	145	admit-refused	authority refusal LIMIT_EXCEEDED: aggregate admission capacity exhausted
4463	1789131574050	0	63	admit-ceiling	LIMIT_EXCEEDED: client unresolved admission ceiling
4467	1789131574054	2	122	admit-retried	succeeded after 1 refusals
4467	1789131574054	2	122	admitted	admit=1410ms
4477	1789131574064	1	142	admit-refused	authority refusal LIMIT_EXCEEDED: aggregate admission capacity exhausted
4491	1789131574078	2	95	admit-refused	authority refusal LIMIT_EXCEEDED: aggregate admission capacity exhausted
4494	1789131574081	0	141	admit-refused	authority refusal LIMIT_EXCEEDED: aggregate admission capacity exhausted
4531	1789131574118	1	16	admit-refused	authority refusal LIMIT_EXCEEDED: aggregate admission capacity exhausted
4554	1789131574141	0	138	admit-ceiling	LIMIT_EXCEEDED: client unresolved admission ceiling
4572	1789131574159	2	137	admit-retried	succeeded after 2 refusals
4572	1789131574159	2	137	admitted	admit=1080ms
4578	1789131574165	2	140	admit-refused	authority refusal LIMIT_EXCEEDED: aggregate admission capacity exhausted
4586	1789131574173	2	149	admit-refused	authority refusal LIMIT_EXCEEDED: aggregate admission capacity exhausted
4610	1789131574197	0	147	admit-retried	succeeded after 1 refusals
4610	1789131574197	0	147	admitted	admit=231ms
4625	1789131574212	1	145	admit-retried	succeeded after 1 refusals
4625	1789131574212	1	145	admitted	admit=347ms
4662	1789131574249	1	64	admit-ceiling	LIMIT_EXCEEDED: client unresolved admission ceiling
4662	1789131574250	1	58	admit-ceiling	LIMIT_EXCEEDED: client unresolved admission ceiling
4663	1789131574250	1	52	admit-ceiling	LIMIT_EXCEEDED: client unresolved admission ceiling
4663	1789131574250	1	70	admit-ceiling	LIMIT_EXCEEDED: client unresolved admission ceiling
4679	1789131574266	1	142	admit-ceiling	LIMIT_EXCEEDED: client unresolved admission ceiling
4688	1789131574275	2	149	admit-ceiling	LIMIT_EXCEEDED: client unresolved admission ceiling
4690	1789131574278	2	26	admit-refused	authority refusal LIMIT_EXCEEDED: aggregate admission capacity exhausted
4698	1789131574285	2	125	admit-ceiling	LIMIT_EXCEEDED: client unresolved admission ceiling
4711	1789131574298	2	38	admit-refused	authority refusal LIMIT_EXCEEDED: aggregate admission capacity exhausted
4736	1789131574323	0	135	admit-retried	succeeded after 2 refusals
4736	1789131574323	0	135	admitted	admit=1071ms
4742	1789131574330	0	150	admit-refused	authority refusal LIMIT_EXCEEDED: aggregate admission capacity exhausted
4760	1789131574348	1	49	admit-refused	authority refusal LIMIT_EXCEEDED: aggregate admission capacity exhausted
4784	1789131574371	1	148	admit-refused	authority refusal LIMIT_EXCEEDED: aggregate admission capacity exhausted
4790	1789131574377	1	61	admit-refused	authority refusal LIMIT_EXCEEDED: aggregate admission capacity exhausted
4872	1789131574459	1	55	admit-refused	authority refusal LIMIT_EXCEEDED: aggregate admission capacity exhausted
4876	1789131574463	1	133	admit-refused	authority refusal LIMIT_EXCEEDED: aggregate admission capacity exhausted
4890	1789131574477	2	149	admit-ceiling	LIMIT_EXCEEDED: client unresolved admission ceiling
4892	1789131574479	2	74	admit-ceiling	LIMIT_EXCEEDED: client unresolved admission ceiling
4897	1789131574484	0	141	admit-ceiling	LIMIT_EXCEEDED: client unresolved admission ceiling
4899	1789131574486	0	153	admit-refused	authority refusal LIMIT_EXCEEDED: aggregate admission capacity exhausted
4921	1789131574508	0	144	admit-retried	succeeded after 1 refusals
4921	1789131574508	0	144	admitted	admit=755ms
4928	1789131574516	2	95	admit-retried	succeeded after 2 refusals
4928	1789131574516	2	95	admitted	admit=3174ms
4938	1789131574525	0	78	admit-ceiling	LIMIT_EXCEEDED: client unresolved admission ceiling
4938	1789131574525	0	69	admit-ceiling	LIMIT_EXCEEDED: client unresolved admission ceiling
4938	1789131574525	0	75	admit-ceiling	LIMIT_EXCEEDED: client unresolved admission ceiling
4959	1789131574547	1	76	admit-refused	authority refusal LIMIT_EXCEEDED: aggregate admission capacity exhausted
4972	1789131574559	1	148	admit-retried	succeeded after 1 refusals
4972	1789131574559	1	148	admitted	admit=346ms
5002	1789131574590	2	152	admit-refused	authority refusal LIMIT_EXCEEDED: aggregate admission capacity exhausted
5017	1789131574604	0	156	admitted	admit=95ms
5025	1789131574612	2	155	admitted	admit=95ms
5050	1789131574637	0	159	admit-ceiling	LIMIT_EXCEEDED: client unresolved admission ceiling
5051	1789131574638	0	72	admit-refused	authority refusal LIMIT_EXCEEDED: aggregate admission capacity exhausted
5063	1789131574650	0	150	admit-refused	authority refusal LIMIT_EXCEEDED: aggregate admission capacity exhausted
5076	1789131574663	0	153	admit-refused	authority refusal LIMIT_EXCEEDED: aggregate admission capacity exhausted
5095	1789131574682	2	80	admit-ceiling	LIMIT_EXCEEDED: client unresolved admission ceiling
5095	1789131574683	2	92	admit-ceiling	LIMIT_EXCEEDED: client unresolved admission ceiling
5119	1789131574706	2	128	admit-refused	authority refusal LIMIT_EXCEEDED: aggregate admission capacity exhausted
5125	1789131574712	2	158	admitted	admit=100ms
5131	1789131574719	2	83	admit-refused	authority refusal LIMIT_EXCEEDED: aggregate admission capacity exhausted
5132	1789131574719	1	151	admit-refused	authority refusal LIMIT_EXCEEDED: aggregate admission capacity exhausted
5156	1789131574743	1	142	admit-retried	succeeded after 3 refusals
5156	1789131574743	1	142	admitted	admit=1022ms
5160	1789131574747	2	146	admit-refused	authority refusal LIMIT_EXCEEDED: aggregate admission capacity exhausted
5185	1789131574772	2	152	admit-refused	authority refusal LIMIT_EXCEEDED: aggregate admission capacity exhausted
5198	1789131574785	0	81	admit-ceiling	LIMIT_EXCEEDED: client unresolved admission ceiling
5208	1789131574795	2	161	admit-refused	authority refusal LIMIT_EXCEEDED: aggregate admission capacity exhausted
5250	1789131574837	1	154	admit-refused	authority refusal LIMIT_EXCEEDED: aggregate admission capacity exhausted
5273	1789131574860	0	90	admit-retried	succeeded after 5 refusals
5273	1789131574860	0	90	admitted	admit=3409ms
5280	1789131574867	2	98	admit-refused	authority refusal LIMIT_EXCEEDED: aggregate admission capacity exhausted
5293	1789131574880	0	159	admit-retried	succeeded after 1 refusals
5293	1789131574880	0	159	admitted	admit=275ms
5310	1789131574897	1	151	admit-retried	succeeded after 1 refusals
5310	1789131574897	1	151	admitted	admit=337ms
5322	1789131574909	0	162	admit-ceiling	LIMIT_EXCEEDED: client unresolved admission ceiling
5323	1789131574910	0	153	admit-ceiling	LIMIT_EXCEEDED: client unresolved admission ceiling
5348	1789131574935	0	165	admit-ceiling	LIMIT_EXCEEDED: client unresolved admission ceiling
5356	1789131574943	0	138	admit-ceiling	LIMIT_EXCEEDED: client unresolved admission ceiling
5363	1789131574950	0	108	admit-ceiling	LIMIT_EXCEEDED: client unresolved admission ceiling
5380	1789131574967	2	140	admit-ceiling	LIMIT_EXCEEDED: client unresolved admission ceiling
5387	1789131574974	2	152	admit-ceiling	LIMIT_EXCEEDED: client unresolved admission ceiling
5408	1789131574996	1	94	admit-refused	authority refusal LIMIT_EXCEEDED: aggregate admission capacity exhausted
5413	1789131575000	2	149	admit-retried	succeeded after 3 refusals
5413	1789131575000	2	149	admitted	admit=945ms
5424	1789131575011	0	162	admit-ceiling	LIMIT_EXCEEDED: client unresolved admission ceiling
5433	1789131575020	2	164	admit-ceiling	LIMIT_EXCEEDED: client unresolved admission ceiling
5449	1789131575036	0	165	admit-ceiling	LIMIT_EXCEEDED: client unresolved admission ceiling
5480	1789131575067	2	107	admit-retried	succeeded after 5 refusals
5480	1789131575067	2	107	admitted	admit=3400ms
5486	1789131575073	0	63	admit-refused	authority refusal LIMIT_EXCEEDED: aggregate admission capacity exhausted
5490	1789131575077	0	132	admit-retried	succeeded after 1 refusals
5490	1789131575077	0	132	admitted	admit=1981ms
5534	1789131575121	2	146	admit-refused	authority refusal LIMIT_EXCEEDED: aggregate admission capacity exhausted
5551	1789131575138	1	154	admit-retried	succeeded after 1 refusals
5551	1789131575138	1	154	admitted	admit=394ms
5573	1789131575160	0	84	admit-refused	authority refusal LIMIT_EXCEEDED: aggregate admission capacity exhausted
5579	1789131575166	0	96	admit-refused	authority refusal LIMIT_EXCEEDED: aggregate admission capacity exhausted
5611	1789131575199	2	164	admit-retried	succeeded after 1 refusals
5611	1789131575199	2	164	admitted	admit=197ms
5662	1789131575249	1	160	admitted	admit=110ms
5683	1789131575270	1	109	admit-refused	authority refusal LIMIT_EXCEEDED: aggregate admission capacity exhausted
5688	1789131575275	2	170	admit-refused	authority refusal LIMIT_EXCEEDED: aggregate admission capacity exhausted
5692	1789131575279	1	157	admit-refused	authority refusal LIMIT_EXCEEDED: aggregate admission capacity exhausted
5696	1789131575283	1	103	admit-refused	authority refusal LIMIT_EXCEEDED: aggregate admission capacity exhausted
5698	1789131575286	0	141	admit-ceiling	LIMIT_EXCEEDED: client unresolved admission ceiling
5727	1789131575314	0	165	admit-retried	succeeded after 2 refusals
5727	1789131575314	0	165	admitted	admit=433ms
5753	1789131575340	0	171	admit-ceiling	LIMIT_EXCEEDED: client unresolved admission ceiling
5761	1789131575349	1	133	admit-retried	succeeded after 4 refusals
5761	1789131575349	1	133	admitted	admit=2278ms
5790	1789131575377	2	170	admit-ceiling	LIMIT_EXCEEDED: client unresolved admission ceiling
5834	1789131575421	1	157	admit-refused	authority refusal LIMIT_EXCEEDED: aggregate admission capacity exhausted
5835	1789131575423	2	161	admit-retried	succeeded after 1 refusals
5835	1789131575423	2	161	admitted	admit=709ms
5855	1789131575442	0	171	admit-ceiling	LIMIT_EXCEEDED: client unresolved admission ceiling
5883	1789131575470	2	152	admit-retried	succeeded after 3 refusals
5883	1789131575470	2	152	admitted	admit=1310ms
5904	1789131575491	1	115	admit-refused	authority refusal LIMIT_EXCEEDED: aggregate admission capacity exhausted
5915	1789131575502	1	166	admitted	admit=153ms
5935	1789131575522	2	146	admit-ceiling	LIMIT_EXCEEDED: client unresolved admission ceiling
5944	1789131575531	2	176	admit-refused	authority refusal LIMIT_EXCEEDED: aggregate admission capacity exhausted
5958	1789131575545	2	104	admit-refused	authority refusal LIMIT_EXCEEDED: aggregate admission capacity exhausted
6005	1789131575592	1	169	admit-refused	authority refusal LIMIT_EXCEEDED: aggregate admission capacity exhausted
6019	1789131575606	0	153	admit-retried	succeeded after 3 refusals
6019	1789131575606	0	153	admitted	admit=1283ms
6056	1789131575643	0	171	admit-ceiling	LIMIT_EXCEEDED: client unresolved admission ceiling
6092	1789131575679	1	157	admit-refused	authority refusal LIMIT_EXCEEDED: aggregate admission capacity exhausted
6104	1789131575691	1	163	admitted	admit=441ms
6177	1789131575764	2	176	admit-retried	succeeded after 1 refusals
6177	1789131575764	2	176	admitted	admit=293ms
6183	1789131575770	1	169	admit-refused	authority refusal LIMIT_EXCEEDED: aggregate admission capacity exhausted
6234	1789131575822	2	179	admit-refused	authority refusal LIMIT_EXCEEDED: aggregate admission capacity exhausted
6244	1789131575831	1	172	admitted	admit=139ms
6336	1789131575923	2	179	admit-ceiling	LIMIT_EXCEEDED: client unresolved admission ceiling
6375	1789131575962	2	173	admitted	admit=538ms
6457	1789131576044	0	171	admit-ceiling	LIMIT_EXCEEDED: client unresolved admission ceiling
6463	1789131576050	2	182	admitted	admit=87ms
6531	1789131576118	2	167	admitted	admit=1050ms
6560	1789131576147	2	179	admit-ceiling	LIMIT_EXCEEDED: client unresolved admission ceiling
6600	1789131576187	2	188	admit-refused	authority refusal LIMIT_EXCEEDED: aggregate admission capacity exhausted
6631	1789131576218	1	55	admit-retried	succeeded after 5 refusals
6631	1789131576218	1	55	admitted	admit=5489ms
6644	1789131576231	1	169	admit-retried	succeeded after 2 refusals
6644	1789131576231	1	169	admitted	admit=728ms
6720	1789131576307	2	128	admit-ceiling	LIMIT_EXCEEDED: client unresolved admission ceiling
6737	1789131576324	2	146	admit-ceiling	LIMIT_EXCEEDED: client unresolved admission ceiling
6748	1789131576336	2	188	admit-refused	authority refusal LIMIT_EXCEEDED: aggregate admission capacity exhausted
6760	1789131576347	2	185	admitted	admit=296ms
6765	1789131576352	1	178	admitted	admit=121ms
6865	1789131576452	2	191	admitted	admit=104ms
6942	1789131576529	0	168	admitted	admit=1451ms
6955	1789131576542	2	194	admitted	admit=89ms
6970	1789131576557	0	138	admit-ceiling	LIMIT_EXCEEDED: client unresolved admission ceiling
7003	1789131576590	2	179	admit-ceiling	LIMIT_EXCEEDED: client unresolved admission ceiling
7003	1789131576590	2	140	admit-ceiling	LIMIT_EXCEEDED: client unresolved admission ceiling
7043	1789131576630	1	175	admit-refused	authority refusal LIMIT_EXCEEDED: aggregate admission capacity exhausted
7052	1789131576639	1	184	admitted	admit=286ms
7061	1789131576648	2	188	admit-refused	authority refusal LIMIT_EXCEEDED: aggregate admission capacity exhausted
7088	1789131576675	0	63	admit-ceiling	LIMIT_EXCEEDED: client unresolved admission ceiling
7119	1789131576706	0	177	admitted	admit=177ms
7142	1789131576730	0	174	admitted	admit=1122ms
7208	1789131576795	2	125	admit-retried	succeeded after 5 refusals
7208	1789131576795	2	125	admitted	admit=4067ms
7217	1789131576804	1	175	admit-refused	authority refusal LIMIT_EXCEEDED: aggregate admission capacity exhausted
7250	1789131576837	0	183	admit-refused	authority refusal LIMIT_EXCEEDED: aggregate admission capacity exhausted
7263	1789131576850	1	181	admit-refused	authority refusal LIMIT_EXCEEDED: aggregate admission capacity exhausted
7266	1789131576853	0	180	admitted	admit=123ms
7275	1789131576862	1	187	admit-refused	authority refusal LIMIT_EXCEEDED: aggregate admission capacity exhausted
7300	1789131576887	0	141	admit-ceiling	LIMIT_EXCEEDED: client unresolved admission ceiling
7349	1789131576936	0	186	admitted	admit=81ms
7381	1789131576968	0	171	admit-retried	succeeded after 4 refusals
7381	1789131576968	0	171	admitted	admit=1653ms
7412	1789131576999	1	181	admit-refused	authority refusal LIMIT_EXCEEDED: aggregate admission capacity exhausted
7433	1789131577020	0	192	admit-ceiling	LIMIT_EXCEEDED: client unresolved admission ceiling
7450	1789131577037	2	200	admit-refused	authority refusal LIMIT_EXCEEDED: aggregate admission capacity exhausted
7470	1789131577057	0	189	admit-refused	authority refusal LIMIT_EXCEEDED: aggregate admission capacity exhausted
7480	1789131577067	1	175	admit-refused	authority refusal LIMIT_EXCEEDED: aggregate admission capacity exhausted
7482	1789131577069	0	183	admit-refused	authority refusal LIMIT_EXCEEDED: aggregate admission capacity exhausted
7493	1789131577080	0	162	admit-refused	authority refusal LIMIT_EXCEEDED: aggregate admission capacity exhausted
7632	1789131577219	2	200	admit-refused	authority refusal LIMIT_EXCEEDED: aggregate admission capacity exhausted
7635	1789131577222	2	188	admit-refused	authority refusal LIMIT_EXCEEDED: aggregate admission capacity exhausted
7647	1789131577234	2	170	admit-refused	authority refusal LIMIT_EXCEEDED: aggregate admission capacity exhausted
7673	1789131577260	1	181	admit-retried	succeeded after 2 refusals
7673	1789131577260	1	181	admitted	admit=1028ms
7682	1789131577270	2	197	admit-refused	authority refusal LIMIT_EXCEEDED: aggregate admission capacity exhausted
7750	1789131577337	0	183	admit-refused	authority refusal LIMIT_EXCEEDED: aggregate admission capacity exhausted
7776	1789131577363	0	189	admit-retried	succeeded after 1 refusals
7776	1789131577363	0	189	admitted	admit=395ms
7781	1789131577368	1	190	admitted	admit=107ms
7839	1789131577426	1	16	admit-retried	succeeded after 6 refusals
7839	1789131577426	1	16	admitted	admit=7482ms
7864	1789131577451	1	52	admit-ceiling	LIMIT_EXCEEDED: client unresolved admission ceiling
7864	1789131577451	1	58	admit-ceiling	LIMIT_EXCEEDED: client unresolved admission ceiling
7864	1789131577451	1	64	admit-ceiling	LIMIT_EXCEEDED: client unresolved admission ceiling
7865	1789131577452	1	70	admit-ceiling	LIMIT_EXCEEDED: client unresolved admission ceiling
7868	1789131577455	0	195	admit-refused	authority refusal LIMIT_EXCEEDED: aggregate admission capacity exhausted
7882	1789131577469	1	175	admit-ceiling	LIMIT_EXCEEDED: client unresolved admission ceiling
7889	1789131577476	2	179	admit-refused	authority refusal LIMIT_EXCEEDED: aggregate admission capacity exhausted
7896	1789131577483	2	200	admit-refused	authority refusal LIMIT_EXCEEDED: aggregate admission capacity exhausted
7906	1789131577494	1	157	admit-refused	authority refusal LIMIT_EXCEEDED: aggregate admission capacity exhausted
7945	1789131577532	2	38	admit-refused	authority refusal LIMIT_EXCEEDED: aggregate admission capacity exhausted
7959	1789131577546	2	26	admit-retried	succeeded after 6 refusals
7959	1789131577546	2	26	admitted	admit=7582ms
7992	1789131577579	1	61	admit-ceiling	LIMIT_EXCEEDED: client unresolved admission ceiling
8008	1789131577595	0	195	admit-refused	authority refusal LIMIT_EXCEEDED: aggregate admission capacity exhausted
8019	1789131577606	0	162	admit-retried	succeeded after 3 refusals
8019	1789131577606	0	162	admitted	admit=2745ms
8025	1789131577612	0	192	admit-refused	authority refusal LIMIT_EXCEEDED: aggregate admission capacity exhausted
8078	1789131577665	1	193	admitted	admit=296ms
8140	1789131577727	1	49	admit-retried	succeeded after 6 refusals
8140	1789131577727	1	49	admitted	admit=6999ms
8141	1789131577728	0	69	admit-ceiling	LIMIT_EXCEEDED: client unresolved admission ceiling
8152	1789131577739	0	183	admit-ceiling	LIMIT_EXCEEDED: client unresolved admission ceiling
8161	1789131577748	1	187	admit-refused	authority refusal LIMIT_EXCEEDED: aggregate admission capacity exhausted
8209	1789131577796	0	78	admit-refused	authority refusal LIMIT_EXCEEDED: aggregate admission capacity exhausted
8227	1789131577814	1	199	admit-refused	authority refusal LIMIT_EXCEEDED: aggregate admission capacity exhausted
8228	1789131577815	0	150	admit-retried	succeeded after 2 refusals
8228	1789131577815	0	150	admitted	admit=3617ms
8253	1789131577840	0	201	admit-ceiling	LIMIT_EXCEEDED: client unresolved admission ceiling
8254	1789131577841	0	72	admit-ceiling	LIMIT_EXCEEDED: client unresolved admission ceiling
8263	1789131577851	0	75	admit-refused	authority refusal LIMIT_EXCEEDED: aggregate admission capacity exhausted
8265	1789131577853	2	170	admit-refused	authority refusal LIMIT_EXCEEDED: aggregate admission capacity exhausted
8278	1789131577865	2	203	admit-refused	authority refusal LIMIT_EXCEEDED: aggregate admission capacity exhausted
8283	1789131577870	1	76	admit-refused	authority refusal LIMIT_EXCEEDED: aggregate admission capacity exhausted
8288	1789131577875	0	192	admit-refused	authority refusal LIMIT_EXCEEDED: aggregate admission capacity exhausted
8298	1789131577885	2	200	admit-ceiling	LIMIT_EXCEEDED: client unresolved admission ceiling
8333	1789131577920	2	83	admit-ceiling	LIMIT_EXCEEDED: client unresolved admission ceiling
8334	1789131577921	0	195	admit-refused	authority refusal LIMIT_EXCEEDED: aggregate admission capacity exhausted
8339	1789131577926	2	146	admit-ceiling	LIMIT_EXCEEDED: client unresolved admission ceiling
8379	1789131577966	2	203	admit-ceiling	LIMIT_EXCEEDED: client unresolved admission ceiling
8417	1789131578005	0	201	admit-refused	authority refusal LIMIT_EXCEEDED: aggregate admission capacity exhausted
8419	1789131578006	1	187	admit-refused	authority refusal LIMIT_EXCEEDED: aggregate admission capacity exhausted
8423	1789131578010	1	199	admit-retried	succeeded after 1 refusals
8423	1789131578010	1	199	admitted	admit=345ms
8429	1789131578017	2	80	admit-refused	authority refusal LIMIT_EXCEEDED: aggregate admission capacity exhausted
8450	1789131578037	0	81	admit-refused	authority refusal LIMIT_EXCEEDED: aggregate admission capacity exhausted
8481	1789131578068	2	98	admit-ceiling	LIMIT_EXCEEDED: client unresolved admission ceiling
8497	1789131578084	1	205	admitted	admit=73ms
8545	1789131578132	2	188	admit-refused	authority refusal LIMIT_EXCEEDED: aggregate admission capacity exhausted
8557	1789131578144	1	208	admit-refused	authority refusal LIMIT_EXCEEDED: aggregate admission capacity exhausted
8581	1789131578168	2	92	admit-refused	authority refusal LIMIT_EXCEEDED: aggregate admission capacity exhausted
8619	1789131578206	2	203	admit-refused	authority refusal LIMIT_EXCEEDED: aggregate admission capacity exhausted
8645	1789131578232	0	108	admit-retried	succeeded after 6 refusals
8645	1789131578232	0	108	admitted	admit=6480ms
8689	1789131578276	0	201	admit-refused	authority refusal LIMIT_EXCEEDED: aggregate admission capacity exhausted
8689	1789131578276	2	74	admit-refused	authority refusal LIMIT_EXCEEDED: aggregate admission capacity exhausted
8698	1789131578285	1	94	admit-retried	succeeded after 6 refusals
8698	1789131578285	1	94	admitted	admit=6693ms
8719	1789131578306	1	211	admit-ceiling	LIMIT_EXCEEDED: client unresolved admission ceiling
8719	1789131578307	1	157	admit-ceiling	LIMIT_EXCEEDED: client unresolved admission ceiling
8742	1789131578329	0	192	admit-refused	authority refusal LIMIT_EXCEEDED: aggregate admission capacity exhausted
8781	1789131578368	0	96	admit-ceiling	LIMIT_EXCEEDED: client unresolved admission ceiling
8790	1789131578377	0	195	admit-refused	authority refusal LIMIT_EXCEEDED: aggregate admission capacity exhausted
8791	1789131578378	1	175	admit-retried	succeeded after 4 refusals
8791	1789131578378	1	175	admitted	admit=2546ms
8807	1789131578395	1	208	admit-refused	authority refusal LIMIT_EXCEEDED: aggregate admission capacity exhausted
8821	1789131578408	1	187	admit-ceiling	LIMIT_EXCEEDED: client unresolved admission ceiling
8836	1789131578423	1	196	admit-refused	authority refusal LIMIT_EXCEEDED: aggregate admission capacity exhausted
8840	1789131578427	0	204	admit-refused	authority refusal LIMIT_EXCEEDED: aggregate admission capacity exhausted
8846	1789131578433	0	84	admit-retried	succeeded after 6 refusals
8846	1789131578433	0	84	admitted	admit=7574ms
8876	1789131578463	1	211	admit-refused	authority refusal LIMIT_EXCEEDED: aggregate admission capacity exhausted
8896	1789131578483	0	207	admit-refused	authority refusal LIMIT_EXCEEDED: aggregate admission capacity exhausted
8951	1789131578538	1	103	admit-refused	authority refusal LIMIT_EXCEEDED: aggregate admission capacity exhausted
8955	1789131578542	1	109	admit-retried	succeeded after 6 refusals
8955	1789131578542	1	109	admitted	admit=6711ms
8969	1789131578557	1	214	admit-refused	authority refusal LIMIT_EXCEEDED: aggregate admission capacity exhausted
8993	1789131578580	0	204	admit-refused	authority refusal LIMIT_EXCEEDED: aggregate admission capacity exhausted
8994	1789131578581	1	196	admit-refused	authority refusal LIMIT_EXCEEDED: aggregate admission capacity exhausted
9040	1789131578627	0	183	admit-refused	authority refusal LIMIT_EXCEEDED: aggregate admission capacity exhausted
9054	1789131578641	1	208	admit-refused	authority refusal LIMIT_EXCEEDED: aggregate admission capacity exhausted
9065	1789131578652	1	217	admitted	admit=109ms
9098	1789131578685	2	203	admit-retried	succeeded after 3 refusals
9098	1789131578685	2	203	admitted	admit=1139ms
9106	1789131578693	1	115	admit-ceiling	LIMIT_EXCEEDED: client unresolved admission ceiling
9164	1789131578751	2	170	admit-retried	succeeded after 4 refusals
9164	1789131578751	2	170	admitted	admit=3552ms
9168	1789131578755	1	211	admit-refused	authority refusal LIMIT_EXCEEDED: aggregate admission capacity exhausted
9191	1789131578778	2	209	admit-ceiling	LIMIT_EXCEEDED: client unresolved admission ceiling
9206	1789131578793	0	201	admit-retried	succeeded after 3 refusals
9206	1789131578793	0	201	admitted	admit=977ms
9221	1789131578808	2	200	admit-retried	succeeded after 4 refusals
9221	1789131578808	2	200	admitted	admit=2012ms
9228	1789131578815	2	104	admit-refused	authority refusal LIMIT_EXCEEDED: aggregate admission capacity exhausted
9245	1789131578832	2	206	admitted	admit=146ms
9308	1789131578895	0	204	admit-refused	authority refusal LIMIT_EXCEEDED: aggregate admission capacity exhausted
9325	1789131578912	0	210	admitted	admit=118ms
9349	1789131578936	1	214	admit-refused	authority refusal LIMIT_EXCEEDED: aggregate admission capacity exhausted
9358	1789131578945	1	196	admit-retried	succeeded after 2 refusals
9358	1789131578945	1	196	admitted	admit=1518ms
9371	1789131578958	2	215	admitted	admit=125ms
9383	1789131578970	2	212	admit-refused	authority refusal LIMIT_EXCEEDED: aggregate admission capacity exhausted
9418	1789131579005	0	198	admit-refused	authority refusal LIMIT_EXCEEDED: aggregate admission capacity exhausted
9426	1789131579013	0	213	admitted	admit=100ms
9511	1789131579098	2	209	admit-retried	succeeded after 1 refusals
9511	1789131579098	2	209	admitted	admit=346ms
9545	1789131579132	2	221	admit-ceiling	LIMIT_EXCEEDED: client unresolved admission ceiling
9563	1789131579150	1	208	admit-retried	succeeded after 3 refusals
9563	1789131579150	1	208	admitted	admit=1065ms
9579	1789131579166	2	197	admit-refused	authority refusal LIMIT_EXCEEDED: aggregate admission capacity exhausted
9592	1789131579179	0	195	admit-ceiling	LIMIT_EXCEEDED: client unresolved admission ceiling
9595	1789131579182	1	226	admit-ceiling	LIMIT_EXCEEDED: client unresolved admission ceiling
9596	1789131579183	1	211	admit-ceiling	LIMIT_EXCEEDED: client unresolved admission ceiling
9599	1789131579186	0	192	admit-refused	authority refusal LIMIT_EXCEEDED: aggregate admission capacity exhausted
9608	1789131579195	0	216	admit-refused	authority refusal LIMIT_EXCEEDED: aggregate admission capacity exhausted
9613	1789131579200	2	179	admit-refused	authority refusal LIMIT_EXCEEDED: aggregate admission capacity exhausted
9622	1789131579209	0	198	admit-refused	authority refusal LIMIT_EXCEEDED: aggregate admission capacity exhausted
9623	1789131579210	1	187	admit-ceiling	LIMIT_EXCEEDED: client unresolved admission ceiling
9627	1789131579214	2	218	admit-refused	authority refusal LIMIT_EXCEEDED: aggregate admission capacity exhausted
9655	1789131579243	2	212	admit-refused	authority refusal LIMIT_EXCEEDED: aggregate admission capacity exhausted
9672	1789131579259	1	214	admit-retried	succeeded after 2 refusals
9672	1789131579259	1	214	admitted	admit=880ms
9683	1789131579270	2	221	admit-refused	authority refusal LIMIT_EXCEEDED: aggregate admission capacity exhausted
9687	1789131579274	1	223	admitted	admit=328ms
9743	1789131579330	1	226	admit-ceiling	LIMIT_EXCEEDED: client unresolved admission ceiling
9778	1789131579365	1	229	admit-refused	authority refusal LIMIT_EXCEEDED: aggregate admission capacity exhausted
9796	1789131579383	1	232	admit-refused	authority refusal LIMIT_EXCEEDED: aggregate admission capacity exhausted
9809	1789131579397	1	202	admitted	admit=1669ms
9822	1789131579409	0	216	admit-retried	succeeded after 1 refusals
9822	1789131579409	0	216	admitted	admit=395ms
9829	1789131579416	2	218	admit-refused	authority refusal LIMIT_EXCEEDED: aggregate admission capacity exhausted
9879	1789131579466	2	197	admit-refused	authority refusal LIMIT_EXCEEDED: aggregate admission capacity exhausted
9924	1789131579511	2	212	admit-refused	authority refusal LIMIT_EXCEEDED: aggregate admission capacity exhausted
9942	1789131579529	2	221	admit-refused	authority refusal LIMIT_EXCEEDED: aggregate admission capacity exhausted
9945	1789131579533	1	226	admit-ceiling	LIMIT_EXCEEDED: client unresolved admission ceiling
9960	1789131579547	0	219	admitted	admit=137ms
9961	1789131579548	2	128	admit-refused	authority refusal LIMIT_EXCEEDED: aggregate admission capacity exhausted
9961	1789131579548	1	232	admit-refused	authority refusal LIMIT_EXCEEDED: aggregate admission capacity exhausted
9970	1789131579557	1	235	admitted	admit=160ms
10076	1789131579663	2	218	admit-refused	authority refusal LIMIT_EXCEEDED: aggregate admission capacity exhausted
10084	1789131579671	1	229	admit-refused	authority refusal LIMIT_EXCEEDED: aggregate admission capacity exhausted
10198	1789131579785	0	198	admit-retried	succeeded after 2 refusals
10198	1789131579785	0	198	admitted	admit=2178ms
10225	1789131579812	2	188	admit-retried	succeeded after 5 refusals
10225	1789131579813	2	188	admitted	admit=3694ms
10232	1789131579820	0	225	admit-ceiling	LIMIT_EXCEEDED: client unresolved admission ceiling
10289	1789131579876	0	63	admit-ceiling	LIMIT_EXCEEDED: client unresolved admission ceiling
10321	1789131579908	1	157	admit-ceiling	LIMIT_EXCEEDED: client unresolved admission ceiling
10330	1789131579917	2	140	admit-retried	succeeded after 6 refusals
10330	1789131579917	2	140	admitted	admit=6747ms
10344	1789131579931	0	204	admit-retried	succeeded after 3 refusals
10344	1789131579931	0	204	admitted	admit=1698ms
10364	1789131579951	1	232	admit-retried	succeeded after 2 refusals
10364	1789131579951	1	232	admitted	admit=676ms
10367	1789131579954	0	228	admit-ceiling	LIMIT_EXCEEDED: client unresolved admission ceiling
10388	1789131579975	1	220	admit-refused	authority refusal LIMIT_EXCEEDED: aggregate admission capacity exhausted
10396	1789131579983	2	224	admit-refused	authority refusal LIMIT_EXCEEDED: aggregate admission capacity exhausted
10397	1789131579984	2	197	admit-retried	succeeded after 3 refusals
10397	1789131579984	2	197	admitted	admit=3441ms
10400	1789131579987	1	229	admit-retried	succeeded after 2 refusals
10400	1789131579987	1	229	admitted	admit=712ms
10420	1789131580008	0	225	admit-refused	authority refusal LIMIT_EXCEEDED: aggregate admission capacity exhausted
10426	1789131580013	2	212	admit-refused	authority refusal LIMIT_EXCEEDED: aggregate admission capacity exhausted
10443	1789131580030	0	138	admit-retried	succeeded after 6 refusals
10443	1789131580030	0	138	admitted	admit=6707ms
10478	1789131580065	1	244	admit-ceiling	LIMIT_EXCEEDED: client unresolved admission ceiling
10489	1789131580076	1	220	admit-ceiling	LIMIT_EXCEEDED: client unresolved admission ceiling
10497	1789131580084	2	224	admit-ceiling	LIMIT_EXCEEDED: client unresolved admission ceiling
10502	1789131580089	0	141	admit-ceiling	LIMIT_EXCEEDED: client unresolved admission ceiling
10539	1789131580126	0	231	admit-refused	authority refusal LIMIT_EXCEEDED: aggregate admission capacity exhausted
10549	1789131580136	0	228	admit-refused	authority refusal LIMIT_EXCEEDED: aggregate admission capacity exhausted
10573	1789131580160	2	230	admit-refused	authority refusal LIMIT_EXCEEDED: aggregate admission capacity exhausted
10579	1789131580166	1	244	admit-ceiling	LIMIT_EXCEEDED: client unresolved admission ceiling
10591	1789131580178	2	221	admit-refused	authority refusal LIMIT_EXCEEDED: aggregate admission capacity exhausted
10595	1789131580183	1	241	admit-refused	authority refusal LIMIT_EXCEEDED: aggregate admission capacity exhausted
10598	1789131580185	0	207	admit-refused	authority refusal LIMIT_EXCEEDED: aggregate admission capacity exhausted
10599	1789131580186	1	226	admit-refused	authority refusal LIMIT_EXCEEDED: aggregate admission capacity exhausted
10621	1789131580208	2	218	admit-refused	authority refusal LIMIT_EXCEEDED: aggregate admission capacity exhausted
10748	1789131580335	0	225	admit-refused	authority refusal LIMIT_EXCEEDED: aggregate admission capacity exhausted
10762	1789131580349	0	183	admit-retried	succeeded after 5 refusals
10762	1789131580349	0	183	admitted	admit=3618ms
10781	1789131580368	1	244	admit-ceiling	LIMIT_EXCEEDED: client unresolved admission ceiling
10800	1789131580387	0	207	admit-ceiling	LIMIT_EXCEEDED: client unresolved admission ceiling
10816	1789131580403	1	220	admit-refused	authority refusal LIMIT_EXCEEDED: aggregate admission capacity exhausted
10827	1789131580414	2	227	admitted	admit=496ms
10847	1789131580434	0	228	admit-refused	authority refusal LIMIT_EXCEEDED: aggregate admission capacity exhausted
10857	1789131580445	0	234	admit-refused	authority refusal LIMIT_EXCEEDED: aggregate admission capacity exhausted
10858	1789131580445	0	231	admit-retried	succeeded after 1 refusals
10858	1789131580445	0	231	admitted	admit=415ms
10883	1789131580470	2	224	admit-refused	authority refusal LIMIT_EXCEEDED: aggregate admission capacity exhausted
10921	1789131580508	0	237	admit-refused	authority refusal LIMIT_EXCEEDED: aggregate admission capacity exhausted
10929	1789131580517	1	241	admit-refused	authority refusal LIMIT_EXCEEDED: aggregate admission capacity exhausted
10935	1789131580522	2	230	admit-refused	authority refusal LIMIT_EXCEEDED: aggregate admission capacity exhausted
10985	1789131580572	2	233	admit-refused	authority refusal LIMIT_EXCEEDED: aggregate admission capacity exhausted
11062	1789131580649	0	234	admit-retried	succeeded after 1 refusals
11062	1789131580649	0	234	admitted	admit=299ms
11071	1789131580659	0	237	admit-refused	authority refusal LIMIT_EXCEEDED: aggregate admission capacity exhausted
11201	1789131580789	0	192	admit-ceiling	LIMIT_EXCEEDED: client unresolved admission ceiling
11202	1789131580789	0	207	admit-ceiling	LIMIT_EXCEEDED: client unresolved admission ceiling
11218	1789131580805	1	220	admit-ceiling	LIMIT_EXCEEDED: client unresolved admission ceiling
11223	1789131580810	2	233	admit-retried	succeeded after 1 refusals
11223	1789131580810	2	233	admitted	admit=395ms
11223	1789131580811	1	187	admit-ceiling	LIMIT_EXCEEDED: client unresolved admission ceiling
11230	1789131580817	0	225	admit-refused	authority refusal LIMIT_EXCEEDED: aggregate admission capacity exhausted
11273	1789131580860	0	237	admit-ceiling	LIMIT_EXCEEDED: client unresolved admission ceiling
11281	1789131580868	0	195	admit-refused	authority refusal LIMIT_EXCEEDED: aggregate admission capacity exhausted
11337	1789131580924	0	228	admit-retried	succeeded after 3 refusals
11337	1789131580924	0	228	admitted	admit=992ms
11346	1789131580933	1	244	admit-refused	authority refusal LIMIT_EXCEEDED: aggregate admission capacity exhausted
11354	1789131580941	1	241	admit-retried	succeeded after 2 refusals
11354	1789131580941	1	241	admitted	admit=954ms
11392	1789131580979	2	221	admit-ceiling	LIMIT_EXCEEDED: client unresolved admission ceiling
11401	1789131580988	0	243	admit-refused	authority refusal LIMIT_EXCEEDED: aggregate admission capacity exhausted
11422	1789131581009	2	218	admit-ceiling	LIMIT_EXCEEDED: client unresolved admission ceiling
11476	1789131581063	1	226	admit-refused	authority refusal LIMIT_EXCEEDED: aggregate admission capacity exhausted
11492	1789131581079	1	238	admit-refused	authority refusal LIMIT_EXCEEDED: aggregate admission capacity exhausted
11541	1789131581128	2	146	admit-ceiling	LIMIT_EXCEEDED: client unresolved admission ceiling
11611	1789131581199	2	224	admit-retried	succeeded after 3 refusals
11611	1789131581199	2	224	admitted	admit=1385ms
11660	1789131581247	1	238	admit-retried	succeeded after 1 refusals
11660	1789131581247	1	238	admitted	admit=1689ms
11665	1789131581252	0	243	admit-retried	succeeded after 1 refusals
11665	1789131581252	0	243	admitted	admit=327ms
11720	1789131581307	2	239	admitted	admit=107ms
11805	1789131581392	0	246	admitted	admit=139ms
11838	1789131581425	2	242	admitted	admit=117ms
11896	1789131581483	0	237	admit-refused	authority refusal LIMIT_EXCEEDED: aggregate admission capacity exhausted
11928	1789131581515	1	211	admit-retried	succeeded after 4 refusals
11928	1789131581515	1	211	admitted	admit=3229ms
11970	1789131581557	2	245	admitted	admit=131ms
12032	1789131581619	0	225	admit-ceiling	LIMIT_EXCEEDED: client unresolved admission ceiling
12102	1789131581689	0	207	admit-retried	succeeded after 4 refusals
12102	1789131581689	0	207	admitted	admit=3255ms
12104	1789131581691	1	220	admit-retried	succeeded after 4 refusals
12104	1789131581691	1	220	admitted	admit=3038ms
12156	1789131581743	1	253	admitted	admit=228ms
12181	1789131581768	1	259	admit-ceiling	LIMIT_EXCEEDED: client unresolved admission ceiling
12216	1789131581803	1	244	admit-refused	authority refusal LIMIT_EXCEEDED: aggregate admission capacity exhausted
12217	1789131581804	2	248	admitted	admit=246ms
12222	1789131581809	1	256	admitted	admit=117ms
12331	1789131581918	2	251	admitted	admit=114ms
12336	1789131581924	0	222	admitted	admit=2375ms
12387	1789131581974	0	255	admit-refused	authority refusal LIMIT_EXCEEDED: aggregate admission capacity exhausted
12396	1789131581983	2	254	admitted	admit=64ms
12405	1789131581992	0	252	admit-refused	authority refusal LIMIT_EXCEEDED: aggregate admission capacity exhausted
12413	1789131582000	1	259	admit-retried	succeeded after 1 refusals
12413	1789131582000	1	259	admitted	admit=256ms
12500	1789131582088	2	212	admit-retried	succeeded after 4 refusals
12500	1789131582088	2	212	admitted	admit=3255ms
12528	1789131582115	1	265	admit-refused	authority refusal LIMIT_EXCEEDED: aggregate admission capacity exhausted
12534	1789131582121	2	257	admitted	admit=138ms
12543	1789131582130	1	247	admit-refused	authority refusal LIMIT_EXCEEDED: aggregate admission capacity exhausted
12553	1789131582140	1	250	admit-refused	authority refusal LIMIT_EXCEEDED: aggregate admission capacity exhausted
12584	1789131582171	0	255	admit-refused	authority refusal LIMIT_EXCEEDED: aggregate admission capacity exhausted
12590	1789131582177	0	252	admit-retried	succeeded after 1 refusals
12590	1789131582177	0	252	admitted	admit=487ms
12607	1789131582194	2	260	admit-refused	authority refusal LIMIT_EXCEEDED: aggregate admission capacity exhausted
12620	1789131582207	1	262	admit-refused	authority refusal LIMIT_EXCEEDED: aggregate admission capacity exhausted
12632	1789131582219	2	263	admit-refused	authority refusal LIMIT_EXCEEDED: aggregate admission capacity exhausted
12739	1789131582327	0	237	admit-refused	authority refusal LIMIT_EXCEEDED: aggregate admission capacity exhausted
12751	1789131582339	1	250	admit-refused	authority refusal LIMIT_EXCEEDED: aggregate admission capacity exhausted
12753	1789131582340	0	258	admitted	admit=162ms
12758	1789131582345	2	230	admit-retried	succeeded after 2 refusals
12758	1789131582345	2	230	admitted	admit=2360ms
12762	1789131582349	1	265	admit-refused	authority refusal LIMIT_EXCEEDED: aggregate admission capacity exhausted
12774	1789131582361	1	247	admit-refused	authority refusal LIMIT_EXCEEDED: aggregate admission capacity exhausted
12798	1789131582385	1	262	admit-refused	authority refusal LIMIT_EXCEEDED: aggregate admission capacity exhausted
12820	1789131582407	2	266	admit-refused	authority refusal LIMIT_EXCEEDED: aggregate admission capacity exhausted
12826	1789131582414	2	260	admit-retried	succeeded after 1 refusals
12826	1789131582414	2	260	admitted	admit=292ms
12878	1789131582465	0	240	admit-refused	authority refusal LIMIT_EXCEEDED: aggregate admission capacity exhausted
12885	1789131582473	2	269	admit-refused	authority refusal LIMIT_EXCEEDED: aggregate admission capacity exhausted
12894	1789131582481	0	261	admit-refused	authority refusal LIMIT_EXCEEDED: aggregate admission capacity exhausted
12897	1789131582484	0	255	admit-retried	succeeded after 2 refusals
12897	1789131582484	0	255	admitted	admit=560ms
12909	1789131582496	2	263	admit-refused	authority refusal LIMIT_EXCEEDED: aggregate admission capacity exhausted
12939	1789131582527	2	179	admit-refused	authority refusal LIMIT_EXCEEDED: aggregate admission capacity exhausted
12952	1789131582540	1	250	admit-ceiling	LIMIT_EXCEEDED: client unresolved admission ceiling
12961	1789131582548	2	266	admit-refused	authority refusal LIMIT_EXCEEDED: aggregate admission capacity exhausted
12964	1789131582551	1	265	admit-ceiling	LIMIT_EXCEEDED: client unresolved admission ceiling
12976	1789131582563	1	247	admit-ceiling	LIMIT_EXCEEDED: client unresolved admission ceiling
12984	1789131582571	2	38	admit-refused	authority refusal LIMIT_EXCEEDED: aggregate admission capacity exhausted
13001	1789131582588	0	264	admitted	admit=103ms
13013	1789131582601	1	58	admit-retried	succeeded after 7 refusals
13013	1789131582601	1	58	admitted	admit=11845ms
13015	1789131582602	1	262	admit-ceiling	LIMIT_EXCEEDED: client unresolved admission ceiling
13063	1789131582650	1	268	admit-ceiling	LIMIT_EXCEEDED: client unresolved admission ceiling
13063	1789131582650	1	70	admit-refused	authority refusal LIMIT_EXCEEDED: aggregate admission capacity exhausted
13089	1789131582676	1	61	admit-refused	authority refusal LIMIT_EXCEEDED: aggregate admission capacity exhausted
13100	1789131582687	2	221	admit-refused	authority refusal LIMIT_EXCEEDED: aggregate admission capacity exhausted
13103	1789131582691	1	52	admit-refused	authority refusal LIMIT_EXCEEDED: aggregate admission capacity exhausted
13109	1789131582696	0	267	admit-refused	authority refusal LIMIT_EXCEEDED: aggregate admission capacity exhausted
13117	1789131582704	2	218	admit-refused	authority refusal LIMIT_EXCEEDED: aggregate admission capacity exhausted
13153	1789131582740	1	226	admit-retried	succeeded after 5 refusals
13153	1789131582740	1	226	admitted	admit=3589ms
13187	1789131582774	1	64	admit-refused	authority refusal LIMIT_EXCEEDED: aggregate admission capacity exhausted
13215	1789131582803	0	69	admit-retried	succeeded after 7 refusals
13215	1789131582803	0	69	admitted	admit=11944ms
13217	1789131582804	0	267	admit-ceiling	LIMIT_EXCEEDED: client unresolved admission ceiling
13239	1789131582826	0	270	admit-ceiling	LIMIT_EXCEEDED: client unresolved admission ceiling
13256	1789131582843	0	72	admit-ceiling	LIMIT_EXCEEDED: client unresolved admission ceiling
13263	1789131582851	0	261	admit-refused	authority refusal LIMIT_EXCEEDED: aggregate admission capacity exhausted
13280	1789131582867	0	78	admit-refused	authority refusal LIMIT_EXCEEDED: aggregate admission capacity exhausted
13331	1789131582919	1	271	admitted	admit=178ms
13334	1789131582921	0	75	admit-retried	succeeded after 7 refusals
13334	1789131582921	0	75	admitted	admit=12062ms
13334	1789131582921	2	83	admit-ceiling	LIMIT_EXCEEDED: client unresolved admission ceiling
13335	1789131582922	1	76	admit-refused	authority refusal LIMIT_EXCEEDED: aggregate admission capacity exhausted
13378	1789131582965	1	247	admit-ceiling	LIMIT_EXCEEDED: client unresolved admission ceiling
13378	1789131582965	2	263	admit-refused	authority refusal LIMIT_EXCEEDED: aggregate admission capacity exhausted
13396	1789131582983	2	236	admitted	admit=2173ms
13413	1789131583000	0	270	admit-refused	authority refusal LIMIT_EXCEEDED: aggregate admission capacity exhausted
13416	1789131583003	1	262	admit-ceiling	LIMIT_EXCEEDED: client unresolved admission ceiling
13438	1789131583025	0	273	admit-refused	authority refusal LIMIT_EXCEEDED: aggregate admission capacity exhausted
13453	1789131583040	1	265	admit-refused	authority refusal LIMIT_EXCEEDED: aggregate admission capacity exhausted
13465	1789131583052	0	261	admit-ceiling	LIMIT_EXCEEDED: client unresolved admission ceiling
13483	1789131583070	0	267	admit-refused	authority refusal LIMIT_EXCEEDED: aggregate admission capacity exhausted
13483	1789131583070	2	98	admit-ceiling	LIMIT_EXCEEDED: client unresolved admission ceiling
13498	1789131583085	0	81	admit-refused	authority refusal LIMIT_EXCEEDED: aggregate admission capacity exhausted
13523	1789131583110	2	80	admit-retried	succeeded after 7 refusals
13523	1789131583110	2	80	admitted	admit=11770ms
13583	1789131583170	2	92	admit-ceiling	LIMIT_EXCEEDED: client unresolved admission ceiling
13609	1789131583196	0	273	admit-retried	succeeded after 1 refusals
13609	1789131583196	0	273	admitted	admit=274ms
13622	1789131583209	1	157	admit-retried	succeeded after 6 refusals
13622	1789131583209	1	157	admitted	admit=8311ms
13692	1789131583279	2	74	admit-ceiling	LIMIT_EXCEEDED: client unresolved admission ceiling
13732	1789131583319	0	225	admit-ceiling	LIMIT_EXCEEDED: client unresolved admission ceiling
13781	1789131583368	2	263	admit-ceiling	LIMIT_EXCEEDED: client unresolved admission ceiling
13783	1789131583370	0	96	admit-ceiling	LIMIT_EXCEEDED: client unresolved admission ceiling
13818	1789131583405	1	244	admit-ceiling	LIMIT_EXCEEDED: client unresolved admission ceiling
13858	1789131583445	0	270	admit-retried	succeeded after 2 refusals
13858	1789131583445	0	270	admitted	admit=641ms
13877	1789131583464	0	261	admit-ceiling	LIMIT_EXCEEDED: client unresolved admission ceiling
13884	1789131583471	0	267	admit-ceiling	LIMIT_EXCEEDED: client unresolved admission ceiling
13901	1789131583488	1	277	admitted	admit=278ms
13924	1789131583511	0	279	admit-refused	authority refusal LIMIT_EXCEEDED: aggregate admission capacity exhausted
13953	1789131583540	1	103	admit-ceiling	LIMIT_EXCEEDED: client unresolved admission ceiling
13970	1789131583557	2	266	admit-retried	succeeded after 2 refusals
13970	1789131583557	2	266	admitted	admit=1211ms
14060	1789131583647	2	278	admit-refused	authority refusal LIMIT_EXCEEDED: aggregate admission capacity exhausted
14060	1789131583647	1	280	admitted	admit=159ms
14108	1789131583695	1	115	admit-ceiling	LIMIT_EXCEEDED: client unresolved admission ceiling
14132	1789131583719	1	283	admit-refused	authority refusal LIMIT_EXCEEDED: aggregate admission capacity exhausted
14135	1789131583722	0	279	admit-retried	succeeded after 1 refusals
14135	1789131583722	0	279	admitted	admit=277ms
14145	1789131583732	2	272	admitted	admit=748ms
14218	1789131583805	1	262	admit-ceiling	LIMIT_EXCEEDED: client unresolved admission ceiling
14230	1789131583817	2	104	admit-ceiling	LIMIT_EXCEEDED: client unresolved admission ceiling
14234	1789131583821	1	283	admit-ceiling	LIMIT_EXCEEDED: client unresolved admission ceiling
14254	1789131583841	1	265	admit-ceiling	LIMIT_EXCEEDED: client unresolved admission ceiling
14262	1789131583849	2	281	admitted	admit=116ms
14272	1789131583859	1	247	admit-refused	authority refusal LIMIT_EXCEEDED: aggregate admission capacity exhausted
14284	1789131583871	1	268	admit-refused	authority refusal LIMIT_EXCEEDED: aggregate admission capacity exhausted
14288	1789131583875	1	274	admitted	admit=955ms
14297	1789131583884	2	269	admit-refused	authority refusal LIMIT_EXCEEDED: aggregate admission capacity exhausted
14342	1789131583929	0	237	admit-ceiling	LIMIT_EXCEEDED: client unresolved admission ceiling
14354	1789131583941	1	250	admit-refused	authority refusal LIMIT_EXCEEDED: aggregate admission capacity exhausted
14363	1789131583950	1	286	admit-refused	authority refusal LIMIT_EXCEEDED: aggregate admission capacity exhausted
14390	1789131583978	0	282	admitted	admit=254ms
14409	1789131583996	0	192	admit-ceiling	LIMIT_EXCEEDED: client unresolved admission ceiling
14482	1789131584069	0	195	admit-ceiling	LIMIT_EXCEEDED: client unresolved admission ceiling
14495	1789131584082	2	284	admitted	admit=232ms
14555	1789131584142	1	283	admit-retried	succeeded after 2 refusals
14555	1789131584142	1	283	admitted	admit=494ms
14565	1789131584152	0	285	admitted	admit=174ms
14583	1789131584170	2	263	admit-ceiling	LIMIT_EXCEEDED: client unresolved admission ceiling
14630	1789131584217	2	287	admit-refused	authority refusal LIMIT_EXCEEDED: aggregate admission capacity exhausted
14633	1789131584221	1	268	admit-retried	succeeded after 2 refusals
14633	1789131584221	0	249	admitted	admit=2828ms
14634	1789131584221	1	268	admitted	admit=1619ms
14636	1789131584223	2	269	admit-retried	succeeded after 2 refusals
14636	1789131584223	2	269	admitted	admit=1809ms
14698	1789131584285	0	288	admitted	admit=132ms
14708	1789131584295	1	292	admit-refused	authority refusal LIMIT_EXCEEDED: aggregate admission capacity exhausted
14711	1789131584298	1	289	admit-refused	authority refusal LIMIT_EXCEEDED: aggregate admission capacity exhausted
14714	1789131584301	0	276	admitted	admit=1104ms
14722	1789131584309	2	290	admit-refused	authority refusal LIMIT_EXCEEDED: aggregate admission capacity exhausted
14741	1789131584328	0	294	admit-ceiling	LIMIT_EXCEEDED: client unresolved admission ceiling
14762	1789131584349	0	297	admit-ceiling	LIMIT_EXCEEDED: client unresolved admission ceiling
14779	1789131584366	0	267	admit-refused	authority refusal LIMIT_EXCEEDED: aggregate admission capacity exhausted
14805	1789131584392	1	187	admit-refused	authority refusal LIMIT_EXCEEDED: aggregate admission capacity exhausted
14875	1789131584462	0	261	admit-retried	succeeded after 4 refusals
14875	1789131584462	0	261	admitted	admit=2121ms
14885	1789131584472	0	294	admit-refused	authority refusal LIMIT_EXCEEDED: aggregate admission capacity exhausted
14885	1789131584472	1	289	admit-refused	authority refusal LIMIT_EXCEEDED: aggregate admission capacity exhausted
14895	1789131584483	1	292	admit-retried	succeeded after 1 refusals
14895	1789131584483	1	292	admitted	admit=261ms
14931	1789131584518	0	297	admit-refused	authority refusal LIMIT_EXCEEDED: aggregate admission capacity exhausted
14937	1789131584524	2	290	admit-retried	succeeded after 1 refusals
14937	1789131584524	2	290	admitted	admit=300ms
14952	1789131584539	0	300	admit-refused	authority refusal LIMIT_EXCEEDED: aggregate admission capacity exhausted
14963	1789131584550	2	128	admit-ceiling	LIMIT_EXCEEDED: client unresolved admission ceiling
14965	1789131584552	0	291	admit-refused	authority refusal LIMIT_EXCEEDED: aggregate admission capacity exhausted
14974	1789131584562	1	295	admit-refused	authority refusal LIMIT_EXCEEDED: aggregate admission capacity exhausted
15082	1789131584670	2	293	admitted	admit=145ms
15109	1789131584697	1	286	admit-retried	succeeded after 1 refusals
15109	1789131584697	1	286	admitted	admit=821ms
15133	1789131584720	0	297	admit-ceiling	LIMIT_EXCEEDED: client unresolved admission ceiling
15147	1789131584734	2	278	admit-retried	succeeded after 1 refusals
15147	1789131584734	2	278	admitted	admit=1176ms
15189	1789131584776	1	295	admit-refused	authority refusal LIMIT_EXCEEDED: aggregate admission capacity exhausted
15214	1789131584802	0	294	admit-retried	succeeded after 2 refusals
15214	1789131584802	0	294	admitted	admit=500ms
15237	1789131584824	0	291	admit-retried	succeeded after 1 refusals
15237	1789131584824	0	291	admitted	admit=603ms
15249	1789131584836	1	298	admit-refused	authority refusal LIMIT_EXCEEDED: aggregate admission capacity exhausted
15266	1789131584853	0	240	admit-retried	succeeded after 1 refusals
15266	1789131584853	0	240	admitted	admit=4203ms
15268	1789131584855	2	296	admitted	admit=185ms
15271	1789131584858	1	250	admit-retried	succeeded after 4 refusals
15271	1789131584858	1	250	admitted	admit=3610ms
15340	1789131584928	2	299	admitted	admit=193ms
15370	1789131584957	1	301	admit-refused	authority refusal LIMIT_EXCEEDED: aggregate admission capacity exhausted
15374	1789131584961	2	302	admit-refused	authority refusal LIMIT_EXCEEDED: aggregate admission capacity exhausted
15379	1789131584966	0	63	admit-ceiling	LIMIT_EXCEEDED: client unresolved admission ceiling
15437	1789131585025	2	305	admit-refused	authority refusal LIMIT_EXCEEDED: aggregate admission capacity exhausted
15464	1789131585051	1	298	admit-retried	succeeded after 1 refusals
15464	1789131585051	1	298	admitted	admit=354ms
15504	1789131585091	0	141	admit-ceiling	LIMIT_EXCEEDED: client unresolved admission ceiling
15536	1789131585123	0	297	admit-ceiling	LIMIT_EXCEEDED: client unresolved admission ceiling
15554	1789131585141	1	301	admit-refused	authority refusal LIMIT_EXCEEDED: aggregate admission capacity exhausted
15658	1789131585245	0	306	admitted	admit=391ms
15684	1789131585271	1	304	admitted	admit=219ms
15776	1789131585363	0	303	admit-refused	authority refusal LIMIT_EXCEEDED: aggregate admission capacity exhausted
15787	1789131585374	2	275	admitted	admit=2263ms
15820	1789131585407	1	262	admit-ceiling	LIMIT_EXCEEDED: client unresolved admission ceiling
15851	1789131585438	1	301	admit-retried	succeeded after 2 refusals
15851	1789131585438	1	301	admitted	admit=579ms
15855	1789131585442	0	309	admit-refused	authority refusal LIMIT_EXCEEDED: aggregate admission capacity exhausted
15872	1789131585459	0	312	admit-refused	authority refusal LIMIT_EXCEEDED: aggregate admission capacity exhausted
15873	1789131585460	1	265	admit-ceiling	LIMIT_EXCEEDED: client unresolved admission ceiling
15873	1789131585460	1	247	admit-ceiling	LIMIT_EXCEEDED: client unresolved admission ceiling
15878	1789131585465	2	308	admitted	admit=90ms
15950	1789131585537	2	302	admit-refused	authority refusal LIMIT_EXCEEDED: aggregate admission capacity exhausted
15971	1789131585559	2	311	admit-refused	authority refusal LIMIT_EXCEEDED: aggregate admission capacity exhausted
16020	1789131585607	0	303	admit-refused	authority refusal LIMIT_EXCEEDED: aggregate admission capacity exhausted
16023	1789131585610	1	289	admit-refused	authority refusal LIMIT_EXCEEDED: aggregate admission capacity exhausted
16031	1789131585618	1	310	admitted	admit=180ms
16041	1789131585628	0	309	admit-refused	authority refusal LIMIT_EXCEEDED: aggregate admission capacity exhausted
16054	1789131585641	0	312	admit-refused	authority refusal LIMIT_EXCEEDED: aggregate admission capacity exhausted
16169	1789131585756	2	311	admit-retried	succeeded after 1 refusals
16169	1789131585756	2	311	admitted	admit=291ms
16176	1789131585764	0	300	admit-retried	succeeded after 1 refusals
16176	1789131585764	0	300	admitted	admit=1301ms
16211	1789131585798	2	263	admit-ceiling	LIMIT_EXCEEDED: client unresolved admission ceiling
16236	1789131585823	1	307	admitted	admit=551ms
16258	1789131585845	2	305	admit-refused	authority refusal LIMIT_EXCEEDED: aggregate admission capacity exhausted
16282	1789131585869	2	302	admit-refused	authority refusal LIMIT_EXCEEDED: aggregate admission capacity exhausted
16298	1789131585885	2	314	admit-refused	authority refusal LIMIT_EXCEEDED: aggregate admission capacity exhausted
16337	1789131585924	0	297	admit-ceiling	LIMIT_EXCEEDED: client unresolved admission ceiling
16360	1789131585947	0	309	admit-refused	authority refusal LIMIT_EXCEEDED: aggregate admission capacity exhausted
16368	1789131585955	0	303	admit-refused	authority refusal LIMIT_EXCEEDED: aggregate admission capacity exhausted
16374	1789131585962	0	312	admit-retried	succeeded after 2 refusals
16374	1789131585962	0	312	admitted	admit=716ms
16381	1789131585968	0	315	admit-refused	authority refusal LIMIT_EXCEEDED: aggregate admission capacity exhausted
16420	1789131586007	2	221	admit-retried	succeeded after 6 refusals
16420	1789131586007	2	221	admitted	admit=6908ms
16443	1789131586030	2	218	admit-refused	authority refusal LIMIT_EXCEEDED: aggregate admission capacity exhausted
16467	1789131586054	1	316	admitted	admit=231ms
16487	1789131586074	1	295	admit-refused	authority refusal LIMIT_EXCEEDED: aggregate admission capacity exhausted
16542	1789131586129	2	146	admit-ceiling	LIMIT_EXCEEDED: client unresolved admission ceiling
16550	1789131586137	1	289	admit-refused	authority refusal LIMIT_EXCEEDED: aggregate admission capacity exhausted
16573	1789131586160	0	315	admit-refused	authority refusal LIMIT_EXCEEDED: aggregate admission capacity exhausted
16594	1789131586181	0	267	admit-retried	succeeded after 5 refusals
16594	1789131586181	0	267	admitted	admit=3592ms
16626	1789131586213	1	319	admit-refused	authority refusal LIMIT_EXCEEDED: aggregate admission capacity exhausted
16629	1789131586216	2	305	admit-refused	authority refusal LIMIT_EXCEEDED: aggregate admission capacity exhausted
16712	1789131586299	0	321	admitted	admit=117ms
16775	1789131586362	0	315	admit-ceiling	LIMIT_EXCEEDED: client unresolved admission ceiling
16870	1789131586457	0	303	admit-refused	authority refusal LIMIT_EXCEEDED: aggregate admission capacity exhausted
16886	1789131586473	0	324	admitted	admit=173ms
16922	1789131586509	0	309	admit-refused	authority refusal LIMIT_EXCEEDED: aggregate admission capacity exhausted
16941	1789131586529	2	302	admit-retried	succeeded after 3 refusals
16941	1789131586529	2	302	admitted	admit=1673ms
16965	1789131586552	0	327	admit-refused	authority refusal LIMIT_EXCEEDED: aggregate admission capacity exhausted
16980	1789131586568	0	225	admit-refused	authority refusal LIMIT_EXCEEDED: aggregate admission capacity exhausted
17031	1789131586618	2	305	admit-ceiling	LIMIT_EXCEEDED: client unresolved admission ceiling
17063	1789131586650	2	320	admitted	admit=120ms
17125	1789131586712	1	244	admit-retried	succeeded after 6 refusals
17125	1789131586712	1	244	admitted	admit=6724ms
17208	1789131586795	2	317	admitted	admit=787ms
17270	1789131586857	1	313	admitted	admit=1238ms
17275	1789131586862	2	323	admitted	admit=211ms
17336	1789131586923	0	327	admit-refused	authority refusal LIMIT_EXCEEDED: aggregate admission capacity exhausted
17346	1789131586933	2	326	admit-refused	authority refusal LIMIT_EXCEEDED: aggregate admission capacity exhausted
17351	1789131586938	2	329	admit-refused	authority refusal LIMIT_EXCEEDED: aggregate admission capacity exhausted
17352	1789131586939	0	315	admit-retried	succeeded after 3 refusals
17352	1789131586939	0	315	admitted	admit=1175ms
17355	1789131586942	1	325	admitted	admit=84ms
17422	1789131587009	1	295	admit-retried	succeeded after 3 refusals
17422	1789131587009	1	295	admitted	admit=2526ms
17439	1789131587026	1	328	admit-refused	authority refusal LIMIT_EXCEEDED: aggregate admission capacity exhausted
17442	1789131587029	0	330	admit-refused	authority refusal LIMIT_EXCEEDED: aggregate admission capacity exhausted
17463	1789131587050	1	289	admit-retried	succeeded after 4 refusals
17463	1789131587050	1	289	admitted	admit=2907ms
17514	1789131587102	1	331	admitted	admit=92ms
17540	1789131587127	1	328	admit-ceiling	LIMIT_EXCEEDED: client unresolved admission ceiling
17576	1789131587164	1	337	admit-refused	authority refusal LIMIT_EXCEEDED: aggregate admission capacity exhausted
17582	1789131587169	2	326	admit-retried	succeeded after 1 refusals
17582	1789131587169	2	326	admitted	admit=373ms
17610	1789131587197	1	334	admit-refused	authority refusal LIMIT_EXCEEDED: aggregate admission capacity exhausted
17672	1789131587259	0	303	admit-ceiling	LIMIT_EXCEEDED: client unresolved admission ceiling
17704	1789131587291	2	332	admitted	admit=121ms
17724	1789131587312	0	330	admit-retried	succeeded after 1 refusals
17724	1789131587312	0	330	admitted	admit=372ms
17742	1789131587329	1	328	admit-ceiling	LIMIT_EXCEEDED: client unresolved admission ceiling
17756	1789131587343	0	333	admit-ceiling	LIMIT_EXCEEDED: client unresolved admission ceiling
17771	1789131587359	1	337	admit-refused	authority refusal LIMIT_EXCEEDED: aggregate admission capacity exhausted
17784	1789131587371	1	334	admit-refused	authority refusal LIMIT_EXCEEDED: aggregate admission capacity exhausted
17832	1789131587419	2	305	admit-ceiling	LIMIT_EXCEEDED: client unresolved admission ceiling
17836	1789131587423	0	237	admit-retried	succeeded after 6 refusals
17836	1789131587423	0	237	admitted	admit=6977ms
17858	1789131587445	0	333	admit-ceiling	LIMIT_EXCEEDED: client unresolved admission ceiling
17889	1789131587477	0	309	admit-refused	authority refusal LIMIT_EXCEEDED: aggregate admission capacity exhausted
17900	1789131587487	0	336	admit-refused	authority refusal LIMIT_EXCEEDED: aggregate admission capacity exhausted
17903	1789131587490	2	287	admit-refused	authority refusal LIMIT_EXCEEDED: aggregate admission capacity exhausted
17906	1789131587493	2	335	admitted	admit=201ms
17986	1789131587573	2	38	admit-ceiling	LIMIT_EXCEEDED: client unresolved admission ceiling
18058	1789131587645	1	337	admit-retried	succeeded after 2 refusals
18058	1789131587645	1	337	admitted	admit=543ms
18060	1789131587647	0	333	admit-ceiling	LIMIT_EXCEEDED: client unresolved admission ceiling
18082	1789131587669	1	70	admit-ceiling	LIMIT_EXCEEDED: client unresolved admission ceiling
18091	1789131587678	1	61	admit-ceiling	LIMIT_EXCEEDED: client unresolved admission ceiling
18093	1789131587680	0	297	admit-refused	authority refusal LIMIT_EXCEEDED: aggregate admission capacity exhausted
18104	1789131587692	2	287	admit-ceiling	LIMIT_EXCEEDED: client unresolved admission ceiling
18105	1789131587692	1	52	admit-ceiling	LIMIT_EXCEEDED: client unresolved admission ceiling
18122	1789131587709	0	336	admit-retried	succeeded after 1 refusals
18122	1789131587709	0	336	admitted	admit=285ms
18137	1789131587724	2	329	admit-refused	authority refusal LIMIT_EXCEEDED: aggregate admission capacity exhausted
18144	1789131587731	1	328	admit-ceiling	LIMIT_EXCEEDED: client unresolved admission ceiling
18148	1789131587735	2	179	admit-retried	succeeded after 7 refusals
18148	1789131587735	2	179	admitted	admit=11971ms
18158	1789131587745	2	338	admit-refused	authority refusal LIMIT_EXCEEDED: aggregate admission capacity exhausted
18186	1789131587773	1	334	admit-retried	succeeded after 2 refusals
18186	1789131587773	1	334	admitted	admit=722ms
18196	1789131587783	0	339	admit-refused	authority refusal LIMIT_EXCEEDED: aggregate admission capacity exhausted
18207	1789131587795	1	64	admit-ceiling	LIMIT_EXCEEDED: client unresolved admission ceiling
18215	1789131587802	2	314	admit-refused	authority refusal LIMIT_EXCEEDED: aggregate admission capacity exhausted
18246	1789131587833	1	343	admit-refused	authority refusal LIMIT_EXCEEDED: aggregate admission capacity exhausted
18247	1789131587834	1	340	admitted	admit=188ms
18299	1789131587886	0	339	admit-ceiling	LIMIT_EXCEEDED: client unresolved admission ceiling
18308	1789131587895	2	338	admit-refused	authority refusal LIMIT_EXCEEDED: aggregate admission capacity exhausted
18326	1789131587913	2	341	admit-refused	authority refusal LIMIT_EXCEEDED: aggregate admission capacity exhausted
18337	1789131587924	0	72	admit-refused	authority refusal LIMIT_EXCEEDED: aggregate admission capacity exhausted
18339	1789131587926	0	78	admit-retried	succeeded after 8 refusals
18339	1789131587926	0	78	admitted	admit=17068ms
18376	1789131587963	1	346	admitted	admit=129ms
18406	1789131587994	1	349	admit-ceiling	LIMIT_EXCEEDED: client unresolved admission ceiling
18417	1789131588004	0	342	admit-refused	authority refusal LIMIT_EXCEEDED: aggregate admission capacity exhausted
18457	1789131588044	2	83	admit-refused	authority refusal LIMIT_EXCEEDED: aggregate admission capacity exhausted
18486	1789131588074	2	314	admit-refused	authority refusal LIMIT_EXCEEDED: aggregate admission capacity exhausted
18493	1789131588080	1	76	admit-retried	succeeded after 8 refusals
18493	1789131588080	1	76	admitted	admit=16994ms
18500	1789131588087	0	81	admit-ceiling	LIMIT_EXCEEDED: client unresolved admission ceiling
18505	1789131588092	2	341	admit-refused	authority refusal LIMIT_EXCEEDED: aggregate admission capacity exhausted
18509	1789131588096	1	343	admit-refused	authority refusal LIMIT_EXCEEDED: aggregate admission capacity exhausted
18519	1789131588106	0	342	admit-ceiling	LIMIT_EXCEEDED: client unresolved admission ceiling
18578	1789131588165	2	98	admit-retried	succeeded after 8 refusals
18578	1789131588165	2	98	admitted	admit=16824ms
18593	1789131588180	0	333	admit-refused	authority refusal LIMIT_EXCEEDED: aggregate admission capacity exhausted
18596	1789131588183	2	92	admit-ceiling	LIMIT_EXCEEDED: client unresolved admission ceiling
18603	1789131588190	0	339	admit-retried	succeeded after 2 refusals
18603	1789131588190	0	339	admitted	admit=480ms
18630	1789131588217	1	352	admit-refused	authority refusal LIMIT_EXCEEDED: aggregate admission capacity exhausted
18635	1789131588222	1	349	admit-retried	succeeded after 1 refusals
18635	1789131588222	1	349	admitted	admit=258ms
18635	1789131588222	1	322	admit-refused	authority refusal LIMIT_EXCEEDED: aggregate admission capacity exhausted
18684	1789131588271	2	287	admit-refused	authority refusal LIMIT_EXCEEDED: aggregate admission capacity exhausted
18694	1789131588282	0	345	admitted	admit=90ms
18706	1789131588294	2	341	admit-ceiling	LIMIT_EXCEEDED: client unresolved admission ceiling
18707	1789131588294	0	318	admit-refused	authority refusal LIMIT_EXCEEDED: aggregate admission capacity exhausted
18714	1789131588301	1	355	admit-refused	authority refusal LIMIT_EXCEEDED: aggregate admission capacity exhausted
18772	1789131588359	2	74	admit-retried	succeeded after 8 refusals
18772	1789131588359	2	74	admitted	admit=17566ms
18792	1789131588379	1	322	admit-refused	authority refusal LIMIT_EXCEEDED: aggregate admission capacity exhausted
18803	1789131588390	1	343	admit-retried	succeeded after 2 refusals
18803	1789131588390	1	343	admitted	admit=616ms
18815	1789131588403	1	352	admit-refused	authority refusal LIMIT_EXCEEDED: aggregate admission capacity exhausted
18825	1789131588412	0	327	admit-refused	authority refusal LIMIT_EXCEEDED: aggregate admission capacity exhausted
18830	1789131588418	0	348	admitted	admit=135ms
18845	1789131588433	0	342	admit-refused	authority refusal LIMIT_EXCEEDED: aggregate admission capacity exhausted
18881	1789131588468	0	96	admit-refused	authority refusal LIMIT_EXCEEDED: aggregate admission capacity exhausted
18881	1789131588469	2	347	admit-refused	authority refusal LIMIT_EXCEEDED: aggregate admission capacity exhausted
18904	1789131588492	0	351	admit-refused	authority refusal LIMIT_EXCEEDED: aggregate admission capacity exhausted
18915	1789131588502	0	318	admit-refused	authority refusal LIMIT_EXCEEDED: aggregate admission capacity exhausted
18942	1789131588529	2	314	admit-retried	succeeded after 3 refusals
18942	1789131588529	2	314	admitted	admit=2772ms
18955	1789131588542	1	103	admit-ceiling	LIMIT_EXCEEDED: client unresolved admission ceiling
18983	1789131588570	2	347	admit-ceiling	LIMIT_EXCEEDED: client unresolved admission ceiling
18995	1789131588582	1	322	admit-ceiling	LIMIT_EXCEEDED: client unresolved admission ceiling
19014	1789131588601	1	328	admit-refused	authority refusal LIMIT_EXCEEDED: aggregate admission capacity exhausted
19022	1789131588609	1	262	admit-ceiling	LIMIT_EXCEEDED: client unresolved admission ceiling
19031	1789131588618	2	350	admit-refused	authority refusal LIMIT_EXCEEDED: aggregate admission capacity exhausted
19036	1789131588623	1	355	admit-refused	authority refusal LIMIT_EXCEEDED: aggregate admission capacity exhausted
19076	1789131588663	1	265	admit-ceiling	LIMIT_EXCEEDED: client unresolved admission ceiling
19110	1789131588697	1	115	admit-ceiling	LIMIT_EXCEEDED: client unresolved admission ceiling
19124	1789131588711	1	352	admit-refused	authority refusal LIMIT_EXCEEDED: aggregate admission capacity exhausted
19133	1789131588720	2	350	admit-ceiling	LIMIT_EXCEEDED: client unresolved admission ceiling
19137	1789131588724	1	319	admit-refused	authority refusal LIMIT_EXCEEDED: aggregate admission capacity exhausted
19145	1789131588732	0	351	admit-retried	succeeded after 1 refusals
19145	1789131588732	0	351	admitted	admit=314ms
19147	1789131588734	1	247	admit-refused	authority refusal LIMIT_EXCEEDED: aggregate admission capacity exhausted
19185	1789131588772	2	347	admit-ceiling	LIMIT_EXCEEDED: client unresolved admission ceiling
19197	1789131588784	0	318	admit-retried	succeeded after 2 refusals
19197	1789131588784	0	318	admitted	admit=2822ms
19232	1789131588819	2	104	admit-ceiling	LIMIT_EXCEEDED: client unresolved admission ceiling
19273	1789131588860	0	303	admit-ceiling	LIMIT_EXCEEDED: client unresolved admission ceiling
19300	1789131588888	0	354	admit-refused	authority refusal LIMIT_EXCEEDED: aggregate admission capacity exhausted
19315	1789131588903	2	341	admit-retried	succeeded after 3 refusals
19315	1789131588903	2	341	admitted	admit=1166ms
19317	1789131588904	0	357	admit-refused	authority refusal LIMIT_EXCEEDED: aggregate admission capacity exhausted
19331	1789131588918	0	342	admit-refused	authority refusal LIMIT_EXCEEDED: aggregate admission capacity exhausted
19338	1789131588925	1	355	admit-refused	authority refusal LIMIT_EXCEEDED: aggregate admission capacity exhausted
19338	1789131588925	2	338	admit-retried	succeeded after 2 refusals
19338	1789131588925	2	338	admitted	admit=1431ms
19380	1789131588967	2	344	admit-refused	authority refusal LIMIT_EXCEEDED: aggregate admission capacity exhausted
19403	1789131588990	2	350	admit-refused	authority refusal LIMIT_EXCEEDED: aggregate admission capacity exhausted
19404	1789131588991	1	319	admit-refused	authority refusal LIMIT_EXCEEDED: aggregate admission capacity exhausted
19419	1789131589006	0	357	admit-ceiling	LIMIT_EXCEEDED: client unresolved admission ceiling
19433	1789131589020	2	305	admit-ceiling	LIMIT_EXCEEDED: client unresolved admission ceiling
19446	1789131589034	1	358	admit-refused	authority refusal LIMIT_EXCEEDED: aggregate admission capacity exhausted
19453	1789131589040	2	356	admit-refused	authority refusal LIMIT_EXCEEDED: aggregate admission capacity exhausted
19458	1789131589045	1	322	admit-refused	authority refusal LIMIT_EXCEEDED: aggregate admission capacity exhausted
19485	1789131589072	2	287	admit-ceiling	LIMIT_EXCEEDED: client unresolved admission ceiling
19505	1789131589093	0	333	admit-retried	succeeded after 4 refusals
19505	1789131589093	0	333	admitted	admit=1780ms
19507	1789131589094	0	309	admit-ceiling	LIMIT_EXCEEDED: client unresolved admission ceiling
19528	1789131589115	0	360	admit-ceiling	LIMIT_EXCEEDED: client unresolved admission ceiling
19531	1789131589119	2	263	admit-refused	authority refusal LIMIT_EXCEEDED: aggregate admission capacity exhausted
19552	1789131589139	2	344	admit-refused	authority refusal LIMIT_EXCEEDED: aggregate admission capacity exhausted
19569	1789131589156	0	195	admit-refused	authority refusal LIMIT_EXCEEDED: aggregate admission capacity exhausted
19573	1789131589161	0	192	admit-retried	succeeded after 7 refusals
19573	1789131589161	0	192	admitted	admit=12192ms
19584	1789131589171	2	353	admit-refused	authority refusal LIMIT_EXCEEDED: aggregate admission capacity exhausted
19609	1789131589196	2	356	admit-refused	authority refusal LIMIT_EXCEEDED: aggregate admission capacity exhausted
19629	1789131589216	0	360	admit-ceiling	LIMIT_EXCEEDED: client unresolved admission ceiling
19657	1789131589244	2	347	admit-refused	authority refusal LIMIT_EXCEEDED: aggregate admission capacity exhausted
19667	1789131589254	0	363	admit-refused	authority refusal LIMIT_EXCEEDED: aggregate admission capacity exhausted
19689	1789131589277	1	358	admit-retried	succeeded after 1 refusals
19689	1789131589277	1	358	admitted	admit=886ms
19699	1789131589286	2	329	admit-refused	authority refusal LIMIT_EXCEEDED: aggregate admission capacity exhausted
19726	1789131589313	0	327	admit-refused	authority refusal LIMIT_EXCEEDED: aggregate admission capacity exhausted
19748	1789131589335	2	353	admit-refused	authority refusal LIMIT_EXCEEDED: aggregate admission capacity exhausted
19794	1789131589381	1	361	admit-refused	authority refusal LIMIT_EXCEEDED: aggregate admission capacity exhausted
19840	1789131589428	1	355	admit-refused	authority refusal LIMIT_EXCEEDED: aggregate admission capacity exhausted
19888	1789131589475	1	319	admit-refused	authority refusal LIMIT_EXCEEDED: aggregate admission capacity exhausted
19904	1789131589491	1	187	admit-refused	authority refusal LIMIT_EXCEEDED: aggregate admission capacity exhausted
19924	1789131589511	1	361	admit-refused	authority refusal LIMIT_EXCEEDED: aggregate admission capacity exhausted
19965	1789131589552	2	128	admit-ceiling	LIMIT_EXCEEDED: client unresolved admission ceiling
20021	1789131589608	2	353	admit-retried	succeeded after 2 refusals
20021	1789131589608	2	353	admitted	admit=683ms
20060	1789131589647	0	360	admit-retried	succeeded after 2 refusals
20060	1789131589647	0	360	admitted	admit=554ms
20126	1789131589713	2	359	admitted	admit=104ms
20133	1789131589720	0	342	admit-ceiling	LIMIT_EXCEEDED: client unresolved admission ceiling
20164	1789131589751	2	362	admit-ceiling	LIMIT_EXCEEDED: client unresolved admission ceiling
20223	1789131589810	0	366	admitted	admit=162ms
20225	1789131589813	2	329	admit-retried	succeeded after 3 refusals
20225	1789131589813	2	329	admitted	admit=2950ms
20232	1789131589819	1	361	admit-retried	succeeded after 2 refusals
20232	1789131589819	1	361	admitted	admit=541ms
20269	1789131589856	0	363	admit-refused	authority refusal LIMIT_EXCEEDED: aggregate admission capacity exhausted
20272	1789131589859	2	362	admit-ceiling	LIMIT_EXCEEDED: client unresolved admission ceiling
20324	1789131589911	0	354	admit-retried	succeeded after 1 refusals
20324	1789131589911	0	354	admitted	admit=1178ms
20334	1789131589921	2	365	admit-refused	authority refusal LIMIT_EXCEEDED: aggregate admission capacity exhausted
20334	1789131589921	0	369	admit-refused	authority refusal LIMIT_EXCEEDED: aggregate admission capacity exhausted
20415	1789131590003	1	322	admit-retried	succeeded after 4 refusals
20415	1789131590003	1	322	admitted	admit=3290ms
20426	1789131590013	1	364	admit-refused	authority refusal LIMIT_EXCEEDED: aggregate admission capacity exhausted
20446	1789131590033	1	352	admit-retried	succeeded after 3 refusals
20446	1789131590033	1	352	admitted	admit=1952ms
20459	1789131590046	2	347	admit-ceiling	LIMIT_EXCEEDED: client unresolved admission ceiling
20474	1789131590062	2	362	admit-ceiling	LIMIT_EXCEEDED: client unresolved admission ceiling
20482	1789131590069	2	365	admit-refused	authority refusal LIMIT_EXCEEDED: aggregate admission capacity exhausted
20485	1789131590072	0	369	admit-refused	authority refusal LIMIT_EXCEEDED: aggregate admission capacity exhausted
20500	1789131590088	0	63	admit-retried	succeeded after 8 refusals
20500	1789131590088	0	63	admitted	admit=19229ms
20524	1789131590111	2	344	admit-refused	authority refusal LIMIT_EXCEEDED: aggregate admission capacity exhausted
20531	1789131590118	0	372	admit-refused	authority refusal LIMIT_EXCEEDED: aggregate admission capacity exhausted
20533	1789131590120	0	327	admit-ceiling	LIMIT_EXCEEDED: client unresolved admission ceiling
20574	1789131590161	1	370	admit-refused	authority refusal LIMIT_EXCEEDED: aggregate admission capacity exhausted
20591	1789131590178	1	367	admitted	admit=144ms
20591	1789131590178	0	363	admit-refused	authority refusal LIMIT_EXCEEDED: aggregate admission capacity exhausted
20601	1789131590188	1	364	admit-refused	authority refusal LIMIT_EXCEEDED: aggregate admission capacity exhausted
20604	1789131590192	0	375	admit-refused	authority refusal LIMIT_EXCEEDED: aggregate admission capacity exhausted
20689	1789131590276	1	319	admit-ceiling	LIMIT_EXCEEDED: client unresolved admission ceiling
20706	1789131590293	0	375	admit-ceiling	LIMIT_EXCEEDED: client unresolved admission ceiling
20727	1789131590314	0	141	admit-refused	authority refusal LIMIT_EXCEEDED: aggregate admission capacity exhausted
20738	1789131590325	0	372	admit-refused	authority refusal LIMIT_EXCEEDED: aggregate admission capacity exhausted
20799	1789131590386	1	355	admit-retried	succeeded after 4 refusals
20799	1789131590386	1	355	admitted	admit=2163ms
20822	1789131590409	1	370	admit-retried	succeeded after 1 refusals
20822	1789131590409	1	370	admitted	admit=375ms
20826	1789131590413	1	328	admit-refused	authority refusal LIMIT_EXCEEDED: aggregate admission capacity exhausted
20963	1789131590550	2	356	admit-retried	succeeded after 2 refusals
20963	1789131590550	2	356	admitted	admit=1624ms
20993	1789131590580	0	363	admit-ceiling	LIMIT_EXCEEDED: client unresolved admission ceiling
21038	1789131590625	2	362	admit-retried	succeeded after 3 refusals
21038	1789131590625	2	362	admitted	admit=911ms
21072	1789131590659	2	371	admit-ceiling	LIMIT_EXCEEDED: client unresolved admission ceiling
21087	1789131590674	2	287	admit-ceiling	LIMIT_EXCEEDED: client unresolved admission ceiling
21115	1789131590702	0	369	admit-retried	succeeded after 2 refusals
21115	1789131590702	0	369	admitted	admit=891ms
21173	1789131590761	0	375	admit-refused	authority refusal LIMIT_EXCEEDED: aggregate admission capacity exhausted
21182	1789131590769	2	344	admit-retried	succeeded after 3 refusals
21182	1789131590769	2	344	admitted	admit=2603ms
21210	1789131590798	2	374	admit-ceiling	LIMIT_EXCEEDED: client unresolved admission ceiling
21246	1789131590833	0	378	admit-refused	authority refusal LIMIT_EXCEEDED: aggregate admission capacity exhausted
21246	1789131590833	2	371	admit-retried	succeeded after 1 refusals
21246	1789131590833	2	371	admitted	admit=208ms
21261	1789131590849	2	368	admit-refused	authority refusal LIMIT_EXCEEDED: aggregate admission capacity exhausted
21350	1789131590937	2	374	admit-refused	authority refusal LIMIT_EXCEEDED: aggregate admission capacity exhausted
21358	1789131590945	2	377	admitted	admit=111ms
21364	1789131590951	1	364	admit-retried	succeeded after 2 refusals
21364	1789131590951	1	364	admitted	admit=1132ms
21410	1789131590998	0	357	admit-refused	authority refusal LIMIT_EXCEEDED: aggregate admission capacity exhausted
21422	1789131591009	0	378	admit-refused	authority refusal LIMIT_EXCEEDED: aggregate admission capacity exhausted
21441	1789131591029	0	297	admit-refused	authority refusal LIMIT_EXCEEDED: aggregate admission capacity exhausted
21445	1789131591032	2	218	admit-ceiling	LIMIT_EXCEEDED: client unresolved admission ceiling
21466	1789131591053	1	373	admitted	admit=875ms
21474	1789131591062	2	365	admit-refused	authority refusal LIMIT_EXCEEDED: aggregate admission capacity exhausted
21488	1789131591075	2	368	admit-retried	succeeded after 1 refusals
21488	1789131591075	2	368	admitted	admit=524ms
21488	1789131591075	1	376	admitted	admit=665ms
21551	1789131591139	2	374	admit-ceiling	LIMIT_EXCEEDED: client unresolved admission ceiling
21576	1789131591164	1	385	admit-refused	authority refusal LIMIT_EXCEEDED: aggregate admission capacity exhausted
21588	1789131591175	1	382	admitted	admit=223ms
21616	1789131591203	2	383	admit-refused	authority refusal LIMIT_EXCEEDED: aggregate admission capacity exhausted
21634	1789131591221	2	380	admit-refused	authority refusal LIMIT_EXCEEDED: aggregate admission capacity exhausted
21684	1789131591271	0	375	admit-retried	succeeded after 3 refusals
21684	1789131591271	0	375	admitted	admit=1183ms
21687	1789131591274	0	378	admit-refused	authority refusal LIMIT_EXCEEDED: aggregate admission capacity exhausted
21729	1789131591316	1	385	admit-refused	authority refusal LIMIT_EXCEEDED: aggregate admission capacity exhausted
21742	1789131591329	1	391	admitted	admit=153ms
21792	1789131591379	2	380	admit-refused	authority refusal LIMIT_EXCEEDED: aggregate admission capacity exhausted
21795	1789131591382	0	381	admit-refused	authority refusal LIMIT_EXCEEDED: aggregate admission capacity exhausted
21803	1789131591390	2	383	admit-retried	succeeded after 1 refusals
21803	1789131591390	2	383	admitted	admit=314ms
21816	1789131591403	0	342	admit-refused	authority refusal LIMIT_EXCEEDED: aggregate admission capacity exhausted
21864	1789131591451	0	357	admit-refused	authority refusal LIMIT_EXCEEDED: aggregate admission capacity exhausted
21876	1789131591463	0	363	admit-retried	succeeded after 4 refusals
21876	1789131591463	0	363	admitted	admit=2302ms
21937	1789131591524	0	372	admit-refused	authority refusal LIMIT_EXCEEDED: aggregate admission capacity exhausted
21950	1789131591537	0	384	admit-refused	authority refusal LIMIT_EXCEEDED: aggregate admission capacity exhausted
21970	1789131591557	2	146	admit-retried	succeeded after 8 refusals
21970	1789131591557	2	146	admitted	admit=17833ms
21987	1789131591574	2	386	admitted	admit=183ms
21991	1789131591578	2	365	admit-refused	authority refusal LIMIT_EXCEEDED: aggregate admission capacity exhausted
22006	1789131591593	2	350	admit-refused	authority refusal LIMIT_EXCEEDED: aggregate admission capacity exhausted
22021	1789131591609	1	385	admit-retried	succeeded after 2 refusals
22022	1789131591609	1	385	admitted	admit=532ms
22051	1789131591638	1	379	admitted	admit=1228ms
22061	1789131591648	2	347	admit-ceiling	LIMIT_EXCEEDED: client unresolved admission ceiling
22077	1789131591664	0	225	admit-retried	succeeded after 7 refusals
22077	1789131591664	0	225	admitted	admit=11878ms
22119	1789131591707	2	389	admitted	admit=132ms
22135	1789131591722	0	327	admit-ceiling	LIMIT_EXCEEDED: client unresolved admission ceiling
22137	1789131591724	2	392	admit-refused	authority refusal LIMIT_EXCEEDED: aggregate admission capacity exhausted
22157	1789131591744	2	380	admit-refused	authority refusal LIMIT_EXCEEDED: aggregate admission capacity exhausted
22170	1789131591757	2	374	admit-refused	authority refusal LIMIT_EXCEEDED: aggregate admission capacity exhausted
22170	1789131591757	1	400	admit-refused	authority refusal LIMIT_EXCEEDED: aggregate admission capacity exhausted
22183	1789131591770	1	397	admitted	admit=131ms
22194	1789131591781	0	384	admit-refused	authority refusal LIMIT_EXCEEDED: aggregate admission capacity exhausted
22210	1789131591798	0	378	admit-refused	authority refusal LIMIT_EXCEEDED: aggregate admission capacity exhausted
22249	1789131591837	1	388	admit-refused	authority refusal LIMIT_EXCEEDED: aggregate admission capacity exhausted
22259	1789131591847	1	403	admit-refused	authority refusal LIMIT_EXCEEDED: aggregate admission capacity exhausted
22269	1789131591856	2	395	admit-refused	authority refusal LIMIT_EXCEEDED: aggregate admission capacity exhausted
22313	1789131591900	0	387	admit-refused	authority refusal LIMIT_EXCEEDED: aggregate admission capacity exhausted
22323	1789131591910	2	392	admit-refused	authority refusal LIMIT_EXCEEDED: aggregate admission capacity exhausted
22361	1789131591948	1	403	admit-ceiling	LIMIT_EXCEEDED: client unresolved admission ceiling
22447	1789131592035	1	394	admit-refused	authority refusal LIMIT_EXCEEDED: aggregate admission capacity exhausted
22452	1789131592040	1	319	admit-retried	succeeded after 5 refusals
22452	1789131592040	1	319	admitted	admit=5984ms
22464	1789131592051	1	388	admit-refused	authority refusal LIMIT_EXCEEDED: aggregate admission capacity exhausted
22472	1789131592059	0	384	admit-refused	authority refusal LIMIT_EXCEEDED: aggregate admission capacity exhausted
22475	1789131592062	2	395	admit-refused	authority refusal LIMIT_EXCEEDED: aggregate admission capacity exhausted
22483	1789131592070	0	387	admit-refused	authority refusal LIMIT_EXCEEDED: aggregate admission capacity exhausted
22504	1789131592091	0	372	admit-refused	authority refusal LIMIT_EXCEEDED: aggregate admission capacity exhausted
22522	1789131592109	0	303	admit-refused	authority refusal LIMIT_EXCEEDED: aggregate admission capacity exhausted
22524	1789131592111	1	406	admit-refused	authority refusal LIMIT_EXCEEDED: aggregate admission capacity exhausted
22530	1789131592117	1	400	admit-retried	succeeded after 1 refusals
22530	1789131592117	1	400	admitted	admit=478ms
22617	1789131592204	2	380	admit-refused	authority refusal LIMIT_EXCEEDED: aggregate admission capacity exhausted
22620	1789131592207	1	394	admit-refused	authority refusal LIMIT_EXCEEDED: aggregate admission capacity exhausted
22639	1789131592226	2	392	admit-refused	authority refusal LIMIT_EXCEEDED: aggregate admission capacity exhausted
22673	1789131592260	1	403	admit-refused	authority refusal LIMIT_EXCEEDED: aggregate admission capacity exhausted
22700	1789131592288	1	406	admit-refused	authority refusal LIMIT_EXCEEDED: aggregate admission capacity exhausted
22700	1789131592288	2	305	admit-refused	authority refusal LIMIT_EXCEEDED: aggregate admission capacity exhausted
22722	1789131592309	1	388	admit-refused	authority refusal LIMIT_EXCEEDED: aggregate admission capacity exhausted
22784	1789131592371	2	395	admit-retried	succeeded after 2 refusals
22784	1789131592371	2	395	admitted	admit=663ms
22807	1789131592394	0	387	admit-retried	succeeded after 2 refusals
22807	1789131592394	0	387	admitted	admit=730ms
22836	1789131592423	0	357	admit-retried	succeeded after 4 refusals
22836	1789131592423	0	357	admitted	admit=3638ms
22909	1789131592496	2	365	admit-refused	authority refusal LIMIT_EXCEEDED: aggregate admission capacity exhausted
22921	1789131592508	0	381	admit-retried	succeeded after 1 refusals
22921	1789131592508	0	381	admitted	admit=1236ms
22925	1789131592512	0	390	admit-refused	authority refusal LIMIT_EXCEEDED: aggregate admission capacity exhausted
22998	1789131592585	0	393	admit-refused	authority refusal LIMIT_EXCEEDED: aggregate admission capacity exhausted
23009	1789131592596	0	396	admit-refused	authority refusal LIMIT_EXCEEDED: aggregate admission capacity exhausted
23020	1789131592608	1	394	admit-retried	succeeded after 2 refusals
23020	1789131592608	1	394	admitted	admit=1278ms
23030	1789131592617	2	374	admit-refused	authority refusal LIMIT_EXCEEDED: aggregate admission capacity exhausted
23083	1789131592670	1	70	admit-ceiling	LIMIT_EXCEEDED: client unresolved admission ceiling
23093	1789131592680	1	61	admit-ceiling	LIMIT_EXCEEDED: client unresolved admission ceiling
23094	1789131592681	2	38	admit-retried	succeeded after 9 refusals
23094	1789131592681	2	38	admitted	admit=22717ms
23100	1789131592687	0	393	admit-ceiling	LIMIT_EXCEEDED: client unresolved admission ceiling
23102	1789131592689	2	392	admit-refused	authority refusal LIMIT_EXCEEDED: aggregate admission capacity exhausted
23105	1789131592693	1	52	admit-ceiling	LIMIT_EXCEEDED: client unresolved admission ceiling
23111	1789131592698	0	396	admit-ceiling	LIMIT_EXCEEDED: client unresolved admission ceiling
23124	1789131592711	1	388	admit-ceiling	LIMIT_EXCEEDED: client unresolved admission ceiling
23155	1789131592742	0	378	admit-retried	succeeded after 4 refusals
23155	1789131592742	0	378	admitted	admit=2039ms
23163	1789131592750	1	412	admitted	admit=141ms
23198	1789131592785	0	390	admit-refused	authority refusal LIMIT_EXCEEDED: aggregate admission capacity exhausted
23209	1789131592796	1	64	admit-ceiling	LIMIT_EXCEEDED: client unresolved admission ceiling
23235	1789131592822	2	401	admit-refused	authority refusal LIMIT_EXCEEDED: aggregate admission capacity exhausted
23249	1789131592836	1	403	admit-refused	authority refusal LIMIT_EXCEEDED: aggregate admission capacity exhausted
23263	1789131592850	0	399	admitted	admit=107ms
23265	1789131592852	1	415	admit-refused	authority refusal LIMIT_EXCEEDED: aggregate admission capacity exhausted
23306	1789131592893	0	372	admit-ceiling	LIMIT_EXCEEDED: client unresolved admission ceiling
23312	1789131592900	0	396	admit-ceiling	LIMIT_EXCEEDED: client unresolved admission ceiling
23338	1789131592925	0	72	admit-ceiling	LIMIT_EXCEEDED: client unresolved admission ceiling
23354	1789131592941	0	402	admit-refused	authority refusal LIMIT_EXCEEDED: aggregate admission capacity exhausted
23410	1789131592997	2	401	admit-retried	succeeded after 1 refusals
23410	1789131592997	2	401	admitted	admit=316ms
23456	1789131593043	0	402	admit-ceiling	LIMIT_EXCEEDED: client unresolved admission ceiling
23459	1789131593046	1	415	admit-retried	succeeded after 1 refusals
23459	1789131593046	1	415	admitted	admit=295ms
23460	1789131593047	2	83	admit-ceiling	LIMIT_EXCEEDED: client unresolved admission ceiling
23507	1789131593094	0	393	admit-retried	succeeded after 2 refusals
23507	1789131593094	0	393	admitted	admit=670ms
23555	1789131593142	0	309	admit-retried	succeeded after 6 refusals
23555	1789131593142	0	309	admitted	admit=8288ms
23570	1789131593158	1	418	admitted	admit=111ms
23581	1789131593168	0	405	admit-refused	authority refusal LIMIT_EXCEEDED: aggregate admission capacity exhausted
23613	1789131593200	0	81	admit-retried	succeeded after 9 refusals
23613	1789131593200	0	81	admitted	admit=22341ms
23618	1789131593205	2	380	admit-retried	succeeded after 4 refusals
23618	1789131593205	2	380	admitted	admit=2260ms
23630	1789131593217	2	398	admit-refused	authority refusal LIMIT_EXCEEDED: aggregate admission capacity exhausted
23643	1789131593230	2	404	admitted	admit=232ms
23658	1789131593246	0	402	admit-ceiling	LIMIT_EXCEEDED: client unresolved admission ceiling
23682	1789131593269	0	405	admit-ceiling	LIMIT_EXCEEDED: client unresolved admission ceiling
23714	1789131593301	0	396	admit-ceiling	LIMIT_EXCEEDED: client unresolved admission ceiling
23714	1789131593302	1	421	admitted	admit=143ms
23725	1789131593312	0	411	admit-refused	authority refusal LIMIT_EXCEEDED: aggregate admission capacity exhausted
23742	1789131593329	2	407	admit-refused	authority refusal LIMIT_EXCEEDED: aggregate admission capacity exhausted
23755	1789131593342	2	92	admit-retried	succeeded after 9 refusals
23755	1789131593342	2	92	admitted	admit=22001ms
23755	1789131593342	2	410	admit-refused	authority refusal LIMIT_EXCEEDED: aggregate admission capacity exhausted
23799	1789131593386	1	406	admit-retried	succeeded after 2 refusals
23799	1789131593386	1	406	admitted	admit=1345ms
23811	1789131593398	2	398	admit-refused	authority refusal LIMIT_EXCEEDED: aggregate admission capacity exhausted
23824	1789131593412	2	413	admit-refused	authority refusal LIMIT_EXCEEDED: aggregate admission capacity exhausted
23867	1789131593454	1	424	admit-refused	authority refusal LIMIT_EXCEEDED: aggregate admission capacity exhausted
23884	1789131593471	0	96	admit-ceiling	LIMIT_EXCEEDED: client unresolved admission ceiling
23884	1789131593471	1	427	admit-refused	authority refusal LIMIT_EXCEEDED: aggregate admission capacity exhausted
23884	1789131593471	0	405	admit-ceiling	LIMIT_EXCEEDED: client unresolved admission ceiling
23901	1789131593488	0	411	admit-retried	succeeded after 1 refusals
23901	1789131593488	0	411	admitted	admit=287ms
23926	1789131593514	2	413	admit-ceiling	LIMIT_EXCEEDED: client unresolved admission ceiling
23937	1789131593524	2	410	admit-refused	authority refusal LIMIT_EXCEEDED: aggregate admission capacity exhausted
23991	1789131593578	2	407	admit-refused	authority refusal LIMIT_EXCEEDED: aggregate admission capacity exhausted
23998	1789131593586	2	392	admit-retried	succeeded after 4 refusals
23998	1789131593586	2	392	admitted	admit=2011ms
24001	1789131593588	1	388	admit-retried	succeeded after 4 refusals
24001	1789131593588	1	388	admitted	admit=2512ms
24013	1789131593600	0	414	admitted	admit=111ms
24025	1789131593613	1	103	admit-refused	authority refusal LIMIT_EXCEEDED: aggregate admission capacity exhausted
24027	1789131593614	1	262	admit-ceiling	LIMIT_EXCEEDED: client unresolved admission ceiling
24028	1789131593615	1	328	admit-ceiling	LIMIT_EXCEEDED: client unresolved admission ceiling
24043	1789131593630	1	424	admit-refused	authority refusal LIMIT_EXCEEDED: aggregate admission capacity exhausted
24061	1789131593648	0	402	admit-ceiling	LIMIT_EXCEEDED: client unresolved admission ceiling
24073	1789131593661	1	427	admit-refused	authority refusal LIMIT_EXCEEDED: aggregate admission capacity exhausted
24097	1789131593684	1	430	admit-refused	authority refusal LIMIT_EXCEEDED: aggregate admission capacity exhausted
24104	1789131593691	2	398	admit-refused	authority refusal LIMIT_EXCEEDED: aggregate admission capacity exhausted
24112	1789131593699	1	403	admit-refused	authority refusal LIMIT_EXCEEDED: aggregate admission capacity exhausted
24117	1789131593704	2	416	admit-refused	authority refusal LIMIT_EXCEEDED: aggregate admission capacity exhausted
24129	1789131593716	1	265	admit-refused	authority refusal LIMIT_EXCEEDED: aggregate admission capacity exhausted
24183	1789131593770	0	417	admitted	admit=169ms
24191	1789131593778	1	115	admit-refused	authority refusal LIMIT_EXCEEDED: aggregate admission capacity exhausted
24218	1789131593805	2	416	admit-ceiling	LIMIT_EXCEEDED: client unresolved admission ceiling
24234	1789131593821	2	104	admit-ceiling	LIMIT_EXCEEDED: client unresolved admission ceiling
24244	1789131593831	1	247	admit-refused	authority refusal LIMIT_EXCEEDED: aggregate admission capacity exhausted
24266	1789131593854	1	430	admit-refused	authority refusal LIMIT_EXCEEDED: aggregate admission capacity exhausted
24270	1789131593857	0	390	admit-refused	authority refusal LIMIT_EXCEEDED: aggregate admission capacity exhausted
24282	1789131593869	0	420	admitted	admit=98ms
24288	1789131593875	2	287	admit-ceiling	LIMIT_EXCEEDED: client unresolved admission ceiling
24295	1789131593882	1	424	admit-refused	authority refusal LIMIT_EXCEEDED: aggregate admission capacity exhausted
24297	1789131593884	2	410	admit-refused	authority refusal LIMIT_EXCEEDED: aggregate admission capacity exhausted
24376	1789131593963	0	423	admit-refused	authority refusal LIMIT_EXCEEDED: aggregate admission capacity exhausted
24391	1789131593978	0	408	admitted	admit=836ms
24399	1789131593986	0	405	admit-refused	authority refusal LIMIT_EXCEEDED: aggregate admission capacity exhausted
24459	1789131594047	2	350	admit-retried	succeeded after 4 refusals
24460	1789131594047	2	350	admitted	admit=5516ms
24467	1789131594055	0	426	admit-refused	authority refusal LIMIT_EXCEEDED: aggregate admission capacity exhausted
24507	1789131594094	2	398	admit-ceiling	LIMIT_EXCEEDED: client unresolved admission ceiling
24511	1789131594098	2	365	admit-ceiling	LIMIT_EXCEEDED: client unresolved admission ceiling
24533	1789131594120	2	263	admit-ceiling	LIMIT_EXCEEDED: client unresolved admission ceiling
24553	1789131594140	2	419	admit-refused	authority refusal LIMIT_EXCEEDED: aggregate admission capacity exhausted
24560	1789131594147	2	416	admit-retried	succeeded after 2 refusals
24560	1789131594147	2	416	admitted	admit=560ms
24573	1789131594160	2	407	admit-refused	authority refusal LIMIT_EXCEEDED: aggregate admission capacity exhausted
24593	1789131594180	1	409	admitted	admit=2062ms
24612	1789131594200	0	396	admit-retried	succeeded after 4 refusals
24612	1789131594200	0	396	admitted	admit=1690ms
24641	1789131594228	0	429	admit-ceiling	LIMIT_EXCEEDED: client unresolved admission ceiling
24671	1789131594259	0	390	admit-ceiling	LIMIT_EXCEEDED: client unresolved admission ceiling
24672	1789131594259	0	195	admit-refused	authority refusal LIMIT_EXCEEDED: aggregate admission capacity exhausted
24692	1789131594279	1	430	admit-refused	authority refusal LIMIT_EXCEEDED: aggregate admission capacity exhausted
24703	1789131594290	2	419	admit-refused	authority refusal LIMIT_EXCEEDED: aggregate admission capacity exhausted
24708	1789131594295	2	374	admit-retried	succeeded after 5 refusals
24708	1789131594295	2	374	admitted	admit=3525ms
24796	1789131594384	1	433	admit-refused	authority refusal LIMIT_EXCEEDED: aggregate admission capacity exhausted
24797	1789131594384	2	410	admit-refused	authority refusal LIMIT_EXCEEDED: aggregate admission capacity exhausted
24812	1789131594399	1	424	admit-refused	authority refusal LIMIT_EXCEEDED: aggregate admission capacity exhausted
24863	1789131594451	0	402	admit-ceiling	LIMIT_EXCEEDED: client unresolved admission ceiling
24864	1789131594451	2	425	admit-refused	authority refusal LIMIT_EXCEEDED: aggregate admission capacity exhausted
24876	1789131594463	2	413	admit-retried	succeeded after 2 refusals
24876	1789131594463	2	413	admitted	admit=1120ms
24905	1789131594493	0	429	admit-retried	succeeded after 1 refusals
24905	1789131594493	0	429	admitted	admit=292ms
24942	1789131594529	0	372	admit-ceiling	LIMIT_EXCEEDED: client unresolved admission ceiling
24967	1789131594554	2	425	admit-ceiling	LIMIT_EXCEEDED: client unresolved admission ceiling
24974	1789131594561	2	407	admit-ceiling	LIMIT_EXCEEDED: client unresolved admission ceiling
24995	1789131594582	2	428	admit-refused	authority refusal LIMIT_EXCEEDED: aggregate admission capacity exhausted
25010	1789131594597	0	432	admit-refused	authority refusal LIMIT_EXCEEDED: aggregate admission capacity exhausted
25046	1789131594634	2	128	admit-refused	authority refusal LIMIT_EXCEEDED: aggregate admission capacity exhausted
25056	1789131594643	2	422	admit-refused	authority refusal LIMIT_EXCEEDED: aggregate admission capacity exhausted
25061	1789131594648	2	419	admit-retried	succeeded after 2 refusals
25061	1789131594648	2	419	admitted	admit=600ms
25085	1789131594672	0	426	admit-refused	authority refusal LIMIT_EXCEEDED: aggregate admission capacity exhausted
25157	1789131594744	2	431	admit-refused	authority refusal LIMIT_EXCEEDED: aggregate admission capacity exhausted
25180	1789131594767	0	432	admit-refused	authority refusal LIMIT_EXCEEDED: aggregate admission capacity exhausted
25184	1789131594772	2	428	admit-refused	authority refusal LIMIT_EXCEEDED: aggregate admission capacity exhausted
25189	1789131594777	0	342	admit-retried	succeeded after 6 refusals
25189	1789131594777	0	342	admitted	admit=6849ms
25218	1789131594805	2	425	admit-refused	authority refusal LIMIT_EXCEEDED: aggregate admission capacity exhausted
25225	1789131594812	1	187	admit-refused	authority refusal LIMIT_EXCEEDED: aggregate admission capacity exhausted
25258	1789131594846	1	430	admit-refused	authority refusal LIMIT_EXCEEDED: aggregate admission capacity exhausted
25274	1789131594861	0	405	admit-refused	authority refusal LIMIT_EXCEEDED: aggregate admission capacity exhausted
25312	1789131594899	0	435	admit-refused	authority refusal LIMIT_EXCEEDED: aggregate admission capacity exhausted
25326	1789131594914	1	427	admit-retried	succeeded after 2 refusals
25327	1789131594914	1	427	admitted	admit=1527ms
25346	1789131594933	0	384	admit-refused	authority refusal LIMIT_EXCEEDED: aggregate admission capacity exhausted
25385	1789131594972	1	433	admit-refused	authority refusal LIMIT_EXCEEDED: aggregate admission capacity exhausted
25386	1789131594973	2	428	admit-ceiling	LIMIT_EXCEEDED: client unresolved admission ceiling
25413	1789131595000	0	435	admit-ceiling	LIMIT_EXCEEDED: client unresolved admission ceiling
25415	1789131595002	1	436	admit-refused	authority refusal LIMIT_EXCEEDED: aggregate admission capacity exhausted
25473	1789131595060	0	390	admit-ceiling	LIMIT_EXCEEDED: client unresolved admission ceiling
25484	1789131595072	2	431	admit-retried	succeeded after 1 refusals
25485	1789131595072	2	431	admitted	admit=423ms
25552	1789131595139	0	432	admit-retried	succeeded after 2 refusals
25552	1789131595139	0	432	admitted	admit=646ms
25600	1789131595187	2	410	admit-ceiling	LIMIT_EXCEEDED: client unresolved admission ceiling
25616	1789131595203	2	398	admit-refused	authority refusal LIMIT_EXCEEDED: aggregate admission capacity exhausted
25625	1789131595213	0	423	admit-retried	succeeded after 1 refusals
25625	1789131595213	0	423	admitted	admit=1343ms
25629	1789131595216	2	434	admit-refused	authority refusal LIMIT_EXCEEDED: aggregate admission capacity exhausted
25671	1789131595258	0	441	admit-ceiling	LIMIT_EXCEEDED: client unresolved admission ceiling
25712	1789131595299	1	436	admit-retried	succeeded after 1 refusals
25712	1789131595299	1	436	admitted	admit=385ms
25720	1789131595307	1	424	admit-refused	authority refusal LIMIT_EXCEEDED: aggregate admission capacity exhausted
25730	1789131595317	0	141	admit-ceiling	LIMIT_EXCEEDED: client unresolved admission ceiling
25740	1789131595327	2	425	admit-refused	authority refusal LIMIT_EXCEEDED: aggregate admission capacity exhausted
25740	1789131595327	0	327	admit-refused	authority refusal LIMIT_EXCEEDED: aggregate admission capacity exhausted
25788	1789131595376	2	428	admit-ceiling	LIMIT_EXCEEDED: client unresolved admission ceiling
25829	1789131595416	0	441	admit-refused	authority refusal LIMIT_EXCEEDED: aggregate admission capacity exhausted
25839	1789131595426	2	422	admit-refused	authority refusal LIMIT_EXCEEDED: aggregate admission capacity exhausted
25839	1789131595426	1	403	admit-refused	authority refusal LIMIT_EXCEEDED: aggregate admission capacity exhausted
25846	1789131595434	1	439	admitted	admit=133ms
25855	1789131595442	2	347	admit-refused	authority refusal LIMIT_EXCEEDED: aggregate admission capacity exhausted
25862	1789131595449	0	438	admit-refused	authority refusal LIMIT_EXCEEDED: aggregate admission capacity exhausted
25884	1789131595471	0	426	admit-refused	authority refusal LIMIT_EXCEEDED: aggregate admission capacity exhausted
25933	1789131595520	2	434	admit-refused	authority refusal LIMIT_EXCEEDED: aggregate admission capacity exhausted
25934	1789131595521	1	442	admit-refused	authority refusal LIMIT_EXCEEDED: aggregate admission capacity exhausted
26117	1789131595704	0	438	admit-retried	succeeded after 1 refusals
26117	1789131595704	0	438	admitted	admit=563ms
26136	1789131595723	0	435	admit-refused	authority refusal LIMIT_EXCEEDED: aggregate admission capacity exhausted
26155	1789131595742	2	422	admit-retried	succeeded after 2 refusals
26155	1789131595742	2	422	admitted	admit=1594ms
26178	1789131595765	0	441	admit-retried	succeeded after 2 refusals
26178	1789131595765	0	441	admitted	admit=551ms
26201	1789131595788	2	407	admit-refused	authority refusal LIMIT_EXCEEDED: aggregate admission capacity exhausted
26219	1789131595807	2	434	admit-refused	authority refusal LIMIT_EXCEEDED: aggregate admission capacity exhausted
26222	1789131595809	1	430	admit-retried	succeeded after 4 refusals
26222	1789131595809	1	430	admitted	admit=2220ms
26240	1789131595827	2	437	admit-refused	authority refusal LIMIT_EXCEEDED: aggregate admission capacity exhausted
26284	1789131595871	1	442	admit-refused	authority refusal LIMIT_EXCEEDED: aggregate admission capacity exhausted
26298	1789131595885	1	445	admit-refused	authority refusal LIMIT_EXCEEDED: aggregate admission capacity exhausted
26322	1789131595910	0	447	admitted	admit=144ms
26409	1789131595997	0	426	admit-retried	succeeded after 3 refusals
26409	1789131595997	0	426	admitted	admit=2017ms
26423	1789131596011	0	450	admit-refused	authority refusal LIMIT_EXCEEDED: aggregate admission capacity exhausted
26456	1789131596043	2	437	admit-retried	succeeded after 1 refusals
26456	1789131596043	2	437	admitted	admit=300ms
26464	1789131596051	1	445	admit-refused	authority refusal LIMIT_EXCEEDED: aggregate admission capacity exhausted
26465	1789131596052	0	402	admit-ceiling	LIMIT_EXCEEDED: client unresolved admission ceiling
26525	1789131596112	0	450	admit-ceiling	LIMIT_EXCEEDED: client unresolved admission ceiling
26535	1789131596123	1	442	admit-refused	authority refusal LIMIT_EXCEEDED: aggregate admission capacity exhausted
26538	1789131596125	0	435	admit-ceiling	LIMIT_EXCEEDED: client unresolved admission ceiling
26600	1789131596187	2	218	admit-retried	succeeded after 8 refusals
26600	1789131596187	2	218	admitted	admit=17228ms
26601	1789131596188	0	453	admit-refused	authority refusal LIMIT_EXCEEDED: aggregate admission capacity exhausted
26602	1789131596189	0	297	admit-retried	succeeded after 7 refusals
26602	1789131596189	0	297	admitted	admit=11887ms
26632	1789131596219	2	434	admit-ceiling	LIMIT_EXCEEDED: client unresolved admission ceiling
26710	1789131596297	2	428	admit-retried	succeeded after 4 refusals
26710	1789131596297	2	428	admitted	admit=1833ms
26715	1789131596302	0	444	admitted	admit=598ms
26727	1789131596314	2	443	admit-refused	authority refusal LIMIT_EXCEEDED: aggregate admission capacity exhausted
26747	1789131596334	0	450	admit-ceiling	LIMIT_EXCEEDED: client unresolved admission ceiling
26782	1789131596369	2	425	admit-retried	succeeded after 4 refusals
26782	1789131596369	2	425	admitted	admit=2072ms
26803	1789131596390	2	446	admit-refused	authority refusal LIMIT_EXCEEDED: aggregate admission capacity exhausted
26815	1789131596402	1	445	admit-retried	succeeded after 2 refusals
26815	1789131596402	1	445	admitted	admit=592ms
26815	1789131596403	0	459	admit-refused	authority refusal LIMIT_EXCEEDED: aggregate admission capacity exhausted
26859	1789131596446	2	449	admit-refused	authority refusal LIMIT_EXCEEDED: aggregate admission capacity exhausted
26886	1789131596473	2	443	admit-refused	authority refusal LIMIT_EXCEEDED: aggregate admission capacity exhausted
26894	1789131596481	2	440	admit-refused	authority refusal LIMIT_EXCEEDED: aggregate admission capacity exhausted
26917	1789131596504	0	459	admit-ceiling	LIMIT_EXCEEDED: client unresolved admission ceiling
26919	1789131596506	1	448	admitted	admit=103ms
26955	1789131596542	0	405	admit-retried	succeeded after 5 refusals
26955	1789131596542	0	405	admitted	admit=3447ms
26982	1789131596569	2	446	admit-refused	authority refusal LIMIT_EXCEEDED: aggregate admission capacity exhausted
27070	1789131596657	2	449	admit-retried	succeeded after 1 refusals
27070	1789131596657	2	449	admitted	admit=288ms
27075	1789131596662	0	390	admit-ceiling	LIMIT_EXCEEDED: client unresolved admission ceiling
27119	1789131596706	0	459	admit-ceiling	LIMIT_EXCEEDED: client unresolved admission ceiling
27141	1789131596728	1	442	admit-retried	succeeded after 3 refusals
27141	1789131596728	1	442	admitted	admit=1293ms
27141	1789131596728	0	462	admit-refused	authority refusal LIMIT_EXCEEDED: aggregate admission capacity exhausted
27201	1789131596788	2	410	admit-ceiling	LIMIT_EXCEEDED: client unresolved admission ceiling
27216	1789131596804	2	398	admit-ceiling	LIMIT_EXCEEDED: client unresolved admission ceiling
27230	1789131596817	0	450	admit-refused	authority refusal LIMIT_EXCEEDED: aggregate admission capacity exhausted
27243	1789131596831	1	454	admitted	admit=102ms
27308	1789131596895	0	453	admit-refused	authority refusal LIMIT_EXCEEDED: aggregate admission capacity exhausted
27318	1789131596906	1	457	admit-refused	authority refusal LIMIT_EXCEEDED: aggregate admission capacity exhausted
27433	1789131597020	2	434	admit-ceiling	LIMIT_EXCEEDED: client unresolved admission ceiling
27495	1789131597083	0	435	admit-retried	succeeded after 4 refusals
27495	1789131597083	0	435	admitted	admit=2305ms
27508	1789131597095	2	452	admit-refused	authority refusal LIMIT_EXCEEDED: aggregate admission capacity exhausted
27509	1789131597096	0	453	admit-ceiling	LIMIT_EXCEEDED: client unresolved admission ceiling
27520	1789131597107	0	459	admit-ceiling	LIMIT_EXCEEDED: client unresolved admission ceiling
27522	1789131597110	0	303	admit-ceiling	LIMIT_EXCEEDED: client unresolved admission ceiling
27547	1789131597134	1	424	admit-retried	succeeded after 5 refusals
27547	1789131597134	1	424	admitted	admit=3831ms
27565	1789131597152	0	456	admit-refused	authority refusal LIMIT_EXCEEDED: aggregate admission capacity exhausted
27580	1789131597167	0	465	admit-refused	authority refusal LIMIT_EXCEEDED: aggregate admission capacity exhausted
27629	1789131597216	0	384	admit-retried	succeeded after 4 refusals
27629	1789131597216	0	384	admitted	admit=5752ms
27669	1789131597257	2	443	admit-retried	succeeded after 2 refusals
27669	1789131597257	2	443	admitted	admit=1069ms
27697	1789131597284	1	457	admit-retried	succeeded after 1 refusals
27697	1789131597284	1	457	admitted	admit=453ms
27702	1789131597289	2	305	admit-ceiling	LIMIT_EXCEEDED: client unresolved admission ceiling
27713	1789131597300	2	365	admit-ceiling	LIMIT_EXCEEDED: client unresolved admission ceiling
27759	1789131597346	0	465	admit-refused	authority refusal LIMIT_EXCEEDED: aggregate admission capacity exhausted
27771	1789131597358	0	456	admit-refused	authority refusal LIMIT_EXCEEDED: aggregate admission capacity exhausted
27779	1789131597366	2	455	admit-refused	authority refusal LIMIT_EXCEEDED: aggregate admission capacity exhausted
27784	1789131597371	0	468	admit-refused	authority refusal LIMIT_EXCEEDED: aggregate admission capacity exhausted
27794	1789131597381	1	463	admitted	admit=97ms
27794	1789131597382	2	452	admit-refused	authority refusal LIMIT_EXCEEDED: aggregate admission capacity exhausted
27804	1789131597391	1	460	admit-refused	authority refusal LIMIT_EXCEEDED: aggregate admission capacity exhausted
27856	1789131597443	2	446	admit-refused	authority refusal LIMIT_EXCEEDED: aggregate admission capacity exhausted
27872	1789131597459	1	466	admitted	admit=77ms
27873	1789131597460	2	440	admit-refused	authority refusal LIMIT_EXCEEDED: aggregate admission capacity exhausted
27907	1789131597495	2	407	admit-refused	authority refusal LIMIT_EXCEEDED: aggregate admission capacity exhausted
27959	1789131597546	1	469	admit-refused	authority refusal LIMIT_EXCEEDED: aggregate admission capacity exhausted
27969	1789131597556	2	455	admit-refused	authority refusal LIMIT_EXCEEDED: aggregate admission capacity exhausted
27972	1789131597560	0	456	admit-ceiling	LIMIT_EXCEEDED: client unresolved admission ceiling
28001	1789131597588	0	468	admit-retried	succeeded after 1 refusals
28001	1789131597588	0	468	admitted	admit=371ms
28037	1789131597624	1	460	admit-retried	succeeded after 1 refusals
28037	1789131597624	1	460	admitted	admit=489ms
28037	1789131597624	0	465	admit-refused	authority refusal LIMIT_EXCEEDED: aggregate admission capacity exhausted
28056	1789131597643	2	452	admit-refused	authority refusal LIMIT_EXCEEDED: aggregate admission capacity exhausted
28063	1789131597650	0	462	admit-refused	authority refusal LIMIT_EXCEEDED: aggregate admission capacity exhausted
28065	1789131597653	0	453	admit-retried	succeeded after 3 refusals
28065	1789131597653	0	453	admitted	admit=1655ms
28084	1789131597671	1	70	admit-ceiling	LIMIT_EXCEEDED: client unresolved admission ceiling
28095	1789131597682	1	61	admit-ceiling	LIMIT_EXCEEDED: client unresolved admission ceiling
28107	1789131597695	1	52	admit-ceiling	LIMIT_EXCEEDED: client unresolved admission ceiling
28137	1789131597724	1	469	admit-refused	authority refusal LIMIT_EXCEEDED: aggregate admission capacity exhausted
28149	1789131597736	0	450	admit-refused	authority refusal LIMIT_EXCEEDED: aggregate admission capacity exhausted
28150	1789131597737	2	440	admit-refused	authority refusal LIMIT_EXCEEDED: aggregate admission capacity exhausted
28180	1789131597767	1	472	admit-refused	authority refusal LIMIT_EXCEEDED: aggregate admission capacity exhausted
28224	1789131597811	2	455	admit-refused	authority refusal LIMIT_EXCEEDED: aggregate admission capacity exhausted
28247	1789131597834	0	372	admit-refused	authority refusal LIMIT_EXCEEDED: aggregate admission capacity exhausted
28331	1789131597918	0	462	admit-refused	authority refusal LIMIT_EXCEEDED: aggregate admission capacity exhausted
28340	1789131597927	1	469	admit-ceiling	LIMIT_EXCEEDED: client unresolved admission ceiling
28343	1789131597930	0	471	admitted	admit=342ms
28374	1789131597962	0	456	admit-ceiling	LIMIT_EXCEEDED: client unresolved admission ceiling
28377	1789131597964	1	472	admit-retried	succeeded after 1 refusals
28377	1789131597964	1	472	admitted	admit=339ms
28416	1789131598003	2	446	admit-refused	authority refusal LIMIT_EXCEEDED: aggregate admission capacity exhausted
28439	1789131598026	0	465	admit-ceiling	LIMIT_EXCEEDED: client unresolved admission ceiling
28459	1789131598046	0	477	admit-refused	authority refusal LIMIT_EXCEEDED: aggregate admission capacity exhausted
28466	1789131598054	0	72	admit-retried	succeeded after 10 refusals
28466	1789131598054	0	72	admitted	admit=27195ms
28487	1789131598074	0	459	admit-refused	authority refusal LIMIT_EXCEEDED: aggregate admission capacity exhausted
28515	1789131598102	1	475	admitted	admit=138ms
28615	1789131598202	0	477	admit-refused	authority refusal LIMIT_EXCEEDED: aggregate admission capacity exhausted
28617	1789131598204	2	440	admit-retried	succeeded after 3 refusals
28617	1789131598204	2	440	admitted	admit=2160ms
28622	1789131598209	1	478	admitted	admit=106ms
28720	1789131598307	1	481	admitted	admit=96ms
28742	1789131598329	1	469	admit-ceiling	LIMIT_EXCEEDED: client unresolved admission ceiling
28756	1789131598343	2	455	admit-retried	succeeded after 3 refusals
28756	1789131598343	2	455	admitted	admit=1085ms
28776	1789131598364	0	462	admit-refused	authority refusal LIMIT_EXCEEDED: aggregate admission capacity exhausted
28787	1789131598374	0	480	admitted	admit=319ms
28859	1789131598446	2	83	admit-refused	authority refusal LIMIT_EXCEEDED: aggregate admission capacity exhausted
28876	1789131598463	2	461	admitted	admit=119ms
28919	1789131598507	0	483	admitted	admit=132ms
28924	1789131598511	2	458	admit-refused	authority refusal LIMIT_EXCEEDED: aggregate admission capacity exhausted
28931	1789131598518	2	452	admit-refused	authority refusal LIMIT_EXCEEDED: aggregate admission capacity exhausted
28972	1789131598559	1	484	admitted	admit=252ms
28993	1789131598580	2	464	admit-refused	authority refusal LIMIT_EXCEEDED: aggregate admission capacity exhausted
29027	1789131598614	1	103	admit-ceiling	LIMIT_EXCEEDED: client unresolved admission ceiling
29028	1789131598615	1	262	admit-ceiling	LIMIT_EXCEEDED: client unresolved admission ceiling
29030	1789131598617	1	328	admit-ceiling	LIMIT_EXCEEDED: client unresolved admission ceiling
29041	1789131598628	1	403	admit-ceiling	LIMIT_EXCEEDED: client unresolved admission ceiling
29043	1789131598630	0	486	admit-refused	authority refusal LIMIT_EXCEEDED: aggregate admission capacity exhausted
29061	1789131598648	0	477	admit-refused	authority refusal LIMIT_EXCEEDED: aggregate admission capacity exhausted
29086	1789131598674	2	458	admit-refused	authority refusal LIMIT_EXCEEDED: aggregate admission capacity exhausted
29092	1789131598679	1	433	admit-retried	succeeded after 2 refusals
29092	1789131598679	1	433	admitted	admit=4498ms
29101	1789131598688	2	434	admit-refused	authority refusal LIMIT_EXCEEDED: aggregate admission capacity exhausted
29123	1789131598710	1	487	admit-refused	authority refusal LIMIT_EXCEEDED: aggregate admission capacity exhausted
29161	1789131598748	0	96	admit-retried	succeeded after 10 refusals
29161	1789131598748	0	96	admitted	admit=27296ms
29192	1789131598779	1	115	admit-ceiling	LIMIT_EXCEEDED: client unresolved admission ceiling
29210	1789131598797	1	490	admit-refused	authority refusal LIMIT_EXCEEDED: aggregate admission capacity exhausted
29220	1789131598807	2	464	admit-retried	succeeded after 1 refusals
29220	1789131598807	2	464	admitted	admit=343ms
29220	1789131598807	1	265	admit-refused	authority refusal LIMIT_EXCEEDED: aggregate admission capacity exhausted
29233	1789131598821	0	486	admit-refused	authority refusal LIMIT_EXCEEDED: aggregate admission capacity exhausted
29276	1789131598863	0	456	admit-refused	authority refusal LIMIT_EXCEEDED: aggregate admission capacity exhausted
29290	1789131598877	2	287	admit-ceiling	LIMIT_EXCEEDED: client unresolved admission ceiling
29302	1789131598889	0	474	admit-refused	authority refusal LIMIT_EXCEEDED: aggregate admission capacity exhausted
29309	1789131598896	1	64	admit-refused	authority refusal LIMIT_EXCEEDED: aggregate admission capacity exhausted
29312	1789131598899	0	489	admit-refused	authority refusal LIMIT_EXCEEDED: aggregate admission capacity exhausted
29334	1789131598921	1	487	admit-refused	authority refusal LIMIT_EXCEEDED: aggregate admission capacity exhausted
29357	1789131598944	1	490	admit-refused	authority refusal LIMIT_EXCEEDED: aggregate admission capacity exhausted
29360	1789131598947	2	446	admit-refused	authority refusal LIMIT_EXCEEDED: aggregate admission capacity exhausted
29365	1789131598952	2	467	admitted	admit=144ms
29462	1789131599049	0	477	admit-ceiling	LIMIT_EXCEEDED: client unresolved admission ceiling
29473	1789131599060	1	247	admit-refused	authority refusal LIMIT_EXCEEDED: aggregate admission capacity exhausted
29483	1789131599070	0	489	admit-retried	succeeded after 1 refusals
29483	1789131599070	0	489	admitted	admit=321ms
29483	1789131599070	0	474	admit-refused	authority refusal LIMIT_EXCEEDED: aggregate admission capacity exhausted
29502	1789131599089	0	486	admit-refused	authority refusal LIMIT_EXCEEDED: aggregate admission capacity exhausted
29572	1789131599160	0	492	admit-refused	authority refusal LIMIT_EXCEEDED: aggregate admission capacity exhausted
29614	1789131599201	2	263	admit-refused	authority refusal LIMIT_EXCEEDED: aggregate admission capacity exhausted
29643	1789131599230	0	462	admit-retried	succeeded after 4 refusals
29643	1789131599230	0	462	admitted	admit=2688ms
29657	1789131599244	1	487	admit-refused	authority refusal LIMIT_EXCEEDED: aggregate admission capacity exhausted
29659	1789131599246	1	490	admit-retried	succeeded after 2 refusals
29659	1789131599246	1	490	admitted	admit=566ms
29676	1789131599263	0	195	admit-ceiling	LIMIT_EXCEEDED: client unresolved admission ceiling
29685	1789131599272	0	474	admit-ceiling	LIMIT_EXCEEDED: client unresolved admission ceiling
29723	1789131599310	2	470	admitted	admit=357ms
29751	1789131599338	0	450	admit-ceiling	LIMIT_EXCEEDED: client unresolved admission ceiling
29813	1789131599400	0	492	admit-retried	succeeded after 1 refusals
29813	1789131599400	0	492	admitted	admit=329ms
29813	1789131599401	2	452	admit-refused	authority refusal LIMIT_EXCEEDED: aggregate admission capacity exhausted
29816	1789131599403	1	493	admit-refused	authority refusal LIMIT_EXCEEDED: aggregate admission capacity exhausted
29832	1789131599419	0	465	admit-refused	authority refusal LIMIT_EXCEEDED: aggregate admission capacity exhausted
29847	1789131599434	0	402	admit-retried	succeeded after 6 refusals
29847	1789131599434	0	402	admitted	admit=6584ms
29876	1789131599463	2	473	admitted	admit=152ms
29876	1789131599463	0	498	admit-refused	authority refusal LIMIT_EXCEEDED: aggregate admission capacity exhausted
29892	1789131599479	0	495	admit-refused	authority refusal LIMIT_EXCEEDED: aggregate admission capacity exhausted
29943	1789131599530	2	476	admit-refused	authority refusal LIMIT_EXCEEDED: aggregate admission capacity exhausted
30030	1789131599617	1	493	admit-retried	succeeded after 1 refusals
30030	1789131599617	1	493	admitted	admit=370ms
30084	1789131599671	1	451	admitted	admit=3164ms
30101	1789131599689	0	495	admit-retried	succeeded after 1 refusals
30101	1789131599689	0	495	admitted	admit=457ms
30103	1789131599690	0	459	admit-ceiling	LIMIT_EXCEEDED: client unresolved admission ceiling
30125	1789131599712	0	504	admit-ceiling	LIMIT_EXCEEDED: client unresolved admission ceiling
30171	1789131599759	1	496	admit-refused	authority refusal LIMIT_EXCEEDED: aggregate admission capacity exhausted
30176	1789131599763	2	476	admit-retried	succeeded after 1 refusals
30176	1789131599763	2	476	admitted	admit=299ms
30218	1789131599805	0	498	admit-refused	authority refusal LIMIT_EXCEEDED: aggregate admission capacity exhausted
30233	1789131599820	2	128	admit-retried	succeeded after 10 refusals
30233	1789131599820	2	128	admitted	admit=27092ms
30256	1789131599843	2	479	admit-refused	authority refusal LIMIT_EXCEEDED: aggregate admission capacity exhausted
30264	1789131599851	0	477	admit-ceiling	LIMIT_EXCEEDED: client unresolved admission ceiling
30273	1789131599860	1	496	admit-ceiling	LIMIT_EXCEEDED: client unresolved admission ceiling
30276	1789131599863	0	390	admit-ceiling	LIMIT_EXCEEDED: client unresolved admission ceiling
30287	1789131599874	1	487	admit-refused	authority refusal LIMIT_EXCEEDED: aggregate admission capacity exhausted
30312	1789131599899	0	486	admit-retried	succeeded after 3 refusals
30312	1789131599899	0	486	admitted	admit=1392ms
30320	1789131599907	2	482	admit-refused	authority refusal LIMIT_EXCEEDED: aggregate admission capacity exhausted
30320	1789131599908	1	187	admit-refused	authority refusal LIMIT_EXCEEDED: aggregate admission capacity exhausted
30350	1789131599937	0	504	admit-retried	succeeded after 1 refusals
30350	1789131599938	0	504	admitted	admit=248ms
30395	1789131599982	0	507	admit-refused	authority refusal LIMIT_EXCEEDED: aggregate admission capacity exhausted
30413	1789131600000	1	499	admit-refused	authority refusal LIMIT_EXCEEDED: aggregate admission capacity exhausted
30418	1789131600005	2	398	admit-ceiling	LIMIT_EXCEEDED: client unresolved admission ceiling
30421	1789131600009	2	482	admit-ceiling	LIMIT_EXCEEDED: client unresolved admission ceiling
30450	1789131600037	0	510	admit-refused	authority refusal LIMIT_EXCEEDED: aggregate admission capacity exhausted
30494	1789131600081	2	410	admit-retried	succeeded after 6 refusals
30494	1789131600081	2	410	admitted	admit=6850ms
30552	1789131600139	0	510	admit-ceiling	LIMIT_EXCEEDED: client unresolved admission ceiling
30553	1789131600140	1	496	admit-retried	succeeded after 2 refusals
30553	1789131600140	1	496	admitted	admit=523ms
30554	1789131600141	1	469	admit-refused	authority refusal LIMIT_EXCEEDED: aggregate admission capacity exhausted
30569	1789131600156	1	499	admit-refused	authority refusal LIMIT_EXCEEDED: aggregate admission capacity exhausted
30594	1789131600181	2	485	admitted	admit=99ms
30627	1789131600215	2	482	admit-ceiling	LIMIT_EXCEEDED: client unresolved admission ceiling
30648	1789131600235	0	501	admit-refused	authority refusal LIMIT_EXCEEDED: aggregate admission capacity exhausted
30681	1789131600268	1	502	admit-refused	authority refusal LIMIT_EXCEEDED: aggregate admission capacity exhausted
30742	1789131600329	0	327	admit-ceiling	LIMIT_EXCEEDED: client unresolved admission ceiling
30749	1789131600336	0	501	admit-ceiling	LIMIT_EXCEEDED: client unresolved admission ceiling
30753	1789131600340	0	510	admit-ceiling	LIMIT_EXCEEDED: client unresolved admission ceiling
30777	1789131600365	0	507	admit-refused	authority refusal LIMIT_EXCEEDED: aggregate admission capacity exhausted
30840	1789131600427	1	502	admit-refused	authority refusal LIMIT_EXCEEDED: aggregate admission capacity exhausted
30857	1789131600445	2	347	admit-ceiling	LIMIT_EXCEEDED: client unresolved admission ceiling
30861	1789131600448	1	499	admit-retried	succeeded after 2 refusals
30861	1789131600448	1	499	admitted	admit=776ms
30910	1789131600497	2	104	admit-retried	succeeded after 10 refusals
30910	1789131600497	2	104	admitted	admit=28831ms
30914	1789131600501	0	141	admit-refused	authority refusal LIMIT_EXCEEDED: aggregate admission capacity exhausted
30923	1789131600510	2	488	admitted	admit=329ms
30966	1789131600553	1	505	admit-refused	authority refusal LIMIT_EXCEEDED: aggregate admission capacity exhausted
30978	1789131600565	2	446	admit-ceiling	LIMIT_EXCEEDED: client unresolved admission ceiling
30979	1789131600566	0	507	admit-ceiling	LIMIT_EXCEEDED: client unresolved admission ceiling
31001	1789131600588	0	474	admit-refused	authority refusal LIMIT_EXCEEDED: aggregate admission capacity exhausted
31058	1789131600645	2	491	admitted	admit=134ms
31097	1789131600684	2	497	admit-ceiling	LIMIT_EXCEEDED: client unresolved admission ceiling
31108	1789131600695	0	498	admit-refused	authority refusal LIMIT_EXCEEDED: aggregate admission capacity exhausted
31109	1789131600696	2	407	admit-ceiling	LIMIT_EXCEEDED: client unresolved admission ceiling
31122	1789131600709	2	479	admit-refused	authority refusal LIMIT_EXCEEDED: aggregate admission capacity exhausted
31167	1789131600755	1	502	admit-retried	succeeded after 2 refusals
31167	1789131600755	1	502	admitted	admit=613ms
31227	1789131600814	1	505	admit-retried	succeeded after 1 refusals
31227	1789131600814	1	505	admitted	admit=366ms
31297	1789131600884	1	487	admit-refused	authority refusal LIMIT_EXCEEDED: aggregate admission capacity exhausted
31310	1789131600898	1	511	admit-refused	authority refusal LIMIT_EXCEEDED: aggregate admission capacity exhausted
31324	1789131600912	2	479	admit-ceiling	LIMIT_EXCEEDED: client unresolved admission ceiling
31361	1789131600948	0	501	admit-refused	authority refusal LIMIT_EXCEEDED: aggregate admission capacity exhausted
31369	1789131600957	2	497	admit-retried	succeeded after 1 refusals
31369	1789131600957	2	497	admitted	admit=311ms
31379	1789131600966	0	510	admit-refused	authority refusal LIMIT_EXCEEDED: aggregate admission capacity exhausted
31415	1789131601002	2	452	admit-ceiling	LIMIT_EXCEEDED: client unresolved admission ceiling
31471	1789131601058	0	456	admit-refused	authority refusal LIMIT_EXCEEDED: aggregate admission capacity exhausted
31487	1789131601075	0	507	admit-refused	authority refusal LIMIT_EXCEEDED: aggregate admission capacity exhausted
31492	1789131601080	1	511	admit-retried	succeeded after 1 refusals
31493	1789131601080	1	511	admitted	admit=265ms
31501	1789131601088	0	465	admit-refused	authority refusal LIMIT_EXCEEDED: aggregate admission capacity exhausted
31578	1789131601165	1	508	admit-refused	authority refusal LIMIT_EXCEEDED: aggregate admission capacity exhausted
31581	1789131601168	2	494	admitted	admit=657ms
31586	1789131601173	1	514	admitted	admit=93ms
31630	1789131601217	0	498	admit-refused	authority refusal LIMIT_EXCEEDED: aggregate admission capacity exhausted
31648	1789131601236	1	517	admit-refused	authority refusal LIMIT_EXCEEDED: aggregate admission capacity exhausted
31694	1789131601281	2	503	admitted	admit=113ms
31713	1789131601300	2	500	admitted	admit=342ms
31721	1789131601308	1	508	admit-refused	authority refusal LIMIT_EXCEEDED: aggregate admission capacity exhausted
31753	1789131601341	2	479	admit-ceiling	LIMIT_EXCEEDED: client unresolved admission ceiling
31842	1789131601429	2	509	admitted	admit=129ms
31892	1789131601479	2	506	admitted	admit=179ms
31893	1789131601480	0	474	admit-refused	authority refusal LIMIT_EXCEEDED: aggregate admission capacity exhausted
31959	1789131601546	0	477	admit-refused	authority refusal LIMIT_EXCEEDED: aggregate admission capacity exhausted
32011	1789131601598	1	508	admit-retried	succeeded after 2 refusals
32011	1789131601598	1	508	admitted	admit=842ms
32019	1789131601606	2	458	admit-retried	succeeded after 2 refusals
32019	1789131601606	2	458	admitted	admit=3401ms
32030	1789131601617	2	512	admit-refused	authority refusal LIMIT_EXCEEDED: aggregate admission capacity exhausted
32126	1789131601713	2	518	admitted	admit=106ms
32226	1789131601813	2	512	admit-refused	authority refusal LIMIT_EXCEEDED: aggregate admission capacity exhausted
32239	1789131601826	1	469	admit-retried	succeeded after 5 refusals
32239	1789131601826	1	469	admitted	admit=4366ms
32268	1789131601855	0	510	admit-retried	succeeded after 4 refusals
32268	1789131601855	0	510	admitted	admit=1916ms
32273	1789131601860	1	520	admit-refused	authority refusal LIMIT_EXCEEDED: aggregate admission capacity exhausted
32281	1789131601868	2	521	admitted	admit=154ms
32295	1789131601882	1	517	admit-retried	succeeded after 1 refusals
32295	1789131601882	1	517	admitted	admit=708ms
32361	1789131601949	2	515	admit-refused	authority refusal LIMIT_EXCEEDED: aggregate admission capacity exhausted
32386	1789131601973	1	526	admit-refused	authority refusal LIMIT_EXCEEDED: aggregate admission capacity exhausted
32401	1789131601988	0	513	admitted	admit=133ms
32405	1789131601992	1	523	admit-refused	authority refusal LIMIT_EXCEEDED: aggregate admission capacity exhausted
32463	1789131602050	2	515	admit-ceiling	LIMIT_EXCEEDED: client unresolved admission ceiling
32476	1789131602064	1	520	admit-retried	succeeded after 1 refusals
32476	1789131602064	1	520	admitted	admit=465ms
32485	1789131602072	0	498	admit-refused	authority refusal LIMIT_EXCEEDED: aggregate admission capacity exhausted
32489	1789131602076	0	507	admit-refused	authority refusal LIMIT_EXCEEDED: aggregate admission capacity exhausted
32494	1789131602081	0	501	admit-retried	succeeded after 3 refusals
32494	1789131602081	0	501	admitted	admit=2646ms
32507	1789131602094	2	512	admit-refused	authority refusal LIMIT_EXCEEDED: aggregate admission capacity exhausted
32517	1789131602104	2	524	admitted	admit=235ms
32570	1789131602158	1	526	admit-refused	authority refusal LIMIT_EXCEEDED: aggregate admission capacity exhausted
32598	1789131602185	0	519	admit-refused	authority refusal LIMIT_EXCEEDED: aggregate admission capacity exhausted
32616	1789131602203	1	523	admit-retried	succeeded after 1 refusals
32616	1789131602203	1	523	admitted	admit=376ms
32634	1789131602221	0	303	admit-refused	authority refusal LIMIT_EXCEEDED: aggregate admission capacity exhausted
32640	1789131602227	2	479	admit-refused	authority refusal LIMIT_EXCEEDED: aggregate admission capacity exhausted
32643	1789131602230	2	527	admitted	admit=125ms
32700	1789131602287	1	532	admit-refused	authority refusal LIMIT_EXCEEDED: aggregate admission capacity exhausted
32703	1789131602290	2	305	admit-ceiling	LIMIT_EXCEEDED: client unresolved admission ceiling
32715	1789131602302	2	365	admit-ceiling	LIMIT_EXCEEDED: client unresolved admission ceiling
32735	1789131602323	2	515	admit-refused	authority refusal LIMIT_EXCEEDED: aggregate admission capacity exhausted
32754	1789131602341	1	529	admitted	admit=277ms
32756	1789131602343	0	519	admit-refused	authority refusal LIMIT_EXCEEDED: aggregate admission capacity exhausted
32776	1789131602363	2	482	admit-refused	authority refusal LIMIT_EXCEEDED: aggregate admission capacity exhausted
32812	1789131602399	0	516	admit-refused	authority refusal LIMIT_EXCEEDED: aggregate admission capacity exhausted
32855	1789131602442	1	535	admit-refused	authority refusal LIMIT_EXCEEDED: aggregate admission capacity exhausted
32905	1789131602492	1	532	admit-retried	succeeded after 1 refusals
32905	1789131602492	1	532	admitted	admit=288ms
32964	1789131602551	1	487	admit-refused	authority refusal LIMIT_EXCEEDED: aggregate admission capacity exhausted
33003	1789131602590	0	516	admit-retried	succeeded after 1 refusals
33003	1789131602590	0	516	admitted	admit=601ms
33012	1789131602599	1	535	admit-refused	authority refusal LIMIT_EXCEEDED: aggregate admission capacity exhausted
33019	1789131602607	1	538	admit-refused	authority refusal LIMIT_EXCEEDED: aggregate admission capacity exhausted
33033	1789131602620	0	519	admit-refused	authority refusal LIMIT_EXCEEDED: aggregate admission capacity exhausted
33052	1789131602639	0	522	admit-refused	authority refusal LIMIT_EXCEEDED: aggregate admission capacity exhausted
33121	1789131602708	1	538	admit-ceiling	LIMIT_EXCEEDED: client unresolved admission ceiling
33122	1789131602710	2	512	admit-retried	succeeded after 3 refusals
33122	1789131602710	2	512	admitted	admit=1279ms
33166	1789131602753	1	61	admit-refused	authority refusal LIMIT_EXCEEDED: aggregate admission capacity exhausted
33178	1789131602765	1	70	admit-retried	succeeded after 11 refusals
33178	1789131602765	1	70	admitted	admit=32009ms
33190	1789131602777	1	52	admit-refused	authority refusal LIMIT_EXCEEDED: aggregate admission capacity exhausted
33242	1789131602829	0	522	admit-retried	succeeded after 1 refusals
33242	1789131602829	0	522	admitted	admit=238ms
33262	1789131602849	0	450	admit-refused	authority refusal LIMIT_EXCEEDED: aggregate admission capacity exhausted
33307	1789131602894	1	535	admit-refused	authority refusal LIMIT_EXCEEDED: aggregate admission capacity exhausted
33311	1789131602899	1	541	admitted	admit=132ms
33334	1789131602921	0	525	admit-refused	authority refusal LIMIT_EXCEEDED: aggregate admission capacity exhausted
33374	1789131602962	0	459	admit-refused	authority refusal LIMIT_EXCEEDED: aggregate admission capacity exhausted
33402	1789131602990	1	526	admit-refused	authority refusal LIMIT_EXCEEDED: aggregate admission capacity exhausted
33419	1789131603006	1	538	admit-refused	authority refusal LIMIT_EXCEEDED: aggregate admission capacity exhausted
33580	1789131603168	1	544	admitted	admit=268ms
33594	1789131603181	2	533	admitted	admit=471ms
33618	1789131603205	2	536	admit-ceiling	LIMIT_EXCEEDED: client unresolved admission ceiling
33672	1789131603259	2	482	admit-retried	succeeded after 4 refusals
33672	1789131603259	2	482	admitted	admit=3438ms
33677	1789131603264	0	372	admit-retried	succeeded after 7 refusals
33677	1789131603264	0	372	admitted	admit=13352ms
33716	1789131603303	2	530	admitted	admit=1072ms
33735	1789131603322	1	547	admitted	admit=154ms
33740	1789131603328	0	519	admit-retried	succeeded after 3 refusals
33740	1789131603328	0	519	admitted	admit=1246ms
33744	1789131603331	2	536	admit-ceiling	LIMIT_EXCEEDED: client unresolved admission ceiling
33794	1789131603381	0	525	admit-retried	succeeded after 1 refusals
33794	1789131603381	0	525	admitted	admit=551ms
33852	1789131603439	0	531	admit-refused	authority refusal LIMIT_EXCEEDED: aggregate admission capacity exhausted
33861	1789131603448	2	83	admit-ceiling	LIMIT_EXCEEDED: client unresolved admission ceiling
33931	1789131603518	0	534	admitted	admit=136ms
33946	1789131603533	2	536	admit-ceiling	LIMIT_EXCEEDED: client unresolved admission ceiling
33983	1789131603570	1	526	admit-retried	succeeded after 3 refusals
33983	1789131603570	1	526	admitted	admit=1688ms
33987	1789131603574	1	538	admit-refused	authority refusal LIMIT_EXCEEDED: aggregate admission capacity exhausted
34030	1789131603617	1	262	admit-ceiling	LIMIT_EXCEEDED: client unresolved admission ceiling
34032	1789131603619	1	328	admit-ceiling	LIMIT_EXCEEDED: client unresolved admission ceiling
34042	1789131603630	1	403	admit-ceiling	LIMIT_EXCEEDED: client unresolved admission ceiling
34045	1789131603632	1	550	admit-refused	authority refusal LIMIT_EXCEEDED: aggregate admission capacity exhausted
34051	1789131603638	0	537	admit-refused	authority refusal LIMIT_EXCEEDED: aggregate admission capacity exhausted
34072	1789131603659	0	531	admit-refused	authority refusal LIMIT_EXCEEDED: aggregate admission capacity exhausted
34100	1789131603687	1	103	admit-refused	authority refusal LIMIT_EXCEEDED: aggregate admission capacity exhausted
34107	1789131603694	1	553	admit-refused	authority refusal LIMIT_EXCEEDED: aggregate admission capacity exhausted
34140	1789131603727	2	434	admit-retried	succeeded after 6 refusals
34140	1789131603727	2	434	admitted	admit=8654ms
34173	1789131603760	0	507	admit-refused	authority refusal LIMIT_EXCEEDED: aggregate admission capacity exhausted
34178	1789131603765	0	498	admit-retried	succeeded after 5 refusals
34178	1789131603765	0	498	admitted	admit=4364ms
34179	1789131603766	2	446	admit-ceiling	LIMIT_EXCEEDED: client unresolved admission ceiling
34217	1789131603805	2	515	admit-retried	succeeded after 3 refusals
34217	1789131603805	2	515	admitted	admit=2324ms
34222	1789131603809	1	265	admit-ceiling	LIMIT_EXCEEDED: client unresolved admission ceiling
34242	1789131603829	2	479	admit-ceiling	LIMIT_EXCEEDED: client unresolved admission ceiling
34252	1789131603839	0	537	admit-refused	authority refusal LIMIT_EXCEEDED: aggregate admission capacity exhausted
34263	1789131603850	0	540	admit-refused	authority refusal LIMIT_EXCEEDED: aggregate admission capacity exhausted
34293	1789131603880	2	287	admit-ceiling	LIMIT_EXCEEDED: client unresolved admission ceiling
34302	1789131603889	1	553	admit-refused	authority refusal LIMIT_EXCEEDED: aggregate admission capacity exhausted
34329	1789131603916	0	531	admit-refused	authority refusal LIMIT_EXCEEDED: aggregate admission capacity exhausted
34331	1789131603918	2	548	admitted	admit=113ms
34332	1789131603919	1	115	admit-refused	authority refusal LIMIT_EXCEEDED: aggregate admission capacity exhausted
34363	1789131603950	1	64	admit-refused	authority refusal LIMIT_EXCEEDED: aggregate admission capacity exhausted
34381	1789131603968	2	545	admitted	admit=240ms
34413	1789131604001	2	551	admit-refused	authority refusal LIMIT_EXCEEDED: aggregate admission capacity exhausted
34438	1789131604025	2	539	admitted	admit=765ms
34444	1789131604031	1	550	admit-refused	authority refusal LIMIT_EXCEEDED: aggregate admission capacity exhausted
34482	1789131604069	2	554	admit-refused	authority refusal LIMIT_EXCEEDED: aggregate admission capacity exhausted
34486	1789131604073	2	536	admit-retried	succeeded after 3 refusals
34486	1789131604073	2	536	admitted	admit=891ms
34553	1789131604140	0	540	admit-retried	succeeded after 1 refusals
34553	1789131604140	0	540	admitted	admit=374ms
34574	1789131604161	2	551	admit-refused	authority refusal LIMIT_EXCEEDED: aggregate admission capacity exhausted
34609	1789131604196	2	560	admit-refused	authority refusal LIMIT_EXCEEDED: aggregate admission capacity exhausted
34616	1789131604203	0	537	admit-retried	succeeded after 2 refusals
34616	1789131604203	0	537	admitted	admit=684ms
34617	1789131604204	2	452	admit-ceiling	LIMIT_EXCEEDED: client unresolved admission ceiling
34622	1789131604210	1	553	admit-refused	authority refusal LIMIT_EXCEEDED: aggregate admission capacity exhausted
34638	1789131604226	2	554	admit-refused	authority refusal LIMIT_EXCEEDED: aggregate admission capacity exhausted
34673	1789131604260	0	456	admit-ceiling	LIMIT_EXCEEDED: client unresolved admission ceiling
34677	1789131604264	0	195	admit-ceiling	LIMIT_EXCEEDED: client unresolved admission ceiling
34678	1789131604265	0	474	admit-refused	authority refusal LIMIT_EXCEEDED: aggregate admission capacity exhausted
34684	1789131604271	2	263	admit-refused	authority refusal LIMIT_EXCEEDED: aggregate admission capacity exhausted
34689	1789131604276	0	546	admit-refused	authority refusal LIMIT_EXCEEDED: aggregate admission capacity exhausted
34706	1789131604294	0	543	admit-refused	authority refusal LIMIT_EXCEEDED: aggregate admission capacity exhausted
34708	1789131604295	1	247	admit-refused	authority refusal LIMIT_EXCEEDED: aggregate admission capacity exhausted
34780	1789131604367	2	560	admit-retried	succeeded after 1 refusals
34780	1789131604367	2	560	admitted	admit=293ms
34780	1789131604368	0	465	admit-refused	authority refusal LIMIT_EXCEEDED: aggregate admission capacity exhausted
34808	1789131604395	0	531	admit-refused	authority refusal LIMIT_EXCEEDED: aggregate admission capacity exhausted
34840	1789131604428	2	554	admit-ceiling	LIMIT_EXCEEDED: client unresolved admission ceiling
34853	1789131604440	2	551	admit-refused	authority refusal LIMIT_EXCEEDED: aggregate admission capacity exhausted
34860	1789131604447	0	546	admit-refused	authority refusal LIMIT_EXCEEDED: aggregate admission capacity exhausted
34875	1789131604462	1	538	admit-retried	succeeded after 4 refusals
34875	1789131604462	1	538	admitted	admit=1970ms
34908	1789131604495	2	542	admit-refused	authority refusal LIMIT_EXCEEDED: aggregate admission capacity exhausted
34913	1789131604501	0	543	admit-refused	authority refusal LIMIT_EXCEEDED: aggregate admission capacity exhausted
34959	1789131604547	2	563	admitted	admit=179ms
34971	1789131604558	1	556	admitted	admit=94ms
35047	1789131604634	1	559	admit-refused	authority refusal LIMIT_EXCEEDED: aggregate admission capacity exhausted
35055	1789131604642	2	566	admit-refused	authority refusal LIMIT_EXCEEDED: aggregate admission capacity exhausted
35084	1789131604671	1	553	admit-refused	authority refusal LIMIT_EXCEEDED: aggregate admission capacity exhausted
35105	1789131604693	2	542	admit-retried	succeeded after 1 refusals
35105	1789131604693	2	542	admitted	admit=1389ms
35126	1789131604713	0	546	admit-refused	authority refusal LIMIT_EXCEEDED: aggregate admission capacity exhausted
35197	1789131604784	2	569	admit-refused	authority refusal LIMIT_EXCEEDED: aggregate admission capacity exhausted
35204	1789131604791	0	543	admit-retried	succeeded after 2 refusals
35204	1789131604791	0	543	admitted	admit=650ms
35216	1789131604803	0	477	admit-refused	authority refusal LIMIT_EXCEEDED: aggregate admission capacity exhausted
35263	1789131604850	1	559	admit-retried	succeeded after 1 refusals
35263	1789131604850	1	559	admitted	admit=291ms
35274	1789131604861	2	566	admit-retried	succeeded after 1 refusals
35274	1789131604861	2	566	admitted	admit=314ms
35274	1789131604862	0	549	admit-refused	authority refusal LIMIT_EXCEEDED: aggregate admission capacity exhausted
35314	1789131604901	2	569	admit-ceiling	LIMIT_EXCEEDED: client unresolved admission ceiling
35333	1789131604921	0	390	admit-refused	authority refusal LIMIT_EXCEEDED: aggregate admission capacity exhausted
35365	1789131604952	2	551	admit-refused	authority refusal LIMIT_EXCEEDED: aggregate admission capacity exhausted
35384	1789131604971	1	562	admit-refused	authority refusal LIMIT_EXCEEDED: aggregate admission capacity exhausted
35417	1789131605005	0	528	admitted	admit=1740ms
35420	1789131605007	2	554	admit-retried	succeeded after 3 refusals
35420	1789131605007	2	554	admitted	admit=1039ms
35430	1789131605017	0	549	admit-refused	authority refusal LIMIT_EXCEEDED: aggregate admission capacity exhausted
35508	1789131605095	2	575	admit-refused	authority refusal LIMIT_EXCEEDED: aggregate admission capacity exhausted
35576	1789131605163	1	562	admit-retried	succeeded after 1 refusals
35576	1789131605163	1	562	admitted	admit=312ms
35610	1789131605197	2	575	admit-ceiling	LIMIT_EXCEEDED: client unresolved admission ceiling
35618	1789131605205	0	546	admit-retried	succeeded after 3 refusals
35618	1789131605205	0	546	admitted	admit=1001ms
35661	1789131605249	0	552	admitted	admit=243ms
35682	1789131605269	2	398	admit-retried	succeeded after 7 refusals
35682	1789131605269	2	398	admitted	admit=12897ms
35692	1789131605280	1	565	admitted	admit=116ms
35707	1789131605294	0	555	admit-refused	authority refusal LIMIT_EXCEEDED: aggregate admission capacity exhausted
35808	1789131605395	0	555	admit-ceiling	LIMIT_EXCEEDED: client unresolved admission ceiling
35809	1789131605396	1	568	admitted	admit=116ms
35810	1789131605398	0	549	admit-refused	authority refusal LIMIT_EXCEEDED: aggregate admission capacity exhausted
35826	1789131605413	0	327	admit-refused	authority refusal LIMIT_EXCEEDED: aggregate admission capacity exhausted
35830	1789131605417	2	569	admit-retried	succeeded after 2 refusals
35830	1789131605417	2	569	admitted	admit=724ms
35856	1789131605443	2	581	admit-ceiling	LIMIT_EXCEEDED: client unresolved admission ceiling
35859	1789131605447	2	347	admit-ceiling	LIMIT_EXCEEDED: client unresolved admission ceiling
35883	1789131605470	1	571	admit-refused	authority refusal LIMIT_EXCEEDED: aggregate admission capacity exhausted
35898	1789131605485	1	550	admit-retried	succeeded after 2 refusals
35898	1789131605485	1	550	admitted	admit=2162ms
35920	1789131605507	1	187	admit-refused	authority refusal LIMIT_EXCEEDED: aggregate admission capacity exhausted
35954	1789131605541	0	531	admit-retried	succeeded after 4 refusals
35954	1789131605541	0	531	admitted	admit=2212ms
35959	1789131605546	2	572	admitted	admit=684ms
35965	1789131605553	1	574	admit-refused	authority refusal LIMIT_EXCEEDED: aggregate admission capacity exhausted
35991	1789131605578	0	141	admit-retried	succeeded after 11 refusals
35991	1789131605578	0	141	admitted	admit=32038ms
35991	1789131605578	2	584	admit-ceiling	LIMIT_EXCEEDED: client unresolved admission ceiling
36035	1789131605622	2	575	admit-retried	succeeded after 2 refusals
36035	1789131605622	2	575	admitted	admit=613ms
36040	1789131605628	1	571	admit-refused	authority refusal LIMIT_EXCEEDED: aggregate admission capacity exhausted
36045	1789131605632	0	561	admit-refused	authority refusal LIMIT_EXCEEDED: aggregate admission capacity exhausted
36083	1789131605670	2	581	admit-refused	authority refusal LIMIT_EXCEEDED: aggregate admission capacity exhausted
36111	1789131605698	2	407	admit-ceiling	LIMIT_EXCEEDED: client unresolved admission ceiling
36121	1789131605708	0	564	admitted	admit=130ms
36150	1789131605737	2	584	admit-refused	authority refusal LIMIT_EXCEEDED: aggregate admission capacity exhausted
36157	1789131605744	2	587	admitted	admit=121ms
36167	1789131605755	1	574	admit-retried	succeeded after 1 refusals
36167	1789131605755	1	574	admitted	admit=269ms
36212	1789131605799	0	549	admit-ceiling	LIMIT_EXCEEDED: client unresolved admission ceiling
36242	1789131605829	1	571	admit-ceiling	LIMIT_EXCEEDED: client unresolved admission ceiling
36251	1789131605838	0	567	admit-refused	authority refusal LIMIT_EXCEEDED: aggregate admission capacity exhausted
36263	1789131605850	2	590	admit-refused	authority refusal LIMIT_EXCEEDED: aggregate admission capacity exhausted
36278	1789131605865	2	551	admit-refused	authority refusal LIMIT_EXCEEDED: aggregate admission capacity exhausted
36323	1789131605910	1	487	admit-retried	succeeded after 6 refusals
36323	1789131605910	1	487	admitted	admit=7350ms
36334	1789131605921	1	577	admit-refused	authority refusal LIMIT_EXCEEDED: aggregate admission capacity exhausted
36358	1789131605945	0	555	admit-retried	succeeded after 2 refusals
36358	1789131605945	0	555	admitted	admit=738ms
36364	1789131605951	2	590	admit-ceiling	LIMIT_EXCEEDED: client unresolved admission ceiling
36387	1789131605974	1	580	admit-refused	authority refusal LIMIT_EXCEEDED: aggregate admission capacity exhausted
36415	1789131606002	0	561	admit-refused	authority refusal LIMIT_EXCEEDED: aggregate admission capacity exhausted
36426	1789131606013	0	567	admit-refused	authority refusal LIMIT_EXCEEDED: aggregate admission capacity exhausted
36451	1789131606038	2	581	admit-retried	succeeded after 2 refusals
36451	1789131606038	2	581	admitted	admit=620ms
36464	1789131606051	1	535	admit-refused	authority refusal LIMIT_EXCEEDED: aggregate admission capacity exhausted
36525	1789131606112	1	577	admit-retried	succeeded after 1 refusals
36525	1789131606112	1	577	admitted	admit=357ms
36537	1789131606124	1	580	admit-refused	authority refusal LIMIT_EXCEEDED: aggregate admission capacity exhausted
36550	1789131606137	0	570	admit-refused	authority refusal LIMIT_EXCEEDED: aggregate admission capacity exhausted
36566	1789131606153	2	590	admit-ceiling	LIMIT_EXCEEDED: client unresolved admission ceiling
36583	1789131606170	2	584	admit-refused	authority refusal LIMIT_EXCEEDED: aggregate admission capacity exhausted
36709	1789131606296	2	593	admit-refused	authority refusal LIMIT_EXCEEDED: aggregate admission capacity exhausted
36713	1789131606300	1	571	admit-retried	succeeded after 3 refusals
36713	1789131606300	1	571	admitted	admit=903ms
36715	1789131606303	0	570	admit-refused	authority refusal LIMIT_EXCEEDED: aggregate admission capacity exhausted
36768	1789131606355	0	561	admit-retried	succeeded after 2 refusals
36768	1789131606356	0	561	admitted	admit=814ms
36818	1789131606406	1	553	admit-retried	succeeded after 4 refusals
36818	1789131606406	1	553	admitted	admit=2834ms
36853	1789131606440	0	573	admit-refused	authority refusal LIMIT_EXCEEDED: aggregate admission capacity exhausted
36857	1789131606445	1	580	admit-retried	succeeded after 2 refusals
36857	1789131606445	1	580	admitted	admit=534ms
36860	1789131606448	1	586	admit-refused	authority refusal LIMIT_EXCEEDED: aggregate admission capacity exhausted
36874	1789131606461	0	567	admit-refused	authority refusal LIMIT_EXCEEDED: aggregate admission capacity exhausted
36903	1789131606490	1	589	admit-refused	authority refusal LIMIT_EXCEEDED: aggregate admission capacity exhausted
36916	1789131606503	2	578	admit-refused	authority refusal LIMIT_EXCEEDED: aggregate admission capacity exhausted
36943	1789131606531	2	557	admit-refused	authority refusal LIMIT_EXCEEDED: aggregate admission capacity exhausted
37003	1789131606590	0	573	admit-refused	authority refusal LIMIT_EXCEEDED: aggregate admission capacity exhausted
37008	1789131606595	0	570	admit-retried	succeeded after 2 refusals
37008	1789131606595	0	570	admitted	admit=650ms
37045	1789131606632	2	557	admit-ceiling	LIMIT_EXCEEDED: client unresolved admission ceiling
37049	1789131606636	1	586	admit-refused	authority refusal LIMIT_EXCEEDED: aggregate admission capacity exhausted
37059	1789131606647	1	589	admit-refused	authority refusal LIMIT_EXCEEDED: aggregate admission capacity exhausted
37086	1789131606673	0	558	admit-refused	authority refusal LIMIT_EXCEEDED: aggregate admission capacity exhausted
37098	1789131606685	2	584	admit-refused	authority refusal LIMIT_EXCEEDED: aggregate admission capacity exhausted
37101	1789131606688	0	549	admit-refused	authority refusal LIMIT_EXCEEDED: aggregate admission capacity exhausted
37141	1789131606728	0	576	admit-refused	authority refusal LIMIT_EXCEEDED: aggregate admission capacity exhausted
37172	1789131606759	2	578	admit-retried	succeeded after 1 refusals
37172	1789131606759	2	578	admitted	admit=1489ms
37211	1789131606798	2	593	admit-refused	authority refusal LIMIT_EXCEEDED: aggregate admission capacity exhausted
37266	1789131606853	1	535	admit-ceiling	LIMIT_EXCEEDED: client unresolved admission ceiling
37272	1789131606859	2	596	admit-refused	authority refusal LIMIT_EXCEEDED: aggregate admission capacity exhausted
37290	1789131606877	0	573	admit-refused	authority refusal LIMIT_EXCEEDED: aggregate admission capacity exhausted
37300	1789131606887	1	592	admitted	admit=442ms
37313	1789131606900	0	558	admit-retried	succeeded after 1 refusals
37313	1789131606900	0	558	admitted	admit=1650ms
37351	1789131606938	2	557	admit-refused	authority refusal LIMIT_EXCEEDED: aggregate admission capacity exhausted
37378	1789131606965	0	567	admit-retried	succeeded after 3 refusals
37378	1789131606965	0	567	admitted	admit=1256ms
37415	1789131607002	0	579	admit-refused	authority refusal LIMIT_EXCEEDED: aggregate admission capacity exhausted
37446	1789131607034	0	576	admit-refused	authority refusal LIMIT_EXCEEDED: aggregate admission capacity exhausted
37456	1789131607043	2	596	admit-refused	authority refusal LIMIT_EXCEEDED: aggregate admission capacity exhausted
37648	1789131607235	0	576	admit-ceiling	LIMIT_EXCEEDED: client unresolved admission ceiling
37668	1789131607255	0	579	admit-refused	authority refusal LIMIT_EXCEEDED: aggregate admission capacity exhausted
37680	1789131607267	0	582	admitted	admit=301ms
37688	1789131607276	0	303	admit-refused	authority refusal LIMIT_EXCEEDED: aggregate admission capacity exhausted
37704	1789131607291	2	305	admit-ceiling	LIMIT_EXCEEDED: client unresolved admission ceiling
37716	1789131607303	2	365	admit-ceiling	LIMIT_EXCEEDED: client unresolved admission ceiling
37718	1789131607305	2	479	admit-refused	authority refusal LIMIT_EXCEEDED: aggregate admission capacity exhausted
37746	1789131607333	0	573	admit-refused	authority refusal LIMIT_EXCEEDED: aggregate admission capacity exhausted
37749	1789131607336	2	596	admit-refused	authority refusal LIMIT_EXCEEDED: aggregate admission capacity exhausted
37773	1789131607360	2	593	admit-refused	authority refusal LIMIT_EXCEEDED: aggregate admission capacity exhausted
37799	1789131607387	2	557	admit-refused	authority refusal LIMIT_EXCEEDED: aggregate admission capacity exhausted
37860	1789131607447	0	585	admitted	admit=179ms
37875	1789131607462	0	507	admit-refused	authority refusal LIMIT_EXCEEDED: aggregate admission capacity exhausted
37978	1789131607565	2	584	admit-refused	authority refusal LIMIT_EXCEEDED: aggregate admission capacity exhausted
38001	1789131607588	2	551	admit-refused	authority refusal LIMIT_EXCEEDED: aggregate admission capacity exhausted
38008	1789131607596	0	588	admit-refused	authority refusal LIMIT_EXCEEDED: aggregate admission capacity exhausted
38171	1789131607758	1	583	admitted	admit=1645ms
38206	1789131607793	1	598	admit-ceiling	LIMIT_EXCEEDED: client unresolved admission ceiling
38207	1789131607794	1	52	admit-ceiling	LIMIT_EXCEEDED: client unresolved admission ceiling
38264	1789131607851	0	450	admit-ceiling	LIMIT_EXCEEDED: client unresolved admission ceiling
38265	1789131607852	2	596	admit-retried	succeeded after 3 refusals
38265	1789131607852	2	596	admitted	admit=1092ms
38303	1789131607890	2	593	admit-retried	succeeded after 3 refusals
38303	1789131607890	2	593	admitted	admit=1851ms
38308	1789131607895	1	598	admit-ceiling	LIMIT_EXCEEDED: client unresolved admission ceiling
38321	1789131607908	0	588	admit-refused	authority refusal LIMIT_EXCEEDED: aggregate admission capacity exhausted
38330	1789131607917	0	579	admit-retried	succeeded after 2 refusals
38330	1789131607917	0	579	admitted	admit=1016ms
38349	1789131607936	0	576	admit-refused	authority refusal LIMIT_EXCEEDED: aggregate admission capacity exhausted
38422	1789131608009	0	459	admit-refused	authority refusal LIMIT_EXCEEDED: aggregate admission capacity exhausted
38426	1789131608014	0	474	admit-retried	succeeded after 6 refusals
38426	1789131608014	0	474	admitted	admit=10360ms
38443	1789131608031	0	591	admit-refused	authority refusal LIMIT_EXCEEDED: aggregate admission capacity exhausted
38464	1789131608052	2	602	admitted	admit=161ms
38510	1789131608097	1	598	admit-ceiling	LIMIT_EXCEEDED: client unresolved admission ceiling
38527	1789131608114	2	599	admit-refused	authority refusal LIMIT_EXCEEDED: aggregate admission capacity exhausted
38542	1789131608129	2	605	admit-refused	authority refusal LIMIT_EXCEEDED: aggregate admission capacity exhausted
38581	1789131608168	0	594	admit-refused	authority refusal LIMIT_EXCEEDED: aggregate admission capacity exhausted
38604	1789131608191	0	588	admit-refused	authority refusal LIMIT_EXCEEDED: aggregate admission capacity exhausted
38618	1789131608205	0	573	admit-refused	authority refusal LIMIT_EXCEEDED: aggregate admission capacity exhausted
38643	1789131608230	0	591	admit-refused	authority refusal LIMIT_EXCEEDED: aggregate admission capacity exhausted
38680	1789131608267	1	586	admit-retried	succeeded after 2 refusals
38680	1789131608267	1	586	admitted	admit=1966ms
38743	1789131608330	2	557	admit-retried	succeeded after 4 refusals
38743	1789131608330	2	557	admitted	admit=4305ms
38744	1789131608331	2	599	admit-refused	authority refusal LIMIT_EXCEEDED: aggregate admission capacity exhausted
38761	1789131608348	2	605	admit-refused	authority refusal LIMIT_EXCEEDED: aggregate admission capacity exhausted
38792	1789131608379	1	601	admitted	admit=111ms
38793	1789131608380	0	549	admit-refused	authority refusal LIMIT_EXCEEDED: aggregate admission capacity exhausted
38794	1789131608381	0	594	admit-retried	succeeded after 1 refusals
38794	1789131608381	0	594	admitted	admit=367ms
38832	1789131608419	2	608	admit-refused	authority refusal LIMIT_EXCEEDED: aggregate admission capacity exhausted
38855	1789131608442	1	595	admitted	admit=1555ms
38886	1789131608473	0	597	admit-refused	authority refusal LIMIT_EXCEEDED: aggregate admission capacity exhausted
38917	1789131608504	1	589	admit-retried	succeeded after 2 refusals
38917	1789131608504	1	589	admitted	admit=2098ms
38917	1789131608505	2	83	admit-refused	authority refusal LIMIT_EXCEEDED: aggregate admission capacity exhausted
38934	1789131608521	1	604	admitted	admit=142ms
38977	1789131608565	0	591	admit-retried	succeeded after 2 refusals
38977	1789131608565	0	591	admitted	admit=647ms
39010	1789131608598	1	613	admit-ceiling	LIMIT_EXCEEDED: client unresolved admission ceiling
39048	1789131608635	2	590	admit-refused	authority refusal LIMIT_EXCEEDED: aggregate admission capacity exhausted
39056	1789131608643	1	607	admitted	admit=200ms
39057	1789131608644	1	262	admit-ceiling	LIMIT_EXCEEDED: client unresolved admission ceiling
39057	1789131608644	1	328	admit-ceiling	LIMIT_EXCEEDED: client unresolved admission ceiling
39058	1789131608645	1	403	admit-ceiling	LIMIT_EXCEEDED: client unresolved admission ceiling
39118	1789131608706	2	599	admit-refused	authority refusal LIMIT_EXCEEDED: aggregate admission capacity exhausted
39123	1789131608710	1	598	admit-retried	succeeded after 3 refusals
39123	1789131608710	1	598	admitted	admit=951ms
39124	1789131608711	1	103	admit-ceiling	LIMIT_EXCEEDED: client unresolved admission ceiling
39124	1789131608711	1	613	admit-ceiling	LIMIT_EXCEEDED: client unresolved admission ceiling
39141	1789131608728	2	608	admit-refused	authority refusal LIMIT_EXCEEDED: aggregate admission capacity exhausted
39152	1789131608739	2	605	admit-retried	succeeded after 2 refusals
39152	1789131608739	2	605	admitted	admit=687ms
39181	1789131608768	0	588	admit-refused	authority refusal LIMIT_EXCEEDED: aggregate admission capacity exhausted
39186	1789131608773	1	535	admit-retried	succeeded after 5 refusals
39186	1789131608773	1	535	admitted	admit=6432ms
39192	1789131608779	0	600	admitted	admit=213ms
39229	1789131608816	1	616	admitted	admit=172ms
39267	1789131608854	1	622	admit-ceiling	LIMIT_EXCEEDED: client unresolved admission ceiling
39290	1789131608877	0	576	admit-refused	authority refusal LIMIT_EXCEEDED: aggregate admission capacity exhausted
39291	1789131608878	2	611	admit-refused	authority refusal LIMIT_EXCEEDED: aggregate admission capacity exhausted
39317	1789131608904	0	597	admit-refused	authority refusal LIMIT_EXCEEDED: aggregate admission capacity exhausted
39328	1789131608915	1	265	admit-refused	authority refusal LIMIT_EXCEEDED: aggregate admission capacity exhausted
39333	1789131608920	1	619	admitted	admit=209ms
39334	1789131608921	1	115	admit-ceiling	LIMIT_EXCEEDED: client unresolved admission ceiling
39342	1789131608929	0	603	admit-refused	authority refusal LIMIT_EXCEEDED: aggregate admission capacity exhausted
39349	1789131608936	1	628	admit-ceiling	LIMIT_EXCEEDED: client unresolved admission ceiling
39365	1789131608952	1	64	admit-ceiling	LIMIT_EXCEEDED: client unresolved admission ceiling
39368	1789131608955	1	622	admit-ceiling	LIMIT_EXCEEDED: client unresolved admission ceiling
39398	1789131608985	2	608	admit-refused	authority refusal LIMIT_EXCEEDED: aggregate admission capacity exhausted
39404	1789131608991	2	287	admit-retried	succeeded after 9 refusals
39404	1789131608991	2	287	admitted	admit=24908ms
39419	1789131609006	1	613	admit-refused	authority refusal LIMIT_EXCEEDED: aggregate admission capacity exhausted
39491	1789131609078	1	625	admit-refused	authority refusal LIMIT_EXCEEDED: aggregate admission capacity exhausted
39534	1789131609121	1	628	admit-refused	authority refusal LIMIT_EXCEEDED: aggregate admission capacity exhausted
39550	1789131609137	2	611	admit-refused	authority refusal LIMIT_EXCEEDED: aggregate admission capacity exhausted
39550	1789131609137	1	61	admit-refused	authority refusal LIMIT_EXCEEDED: aggregate admission capacity exhausted
39579	1789131609166	2	599	admit-refused	authority refusal LIMIT_EXCEEDED: aggregate admission capacity exhausted
39630	1789131609217	0	597	admit-refused	authority refusal LIMIT_EXCEEDED: aggregate admission capacity exhausted
39636	1789131609223	1	622	admit-refused	authority refusal LIMIT_EXCEEDED: aggregate admission capacity exhausted
39653	1789131609240	2	584	admit-refused	authority refusal LIMIT_EXCEEDED: aggregate admission capacity exhausted
39659	1789131609247	1	625	admit-refused	authority refusal LIMIT_EXCEEDED: aggregate admission capacity exhausted
39669	1789131609256	2	452	admit-refused	authority refusal LIMIT_EXCEEDED: aggregate admission capacity exhausted
39720	1789131609308	2	614	admit-refused	authority refusal LIMIT_EXCEEDED: aggregate admission capacity exhausted
39781	1789131609368	0	195	admit-refused	authority refusal LIMIT_EXCEEDED: aggregate admission capacity exhausted
39822	1789131609409	2	614	admit-ceiling	LIMIT_EXCEEDED: client unresolved admission ceiling
39850	1789131609438	2	590	admit-ceiling	LIMIT_EXCEEDED: client unresolved admission ceiling
39861	1789131609448	1	625	admit-ceiling	LIMIT_EXCEEDED: client unresolved admission ceiling
39871	1789131609458	0	456	admit-refused	authority refusal LIMIT_EXCEEDED: aggregate admission capacity exhausted
39889	1789131609476	0	465	admit-refused	authority refusal LIMIT_EXCEEDED: aggregate admission capacity exhausted
39891	1789131609478	2	608	admit-retried	succeeded after 3 refusals
39891	1789131609478	2	608	admitted	admit=1147ms
39892	1789131609479	2	446	admit-refused	authority refusal LIMIT_EXCEEDED: aggregate admission capacity exhausted
39912	1789131609500	2	611	admit-refused	authority refusal LIMIT_EXCEEDED: aggregate admission capacity exhausted
39917	1789131609504	1	613	admit-retried	succeeded after 3 refusals
39917	1789131609504	1	613	admitted	admit=982ms
39926	1789131609513	1	628	admit-refused	authority refusal LIMIT_EXCEEDED: aggregate admission capacity exhausted
39993	1789131609580	2	617	admitted	admit=101ms
39995	1789131609582	1	631	admit-refused	authority refusal LIMIT_EXCEEDED: aggregate admission capacity exhausted
40055	1789131609642	0	588	admit-refused	authority refusal LIMIT_EXCEEDED: aggregate admission capacity exhausted
40086	1789131609674	0	597	admit-refused	authority refusal LIMIT_EXCEEDED: aggregate admission capacity exhausted
40099	1789131609686	2	263	admit-refused	authority refusal LIMIT_EXCEEDED: aggregate admission capacity exhausted
40125	1789131609712	2	614	admit-refused	authority refusal LIMIT_EXCEEDED: aggregate admission capacity exhausted
40137	1789131609724	1	622	admit-retried	succeeded after 3 refusals
40137	1789131609724	1	622	admitted	admit=907ms
40146	1789131609733	1	631	admit-refused	authority refusal LIMIT_EXCEEDED: aggregate admission capacity exhausted
40146	1789131609733	2	620	admit-refused	authority refusal LIMIT_EXCEEDED: aggregate admission capacity exhausted
40188	1789131609775	1	247	admit-refused	authority refusal LIMIT_EXCEEDED: aggregate admission capacity exhausted
40286	1789131609873	1	634	admitted	admit=148ms
40292	1789131609879	1	610	admit-refused	authority refusal LIMIT_EXCEEDED: aggregate admission capacity exhausted
40338	1789131609925	0	573	admit-retried	succeeded after 5 refusals
40338	1789131609925	0	573	admitted	admit=3568ms
40365	1789131609952	2	611	admit-refused	authority refusal LIMIT_EXCEEDED: aggregate admission capacity exhausted
40381	1789131609968	2	620	admit-retried	succeeded after 1 refusals
40381	1789131609968	2	620	admitted	admit=387ms
40393	1789131609980	1	610	admit-ceiling	LIMIT_EXCEEDED: client unresolved admission ceiling
40414	1789131610001	1	625	admit-refused	authority refusal LIMIT_EXCEEDED: aggregate admission capacity exhausted
40433	1789131610020	1	637	admit-refused	authority refusal LIMIT_EXCEEDED: aggregate admission capacity exhausted
40446	1789131610033	1	631	admit-refused	authority refusal LIMIT_EXCEEDED: aggregate admission capacity exhausted
40482	1789131610070	2	623	admit-refused	authority refusal LIMIT_EXCEEDED: aggregate admission capacity exhausted
40492	1789131610079	1	628	admit-refused	authority refusal LIMIT_EXCEEDED: aggregate admission capacity exhausted
40507	1789131610095	0	606	admitted	admit=169ms
40551	1789131610138	2	599	admit-retried	succeeded after 4 refusals
40551	1789131610138	2	599	admitted	admit=2285ms
40555	1789131610142	0	390	admit-refused	authority refusal LIMIT_EXCEEDED: aggregate admission capacity exhausted
40582	1789131610169	2	614	admit-refused	authority refusal LIMIT_EXCEEDED: aggregate admission capacity exhausted
40587	1789131610174	0	609	admit-refused	authority refusal LIMIT_EXCEEDED: aggregate admission capacity exhausted
40601	1789131610188	1	637	admit-refused	authority refusal LIMIT_EXCEEDED: aggregate admission capacity exhausted
40673	1789131610260	2	626	admit-refused	authority refusal LIMIT_EXCEEDED: aggregate admission capacity exhausted
40708	1789131610295	1	610	admit-refused	authority refusal LIMIT_EXCEEDED: aggregate admission capacity exhausted
40733	1789131610321	2	623	admit-retried	succeeded after 1 refusals
40733	1789131610321	2	623	admitted	admit=352ms
40785	1789131610372	0	609	admit-retried	succeeded after 1 refusals
40785	1789131610372	0	609	admitted	admit=277ms
40806	1789131610393	2	629	admit-refused	authority refusal LIMIT_EXCEEDED: aggregate admission capacity exhausted
40888	1789131610475	0	612	admitted	admit=102ms
40894	1789131610481	0	327	admit-refused	authority refusal LIMIT_EXCEEDED: aggregate admission capacity exhausted
40905	1789131610492	1	637	admit-refused	authority refusal LIMIT_EXCEEDED: aggregate admission capacity exhausted
40922	1789131610509	2	347	admit-refused	authority refusal LIMIT_EXCEEDED: aggregate admission capacity exhausted
40927	1789131610514	0	576	admit-ceiling	LIMIT_EXCEEDED: client unresolved admission ceiling
40932	1789131610519	2	626	admit-retried	succeeded after 1 refusals
40932	1789131610519	2	626	admitted	admit=380ms
40980	1789131610567	0	597	admit-refused	authority refusal LIMIT_EXCEEDED: aggregate admission capacity exhausted
41005	1789131610592	0	615	admit-refused	authority refusal LIMIT_EXCEEDED: aggregate admission capacity exhausted
41021	1789131610608	0	477	admit-refused	authority refusal LIMIT_EXCEEDED: aggregate admission capacity exhausted
41054	1789131610641	2	632	admitted	admit=121ms
41068	1789131610655	1	187	admit-retried	succeeded after 11 refusals
41068	1789131610655	1	187	admitted	admit=34015ms
41107	1789131610694	0	603	admit-retried	succeeded after 1 refusals
41107	1789131610694	0	603	admitted	admit=1915ms
41112	1789131610700	2	629	admit-retried	succeeded after 1 refusals
41112	1789131610700	2	629	admitted	admit=378ms
41202	1789131610789	2	551	admit-ceiling	LIMIT_EXCEEDED: client unresolved admission ceiling
41214	1789131610801	0	618	admit-refused	authority refusal LIMIT_EXCEEDED: aggregate admission capacity exhausted
41231	1789131610818	2	638	admit-refused	authority refusal LIMIT_EXCEEDED: aggregate admission capacity exhausted
41297	1789131610884	1	625	admit-retried	succeeded after 4 refusals
41297	1789131610884	1	625	admitted	admit=2067ms
41328	1789131610915	1	643	admit-ceiling	LIMIT_EXCEEDED: client unresolved admission ceiling
41329	1789131610916	1	637	admit-ceiling	LIMIT_EXCEEDED: client unresolved admission ceiling
41346	1789131610933	0	615	admit-refused	authority refusal LIMIT_EXCEEDED: aggregate admission capacity exhausted
41360	1789131610947	2	611	admit-retried	succeeded after 4 refusals
41360	1789131610947	2	611	admitted	admit=2207ms
41377	1789131610964	2	407	admit-refused	authority refusal LIMIT_EXCEEDED: aggregate admission capacity exhausted
41410	1789131610997	0	618	admit-refused	authority refusal LIMIT_EXCEEDED: aggregate admission capacity exhausted
41426	1789131611013	1	640	admitted	admit=357ms
41453	1789131611040	2	590	admit-ceiling	LIMIT_EXCEEDED: client unresolved admission ceiling
41458	1789131611046	1	628	admit-retried	succeeded after 4 refusals
41458	1789131611046	1	628	admitted	admit=2125ms
41473	1789131611061	2	614	admit-refused	authority refusal LIMIT_EXCEEDED: aggregate admission capacity exhausted
41477	1789131611064	2	638	admit-retried	succeeded after 1 refusals
41477	1789131611064	2	638	admitted	admit=364ms
41478	1789131611065	1	610	admit-refused	authority refusal LIMIT_EXCEEDED: aggregate admission capacity exhausted
41490	1789131611077	2	641	admit-refused	authority refusal LIMIT_EXCEEDED: aggregate admission capacity exhausted
41604	1789131611191	1	649	admitted	admit=144ms
41610	1789131611197	2	644	admit-refused	authority refusal LIMIT_EXCEEDED: aggregate admission capacity exhausted
41617	1789131611205	1	643	admit-retried	succeeded after 1 refusals
41617	1789131611205	1	643	admitted	admit=320ms
41660	1789131611247	0	615	admit-retried	succeeded after 2 refusals
41660	1789131611247	0	615	admitted	admit=772ms
41745	1789131611332	0	618	admit-refused	authority refusal LIMIT_EXCEEDED: aggregate admission capacity exhausted
41746	1789131611334	1	655	admit-refused	authority refusal LIMIT_EXCEEDED: aggregate admission capacity exhausted
41760	1789131611347	0	621	admit-refused	authority refusal LIMIT_EXCEEDED: aggregate admission capacity exhausted
41770	1789131611357	2	641	admit-retried	succeeded after 1 refusals
41770	1789131611357	2	641	admitted	admit=409ms
41774	1789131611361	2	644	admit-refused	authority refusal LIMIT_EXCEEDED: aggregate admission capacity exhausted
41821	1789131611408	0	588	admit-refused	authority refusal LIMIT_EXCEEDED: aggregate admission capacity exhausted
41873	1789131611460	2	647	admit-refused	authority refusal LIMIT_EXCEEDED: aggregate admission capacity exhausted
41899	1789131611486	1	652	admitted	admit=294ms
41900	1789131611487	0	621	admit-refused	authority refusal LIMIT_EXCEEDED: aggregate admission capacity exhausted
41966	1789131611554	1	631	admit-retried	succeeded after 3 refusals
41966	1789131611554	1	631	admitted	admit=2049ms
41977	1789131611564	1	655	admit-refused	authority refusal LIMIT_EXCEEDED: aggregate admission capacity exhausted
42045	1789131611632	1	661	admit-refused	authority refusal LIMIT_EXCEEDED: aggregate admission capacity exhausted
42048	1789131611635	2	647	admit-refused	authority refusal LIMIT_EXCEEDED: aggregate admission capacity exhausted
42060	1789131611647	2	644	admit-refused	authority refusal LIMIT_EXCEEDED: aggregate admission capacity exhausted
42077	1789131611664	2	635	admit-refused	authority refusal LIMIT_EXCEEDED: aggregate admission capacity exhausted
42088	1789131611675	0	549	admit-retried	succeeded after 6 refusals
42088	1789131611675	0	549	admitted	admit=6882ms
42104	1789131611691	1	658	admit-refused	authority refusal LIMIT_EXCEEDED: aggregate admission capacity exhausted
42206	1789131611793	0	624	admit-refused	authority refusal LIMIT_EXCEEDED: aggregate admission capacity exhausted
42206	1789131611793	1	658	admit-ceiling	LIMIT_EXCEEDED: client unresolved admission ceiling
42229	1789131611816	1	661	admit-refused	authority refusal LIMIT_EXCEEDED: aggregate admission capacity exhausted
42236	1789131611823	1	637	admit-retried	succeeded after 4 refusals
42236	1789131611823	1	637	admitted	admit=1950ms
42249	1789131611836	1	655	admit-refused	authority refusal LIMIT_EXCEEDED: aggregate admission capacity exhausted
42307	1789131611894	2	647	admit-refused	authority refusal LIMIT_EXCEEDED: aggregate admission capacity exhausted
42308	1789131611895	2	635	admit-retried	succeeded after 1 refusals
42308	1789131611895	2	635	admitted	admit=1254ms
42370	1789131611957	1	664	admit-refused	authority refusal LIMIT_EXCEEDED: aggregate admission capacity exhausted
42387	1789131611974	1	610	admit-refused	authority refusal LIMIT_EXCEEDED: aggregate admission capacity exhausted
42395	1789131611983	0	621	admit-retried	succeeded after 2 refusals
42395	1789131611983	0	621	admitted	admit=734ms
42504	1789131612092	2	650	admit-refused	authority refusal LIMIT_EXCEEDED: aggregate admission capacity exhausted
42549	1789131612137	1	658	admit-refused	authority refusal LIMIT_EXCEEDED: aggregate admission capacity exhausted
42583	1789131612170	1	661	admit-refused	authority refusal LIMIT_EXCEEDED: aggregate admission capacity exhausted
42602	1789131612190	0	627	admit-refused	authority refusal LIMIT_EXCEEDED: aggregate admission capacity exhausted
42626	1789131612213	0	624	admit-refused	authority refusal LIMIT_EXCEEDED: aggregate admission capacity exhausted
42632	1789131612220	1	664	admit-refused	authority refusal LIMIT_EXCEEDED: aggregate admission capacity exhausted
42719	1789131612306	2	365	admit-ceiling	LIMIT_EXCEEDED: client unresolved admission ceiling
42720	1789131612308	2	479	admit-ceiling	LIMIT_EXCEEDED: client unresolved admission ceiling
42786	1789131612373	2	647	admit-refused	authority refusal LIMIT_EXCEEDED: aggregate admission capacity exhausted
42791	1789131612378	2	644	admit-retried	succeeded after 3 refusals
42791	1789131612378	0	618	admit-retried	succeeded after 3 refusals
42791	1789131612378	2	644	admitted	admit=1313ms
42791	1789131612378	0	618	admitted	admit=1683ms
42804	1789131612391	2	305	admit-refused	authority refusal LIMIT_EXCEEDED: aggregate admission capacity exhausted
42827	1789131612414	0	624	admit-ceiling	LIMIT_EXCEEDED: client unresolved admission ceiling
42878	1789131612465	0	507	admit-ceiling	LIMIT_EXCEEDED: client unresolved admission ceiling
42906	1789131612494	2	584	admit-refused	authority refusal LIMIT_EXCEEDED: aggregate admission capacity exhausted
42908	1789131612495	2	653	admitted	admit=116ms
42946	1789131612533	1	664	admit-retried	succeeded after 2 refusals
42946	1789131612533	1	664	admitted	admit=709ms
42984	1789131612572	1	661	admit-ceiling	LIMIT_EXCEEDED: client unresolved admission ceiling
43005	1789131612593	2	656	admit-refused	authority refusal LIMIT_EXCEEDED: aggregate admission capacity exhausted
43017	1789131612604	1	646	admitted	admit=1590ms
43080	1789131612667	1	667	admit-refused	authority refusal LIMIT_EXCEEDED: aggregate admission capacity exhausted
43095	1789131612682	1	658	admit-refused	authority refusal LIMIT_EXCEEDED: aggregate admission capacity exhausted
43099	1789131612686	0	597	admit-retried	succeeded after 5 refusals
43099	1789131612686	0	597	admitted	admit=4304ms
43115	1789131612702	1	670	admit-refused	authority refusal LIMIT_EXCEEDED: aggregate admission capacity exhausted
43165	1789131612752	0	627	admit-retried	succeeded after 1 refusals
43165	1789131612752	0	627	admitted	admit=768ms
43233	1789131612820	0	633	admitted	admit=134ms
43248	1789131612835	0	636	admit-refused	authority refusal LIMIT_EXCEEDED: aggregate admission capacity exhausted
43262	1789131612849	0	630	admit-refused	authority refusal LIMIT_EXCEEDED: aggregate admission capacity exhausted
43268	1789131612855	2	650	admit-retried	succeeded after 1 refusals
43268	1789131612855	2	650	admitted	admit=959ms
43313	1789131612900	1	52	admit-refused	authority refusal LIMIT_EXCEEDED: aggregate admission capacity exhausted
43327	1789131612914	1	667	admit-retried	succeeded after 1 refusals
43327	1789131612914	1	667	admitted	admit=381ms
43342	1789131612929	2	614	admit-refused	authority refusal LIMIT_EXCEEDED: aggregate admission capacity exhausted
43345	1789131612932	0	624	admit-refused	authority refusal LIMIT_EXCEEDED: aggregate admission capacity exhausted
43358	1789131612945	2	659	admit-refused	authority refusal LIMIT_EXCEEDED: aggregate admission capacity exhausted
43364	1789131612951	0	630	admit-ceiling	LIMIT_EXCEEDED: client unresolved admission ceiling
43387	1789131612974	0	639	admit-refused	authority refusal LIMIT_EXCEEDED: aggregate admission capacity exhausted
43399	1789131612986	1	670	admit-retried	succeeded after 1 refusals
43399	1789131612986	1	670	admitted	admit=381ms
43410	1789131612998	1	673	admit-refused	authority refusal LIMIT_EXCEEDED: aggregate admission capacity exhausted
43421	1789131613008	1	655	admit-refused	authority refusal LIMIT_EXCEEDED: aggregate admission capacity exhausted
43439	1789131613026	0	636	admit-retried	succeeded after 1 refusals
43439	1789131613026	0	636	admitted	admit=273ms
43444	1789131613031	0	450	admit-refused	authority refusal LIMIT_EXCEEDED: aggregate admission capacity exhausted
43498	1789131613085	0	303	admit-refused	authority refusal LIMIT_EXCEEDED: aggregate admission capacity exhausted
43543	1789131613130	0	639	admit-refused	authority refusal LIMIT_EXCEEDED: aggregate admission capacity exhausted
43564	1789131613151	0	459	admit-refused	authority refusal LIMIT_EXCEEDED: aggregate admission capacity exhausted
43590	1789131613177	0	642	admit-refused	authority refusal LIMIT_EXCEEDED: aggregate admission capacity exhausted
43621	1789131613208	2	659	admit-refused	authority refusal LIMIT_EXCEEDED: aggregate admission capacity exhausted
43631	1789131613218	0	630	admit-refused	authority refusal LIMIT_EXCEEDED: aggregate admission capacity exhausted
43636	1789131613223	2	647	admit-refused	authority refusal LIMIT_EXCEEDED: aggregate admission capacity exhausted
43762	1789131613349	0	642	admit-refused	authority refusal LIMIT_EXCEEDED: aggregate admission capacity exhausted
43798	1789131613385	1	673	admit-retried	succeeded after 1 refusals
43798	1789131613385	1	673	admitted	admit=470ms
43858	1789131613445	0	639	admit-retried	succeeded after 2 refusals
43858	1789131613445	0	639	admitted	admit=624ms
43910	1789131613497	1	661	admit-retried	succeeded after 4 refusals
43910	1789131613497	1	661	admitted	admit=1943ms
43938	1789131613525	2	659	admit-retried	succeeded after 2 refusals
43938	1789131613525	2	659	admitted	admit=669ms
43999	1789131613586	1	658	admit-retried	succeeded after 4 refusals
43999	1789131613586	1	658	admitted	admit=2099ms
44028	1789131613615	1	685	admit-ceiling	LIMIT_EXCEEDED: client unresolved admission ceiling
44043	1789131613630	2	83	admit-retried	succeeded after 13 refusals
44043	1789131613630	2	83	admitted	admit=42290ms
44060	1789131613647	1	403	admit-ceiling	LIMIT_EXCEEDED: client unresolved admission ceiling
44060	1789131613647	1	262	admit-ceiling	LIMIT_EXCEEDED: client unresolved admission ceiling
44060	1789131613647	1	328	admit-ceiling	LIMIT_EXCEEDED: client unresolved admission ceiling
44076	1789131613663	2	662	admitted	admit=137ms
44076	1789131613663	2	656	admit-refused	authority refusal LIMIT_EXCEEDED: aggregate admission capacity exhausted
44085	1789131613673	0	630	admit-refused	authority refusal LIMIT_EXCEEDED: aggregate admission capacity exhausted
44094	1789131613681	0	645	admit-refused	authority refusal LIMIT_EXCEEDED: aggregate admission capacity exhausted
44099	1789131613686	0	642	admit-retried	succeeded after 2 refusals
44099	1789131613686	0	642	admitted	admit=659ms
44161	1789131613749	1	610	admit-retried	succeeded after 5 refusals
44161	1789131613749	1	610	admitted	admit=5227ms
44163	1789131613750	1	685	admit-ceiling	LIMIT_EXCEEDED: client unresolved admission ceiling
44191	1789131613778	1	688	admit-ceiling	LIMIT_EXCEEDED: client unresolved admission ceiling
44219	1789131613806	2	668	admit-refused	authority refusal LIMIT_EXCEEDED: aggregate admission capacity exhausted
44221	1789131613809	2	665	admitted	admit=144ms
44247	1789131613834	0	648	admit-refused	authority refusal LIMIT_EXCEEDED: aggregate admission capacity exhausted
44248	1789131613835	1	103	admit-retried	succeeded after 13 refusals
44248	1789131613835	1	103	admitted	admit=42006ms
44276	1789131613863	1	691	admit-ceiling	LIMIT_EXCEEDED: client unresolved admission ceiling
44292	1789131613880	1	688	admit-ceiling	LIMIT_EXCEEDED: client unresolved admission ceiling
44316	1789131613903	0	645	admit-retried	succeeded after 1 refusals
44316	1789131613903	0	645	admitted	admit=457ms
44331	1789131613918	1	265	admit-ceiling	LIMIT_EXCEEDED: client unresolved admission ceiling
44336	1789131613923	1	115	admit-ceiling	LIMIT_EXCEEDED: client unresolved admission ceiling
44366	1789131613953	1	685	admit-ceiling	LIMIT_EXCEEDED: client unresolved admission ceiling
44366	1789131613953	1	64	admit-ceiling	LIMIT_EXCEEDED: client unresolved admission ceiling
44377	1789131613965	1	691	admit-ceiling	LIMIT_EXCEEDED: client unresolved admission ceiling
44418	1789131614005	0	651	admit-refused	authority refusal LIMIT_EXCEEDED: aggregate admission capacity exhausted
44452	1789131614039	2	668	admit-retried	succeeded after 1 refusals
44452	1789131614039	2	668	admitted	admit=375ms
44470	1789131614057	1	655	admit-retried	succeeded after 4 refusals
44470	1789131614057	1	655	admitted	admit=2852ms
44475	1789131614062	2	656	admit-refused	authority refusal LIMIT_EXCEEDED: aggregate admission capacity exhausted
44491	1789131614078	0	648	admit-retried	succeeded after 1 refusals
44491	1789131614078	0	648	admitted	admit=392ms
44497	1789131614084	1	688	admit-ceiling	LIMIT_EXCEEDED: client unresolved admission ceiling
44552	1789131614140	1	61	admit-ceiling	LIMIT_EXCEEDED: client unresolved admission ceiling
44579	1789131614167	1	691	admit-ceiling	LIMIT_EXCEEDED: client unresolved admission ceiling
44597	1789131614184	2	674	admit-refused	authority refusal LIMIT_EXCEEDED: aggregate admission capacity exhausted
44723	1789131614311	1	676	admitted	admit=1323ms
44752	1789131614339	0	651	admit-retried	succeeded after 1 refusals
44752	1789131614339	0	651	admitted	admit=435ms
44756	1789131614343	2	590	admit-refused	authority refusal LIMIT_EXCEEDED: aggregate admission capacity exhausted
44768	1789131614355	1	685	admit-ceiling	LIMIT_EXCEEDED: client unresolved admission ceiling
44781	1789131614368	0	624	admit-refused	authority refusal LIMIT_EXCEEDED: aggregate admission capacity exhausted
44788	1789131614375	2	452	admit-refused	authority refusal LIMIT_EXCEEDED: aggregate admission capacity exhausted
44808	1789131614395	2	674	admit-refused	authority refusal LIMIT_EXCEEDED: aggregate admission capacity exhausted
44818	1789131614405	0	654	admitted	admit=326ms
44841	1789131614428	2	671	admit-refused	authority refusal LIMIT_EXCEEDED: aggregate admission capacity exhausted
44860	1789131614447	0	657	admit-refused	authority refusal LIMIT_EXCEEDED: aggregate admission capacity exhausted
44887	1789131614474	0	630	admit-ceiling	LIMIT_EXCEEDED: client unresolved admission ceiling
44889	1789131614476	0	660	admit-refused	authority refusal LIMIT_EXCEEDED: aggregate admission capacity exhausted
44896	1789131614483	1	697	admitted	admit=172ms
44929	1789131614516	1	688	admit-ceiling	LIMIT_EXCEEDED: client unresolved admission ceiling
44961	1789131614548	0	657	admit-ceiling	LIMIT_EXCEEDED: client unresolved admission ceiling
44981	1789131614568	1	691	admit-ceiling	LIMIT_EXCEEDED: client unresolved admission ceiling
44990	1789131614577	0	465	admit-refused	authority refusal LIMIT_EXCEEDED: aggregate admission capacity exhausted
45011	1789131614599	0	456	admit-refused	authority refusal LIMIT_EXCEEDED: aggregate admission capacity exhausted
45037	1789131614624	1	700	admitted	admit=140ms
45060	1789131614647	2	671	admit-retried	succeeded after 1 refusals
45060	1789131614647	2	671	admitted	admit=838ms
45104	1789131614691	0	660	admit-refused	authority refusal LIMIT_EXCEEDED: aggregate admission capacity exhausted
45112	1789131614699	2	446	admit-retried	succeeded after 8 refusals
45112	1789131614699	2	446	admitted	admit=18401ms
45122	1789131614709	0	588	admit-refused	authority refusal LIMIT_EXCEEDED: aggregate admission capacity exhausted
45141	1789131614728	2	674	admit-retried	succeeded after 2 refusals
45141	1789131614728	2	674	admitted	admit=688ms
45156	1789131614743	2	677	admit-refused	authority refusal LIMIT_EXCEEDED: aggregate admission capacity exhausted
45183	1789131614771	2	656	admit-refused	authority refusal LIMIT_EXCEEDED: aggregate admission capacity exhausted
45191	1789131614778	1	247	admit-ceiling	LIMIT_EXCEEDED: client unresolved admission ceiling
45230	1789131614817	2	683	admit-refused	authority refusal LIMIT_EXCEEDED: aggregate admission capacity exhausted
45239	1789131614826	1	679	admitted	admit=1439ms
45248	1789131614835	0	576	admit-refused	authority refusal LIMIT_EXCEEDED: aggregate admission capacity exhausted
45292	1789131614880	2	647	admit-refused	authority refusal LIMIT_EXCEEDED: aggregate admission capacity exhausted
45304	1789131614891	0	195	admit-refused	authority refusal LIMIT_EXCEEDED: aggregate admission capacity exhausted
45324	1789131614911	2	263	admit-refused	authority refusal LIMIT_EXCEEDED: aggregate admission capacity exhausted
45346	1789131614933	0	657	admit-refused	authority refusal LIMIT_EXCEEDED: aggregate admission capacity exhausted
45365	1789131614952	1	706	admit-refused	authority refusal LIMIT_EXCEEDED: aggregate admission capacity exhausted
45373	1789131614960	2	677	admit-refused	authority refusal LIMIT_EXCEEDED: aggregate admission capacity exhausted
45420	1789131615007	1	682	admit-refused	authority refusal LIMIT_EXCEEDED: aggregate admission capacity exhausted
45445	1789131615033	1	703	admit-refused	authority refusal LIMIT_EXCEEDED: aggregate admission capacity exhausted
45504	1789131615091	1	694	admit-refused	authority refusal LIMIT_EXCEEDED: aggregate admission capacity exhausted
45526	1789131615113	1	706	admit-refused	authority refusal LIMIT_EXCEEDED: aggregate admission capacity exhausted
45623	1789131615211	1	682	admit-refused	authority refusal LIMIT_EXCEEDED: aggregate admission capacity exhausted
45649	1789131615236	2	680	admitted	admit=536ms
45685	1789131615273	0	390	admit-retried	succeeded after 9 refusals
45685	1789131615273	0	390	admitted	admit=22849ms
45731	1789131615318	1	688	admit-ceiling	LIMIT_EXCEEDED: client unresolved admission ceiling
45782	1789131615369	1	691	admit-ceiling	LIMIT_EXCEEDED: client unresolved admission ceiling
45791	1789131615378	0	663	admitted	admit=105ms
45793	1789131615380	2	686	admitted	admit=143ms
45825	1789131615412	1	682	admit-ceiling	LIMIT_EXCEEDED: client unresolved admission ceiling
45928	1789131615515	0	666	admitted	admit=136ms
45932	1789131615519	0	657	admit-refused	authority refusal LIMIT_EXCEEDED: aggregate admission capacity exhausted
45936	1789131615523	2	689	admitted	admit=143ms
45950	1789131615538	0	327	admit-refused	authority refusal LIMIT_EXCEEDED: aggregate admission capacity exhausted
45975	1789131615562	1	694	admit-retried	succeeded after 1 refusals
45975	1789131615562	1	694	admitted	admit=1503ms
45985	1789131615572	2	656	admit-ceiling	LIMIT_EXCEEDED: client unresolved admission ceiling
46060	1789131615647	1	706	admit-retried	succeeded after 2 refusals
46060	1789131615647	1	706	admitted	admit=820ms
46062	1789131615649	1	709	admit-refused	authority refusal LIMIT_EXCEEDED: aggregate admission capacity exhausted
46062	1789131615649	0	669	admit-refused	authority refusal LIMIT_EXCEEDED: aggregate admission capacity exhausted
46097	1789131615684	2	347	admit-refused	authority refusal LIMIT_EXCEEDED: aggregate admission capacity exhausted
46098	1789131615685	2	692	admitted	admit=161ms
46099	1789131615686	1	685	admit-refused	authority refusal LIMIT_EXCEEDED: aggregate admission capacity exhausted
46116	1789131615703	1	703	admit-refused	authority refusal LIMIT_EXCEEDED: aggregate admission capacity exhausted
46137	1789131615724	1	712	admit-refused	authority refusal LIMIT_EXCEEDED: aggregate admission capacity exhausted
46195	1789131615782	0	477	admit-retried	succeeded after 8 refusals
46195	1789131615782	0	477	admitted	admit=17851ms
46238	1789131615825	1	709	admit-refused	authority refusal LIMIT_EXCEEDED: aggregate admission capacity exhausted
46248	1789131615835	0	660	admit-retried	succeeded after 2 refusals
46248	1789131615835	0	660	admitted	admit=1430ms
46252	1789131615839	0	669	admit-refused	authority refusal LIMIT_EXCEEDED: aggregate admission capacity exhausted
46301	1789131615888	2	551	admit-retried	succeeded after 7 refusals
46301	1789131615888	2	551	admitted	admit=11969ms
46334	1789131615921	1	682	admit-retried	succeeded after 3 refusals
46334	1789131615921	1	682	admitted	admit=2423ms
46341	1789131615928	1	712	admit-refused	authority refusal LIMIT_EXCEEDED: aggregate admission capacity exhausted
46346	1789131615933	0	675	admit-refused	authority refusal LIMIT_EXCEEDED: aggregate admission capacity exhausted
46350	1789131615938	0	672	admit-refused	authority refusal LIMIT_EXCEEDED: aggregate admission capacity exhausted
46379	1789131615966	2	407	admit-ceiling	LIMIT_EXCEEDED: client unresolved admission ceiling
46402	1789131615989	1	703	admit-refused	authority refusal LIMIT_EXCEEDED: aggregate admission capacity exhausted
46413	1789131616000	2	698	admitted	admit=111ms
46453	1789131616040	1	715	admit-refused	authority refusal LIMIT_EXCEEDED: aggregate admission capacity exhausted
46475	1789131616062	0	624	admit-retried	succeeded after 5 refusals
46475	1789131616062	0	624	admitted	admit=4386ms
46499	1789131616086	0	630	admit-ceiling	LIMIT_EXCEEDED: client unresolved admission ceiling
46500	1789131616087	2	701	admit-refused	authority refusal LIMIT_EXCEEDED: aggregate admission capacity exhausted
46591	1789131616178	0	669	admit-refused	authority refusal LIMIT_EXCEEDED: aggregate admission capacity exhausted
46602	1789131616189	2	701	admit-ceiling	LIMIT_EXCEEDED: client unresolved admission ceiling
46606	1789131616193	0	678	admit-refused	authority refusal LIMIT_EXCEEDED: aggregate admission capacity exhausted
46614	1789131616201	2	695	admit-refused	authority refusal LIMIT_EXCEEDED: aggregate admission capacity exhausted
46629	1789131616216	0	675	admit-refused	authority refusal LIMIT_EXCEEDED: aggregate admission capacity exhausted
46631	1789131616218	2	614	admit-refused	authority refusal LIMIT_EXCEEDED: aggregate admission capacity exhausted
46662	1789131616249	0	672	admit-refused	authority refusal LIMIT_EXCEEDED: aggregate admission capacity exhausted
46665	1789131616252	1	715	admit-refused	authority refusal LIMIT_EXCEEDED: aggregate admission capacity exhausted
46763	1789131616350	1	712	admit-refused	authority refusal LIMIT_EXCEEDED: aggregate admission capacity exhausted
46764	1789131616352	1	709	admit-retried	succeeded after 2 refusals
46764	1789131616352	1	709	admitted	admit=789ms
46823	1789131616410	0	678	admit-retried	succeeded after 1 refusals
46823	1789131616410	0	678	admitted	admit=347ms
46889	1789131616476	1	718	admit-refused	authority refusal LIMIT_EXCEEDED: aggregate admission capacity exhausted
46905	1789131616492	2	695	admit-retried	succeeded after 1 refusals
46905	1789131616492	2	695	admitted	admit=806ms
46913	1789131616500	1	703	admit-refused	authority refusal LIMIT_EXCEEDED: aggregate admission capacity exhausted
46945	1789131616532	1	715	admit-refused	authority refusal LIMIT_EXCEEDED: aggregate admission capacity exhausted
46960	1789131616547	2	701	admit-refused	authority refusal LIMIT_EXCEEDED: aggregate admission capacity exhausted
46993	1789131616580	0	669	admit-ceiling	LIMIT_EXCEEDED: client unresolved admission ceiling
47005	1789131616592	2	704	admit-refused	authority refusal LIMIT_EXCEEDED: aggregate admission capacity exhausted
47062	1789131616649	0	657	admit-retried	succeeded after 4 refusals
47062	1789131616649	0	657	admitted	admit=2309ms
47078	1789131616665	2	677	admit-refused	authority refusal LIMIT_EXCEEDED: aggregate admission capacity exhausted
47089	1789131616676	0	675	admit-refused	authority refusal LIMIT_EXCEEDED: aggregate admission capacity exhausted
47100	1789131616687	0	672	admit-retried	succeeded after 2 refusals
47100	1789131616687	0	672	admitted	admit=904ms
47136	1789131616723	0	681	admit-refused	authority refusal LIMIT_EXCEEDED: aggregate admission capacity exhausted
47137	1789131616724	2	683	admit-refused	authority refusal LIMIT_EXCEEDED: aggregate admission capacity exhausted
47163	1789131616750	2	704	admit-refused	authority refusal LIMIT_EXCEEDED: aggregate admission capacity exhausted
47163	1789131616751	1	718	admit-retried	succeeded after 1 refusals
47163	1789131616751	1	718	admitted	admit=398ms
47182	1789131616769	0	687	admit-refused	authority refusal LIMIT_EXCEEDED: aggregate admission capacity exhausted
47313	1789131616901	1	721	admitted	admit=149ms
47328	1789131616915	0	687	admit-refused	authority refusal LIMIT_EXCEEDED: aggregate admission capacity exhausted
47340	1789131616927	0	681	admit-retried	succeeded after 1 refusals
47340	1789131616927	0	681	admitted	admit=516ms
47383	1789131616970	1	691	admit-ceiling	LIMIT_EXCEEDED: client unresolved admission ceiling
47485	1789131617072	2	704	admit-retried	succeeded after 2 refusals
47485	1789131617072	2	704	admitted	admit=579ms
47535	1789131617122	0	690	admitted	admit=194ms
47536	1789131617123	1	724	admit-refused	authority refusal LIMIT_EXCEEDED: aggregate admission capacity exhausted
47578	1789131617165	2	677	admit-refused	authority refusal LIMIT_EXCEEDED: aggregate admission capacity exhausted
47584	1789131617171	2	683	admit-retried	succeeded after 2 refusals
47584	1789131617171	2	683	admitted	admit=2442ms
47605	1789131617192	0	675	admit-retried	succeeded after 3 refusals
47605	1789131617192	0	675	admitted	admit=1356ms
47612	1789131617199	0	687	admit-refused	authority refusal LIMIT_EXCEEDED: aggregate admission capacity exhausted
47617	1789131617204	2	707	admit-refused	authority refusal LIMIT_EXCEEDED: aggregate admission capacity exhausted
47635	1789131617222	2	701	admit-refused	authority refusal LIMIT_EXCEEDED: aggregate admission capacity exhausted
47636	1789131617223	1	688	admit-retried	succeeded after 5 refusals
47636	1789131617223	1	688	admitted	admit=3473ms
47637	1789131617224	0	693	admit-refused	authority refusal LIMIT_EXCEEDED: aggregate admission capacity exhausted
47696	1789131617283	1	712	admit-retried	succeeded after 3 refusals
47696	1789131617283	1	712	admitted	admit=1636ms
47722	1789131617309	2	479	admit-ceiling	LIMIT_EXCEEDED: client unresolved admission ceiling
47726	1789131617313	1	685	admit-ceiling	LIMIT_EXCEEDED: client unresolved admission ceiling
47726	1789131617313	1	703	admit-ceiling	LIMIT_EXCEEDED: client unresolved admission ceiling
47744	1789131617331	2	710	admit-refused	authority refusal LIMIT_EXCEEDED: aggregate admission capacity exhausted
47778	1789131617365	1	727	admit-refused	authority refusal LIMIT_EXCEEDED: aggregate admission capacity exhausted
47778	1789131617365	2	656	admit-refused	authority refusal LIMIT_EXCEEDED: aggregate admission capacity exhausted
47796	1789131617384	2	707	admit-refused	authority refusal LIMIT_EXCEEDED: aggregate admission capacity exhausted
47802	1789131617389	0	693	admit-refused	authority refusal LIMIT_EXCEEDED: aggregate admission capacity exhausted
47802	1789131617389	0	684	admitted	admit=739ms
47818	1789131617405	2	365	admit-refused	authority refusal LIMIT_EXCEEDED: aggregate admission capacity exhausted
47836	1789131617424	0	696	admit-refused	authority refusal LIMIT_EXCEEDED: aggregate admission capacity exhausted
47844	1789131617431	1	724	admit-refused	authority refusal LIMIT_EXCEEDED: aggregate admission capacity exhausted
47873	1789131617460	0	669	admit-refused	authority refusal LIMIT_EXCEEDED: aggregate admission capacity exhausted
47911	1789131617498	0	699	admit-refused	authority refusal LIMIT_EXCEEDED: aggregate admission capacity exhausted
47935	1789131617522	0	507	admit-refused	authority refusal LIMIT_EXCEEDED: aggregate admission capacity exhausted
47980	1789131617567	1	727	admit-refused	authority refusal LIMIT_EXCEEDED: aggregate admission capacity exhausted
47996	1789131617584	2	584	admit-refused	authority refusal LIMIT_EXCEEDED: aggregate admission capacity exhausted
48019	1789131617606	2	305	admit-refused	authority refusal LIMIT_EXCEEDED: aggregate admission capacity exhausted
48086	1789131617673	2	707	admit-retried	succeeded after 2 refusals
48086	1789131617674	2	707	admitted	admit=600ms
48136	1789131617723	1	724	admit-retried	succeeded after 2 refusals
48136	1789131617723	1	724	admitted	admit=822ms
48162	1789131617749	0	693	admit-retried	succeeded after 2 refusals
48162	1789131617749	0	693	admitted	admit=626ms
48189	1789131617776	0	687	admit-refused	authority refusal LIMIT_EXCEEDED: aggregate admission capacity exhausted
48193	1789131617780	2	713	admit-refused	authority refusal LIMIT_EXCEEDED: aggregate admission capacity exhausted
48296	1789131617883	0	702	admit-refused	authority refusal LIMIT_EXCEEDED: aggregate admission capacity exhausted
48299	1789131617886	0	696	admit-retried	succeeded after 1 refusals
48299	1789131617886	0	696	admitted	admit=693ms
48314	1789131617902	1	715	admit-retried	succeeded after 3 refusals
48314	1789131617902	1	715	admitted	admit=1980ms
48317	1789131617904	0	699	admit-refused	authority refusal LIMIT_EXCEEDED: aggregate admission capacity exhausted
48343	1789131617931	1	736	admit-ceiling	LIMIT_EXCEEDED: client unresolved admission ceiling
48382	1789131617969	0	705	admit-refused	authority refusal LIMIT_EXCEEDED: aggregate admission capacity exhausted
48397	1789131617985	1	52	admit-retried	succeeded after 14 refusals
48398	1789131617985	1	52	admitted	admit=47256ms
48445	1789131618032	1	736	admit-ceiling	LIMIT_EXCEEDED: client unresolved admission ceiling
48468	1789131618055	0	702	admit-refused	authority refusal LIMIT_EXCEEDED: aggregate admission capacity exhausted
48494	1789131618081	2	647	admit-ceiling	LIMIT_EXCEEDED: client unresolved admission ceiling
48523	1789131618110	1	739	admitted	admit=125ms
48526	1789131618113	2	701	admit-retried	succeeded after 4 refusals
48526	1789131618113	2	701	admitted	admit=2112ms
48581	1789131618168	2	713	admit-retried	succeeded after 1 refusals
48581	1789131618168	2	713	admitted	admit=493ms
48581	1789131618168	2	677	admit-refused	authority refusal LIMIT_EXCEEDED: aggregate admission capacity exhausted
48582	1789131618169	1	727	admit-refused	authority refusal LIMIT_EXCEEDED: aggregate admission capacity exhausted
48583	1789131618170	0	450	admit-retried	succeeded after 9 refusals
48583	1789131618170	0	450	admitted	admit=22260ms
48585	1789131618172	0	705	admit-refused	authority refusal LIMIT_EXCEEDED: aggregate admission capacity exhausted
48651	1789131618238	0	303	admit-refused	authority refusal LIMIT_EXCEEDED: aggregate admission capacity exhausted
48669	1789131618256	0	459	admit-refused	authority refusal LIMIT_EXCEEDED: aggregate admission capacity exhausted
48700	1789131618287	2	710	admit-retried	succeeded after 1 refusals
48700	1789131618287	2	710	admitted	admit=1115ms
48712	1789131618299	2	716	admit-refused	authority refusal LIMIT_EXCEEDED: aggregate admission capacity exhausted
48735	1789131618322	1	736	admit-retried	succeeded after 2 refusals
48735	1789131618322	1	736	admitted	admit=419ms
48750	1789131618337	1	733	admit-refused	authority refusal LIMIT_EXCEEDED: aggregate admission capacity exhausted
48771	1789131618358	0	702	admit-refused	authority refusal LIMIT_EXCEEDED: aggregate admission capacity exhausted
48774	1789131618361	2	722	admit-refused	authority refusal LIMIT_EXCEEDED: aggregate admission capacity exhausted
48820	1789131618407	1	745	admitted	admit=85ms
48835	1789131618422	0	705	admit-refused	authority refusal LIMIT_EXCEEDED: aggregate admission capacity exhausted
48847	1789131618434	0	708	admitted	admit=263ms
48902	1789131618489	1	748	admit-refused	authority refusal LIMIT_EXCEEDED: aggregate admission capacity exhausted
48905	1789131618492	2	719	admitted	admit=324ms
48918	1789131618505	0	711	admit-refused	authority refusal LIMIT_EXCEEDED: aggregate admission capacity exhausted
48923	1789131618510	1	730	admit-refused	authority refusal LIMIT_EXCEEDED: aggregate admission capacity exhausted
48929	1789131618516	2	722	admit-refused	authority refusal LIMIT_EXCEEDED: aggregate admission capacity exhausted
48941	1789131618529	1	733	admit-refused	authority refusal LIMIT_EXCEEDED: aggregate admission capacity exhausted
48961	1789131618548	1	742	admit-refused	authority refusal LIMIT_EXCEEDED: aggregate admission capacity exhausted
48974	1789131618562	2	725	admit-refused	authority refusal LIMIT_EXCEEDED: aggregate admission capacity exhausted
48995	1789131618582	2	716	admit-refused	authority refusal LIMIT_EXCEEDED: aggregate admission capacity exhausted
49083	1789131618670	1	727	admit-retried	succeeded after 3 refusals
49083	1789131618670	1	727	admitted	admit=1446ms
49083	1789131618670	1	262	admit-ceiling	LIMIT_EXCEEDED: client unresolved admission ceiling
49084	1789131618671	1	742	admit-ceiling	LIMIT_EXCEEDED: client unresolved admission ceiling
49084	1789131618671	1	748	admit-refused	authority refusal LIMIT_EXCEEDED: aggregate admission capacity exhausted
49108	1789131618695	0	687	admit-retried	succeeded after 4 refusals
49108	1789131618695	0	687	admitted	admit=2008ms
49126	1789131618713	1	730	admit-refused	authority refusal LIMIT_EXCEEDED: aggregate admission capacity exhausted
49177	1789131618764	0	711	admit-retried	succeeded after 1 refusals
49177	1789131618764	0	711	admitted	admit=329ms
49193	1789131618780	2	725	admit-retried	succeeded after 1 refusals
49193	1789131618780	2	725	admitted	admit=287ms
49193	1789131618780	1	403	admit-refused	authority refusal LIMIT_EXCEEDED: aggregate admission capacity exhausted
49215	1789131618802	1	751	admit-refused	authority refusal LIMIT_EXCEEDED: aggregate admission capacity exhausted
49227	1789131618814	0	699	admit-refused	authority refusal LIMIT_EXCEEDED: aggregate admission capacity exhausted
49246	1789131618833	1	733	admit-refused	authority refusal LIMIT_EXCEEDED: aggregate admission capacity exhausted
49266	1789131618853	2	722	admit-retried	succeeded after 2 refusals
49266	1789131618853	2	722	admitted	admit=566ms
49295	1789131618882	1	328	admit-refused	authority refusal LIMIT_EXCEEDED: aggregate admission capacity exhausted
49328	1789131618915	1	730	admit-ceiling	LIMIT_EXCEEDED: client unresolved admission ceiling
49329	1789131618916	2	716	admit-refused	authority refusal LIMIT_EXCEEDED: aggregate admission capacity exhausted
49333	1789131618920	1	265	admit-ceiling	LIMIT_EXCEEDED: client unresolved admission ceiling
49338	1789131618925	1	115	admit-ceiling	LIMIT_EXCEEDED: client unresolved admission ceiling
49368	1789131618955	1	64	admit-ceiling	LIMIT_EXCEEDED: client unresolved admission ceiling
49380	1789131618967	1	742	admit-refused	authority refusal LIMIT_EXCEEDED: aggregate admission capacity exhausted
49383	1789131618970	2	731	admit-refused	authority refusal LIMIT_EXCEEDED: aggregate admission capacity exhausted
49405	1789131618992	1	703	admit-refused	authority refusal LIMIT_EXCEEDED: aggregate admission capacity exhausted
49411	1789131618998	2	728	admit-refused	authority refusal LIMIT_EXCEEDED: aggregate admission capacity exhausted
49416	1789131619003	0	702	admit-refused	authority refusal LIMIT_EXCEEDED: aggregate admission capacity exhausted
49494	1789131619081	1	751	admit-retried	succeeded after 1 refusals
49494	1789131619081	1	751	admitted	admit=410ms
49591	1789131619179	2	731	admit-retried	succeeded after 1 refusals
49591	1789131619179	2	731	admitted	admit=324ms
49597	1789131619184	2	728	admit-refused	authority refusal LIMIT_EXCEEDED: aggregate admission capacity exhausted
49610	1789131619197	0	669	admit-retried	succeeded after 5 refusals
49610	1789131619197	0	669	admitted	admit=3681ms
49640	1789131619227	0	699	admit-ceiling	LIMIT_EXCEEDED: client unresolved admission ceiling
49659	1789131619246	1	61	admit-refused	authority refusal LIMIT_EXCEEDED: aggregate admission capacity exhausted
49688	1789131619275	1	754	admit-refused	authority refusal LIMIT_EXCEEDED: aggregate admission capacity exhausted
49693	1789131619281	2	734	admitted	admit=101ms
49702	1789131619289	0	630	admit-ceiling	LIMIT_EXCEEDED: client unresolved admission ceiling
49712	1789131619299	1	748	admit-refused	authority refusal LIMIT_EXCEEDED: aggregate admission capacity exhausted
49722	1789131619309	0	720	admit-refused	authority refusal LIMIT_EXCEEDED: aggregate admission capacity exhausted
49778	1789131619366	1	733	admit-retried	succeeded after 3 refusals
49778	1789131619366	1	733	admitted	admit=1642ms
49781	1789131619368	1	730	admit-refused	authority refusal LIMIT_EXCEEDED: aggregate admission capacity exhausted
49798	1789131619385	2	728	admit-ceiling	LIMIT_EXCEEDED: client unresolved admission ceiling
49858	1789131619446	2	737	admitted	admit=164ms
49931	1789131619519	0	720	admit-retried	succeeded after 1 refusals
49931	1789131619519	0	720	admitted	admit=320ms
49975	1789131619562	2	740	admit-refused	authority refusal LIMIT_EXCEEDED: aggregate admission capacity exhausted
49992	1789131619579	0	465	admit-ceiling	LIMIT_EXCEEDED: client unresolved admission ceiling
50013	1789131619600	0	456	admit-ceiling	LIMIT_EXCEEDED: client unresolved admission ceiling
50037	1789131619624	1	754	admit-retried	succeeded after 1 refusals
50037	1789131619624	1	754	admitted	admit=543ms
50053	1789131619641	0	723	admit-refused	authority refusal LIMIT_EXCEEDED: aggregate admission capacity exhausted
50056	1789131619643	2	452	admit-refused	authority refusal LIMIT_EXCEEDED: aggregate admission capacity exhausted
50148	1789131619736	2	716	admit-refused	authority refusal LIMIT_EXCEEDED: aggregate admission capacity exhausted
50155	1789131619742	0	723	admit-ceiling	LIMIT_EXCEEDED: client unresolved admission ceiling
50178	1789131619765	2	740	admit-refused	authority refusal LIMIT_EXCEEDED: aggregate admission capacity exhausted
50198	1789131619785	1	748	admit-refused	authority refusal LIMIT_EXCEEDED: aggregate admission capacity exhausted
50204	1789131619791	1	760	admitted	admit=166ms
50218	1789131619805	0	702	admit-ceiling	LIMIT_EXCEEDED: client unresolved admission ceiling
50230	1789131619817	1	757	admit-refused	authority refusal LIMIT_EXCEEDED: aggregate admission capacity exhausted
50232	1789131619820	0	588	admit-refused	authority refusal LIMIT_EXCEEDED: aggregate admission capacity exhausted
50261	1789131619849	0	705	admit-refused	authority refusal LIMIT_EXCEEDED: aggregate admission capacity exhausted
50287	1789131619874	1	763	admit-refused	authority refusal LIMIT_EXCEEDED: aggregate admission capacity exhausted
50303	1789131619890	2	677	admit-refused	authority refusal LIMIT_EXCEEDED: aggregate admission capacity exhausted
50321	1789131619908	2	728	admit-refused	authority refusal LIMIT_EXCEEDED: aggregate admission capacity exhausted
50338	1789131619925	1	247	admit-refused	authority refusal LIMIT_EXCEEDED: aggregate admission capacity exhausted
50348	1789131619936	2	590	admit-refused	authority refusal LIMIT_EXCEEDED: aggregate admission capacity exhausted
50357	1789131619945	0	723	admit-ceiling	LIMIT_EXCEEDED: client unresolved admission ceiling
50375	1789131619962	2	263	admit-refused	authority refusal LIMIT_EXCEEDED: aggregate admission capacity exhausted
50426	1789131620013	2	740	admit-refused	authority refusal LIMIT_EXCEEDED: aggregate admission capacity exhausted
50432	1789131620020	0	714	admit-refused	authority refusal LIMIT_EXCEEDED: aggregate admission capacity exhausted
50451	1789131620038	0	195	admit-refused	authority refusal LIMIT_EXCEEDED: aggregate admission capacity exhausted
50457	1789131620044	1	763	admit-refused	authority refusal LIMIT_EXCEEDED: aggregate admission capacity exhausted
50520	1789131620107	0	717	admit-refused	authority refusal LIMIT_EXCEEDED: aggregate admission capacity exhausted
50583	1789131620170	0	699	admit-refused	authority refusal LIMIT_EXCEEDED: aggregate admission capacity exhausted
50631	1789131620218	0	576	admit-refused	authority refusal LIMIT_EXCEEDED: aggregate admission capacity exhausted
50652	1789131620239	0	714	admit-refused	authority refusal LIMIT_EXCEEDED: aggregate admission capacity exhausted
50659	1789131620246	1	763	admit-ceiling	LIMIT_EXCEEDED: client unresolved admission ceiling
50739	1789131620326	0	717	admit-retried	succeeded after 1 refusals
50739	1789131620326	0	717	admitted	admit=1561ms
50794	1789131620381	1	730	admit-retried	succeeded after 4 refusals
50794	1789131620381	1	730	admitted	admit=3098ms
50905	1789131620492	0	726	admit-refused	authority refusal LIMIT_EXCEEDED: aggregate admission capacity exhausted
50923	1789131620510	2	740	admit-retried	succeeded after 3 refusals
50923	1789131620510	2	740	admitted	admit=1064ms
50927	1789131620514	1	685	admit-ceiling	LIMIT_EXCEEDED: client unresolved admission ceiling
50984	1789131620571	1	766	admitted	admit=189ms
51060	1789131620647	1	763	admit-ceiling	LIMIT_EXCEEDED: client unresolved admission ceiling
51063	1789131620650	0	705	admit-ceiling	LIMIT_EXCEEDED: client unresolved admission ceiling
51070	1789131620658	0	726	admit-refused	authority refusal LIMIT_EXCEEDED: aggregate admission capacity exhausted
51082	1789131620669	1	748	admit-retried	succeeded after 4 refusals
51082	1789131620669	1	748	admitted	admit=2261ms
51086	1789131620674	0	714	admit-refused	authority refusal LIMIT_EXCEEDED: aggregate admission capacity exhausted
51090	1789131620677	2	743	admitted	admit=166ms
51106	1789131620693	0	723	admit-refused	authority refusal LIMIT_EXCEEDED: aggregate admission capacity exhausted
51123	1789131620710	2	728	admit-ceiling	LIMIT_EXCEEDED: client unresolved admission ceiling
51151	1789131620738	1	757	admit-retried	succeeded after 1 refusals
51151	1789131620738	1	757	admitted	admit=1372ms
51160	1789131620747	0	327	admit-refused	authority refusal LIMIT_EXCEEDED: aggregate admission capacity exhausted
51250	1789131620838	2	746	admitted	admit=159ms
51289	1789131620876	2	347	admit-retried	succeeded after 11 refusals
51289	1789131620876	2	347	admitted	admit=32517ms
51291	1789131620878	2	716	admit-refused	authority refusal LIMIT_EXCEEDED: aggregate admission capacity exhausted
51329	1789131620916	2	656	admit-refused	authority refusal LIMIT_EXCEEDED: aggregate admission capacity exhausted
51361	1789131620948	2	749	admit-refused	authority refusal LIMIT_EXCEEDED: aggregate admission capacity exhausted
51380	1789131620967	2	752	admit-refused	authority refusal LIMIT_EXCEEDED: aggregate admission capacity exhausted
51435	1789131621022	0	726	admit-retried	succeeded after 2 refusals
51435	1789131621022	0	726	admitted	admit=695ms
51443	1789131621030	1	742	admit-retried	succeeded after 3 refusals
51443	1789131621030	1	742	admitted	admit=2919ms
51538	1789131621126	2	749	admit-refused	authority refusal LIMIT_EXCEEDED: aggregate admission capacity exhausted
51544	1789131621131	2	407	admit-retried	succeeded after 10 refusals
51544	1789131621131	2	407	admitted	admit=27900ms
51593	1789131621180	0	714	admit-retried	succeeded after 3 refusals
51593	1789131621180	0	714	admitted	admit=2484ms
51637	1789131621224	2	752	admit-refused	authority refusal LIMIT_EXCEEDED: aggregate admission capacity exhausted
51660	1789131621247	0	729	admitted	admit=225ms
51667	1789131621254	2	755	admit-refused	authority refusal LIMIT_EXCEEDED: aggregate admission capacity exhausted
51701	1789131621288	2	614	admit-refused	authority refusal LIMIT_EXCEEDED: aggregate admission capacity exhausted
51702	1789131621289	0	732	admitted	admit=108ms
51727	1789131621314	1	691	admit-retried	succeeded after 6 refusals
51727	1789131621314	1	691	admitted	admit=7477ms
51835	1789131621423	0	735	admitted	admit=174ms
51851	1789131621438	0	738	admit-refused	authority refusal LIMIT_EXCEEDED: aggregate admission capacity exhausted
51873	1789131621460	2	749	admit-refused	authority refusal LIMIT_EXCEEDED: aggregate admission capacity exhausted
51891	1789131621478	0	702	admit-refused	authority refusal LIMIT_EXCEEDED: aggregate admission capacity exhausted
51928	1789131621516	0	741	admit-refused	authority refusal LIMIT_EXCEEDED: aggregate admission capacity exhausted
51932	1789131621520	2	755	admit-refused	authority refusal LIMIT_EXCEEDED: aggregate admission capacity exhausted
51983	1789131621570	1	763	admit-retried	succeeded after 4 refusals
51983	1789131621570	1	763	admitted	admit=1779ms
52013	1789131621600	2	752	admit-refused	authority refusal LIMIT_EXCEEDED: aggregate admission capacity exhausted
52016	1789131621603	0	738	admit-refused	authority refusal LIMIT_EXCEEDED: aggregate admission capacity exhausted
52058	1789131621645	0	723	admit-refused	authority refusal LIMIT_EXCEEDED: aggregate admission capacity exhausted
52088	1789131621675	0	741	admit-refused	authority refusal LIMIT_EXCEEDED: aggregate admission capacity exhausted
52255	1789131621843	0	699	admit-refused	authority refusal LIMIT_EXCEEDED: aggregate admission capacity exhausted
52324	1789131621911	0	738	admit-retried	succeeded after 2 refusals
52324	1789131621911	0	738	admitted	admit=621ms
52432	1789131622019	2	755	admit-retried	succeeded after 2 refusals
52432	1789131622019	2	755	admitted	admit=887ms
52480	1789131622067	2	749	admit-retried	succeeded after 3 refusals
52480	1789131622067	2	749	admitted	admit=1228ms
52510	1789131622097	0	744	admitted	admit=186ms
52539	1789131622126	2	752	admit-retried	succeeded after 3 refusals
52539	1789131622126	2	752	admitted	admit=1249ms
52586	1789131622173	2	758	admitted	admit=153ms
52607	1789131622194	2	761	admitted	admit=127ms
52620	1789131622207	2	764	admit-refused	authority refusal LIMIT_EXCEEDED: aggregate admission capacity exhausted
52631	1789131622218	0	747	admitted	admit=119ms
52703	1789131622290	1	703	admit-retried	succeeded after 6 refusals
52703	1789131622290	1	703	admitted	admit=7665ms
52753	1789131622341	2	767	admit-refused	authority refusal LIMIT_EXCEEDED: aggregate admission capacity exhausted
52783	1789131622370	0	705	admit-retried	succeeded after 5 refusals
52783	1789131622370	0	705	admitted	admit=4483ms
52848	1789131622435	2	728	admit-retried	succeeded after 5 refusals
52848	1789131622435	2	728	admitted	admit=3654ms
52871	1789131622458	0	753	admit-refused	authority refusal LIMIT_EXCEEDED: aggregate admission capacity exhausted
52886	1789131622473	2	365	admit-refused	authority refusal LIMIT_EXCEEDED: aggregate admission capacity exhausted
52952	1789131622539	2	716	admit-refused	authority refusal LIMIT_EXCEEDED: aggregate admission capacity exhausted
53021	1789131622608	2	305	admit-ceiling	LIMIT_EXCEEDED: client unresolved admission ceiling
53036	1789131622623	2	767	admit-refused	authority refusal LIMIT_EXCEEDED: aggregate admission capacity exhausted
53054	1789131622641	0	753	admit-retried	succeeded after 1 refusals
53054	1789131622641	0	753	admitted	admit=270ms
53065	1789131622652	0	507	admit-refused	authority refusal LIMIT_EXCEEDED: aggregate admission capacity exhausted
53105	1789131622692	2	584	admit-retried	succeeded after 8 refusals
53105	1789131622692	2	584	admitted	admit=17145ms
53121	1789131622709	0	756	admit-refused	authority refusal LIMIT_EXCEEDED: aggregate admission capacity exhausted
53302	1789131622889	0	756	admit-retried	succeeded after 1 refusals
53302	1789131622889	0	756	admitted	admit=247ms
53357	1789131622944	2	764	admit-retried	succeeded after 1 refusals
53357	1789131622944	2	764	admitted	admit=817ms
53393	1789131622980	2	767	admit-retried	succeeded after 2 refusals
53393	1789131622980	2	767	admitted	admit=785ms
53469	1789131623056	0	759	admitted	admit=166ms
53578	1789131623165	0	750	admitted	admit=946ms
53596	1789131623184	2	647	admit-retried	succeeded after 7 refusals
53596	1789131623184	2	647	admitted	admit=11826ms
53659	1789131623246	0	723	admit-ceiling	LIMIT_EXCEEDED: client unresolved admission ceiling
53671	1789131623258	0	459	admit-ceiling	LIMIT_EXCEEDED: client unresolved admission ceiling
53703	1789131623290	0	765	admitted	admit=124ms
53703	1789131623291	0	303	admit-refused	authority refusal LIMIT_EXCEEDED: aggregate admission capacity exhausted
53722	1789131623309	0	762	admit-refused	authority refusal LIMIT_EXCEEDED: aggregate admission capacity exhausted
53738	1789131623326	2	479	admit-refused	authority refusal LIMIT_EXCEEDED: aggregate admission capacity exhausted
53770	1789131623357	0	741	admit-refused	authority refusal LIMIT_EXCEEDED: aggregate admission capacity exhausted
53908	1789131623496	0	762	admit-retried	succeeded after 1 refusals
53908	1789131623496	0	762	admitted	admit=439ms
54134	1789131623722	2	677	admit-retried	succeeded after 6 refusals
54134	1789131623722	2	677	admitted	admit=9073ms
54189	1789131623776	1	262	admit-retried	succeeded after 13 refusals
54189	1789131623776	1	262	admitted	admit=41966ms
54277	1789131623864	1	403	admit-retried	succeeded after 11 refusals
54277	1789131623864	1	403	admitted	admit=32093ms
54424	1789131624011	1	328	admit-retried	succeeded after 12 refusals
54424	1789131624011	1	328	admitted	admit=37068ms
54471	1789131624058	1	265	admit-retried	succeeded after 13 refusals
54471	1789131624058	1	265	admitted	admit=42057ms
54489	1789131624077	1	64	admit-retried	succeeded after 15 refusals
54489	1789131624077	1	64	admitted	admit=53320ms
54583	1789131624170	0	741	admit-retried	succeeded after 3 refusals
54583	1789131624170	0	741	admitted	admit=2746ms
54633	1789131624220	1	115	admit-retried	succeeded after 15 refusals
54633	1789131624220	1	115	admitted	admit=52010ms
54746	1789131624333	1	61	admit-retried	succeeded after 15 refusals
54746	1789131624333	1	61	admitted	admit=53577ms
54777	1789131624365	0	630	admit-retried	succeeded after 7 refusals
54777	1789131624365	0	630	admitted	admit=11985ms
55102	1789131624690	0	456	admit-retried	succeeded after 10 refusals
55102	1789131624690	0	456	admitted	admit=28499ms
55142	1789131624730	0	465	admit-retried	succeeded after 10 refusals
55142	1789131624730	0	465	admitted	admit=27646ms
55147	1789131624735	2	452	admit-retried	succeeded after 10 refusals
55147	1789131624735	2	452	admitted	admit=28077ms
55210	1789131624797	0	702	admit-retried	succeeded after 6 refusals
55210	1789131624797	0	702	admitted	admit=7047ms
55334	1789131624921	0	588	admit-retried	succeeded after 8 refusals
55334	1789131624921	0	588	admitted	admit=17473ms
55431	1789131625018	1	247	admit-retried	succeeded after 13 refusals
55431	1789131625018	1	247	admitted	admit=44076ms
55459	1789131625046	2	590	admit-retried	succeeded after 8 refusals
55459	1789131625046	2	590	admitted	admit=19301ms
55503	1789131625090	2	263	admit-retried	succeeded after 13 refusals
55503	1789131625090	2	263	admitted	admit=42968ms
55560	1789131625147	0	699	admit-retried	succeeded after 6 refusals
55560	1789131625147	0	699	admitted	admit=7757ms
55592	1789131625180	0	195	admit-retried	succeeded after 14 refusals
55592	1789131625180	0	195	admitted	admit=47816ms
55713	1789131625300	0	576	admit-retried	succeeded after 8 refusals
55713	1789131625300	0	576	admitted	admit=18704ms
56013	1789131625601	1	685	admit-retried	succeeded after 7 refusals
56014	1789131625601	1	685	admitted	admit=12014ms
56014	1789131625601	1	19	admit-refused	authority refusal LIMIT_EXCEEDED: metadata concurrency exhausted
56014	1789131625601	1	34	admit-refused	authority refusal LIMIT_EXCEEDED: metadata concurrency exhausted
56014	1789131625601	1	22	admit-refused	authority refusal LIMIT_EXCEEDED: metadata concurrency exhausted
56014	1789131625601	1	40	admit-refused	authority refusal LIMIT_EXCEEDED: metadata concurrency exhausted
56014	1789131625601	1	13	admit-refused	authority refusal LIMIT_EXCEEDED: metadata concurrency exhausted
56014	1789131625601	1	1	admit-refused	authority refusal LIMIT_EXCEEDED: metadata concurrency exhausted
56014	1789131625601	1	16	admit-refused	authority refusal LIMIT_EXCEEDED: metadata concurrency exhausted
56014	1789131625601	1	37	admit-refused	authority refusal LIMIT_EXCEEDED: metadata concurrency exhausted
56014	1789131625601	1	28	admit-refused	authority refusal LIMIT_EXCEEDED: metadata concurrency exhausted
56014	1789131625601	1	46	admit-refused	authority refusal LIMIT_EXCEEDED: metadata concurrency exhausted
56014	1789131625601	1	7	admit-refused	authority refusal LIMIT_EXCEEDED: metadata concurrency exhausted
56014	1789131625601	1	43	admit-refused	authority refusal LIMIT_EXCEEDED: metadata concurrency exhausted
56033	1789131625621	1	4	succeeded	attempt 1 watch=19ms
56057	1789131625644	1	31	succeeded	attempt 1 watch=42ms
56075	1789131625662	1	25	succeeded	attempt 1 watch=61ms
56095	1789131625683	1	10	succeeded	attempt 1 watch=81ms
56116	1789131625703	1	13	admit-refused	authority refusal LIMIT_EXCEEDED: metadata concurrency exhausted
56116	1789131625703	1	34	admit-refused	authority refusal LIMIT_EXCEEDED: metadata concurrency exhausted
56116	1789131625703	1	46	admit-refused	authority refusal LIMIT_EXCEEDED: metadata concurrency exhausted
56116	1789131625703	1	40	admit-refused	authority refusal LIMIT_EXCEEDED: metadata concurrency exhausted
56116	1789131625703	1	28	admit-refused	authority refusal LIMIT_EXCEEDED: metadata concurrency exhausted
56116	1789131625703	1	7	admit-refused	authority refusal LIMIT_EXCEEDED: metadata concurrency exhausted
56116	1789131625703	1	19	admit-refused	authority refusal LIMIT_EXCEEDED: metadata concurrency exhausted
56199	1789131625786	1	43	succeeded	attempt 1 watch=185ms
56219	1789131625806	1	4	first-usable-output	
56219	1789131625806	1	4	chunk-verified	fetch=185ms
56223	1789131625810	1	16	succeeded	attempt 1 watch=209ms
56242	1789131625829	1	37	succeeded	attempt 1 watch=228ms
56255	1789131625842	2	716	admit-retried	succeeded after 6 refusals
56255	1789131625842	2	716	admitted	admit=7728ms
56264	1789131625851	1	22	succeeded	attempt 1 watch=250ms
56282	1789131625869	0	327	admit-retried	succeeded after 12 refusals
56282	1789131625869	0	327	admitted	admit=39395ms
56288	1789131625875	1	1	succeeded	attempt 1 watch=274ms
56317	1789131625904	1	34	admit-refused	authority refusal LIMIT_EXCEEDED: metadata concurrency exhausted
56317	1789131625904	1	28	admit-refused	authority refusal LIMIT_EXCEEDED: metadata concurrency exhausted
56325	1789131625912	1	10	chunk-verified	fetch=229ms
56334	1789131625922	1	49	succeeded	attempt 1 watch=115ms
56340	1789131625927	1	25	chunk-verified	fetch=265ms
56356	1789131625943	1	31	chunk-verified	fetch=299ms
56441	1789131626028	2	656	admit-retried	succeeded after 7 refusals
56441	1789131626028	2	656	admitted	admit=13532ms
56450	1789131626037	1	7	succeeded	attempt 1 watch=436ms
56468	1789131626056	1	46	succeeded	attempt 1 watch=454ms
56485	1789131626072	1	43	chunk-verified	fetch=285ms
56489	1789131626076	1	13	succeeded	attempt 1 watch=475ms
56509	1789131626096	1	40	succeeded	attempt 1 watch=495ms
56526	1789131626113	1	19	succeeded	attempt 1 watch=512ms
56547	1789131626134	1	52	succeeded	attempt 1 watch=222ms
56586	1789131626173	1	55	succeeded	attempt 1 watch=245ms
56604	1789131626191	1	58	succeeded	attempt 1 watch=247ms
56641	1789131626228	1	16	chunk-verified	fetch=417ms
56660	1789131626248	1	61	succeeded	attempt 1 watch=175ms
56683	1789131626270	1	37	chunk-verified	fetch=440ms
56710	1789131626297	1	22	chunk-verified	fetch=445ms
56737	1789131626324	1	1	chunk-verified	fetch=449ms
56814	1789131626401	1	64	succeeded	attempt 1 watch=172ms
56817	1789131626405	1	49	chunk-verified	fetch=483ms
56829	1789131626416	1	7	chunk-verified	fetch=379ms
56852	1789131626439	2	614	admit-retried	succeeded after 8 refusals
56852	1789131626439	2	614	admitted	admit=17447ms
56861	1789131626448	1	46	chunk-verified	fetch=392ms
56869	1789131626456	1	67	succeeded	attempt 1 watch=186ms
56875	1789131626462	1	13	chunk-verified	fetch=385ms
56893	1789131626480	1	70	succeeded	attempt 1 watch=183ms
56896	1789131626483	1	40	chunk-verified	fetch=387ms
56909	1789131626496	1	28	succeeded	attempt 1 watch=895ms
56934	1789131626522	1	34	succeeded	attempt 1 watch=920ms
56953	1789131626541	1	73	succeeded	attempt 1 watch=216ms
56971	1789131626558	1	19	chunk-verified	fetch=444ms
56988	1789131626575	1	52	chunk-verified	fetch=440ms
57000	1789131626587	1	55	chunk-verified	fetch=414ms
57011	1789131626598	1	76	succeeded	attempt 1 watch=193ms
57022	1789131626609	1	58	chunk-verified	fetch=418ms
57032	1789131626619	1	79	succeeded	attempt 1 watch=203ms
57057	1789131626644	1	82	succeeded	attempt 1 watch=196ms
57067	1789131626654	1	61	chunk-verified	fetch=406ms
57070	1789131626657	0	723	admit-retried	succeeded after 6 refusals
57070	1789131626657	0	723	admitted	admit=7138ms
57092	1789131626679	1	85	succeeded	attempt 1 watch=217ms
57158	1789131626745	1	88	succeeded	attempt 1 watch=261ms
57208	1789131626795	1	91	succeeded	attempt 1 watch=237ms
57225	1789131626812	1	94	succeeded	attempt 1 watch=237ms
57246	1789131626834	1	97	succeeded	attempt 1 watch=246ms
57282	1789131626869	1	64	chunk-verified	fetch=467ms
57293	1789131626880	1	100	succeeded	attempt 1 watch=270ms
57349	1789131626936	1	103	succeeded	attempt 1 watch=282ms
57384	1789131626971	1	67	chunk-verified	fetch=515ms
57393	1789131626980	1	70	chunk-verified	fetch=499ms
57416	1789131627004	1	28	chunk-verified	fetch=507ms
57428	1789131627015	1	34	chunk-verified	fetch=493ms
57473	1789131627060	1	106	succeeded	attempt 1 watch=191ms
57476	1789131627063	1	73	chunk-verified	fetch=522ms
57481	1789131627068	1	76	chunk-verified	fetch=469ms
57533	1789131627120	1	79	chunk-verified	fetch=500ms
57554	1789131627141	1	109	succeeded	attempt 1 watch=169ms
57557	1789131627144	1	82	chunk-verified	fetch=499ms
57580	1789131627167	1	85	chunk-verified	fetch=487ms
57588	1789131627175	1	88	chunk-verified	fetch=430ms
57590	1789131627177	1	112	succeeded	attempt 1 watch=197ms
57611	1789131627198	1	115	succeeded	attempt 1 watch=194ms
57632	1789131627219	1	91	chunk-verified	fetch=423ms
57634	1789131627221	1	118	succeeded	attempt 1 watch=206ms
57665	1789131627252	1	94	chunk-verified	fetch=440ms
57686	1789131627273	1	121	succeeded	attempt 1 watch=209ms
57688	1789131627276	1	97	chunk-verified	fetch=442ms
57709	1789131627296	1	124	succeeded	attempt 1 watch=228ms
57728	1789131627316	1	127	succeeded	attempt 1 watch=195ms
57745	1789131627332	1	103	chunk-verified	fetch=395ms
57760	1789131627347	1	100	chunk-verified	fetch=467ms
57771	1789131627358	1	130	succeeded	attempt 1 watch=214ms
57795	1789131627382	1	133	succeeded	attempt 1 watch=214ms
57812	1789131627399	1	136	succeeded	attempt 1 watch=224ms
57864	1789131627451	1	139	succeeded	attempt 1 watch=232ms
57881	1789131627468	1	142	succeeded	attempt 1 watch=215ms
57895	1789131627483	1	106	chunk-verified	fetch=422ms
57919	1789131627506	1	145	succeeded	attempt 1 watch=230ms
57979	1789131627566	2	365	admit-retried	succeeded after 12 refusals
57979	1789131627566	2	365	admitted	admit=37753ms
57982	1789131627569	1	148	succeeded	attempt 1 watch=237ms
58012	1789131627599	1	151	succeeded	attempt 1 watch=251ms
58027	1789131627614	1	109	chunk-verified	fetch=472ms
58116	1789131627703	1	112	chunk-verified	fetch=526ms
58130	1789131627717	1	115	chunk-verified	fetch=519ms
58130	1789131627717	2	305	admit-retried	succeeded after 13 refusals
58130	1789131627717	2	305	admitted	admit=42789ms
58158	1789131627745	1	118	chunk-verified	fetch=523ms
58163	1789131627750	1	154	succeeded	attempt 1 watch=267ms
58166	1789131627753	0	507	admit-retried	succeeded after 10 refusals
58166	1789131627753	0	507	admitted	admit=27853ms
58174	1789131627761	1	121	chunk-verified	fetch=487ms
58208	1789131627795	1	124	chunk-verified	fetch=498ms
58216	1789131627803	1	127	chunk-verified	fetch=487ms
58253	1789131627840	1	157	succeeded	attempt 1 watch=226ms
58272	1789131627859	1	160	succeeded	attempt 1 watch=155ms
58287	1789131627874	1	130	chunk-verified	fetch=515ms
58300	1789131627887	1	163	succeeded	attempt 1 watch=169ms
58305	1789131627892	1	133	chunk-verified	fetch=510ms
58319	1789131627906	1	166	succeeded	attempt 1 watch=161ms
58327	1789131627914	1	139	chunk-verified	fetch=463ms
58346	1789131627933	1	142	chunk-verified	fetch=464ms
58353	1789131627940	1	169	succeeded	attempt 1 watch=179ms
58366	1789131627953	1	136	chunk-verified	fetch=553ms
58372	1789131627959	1	175	succeeded	attempt 1 watch=155ms
58390	1789131627977	1	145	chunk-verified	fetch=470ms
58395	1789131627983	1	172	succeeded	attempt 1 watch=187ms
58404	1789131627991	1	151	chunk-verified	fetch=392ms
58443	1789131628030	1	148	chunk-verified	fetch=460ms
58456	1789131628043	1	178	succeeded	attempt 1 watch=168ms
58486	1789131628073	1	181	succeeded	attempt 1 watch=180ms
58513	1789131628100	1	184	succeeded	attempt 1 watch=186ms
58550	1789131628137	1	187	succeeded	attempt 1 watch=204ms
58553	1789131628140	1	154	chunk-verified	fetch=389ms
58589	1789131628176	1	190	succeeded	attempt 1 watch=223ms
58612	1789131628199	1	193	succeeded	attempt 1 watch=222ms
58637	1789131628224	1	196	succeeded	attempt 1 watch=232ms
58654	1789131628242	1	199	succeeded	attempt 1 watch=211ms
58672	1789131628259	1	160	chunk-verified	fetch=400ms
58700	1789131628288	1	157	chunk-verified	fetch=447ms
58732	1789131628319	1	163	chunk-verified	fetch=432ms
58735	1789131628322	1	202	succeeded	attempt 1 watch=181ms
58758	1789131628345	1	166	chunk-verified	fetch=438ms
58787	1789131628375	0	459	admit-retried	succeeded after 11 refusals
58787	1789131628375	0	459	admitted	admit=32071ms
58801	1789131628388	1	169	chunk-verified	fetch=448ms
58824	1789131628411	0	303	admit-retried	succeeded after 13 refusals
58824	1789131628411	0	303	admitted	admit=43586ms
58824	1789131628412	0	21	admit-refused	authority refusal LIMIT_EXCEEDED: metadata concurrency exhausted
58824	1789131628412	0	9	admit-refused	authority refusal LIMIT_EXCEEDED: metadata concurrency exhausted
58825	1789131628412	0	12	admit-refused	authority refusal LIMIT_EXCEEDED: metadata concurrency exhausted
58825	1789131628412	0	18	admit-refused	authority refusal LIMIT_EXCEEDED: metadata concurrency exhausted
58825	1789131628412	0	24	admit-refused	authority refusal LIMIT_EXCEEDED: metadata concurrency exhausted
58825	1789131628412	0	30	admit-refused	authority refusal LIMIT_EXCEEDED: metadata concurrency exhausted
58825	1789131628412	0	33	admit-refused	authority refusal LIMIT_EXCEEDED: metadata concurrency exhausted
58825	1789131628412	0	36	admit-refused	authority refusal LIMIT_EXCEEDED: metadata concurrency exhausted
58825	1789131628412	0	0	admit-refused	authority refusal LIMIT_EXCEEDED: metadata concurrency exhausted
58825	1789131628412	0	27	admit-refused	authority refusal LIMIT_EXCEEDED: metadata concurrency exhausted
58825	1789131628412	0	42	admit-refused	authority refusal LIMIT_EXCEEDED: metadata concurrency exhausted
58848	1789131628435	1	175	chunk-verified	fetch=476ms
58854	1789131628441	0	6	succeeded	attempt 1 watch=29ms
58867	1789131628455	2	479	admit-retried	succeeded after 10 refusals
58867	1789131628455	2	479	admitted	admit=28690ms
58868	1789131628455	2	38	admit-refused	authority refusal LIMIT_EXCEEDED: metadata concurrency exhausted
58868	1789131628455	2	14	admit-refused	authority refusal LIMIT_EXCEEDED: metadata concurrency exhausted
58868	1789131628455	2	26	admit-refused	authority refusal LIMIT_EXCEEDED: metadata concurrency exhausted
58868	1789131628455	2	35	admit-refused	authority refusal LIMIT_EXCEEDED: metadata concurrency exhausted
58868	1789131628455	2	47	admit-refused	authority refusal LIMIT_EXCEEDED: metadata concurrency exhausted
58868	1789131628455	2	8	admit-refused	authority refusal LIMIT_EXCEEDED: metadata concurrency exhausted
58868	1789131628455	2	11	admit-refused	authority refusal LIMIT_EXCEEDED: metadata concurrency exhausted
58868	1789131628455	2	44	admit-refused	authority refusal LIMIT_EXCEEDED: metadata concurrency exhausted
58868	1789131628455	2	20	admit-refused	authority refusal LIMIT_EXCEEDED: metadata concurrency exhausted
58868	1789131628455	2	41	admit-refused	authority refusal LIMIT_EXCEEDED: metadata concurrency exhausted
58868	1789131628455	2	23	admit-refused	authority refusal LIMIT_EXCEEDED: metadata concurrency exhausted
58868	1789131628455	2	29	admit-refused	authority refusal LIMIT_EXCEEDED: metadata concurrency exhausted
58873	1789131628460	1	172	chunk-verified	fetch=477ms
58881	1789131628468	1	205	succeeded	attempt 1 watch=208ms
58884	1789131628471	0	45	succeeded	attempt 1 watch=60ms
58894	1789131628481	1	178	chunk-verified	fetch=437ms
58900	1789131628487	2	2	succeeded	attempt 1 watch=32ms
58913	1789131628500	1	208	succeeded	attempt 1 watch=212ms
58913	1789131628500	0	39	succeeded	attempt 1 watch=88ms
58926	1789131628513	0	18	admit-refused	authority refusal LIMIT_EXCEEDED: metadata concurrency exhausted
58926	1789131628513	0	12	admit-refused	authority refusal LIMIT_EXCEEDED: metadata concurrency exhausted
58926	1789131628513	0	0	admit-refused	authority refusal LIMIT_EXCEEDED: metadata concurrency exhausted
58926	1789131628513	0	33	admit-refused	authority refusal LIMIT_EXCEEDED: metadata concurrency exhausted
58926	1789131628513	0	9	admit-refused	authority refusal LIMIT_EXCEEDED: metadata concurrency exhausted
58926	1789131628513	0	36	admit-refused	authority refusal LIMIT_EXCEEDED: metadata concurrency exhausted
58926	1789131628513	0	21	admit-refused	authority refusal LIMIT_EXCEEDED: metadata concurrency exhausted
58930	1789131628517	1	181	chunk-verified	fetch=444ms
58933	1789131628520	2	17	succeeded	attempt 1 watch=65ms
58939	1789131628526	1	211	succeeded	attempt 1 watch=207ms
58956	1789131628543	0	3	succeeded	attempt 1 watch=131ms
58960	1789131628548	1	184	chunk-verified	fetch=447ms
58970	1789131628557	2	20	admit-refused	authority refusal LIMIT_EXCEEDED: metadata concurrency exhausted
58970	1789131628557	2	38	admit-refused	authority refusal LIMIT_EXCEEDED: metadata concurrency exhausted
58970	1789131628557	2	8	admit-refused	authority refusal LIMIT_EXCEEDED: metadata concurrency exhausted
58970	1789131628557	2	29	admit-refused	authority refusal LIMIT_EXCEEDED: metadata concurrency exhausted
58970	1789131628557	2	26	admit-refused	authority refusal LIMIT_EXCEEDED: metadata concurrency exhausted
58970	1789131628557	2	44	admit-refused	authority refusal LIMIT_EXCEEDED: metadata concurrency exhausted
58970	1789131628557	2	11	admit-refused	authority refusal LIMIT_EXCEEDED: metadata concurrency exhausted
58970	1789131628557	2	35	admit-refused	authority refusal LIMIT_EXCEEDED: metadata concurrency exhausted
58984	1789131628571	2	32	succeeded	attempt 1 watch=116ms
58992	1789131628579	0	15	succeeded	attempt 1 watch=168ms
59019	1789131628606	2	5	succeeded	attempt 1 watch=151ms
59025	1789131628612	1	214	succeeded	attempt 1 watch=267ms
59055	1789131628642	1	217	succeeded	attempt 1 watch=253ms
59067	1789131628654	1	187	chunk-verified	fetch=517ms
59088	1789131628675	1	220	succeeded	attempt 1 watch=239ms
59088	1789131628675	1	190	chunk-verified	fetch=498ms
59116	1789131628703	1	196	chunk-verified	fetch=479ms
59124	1789131628711	1	223	succeeded	attempt 1 watch=250ms
59124	1789131628711	0	42	succeeded	attempt 1 watch=300ms
59127	1789131628714	1	199	chunk-verified	fetch=472ms
59127	1789131628714	0	18	admit-refused	authority refusal LIMIT_EXCEEDED: metadata concurrency exhausted
59127	1789131628714	0	21	admit-refused	authority refusal LIMIT_EXCEEDED: metadata concurrency exhausted
59127	1789131628714	0	12	admit-refused	authority refusal LIMIT_EXCEEDED: metadata concurrency exhausted
59130	1789131628717	2	47	succeeded	attempt 1 watch=262ms
59143	1789131628730	2	41	succeeded	attempt 1 watch=275ms
59151	1789131628738	0	24	succeeded	attempt 1 watch=326ms
59153	1789131628741	1	193	chunk-verified	fetch=541ms
59172	1789131628759	2	29	admit-refused	authority refusal LIMIT_EXCEEDED: metadata concurrency exhausted
59172	1789131628759	2	44	admit-refused	authority refusal LIMIT_EXCEEDED: metadata concurrency exhausted
59177	1789131628764	2	14	succeeded	attempt 1 watch=309ms
59179	1789131628766	1	226	succeeded	attempt 1 watch=284ms
59181	1789131628769	0	30	succeeded	attempt 1 watch=357ms
59199	1789131628786	2	23	succeeded	attempt 1 watch=331ms
59205	1789131628792	0	27	succeeded	attempt 1 watch=380ms
59232	1789131628819	1	229	succeeded	attempt 1 watch=301ms
59303	1789131628890	1	232	succeeded	attempt 1 watch=342ms
59308	1789131628895	0	6	first-usable-output	
59308	1789131628895	0	6	chunk-verified	fetch=454ms
59328	1789131628915	0	39	chunk-verified	fetch=415ms
59331	1789131628918	0	33	succeeded	attempt 1 watch=506ms
59351	1789131628938	1	202	chunk-verified	fetch=616ms
59353	1789131628940	2	2	first-usable-output	
59353	1789131628940	2	2	chunk-verified	fetch=453ms
59356	1789131628943	0	0	succeeded	attempt 1 watch=531ms
59356	1789131628943	2	20	succeeded	attempt 1 watch=488ms
59384	1789131628971	2	38	succeeded	attempt 1 watch=516ms
59389	1789131628977	0	9	succeeded	attempt 1 watch=565ms
59409	1789131628996	2	26	succeeded	attempt 1 watch=541ms
59409	1789131628996	0	45	chunk-verified	fetch=524ms
59411	1789131628999	1	235	succeeded	attempt 1 watch=344ms
59414	1789131629001	2	17	chunk-verified	fetch=480ms
59425	1789131629013	0	36	succeeded	attempt 1 watch=601ms
59443	1789131629031	2	11	succeeded	attempt 1 watch=576ms
59473	1789131629060	1	238	succeeded	attempt 1 watch=385ms
59478	1789131629065	2	35	succeeded	attempt 1 watch=610ms
59495	1789131629082	1	241	succeeded	attempt 1 watch=378ms
59502	1789131629090	2	8	succeeded	attempt 1 watch=634ms
59549	1789131629136	0	48	succeeded	attempt 1 watch=240ms
59552	1789131629139	1	244	succeeded	attempt 1 watch=424ms
59552	1789131629139	0	3	chunk-verified	fetch=596ms
59568	1789131629156	0	42	chunk-verified	fetch=444ms
59594	1789131629181	1	247	succeeded	attempt 1 watch=440ms
59596	1789131629184	0	15	chunk-verified	fetch=604ms
59599	1789131629186	1	205	chunk-verified	fetch=718ms
59599	1789131629186	2	50	succeeded	attempt 1 watch=245ms
59599	1789131629187	0	51	succeeded	attempt 1 watch=271ms
59609	1789131629196	2	32	chunk-verified	fetch=624ms
59624	1789131629211	2	5	chunk-verified	fetch=605ms
59661	1789131629248	2	41	chunk-verified	fetch=517ms
59678	1789131629265	1	208	chunk-verified	fetch=765ms
59706	1789131629293	1	211	chunk-verified	fetch=766ms
59726	1789131629314	1	250	succeeded	attempt 1 watch=375ms
59739	1789131629327	2	47	chunk-verified	fetch=609ms
59743	1789131629330	1	214	chunk-verified	fetch=717ms
59747	1789131629335	2	53	succeeded	attempt 1 watch=333ms
59762	1789131629349	1	217	chunk-verified	fetch=706ms
59778	1789131629365	0	54	succeeded	attempt 1 watch=369ms
59817	1789131629404	0	21	succeeded	attempt 1 watch=993ms
59820	1789131629407	0	24	chunk-verified	fetch=669ms
59840	1789131629427	0	30	chunk-verified	fetch=658ms
59844	1789131629431	1	220	chunk-verified	fetch=756ms
59859	1789131629446	0	27	chunk-verified	fetch=654ms
59862	1789131629449	0	12	succeeded	attempt 1 watch=1038ms
59885	1789131629472	1	223	chunk-verified	fetch=760ms
59885	1789131629472	2	29	succeeded	attempt 1 watch=1017ms
59888	1789131629475	1	253	succeeded	attempt 1 watch=288ms
59898	1789131629485	0	18	succeeded	attempt 1 watch=1074ms
59916	1789131629503	2	14	chunk-verified	fetch=738ms
59918	1789131629505	2	44	succeeded	attempt 1 watch=1050ms
59925	1789131629512	2	23	chunk-verified	fetch=725ms
59958	1789131629545	1	256	succeeded	attempt 1 watch=280ms
59969	1789131629557	1	226	chunk-verified	fetch=790ms
59975	1789131629562	0	57	succeeded	attempt 1 watch=423ms
59996	1789131629583	1	259	succeeded	attempt 1 watch=289ms
59998	1789131629585	1	229	chunk-verified	fetch=766ms
59998	1789131629585	2	56	succeeded	attempt 1 watch=389ms
60011	1789131629598	0	60	succeeded	attempt 1 watch=442ms
60018	1789131629606	1	232	chunk-verified	fetch=715ms
60031	1789131629619	2	59	succeeded	attempt 1 watch=407ms
60047	1789131629634	0	63	succeeded	attempt 1 watch=450ms
60065	1789131629652	1	262	succeeded	attempt 1 watch=322ms
60065	1789131629652	2	62	succeeded	attempt 1 watch=404ms
60081	1789131629668	2	20	chunk-verified	fetch=724ms
60111	1789131629699	2	65	succeeded	attempt 1 watch=372ms
60114	1789131629702	1	265	succeeded	attempt 1 watch=352ms
60120	1789131629707	2	38	chunk-verified	fetch=736ms
60131	1789131629718	1	235	chunk-verified	fetch=719ms
60148	1789131629735	1	238	chunk-verified	fetch=675ms
60151	1789131629738	1	268	succeeded	attempt 1 watch=306ms
60163	1789131629750	0	33	chunk-verified	fetch=831ms
60177	1789131629764	2	26	chunk-verified	fetch=768ms
60180	1789131629767	1	241	chunk-verified	fetch=685ms
60180	1789131629767	0	0	chunk-verified	fetch=824ms
60188	1789131629775	1	271	succeeded	attempt 1 watch=303ms
60195	1789131629782	1	244	chunk-verified	fetch=642ms
60195	1789131629782	0	36	chunk-verified	fetch=769ms
60203	1789131629790	2	11	chunk-verified	fetch=759ms
60227	1789131629814	0	66	succeeded	attempt 1 watch=406ms
60231	1789131629818	0	9	chunk-verified	fetch=841ms
60234	1789131629821	2	68	succeeded	attempt 1 watch=318ms
60242	1789131629829	2	35	chunk-verified	fetch=763ms
60247	1789131629834	2	8	chunk-verified	fetch=744ms
60291	1789131629878	0	69	succeeded	attempt 1 watch=451ms
60309	1789131629896	1	247	chunk-verified	fetch=714ms
60337	1789131629924	0	72	succeeded	attempt 1 watch=477ms
60337	1789131629924	2	71	succeeded	attempt 1 watch=412ms
60342	1789131629929	1	274	succeeded	attempt 1 watch=372ms
60407	1789131629994	2	50	chunk-verified	fetch=807ms
60427	1789131630014	1	277	succeeded	attempt 1 watch=428ms
60471	1789131630058	1	280	succeeded	attempt 1 watch=452ms
60479	1789131630067	0	48	chunk-verified	fetch=930ms
60496	1789131630084	1	250	chunk-verified	fetch=770ms
60532	1789131630119	2	74	succeeded	attempt 1 watch=451ms
60605	1789131630192	0	51	chunk-verified	fetch=1005ms
60605	1789131630192	0	75	succeeded	attempt 1 watch=442ms
60622	1789131630210	1	283	succeeded	attempt 1 watch=491ms
60628	1789131630215	0	54	chunk-verified	fetch=849ms
60633	1789131630220	2	77	succeeded	attempt 1 watch=512ms
60647	1789131630235	0	78	succeeded	attempt 1 watch=467ms
60666	1789131630254	2	80	succeeded	attempt 1 watch=489ms
60666	1789131630254	1	286	succeeded	attempt 1 watch=518ms
60696	1789131630284	2	53	chunk-verified	fetch=949ms
60704	1789131630291	0	81	succeeded	attempt 1 watch=509ms
60719	1789131630306	2	29	chunk-verified	fetch=833ms
60722	1789131630309	2	83	succeeded	attempt 1 watch=518ms
60750	1789131630337	0	21	chunk-verified	fetch=933ms
60766	1789131630353	2	86	succeeded	attempt 1 watch=523ms
60766	1789131630353	1	289	succeeded	attempt 1 watch=585ms
60794	1789131630382	1	292	succeeded	attempt 1 watch=599ms
60797	1789131630385	0	84	succeeded	attempt 1 watch=566ms
60811	1789131630398	2	89	succeeded	attempt 1 watch=563ms
60902	1789131630489	1	295	succeeded	attempt 1 watch=592ms
60907	1789131630494	1	253	chunk-verified	fetch=1019ms
60937	1789131630524	2	44	chunk-verified	fetch=1019ms
60947	1789131630535	1	256	chunk-verified	fetch=989ms
60958	1789131630545	0	87	succeeded	attempt 1 watch=478ms
60977	1789131630564	0	12	chunk-verified	fetch=1115ms
60977	1789131630564	2	92	succeeded	attempt 1 watch=570ms
60999	1789131630587	0	90	succeeded	attempt 1 watch=394ms
61026	1789131630613	0	18	chunk-verified	fetch=1127ms
61038	1789131630625	1	259	chunk-verified	fetch=1041ms
61057	1789131630645	0	60	chunk-verified	fetch=1046ms
61057	1789131630645	2	59	chunk-verified	fetch=1026ms
61068	1789131630655	2	62	chunk-verified	fetch=1002ms
61097	1789131630685	0	57	chunk-verified	fetch=1122ms
61105	1789131630693	2	56	chunk-verified	fetch=1107ms
61135	1789131630723	1	298	succeeded	attempt 1 watch=638ms
61144	1789131630731	2	65	chunk-verified	fetch=1032ms
61147	1789131630734	0	93	succeeded	attempt 1 watch=519ms
61158	1789131630745	0	63	chunk-verified	fetch=1111ms
61210	1789131630797	1	262	chunk-verified	fetch=1144ms
61212	1789131630800	2	95	succeeded	attempt 1 watch=516ms
61238	1789131630825	1	265	chunk-verified	fetch=1123ms
61331	1789131630918	1	268	chunk-verified	fetch=1180ms
61339	1789131630926	2	98	succeeded	attempt 1 watch=619ms
61339	1789131630926	0	96	succeeded	attempt 1 watch=588ms
61421	1789131631008	0	66	chunk-verified	fetch=1193ms
61457	1789131631044	1	271	chunk-verified	fetch=1268ms
61479	1789131631066	0	69	chunk-verified	fetch=1187ms
61507	1789131631094	1	301	succeeded	attempt 1 watch=599ms
61519	1789131631106	2	101	succeeded	attempt 1 watch=582ms
61530	1789131631117	0	72	chunk-verified	fetch=1192ms
61544	1789131631131	0	99	succeeded	attempt 1 watch=566ms
61547	1789131631134	2	68	chunk-verified	fetch=1313ms
61566	1789131631154	1	304	succeeded	attempt 1 watch=619ms
61599	1789131631186	2	71	chunk-verified	fetch=1262ms
61629	1789131631216	1	307	succeeded	attempt 1 watch=591ms
61650	1789131631237	1	274	chunk-verified	fetch=1307ms
61653	1789131631240	2	104	succeeded	attempt 1 watch=595ms
61675	1789131631263	0	102	succeeded	attempt 1 watch=649ms
61685	1789131631272	1	277	chunk-verified	fetch=1258ms
61719	1789131631306	2	107	succeeded	attempt 1 watch=651ms
61735	1789131631322	2	74	chunk-verified	fetch=1202ms
61743	1789131631330	1	280	chunk-verified	fetch=1272ms
61757	1789131631344	0	105	succeeded	attempt 1 watch=699ms
61770	1789131631357	1	310	succeeded	attempt 1 watch=560ms
61778	1789131631365	1	283	chunk-verified	fetch=1155ms
61786	1789131631373	2	110	succeeded	attempt 1 watch=680ms
61810	1789131631398	2	77	chunk-verified	fetch=1177ms
61813	1789131631400	1	313	succeeded	attempt 1 watch=575ms
61815	1789131631402	0	108	succeeded	attempt 1 watch=717ms
61828	1789131631415	0	75	chunk-verified	fetch=1222ms
61836	1789131631423	2	113	succeeded	attempt 1 watch=691ms
61844	1789131631431	1	316	succeeded	attempt 1 watch=512ms
61849	1789131631436	0	111	succeeded	attempt 1 watch=691ms
61862	1789131631449	1	286	chunk-verified	fetch=1195ms
61898	1789131631485	2	80	chunk-verified	fetch=1231ms
61898	1789131631485	1	292	chunk-verified	fetch=1103ms
61900	1789131631487	1	319	succeeded	attempt 1 watch=442ms
61915	1789131631502	1	295	chunk-verified	fetch=1013ms
61947	1789131631534	1	289	chunk-verified	fetch=1181ms
61949	1789131631536	0	78	chunk-verified	fetch=1301ms
61954	1789131631541	2	83	chunk-verified	fetch=1232ms
61977	1789131631564	0	114	succeeded	attempt 1 watch=556ms
61982	1789131631569	2	86	chunk-verified	fetch=1216ms
61990	1789131631577	0	81	chunk-verified	fetch=1285ms
62008	1789131631596	0	84	chunk-verified	fetch=1210ms
62013	1789131631601	2	89	chunk-verified	fetch=1202ms
62026	1789131631613	0	117	succeeded	attempt 1 watch=546ms
62033	1789131631620	2	116	succeeded	attempt 1 watch=486ms
62041	1789131631628	0	87	chunk-verified	fetch=1083ms
62101	1789131631688	2	92	chunk-verified	fetch=1123ms
62101	1789131631688	2	119	succeeded	attempt 1 watch=501ms
62101	1789131631688	1	322	succeeded	attempt 1 watch=451ms
62130	1789131631717	0	120	succeeded	attempt 1 watch=600ms
62146	1789131631733	1	325	succeeded	attempt 1 watch=460ms
62189	1789131631776	1	328	succeeded	attempt 1 watch=445ms
62195	1789131631782	0	90	chunk-verified	fetch=1195ms
62219	1789131631806	1	298	chunk-verified	fetch=1083ms
62246	1789131631833	1	331	succeeded	attempt 1 watch=467ms
62256	1789131631843	2	122	succeeded	attempt 1 watch=521ms
62346	1789131631933	0	123	succeeded	attempt 1 watch=517ms
62398	1789131631986	2	125	succeeded	attempt 1 watch=587ms
62435	1789131632022	0	126	succeeded	attempt 1 watch=486ms
62442	1789131632030	1	334	succeeded	attempt 1 watch=580ms
62442	1789131632030	2	128	succeeded	attempt 1 watch=544ms
62460	1789131632047	0	93	chunk-verified	fetch=1313ms
62466	1789131632053	2	95	chunk-verified	fetch=1253ms
62492	1789131632079	2	131	succeeded	attempt 1 watch=538ms
62495	1789131632082	2	98	chunk-verified	fetch=1156ms
62500	1789131632087	1	337	succeeded	attempt 1 watch=602ms
62517	1789131632104	0	96	chunk-verified	fetch=1177ms
62525	1789131632112	0	129	succeeded	attempt 1 watch=534ms
62541	1789131632128	2	134	succeeded	attempt 1 watch=558ms
62560	1789131632147	0	132	succeeded	attempt 1 watch=551ms
62560	1789131632147	2	101	chunk-verified	fetch=1040ms
62582	1789131632170	1	340	succeeded	attempt 1 watch=667ms
62614	1789131632201	2	137	succeeded	attempt 1 watch=600ms
62616	1789131632203	1	343	succeeded	attempt 1 watch=669ms
62646	1789131632233	0	135	succeeded	attempt 1 watch=605ms
62651	1789131632238	1	301	chunk-verified	fetch=1144ms
62672	1789131632260	1	304	chunk-verified	fetch=1105ms
62707	1789131632294	1	307	chunk-verified	fetch=1077ms
62709	1789131632296	0	99	chunk-verified	fetch=1165ms
62732	1789131632319	2	140	succeeded	attempt 1 watch=631ms
62757	1789131632344	0	102	chunk-verified	fetch=1081ms
62760	1789131632347	0	138	succeeded	attempt 1 watch=565ms
62805	1789131632392	2	104	chunk-verified	fetch=1151ms
62831	1789131632418	1	346	succeeded	attempt 1 watch=611ms
62862	1789131632449	2	110	chunk-verified	fetch=1076ms
62867	1789131632455	0	108	chunk-verified	fetch=1052ms
62885	1789131632473	2	113	chunk-verified	fetch=1049ms
62903	1789131632490	0	111	chunk-verified	fetch=1053ms
62918	1789131632505	2	107	chunk-verified	fetch=1199ms
62929	1789131632516	0	141	succeeded	attempt 1 watch=468ms
62955	1789131632542	1	310	chunk-verified	fetch=1184ms
62955	1789131632542	0	105	chunk-verified	fetch=1198ms
62984	1789131632571	1	313	chunk-verified	fetch=1170ms
62989	1789131632576	2	143	succeeded	attempt 1 watch=523ms
62997	1789131632584	0	144	succeeded	attempt 1 watch=480ms
63002	1789131632590	0	114	chunk-verified	fetch=1025ms
63046	1789131632634	1	316	chunk-verified	fetch=1202ms
63094	1789131632681	1	319	chunk-verified	fetch=1194ms
63110	1789131632697	2	146	succeeded	attempt 1 watch=615ms
63166	1789131632753	0	117	chunk-verified	fetch=1139ms
63181	1789131632768	1	349	succeeded	attempt 1 watch=529ms
63194	1789131632781	0	147	succeeded	attempt 1 watch=484ms
63218	1789131632805	0	120	chunk-verified	fetch=1087ms
63237	1789131632824	1	352	succeeded	attempt 1 watch=564ms
63237	1789131632824	2	149	succeeded	attempt 1 watch=677ms
63256	1789131632843	0	150	succeeded	attempt 1 watch=498ms
63301	1789131632888	1	355	succeeded	attempt 1 watch=594ms
63327	1789131632914	2	116	chunk-verified	fetch=1293ms
63338	1789131632926	1	322	chunk-verified	fetch=1237ms
63360	1789131632947	1	325	chunk-verified	fetch=1213ms
63382	1789131632969	0	153	succeeded	attempt 1 watch=514ms
63387	1789131632974	1	328	chunk-verified	fetch=1197ms
63407	1789131632994	2	119	chunk-verified	fetch=1305ms
63418	1789131633005	0	123	chunk-verified	fetch=1071ms
63423	1789131633010	1	331	chunk-verified	fetch=1177ms
63423	1789131633010	1	358	succeeded	attempt 1 watch=468ms
63431	1789131633018	2	152	succeeded	attempt 1 watch=626ms
63444	1789131633031	1	334	chunk-verified	fetch=1001ms
63449	1789131633036	2	122	chunk-verified	fetch=1192ms
63449	1789131633036	0	126	chunk-verified	fetch=1014ms
63455	1789131633042	0	156	succeeded	attempt 1 watch=551ms
63495	1789131633082	2	155	succeeded	attempt 1 watch=632ms
63497	1789131633085	1	361	succeeded	attempt 1 watch=513ms
63545	1789131633132	2	158	succeeded	attempt 1 watch=659ms
63548	1789131633135	0	159	succeeded	attempt 1 watch=592ms
63551	1789131633138	1	364	succeeded	attempt 1 watch=504ms
63572	1789131633159	2	125	chunk-verified	fetch=1173ms
63582	1789131633169	1	337	chunk-verified	fetch=1081ms
63598	1789131633185	2	128	chunk-verified	fetch=1155ms
63603	1789131633190	1	367	succeeded	attempt 1 watch=508ms
63609	1789131633196	2	161	succeeded	attempt 1 watch=690ms
63609	1789131633196	1	340	chunk-verified	fetch=1026ms
63661	1789131633248	0	162	succeeded	attempt 1 watch=658ms
63689	1789131633276	1	343	chunk-verified	fetch=1072ms
63741	1789131633329	0	129	chunk-verified	fetch=1216ms
63741	1789131633329	0	165	succeeded	attempt 1 watch=575ms
63753	1789131633340	2	131	chunk-verified	fetch=1261ms
63776	1789131633363	0	132	chunk-verified	fetch=1216ms
63798	1789131633385	2	134	chunk-verified	fetch=1256ms
63829	1789131633416	0	135	chunk-verified	fetch=1182ms
63842	1789131633429	1	370	succeeded	attempt 1 watch=503ms
63862	1789131633449	0	168	succeeded	attempt 1 watch=644ms
63865	1789131633452	2	164	succeeded	attempt 1 watch=537ms
63894	1789131633481	1	373	succeeded	attempt 1 watch=534ms
63907	1789131633494	2	137	chunk-verified	fetch=1293ms
63907	1789131633494	1	346	chunk-verified	fetch=1076ms
63918	1789131633505	2	167	succeeded	attempt 1 watch=510ms
63934	1789131633521	2	140	chunk-verified	fetch=1201ms
63939	1789131633526	1	376	succeeded	attempt 1 watch=551ms
63986	1789131633573	0	138	chunk-verified	fetch=1225ms
63996	1789131633583	1	379	succeeded	attempt 1 watch=573ms
64024	1789131633611	0	171	succeeded	attempt 1 watch=606ms
64047	1789131633634	2	170	succeeded	attempt 1 watch=598ms
64100	1789131633687	1	382	succeeded	attempt 1 watch=655ms
64121	1789131633708	0	174	succeeded	attempt 1 watch=671ms
64198	1789131633785	0	141	chunk-verified	fetch=1269ms
64208	1789131633795	2	173	succeeded	attempt 1 watch=636ms
64247	1789131633835	0	144	chunk-verified	fetch=1250ms
64269	1789131633856	1	385	succeeded	attempt 1 watch=687ms
64283	1789131633870	0	177	succeeded	attempt 1 watch=541ms
64312	1789131633899	1	388	succeeded	attempt 1 watch=703ms
64328	1789131633915	2	176	succeeded	attempt 1 watch=730ms
64388	1789131633975	0	180	succeeded	attempt 1 watch=612ms
64391	1789131633978	2	179	succeeded	attempt 1 watch=637ms
64396	1789131633983	2	143	chunk-verified	fetch=1406ms
64429	1789131634016	2	146	chunk-verified	fetch=1318ms
64444	1789131634031	0	183	succeeded	attempt 1 watch=614ms
64444	1789131634031	2	182	succeeded	attempt 1 watch=646ms
64444	1789131634031	1	391	succeeded	attempt 1 watch=754ms
64446	1789131634033	1	349	chunk-verified	fetch=1265ms
64465	1789131634052	0	147	chunk-verified	fetch=1270ms
64475	1789131634062	2	149	chunk-verified	fetch=1238ms
64568	1789131634155	2	185	succeeded	attempt 1 watch=660ms
64578	1789131634165	0	186	succeeded	attempt 1 watch=591ms
64593	1789131634180	1	352	chunk-verified	fetch=1355ms
64593	1789131634180	0	153	chunk-verified	fetch=1211ms
64610	1789131634197	0	150	chunk-verified	fetch=1354ms
64616	1789131634203	1	394	succeeded	attempt 1 watch=708ms
64639	1789131634226	1	355	chunk-verified	fetch=1338ms
64699	1789131634286	2	188	succeeded	attempt 1 watch=765ms
64747	1789131634334	0	156	chunk-verified	fetch=1292ms
64791	1789131634378	2	152	chunk-verified	fetch=1359ms
64791	1789131634378	0	159	chunk-verified	fetch=1243ms
64793	1789131634380	0	189	succeeded	attempt 1 watch=594ms
64827	1789131634414	1	358	chunk-verified	fetch=1404ms
64845	1789131634432	2	155	chunk-verified	fetch=1350ms
64862	1789131634449	0	192	succeeded	attempt 1 watch=614ms
64868	1789131634455	2	158	chunk-verified	fetch=1322ms
64878	1789131634465	0	162	chunk-verified	fetch=1217ms
64903	1789131634490	2	161	chunk-verified	fetch=1294ms
64941	1789131634528	1	361	chunk-verified	fetch=1443ms
64993	1789131634580	1	364	chunk-verified	fetch=1441ms
65003	1789131634590	0	165	chunk-verified	fetch=1261ms
65018	1789131634605	2	191	succeeded	attempt 1 watch=621ms
65047	1789131634634	1	397	succeeded	attempt 1 watch=600ms
65052	1789131634639	1	367	chunk-verified	fetch=1449ms
65086	1789131634673	2	194	succeeded	attempt 1 watch=657ms
65101	1789131634689	0	195	succeeded	attempt 1 watch=636ms
65115	1789131634702	1	400	succeeded	attempt 1 watch=522ms
65151	1789131634738	1	373	chunk-verified	fetch=1257ms
65180	1789131634768	0	168	chunk-verified	fetch=1318ms
65186	1789131634773	1	370	chunk-verified	fetch=1344ms
65196	1789131634783	2	197	succeeded	attempt 1 watch=721ms
65222	1789131634809	0	198	succeeded	attempt 1 watch=629ms
65227	1789131634814	1	403	succeeded	attempt 1 watch=587ms
65269	1789131634856	2	164	chunk-verified	fetch=1403ms
65274	1789131634861	0	201	succeeded	attempt 1 watch=663ms
65293	1789131634880	1	406	succeeded	attempt 1 watch=465ms
65318	1789131634905	2	167	chunk-verified	fetch=1400ms
65318	1789131634905	1	376	chunk-verified	fetch=1379ms
65326	1789131634913	0	204	succeeded	attempt 1 watch=578ms
65342	1789131634929	1	379	chunk-verified	fetch=1346ms
65350	1789131634937	2	200	succeeded	attempt 1 watch=559ms
65350	1789131634937	1	409	succeeded	attempt 1 watch=409ms
65368	1789131634956	0	171	chunk-verified	fetch=1344ms
65389	1789131634976	1	385	chunk-verified	fetch=1119ms
65389	1789131634976	2	170	chunk-verified	fetch=1341ms
65391	1789131634979	0	207	succeeded	attempt 1 watch=600ms
65404	1789131634992	2	203	succeeded	attempt 1 watch=559ms
65415	1789131635002	1	412	succeeded	attempt 1 watch=421ms
65420	1789131635007	0	174	chunk-verified	fetch=1299ms
65420	1789131635007	1	388	chunk-verified	fetch=1107ms
65465	1789131635052	1	391	chunk-verified	fetch=1020ms
65469	1789131635057	2	206	succeeded	attempt 1 watch=601ms
65480	1789131635067	1	415	succeeded	attempt 1 watch=427ms
65482	1789131635069	2	173	chunk-verified	fetch=1274ms
65509	1789131635097	2	209	succeeded	attempt 1 watch=606ms
65519	1789131635106	2	176	chunk-verified	fetch=1191ms
65522	1789131635110	1	382	chunk-verified	fetch=1422ms
65550	1789131635137	0	210	succeeded	attempt 1 watch=672ms
65563	1789131635150	2	179	chunk-verified	fetch=1172ms
65601	1789131635188	0	213	succeeded	attempt 1 watch=598ms
65639	1789131635226	0	180	chunk-verified	fetch=1250ms
65645	1789131635232	1	418	succeeded	attempt 1 watch=493ms
65671	1789131635258	0	183	chunk-verified	fetch=1227ms
65680	1789131635267	2	182	chunk-verified	fetch=1236ms
65703	1789131635290	1	421	succeeded	attempt 1 watch=517ms
65707	1789131635295	2	212	succeeded	attempt 1 watch=438ms
65707	1789131635295	0	186	chunk-verified	fetch=1129ms
65711	1789131635299	1	394	chunk-verified	fetch=1095ms
65714	1789131635301	0	216	succeeded	attempt 1 watch=533ms
65720	1789131635307	2	185	chunk-verified	fetch=1152ms
65731	1789131635318	0	177	chunk-verified	fetch=1448ms
65763	1789131635351	2	215	succeeded	attempt 1 watch=445ms
65785	1789131635372	2	188	chunk-verified	fetch=1086ms
65883	1789131635470	2	218	succeeded	attempt 1 watch=493ms
65903	1789131635490	1	424	succeeded	attempt 1 watch=584ms
65969	1789131635556	1	427	succeeded	attempt 1 watch=626ms
65974	1789131635561	0	219	succeeded	attempt 1 watch=605ms
66057	1789131635644	2	221	succeeded	attempt 1 watch=574ms
66062	1789131635649	0	222	succeeded	attempt 1 watch=641ms
66079	1789131635667	1	430	succeeded	attempt 1 watch=690ms
66151	1789131635738	0	189	chunk-verified	fetch=1357ms
66182	1789131635769	0	192	chunk-verified	fetch=1319ms
66188	1789131635775	2	224	succeeded	attempt 1 watch=669ms
66219	1789131635806	1	433	succeeded	attempt 1 watch=798ms
66261	1789131635848	2	227	succeeded	attempt 1 watch=697ms
66276	1789131635863	0	225	succeeded	attempt 1 watch=636ms
66294	1789131635881	2	191	chunk-verified	fetch=1275ms
66300	1789131635887	1	436	succeeded	attempt 1 watch=834ms
66317	1789131635904	2	230	succeeded	attempt 1 watch=636ms
66327	1789131635914	2	194	chunk-verified	fetch=1241ms
66338	1789131635926	0	228	succeeded	attempt 1 watch=667ms
66353	1789131635941	2	197	chunk-verified	fetch=1157ms
66360	1789131635947	0	195	chunk-verified	fetch=1258ms
66380	1789131635968	0	231	succeeded	attempt 1 watch=672ms
66421	1789131636008	1	439	succeeded	attempt 1 watch=898ms
66433	1789131636020	0	234	succeeded	attempt 1 watch=701ms
66458	1789131636045	2	233	succeeded	attempt 1 watch=737ms
66518	1789131636105	1	397	chunk-verified	fetch=1470ms
66562	1789131636149	1	400	chunk-verified	fetch=1446ms
66585	1789131636172	2	236	succeeded	attempt 1 watch=799ms
66591	1789131636178	0	198	chunk-verified	fetch=1368ms
66606	1789131636193	1	442	succeeded	attempt 1 watch=894ms
66634	1789131636221	0	201	chunk-verified	fetch=1360ms
66658	1789131636245	0	207	chunk-verified	fetch=1266ms
66682	1789131636270	1	406	chunk-verified	fetch=1389ms
66683	1789131636270	2	200	chunk-verified	fetch=1332ms
66706	1789131636293	2	203	chunk-verified	fetch=1301ms
66723	1789131636310	1	403	chunk-verified	fetch=1496ms
66723	1789131636310	0	204	chunk-verified	fetch=1397ms
66726	1789131636313	0	237	succeeded	attempt 1 watch=574ms
66739	1789131636326	2	209	chunk-verified	fetch=1229ms
66762	1789131636349	0	210	chunk-verified	fetch=1211ms
66762	1789131636349	2	206	chunk-verified	fetch=1292ms
66789	1789131636376	0	240	succeeded	attempt 1 watch=606ms
66791	1789131636378	0	213	chunk-verified	fetch=1189ms
66833	1789131636420	2	239	succeeded	attempt 1 watch=539ms
66835	1789131636423	1	409	chunk-verified	fetch=1485ms
66906	1789131636494	1	412	chunk-verified	fetch=1491ms
66926	1789131636513	2	242	succeeded	attempt 1 watch=598ms
66933	1789131636520	1	415	chunk-verified	fetch=1453ms
66968	1789131636555	0	243	succeeded	attempt 1 watch=607ms
66977	1789131636564	1	445	succeeded	attempt 1 watch=458ms
66992	1789131636580	2	245	succeeded	attempt 1 watch=639ms
66993	1789131636580	1	418	chunk-verified	fetch=1347ms
67029	1789131636616	1	448	succeeded	attempt 1 watch=467ms
67094	1789131636681	2	212	chunk-verified	fetch=1386ms
67105	1789131636692	0	246	succeeded	attempt 1 watch=514ms
67118	1789131636705	0	216	chunk-verified	fetch=1403ms
67125	1789131636712	2	215	chunk-verified	fetch=1361ms
67125	1789131636712	1	421	chunk-verified	fetch=1422ms
67166	1789131636754	1	451	succeeded	attempt 1 watch=483ms
67167	1789131636754	0	249	succeeded	attempt 1 watch=532ms
67169	1789131636756	0	219	chunk-verified	fetch=1195ms
67194	1789131636781	2	248	succeeded	attempt 1 watch=511ms
67220	1789131636807	1	424	chunk-verified	fetch=1316ms
67222	1789131636809	1	454	succeeded	attempt 1 watch=499ms
67222	1789131636809	0	252	succeeded	attempt 1 watch=563ms
67225	1789131636813	2	218	chunk-verified	fetch=1342ms
67280	1789131636867	1	427	chunk-verified	fetch=1311ms
67280	1789131636867	2	221	chunk-verified	fetch=1223ms
67286	1789131636873	1	457	succeeded	attempt 1 watch=450ms
67293	1789131636881	1	430	chunk-verified	fetch=1214ms
67296	1789131636883	0	255	succeeded	attempt 1 watch=572ms
67296	1789131636883	2	251	succeeded	attempt 1 watch=590ms
67298	1789131636886	0	222	chunk-verified	fetch=1236ms
67313	1789131636900	1	433	chunk-verified	fetch=1094ms
67358	1789131636945	1	460	succeeded	attempt 1 watch=451ms
67361	1789131636948	2	254	succeeded	attempt 1 watch=621ms
67361	1789131636948	1	436	chunk-verified	fetch=1060ms
67370	1789131636958	2	224	chunk-verified	fetch=1182ms
67404	1789131636991	0	258	succeeded	attempt 1 watch=642ms
67406	1789131636993	2	257	succeeded	attempt 1 watch=644ms
67410	1789131636997	1	463	succeeded	attempt 1 watch=476ms
67438	1789131637026	1	439	chunk-verified	fetch=1017ms
67475	1789131637062	1	466	succeeded	attempt 1 watch=482ms
67490	1789131637077	2	227	chunk-verified	fetch=1228ms
67522	1789131637109	0	261	succeeded	attempt 1 watch=731ms
67603	1789131637190	2	230	chunk-verified	fetch=1285ms
67609	1789131637196	0	225	chunk-verified	fetch=1332ms
67653	1789131637240	0	228	chunk-verified	fetch=1314ms
67675	1789131637262	2	260	succeeded	attempt 1 watch=580ms
67680	1789131637267	0	234	chunk-verified	fetch=1247ms
67681	1789131637268	1	469	succeeded	attempt 1 watch=555ms
67697	1789131637284	2	233	chunk-verified	fetch=1239ms
67722	1789131637309	0	264	succeeded	attempt 1 watch=604ms
67724	1789131637312	0	231	chunk-verified	fetch=1343ms
67727	1789131637314	2	236	chunk-verified	fetch=1142ms
67739	1789131637326	1	442	chunk-verified	fetch=1132ms
67743	1789131637330	2	263	succeeded	attempt 1 watch=617ms
67802	1789131637389	0	267	succeeded	attempt 1 watch=633ms
67833	1789131637420	1	472	succeeded	attempt 1 watch=612ms
67870	1789131637457	2	266	succeeded	attempt 1 watch=644ms
67920	1789131637507	2	269	succeeded	attempt 1 watch=639ms
67952	1789131637539	1	475	succeeded	attempt 1 watch=671ms
68019	1789131637606	0	270	succeeded	attempt 1 watch=720ms
68059	1789131637646	2	272	succeeded	attempt 1 watch=688ms
68066	1789131637653	1	478	succeeded	attempt 1 watch=772ms
68100	1789131637687	0	237	chunk-verified	fetch=1374ms
68115	1789131637703	1	481	succeeded	attempt 1 watch=802ms
68153	1789131637740	0	240	chunk-verified	fetch=1363ms
68193	1789131637780	0	273	succeeded	attempt 1 watch=584ms
68230	1789131637817	1	484	succeeded	attempt 1 watch=869ms
68242	1789131637829	2	275	succeeded	attempt 1 watch=751ms
68258	1789131637845	0	243	chunk-verified	fetch=1290ms
68268	1789131637855	0	276	succeeded	attempt 1 watch=614ms
68273	1789131637860	2	239	chunk-verified	fetch=1439ms
68312	1789131637899	2	278	succeeded	attempt 1 watch=709ms
68315	1789131637902	2	242	chunk-verified	fetch=1388ms
68331	1789131637918	0	279	succeeded	attempt 1 watch=651ms
68348	1789131637936	0	246	chunk-verified	fetch=1243ms
68363	1789131637950	1	487	succeeded	attempt 1 watch=924ms
68366	1789131637953	2	245	chunk-verified	fetch=1373ms
68462	1789131638049	0	282	succeeded	attempt 1 watch=737ms
68465	1789131638052	2	281	succeeded	attempt 1 watch=767ms
68506	1789131638093	1	448	chunk-verified	fetch=1477ms
68551	1789131638138	1	445	chunk-verified	fetch=1573ms
68551	1789131638138	1	490	succeeded	attempt 1 watch=811ms
68587	1789131638174	2	284	succeeded	attempt 1 watch=859ms
68613	1789131638200	0	249	chunk-verified	fetch=1446ms
68649	1789131638237	0	252	chunk-verified	fetch=1427ms
68658	1789131638245	1	451	chunk-verified	fetch=1491ms
68661	1789131638248	0	285	succeeded	attempt 1 watch=560ms
68663	1789131638250	0	258	chunk-verified	fetch=1258ms
68683	1789131638271	2	248	chunk-verified	fetch=1489ms
68705	1789131638293	0	255	chunk-verified	fetch=1409ms
68713	1789131638300	0	288	succeeded	attempt 1 watch=560ms
68718	1789131638305	0	261	chunk-verified	fetch=1195ms
68737	1789131638324	1	454	chunk-verified	fetch=1514ms
68795	1789131638382	2	251	chunk-verified	fetch=1499ms
68803	1789131638391	1	457	chunk-verified	fetch=1517ms
68904	1789131638491	2	254	chunk-verified	fetch=1543ms
68924	1789131638511	1	460	chunk-verified	fetch=1565ms
68937	1789131638525	0	291	succeeded	attempt 1 watch=679ms
68940	1789131638528	2	257	chunk-verified	fetch=1534ms
68946	1789131638534	2	287	succeeded	attempt 1 watch=673ms
69006	1789131638593	0	294	succeeded	attempt 1 watch=657ms
69028	1789131638616	1	463	chunk-verified	fetch=1618ms
69048	1789131638636	1	493	succeeded	attempt 1 watch=542ms
69068	1789131638655	1	466	chunk-verified	fetch=1593ms
69077	1789131638664	2	290	succeeded	attempt 1 watch=762ms
69107	1789131638694	1	469	chunk-verified	fetch=1426ms
69112	1789131638699	1	496	succeeded	attempt 1 watch=561ms
69131	1789131638719	2	293	succeeded	attempt 1 watch=765ms
69148	1789131638736	0	264	chunk-verified	fetch=1426ms
69151	1789131638738	2	260	chunk-verified	fetch=1475ms
69197	1789131638784	0	267	chunk-verified	fetch=1394ms
69211	1789131638798	0	297	succeeded	attempt 1 watch=597ms
69245	1789131638832	1	499	succeeded	attempt 1 watch=586ms
69258	1789131638845	0	270	chunk-verified	fetch=1238ms
69265	1789131638852	0	300	succeeded	attempt 1 watch=615ms
69265	1789131638852	1	472	chunk-verified	fetch=1432ms
69290	1789131638877	2	263	chunk-verified	fetch=1547ms
69298	1789131638885	1	502	succeeded	attempt 1 watch=560ms
69324	1789131638912	2	296	succeeded	attempt 1 watch=640ms
69344	1789131638931	1	475	chunk-verified	fetch=1391ms
69352	1789131638939	1	505	succeeded	attempt 1 watch=548ms
69366	1789131638954	0	303	succeeded	attempt 1 watch=703ms
69373	1789131638960	2	266	chunk-verified	fetch=1503ms
69391	1789131638979	2	299	succeeded	attempt 1 watch=596ms
69391	1789131638979	1	478	chunk-verified	fetch=1325ms
69411	1789131638998	2	269	chunk-verified	fetch=1491ms
69417	1789131639004	1	508	succeeded	attempt 1 watch=493ms
69417	1789131639004	1	484	chunk-verified	fetch=1186ms
69448	1789131639035	1	481	chunk-verified	fetch=1332ms
69456	1789131639043	2	275	chunk-verified	fetch=1213ms
69458	1789131639045	2	302	succeeded	attempt 1 watch=554ms
69472	1789131639059	1	511	succeeded	attempt 1 watch=443ms
69482	1789131639069	1	487	chunk-verified	fetch=1118ms
69502	1789131639089	2	272	chunk-verified	fetch=1442ms
69509	1789131639096	0	309	succeeded	attempt 1 watch=790ms
69525	1789131639113	2	305	succeeded	attempt 1 watch=585ms
69583	1789131639170	0	306	succeeded	attempt 1 watch=877ms
69605	1789131639192	1	514	succeeded	attempt 1 watch=536ms
69657	1789131639244	0	273	chunk-verified	fetch=1463ms
69661	1789131639249	1	517	succeeded	attempt 1 watch=554ms
69671	1789131639258	2	278	chunk-verified	fetch=1359ms
69699	1789131639286	0	276	chunk-verified	fetch=1431ms
69779	1789131639366	0	312	succeeded	attempt 1 watch=630ms
69787	1789131639374	2	308	succeeded	attempt 1 watch=636ms
69790	1789131639377	1	520	succeeded	attempt 1 watch=525ms
69807	1789131639394	1	490	chunk-verified	fetch=1256ms
69807	1789131639394	2	281	chunk-verified	fetch=1342ms
69807	1789131639394	0	279	chunk-verified	fetch=1475ms
69834	1789131639421	0	282	chunk-verified	fetch=1371ms
69841	1789131639428	0	315	succeeded	attempt 1 watch=644ms
69849	1789131639436	2	311	succeeded	attempt 1 watch=558ms
69911	1789131639498	2	284	chunk-verified	fetch=1324ms
69944	1789131639531	1	523	succeeded	attempt 1 watch=599ms
69959	1789131639546	0	318	succeeded	attempt 1 watch=701ms
69973	1789131639560	2	314	succeeded	attempt 1 watch=599ms
70032	1789131639619	1	526	succeeded	attempt 1 watch=640ms
70072	1789131639659	2	317	succeeded	attempt 1 watch=660ms
70086	1789131639673	1	529	succeeded	attempt 1 watch=669ms
70105	1789131639692	0	285	chunk-verified	fetch=1444ms
70120	1789131639707	2	320	succeeded	attempt 1 watch=664ms
70170	1789131639757	0	288	chunk-verified	fetch=1457ms
70201	1789131639788	1	532	succeeded	attempt 1 watch=752ms
70223	1789131639810	0	291	chunk-verified	fetch=1285ms
70228	1789131639815	2	323	succeeded	attempt 1 watch=726ms
70228	1789131639815	0	321	succeeded	attempt 1 watch=571ms
70273	1789131639860	1	535	succeeded	attempt 1 watch=791ms
70297	1789131639884	0	324	succeeded	attempt 1 watch=597ms
70312	1789131639899	0	294	chunk-verified	fetch=1306ms
70365	1789131639952	2	326	succeeded	attempt 1 watch=693ms
70392	1789131639979	2	287	chunk-verified	fetch=1445ms
70416	1789131640004	2	290	chunk-verified	fetch=1339ms
70422	1789131640009	1	493	chunk-verified	fetch=1373ms
70429	1789131640017	0	327	succeeded	attempt 1 watch=622ms
70432	1789131640020	2	329	succeeded	attempt 1 watch=625ms
70445	1789131640032	2	293	chunk-verified	fetch=1313ms
70522	1789131640110	1	496	chunk-verified	fetch=1410ms
70544	1789131640131	0	330	succeeded	attempt 1 watch=710ms
70592	1789131640179	1	538	succeeded	attempt 1 watch=785ms
70619	1789131640206	2	332	succeeded	attempt 1 watch=707ms
70619	1789131640206	0	297	chunk-verified	fetch=1407ms
70668	1789131640255	1	499	chunk-verified	fetch=1423ms
70671	1789131640258	0	333	succeeded	attempt 1 watch=565ms
70712	1789131640299	1	505	chunk-verified	fetch=1360ms
70720	1789131640308	2	296	chunk-verified	fetch=1395ms
70723	1789131640310	0	300	chunk-verified	fetch=1458ms
70735	1789131640322	1	502	chunk-verified	fetch=1437ms
70745	1789131640332	0	336	succeeded	attempt 1 watch=574ms
70755	1789131640342	2	299	chunk-verified	fetch=1363ms
70762	1789131640350	0	303	chunk-verified	fetch=1395ms
70788	1789131640375	0	309	chunk-verified	fetch=1279ms
70841	1789131640428	0	306	chunk-verified	fetch=1258ms
70844	1789131640431	1	508	chunk-verified	fetch=1427ms
70860	1789131640447	0	339	succeeded	attempt 1 watch=637ms
70887	1789131640475	2	302	chunk-verified	fetch=1429ms
70921	1789131640508	2	305	chunk-verified	fetch=1395ms
70948	1789131640535	1	541	succeeded	attempt 1 watch=526ms
70950	1789131640537	1	511	chunk-verified	fetch=1478ms
70967	1789131640554	0	342	succeeded	attempt 1 watch=655ms
70974	1789131640562	2	335	succeeded	attempt 1 watch=582ms
70991	1789131640579	1	514	chunk-verified	fetch=1386ms
71007	1789131640595	1	544	succeeded	attempt 1 watch=484ms
71014	1789131640602	1	517	chunk-verified	fetch=1352ms
71038	1789131640625	2	338	succeeded	attempt 1 watch=621ms
71060	1789131640647	0	312	chunk-verified	fetch=1281ms
71068	1789131640655	1	520	chunk-verified	fetch=1277ms
71145	1789131640732	1	547	succeeded	attempt 1 watch=476ms
71152	1789131640739	0	345	succeeded	attempt 1 watch=533ms
71154	1789131640742	2	341	succeeded	attempt 1 watch=709ms
71162	1789131640749	0	315	chunk-verified	fetch=1320ms
71176	1789131640763	1	523	chunk-verified	fetch=1232ms
71198	1789131640786	0	318	chunk-verified	fetch=1239ms
71207	1789131640794	1	526	chunk-verified	fetch=1174ms
71209	1789131640796	1	550	succeeded	attempt 1 watch=497ms
71233	1789131640820	2	311	chunk-verified	fetch=1384ms
71259	1789131640846	0	348	succeeded	attempt 1 watch=535ms
71259	1789131640846	2	344	succeeded	attempt 1 watch=538ms
71268	1789131640855	2	314	chunk-verified	fetch=1294ms
71282	1789131640869	1	553	succeeded	attempt 1 watch=546ms
71287	1789131640874	2	308	chunk-verified	fetch=1500ms
71315	1789131640903	2	347	succeeded	attempt 1 watch=560ms
71318	1789131640905	2	317	chunk-verified	fetch=1246ms
71340	1789131640927	1	556	succeeded	attempt 1 watch=496ms
71357	1789131640945	1	529	chunk-verified	fetch=1271ms
71363	1789131640950	2	350	succeeded	attempt 1 watch=475ms
71368	1789131640955	2	320	chunk-verified	fetch=1248ms
71390	1789131640977	0	351	succeeded	attempt 1 watch=627ms
71407	1789131640994	1	532	chunk-verified	fetch=1205ms
71425	1789131641012	2	323	chunk-verified	fetch=1196ms
71446	1789131641033	2	353	succeeded	attempt 1 watch=525ms
71446	1789131641033	1	535	chunk-verified	fetch=1172ms
71456	1789131641043	1	559	succeeded	attempt 1 watch=505ms
71465	1789131641052	2	326	chunk-verified	fetch=1100ms
71477	1789131641064	0	354	succeeded	attempt 1 watch=688ms
71514	1789131641102	1	562	succeeded	attempt 1 watch=522ms
71536	1789131641123	0	357	succeeded	attempt 1 watch=694ms
71556	1789131641143	0	321	chunk-verified	fetch=1327ms
71649	1789131641236	1	565	succeeded	attempt 1 watch=634ms
71654	1789131641241	2	329	chunk-verified	fetch=1221ms
71679	1789131641266	2	356	succeeded	attempt 1 watch=446ms
71695	1789131641282	0	324	chunk-verified	fetch=1398ms
71712	1789131641299	1	568	succeeded	attempt 1 watch=644ms
71715	1789131641302	2	332	chunk-verified	fetch=1096ms
71721	1789131641308	0	360	succeeded	attempt 1 watch=661ms
71759	1789131641346	2	359	succeeded	attempt 1 watch=491ms
71782	1789131641369	0	327	chunk-verified	fetch=1352ms
71787	1789131641374	1	538	chunk-verified	fetch=1195ms
71807	1789131641395	1	571	succeeded	attempt 1 watch=631ms
71819	1789131641407	2	362	succeeded	attempt 1 watch=532ms
71822	1789131641409	0	330	chunk-verified	fetch=1278ms
71854	1789131641441	0	363	succeeded	attempt 1 watch=691ms
71856	1789131641443	1	574	succeeded	attempt 1 watch=649ms
71913	1789131641500	0	366	succeeded	attempt 1 watch=714ms
71919	1789131641506	2	365	succeeded	attempt 1 watch=600ms
71991	1789131641579	0	333	chunk-verified	fetch=1320ms
72026	1789131641613	2	368	succeeded	attempt 1 watch=657ms
72090	1789131641677	2	371	succeeded	attempt 1 watch=665ms
72090	1789131641677	0	336	chunk-verified	fetch=1345ms
72090	1789131641677	1	577	succeeded	attempt 1 watch=732ms
72142	1789131641729	1	580	succeeded	attempt 1 watch=735ms
72169	1789131641756	1	541	chunk-verified	fetch=1220ms
72194	1789131641781	2	374	succeeded	attempt 1 watch=728ms
72233	1789131641820	0	369	succeeded	attempt 1 watch=677ms
72233	1789131641820	2	377	succeeded	attempt 1 watch=578ms
72245	1789131641832	1	583	succeeded	attempt 1 watch=798ms
72255	1789131641842	2	335	chunk-verified	fetch=1280ms
72277	1789131641865	2	338	chunk-verified	fetch=1239ms
72282	1789131641870	0	372	succeeded	attempt 1 watch=587ms
72305	1789131641892	2	341	chunk-verified	fetch=1150ms
72305	1789131641893	0	339	chunk-verified	fetch=1445ms
72334	1789131641921	2	380	succeeded	attempt 1 watch=618ms
72344	1789131641932	2	344	chunk-verified	fetch=1085ms
72357	1789131641944	0	342	chunk-verified	fetch=1389ms
72378	1789131641965	1	544	chunk-verified	fetch=1370ms
72403	1789131641990	0	345	chunk-verified	fetch=1250ms
72403	1789131641990	0	375	succeeded	attempt 1 watch=620ms
72441	1789131642028	1	586	succeeded	attempt 1 watch=653ms
72443	1789131642030	0	378	succeeded	attempt 1 watch=621ms
72456	1789131642044	1	547	chunk-verified	fetch=1311ms
72573	1789131642160	2	347	chunk-verified	fetch=1257ms
72630	1789131642217	0	381	succeeded	attempt 1 watch=638ms
72630	1789131642217	2	350	chunk-verified	fetch=1267ms
72654	1789131642241	0	348	chunk-verified	fetch=1394ms
72656	1789131642244	1	550	chunk-verified	fetch=1447ms
72689	1789131642276	0	384	succeeded	attempt 1 watch=599ms
72694	1789131642282	0	351	chunk-verified	fetch=1304ms
72694	1789131642282	1	553	chunk-verified	fetch=1412ms
72732	1789131642319	2	353	chunk-verified	fetch=1286ms
72747	1789131642334	1	556	chunk-verified	fetch=1406ms
72753	1789131642340	1	589	succeeded	attempt 1 watch=584ms
72758	1789131642345	1	559	chunk-verified	fetch=1301ms
72778	1789131642365	0	354	chunk-verified	fetch=1300ms
72798	1789131642385	2	383	succeeded	attempt 1 watch=542ms
72848	1789131642435	0	357	chunk-verified	fetch=1311ms
72848	1789131642435	0	387	succeeded	attempt 1 watch=542ms
72848	1789131642435	2	386	succeeded	attempt 1 watch=570ms
72870	1789131642457	1	592	succeeded	attempt 1 watch=492ms
72883	1789131642470	1	562	chunk-verified	fetch=1368ms
72883	1789131642470	2	356	chunk-verified	fetch=1203ms
72890	1789131642477	0	390	succeeded	attempt 1 watch=533ms
72893	1789131642480	2	389	succeeded	attempt 1 watch=587ms
72925	1789131642512	0	360	chunk-verified	fetch=1203ms
72925	1789131642512	1	565	chunk-verified	fetch=1275ms
72939	1789131642526	0	393	succeeded	attempt 1 watch=536ms
72941	1789131642528	1	595	succeeded	attempt 1 watch=484ms
72941	1789131642528	1	568	chunk-verified	fetch=1228ms
72956	1789131642544	2	392	succeeded	attempt 1 watch=612ms
73041	1789131642628	1	598	succeeded	attempt 1 watch=384ms
73055	1789131642642	1	571	chunk-verified	fetch=1247ms
73055	1789131642642	2	395	succeeded	attempt 1 watch=482ms
73061	1789131642648	2	359	chunk-verified	fetch=1301ms
73078	1789131642665	1	574	chunk-verified	fetch=1222ms
73093	1789131642680	1	601	succeeded	attempt 1 watch=398ms
73109	1789131642696	2	398	succeeded	attempt 1 watch=478ms
73116	1789131642704	2	362	chunk-verified	fetch=1296ms
73116	1789131642704	1	580	chunk-verified	fetch=974ms
73116	1789131642704	0	363	chunk-verified	fetch=1262ms
73126	1789131642714	2	371	chunk-verified	fetch=1036ms
73135	1789131642723	0	396	succeeded	attempt 1 watch=481ms
73155	1789131642742	1	604	succeeded	attempt 1 watch=407ms
73157	1789131642745	2	365	chunk-verified	fetch=1238ms
73157	1789131642745	1	577	chunk-verified	fetch=1067ms
73160	1789131642747	0	366	chunk-verified	fetch=1246ms
73165	1789131642752	2	401	succeeded	attempt 1 watch=432ms
73185	1789131642772	2	368	chunk-verified	fetch=1158ms
73211	1789131642798	2	374	chunk-verified	fetch=1016ms
73242	1789131642830	0	399	succeeded	attempt 1 watch=547ms
73245	1789131642832	2	377	chunk-verified	fetch=1011ms
73266	1789131642853	1	607	succeeded	attempt 1 watch=508ms
73280	1789131642867	0	402	succeeded	attempt 1 watch=502ms
73303	1789131642890	0	369	chunk-verified	fetch=1069ms
73323	1789131642910	2	404	succeeded	attempt 1 watch=440ms
73335	1789131642922	0	405	succeeded	attempt 1 watch=487ms
73340	1789131642927	1	583	chunk-verified	fetch=1095ms
73345	1789131642932	0	372	chunk-verified	fetch=1062ms
73369	1789131642956	1	610	succeeded	attempt 1 watch=486ms
73414	1789131643001	1	613	succeeded	attempt 1 watch=488ms
73480	1789131643067	0	408	succeeded	attempt 1 watch=554ms
73501	1789131643088	1	616	succeeded	attempt 1 watch=559ms
73501	1789131643088	2	380	chunk-verified	fetch=1167ms
73537	1789131643124	2	407	succeeded	attempt 1 watch=476ms
73561	1789131643149	1	586	chunk-verified	fetch=1120ms
73564	1789131643151	0	411	succeeded	attempt 1 watch=447ms
73601	1789131643188	0	375	chunk-verified	fetch=1198ms
73619	1789131643206	1	619	succeeded	attempt 1 watch=563ms
73641	1789131643228	0	378	chunk-verified	fetch=1197ms
73643	1789131643230	2	410	succeeded	attempt 1 watch=526ms
73671	1789131643259	1	622	succeeded	attempt 1 watch=593ms
73676	1789131643263	0	381	chunk-verified	fetch=1046ms
73679	1789131643266	0	414	succeeded	attempt 1 watch=518ms
73700	1789131643288	2	413	succeeded	attempt 1 watch=574ms
73758	1789131643346	0	384	chunk-verified	fetch=1069ms
73764	1789131643351	2	416	succeeded	attempt 1 watch=606ms
73787	1789131643374	1	625	succeeded	attempt 1 watch=670ms
73836	1789131643423	0	417	succeeded	attempt 1 watch=533ms
73869	1789131643456	2	419	succeeded	attempt 1 watch=683ms
73876	1789131643463	1	628	succeeded	attempt 1 watch=718ms
73889	1789131643476	0	420	succeeded	attempt 1 watch=543ms
73914	1789131643501	2	422	succeeded	attempt 1 watch=703ms
73943	1789131643530	1	589	chunk-verified	fetch=1190ms
73970	1789131643557	1	592	chunk-verified	fetch=1099ms
73978	1789131643565	1	631	succeeded	attempt 1 watch=637ms
73978	1789131643565	2	425	succeeded	attempt 1 watch=732ms
73990	1789131643578	0	387	chunk-verified	fetch=1142ms
73990	1789131643578	2	383	chunk-verified	fetch=1192ms
74034	1789131643622	2	386	chunk-verified	fetch=1186ms
74040	1789131643627	0	390	chunk-verified	fetch=1149ms
74063	1789131643650	0	393	chunk-verified	fetch=1123ms
74081	1789131643668	0	423	succeeded	attempt 1 watch=479ms
74081	1789131643668	2	428	succeeded	attempt 1 watch=579ms
74112	1789131643699	2	389	chunk-verified	fetch=1219ms
74130	1789131643717	0	426	succeeded	attempt 1 watch=488ms
74149	1789131643737	2	392	chunk-verified	fetch=1193ms
74154	1789131643741	0	396	chunk-verified	fetch=1018ms
74154	1789131643741	1	595	chunk-verified	fetch=1213ms
74172	1789131643759	2	398	chunk-verified	fetch=1063ms
74174	1789131643762	1	634	succeeded	attempt 1 watch=613ms
74174	1789131643762	1	598	chunk-verified	fetch=1133ms
74224	1789131643811	0	429	succeeded	attempt 1 watch=548ms
74260	1789131643848	2	395	chunk-verified	fetch=1205ms
74277	1789131643864	0	432	succeeded	attempt 1 watch=518ms
74290	1789131643877	0	399	chunk-verified	fetch=1047ms
74333	1789131643920	2	401	chunk-verified	fetch=1168ms
74355	1789131643942	1	601	chunk-verified	fetch=1262ms
74360	1789131643947	0	402	chunk-verified	fetch=1079ms
74373	1789131643960	1	604	chunk-verified	fetch=1217ms
74425	1789131644012	1	637	succeeded	attempt 1 watch=482ms
74425	1789131644012	0	435	succeeded	attempt 1 watch=434ms
74447	1789131644034	0	405	chunk-verified	fetch=1111ms
74455	1789131644042	1	607	chunk-verified	fetch=1188ms
74472	1789131644059	0	438	succeeded	attempt 1 watch=432ms
74474	1789131644061	2	431	succeeded	attempt 1 watch=483ms
74477	1789131644064	0	411	chunk-verified	fetch=912ms
74509	1789131644096	0	408	chunk-verified	fetch=1028ms
74531	1789131644119	2	434	succeeded	attempt 1 watch=497ms
74536	1789131644124	1	640	succeeded	attempt 1 watch=566ms
74546	1789131644134	2	404	chunk-verified	fetch=1223ms
74574	1789131644161	0	441	succeeded	attempt 1 watch=511ms
74587	1789131644174	1	643	succeeded	attempt 1 watch=432ms
74607	1789131644194	1	610	chunk-verified	fetch=1238ms
74624	1789131644211	2	437	succeeded	attempt 1 watch=512ms
74629	1789131644216	1	646	succeeded	attempt 1 watch=454ms
74659	1789131644246	1	613	chunk-verified	fetch=1245ms
74669	1789131644257	0	444	succeeded	attempt 1 watch=515ms
74680	1789131644267	1	616	chunk-verified	fetch=1179ms
74684	1789131644272	2	440	succeeded	attempt 1 watch=534ms
74692	1789131644280	2	407	chunk-verified	fetch=1155ms
74736	1789131644323	1	649	succeeded	attempt 1 watch=381ms
74736	1789131644323	2	443	succeeded	attempt 1 watch=564ms
74741	1789131644329	0	414	chunk-verified	fetch=1062ms
74756	1789131644343	1	619	chunk-verified	fetch=1136ms
74770	1789131644358	1	628	chunk-verified	fetch=894ms
74773	1789131644360	2	446	succeeded	attempt 1 watch=512ms
74773	1789131644360	1	652	succeeded	attempt 1 watch=400ms
74785	1789131644373	2	410	chunk-verified	fetch=1142ms
74814	1789131644401	1	622	chunk-verified	fetch=1142ms
74817	1789131644404	2	449	succeeded	attempt 1 watch=483ms
74817	1789131644404	0	447	succeeded	attempt 1 watch=526ms
74819	1789131644406	2	413	chunk-verified	fetch=1118ms
74840	1789131644427	2	416	chunk-verified	fetch=1075ms
74850	1789131644437	0	450	succeeded	attempt 1 watch=489ms
74852	1789131644439	1	655	succeeded	attempt 1 watch=397ms
74860	1789131644447	2	422	chunk-verified	fetch=945ms
74877	1789131644464	0	417	chunk-verified	fetch=1041ms
74885	1789131644472	2	425	chunk-verified	fetch=907ms
74895	1789131644483	1	631	chunk-verified	fetch=917ms
74938	1789131644526	2	419	chunk-verified	fetch=1069ms
74941	1789131644528	0	420	chunk-verified	fetch=1051ms
74943	1789131644531	0	453	succeeded	attempt 1 watch=496ms
74961	1789131644548	2	452	succeeded	attempt 1 watch=414ms
74979	1789131644566	1	625	chunk-verified	fetch=1191ms
75023	1789131644611	1	658	succeeded	attempt 1 watch=416ms
75038	1789131644625	2	428	chunk-verified	fetch=957ms
75058	1789131644645	0	456	succeeded	attempt 1 watch=581ms
75078	1789131644665	2	455	succeeded	attempt 1 watch=385ms
75097	1789131644684	0	459	succeeded	attempt 1 watch=588ms
75110	1789131644697	0	423	chunk-verified	fetch=1029ms
75120	1789131644707	1	661	succeeded	attempt 1 watch=460ms
75153	1789131644740	1	664	succeeded	attempt 1 watch=472ms
75155	1789131644742	1	634	chunk-verified	fetch=980ms
75197	1789131644785	0	426	chunk-verified	fetch=1067ms
75240	1789131644827	0	462	succeeded	attempt 1 watch=498ms
75245	1789131644832	1	667	succeeded	attempt 1 watch=489ms
75265	1789131644853	2	458	succeeded	attempt 1 watch=480ms
75302	1789131644889	0	429	chunk-verified	fetch=1077ms
75309	1789131644897	1	670	succeeded	attempt 1 watch=538ms
75334	1789131644921	0	432	chunk-verified	fetch=1056ms
75366	1789131644953	2	461	succeeded	attempt 1 watch=547ms
75395	1789131644982	0	465	succeeded	attempt 1 watch=517ms
75417	1789131645004	1	673	succeeded	attempt 1 watch=602ms
75417	1789131645004	0	435	chunk-verified	fetch=991ms
75419	1789131645007	2	464	succeeded	attempt 1 watch=579ms
75437	1789131645024	1	637	chunk-verified	fetch=1011ms
75459	1789131645046	0	468	succeeded	attempt 1 watch=518ms
75487	1789131645074	2	467	succeeded	attempt 1 watch=626ms
75540	1789131645127	2	470	succeeded	attempt 1 watch=654ms
75549	1789131645136	1	676	succeeded	attempt 1 watch=653ms
75559	1789131645146	2	431	chunk-verified	fetch=1084ms
75593	1789131645180	1	679	succeeded	attempt 1 watch=613ms
75593	1789131645180	2	473	succeeded	attempt 1 watch=654ms
75600	1789131645187	2	434	chunk-verified	fetch=1068ms
75605	1789131645192	0	438	chunk-verified	fetch=1133ms
75612	1789131645199	1	640	chunk-verified	fetch=1075ms
75663	1789131645250	1	643	chunk-verified	fetch=1076ms
75694	1789131645281	0	471	succeeded	attempt 1 watch=583ms
75708	1789131645295	2	476	succeeded	attempt 1 watch=669ms
75722	1789131645309	2	437	chunk-verified	fetch=1097ms
75734	1789131645322	0	474	succeeded	attempt 1 watch=536ms
75749	1789131645336	1	646	chunk-verified	fetch=1119ms
75751	1789131645338	0	441	chunk-verified	fetch=1177ms
75778	1789131645366	0	444	chunk-verified	fetch=1108ms
75796	1789131645383	1	682	succeeded	attempt 1 watch=640ms
75818	1789131645405	2	440	chunk-verified	fetch=1133ms
75828	1789131645415	0	477	succeeded	attempt 1 watch=526ms
75845	1789131645432	2	449	chunk-verified	fetch=1028ms
75860	1789131645447	1	649	chunk-verified	fetch=1123ms
75882	1789131645469	2	443	chunk-verified	fetch=1145ms
75884	1789131645471	0	480	succeeded	attempt 1 watch=550ms
75907	1789131645494	0	447	chunk-verified	fetch=1090ms
75907	1789131645494	2	446	chunk-verified	fetch=1134ms
75917	1789131645505	0	450	chunk-verified	fetch=1067ms
75934	1789131645522	0	483	succeeded	attempt 1 watch=517ms
75959	1789131645546	1	652	chunk-verified	fetch=1186ms
75977	1789131645564	1	685	succeeded	attempt 1 watch=540ms
76029	1789131645616	2	479	succeeded	attempt 1 watch=469ms
76067	1789131645654	0	486	succeeded	attempt 1 watch=461ms
76069	1789131645656	2	482	succeeded	attempt 1 watch=468ms
76071	1789131645658	1	655	chunk-verified	fetch=1218ms
76076	1789131645663	0	453	chunk-verified	fetch=1132ms
76116	1789131645703	0	456	chunk-verified	fetch=1057ms
76118	1789131645705	1	688	succeeded	attempt 1 watch=505ms
76161	1789131645749	1	691	succeeded	attempt 1 watch=498ms
76161	1789131645749	0	459	chunk-verified	fetch=1064ms
76191	1789131645779	2	485	succeeded	attempt 1 watch=469ms
76194	1789131645781	1	658	chunk-verified	fetch=1170ms
76199	1789131645786	2	452	chunk-verified	fetch=1238ms
76208	1789131645796	1	694	succeeded	attempt 1 watch=459ms
76216	1789131645803	1	661	chunk-verified	fetch=1096ms
76231	1789131645818	0	489	succeeded	attempt 1 watch=479ms
76244	1789131645831	1	664	chunk-verified	fetch=1091ms
76289	1789131645876	0	492	succeeded	attempt 1 watch=510ms
76311	1789131645898	1	697	succeeded	attempt 1 watch=450ms
76311	1789131645898	2	455	chunk-verified	fetch=1232ms
76311	1789131645898	2	488	succeeded	attempt 1 watch=492ms
76311	1789131645898	0	462	chunk-verified	fetch=1070ms
76316	1789131645903	1	667	chunk-verified	fetch=1070ms
76355	1789131645942	2	458	chunk-verified	fetch=1089ms
76364	1789131645951	2	491	succeeded	attempt 1 watch=518ms
76374	1789131645961	1	700	succeeded	attempt 1 watch=414ms
76384	1789131645971	2	461	chunk-verified	fetch=1017ms
76410	1789131645997	1	670	chunk-verified	fetch=1100ms
76415	1789131646002	2	494	succeeded	attempt 1 watch=533ms
76462	1789131646049	1	673	chunk-verified	fetch=1044ms
76462	1789131646049	0	495	succeeded	attempt 1 watch=554ms
76462	1789131646049	2	497	succeeded	attempt 1 watch=554ms
76482	1789131646069	1	703	succeeded	attempt 1 watch=410ms
76492	1789131646079	1	676	chunk-verified	fetch=942ms
76497	1789131646084	2	464	chunk-verified	fetch=1077ms
76520	1789131646107	1	679	chunk-verified	fetch=927ms
76520	1789131646107	2	467	chunk-verified	fetch=1033ms
76524	1789131646112	0	498	succeeded	attempt 1 watch=606ms
76551	1789131646138	2	470	chunk-verified	fetch=1010ms
76623	1789131646210	1	706	succeeded	attempt 1 watch=428ms
76628	1789131646215	2	500	succeeded	attempt 1 watch=428ms
76638	1789131646225	2	473	chunk-verified	fetch=1045ms
76638	1789131646225	0	465	chunk-verified	fetch=1242ms
76654	1789131646241	0	468	chunk-verified	fetch=1194ms
76662	1789131646249	0	501	succeeded	attempt 1 watch=585ms
76704	1789131646291	0	504	succeeded	attempt 1 watch=587ms
76711	1789131646298	1	709	succeeded	attempt 1 watch=494ms
76733	1789131646321	2	503	succeeded	attempt 1 watch=422ms
76742	1789131646329	2	476	chunk-verified	fetch=1033ms
76751	1789131646338	0	507	succeeded	attempt 1 watch=589ms
76754	1789131646341	1	712	succeeded	attempt 1 watch=509ms
76775	1789131646362	0	471	chunk-verified	fetch=1081ms
76790	1789131646377	1	682	chunk-verified	fetch=993ms
76807	1789131646394	0	474	chunk-verified	fetch=1072ms
76839	1789131646426	2	506	succeeded	attempt 1 watch=484ms
76858	1789131646445	0	510	succeeded	attempt 1 watch=546ms
76858	1789131646445	1	715	succeeded	attempt 1 watch=541ms
76936	1789131646523	2	509	succeeded	attempt 1 watch=551ms
76963	1789131646550	1	718	succeeded	attempt 1 watch=552ms
76973	1789131646560	0	477	chunk-verified	fetch=1144ms
77006	1789131646593	1	721	succeeded	attempt 1 watch=544ms
77021	1789131646608	1	685	chunk-verified	fetch=1044ms
77032	1789131646619	0	480	chunk-verified	fetch=1147ms
77052	1789131646639	0	513	succeeded	attempt 1 watch=413ms
77066	1789131646653	0	486	chunk-verified	fetch=999ms
77099	1789131646686	2	512	succeeded	attempt 1 watch=601ms
77099	1789131646686	0	483	chunk-verified	fetch=1164ms
77107	1789131646694	1	724	succeeded	attempt 1 watch=614ms
77137	1789131646724	0	516	succeeded	attempt 1 watch=482ms
77148	1789131646735	1	727	succeeded	attempt 1 watch=628ms
77150	1789131646738	2	515	succeeded	attempt 1 watch=630ms
77167	1789131646754	1	688	chunk-verified	fetch=1049ms
77196	1789131646783	1	691	chunk-verified	fetch=1034ms
77196	1789131646783	2	518	succeeded	attempt 1 watch=645ms
77221	1789131646808	2	479	chunk-verified	fetch=1192ms
77249	1789131646837	1	694	chunk-verified	fetch=1040ms
77250	1789131646837	2	482	chunk-verified	fetch=1180ms
77252	1789131646839	2	521	succeeded	attempt 1 watch=614ms
77269	1789131646856	0	519	succeeded	attempt 1 watch=493ms
77314	1789131646901	0	522	succeeded	attempt 1 watch=506ms
77336	1789131646923	1	730	succeeded	attempt 1 watch=546ms
77352	1789131646939	0	489	chunk-verified	fetch=1121ms
77370	1789131646957	2	524	succeeded	attempt 1 watch=628ms
77375	1789131646962	2	485	chunk-verified	fetch=1183ms
77404	1789131646991	1	697	chunk-verified	fetch=1093ms
77430	1789131647018	0	525	succeeded	attempt 1 watch=457ms
77443	1789131647030	1	700	chunk-verified	fetch=1069ms
77443	1789131647030	0	492	chunk-verified	fetch=1154ms
77460	1789131647047	0	495	chunk-verified	fetch=997ms
77465	1789131647052	0	528	succeeded	attempt 1 watch=432ms
77491	1789131647078	2	488	chunk-verified	fetch=1180ms
77493	1789131647080	0	498	chunk-verified	fetch=968ms
77511	1789131647098	2	491	chunk-verified	fetch=1146ms
77518	1789131647105	1	733	succeeded	attempt 1 watch=497ms
77552	1789131647139	0	531	succeeded	attempt 1 watch=485ms
77581	1789131647169	1	703	chunk-verified	fetch=1099ms
77596	1789131647183	0	534	succeeded	attempt 1 watch=496ms
77603	1789131647190	2	494	chunk-verified	fetch=1188ms
77613	1789131647200	0	501	chunk-verified	fetch=951ms
77641	1789131647228	2	497	chunk-verified	fetch=1179ms
77649	1789131647236	1	736	succeeded	attempt 1 watch=481ms
77685	1789131647273	1	739	succeeded	attempt 1 watch=489ms
77690	1789131647277	2	527	succeeded	attempt 1 watch=469ms
77720	1789131647307	1	706	chunk-verified	fetch=1097ms
77720	1789131647307	0	504	chunk-verified	fetch=1016ms
77732	1789131647319	1	742	succeeded	attempt 1 watch=482ms
77737	1789131647325	1	709	chunk-verified	fetch=1026ms
77771	1789131647358	0	507	chunk-verified	fetch=1019ms
77785	1789131647372	0	537	succeeded	attempt 1 watch=433ms
77790	1789131647377	1	712	chunk-verified	fetch=1036ms
77807	1789131647394	2	530	succeeded	attempt 1 watch=557ms
77841	1789131647428	1	745	succeeded	attempt 1 watch=436ms
77851	1789131647438	0	510	chunk-verified	fetch=993ms
77858	1789131647446	2	500	chunk-verified	fetch=1230ms
77868	1789131647455	0	540	succeeded	attempt 1 watch=425ms
77871	1789131647458	1	715	chunk-verified	fetch=1013ms
77888	1789131647475	1	748	succeeded	attempt 1 watch=445ms
77896	1789131647483	1	718	chunk-verified	fetch=932ms
77913	1789131647500	0	543	succeeded	attempt 1 watch=452ms
77913	1789131647500	2	533	succeeded	attempt 1 watch=537ms
77934	1789131647521	1	721	chunk-verified	fetch=928ms
77959	1789131647546	2	536	succeeded	attempt 1 watch=467ms
77978	1789131647566	2	503	chunk-verified	fetch=1245ms
77981	1789131647568	1	751	succeeded	attempt 1 watch=399ms
78003	1789131647590	0	546	succeeded	attempt 1 watch=510ms
78003	1789131647590	2	539	succeeded	attempt 1 watch=492ms
78011	1789131647598	2	509	chunk-verified	fetch=1075ms
78018	1789131647605	1	724	chunk-verified	fetch=911ms
78035	1789131647622	2	512	chunk-verified	fetch=935ms
78047	1789131647634	1	727	chunk-verified	fetch=898ms
78047	1789131647634	2	542	succeeded	attempt 1 watch=443ms
78068	1789131647655	0	513	chunk-verified	fetch=1015ms
78083	1789131647670	2	506	chunk-verified	fetch=1243ms
78095	1789131647682	2	545	succeeded	attempt 1 watch=453ms
78112	1789131647699	2	515	chunk-verified	fetch=961ms
78127	1789131647714	1	754	succeeded	attempt 1 watch=406ms
78132	1789131647719	0	549	succeeded	attempt 1 watch=518ms
78147	1789131647734	2	518	chunk-verified	fetch=950ms
78178	1789131647765	0	552	succeeded	attempt 1 watch=457ms
78207	1789131647794	0	516	chunk-verified	fetch=1069ms
78253	1789131647840	0	519	chunk-verified	fetch=983ms
78253	1789131647840	2	521	chunk-verified	fetch=1000ms
78255	1789131647842	0	555	succeeded	attempt 1 watch=484ms
78255	1789131647842	2	548	succeeded	attempt 1 watch=396ms
78271	1789131647858	0	522	chunk-verified	fetch=956ms
78271	1789131647858	2	524	chunk-verified	fetch=900ms
78279	1789131647866	1	757	succeeded	attempt 1 watch=541ms
78327	1789131647914	1	760	succeeded	attempt 1 watch=537ms
78344	1789131647931	1	730	chunk-verified	fetch=1008ms
78366	1789131647953	0	558	succeeded	attempt 1 watch=515ms
78373	1789131647961	0	525	chunk-verified	fetch=942ms
78395	1789131647983	2	551	succeeded	attempt 1 watch=416ms
78423	1789131648010	1	763	succeeded	attempt 1 watch=551ms
78477	1789131648064	2	554	succeeded	attempt 1 watch=465ms
78499	1789131648086	1	766	succeeded	attempt 1 watch=603ms
78523	1789131648110	0	528	chunk-verified	fetch=1058ms
78526	1789131648113	2	557	succeeded	attempt 1 watch=490ms
78548	1789131648135	0	561	succeeded	attempt 1 watch=480ms
78553	1789131648140	0	531	chunk-verified	fetch=1000ms
78570	1789131648157	1	733	chunk-verified	fetch=1051ms
78596	1789131648183	1	736	chunk-verified	fetch=947ms
78604	1789131648191	0	534	chunk-verified	fetch=1008ms
78614	1789131648201	2	560	succeeded	attempt 1 watch=530ms
78640	1789131648227	1	739	chunk-verified	fetch=954ms
78655	1789131648242	1	742	chunk-verified	fetch=923ms
78705	1789131648292	2	563	succeeded	attempt 1 watch=592ms
78705	1789131648292	0	564	succeeded	attempt 1 watch=498ms
78759	1789131648346	1	745	chunk-verified	fetch=918ms
78762	1789131648349	2	566	succeeded	attempt 1 watch=615ms
78767	1789131648354	0	567	succeeded	attempt 1 watch=513ms
78784	1789131648371	2	527	chunk-verified	fetch=1093ms
78797	1789131648385	1	760	admit-refused	stalled read ordinal 760
78798	1789131648385	1	763	admit-refused	stalled read ordinal 763
78798	1789131648385	1	766	admit-refused	stalled read ordinal 766
78815	1789131648403	2	572	succeeded	attempt 1 watch=544ms
78818	1789131648405	2	530	chunk-verified	fetch=1010ms
78855	1789131648442	1	748	chunk-verified	fetch=967ms
78860	1789131648448	2	569	succeeded	attempt 1 watch=607ms
78873	1789131648460	1	751	chunk-verified	fetch=892ms
78876	1789131648463	0	570	succeeded	attempt 1 watch=604ms
78920	1789131648507	1	757	chunk-verified	fetch=640ms
78934	1789131648521	0	573	succeeded	attempt 1 watch=560ms
78954	1789131648541	1	766	chunk-verified	fetch=455ms
78962	1789131648549	2	533	chunk-verified	fetch=1049ms
78974	1789131648561	1	760	chunk-verified	fetch=646ms
78985	1789131648572	0	537	chunk-verified	fetch=1199ms
78989	1789131648576	2	536	chunk-verified	fetch=1030ms
79016	1789131648603	1	763	chunk-verified	fetch=592ms
79028	1789131648615	2	539	chunk-verified	fetch=1025ms
79036	1789131648623	0	576	succeeded	attempt 1 watch=513ms
79053	1789131648640	0	540	chunk-verified	fetch=1184ms
79075	1789131648662	0	543	chunk-verified	fetch=1162ms
79078	1789131648665	1	754	chunk-verified	fetch=950ms
79104	1789131648691	0	546	chunk-verified	fetch=1100ms
79114	1789131648701	0	579	succeeded	attempt 1 watch=561ms
79135	1789131648722	2	542	chunk-verified	fetch=1088ms
79145	1789131648732	2	545	chunk-verified	fetch=1049ms
79158	1789131648745	0	582	succeeded	attempt 1 watch=553ms
79182	1789131648769	1	-1	scope-pages	1 pages
79189	1789131648776	0	549	chunk-verified	fetch=1057ms
79214	1789131648801	0	552	chunk-verified	fetch=1036ms
79236	1789131648823	2	575	succeeded	attempt 1 watch=452ms
79283	1789131648870	1	-1	checkpoint	declared 256
79296	1789131648883	2	578	succeeded	attempt 1 watch=478ms
79328	1789131648915	1	-1	complete	declared 256
79328	1789131648915	1	-1	commits	256 chunks
79354	1789131648941	0	555	chunk-verified	fetch=1098ms
79388	1789131648975	0	585	succeeded	attempt 1 watch=403ms
79408	1789131648995	1	-1	session-close	
79408	1789131648996	2	581	succeeded	attempt 1 watch=446ms
79449	1789131649037	2	548	chunk-verified	fetch=1194ms
79449	1789131649037	0	558	chunk-verified	fetch=1083ms
79467	1789131649054	2	584	succeeded	attempt 1 watch=477ms
79472	1789131649059	2	551	chunk-verified	fetch=1076ms
79491	1789131649079	0	588	succeeded	attempt 1 watch=438ms
79520	1789131649107	2	587	succeeded	attempt 1 watch=491ms
79550	1789131649137	0	591	succeeded	attempt 1 watch=474ms
79552	1789131649139	0	561	chunk-verified	fetch=1004ms
79555	1789131649142	2	554	chunk-verified	fetch=1077ms
79572	1789131649159	2	590	succeeded	attempt 1 watch=436ms
79591	1789131649179	2	557	chunk-verified	fetch=1065ms
79621	1789131649208	2	593	succeeded	attempt 1 watch=476ms
79633	1789131649221	2	560	chunk-verified	fetch=1019ms
79639	1789131649226	0	594	succeeded	attempt 1 watch=534ms
79673	1789131649260	2	566	chunk-verified	fetch=911ms
79694	1789131649281	2	563	chunk-verified	fetch=988ms
79709	1789131649297	0	597	succeeded	attempt 1 watch=520ms
79750	1789131649337	2	572	chunk-verified	fetch=934ms
79759	1789131649346	0	600	succeeded	attempt 1 watch=544ms
79769	1789131649356	0	564	chunk-verified	fetch=1063ms
79793	1789131649380	2	596	succeeded	attempt 1 watch=343ms
79798	1789131649386	0	603	succeeded	attempt 1 watch=444ms
79806	1789131649393	2	569	chunk-verified	fetch=945ms
79807	1789131649395	0	567	chunk-verified	fetch=1040ms
79828	1789131649415	0	570	chunk-verified	fetch=952ms
79884	1789131649471	2	599	succeeded	attempt 1 watch=411ms
79898	1789131649485	0	573	chunk-verified	fetch=963ms
79908	1789131649495	0	606	succeeded	attempt 1 watch=458ms
79923	1789131649510	0	576	chunk-verified	fetch=886ms
79971	1789131649559	2	602	succeeded	attempt 1 watch=416ms
80048	1789131649635	0	609	succeeded	attempt 1 watch=495ms
80070	1789131649657	2	605	succeeded	attempt 1 watch=478ms
80099	1789131649686	0	579	chunk-verified	fetch=985ms
80128	1789131649715	0	582	chunk-verified	fetch=970ms
80147	1789131649734	2	608	succeeded	attempt 1 watch=513ms
80193	1789131649780	2	611	succeeded	attempt 1 watch=519ms
80205	1789131649793	2	575	chunk-verified	fetch=969ms
80223	1789131649810	0	612	succeeded	attempt 1 watch=453ms
80228	1789131649815	2	614	succeeded	attempt 1 watch=534ms
80233	1789131649820	2	578	chunk-verified	fetch=936ms
80266	1789131649854	2	617	succeeded	attempt 1 watch=516ms
80272	1789131649859	2	581	chunk-verified	fetch=863ms
80315	1789131649902	0	615	succeeded	attempt 1 watch=507ms
80347	1789131649934	2	620	succeeded	attempt 1 watch=541ms
80349	1789131649936	0	618	succeeded	attempt 1 watch=521ms
80395	1789131649982	0	621	succeeded	attempt 1 watch=496ms
80413	1789131650000	2	584	chunk-verified	fetch=945ms
80413	1789131650000	0	585	chunk-verified	fetch=1024ms
80456	1789131650043	2	587	chunk-verified	fetch=936ms
80490	1789131650078	0	624	succeeded	attempt 1 watch=567ms
80532	1789131650119	2	590	chunk-verified	fetch=960ms
80550	1789131650137	0	591	chunk-verified	fetch=1000ms
80567	1789131650154	2	593	chunk-verified	fetch=945ms
80592	1789131650179	0	594	chunk-verified	fetch=953ms
80592	1789131650179	0	627	succeeded	attempt 1 watch=493ms
80628	1789131650215	0	588	chunk-verified	fetch=1136ms
80641	1789131650228	0	630	succeeded	attempt 1 watch=512ms
80673	1789131650260	2	623	succeeded	attempt 1 watch=467ms
80708	1789131650295	0	597	chunk-verified	fetch=998ms
80715	1789131650303	0	600	chunk-verified	fetch=956ms
80755	1789131650342	0	603	chunk-verified	fetch=956ms
80763	1789131650350	2	626	succeeded	attempt 1 watch=530ms
80841	1789131650428	0	633	succeeded	attempt 1 watch=427ms
80848	1789131650435	2	629	succeeded	attempt 1 watch=575ms
80904	1789131650491	0	606	chunk-verified	fetch=996ms
80929	1789131650516	2	596	chunk-verified	fetch=1135ms
80941	1789131650528	2	632	succeeded	attempt 1 watch=528ms
80944	1789131650531	2	599	chunk-verified	fetch=1059ms
80946	1789131650533	0	636	succeeded	attempt 1 watch=395ms
80973	1789131650560	2	635	succeeded	attempt 1 watch=516ms
80978	1789131650565	0	609	chunk-verified	fetch=929ms
80995	1789131650582	0	639	succeeded	attempt 1 watch=403ms
81010	1789131650597	2	638	succeeded	attempt 1 watch=477ms
81012	1789131650599	2	602	chunk-verified	fetch=1040ms
81029	1789131650617	2	605	chunk-verified	fetch=959ms
81047	1789131650634	2	641	succeeded	attempt 1 watch=479ms
81049	1789131650636	2	608	chunk-verified	fetch=902ms
81079	1789131650666	2	611	chunk-verified	fetch=885ms
81114	1789131650701	0	642	succeeded	attempt 1 watch=485ms
81167	1789131650754	2	614	chunk-verified	fetch=939ms
81167	1789131650754	0	645	succeeded	attempt 1 watch=459ms
81178	1789131650765	0	612	chunk-verified	fetch=955ms
81200	1789131650787	2	617	chunk-verified	fetch=933ms
81213	1789131650800	0	648	succeeded	attempt 1 watch=497ms
81215	1789131650802	2	644	succeeded	attempt 1 watch=286ms
81231	1789131650818	2	620	chunk-verified	fetch=883ms
81264	1789131650851	0	651	succeeded	attempt 1 watch=509ms
81280	1789131650867	0	615	chunk-verified	fetch=964ms
81313	1789131650900	2	647	succeeded	attempt 1 watch=369ms
81340	1789131650928	0	618	chunk-verified	fetch=991ms
81358	1789131650945	0	624	chunk-verified	fetch=867ms
81365	1789131650952	0	654	succeeded	attempt 1 watch=460ms
81385	1789131650972	0	621	chunk-verified	fetch=990ms
81433	1789131651020	2	650	succeeded	attempt 1 watch=421ms
81444	1789131651031	0	657	succeeded	attempt 1 watch=466ms
81471	1789131651059	2	653	succeeded	attempt 1 watch=442ms
81532	1789131651119	0	627	chunk-verified	fetch=939ms
81548	1789131651135	2	656	succeeded	attempt 1 watch=498ms
81566	1789131651153	0	630	chunk-verified	fetch=924ms
81586	1789131651173	2	659	succeeded	attempt 1 watch=507ms
81606	1789131651193	0	660	succeeded	attempt 1 watch=428ms
81623	1789131651211	2	662	succeeded	attempt 1 watch=456ms
81635	1789131651223	2	623	chunk-verified	fetch=962ms
81671	1789131651258	2	629	chunk-verified	fetch=822ms
81673	1789131651260	2	665	succeeded	attempt 1 watch=473ms
81714	1789131651301	2	626	chunk-verified	fetch=951ms
81741	1789131651329	0	663	succeeded	attempt 1 watch=461ms
81769	1789131651356	2	668	succeeded	attempt 1 watch=538ms
81779	1789131651366	0	666	succeeded	attempt 1 watch=438ms
81792	1789131651379	0	633	chunk-verified	fetch=950ms
81817	1789131651404	0	669	succeeded	attempt 1 watch=458ms
81837	1789131651424	2	632	chunk-verified	fetch=896ms
81877	1789131651465	2	635	chunk-verified	fetch=904ms
81900	1789131651487	2	638	chunk-verified	fetch=890ms
81924	1789131651511	0	672	succeeded	attempt 1 watch=539ms
81994	1789131651581	2	641	chunk-verified	fetch=947ms
82002	1789131651589	0	636	chunk-verified	fetch=1056ms
82038	1789131651625	0	639	chunk-verified	fetch=1042ms
82041	1789131651628	0	675	succeeded	attempt 1 watch=508ms
82073	1789131651660	0	642	chunk-verified	fetch=959ms
82078	1789131651665	0	678	succeeded	attempt 1 watch=512ms
82103	1789131651690	0	645	chunk-verified	fetch=935ms
82134	1789131651721	2	671	succeeded	attempt 1 watch=498ms
82183	1789131651770	2	674	succeeded	attempt 1 watch=512ms
82195	1789131651782	0	681	succeeded	attempt 1 watch=403ms
82204	1789131651792	0	648	chunk-verified	fetch=991ms
82219	1789131651807	0	651	chunk-verified	fetch=955ms
82265	1789131651852	2	677	succeeded	attempt 1 watch=551ms
82307	1789131651894	2	644	chunk-verified	fetch=1092ms
82359	1789131651946	0	654	chunk-verified	fetch=993ms
82380	1789131651968	2	680	succeeded	attempt 1 watch=543ms
82408	1789131651995	0	684	succeeded	attempt 1 watch=405ms
82408	1789131651995	2	647	chunk-verified	fetch=1094ms
82433	1789131652021	2	650	chunk-verified	fetch=1000ms
82434	1789131652021	2	683	succeeded	attempt 1 watch=556ms
82439	1789131652026	0	657	chunk-verified	fetch=995ms
82442	1789131652029	0	687	succeeded	attempt 1 watch=403ms
82472	1789131652059	2	686	succeeded	attempt 1 watch=572ms
82477	1789131652065	2	653	chunk-verified	fetch=1005ms
82511	1789131652098	2	689	succeeded	attempt 1 watch=517ms
82535	1789131652122	0	690	succeeded	attempt 1 watch=461ms
82548	1789131652135	2	656	chunk-verified	fetch=1000ms
82570	1789131652157	2	659	chunk-verified	fetch=983ms
82618	1789131652205	0	693	succeeded	attempt 1 watch=514ms
82620	1789131652207	2	662	chunk-verified	fetch=996ms
82648	1789131652235	2	665	chunk-verified	fetch=974ms
82671	1789131652258	0	660	chunk-verified	fetch=1065ms
82676	1789131652263	2	692	succeeded	attempt 1 watch=369ms
82699	1789131652286	0	696	succeeded	attempt 1 watch=494ms
82714	1789131652301	0	663	chunk-verified	fetch=972ms
82739	1789131652326	2	668	chunk-verified	fetch=970ms
82744	1789131652331	0	699	succeeded	attempt 1 watch=524ms
82764	1789131652351	2	695	succeeded	attempt 1 watch=355ms
82799	1789131652387	0	702	succeeded	attempt 1 watch=440ms
82805	1789131652392	2	698	succeeded	attempt 1 watch=371ms
82812	1789131652399	0	666	chunk-verified	fetch=1032ms
82838	1789131652426	0	669	chunk-verified	fetch=1021ms
82856	1789131652443	0	672	chunk-verified	fetch=932ms
82908	1789131652495	0	705	succeeded	attempt 1 watch=468ms
82953	1789131652540	2	701	succeeded	attempt 1 watch=475ms
83017	1789131652604	0	675	chunk-verified	fetch=976ms
83045	1789131652632	2	704	succeeded	attempt 1 watch=496ms
83050	1789131652637	0	678	chunk-verified	fetch=971ms
83055	1789131652642	2	671	chunk-verified	fetch=920ms
83086	1789131652673	0	708	succeeded	attempt 1 watch=414ms
83091	1789131652678	2	707	succeeded	attempt 1 watch=521ms
83118	1789131652705	0	681	chunk-verified	fetch=923ms
83145	1789131652733	2	710	succeeded	attempt 1 watch=525ms
83148	1789131652735	2	674	chunk-verified	fetch=965ms
83168	1789131652755	0	711	succeeded	attempt 1 watch=454ms
83188	1789131652776	2	677	chunk-verified	fetch=923ms
83191	1789131652778	2	713	succeeded	attempt 1 watch=542ms
83279	1789131652866	2	716	succeeded	attempt 1 watch=539ms
83299	1789131652886	2	680	chunk-verified	fetch=918ms
83301	1789131652889	0	714	succeeded	attempt 1 watch=489ms
83344	1789131652931	0	720	succeeded	attempt 1 watch=487ms
83365	1789131652952	0	684	chunk-verified	fetch=957ms
83388	1789131652975	0	717	succeeded	attempt 1 watch=549ms
83424	1789131653011	2	683	chunk-verified	fetch=990ms
83465	1789131653052	2	689	chunk-verified	fetch=953ms
83467	1789131653054	0	723	succeeded	attempt 1 watch=450ms
83488	1789131653076	2	719	succeeded	attempt 1 watch=433ms
83488	1789131653076	0	687	chunk-verified	fetch=1046ms
83508	1789131653096	0	690	chunk-verified	fetch=973ms
83518	1789131653105	0	726	succeeded	attempt 1 watch=468ms
83537	1789131653124	0	693	chunk-verified	fetch=918ms
83537	1789131653124	2	686	chunk-verified	fetch=1064ms
83611	1789131653198	0	729	succeeded	attempt 1 watch=492ms
83611	1789131653198	2	722	succeeded	attempt 1 watch=462ms
83653	1789131653240	2	725	succeeded	attempt 1 watch=464ms
83666	1789131653253	0	696	chunk-verified	fetch=966ms
83689	1789131653276	0	699	chunk-verified	fetch=945ms
83715	1789131653302	0	702	chunk-verified	fetch=915ms
83757	1789131653344	2	692	chunk-verified	fetch=1080ms
83767	1789131653354	0	732	succeeded	attempt 1 watch=401ms
83796	1789131653384	2	728	succeeded	attempt 1 watch=497ms
83841	1789131653428	2	731	succeeded	attempt 1 watch=417ms
83868	1789131653455	2	698	chunk-verified	fetch=1062ms
83881	1789131653468	0	705	chunk-verified	fetch=973ms
83892	1789131653479	2	734	succeeded	attempt 1 watch=427ms
83907	1789131653494	2	704	chunk-verified	fetch=862ms
83929	1789131653517	2	695	chunk-verified	fetch=1165ms
83932	1789131653519	0	735	succeeded	attempt 1 watch=443ms
83972	1789131653560	2	701	chunk-verified	fetch=1019ms
83975	1789131653562	0	738	succeeded	attempt 1 watch=466ms
83978	1789131653565	2	737	succeeded	attempt 1 watch=440ms
84042	1789131653629	2	707	chunk-verified	fetch=951ms
84068	1789131653655	2	710	chunk-verified	fetch=922ms
84070	1789131653657	0	741	succeeded	attempt 1 watch=533ms
84127	1789131653715	2	740	succeeded	attempt 1 watch=370ms
84132	1789131653719	2	713	chunk-verified	fetch=941ms
84137	1789131653724	0	708	chunk-verified	fetch=1051ms
84165	1789131653752	0	744	succeeded	attempt 1 watch=499ms
84177	1789131653764	0	711	chunk-verified	fetch=1008ms
84187	1789131653774	2	716	chunk-verified	fetch=908ms
84212	1789131653800	0	747	succeeded	attempt 1 watch=523ms
84251	1789131653838	0	714	chunk-verified	fetch=949ms
84256	1789131653843	0	750	succeeded	attempt 1 watch=541ms
84283	1789131653870	2	743	succeeded	attempt 1 watch=415ms
84331	1789131653918	0	720	chunk-verified	fetch=986ms
84371	1789131653958	0	753	succeeded	attempt 1 watch=490ms
84379	1789131653966	2	746	succeeded	attempt 1 watch=472ms
84405	1789131653992	0	717	chunk-verified	fetch=1016ms
84440	1789131654027	2	749	succeeded	attempt 1 watch=510ms
84445	1789131654032	0	723	chunk-verified	fetch=977ms
84496	1789131654083	2	719	chunk-verified	fetch=1007ms
84529	1789131654117	2	752	succeeded	attempt 1 watch=556ms
84557	1789131654144	0	726	chunk-verified	fetch=1038ms
84602	1789131654189	2	722	chunk-verified	fetch=991ms
84602	1789131654189	0	756	succeeded	attempt 1 watch=464ms
84602	1789131654189	2	755	succeeded	attempt 1 watch=559ms
84651	1789131654238	2	758	succeeded	attempt 1 watch=583ms
84653	1789131654240	0	759	succeeded	attempt 1 watch=476ms
84659	1789131654246	0	729	chunk-verified	fetch=1047ms
84696	1789131654283	2	725	chunk-verified	fetch=1042ms
84763	1789131654350	2	761	succeeded	attempt 1 watch=630ms
84801	1789131654388	0	762	succeeded	attempt 1 watch=550ms
84809	1789131654396	2	764	succeeded	attempt 1 watch=621ms
84811	1789131654398	2	728	chunk-verified	fetch=1014ms
84854	1789131654441	2	731	chunk-verified	fetch=1012ms
84879	1789131654466	0	765	succeeded	attempt 1 watch=548ms
84905	1789131654492	0	732	chunk-verified	fetch=1137ms
84933	1789131654520	2	734	chunk-verified	fetch=1040ms
84998	1789131654585	0	735	chunk-verified	fetch=1066ms
85010	1789131654598	2	767	succeeded	attempt 1 watch=514ms
85016	1789131654603	2	737	chunk-verified	fetch=1037ms
85036	1789131654623	0	738	chunk-verified	fetch=1060ms
85088	1789131654675	0	744	chunk-verified	fetch=922ms
85128	1789131654715	0	747	chunk-verified	fetch=915ms
85137	1789131654724	0	759	admit-refused	stalled read ordinal 759
85137	1789131654724	0	762	admit-refused	stalled read ordinal 762
85137	1789131654724	0	765	admit-refused	stalled read ordinal 765
85160	1789131654747	0	750	chunk-verified	fetch=904ms
85178	1789131654765	0	753	chunk-verified	fetch=806ms
85205	1789131654792	0	741	chunk-verified	fetch=1134ms
85241	1789131654828	0	756	chunk-verified	fetch=639ms
85250	1789131654837	2	740	chunk-verified	fetch=1122ms
85315	1789131654902	2	758	admit-refused	stalled read ordinal 758
85315	1789131654902	2	761	admit-refused	stalled read ordinal 761
85315	1789131654902	2	764	admit-refused	stalled read ordinal 764
85316	1789131654903	2	767	admit-refused	stalled read ordinal 767
85321	1789131654908	0	762	chunk-verified	fetch=520ms
85324	1789131654911	2	743	chunk-verified	fetch=1041ms
85355	1789131654943	2	746	chunk-verified	fetch=976ms
85365	1789131654952	0	765	chunk-verified	fetch=486ms
85380	1789131654967	2	752	chunk-verified	fetch=850ms
85383	1789131654970	0	759	chunk-verified	fetch=729ms
85417	1789131655004	2	755	chunk-verified	fetch=815ms
85419	1789131655006	2	761	admit-refused	stalled read ordinal 761
85443	1789131655030	2	749	chunk-verified	fetch=1003ms
85475	1789131655062	2	758	chunk-verified	fetch=824ms
85485	1789131655072	0	-1	scope-pages	1 pages
85510	1789131655097	2	767	chunk-verified	fetch=499ms
85565	1789131655152	0	-1	checkpoint	declared 256
85593	1789131655180	2	764	chunk-verified	fetch=784ms
85611	1789131655198	0	-1	complete	declared 256
85611	1789131655198	0	-1	commits	256 chunks
85671	1789131655258	2	761	chunk-verified	fetch=907ms
85692	1789131655280	0	-1	session-close	
85780	1789131655367	2	-1	scope-pages	1 pages
85863	1789131655450	2	-1	checkpoint	declared 256
85907	1789131655494	2	-1	complete	declared 256
85907	1789131655494	2	-1	commits	256 chunks
85986	1789131655574	2	-1	session-close	
0	1789131655691	-	-	final-verified	50331648 bytes
