157	1789131397643	1	-1	session-open	workload-b
159	1789131397646	0	-1	session-open	workload-a
210	1789131397696	2	-1	session-open	workload-c
215	1789131397701	0	-1	declared	batch 0: 100 entities
228	1789131397714	1	-1	declared	batch 0: 100 entities
270	1789131397756	0	-1	declared	batch 1: 100 entities
288	1789131397774	1	-1	declared	batch 1: 100 entities
320	1789131397806	2	-1	declared	batch 0: 100 entities
336	1789131397822	0	-1	declared	batch 2: 56 entities
343	1789131397830	1	-1	declared	batch 2: 56 entities
437	1789131397924	2	-1	declared	batch 1: 100 entities
558	1789131398045	2	-1	declared	batch 2: 56 entities
730	1789131398216	1	34	admit-ceiling	LIMIT_EXCEEDED: client unresolved admission ceiling
735	1789131398221	0	27	admit-ceiling	LIMIT_EXCEEDED: client unresolved admission ceiling
763	1789131398249	2	29	admit-ceiling	LIMIT_EXCEEDED: client unresolved admission ceiling
801	1789131398288	2	2	admit-ceiling	LIMIT_EXCEEDED: client unresolved admission ceiling
832	1789131398319	2	5	admit-ceiling	LIMIT_EXCEEDED: client unresolved admission ceiling
868	1789131398354	2	44	admit-ceiling	LIMIT_EXCEEDED: client unresolved admission ceiling
910	1789131398397	2	41	admit-ceiling	LIMIT_EXCEEDED: client unresolved admission ceiling
928	1789131398415	0	0	admitted	admit=591ms
939	1789131398425	1	4	admitted	admit=595ms
964	1789131398451	1	16	admitted	admit=620ms
964	1789131398451	0	15	admitted	admit=627ms
967	1789131398453	2	47	admit-ceiling	LIMIT_EXCEEDED: client unresolved admission ceiling
1000	1789131398487	2	32	admit-ceiling	LIMIT_EXCEEDED: client unresolved admission ceiling
1003	1789131398489	1	1	admitted	admit=658ms
1008	1789131398494	0	6	admitted	admit=671ms
1031	1789131398517	1	10	admitted	admit=686ms
1033	1789131398520	0	12	admitted	admit=696ms
1049	1789131398535	0	3	admitted	admit=712ms
1052	1789131398538	1	46	admitted	admit=707ms
1054	1789131398540	2	23	admit-ceiling	LIMIT_EXCEEDED: client unresolved admission ceiling
1074	1789131398561	2	35	admit-ceiling	LIMIT_EXCEEDED: client unresolved admission ceiling
1074	1789131398561	1	22	admitted	admit=730ms
1077	1789131398563	0	18	admitted	admit=739ms
1104	1789131398591	2	20	admitted	admit=545ms
1107	1789131398593	0	33	admitted	admit=769ms
1107	1789131398593	1	7	admitted	admit=762ms
1111	1789131398598	2	11	admit-notready	authority refusal NOT_READY: complete validated input is unavailable
1140	1789131398626	1	19	admitted	admit=795ms
1145	1789131398631	2	14	admitted	admit=585ms
1153	1789131398639	0	24	admitted	admit=815ms
1166	1789131398652	2	17	admitted	admit=606ms
1168	1789131398654	2	2	admit-ceiling	LIMIT_EXCEEDED: client unresolved admission ceiling
1168	1789131398655	2	5	admit-ceiling	LIMIT_EXCEEDED: client unresolved admission ceiling
1169	1789131398655	2	44	admit-ceiling	LIMIT_EXCEEDED: client unresolved admission ceiling
1169	1789131398655	2	41	admit-ceiling	LIMIT_EXCEEDED: client unresolved admission ceiling
1169	1789131398656	2	47	admit-ceiling	LIMIT_EXCEEDED: client unresolved admission ceiling
1170	1789131398656	2	32	admit-ceiling	LIMIT_EXCEEDED: client unresolved admission ceiling
1170	1789131398657	2	23	admit-ceiling	LIMIT_EXCEEDED: client unresolved admission ceiling
1173	1789131398660	1	43	admitted	admit=828ms
1174	1789131398661	2	8	admit-notready	authority refusal NOT_READY: complete validated input is unavailable
1179	1789131398665	0	45	admitted	admit=841ms
1200	1789131398686	1	31	admitted	admit=854ms
1202	1789131398689	0	42	admitted	admit=864ms
1228	1789131398714	0	30	admitted	admit=890ms
1231	1789131398717	1	25	admitted	admit=886ms
1231	1789131398717	2	53	admit-ceiling	LIMIT_EXCEEDED: client unresolved admission ceiling
1250	1789131398737	0	9	admitted	admit=913ms
1255	1789131398742	2	56	admit-ceiling	LIMIT_EXCEEDED: client unresolved admission ceiling
1256	1789131398743	2	35	admit-ceiling	LIMIT_EXCEEDED: client unresolved admission ceiling
1256	1789131398743	2	11	admit-ceiling	LIMIT_EXCEEDED: client unresolved admission ceiling
1263	1789131398749	1	37	admitted	admit=917ms
1276	1789131398762	2	8	admit-ceiling	LIMIT_EXCEEDED: client unresolved admission ceiling
1288	1789131398775	0	21	admitted	admit=950ms
1293	1789131398780	1	40	admitted	admit=947ms
1312	1789131398798	1	13	admitted	admit=966ms
1317	1789131398804	0	39	admitted	admit=979ms
1332	1789131398818	2	53	admit-ceiling	LIMIT_EXCEEDED: client unresolved admission ceiling
1341	1789131398828	0	36	admitted	admit=1003ms
1341	1789131398828	1	28	admitted	admit=996ms
1357	1789131398843	2	56	admit-ceiling	LIMIT_EXCEEDED: client unresolved admission ceiling
1371	1789131398857	2	5	admit-ceiling	LIMIT_EXCEEDED: client unresolved admission ceiling
1371	1789131398857	2	41	admit-ceiling	LIMIT_EXCEEDED: client unresolved admission ceiling
1371	1789131398857	2	44	admit-ceiling	LIMIT_EXCEEDED: client unresolved admission ceiling
1371	1789131398858	2	2	admit-ceiling	LIMIT_EXCEEDED: client unresolved admission ceiling
1372	1789131398858	2	32	admit-ceiling	LIMIT_EXCEEDED: client unresolved admission ceiling
1372	1789131398858	2	47	admit-ceiling	LIMIT_EXCEEDED: client unresolved admission ceiling
1372	1789131398859	2	23	admit-ceiling	LIMIT_EXCEEDED: client unresolved admission ceiling
1412	1789131398899	2	38	admitted	admit=852ms
1458	1789131398944	2	11	admit-ceiling	LIMIT_EXCEEDED: client unresolved admission ceiling
1458	1789131398944	2	35	admit-ceiling	LIMIT_EXCEEDED: client unresolved admission ceiling
1498	1789131398985	2	26	admitted	admit=937ms
1519	1789131399006	1	55	admit-refused	authority refusal LIMIT_EXCEEDED: aggregate admission capacity exhausted
1521	1789131399007	0	60	admit-ceiling	LIMIT_EXCEEDED: client unresolved admission ceiling
1588	1789131399075	0	54	admit-refused	authority refusal LIMIT_EXCEEDED: aggregate admission capacity exhausted
1593	1789131399079	2	29	admit-retried	succeeded after 1 refusals
1593	1789131399079	2	29	admitted	admit=1033ms
1594	1789131399080	2	53	admit-ceiling	LIMIT_EXCEEDED: client unresolved admission ceiling
1594	1789131399080	2	56	admit-ceiling	LIMIT_EXCEEDED: client unresolved admission ceiling
1604	1789131399090	1	58	admit-refused	authority refusal LIMIT_EXCEEDED: aggregate admission capacity exhausted
1606	1789131399093	0	51	admit-refused	authority refusal LIMIT_EXCEEDED: aggregate admission capacity exhausted
1620	1789131399106	1	61	admit-refused	authority refusal LIMIT_EXCEEDED: aggregate admission capacity exhausted
1620	1789131399107	0	63	admit-refused	authority refusal LIMIT_EXCEEDED: aggregate admission capacity exhausted
1627	1789131399114	2	65	admit-ceiling	LIMIT_EXCEEDED: client unresolved admission ceiling
1640	1789131399127	1	64	admit-refused	authority refusal LIMIT_EXCEEDED: aggregate admission capacity exhausted
1686	1789131399172	0	66	admit-refused	authority refusal LIMIT_EXCEEDED: aggregate admission capacity exhausted
1690	1789131399177	2	50	admitted	admit=523ms
1717	1789131399203	0	69	admit-refused	authority refusal LIMIT_EXCEEDED: aggregate admission capacity exhausted
1722	1789131399208	1	67	admit-refused	authority refusal LIMIT_EXCEEDED: aggregate admission capacity exhausted
1730	1789131399216	2	65	admit-ceiling	LIMIT_EXCEEDED: client unresolved admission ceiling
1753	1789131399240	1	73	admit-refused	authority refusal LIMIT_EXCEEDED: aggregate admission capacity exhausted
1773	1789131399259	2	44	admit-ceiling	LIMIT_EXCEEDED: client unresolved admission ceiling
1773	1789131399259	2	5	admit-ceiling	LIMIT_EXCEEDED: client unresolved admission ceiling
1773	1789131399259	2	41	admit-ceiling	LIMIT_EXCEEDED: client unresolved admission ceiling
1774	1789131399261	2	32	admit-ceiling	LIMIT_EXCEEDED: client unresolved admission ceiling
1774	1789131399261	2	2	admit-ceiling	LIMIT_EXCEEDED: client unresolved admission ceiling
1775	1789131399261	2	23	admit-ceiling	LIMIT_EXCEEDED: client unresolved admission ceiling
1775	1789131399261	2	47	admit-ceiling	LIMIT_EXCEEDED: client unresolved admission ceiling
1799	1789131399285	0	84	admit-ceiling	LIMIT_EXCEEDED: client unresolved admission ceiling
1804	1789131399291	0	75	admit-refused	authority refusal LIMIT_EXCEEDED: aggregate admission capacity exhausted
1818	1789131399304	1	85	admit-ceiling	LIMIT_EXCEEDED: client unresolved admission ceiling
1831	1789131399317	0	27	admit-retried	succeeded after 1 refusals
1831	1789131399317	0	27	admitted	admit=1493ms
1831	1789131399318	0	81	admit-refused	authority refusal LIMIT_EXCEEDED: aggregate admission capacity exhausted
1845	1789131399331	0	72	admit-refused	authority refusal LIMIT_EXCEEDED: aggregate admission capacity exhausted
1845	1789131399332	1	76	admit-refused	authority refusal LIMIT_EXCEEDED: aggregate admission capacity exhausted
1859	1789131399345	2	11	admit-ceiling	LIMIT_EXCEEDED: client unresolved admission ceiling
1860	1789131399346	2	35	admit-ceiling	LIMIT_EXCEEDED: client unresolved admission ceiling
1869	1789131399355	0	78	admit-refused	authority refusal LIMIT_EXCEEDED: aggregate admission capacity exhausted
1881	1789131399368	1	34	admit-retried	succeeded after 1 refusals
1881	1789131399368	1	34	admitted	admit=1536ms
1912	1789131399398	1	88	admit-refused	authority refusal LIMIT_EXCEEDED: aggregate admission capacity exhausted
1916	1789131399403	0	48	admitted	admit=665ms
1931	1789131399417	2	59	admitted	admit=518ms
1948	1789131399434	0	57	admitted	admit=630ms
1950	1789131399437	2	71	admit-ceiling	LIMIT_EXCEEDED: client unresolved admission ceiling
1952	1789131399438	0	51	admit-ceiling	LIMIT_EXCEEDED: client unresolved admission ceiling
1952	1789131399439	0	63	admit-ceiling	LIMIT_EXCEEDED: client unresolved admission ceiling
1953	1789131399439	0	66	admit-ceiling	LIMIT_EXCEEDED: client unresolved admission ceiling
1953	1789131399439	0	69	admit-ceiling	LIMIT_EXCEEDED: client unresolved admission ceiling
1953	1789131399439	0	84	admit-ceiling	LIMIT_EXCEEDED: client unresolved admission ceiling
1953	1789131399439	1	49	admitted	admit=690ms
1953	1789131399440	0	75	admit-ceiling	LIMIT_EXCEEDED: client unresolved admission ceiling
1953	1789131399440	0	81	admit-ceiling	LIMIT_EXCEEDED: client unresolved admission ceiling
1954	1789131399440	0	72	admit-ceiling	LIMIT_EXCEEDED: client unresolved admission ceiling
1963	1789131399450	1	91	admit-refused	authority refusal LIMIT_EXCEEDED: aggregate admission capacity exhausted
1992	1789131399478	1	52	admitted	admit=679ms
1994	1789131399481	2	8	admit-retried	succeeded after 2 refusals
1994	1789131399481	2	8	admitted	admit=1434ms
1994	1789131399481	0	93	admit-ceiling	LIMIT_EXCEEDED: client unresolved admission ceiling
2028	1789131399515	2	74	admit-ceiling	LIMIT_EXCEEDED: client unresolved admission ceiling
2029	1789131399515	2	56	admit-ceiling	LIMIT_EXCEEDED: client unresolved admission ceiling
2031	1789131399517	1	79	admitted	admit=687ms
2034	1789131399520	1	61	admit-ceiling	LIMIT_EXCEEDED: client unresolved admission ceiling
2034	1789131399521	1	64	admit-ceiling	LIMIT_EXCEEDED: client unresolved admission ceiling
2034	1789131399521	1	67	admit-ceiling	LIMIT_EXCEEDED: client unresolved admission ceiling
2035	1789131399521	1	73	admit-ceiling	LIMIT_EXCEEDED: client unresolved admission ceiling
2035	1789131399521	1	85	admit-ceiling	LIMIT_EXCEEDED: client unresolved admission ceiling
2035	1789131399521	1	76	admit-ceiling	LIMIT_EXCEEDED: client unresolved admission ceiling
2036	1789131399522	1	88	admit-ceiling	LIMIT_EXCEEDED: client unresolved admission ceiling
2036	1789131399522	0	96	admit-ceiling	LIMIT_EXCEEDED: client unresolved admission ceiling
2052	1789131399538	2	71	admit-ceiling	LIMIT_EXCEEDED: client unresolved admission ceiling
2061	1789131399547	1	94	admit-ceiling	LIMIT_EXCEEDED: client unresolved admission ceiling
2084	1789131399571	1	58	admit-refused	authority refusal LIMIT_EXCEEDED: aggregate admission capacity exhausted
2085	1789131399571	1	70	admit-refused	authority refusal LIMIT_EXCEEDED: aggregate admission capacity exhausted
2104	1789131399591	0	54	admit-retried	succeeded after 1 refusals
2104	1789131399591	0	54	admitted	admit=786ms
2106	1789131399592	0	78	admit-ceiling	LIMIT_EXCEEDED: client unresolved admission ceiling
2106	1789131399593	0	93	admit-ceiling	LIMIT_EXCEEDED: client unresolved admission ceiling
2126	1789131399612	2	62	admitted	admit=627ms
2134	1789131399620	0	102	admit-ceiling	LIMIT_EXCEEDED: client unresolved admission ceiling
2153	1789131399639	0	60	admit-refused	authority refusal LIMIT_EXCEEDED: aggregate admission capacity exhausted
2160	1789131399646	1	103	admit-ceiling	LIMIT_EXCEEDED: client unresolved admission ceiling
2160	1789131399647	1	91	admit-ceiling	LIMIT_EXCEEDED: client unresolved admission ceiling
2161	1789131399647	2	74	admit-ceiling	LIMIT_EXCEEDED: client unresolved admission ceiling
2163	1789131399649	1	94	admit-ceiling	LIMIT_EXCEEDED: client unresolved admission ceiling
2173	1789131399659	0	87	admitted	admit=829ms
2176	1789131399663	0	72	admit-ceiling	LIMIT_EXCEEDED: client unresolved admission ceiling
2176	1789131399663	0	63	admit-ceiling	LIMIT_EXCEEDED: client unresolved admission ceiling
2176	1789131399663	0	66	admit-ceiling	LIMIT_EXCEEDED: client unresolved admission ceiling
2177	1789131399663	0	69	admit-ceiling	LIMIT_EXCEEDED: client unresolved admission ceiling
2177	1789131399663	0	84	admit-ceiling	LIMIT_EXCEEDED: client unresolved admission ceiling
2177	1789131399663	0	81	admit-ceiling	LIMIT_EXCEEDED: client unresolved admission ceiling
2177	1789131399663	0	75	admit-ceiling	LIMIT_EXCEEDED: client unresolved admission ceiling
2179	1789131399665	1	97	admit-refused	authority refusal LIMIT_EXCEEDED: aggregate admission capacity exhausted
2194	1789131399680	1	100	admit-refused	authority refusal LIMIT_EXCEEDED: aggregate admission capacity exhausted
2208	1789131399695	0	105	admit-ceiling	LIMIT_EXCEEDED: client unresolved admission ceiling
2216	1789131399703	1	55	admit-refused	authority refusal LIMIT_EXCEEDED: aggregate admission capacity exhausted
2221	1789131399708	1	70	admit-refused	authority refusal LIMIT_EXCEEDED: aggregate admission capacity exhausted
2236	1789131399722	0	102	admit-ceiling	LIMIT_EXCEEDED: client unresolved admission ceiling
2238	1789131399724	1	61	admit-ceiling	LIMIT_EXCEEDED: client unresolved admission ceiling
2238	1789131399725	1	85	admit-ceiling	LIMIT_EXCEEDED: client unresolved admission ceiling
2239	1789131399725	1	76	admit-ceiling	LIMIT_EXCEEDED: client unresolved admission ceiling
2239	1789131399725	1	88	admit-ceiling	LIMIT_EXCEEDED: client unresolved admission ceiling
2253	1789131399739	2	71	admit-ceiling	LIMIT_EXCEEDED: client unresolved admission ceiling
2261	1789131399747	1	103	admit-ceiling	LIMIT_EXCEEDED: client unresolved admission ceiling
2280	1789131399766	1	97	admit-ceiling	LIMIT_EXCEEDED: client unresolved admission ceiling
2286	1789131399772	1	58	admit-ceiling	LIMIT_EXCEEDED: client unresolved admission ceiling
2291	1789131399778	2	68	admitted	admit=600ms
2295	1789131399781	1	100	admit-ceiling	LIMIT_EXCEEDED: client unresolved admission ceiling
2308	1789131399794	0	78	admit-ceiling	LIMIT_EXCEEDED: client unresolved admission ceiling
2308	1789131399794	0	93	admit-ceiling	LIMIT_EXCEEDED: client unresolved admission ceiling
2309	1789131399796	0	105	admit-ceiling	LIMIT_EXCEEDED: client unresolved admission ceiling
2355	1789131399841	0	60	admit-ceiling	LIMIT_EXCEEDED: client unresolved admission ceiling
2363	1789131399849	1	91	admit-ceiling	LIMIT_EXCEEDED: client unresolved admission ceiling
2363	1789131399849	2	74	admit-ceiling	LIMIT_EXCEEDED: client unresolved admission ceiling
2364	1789131399851	1	94	admit-ceiling	LIMIT_EXCEEDED: client unresolved admission ceiling
2376	1789131399862	1	67	admit-refused	authority refusal LIMIT_EXCEEDED: aggregate admission capacity exhausted
2391	1789131399877	1	73	admit-retried	succeeded after 2 refusals
2391	1789131399877	1	73	admitted	admit=1048ms
2423	1789131399909	1	70	admit-ceiling	LIMIT_EXCEEDED: client unresolved admission ceiling
2437	1789131399923	0	102	admit-ceiling	LIMIT_EXCEEDED: client unresolved admission ceiling
2456	1789131399943	0	96	admit-retried	succeeded after 1 refusals
2456	1789131399943	0	96	admitted	admit=506ms
2462	1789131399948	1	103	admit-ceiling	LIMIT_EXCEEDED: client unresolved admission ceiling
2475	1789131399961	1	64	admit-refused	authority refusal LIMIT_EXCEEDED: aggregate admission capacity exhausted
2496	1789131399982	1	100	admit-ceiling	LIMIT_EXCEEDED: client unresolved admission ceiling
2511	1789131399998	0	105	admit-ceiling	LIMIT_EXCEEDED: client unresolved admission ceiling
2518	1789131400005	2	65	admit-retried	succeeded after 2 refusals
2518	1789131400005	2	65	admitted	admit=924ms
2529	1789131400016	1	55	admit-refused	authority refusal LIMIT_EXCEEDED: aggregate admission capacity exhausted
2535	1789131400021	1	97	admit-refused	authority refusal LIMIT_EXCEEDED: aggregate admission capacity exhausted
2558	1789131400045	1	82	admit-refused	authority refusal LIMIT_EXCEEDED: aggregate admission capacity exhausted
2560	1789131400047	0	108	admitted	admit=103ms
2588	1789131400075	0	81	admit-ceiling	LIMIT_EXCEEDED: client unresolved admission ceiling
2588	1789131400075	0	72	admit-ceiling	LIMIT_EXCEEDED: client unresolved admission ceiling
2588	1789131400075	0	66	admit-ceiling	LIMIT_EXCEEDED: client unresolved admission ceiling
2589	1789131400075	0	69	admit-ceiling	LIMIT_EXCEEDED: client unresolved admission ceiling
2589	1789131400075	0	84	admit-ceiling	LIMIT_EXCEEDED: client unresolved admission ceiling
2589	1789131400075	0	63	admit-ceiling	LIMIT_EXCEEDED: client unresolved admission ceiling
2589	1789131400075	0	75	admit-ceiling	LIMIT_EXCEEDED: client unresolved admission ceiling
2599	1789131400085	2	53	admit-retried	succeeded after 3 refusals
2599	1789131400085	2	53	admitted	admit=1432ms
2601	1789131400088	2	5	admit-ceiling	LIMIT_EXCEEDED: client unresolved admission ceiling
2602	1789131400088	2	41	admit-ceiling	LIMIT_EXCEEDED: client unresolved admission ceiling
2602	1789131400088	2	32	admit-ceiling	LIMIT_EXCEEDED: client unresolved admission ceiling
2602	1789131400088	2	47	admit-ceiling	LIMIT_EXCEEDED: client unresolved admission ceiling
2602	1789131400088	2	2	admit-ceiling	LIMIT_EXCEEDED: client unresolved admission ceiling
2602	1789131400089	2	23	admit-ceiling	LIMIT_EXCEEDED: client unresolved admission ceiling
2625	1789131400111	1	106	admit-refused	authority refusal LIMIT_EXCEEDED: aggregate admission capacity exhausted
2630	1789131400117	2	86	admit-ceiling	LIMIT_EXCEEDED: client unresolved admission ceiling
2636	1789131400122	0	111	admit-refused	authority refusal LIMIT_EXCEEDED: aggregate admission capacity exhausted
2654	1789131400140	2	71	admit-ceiling	LIMIT_EXCEEDED: client unresolved admission ceiling
2660	1789131400146	1	82	admit-ceiling	LIMIT_EXCEEDED: client unresolved admission ceiling
2662	1789131400148	2	35	admit-ceiling	LIMIT_EXCEEDED: client unresolved admission ceiling
2662	1789131400148	2	11	admit-ceiling	LIMIT_EXCEEDED: client unresolved admission ceiling
2687	1789131400173	1	58	admit-ceiling	LIMIT_EXCEEDED: client unresolved admission ceiling
2711	1789131400197	0	93	admit-ceiling	LIMIT_EXCEEDED: client unresolved admission ceiling
2721	1789131400208	1	88	admit-refused	authority refusal LIMIT_EXCEEDED: aggregate admission capacity exhausted
2727	1789131400214	1	85	admit-retried	succeeded after 3 refusals
2727	1789131400214	1	85	admitted	admit=1383ms
2738	1789131400224	0	111	admit-ceiling	LIMIT_EXCEEDED: client unresolved admission ceiling
2755	1789131400242	2	77	admitted	admit=629ms
2756	1789131400242	0	60	admit-ceiling	LIMIT_EXCEEDED: client unresolved admission ceiling
2764	1789131400251	1	91	admit-ceiling	LIMIT_EXCEEDED: client unresolved admission ceiling
2766	1789131400252	1	94	admit-ceiling	LIMIT_EXCEEDED: client unresolved admission ceiling
2778	1789131400264	1	67	admit-ceiling	LIMIT_EXCEEDED: client unresolved admission ceiling
2783	1789131400269	2	89	admit-ceiling	LIMIT_EXCEEDED: client unresolved admission ceiling
2783	1789131400270	2	74	admit-ceiling	LIMIT_EXCEEDED: client unresolved admission ceiling
2799	1789131400285	0	78	admit-retried	succeeded after 3 refusals
2799	1789131400285	0	78	admitted	admit=1455ms
2808	1789131400294	1	106	admit-refused	authority refusal LIMIT_EXCEEDED: aggregate admission capacity exhausted
2816	1789131400302	1	76	admit-refused	authority refusal LIMIT_EXCEEDED: aggregate admission capacity exhausted
2830	1789131400316	2	56	admit-ceiling	LIMIT_EXCEEDED: client unresolved admission ceiling
2838	1789131400325	0	102	admit-ceiling	LIMIT_EXCEEDED: client unresolved admission ceiling
2864	1789131400351	1	103	admit-ceiling	LIMIT_EXCEEDED: client unresolved admission ceiling
2875	1789131400362	2	80	admitted	admit=583ms
2877	1789131400363	1	64	admit-ceiling	LIMIT_EXCEEDED: client unresolved admission ceiling
2897	1789131400383	1	100	admit-ceiling	LIMIT_EXCEEDED: client unresolved admission ceiling
2900	1789131400387	2	89	admit-ceiling	LIMIT_EXCEEDED: client unresolved admission ceiling
2906	1789131400392	1	82	admit-refused	authority refusal LIMIT_EXCEEDED: aggregate admission capacity exhausted
2908	1789131400394	0	114	admitted	admit=108ms
2936	1789131400423	1	97	admit-ceiling	LIMIT_EXCEEDED: client unresolved admission ceiling
2936	1789131400423	0	105	admit-ceiling	LIMIT_EXCEEDED: client unresolved admission ceiling
2939	1789131400426	0	111	admit-ceiling	LIMIT_EXCEEDED: client unresolved admission ceiling
3010	1789131400497	1	106	admit-ceiling	LIMIT_EXCEEDED: client unresolved admission ceiling
3013	1789131400500	0	117	admitted	admit=105ms
3033	1789131400520	1	55	admit-retried	succeeded after 3 refusals
3033	1789131400520	1	55	admitted	admit=1721ms
3056	1789131400543	2	83	admitted	admit=537ms
3070	1789131400557	0	120	admit-refused	authority refusal LIMIT_EXCEEDED: aggregate admission capacity exhausted
3109	1789131400595	2	44	admit-retried	succeeded after 4 refusals
3109	1789131400595	2	44	admitted	admit=2548ms
3131	1789131400618	2	98	admit-ceiling	LIMIT_EXCEEDED: client unresolved admission ceiling
3139	1789131400625	0	99	admit-refused	authority refusal LIMIT_EXCEEDED: aggregate admission capacity exhausted
3153	1789131400640	1	112	admit-refused	authority refusal LIMIT_EXCEEDED: aggregate admission capacity exhausted
3165	1789131400651	1	109	admitted	admit=437ms
3194	1789131400680	2	86	admit-retried	succeeded after 1 refusals
3194	1789131400680	2	86	admitted	admit=594ms
3233	1789131400719	2	98	admit-ceiling	LIMIT_EXCEEDED: client unresolved admission ceiling
3254	1789131400740	0	120	admit-retried	succeeded after 1 refusals
3254	1789131400740	0	120	admitted	admit=240ms
3286	1789131400772	1	115	admitted	admit=120ms
3325	1789131400812	1	82	admit-ceiling	LIMIT_EXCEEDED: client unresolved admission ceiling
3328	1789131400815	1	61	admit-refused	authority refusal LIMIT_EXCEEDED: aggregate admission capacity exhausted
3339	1789131400825	1	112	admit-refused	authority refusal LIMIT_EXCEEDED: aggregate admission capacity exhausted
3344	1789131400830	0	123	admit-refused	authority refusal LIMIT_EXCEEDED: aggregate admission capacity exhausted
3348	1789131400835	0	99	admit-retried	succeeded after 1 refusals
3348	1789131400835	0	99	admitted	admit=1398ms
3381	1789131400868	2	92	admitted	admit=505ms
3390	1789131400876	0	51	admit-refused	authority refusal LIMIT_EXCEEDED: aggregate admission capacity exhausted
3392	1789131400879	0	81	admit-ceiling	LIMIT_EXCEEDED: client unresolved admission ceiling
3392	1789131400879	0	69	admit-ceiling	LIMIT_EXCEEDED: client unresolved admission ceiling
3393	1789131400879	0	72	admit-ceiling	LIMIT_EXCEEDED: client unresolved admission ceiling
3393	1789131400879	0	66	admit-ceiling	LIMIT_EXCEEDED: client unresolved admission ceiling
3393	1789131400879	0	75	admit-ceiling	LIMIT_EXCEEDED: client unresolved admission ceiling
3393	1789131400879	0	63	admit-ceiling	LIMIT_EXCEEDED: client unresolved admission ceiling
3407	1789131400894	0	111	admit-refused	authority refusal LIMIT_EXCEEDED: aggregate admission capacity exhausted
3426	1789131400912	0	126	admit-refused	authority refusal LIMIT_EXCEEDED: aggregate admission capacity exhausted
3434	1789131400921	2	98	admit-ceiling	LIMIT_EXCEEDED: client unresolved admission ceiling
3443	1789131400930	1	118	admit-refused	authority refusal LIMIT_EXCEEDED: aggregate admission capacity exhausted
3451	1789131400938	1	106	admit-refused	authority refusal LIMIT_EXCEEDED: aggregate admission capacity exhausted
3456	1789131400942	2	71	admit-ceiling	LIMIT_EXCEEDED: client unresolved admission ceiling
3485	1789131400971	2	95	admitted	admit=427ms
3519	1789131401006	0	84	admit-refused	authority refusal LIMIT_EXCEEDED: aggregate admission capacity exhausted
3533	1789131401020	0	123	admit-refused	authority refusal LIMIT_EXCEEDED: aggregate admission capacity exhausted
3545	1789131401032	1	118	admit-ceiling	LIMIT_EXCEEDED: client unresolved admission ceiling
3566	1789131401053	1	91	admit-ceiling	LIMIT_EXCEEDED: client unresolved admission ceiling
3568	1789131401054	1	94	admit-ceiling	LIMIT_EXCEEDED: client unresolved admission ceiling
3579	1789131401066	1	67	admit-ceiling	LIMIT_EXCEEDED: client unresolved admission ceiling
3585	1789131401072	2	74	admit-ceiling	LIMIT_EXCEEDED: client unresolved admission ceiling
3595	1789131401081	1	70	admit-refused	authority refusal LIMIT_EXCEEDED: aggregate admission capacity exhausted
3605	1789131401092	1	112	admit-refused	authority refusal LIMIT_EXCEEDED: aggregate admission capacity exhausted
3613	1789131401099	1	58	admit-refused	authority refusal LIMIT_EXCEEDED: aggregate admission capacity exhausted
3615	1789131401101	2	89	admit-retried	succeeded after 2 refusals
3615	1789131401101	2	89	admitted	admit=858ms
3641	1789131401127	0	102	admit-ceiling	LIMIT_EXCEEDED: client unresolved admission ceiling
3653	1789131401140	0	93	admit-refused	authority refusal LIMIT_EXCEEDED: aggregate admission capacity exhausted
3656	1789131401142	1	76	admit-refused	authority refusal LIMIT_EXCEEDED: aggregate admission capacity exhausted
3657	1789131401143	1	88	admit-refused	authority refusal LIMIT_EXCEEDED: aggregate admission capacity exhausted
3673	1789131401160	0	126	admit-refused	authority refusal LIMIT_EXCEEDED: aggregate admission capacity exhausted
3696	1789131401182	2	101	admitted	admit=501ms
3747	1789131401234	1	118	admit-ceiling	LIMIT_EXCEEDED: client unresolved admission ceiling
3749	1789131401235	1	103	admit-refused	authority refusal LIMIT_EXCEEDED: aggregate admission capacity exhausted
3780	1789131401266	0	60	admit-refused	authority refusal LIMIT_EXCEEDED: aggregate admission capacity exhausted
3785	1789131401271	0	105	admit-refused	authority refusal LIMIT_EXCEEDED: aggregate admission capacity exhausted
3790	1789131401276	1	100	admit-refused	authority refusal LIMIT_EXCEEDED: aggregate admission capacity exhausted
3818	1789131401304	2	104	admitted	admit=435ms
3829	1789131401315	0	123	admit-refused	authority refusal LIMIT_EXCEEDED: aggregate admission capacity exhausted
3837	1789131401323	0	51	admit-refused	authority refusal LIMIT_EXCEEDED: aggregate admission capacity exhausted
3842	1789131401328	2	98	admit-ceiling	LIMIT_EXCEEDED: client unresolved admission ceiling
3920	1789131401407	1	97	admit-retried	succeeded after 4 refusals
3920	1789131401407	1	97	admitted	admit=1888ms
3942	1789131401428	0	126	admit-refused	authority refusal LIMIT_EXCEEDED: aggregate admission capacity exhausted
3954	1789131401440	2	107	admitted	admit=468ms
4020	1789131401506	1	121	admitted	admit=98ms
4078	1789131401564	2	119	admit-refused	authority refusal LIMIT_EXCEEDED: retained input, output or executor capacity
4089	1789131401575	1	124	admit-refused	authority refusal LIMIT_EXCEEDED: aggregate admission capacity exhausted
4093	1789131401580	2	110	admitted	admit=478ms
4104	1789131401590	1	112	admit-retried	succeeded after 3 refusals
4104	1789131401590	1	112	admitted	admit=1069ms
4149	1789131401635	1	118	admit-ceiling	LIMIT_EXCEEDED: client unresolved admission ceiling
4184	1789131401670	1	127	admit-refused	authority refusal LIMIT_EXCEEDED: aggregate admission capacity exhausted
4189	1789131401676	1	61	admit-refused	authority refusal LIMIT_EXCEEDED: aggregate admission capacity exhausted
4203	1789131401690	2	32	admit-ceiling	LIMIT_EXCEEDED: client unresolved admission ceiling
4203	1789131401690	2	41	admit-ceiling	LIMIT_EXCEEDED: client unresolved admission ceiling
4204	1789131401690	2	5	admit-ceiling	LIMIT_EXCEEDED: client unresolved admission ceiling
4204	1789131401691	2	23	admit-ceiling	LIMIT_EXCEEDED: client unresolved admission ceiling
4205	1789131401691	2	47	admit-ceiling	LIMIT_EXCEEDED: client unresolved admission ceiling
4205	1789131401691	2	2	admit-ceiling	LIMIT_EXCEEDED: client unresolved admission ceiling
4220	1789131401706	1	124	admit-refused	authority refusal LIMIT_EXCEEDED: aggregate admission capacity exhausted
4223	1789131401709	1	82	admit-refused	authority refusal LIMIT_EXCEEDED: aggregate admission capacity exhausted
4261	1789131401747	2	122	admit-refused	authority refusal LIMIT_EXCEEDED: retained input, output or executor capacity
4264	1789131401750	2	35	admit-ceiling	LIMIT_EXCEEDED: client unresolved admission ceiling
4264	1789131401750	2	119	admit-refused	authority refusal LIMIT_EXCEEDED: retained input, output or executor capacity
4267	1789131401753	2	113	admit-refused	authority refusal LIMIT_EXCEEDED: retained input, output or executor capacity
4282	1789131401768	0	111	admit-retried	succeeded after 4 refusals
4282	1789131401768	0	111	admitted	admit=1721ms
4299	1789131401786	0	123	admit-retried	succeeded after 3 refusals
4299	1789131401786	0	123	admitted	admit=1044ms
4374	1789131401861	1	64	admit-refused	authority refusal LIMIT_EXCEEDED: aggregate admission capacity exhausted
4389	1789131401876	1	106	admit-refused	authority refusal LIMIT_EXCEEDED: aggregate admission capacity exhausted
4399	1789131401885	0	129	admitted	admit=98ms
4399	1789131401886	1	127	admit-refused	authority refusal LIMIT_EXCEEDED: aggregate admission capacity exhausted
4425	1789131401911	2	116	admitted	admit=606ms
4426	1789131401912	2	122	admit-refused	authority refusal LIMIT_EXCEEDED: retained input, output or executor capacity
4432	1789131401918	2	113	admit-refused	authority refusal LIMIT_EXCEEDED: retained input, output or executor capacity
4457	1789131401943	0	126	admit-retried	succeeded after 3 refusals
4457	1789131401943	0	126	admitted	admit=1107ms
4481	1789131401968	0	135	admit-refused	authority refusal LIMIT_EXCEEDED: aggregate admission capacity exhausted
4494	1789131401980	1	70	admit-refused	authority refusal LIMIT_EXCEEDED: aggregate admission capacity exhausted
4496	1789131401982	0	132	admit-refused	authority refusal LIMIT_EXCEEDED: aggregate admission capacity exhausted
4509	1789131401996	0	138	admit-refused	authority refusal LIMIT_EXCEEDED: aggregate admission capacity exhausted
4524	1789131402011	1	124	admit-refused	authority refusal LIMIT_EXCEEDED: aggregate admission capacity exhausted
4576	1789131402062	2	11	admit-retried	succeeded after 5 refusals
4576	1789131402062	2	11	admitted	admit=4016ms
4628	1789131402115	2	122	admit-ceiling	LIMIT_EXCEEDED: client unresolved admission ceiling
4633	1789131402119	2	113	admit-ceiling	LIMIT_EXCEEDED: client unresolved admission ceiling
4638	1789131402124	0	51	admit-ceiling	LIMIT_EXCEEDED: client unresolved admission ceiling
4644	1789131402131	2	98	admit-ceiling	LIMIT_EXCEEDED: client unresolved admission ceiling
4655	1789131402141	2	125	admit-refused	authority refusal LIMIT_EXCEEDED: retained input, output or executor capacity
4666	1789131402153	1	127	admit-retried	succeeded after 2 refusals
4666	1789131402153	1	127	admitted	admit=562ms
4669	1789131402155	0	135	admit-retried	succeeded after 1 refusals
4669	1789131402155	0	135	admitted	admit=269ms
4672	1789131402159	2	128	admit-refused	authority refusal LIMIT_EXCEEDED: retained input, output or executor capacity
4674	1789131402161	2	56	admit-refused	authority refusal LIMIT_EXCEEDED: retained input, output or executor capacity
4677	1789131402163	0	138	admit-refused	authority refusal LIMIT_EXCEEDED: aggregate admission capacity exhausted
4697	1789131402183	0	132	admit-retried	succeeded after 1 refusals
4697	1789131402183	0	132	admitted	admit=396ms
4754	1789131402240	0	141	admit-refused	authority refusal LIMIT_EXCEEDED: aggregate admission capacity exhausted
4778	1789131402265	2	119	admit-retried	succeeded after 2 refusals
4778	1789131402265	2	119	admitted	admit=824ms
4791	1789131402277	1	130	admitted	admit=124ms
4829	1789131402315	0	144	admitted	admit=131ms
4875	1789131402361	0	90	admit-refused	authority refusal LIMIT_EXCEEDED: aggregate admission capacity exhausted
4891	1789131402378	1	133	admitted	admit=100ms
4936	1789131402422	0	147	admit-refused	authority refusal LIMIT_EXCEEDED: aggregate admission capacity exhausted
4968	1789131402455	1	124	admit-refused	authority refusal LIMIT_EXCEEDED: aggregate admission capacity exhausted
4978	1789131402465	2	125	admit-retried	succeeded after 1 refusals
4978	1789131402465	2	125	admitted	admit=553ms
4981	1789131402467	1	136	admitted	admit=89ms
4996	1789131402482	0	69	admit-ceiling	LIMIT_EXCEEDED: client unresolved admission ceiling
4996	1789131402482	0	66	admit-ceiling	LIMIT_EXCEEDED: client unresolved admission ceiling
4996	1789131402482	0	72	admit-ceiling	LIMIT_EXCEEDED: client unresolved admission ceiling
4996	1789131402483	0	75	admit-ceiling	LIMIT_EXCEEDED: client unresolved admission ceiling
4997	1789131402483	0	63	admit-ceiling	LIMIT_EXCEEDED: client unresolved admission ceiling
5034	1789131402521	2	113	admit-ceiling	LIMIT_EXCEEDED: client unresolved admission ceiling
5037	1789131402523	2	131	admit-refused	authority refusal LIMIT_EXCEEDED: retained input, output or executor capacity
5037	1789131402523	0	147	admit-ceiling	LIMIT_EXCEEDED: client unresolved admission ceiling
5039	1789131402525	2	128	admit-refused	authority refusal LIMIT_EXCEEDED: retained input, output or executor capacity
5041	1789131402528	1	139	admit-refused	authority refusal LIMIT_EXCEEDED: aggregate admission capacity exhausted
5049	1789131402535	1	118	admit-refused	authority refusal LIMIT_EXCEEDED: aggregate admission capacity exhausted
5058	1789131402544	0	81	admit-retried	succeeded after 5 refusals
5058	1789131402544	0	81	admitted	admit=3715ms
5121	1789131402607	0	84	admit-ceiling	LIMIT_EXCEEDED: client unresolved admission ceiling
5162	1789131402649	0	150	admitted	admit=103ms
5187	1789131402673	2	74	admit-ceiling	LIMIT_EXCEEDED: client unresolved admission ceiling
5215	1789131402701	1	58	admit-ceiling	LIMIT_EXCEEDED: client unresolved admission ceiling
5239	1789131402726	0	147	admit-ceiling	LIMIT_EXCEEDED: client unresolved admission ceiling
5241	1789131402728	2	128	admit-ceiling	LIMIT_EXCEEDED: client unresolved admission ceiling
5243	1789131402730	1	67	admit-refused	authority refusal LIMIT_EXCEEDED: aggregate admission capacity exhausted
5247	1789131402734	1	94	admit-retried	succeeded after 5 refusals
5247	1789131402734	1	94	admitted	admit=3216ms
5265	1789131402752	0	153	admitted	admit=102ms
5266	1789131402753	0	93	admit-ceiling	LIMIT_EXCEEDED: client unresolved admission ceiling
5272	1789131402759	1	88	admit-ceiling	LIMIT_EXCEEDED: client unresolved admission ceiling
5305	1789131402791	0	156	admit-ceiling	LIMIT_EXCEEDED: client unresolved admission ceiling
5307	1789131402794	2	134	admitted	admit=328ms
5345	1789131402831	1	91	admit-refused	authority refusal LIMIT_EXCEEDED: aggregate admission capacity exhausted
5358	1789131402844	1	142	admit-refused	authority refusal LIMIT_EXCEEDED: aggregate admission capacity exhausted
5368	1789131402854	0	102	admit-retried	succeeded after 5 refusals
5368	1789131402854	0	102	admitted	admit=3262ms
5388	1789131402874	0	60	admit-ceiling	LIMIT_EXCEEDED: client unresolved admission ceiling
5388	1789131402874	0	105	admit-ceiling	LIMIT_EXCEEDED: client unresolved admission ceiling
5391	1789131402877	2	71	admit-refused	authority refusal LIMIT_EXCEEDED: retained input, output or executor capacity
5406	1789131402893	0	156	admit-ceiling	LIMIT_EXCEEDED: client unresolved admission ceiling
5422	1789131402908	2	137	admit-refused	authority refusal LIMIT_EXCEEDED: retained input, output or executor capacity
5422	1789131402908	1	103	admit-refused	authority refusal LIMIT_EXCEEDED: aggregate admission capacity exhausted
5426	1789131402913	2	122	admit-retried	succeeded after 3 refusals
5426	1789131402913	2	122	admitted	admit=1333ms
5448	1789131402934	0	141	admit-refused	authority refusal LIMIT_EXCEEDED: aggregate admission capacity exhausted
5465	1789131402952	2	131	admit-refused	authority refusal LIMIT_EXCEEDED: retained input, output or executor capacity
5492	1789131402978	2	140	admit-refused	authority refusal LIMIT_EXCEEDED: retained input, output or executor capacity
5517	1789131403004	1	142	admit-retried	succeeded after 1 refusals
5517	1789131403004	1	142	admitted	admit=269ms
5551	1789131403038	0	159	admitted	admit=183ms
5584	1789131403071	1	145	admit-refused	authority refusal LIMIT_EXCEEDED: aggregate admission capacity exhausted
5637	1789131403124	0	162	admitted	admit=85ms
5641	1789131403127	0	90	admit-refused	authority refusal LIMIT_EXCEEDED: aggregate admission capacity exhausted
5652	1789131403139	0	141	admit-ceiling	LIMIT_EXCEEDED: client unresolved admission ceiling
5663	1789131403149	0	156	admit-refused	authority refusal LIMIT_EXCEEDED: aggregate admission capacity exhausted
5702	1789131403188	0	147	admit-refused	authority refusal LIMIT_EXCEEDED: aggregate admission capacity exhausted
5710	1789131403196	0	165	admit-refused	authority refusal LIMIT_EXCEEDED: aggregate admission capacity exhausted
5757	1789131403243	1	145	admit-retried	succeeded after 1 refusals
5757	1789131403243	1	145	admitted	admit=239ms
5773	1789131403260	1	124	admit-ceiling	LIMIT_EXCEEDED: client unresolved admission ceiling
5791	1789131403277	1	61	admit-ceiling	LIMIT_EXCEEDED: client unresolved admission ceiling
5808	1789131403294	1	100	admit-refused	authority refusal LIMIT_EXCEEDED: aggregate admission capacity exhausted
5819	1789131403305	1	148	admit-refused	authority refusal LIMIT_EXCEEDED: aggregate admission capacity exhausted
5848	1789131403335	2	137	admit-retried	succeeded after 1 refusals
5848	1789131403335	2	137	admitted	admit=540ms
5866	1789131403353	2	143	admit-ceiling	LIMIT_EXCEEDED: client unresolved admission ceiling
5883	1789131403370	0	165	admit-retried	succeeded after 1 refusals
5883	1789131403370	0	165	admitted	admit=246ms
5897	1789131403383	2	140	admit-retried	succeeded after 1 refusals
5897	1789131403383	2	140	admitted	admit=469ms
5900	1789131403386	1	82	admit-retried	succeeded after 5 refusals
5900	1789131403386	1	82	admitted	admit=4556ms
5902	1789131403388	0	90	admit-retried	succeeded after 2 refusals
5902	1789131403388	0	90	admitted	admit=4558ms
5906	1789131403393	2	128	admit-refused	authority refusal LIMIT_EXCEEDED: retained input, output or executor capacity
5963	1789131403449	2	113	admit-refused	authority refusal LIMIT_EXCEEDED: retained input, output or executor capacity
5976	1789131403463	1	64	admit-ceiling	LIMIT_EXCEEDED: client unresolved admission ceiling
5991	1789131403477	1	106	admit-ceiling	LIMIT_EXCEEDED: client unresolved admission ceiling
6006	1789131403492	0	171	admit-refused	authority refusal LIMIT_EXCEEDED: aggregate admission capacity exhausted
6019	1789131403506	0	168	admitted	admit=116ms
6032	1789131403518	1	148	admit-retried	succeeded after 1 refusals
6032	1789131403518	1	148	admitted	admit=275ms
6052	1789131403538	2	146	admit-refused	authority refusal LIMIT_EXCEEDED: retained input, output or executor capacity
6064	1789131403550	2	143	admit-refused	authority refusal LIMIT_EXCEEDED: retained input, output or executor capacity
6079	1789131403566	2	131	admit-retried	succeeded after 2 refusals
6079	1789131403566	2	131	admitted	admit=1299ms
6097	1789131403583	1	70	admit-ceiling	LIMIT_EXCEEDED: client unresolved admission ceiling
6107	1789131403594	0	171	admit-ceiling	LIMIT_EXCEEDED: client unresolved admission ceiling
6112	1789131403598	1	151	admit-refused	authority refusal LIMIT_EXCEEDED: aggregate admission capacity exhausted
6149	1789131403635	0	156	admit-refused	authority refusal LIMIT_EXCEEDED: aggregate admission capacity exhausted
6158	1789131403644	0	138	admit-refused	authority refusal LIMIT_EXCEEDED: aggregate admission capacity exhausted
6168	1789131403654	0	141	admit-refused	authority refusal LIMIT_EXCEEDED: aggregate admission capacity exhausted
6244	1789131403730	1	154	admitted	admit=211ms
6300	1789131403787	2	149	admitted	admit=220ms
6305	1789131403791	1	151	admit-retried	succeeded after 1 refusals
6305	1789131403791	1	151	admitted	admit=404ms
6306	1789131403792	1	157	admit-refused	authority refusal LIMIT_EXCEEDED: aggregate admission capacity exhausted
6361	1789131403848	0	174	admit-refused	authority refusal LIMIT_EXCEEDED: aggregate admission capacity exhausted
6369	1789131403855	0	171	admit-refused	authority refusal LIMIT_EXCEEDED: aggregate admission capacity exhausted
6380	1789131403866	0	51	admit-refused	authority refusal LIMIT_EXCEEDED: aggregate admission capacity exhausted
6400	1789131403886	1	160	admit-refused	authority refusal LIMIT_EXCEEDED: aggregate admission capacity exhausted
6407	1789131403894	1	139	admit-refused	authority refusal LIMIT_EXCEEDED: aggregate admission capacity exhausted
6456	1789131403942	2	98	admit-refused	authority refusal LIMIT_EXCEEDED: retained input, output or executor capacity
6461	1789131403948	2	152	admit-refused	authority refusal LIMIT_EXCEEDED: retained input, output or executor capacity
6465	1789131403952	2	146	admit-retried	succeeded after 1 refusals
6465	1789131403952	2	146	admitted	admit=568ms
6479	1789131403965	2	143	admit-refused	authority refusal LIMIT_EXCEEDED: retained input, output or executor capacity
6520	1789131404007	2	155	admit-refused	authority refusal LIMIT_EXCEEDED: retained input, output or executor capacity
6554	1789131404040	0	147	admit-refused	authority refusal LIMIT_EXCEEDED: aggregate admission capacity exhausted
6569	1789131404055	1	160	admit-refused	authority refusal LIMIT_EXCEEDED: aggregate admission capacity exhausted
6662	1789131404148	1	139	admit-retried	succeeded after 2 refusals
6662	1789131404148	1	139	admitted	admit=1680ms
6701	1789131404187	1	118	admit-refused	authority refusal LIMIT_EXCEEDED: aggregate admission capacity exhausted
6728	1789131404215	0	138	admit-retried	succeeded after 3 refusals
6728	1789131404215	0	138	admitted	admit=2271ms
6754	1789131404241	2	152	admit-retried	succeeded after 1 refusals
6754	1789131404241	2	152	admitted	admit=453ms
6778	1789131404265	1	163	admit-refused	authority refusal LIMIT_EXCEEDED: aggregate admission capacity exhausted
6811	1789131404298	1	160	admit-refused	authority refusal LIMIT_EXCEEDED: aggregate admission capacity exhausted
6820	1789131404306	0	177	admitted	admit=91ms
6840	1789131404327	0	171	admit-retried	succeeded after 3 refusals
6840	1789131404327	0	171	admitted	admit=937ms
6927	1789131404413	0	180	admit-refused	authority refusal LIMIT_EXCEEDED: aggregate admission capacity exhausted
6946	1789131404433	1	163	admit-retried	succeeded after 1 refusals
6946	1789131404433	1	163	admitted	admit=283ms
7010	1789131404496	0	156	admit-refused	authority refusal LIMIT_EXCEEDED: aggregate admission capacity exhausted
7011	1789131404497	0	183	admitted	admit=170ms
7043	1789131404529	1	166	admitted	admit=96ms
7078	1789131404564	0	141	admit-refused	authority refusal LIMIT_EXCEEDED: aggregate admission capacity exhausted
7114	1789131404601	0	180	admit-refused	authority refusal LIMIT_EXCEEDED: aggregate admission capacity exhausted
7122	1789131404608	0	186	admitted	admit=110ms
7194	1789131404680	2	155	admit-retried	succeeded after 1 refusals
7194	1789131404680	2	155	admitted	admit=728ms
7288	1789131404775	1	169	admitted	admit=244ms
7307	1789131404793	1	160	admit-retried	succeeded after 3 refusals
7307	1789131404793	1	160	admitted	admit=1001ms
7375	1789131404862	1	124	admit-ceiling	LIMIT_EXCEEDED: client unresolved admission ceiling
7401	1789131404888	2	128	admit-retried	succeeded after 4 refusals
7401	1789131404888	2	128	admitted	admit=2825ms
7429	1789131404916	2	32	admit-ceiling	LIMIT_EXCEEDED: client unresolved admission ceiling
7429	1789131404916	2	5	admit-ceiling	LIMIT_EXCEEDED: client unresolved admission ceiling
7430	1789131404916	2	41	admit-ceiling	LIMIT_EXCEEDED: client unresolved admission ceiling
7430	1789131404916	2	47	admit-ceiling	LIMIT_EXCEEDED: client unresolved admission ceiling
7430	1789131404916	2	23	admit-ceiling	LIMIT_EXCEEDED: client unresolved admission ceiling
7430	1789131404917	2	2	admit-ceiling	LIMIT_EXCEEDED: client unresolved admission ceiling
7451	1789131404938	2	161	admit-refused	authority refusal LIMIT_EXCEEDED: retained input, output or executor capacity
7470	1789131404956	2	158	admitted	admit=714ms
7472	1789131404959	1	175	admitted	admit=164ms
7507	1789131404993	2	143	admit-refused	authority refusal LIMIT_EXCEEDED: retained input, output or executor capacity
7509	1789131404996	2	164	admit-refused	authority refusal LIMIT_EXCEEDED: retained input, output or executor capacity
7515	1789131405001	2	35	admit-refused	authority refusal LIMIT_EXCEEDED: retained input, output or executor capacity
7523	1789131405010	2	167	admit-refused	authority refusal LIMIT_EXCEEDED: retained input, output or executor capacity
7544	1789131405030	1	178	admit-refused	authority refusal LIMIT_EXCEEDED: aggregate admission capacity exhausted
7552	1789131405039	1	172	admit-refused	authority refusal LIMIT_EXCEEDED: aggregate admission capacity exhausted
7557	1789131405044	2	161	admit-refused	authority refusal LIMIT_EXCEEDED: retained input, output or executor capacity
7588	1789131405075	1	157	admit-refused	authority refusal LIMIT_EXCEEDED: aggregate admission capacity exhausted
7590	1789131405077	2	113	admit-refused	authority refusal LIMIT_EXCEEDED: retained input, output or executor capacity
7622	1789131405109	2	164	admit-refused	authority refusal LIMIT_EXCEEDED: retained input, output or executor capacity
7710	1789131405197	1	178	admit-retried	succeeded after 1 refusals
7710	1789131405197	1	178	admitted	admit=237ms
7737	1789131405224	2	167	admit-refused	authority refusal LIMIT_EXCEEDED: retained input, output or executor capacity
7782	1789131405269	1	172	admit-refused	authority refusal LIMIT_EXCEEDED: aggregate admission capacity exhausted
7791	1789131405277	1	181	admitted	admit=80ms
7806	1789131405293	2	161	admit-refused	authority refusal LIMIT_EXCEEDED: retained input, output or executor capacity
7879	1789131405365	1	184	admitted	admit=87ms
7881	1789131405367	2	164	admit-refused	authority refusal LIMIT_EXCEEDED: retained input, output or executor capacity
7890	1789131405376	2	56	admit-refused	authority refusal LIMIT_EXCEEDED: retained input, output or executor capacity
7929	1789131405415	1	157	admit-refused	authority refusal LIMIT_EXCEEDED: aggregate admission capacity exhausted
7930	1789131405417	0	189	admitted	admit=808ms
7946	1789131405432	1	187	admit-refused	authority refusal LIMIT_EXCEEDED: aggregate admission capacity exhausted
7969	1789131405455	2	167	admit-refused	authority refusal LIMIT_EXCEEDED: retained input, output or executor capacity
8019	1789131405506	0	192	admitted	admit=88ms
8055	1789131405542	1	172	admit-retried	succeeded after 2 refusals
8055	1789131405542	1	172	admitted	admit=748ms
8099	1789131405585	0	180	admit-retried	succeeded after 2 refusals
8099	1789131405586	0	180	admitted	admit=1258ms
8108	1789131405594	1	187	admit-refused	authority refusal LIMIT_EXCEEDED: aggregate admission capacity exhausted
8123	1789131405609	1	190	admit-refused	authority refusal LIMIT_EXCEEDED: aggregate admission capacity exhausted
8206	1789131405693	0	147	admit-retried	succeeded after 5 refusals
8206	1789131405693	0	147	admitted	admit=3377ms
8209	1789131405695	0	63	admit-ceiling	LIMIT_EXCEEDED: client unresolved admission ceiling
8209	1789131405695	0	72	admit-ceiling	LIMIT_EXCEEDED: client unresolved admission ceiling
8209	1789131405695	0	66	admit-ceiling	LIMIT_EXCEEDED: client unresolved admission ceiling
8209	1789131405696	0	75	admit-ceiling	LIMIT_EXCEEDED: client unresolved admission ceiling
8231	1789131405718	0	201	admit-ceiling	LIMIT_EXCEEDED: client unresolved admission ceiling
8297	1789131405783	1	190	admit-retried	succeeded after 1 refusals
8297	1789131405783	1	190	admitted	admit=240ms
8332	1789131405818	0	198	admit-refused	authority refusal LIMIT_EXCEEDED: aggregate admission capacity exhausted
8342	1789131405829	0	69	admit-retried	succeeded after 6 refusals
8342	1789131405829	0	69	admitted	admit=7000ms
8370	1789131405856	0	204	admit-ceiling	LIMIT_EXCEEDED: client unresolved admission ceiling
8388	1789131405874	2	74	admit-ceiling	LIMIT_EXCEEDED: client unresolved admission ceiling
8394	1789131405881	1	157	admit-refused	authority refusal LIMIT_EXCEEDED: aggregate admission capacity exhausted
8405	1789131405891	0	84	admit-refused	authority refusal LIMIT_EXCEEDED: aggregate admission capacity exhausted
8406	1789131405893	1	187	admit-retried	succeeded after 2 refusals
8406	1789131405893	1	187	admitted	admit=527ms
8445	1789131405932	1	67	admit-ceiling	LIMIT_EXCEEDED: client unresolved admission ceiling
8465	1789131405951	0	198	admit-refused	authority refusal LIMIT_EXCEEDED: aggregate admission capacity exhausted
8472	1789131405959	0	204	admit-ceiling	LIMIT_EXCEEDED: client unresolved admission ceiling
8480	1789131405966	2	161	admit-retried	succeeded after 3 refusals
8480	1789131405966	2	161	admitted	admit=1285ms
8487	1789131405973	1	196	admit-refused	authority refusal LIMIT_EXCEEDED: aggregate admission capacity exhausted
8503	1789131405990	1	58	admit-refused	authority refusal LIMIT_EXCEEDED: aggregate admission capacity exhausted
8510	1789131405997	1	76	admit-retried	succeeded after 5 refusals
8510	1789131405997	1	76	admitted	admit=7166ms
8514	1789131406000	0	93	admit-refused	authority refusal LIMIT_EXCEEDED: aggregate admission capacity exhausted
8552	1789131406039	0	201	admit-refused	authority refusal LIMIT_EXCEEDED: aggregate admission capacity exhausted
8561	1789131406048	1	88	admit-refused	authority refusal LIMIT_EXCEEDED: aggregate admission capacity exhausted
8593	1789131406079	2	164	admit-retried	succeeded after 3 refusals
8593	1789131406079	2	164	admitted	admit=1191ms
8596	1789131406083	1	199	admit-refused	authority refusal LIMIT_EXCEEDED: aggregate admission capacity exhausted
8611	1789131406098	0	156	admit-ceiling	LIMIT_EXCEEDED: client unresolved admission ceiling
8650	1789131406137	2	143	admit-retried	succeeded after 4 refusals
8650	1789131406137	2	143	admitted	admit=2801ms
8680	1789131406166	0	60	admit-refused	authority refusal LIMIT_EXCEEDED: aggregate admission capacity exhausted
8687	1789131406173	0	105	admit-retried	succeeded after 6 refusals
8687	1789131406173	0	105	admitted	admit=6512ms
8689	1789131406175	0	141	admit-ceiling	LIMIT_EXCEEDED: client unresolved admission ceiling
8698	1789131406184	1	199	admit-ceiling	LIMIT_EXCEEDED: client unresolved admission ceiling
8709	1789131406195	1	193	admit-refused	authority refusal LIMIT_EXCEEDED: aggregate admission capacity exhausted
8721	1789131406207	2	167	admit-retried	succeeded after 3 refusals
8721	1789131406207	2	167	admitted	admit=1250ms
8726	1789131406212	0	207	admit-ceiling	LIMIT_EXCEEDED: client unresolved admission ceiling
8751	1789131406237	2	179	admit-ceiling	LIMIT_EXCEEDED: client unresolved admission ceiling
8758	1789131406245	0	198	admit-refused	authority refusal LIMIT_EXCEEDED: aggregate admission capacity exhausted
8765	1789131406251	1	196	admit-refused	authority refusal LIMIT_EXCEEDED: aggregate admission capacity exhausted
8766	1789131406252	1	103	admit-retried	succeeded after 6 refusals
8766	1789131406252	1	103	admitted	admit=6733ms
8767	1789131406253	2	71	admit-refused	authority refusal LIMIT_EXCEEDED: retained input, output or executor capacity
8776	1789131406262	2	173	admit-refused	authority refusal LIMIT_EXCEEDED: retained input, output or executor capacity
8783	1789131406270	0	204	admit-retried	succeeded after 2 refusals
8783	1789131406270	0	204	admitted	admit=440ms
8787	1789131406273	2	176	admit-refused	authority refusal LIMIT_EXCEEDED: retained input, output or executor capacity
8828	1789131406315	0	207	admit-ceiling	LIMIT_EXCEEDED: client unresolved admission ceiling
8847	1789131406333	1	202	admit-refused	authority refusal LIMIT_EXCEEDED: aggregate admission capacity exhausted
8848	1789131406334	0	201	admit-refused	authority refusal LIMIT_EXCEEDED: aggregate admission capacity exhausted
8860	1789131406346	1	193	admit-refused	authority refusal LIMIT_EXCEEDED: aggregate admission capacity exhausted
8868	1789131406354	2	170	admit-refused	authority refusal LIMIT_EXCEEDED: retained input, output or executor capacity
8898	1789131406385	0	210	admitted	admit=114ms
8997	1789131406484	1	199	admit-retried	succeeded after 2 refusals
8997	1789131406484	1	199	admitted	admit=486ms
9011	1789131406497	1	202	admit-refused	authority refusal LIMIT_EXCEEDED: aggregate admission capacity exhausted
9014	1789131406500	0	195	admit-refused	authority refusal LIMIT_EXCEEDED: aggregate admission capacity exhausted
9019	1789131406506	1	196	admit-refused	authority refusal LIMIT_EXCEEDED: aggregate admission capacity exhausted
9061	1789131406548	1	193	admit-ceiling	LIMIT_EXCEEDED: client unresolved admission ceiling
9090	1789131406576	1	100	admit-refused	authority refusal LIMIT_EXCEEDED: aggregate admission capacity exhausted
9115	1789131406602	1	205	admit-refused	authority refusal LIMIT_EXCEEDED: aggregate admission capacity exhausted
9131	1789131406617	0	207	admit-refused	authority refusal LIMIT_EXCEEDED: aggregate admission capacity exhausted
9134	1789131406621	2	179	admit-retried	succeeded after 1 refusals
9134	1789131406621	2	179	admitted	admit=413ms
9194	1789131406680	0	195	admit-retried	succeeded after 1 refusals
9194	1789131406680	0	195	admitted	admit=1174ms
9196	1789131406682	1	157	admit-ceiling	LIMIT_EXCEEDED: client unresolved admission ceiling
9212	1789131406698	1	202	admit-ceiling	LIMIT_EXCEEDED: client unresolved admission ceiling
9216	1789131406703	1	205	admit-ceiling	LIMIT_EXCEEDED: client unresolved admission ceiling
9223	1789131406709	0	198	admit-refused	authority refusal LIMIT_EXCEEDED: aggregate admission capacity exhausted
9255	1789131406742	2	176	admit-refused	authority refusal LIMIT_EXCEEDED: retained input, output or executor capacity
9261	1789131406747	2	182	admit-refused	authority refusal LIMIT_EXCEEDED: retained input, output or executor capacity
9280	1789131406766	1	64	admit-retried	succeeded after 6 refusals
9280	1789131406766	1	64	admitted	admit=7937ms
9287	1789131406773	1	106	admit-refused	authority refusal LIMIT_EXCEEDED: aggregate admission capacity exhausted
9288	1789131406774	2	173	admit-retried	succeeded after 1 refusals
9288	1789131406774	2	173	admitted	admit=694ms
9317	1789131406803	0	201	admit-refused	authority refusal LIMIT_EXCEEDED: aggregate admission capacity exhausted
9346	1789131406833	1	91	admit-retried	succeeded after 6 refusals
9346	1789131406833	1	91	admitted	admit=8001ms
9419	1789131406905	1	205	admit-ceiling	LIMIT_EXCEEDED: client unresolved admission ceiling
9421	1789131406907	1	196	admit-ceiling	LIMIT_EXCEEDED: client unresolved admission ceiling
9434	1789131406920	1	208	admit-refused	authority refusal LIMIT_EXCEEDED: aggregate admission capacity exhausted
9437	1789131406923	1	211	admit-refused	authority refusal LIMIT_EXCEEDED: aggregate admission capacity exhausted
9472	1789131406958	2	170	admit-retried	succeeded after 1 refusals
9472	1789131406958	2	170	admitted	admit=991ms
9528	1789131407015	1	193	admit-retried	succeeded after 3 refusals
9528	1789131407015	1	193	admitted	admit=1231ms
9549	1789131407035	0	216	admitted	admit=354ms
9553	1789131407039	1	211	admit-ceiling	LIMIT_EXCEEDED: client unresolved admission ceiling
9587	1789131407073	0	51	admit-ceiling	LIMIT_EXCEEDED: client unresolved admission ceiling
9614	1789131407100	1	202	admit-ceiling	LIMIT_EXCEEDED: client unresolved admission ceiling
9650	1789131407136	0	207	admit-retried	succeeded after 3 refusals
9650	1789131407136	0	207	admitted	admit=962ms
9659	1789131407145	2	98	admit-ceiling	LIMIT_EXCEEDED: client unresolved admission ceiling
9665	1789131407152	0	219	admitted	admit=115ms
9755	1789131407242	1	211	admit-ceiling	LIMIT_EXCEEDED: client unresolved admission ceiling
9783	1789131407270	2	185	admitted	admit=494ms
9790	1789131407277	2	182	admit-refused	authority refusal LIMIT_EXCEEDED: retained input, output or executor capacity
9839	1789131407326	1	208	admit-retried	succeeded after 1 refusals
9839	1789131407326	1	208	admitted	admit=559ms
9867	1789131407353	1	217	admit-ceiling	LIMIT_EXCEEDED: client unresolved admission ceiling
9903	1789131407390	1	118	admit-ceiling	LIMIT_EXCEEDED: client unresolved admission ceiling
9911	1789131407398	0	222	admitted	admit=245ms
9963	1789131407449	1	205	admit-retried	succeeded after 3 refusals
9963	1789131407449	1	205	admitted	admit=964ms
9979	1789131407465	1	217	admit-ceiling	LIMIT_EXCEEDED: client unresolved admission ceiling
9998	1789131407484	2	188	admit-refused	authority refusal LIMIT_EXCEEDED: retained input, output or executor capacity
10004	1789131407490	0	228	admitted	admit=92ms
10030	1789131407516	2	176	admit-retried	succeeded after 2 refusals
10030	1789131407516	2	176	admitted	admit=1378ms
10033	1789131407520	0	198	admit-ceiling	LIMIT_EXCEEDED: client unresolved admission ceiling
10068	1789131407555	0	225	admitted	admit=402ms
10106	1789131407592	0	231	admit-refused	authority refusal LIMIT_EXCEEDED: aggregate admission capacity exhausted
10157	1789131407644	1	211	admit-ceiling	LIMIT_EXCEEDED: client unresolved admission ceiling
10166	1789131407652	0	201	admit-refused	authority refusal LIMIT_EXCEEDED: aggregate admission capacity exhausted
10178	1789131407664	1	61	admit-refused	authority refusal LIMIT_EXCEEDED: aggregate admission capacity exhausted
10194	1789131407681	0	174	admit-retried	succeeded after 1 refusals
10194	1789131407681	0	174	admitted	admit=4174ms
10223	1789131407709	1	196	admit-ceiling	LIMIT_EXCEEDED: client unresolved admission ceiling
10231	1789131407717	1	217	admit-refused	authority refusal LIMIT_EXCEEDED: aggregate admission capacity exhausted
10250	1789131407736	0	234	admitted	admit=181ms
10269	1789131407755	1	214	admit-refused	authority refusal LIMIT_EXCEEDED: aggregate admission capacity exhausted
10316	1789131407802	0	231	admit-refused	authority refusal LIMIT_EXCEEDED: aggregate admission capacity exhausted
10329	1789131407816	0	240	admit-refused	authority refusal LIMIT_EXCEEDED: aggregate admission capacity exhausted
10338	1789131407825	0	237	admit-refused	authority refusal LIMIT_EXCEEDED: aggregate admission capacity exhausted
10393	1789131407879	0	213	admit-refused	authority refusal LIMIT_EXCEEDED: aggregate admission capacity exhausted
10396	1789131407883	2	191	admitted	admit=612ms
10427	1789131407914	1	70	admit-retried	succeeded after 6 refusals
10427	1789131407914	1	70	admitted	admit=9084ms
10487	1789131407973	2	182	admit-refused	authority refusal LIMIT_EXCEEDED: retained input, output or executor capacity
10490	1789131407977	2	194	admit-refused	authority refusal LIMIT_EXCEEDED: retained input, output or executor capacity
10492	1789131407978	2	188	admit-refused	authority refusal LIMIT_EXCEEDED: retained input, output or executor capacity
10493	1789131407979	2	197	admit-refused	authority refusal LIMIT_EXCEEDED: retained input, output or executor capacity
10524	1789131408011	0	237	admit-retried	succeeded after 1 refusals
10524	1789131408011	0	237	admitted	admit=329ms
10529	1789131408016	0	240	admit-refused	authority refusal LIMIT_EXCEEDED: aggregate admission capacity exhausted
10532	1789131408019	1	202	admit-retried	succeeded after 4 refusals
10532	1789131408019	1	202	admitted	admit=1766ms
10545	1789131408031	0	213	admit-refused	authority refusal LIMIT_EXCEEDED: aggregate admission capacity exhausted
10572	1789131408058	0	231	admit-refused	authority refusal LIMIT_EXCEEDED: aggregate admission capacity exhausted
10578	1789131408064	1	124	admit-ceiling	LIMIT_EXCEEDED: client unresolved admission ceiling
10588	1789131408075	0	243	admit-refused	authority refusal LIMIT_EXCEEDED: aggregate admission capacity exhausted
10633	1789131408120	1	217	admit-ceiling	LIMIT_EXCEEDED: client unresolved admission ceiling
10663	1789131408150	1	226	admit-refused	authority refusal LIMIT_EXCEEDED: aggregate admission capacity exhausted
10746	1789131408233	1	214	admit-refused	authority refusal LIMIT_EXCEEDED: aggregate admission capacity exhausted
10749	1789131408236	2	194	admit-retried	succeeded after 1 refusals
10749	1789131408236	2	194	admitted	admit=719ms
10820	1789131408307	2	197	admit-retried	succeeded after 1 refusals
10820	1789131408307	2	197	admitted	admit=423ms
10829	1789131408315	2	188	admit-refused	authority refusal LIMIT_EXCEEDED: retained input, output or executor capacity
10833	1789131408319	2	200	admit-refused	authority refusal LIMIT_EXCEEDED: retained input, output or executor capacity
10836	1789131408322	1	157	admit-refused	authority refusal LIMIT_EXCEEDED: aggregate admission capacity exhausted
10840	1789131408326	0	240	admit-retried	succeeded after 2 refusals
10840	1789131408326	0	240	admitted	admit=589ms
10853	1789131408339	1	226	admit-retried	succeeded after 1 refusals
10853	1789131408339	1	226	admitted	admit=320ms
10913	1789131408399	1	229	admit-refused	authority refusal LIMIT_EXCEEDED: aggregate admission capacity exhausted
10966	1789131408453	0	246	admit-refused	authority refusal LIMIT_EXCEEDED: aggregate admission capacity exhausted
10983	1789131408469	0	213	admit-retried	succeeded after 2 refusals
10983	1789131408469	0	213	admitted	admit=2084ms
11014	1789131408501	1	229	admit-ceiling	LIMIT_EXCEEDED: client unresolved admission ceiling
11049	1789131408535	1	214	admit-retried	succeeded after 2 refusals
11049	1789131408535	1	214	admitted	admit=1520ms
11061	1789131408548	2	113	admit-retried	succeeded after 6 refusals
11061	1789131408548	2	113	admitted	admit=7365ms
11121	1789131408608	0	249	admit-refused	authority refusal LIMIT_EXCEEDED: aggregate admission capacity exhausted
11122	1789131408609	2	203	admitted	admit=301ms
11132	1789131408618	0	246	admit-refused	authority refusal LIMIT_EXCEEDED: aggregate admission capacity exhausted
11148	1789131408634	0	231	admit-refused	authority refusal LIMIT_EXCEEDED: aggregate admission capacity exhausted
11161	1789131408648	0	243	admit-refused	authority refusal LIMIT_EXCEEDED: aggregate admission capacity exhausted
11170	1789131408656	2	182	admit-refused	authority refusal LIMIT_EXCEEDED: retained input, output or executor capacity
11188	1789131408675	2	206	admit-refused	authority refusal LIMIT_EXCEEDED: retained input, output or executor capacity
11192	1789131408679	2	209	admit-refused	authority refusal LIMIT_EXCEEDED: retained input, output or executor capacity
11217	1789131408703	1	229	admit-ceiling	LIMIT_EXCEEDED: client unresolved admission ceiling
11246	1789131408732	2	200	admit-refused	authority refusal LIMIT_EXCEEDED: retained input, output or executor capacity
11276	1789131408762	1	223	admitted	admit=848ms
11421	1789131408908	0	249	admit-retried	succeeded after 1 refusals
11421	1789131408908	0	249	admitted	admit=437ms
11429	1789131408916	0	243	admit-refused	authority refusal LIMIT_EXCEEDED: aggregate admission capacity exhausted
11435	1789131408921	1	217	admit-ceiling	LIMIT_EXCEEDED: client unresolved admission ceiling
11443	1789131408930	0	246	admit-refused	authority refusal LIMIT_EXCEEDED: aggregate admission capacity exhausted
11469	1789131408955	2	188	admit-retried	succeeded after 3 refusals
11469	1789131408955	2	188	admitted	admit=1996ms
11481	1789131408967	0	252	admit-refused	authority refusal LIMIT_EXCEEDED: aggregate admission capacity exhausted
11528	1789131409014	2	206	admit-retried	succeeded after 1 refusals
11528	1789131409014	2	206	admitted	admit=466ms
11564	1789131409051	1	220	admitted	admit=1601ms
11576	1789131409062	2	209	admit-refused	authority refusal LIMIT_EXCEEDED: retained input, output or executor capacity
11583	1789131409070	2	200	admit-refused	authority refusal LIMIT_EXCEEDED: retained input, output or executor capacity
11586	1789131409072	2	212	admit-refused	authority refusal LIMIT_EXCEEDED: retained input, output or executor capacity
11595	1789131409081	2	215	admit-refused	authority refusal LIMIT_EXCEEDED: retained input, output or executor capacity
11618	1789131409104	1	229	admit-ceiling	LIMIT_EXCEEDED: client unresolved admission ceiling
11664	1789131409150	0	252	admit-retried	succeeded after 1 refusals
11664	1789131409150	0	252	admitted	admit=242ms
11687	1789131409174	1	238	admitted	admit=122ms
11728	1789131409215	0	255	admit-refused	authority refusal LIMIT_EXCEEDED: aggregate admission capacity exhausted
11742	1789131409229	0	198	admit-retried	succeeded after 5 refusals
11742	1789131409229	0	198	admitted	admit=3642ms
11801	1789131409287	1	241	admitted	admit=113ms
11825	1789131409312	1	196	admit-ceiling	LIMIT_EXCEEDED: client unresolved admission ceiling
11830	1789131409317	0	243	admit-ceiling	LIMIT_EXCEEDED: client unresolved admission ceiling
11838	1789131409324	1	235	admit-refused	authority refusal LIMIT_EXCEEDED: aggregate admission capacity exhausted
11845	1789131409332	0	246	admit-ceiling	LIMIT_EXCEEDED: client unresolved admission ceiling
11875	1789131409362	1	244	admit-refused	authority refusal LIMIT_EXCEEDED: aggregate admission capacity exhausted
11881	1789131409368	0	156	admit-retried	succeeded after 6 refusals
11881	1789131409368	0	156	admitted	admit=6615ms
11891	1789131409377	0	255	admit-refused	authority refusal LIMIT_EXCEEDED: aggregate admission capacity exhausted
11924	1789131409410	0	201	admit-refused	authority refusal LIMIT_EXCEEDED: aggregate admission capacity exhausted
11946	1789131409432	0	261	admit-refused	authority refusal LIMIT_EXCEEDED: aggregate admission capacity exhausted
11949	1789131409436	0	258	admit-refused	authority refusal LIMIT_EXCEEDED: aggregate admission capacity exhausted
11966	1789131409453	0	141	admit-refused	authority refusal LIMIT_EXCEEDED: aggregate admission capacity exhausted
11981	1789131409467	0	231	admit-refused	authority refusal LIMIT_EXCEEDED: aggregate admission capacity exhausted
11985	1789131409471	2	200	admit-ceiling	LIMIT_EXCEEDED: client unresolved admission ceiling
12028	1789131409515	2	212	admit-retried	succeeded after 1 refusals
12028	1789131409515	2	212	admitted	admit=558ms
12054	1789131409540	1	244	admit-retried	succeeded after 1 refusals
12054	1789131409540	1	244	admitted	admit=253ms
12079	1789131409565	2	209	admit-refused	authority refusal LIMIT_EXCEEDED: retained input, output or executor capacity
12081	1789131409568	2	182	admit-refused	authority refusal LIMIT_EXCEEDED: retained input, output or executor capacity
12083	1789131409569	2	215	admit-retried	succeeded after 1 refusals
12083	1789131409569	2	215	admitted	admit=554ms
12086	1789131409573	2	218	admit-refused	authority refusal LIMIT_EXCEEDED: retained input, output or executor capacity
12138	1789131409624	0	258	admit-retried	succeeded after 1 refusals
12138	1789131409624	0	258	admitted	admit=395ms
12139	1789131409625	2	221	admit-refused	authority refusal LIMIT_EXCEEDED: retained input, output or executor capacity
12154	1789131409641	1	232	admit-refused	authority refusal LIMIT_EXCEEDED: aggregate admission capacity exhausted
12161	1789131409647	1	247	admitted	admit=106ms
12219	1789131409706	0	264	admit-refused	authority refusal LIMIT_EXCEEDED: aggregate admission capacity exhausted
12239	1789131409725	1	250	admit-refused	authority refusal LIMIT_EXCEEDED: aggregate admission capacity exhausted
12305	1789131409792	2	218	admit-retried	succeeded after 1 refusals
12305	1789131409792	2	218	admitted	admit=276ms
12376	1789131409863	0	264	admit-retried	succeeded after 1 refusals
12376	1789131409863	0	264	admitted	admit=238ms
12404	1789131409890	1	232	admit-retried	succeeded after 1 refusals
12404	1789131409890	1	232	admitted	admit=1354ms
12430	1789131409917	1	229	admit-ceiling	LIMIT_EXCEEDED: client unresolved admission ceiling
12447	1789131409934	1	211	admit-refused	authority refusal LIMIT_EXCEEDED: aggregate admission capacity exhausted
12453	1789131409939	2	221	admit-retried	succeeded after 1 refusals
12453	1789131409939	2	221	admitted	admit=370ms
12456	1789131409942	2	41	admit-ceiling	LIMIT_EXCEEDED: client unresolved admission ceiling
12456	1789131409943	2	2	admit-ceiling	LIMIT_EXCEEDED: client unresolved admission ceiling
12456	1789131409943	2	23	admit-ceiling	LIMIT_EXCEEDED: client unresolved admission ceiling
12471	1789131409957	1	253	admit-refused	authority refusal LIMIT_EXCEEDED: aggregate admission capacity exhausted
12476	1789131409963	2	227	admit-ceiling	LIMIT_EXCEEDED: client unresolved admission ceiling
12480	1789131409966	2	209	admit-ceiling	LIMIT_EXCEEDED: client unresolved admission ceiling
12502	1789131409989	1	235	admit-refused	authority refusal LIMIT_EXCEEDED: aggregate admission capacity exhausted
12517	1789131410004	2	35	admit-ceiling	LIMIT_EXCEEDED: client unresolved admission ceiling
12580	1789131410066	2	224	admitted	admit=274ms
12603	1789131410089	2	230	admit-ceiling	LIMIT_EXCEEDED: client unresolved admission ceiling
12616	1789131410102	0	255	admit-retried	succeeded after 2 refusals
12616	1789131410102	0	255	admitted	admit=951ms
12647	1789131410133	0	246	admit-ceiling	LIMIT_EXCEEDED: client unresolved admission ceiling
12711	1789131410197	0	270	admitted	admit=94ms
12716	1789131410202	2	5	admit-retried	succeeded after 7 refusals
12716	1789131410202	2	5	admitted	admit=12156ms
12730	1789131410217	0	261	admit-refused	authority refusal LIMIT_EXCEEDED: aggregate admission capacity exhausted
12740	1789131410227	2	47	admit-refused	authority refusal LIMIT_EXCEEDED: retained input, output or executor capacity
12745	1789131410232	2	32	admit-refused	authority refusal LIMIT_EXCEEDED: retained input, output or executor capacity
12747	1789131410233	1	250	admit-retried	succeeded after 1 refusals
12747	1789131410233	1	250	admitted	admit=586ms
12770	1789131410256	0	243	admit-retried	succeeded after 4 refusals
12770	1789131410257	0	243	admitted	admit=2245ms
12774	1789131410260	2	230	admit-refused	authority refusal LIMIT_EXCEEDED: retained input, output or executor capacity
12784	1789131410270	2	233	admit-refused	authority refusal LIMIT_EXCEEDED: retained input, output or executor capacity
12850	1789131410336	0	273	admitted	admit=138ms
12863	1789131410349	1	235	admit-retried	succeeded after 2 refusals
12863	1789131410349	1	235	admitted	admit=1586ms
12915	1789131410401	1	256	admitted	admit=167ms
12917	1789131410404	2	227	admit-retried	succeeded after 1 refusals
12917	1789131410404	2	227	admitted	admit=463ms
12975	1789131410461	2	230	admit-ceiling	LIMIT_EXCEEDED: client unresolved admission ceiling
13050	1789131410537	2	200	admit-retried	succeeded after 4 refusals
13050	1789131410537	2	200	admitted	admit=2300ms
13058	1789131410544	1	262	admitted	admit=142ms
13062	1789131410548	2	233	admit-refused	authority refusal LIMIT_EXCEEDED: retained input, output or executor capacity
13114	1789131410600	1	217	admit-refused	authority refusal LIMIT_EXCEEDED: aggregate admission capacity exhausted
13134	1789131410620	2	56	admit-refused	authority refusal LIMIT_EXCEEDED: retained input, output or executor capacity
13136	1789131410622	2	239	admit-refused	authority refusal LIMIT_EXCEEDED: retained input, output or executor capacity
13138	1789131410625	2	236	admit-refused	authority refusal LIMIT_EXCEEDED: retained input, output or executor capacity
13174	1789131410661	1	265	admitted	admit=115ms
13211	1789131410697	0	63	admit-ceiling	LIMIT_EXCEEDED: client unresolved admission ceiling
13211	1789131410698	0	72	admit-ceiling	LIMIT_EXCEEDED: client unresolved admission ceiling
13211	1789131410698	0	66	admit-ceiling	LIMIT_EXCEEDED: client unresolved admission ceiling
13212	1789131410698	0	75	admit-ceiling	LIMIT_EXCEEDED: client unresolved admission ceiling
13252	1789131410738	0	261	admit-retried	succeeded after 2 refusals
13252	1789131410738	0	261	admitted	admit=1369ms
13286	1789131410772	0	279	admitted	admit=435ms
13296	1789131410783	1	268	admitted	admit=121ms
13312	1789131410798	0	267	admitted	admit=934ms
13376	1789131410863	2	230	admit-ceiling	LIMIT_EXCEEDED: client unresolved admission ceiling
13379	1789131410866	1	271	admit-refused	authority refusal LIMIT_EXCEEDED: aggregate admission capacity exhausted
13381	1789131410868	2	239	admit-refused	authority refusal LIMIT_EXCEEDED: retained input, output or executor capacity
13383	1789131410870	2	236	admit-refused	authority refusal LIMIT_EXCEEDED: retained input, output or executor capacity
13386	1789131410872	2	233	admit-refused	authority refusal LIMIT_EXCEEDED: retained input, output or executor capacity
13391	1789131410878	2	209	admit-refused	authority refusal LIMIT_EXCEEDED: retained input, output or executor capacity
13421	1789131410908	0	285	admitted	admit=109ms
13466	1789131410952	0	288	admitted	admit=154ms
13494	1789131410980	0	294	admit-ceiling	LIMIT_EXCEEDED: client unresolved admission ceiling
13496	1789131410982	0	291	admit-refused	authority refusal LIMIT_EXCEEDED: aggregate admission capacity exhausted
13506	1789131410992	1	58	admit-ceiling	LIMIT_EXCEEDED: client unresolved admission ceiling
13523	1789131411009	1	271	admit-refused	authority refusal LIMIT_EXCEEDED: aggregate admission capacity exhausted
13536	1789131411023	1	67	admit-retried	succeeded after 7 refusals
13536	1789131411023	1	67	admitted	admit=12194ms
13573	1789131411059	0	93	admit-refused	authority refusal LIMIT_EXCEEDED: aggregate admission capacity exhausted
13596	1789131411083	0	294	admit-ceiling	LIMIT_EXCEEDED: client unresolved admission ceiling
13597	1789131411083	0	291	admit-ceiling	LIMIT_EXCEEDED: client unresolved admission ceiling
13659	1789131411145	0	276	admit-refused	authority refusal LIMIT_EXCEEDED: aggregate admission capacity exhausted
13661	1789131411148	1	253	admit-refused	authority refusal LIMIT_EXCEEDED: aggregate admission capacity exhausted
13668	1789131411154	0	231	admit-retried	succeeded after 5 refusals
13668	1789131411154	0	231	admitted	admit=3663ms
13685	1789131411172	1	88	admit-retried	succeeded after 7 refusals
13685	1789131411172	1	88	admitted	admit=12341ms
13761	1789131411247	0	276	admit-ceiling	LIMIT_EXCEEDED: client unresolved admission ceiling
13777	1789131411263	1	277	admit-refused	authority refusal LIMIT_EXCEEDED: aggregate admission capacity exhausted
13785	1789131411271	1	271	admit-refused	authority refusal LIMIT_EXCEEDED: aggregate admission capacity exhausted
13786	1789131411272	1	274	admitted	admit=248ms
13791	1789131411278	2	74	admit-retried	succeeded after 7 refusals
13791	1789131411278	2	74	admitted	admit=11796ms
13793	1789131411279	2	233	admit-ceiling	LIMIT_EXCEEDED: client unresolved admission ceiling
13798	1789131411285	0	291	admit-ceiling	LIMIT_EXCEEDED: client unresolved admission ceiling
13798	1789131411285	0	294	admit-ceiling	LIMIT_EXCEEDED: client unresolved admission ceiling
13820	1789131411306	2	242	admit-ceiling	LIMIT_EXCEEDED: client unresolved admission ceiling
13860	1789131411346	1	280	admit-refused	authority refusal LIMIT_EXCEEDED: aggregate admission capacity exhausted
13921	1789131411407	2	242	admit-ceiling	LIMIT_EXCEEDED: client unresolved admission ceiling
13927	1789131411414	1	277	admit-refused	authority refusal LIMIT_EXCEEDED: aggregate admission capacity exhausted
13929	1789131411415	2	182	admit-refused	authority refusal LIMIT_EXCEEDED: retained input, output or executor capacity
13937	1789131411423	0	282	admit-refused	authority refusal LIMIT_EXCEEDED: aggregate admission capacity exhausted
13940	1789131411427	1	253	admit-retried	succeeded after 2 refusals
13940	1789131411427	1	253	admitted	admit=1535ms
13948	1789131411435	2	239	admit-retried	succeeded after 2 refusals
13948	1789131411435	2	239	admitted	admit=897ms
13952	1789131411439	2	71	admit-refused	authority refusal LIMIT_EXCEEDED: retained input, output or executor capacity
13971	1789131411457	2	236	admit-refused	authority refusal LIMIT_EXCEEDED: retained input, output or executor capacity
14012	1789131411499	0	276	admit-refused	authority refusal LIMIT_EXCEEDED: aggregate admission capacity exhausted
14026	1789131411512	1	283	admit-refused	authority refusal LIMIT_EXCEEDED: aggregate admission capacity exhausted
14040	1789131411527	1	280	admit-refused	authority refusal LIMIT_EXCEEDED: aggregate admission capacity exhausted
14060	1789131411546	1	259	admit-refused	authority refusal LIMIT_EXCEEDED: aggregate admission capacity exhausted
14084	1789131411571	2	245	admit-refused	authority refusal LIMIT_EXCEEDED: retained input, output or executor capacity
14091	1789131411578	1	229	admit-refused	authority refusal LIMIT_EXCEEDED: aggregate admission capacity exhausted
14097	1789131411583	0	84	admit-refused	authority refusal LIMIT_EXCEEDED: aggregate admission capacity exhausted
14128	1789131411615	1	277	admit-ceiling	LIMIT_EXCEEDED: client unresolved admission ceiling
14161	1789131411648	1	259	admit-ceiling	LIMIT_EXCEEDED: client unresolved admission ceiling
14199	1789131411685	1	283	admit-retried	succeeded after 1 refusals
14199	1789131411685	1	283	admitted	admit=258ms
14201	1789131411687	0	291	admit-ceiling	LIMIT_EXCEEDED: client unresolved admission ceiling
14221	1789131411708	1	100	admit-refused	authority refusal LIMIT_EXCEEDED: aggregate admission capacity exhausted
14242	1789131411729	1	280	admit-ceiling	LIMIT_EXCEEDED: client unresolved admission ceiling
14249	1789131411736	0	246	admit-ceiling	LIMIT_EXCEEDED: client unresolved admission ceiling
14285	1789131411772	0	294	admit-retried	succeeded after 3 refusals
14285	1789131411772	0	294	admitted	admit=818ms
14301	1789131411787	1	271	admit-retried	succeeded after 3 refusals
14301	1789131411787	1	271	admitted	admit=1004ms
14313	1789131411799	1	286	admit-refused	authority refusal LIMIT_EXCEEDED: aggregate admission capacity exhausted
14363	1789131411850	1	259	admit-ceiling	LIMIT_EXCEEDED: client unresolved admission ceiling
14374	1789131411860	0	300	admit-refused	authority refusal LIMIT_EXCEEDED: aggregate admission capacity exhausted
14414	1789131411900	1	286	admit-ceiling	LIMIT_EXCEEDED: client unresolved admission ceiling
14439	1789131411926	1	211	admit-refused	authority refusal LIMIT_EXCEEDED: aggregate admission capacity exhausted
14452	1789131411939	1	289	admit-refused	authority refusal LIMIT_EXCEEDED: aggregate admission capacity exhausted
14453	1789131411939	2	242	admit-retried	succeeded after 2 refusals
14453	1789131411939	2	242	admitted	admit=661ms
14475	1789131411962	0	300	admit-ceiling	LIMIT_EXCEEDED: client unresolved admission ceiling
14513	1789131412000	0	276	admit-retried	succeeded after 3 refusals
14513	1789131412000	0	276	admitted	admit=1742ms
14588	1789131412074	0	51	admit-ceiling	LIMIT_EXCEEDED: client unresolved admission ceiling
14594	1789131412081	2	233	admit-ceiling	LIMIT_EXCEEDED: client unresolved admission ceiling
14615	1789131412102	1	286	admit-ceiling	LIMIT_EXCEEDED: client unresolved admission ceiling
14628	1789131412115	1	277	admit-refused	authority refusal LIMIT_EXCEEDED: aggregate admission capacity exhausted
14660	1789131412147	2	98	admit-ceiling	LIMIT_EXCEEDED: client unresolved admission ceiling
14678	1789131412164	0	300	admit-ceiling	LIMIT_EXCEEDED: client unresolved admission ceiling
14683	1789131412169	1	289	admit-refused	authority refusal LIMIT_EXCEEDED: aggregate admission capacity exhausted
14715	1789131412201	1	106	admit-refused	authority refusal LIMIT_EXCEEDED: aggregate admission capacity exhausted
14747	1789131412233	1	280	admit-refused	authority refusal LIMIT_EXCEEDED: aggregate admission capacity exhausted
14759	1789131412245	2	230	admit-refused	authority refusal LIMIT_EXCEEDED: retained input, output or executor capacity
14778	1789131412264	2	245	admit-retried	succeeded after 1 refusals
14778	1789131412264	2	245	admitted	admit=829ms
14863	1789131412349	1	259	admit-refused	authority refusal LIMIT_EXCEEDED: aggregate admission capacity exhausted
14891	1789131412378	2	236	admit-retried	succeeded after 3 refusals
14891	1789131412378	2	236	admitted	admit=1973ms
14938	1789131412425	1	157	admit-refused	authority refusal LIMIT_EXCEEDED: aggregate admission capacity exhausted
14952	1789131412438	1	289	admit-refused	authority refusal LIMIT_EXCEEDED: aggregate admission capacity exhausted
14962	1789131412448	1	118	admit-refused	authority refusal LIMIT_EXCEEDED: aggregate admission capacity exhausted
14971	1789131412457	2	248	admitted	admit=517ms
14971	1789131412458	2	254	admit-refused	authority refusal LIMIT_EXCEEDED: retained input, output or executor capacity
14975	1789131412461	2	251	admit-refused	authority refusal LIMIT_EXCEEDED: retained input, output or executor capacity
15002	1789131412489	0	291	admit-ceiling	LIMIT_EXCEEDED: client unresolved admission ceiling
15064	1789131412551	2	257	admit-refused	authority refusal LIMIT_EXCEEDED: retained input, output or executor capacity
15065	1789131412551	0	282	admit-retried	succeeded after 1 refusals
15065	1789131412551	0	282	admitted	admit=1812ms
15068	1789131412554	2	209	admit-refused	authority refusal LIMIT_EXCEEDED: retained input, output or executor capacity
15084	1789131412571	2	254	admit-refused	authority refusal LIMIT_EXCEEDED: retained input, output or executor capacity
15094	1789131412580	0	300	admit-ceiling	LIMIT_EXCEEDED: client unresolved admission ceiling
15105	1789131412591	2	251	admit-refused	authority refusal LIMIT_EXCEEDED: retained input, output or executor capacity
15129	1789131412616	0	303	admitted	admit=616ms
15149	1789131412636	0	297	admitted	admit=1481ms
15173	1789131412659	0	306	admitted	admit=107ms
15264	1789131412751	0	315	admit-ceiling	LIMIT_EXCEEDED: client unresolved admission ceiling
15313	1789131412799	1	286	admit-retried	succeeded after 3 refusals
15313	1789131412799	1	286	admitted	admit=1113ms
15366	1789131412853	0	315	admit-ceiling	LIMIT_EXCEEDED: client unresolved admission ceiling
15383	1789131412870	0	309	admit-refused	authority refusal LIMIT_EXCEEDED: aggregate admission capacity exhausted
15392	1789131412878	2	257	admit-retried	succeeded after 1 refusals
15392	1789131412878	2	257	admitted	admit=420ms
15399	1789131412885	0	201	admit-refused	authority refusal LIMIT_EXCEEDED: aggregate admission capacity exhausted
15460	1789131412946	1	292	admitted	admit=146ms
15482	1789131412968	1	295	admit-ceiling	LIMIT_EXCEEDED: client unresolved admission ceiling
15532	1789131413019	0	312	admit-refused	authority refusal LIMIT_EXCEEDED: aggregate admission capacity exhausted
15538	1789131413025	1	277	admit-retried	succeeded after 4 refusals
15538	1789131413025	1	277	admitted	admit=1852ms
15560	1789131413046	1	280	admit-ceiling	LIMIT_EXCEEDED: client unresolved admission ceiling
15579	1789131413066	1	124	admit-ceiling	LIMIT_EXCEEDED: client unresolved admission ceiling
15584	1789131413071	1	295	admit-ceiling	LIMIT_EXCEEDED: client unresolved admission ceiling
15588	1789131413075	0	309	admit-refused	authority refusal LIMIT_EXCEEDED: aggregate admission capacity exhausted
15593	1789131413080	1	298	admit-refused	authority refusal LIMIT_EXCEEDED: aggregate admission capacity exhausted
15606	1789131413093	2	254	admit-retried	succeeded after 2 refusals
15606	1789131413093	2	254	admitted	admit=714ms
15691	1789131413177	0	312	admit-refused	authority refusal LIMIT_EXCEEDED: aggregate admission capacity exhausted
15694	1789131413181	2	251	admit-retried	succeeded after 2 refusals
15694	1789131413181	2	251	admitted	admit=915ms
15695	1789131413181	1	298	admit-ceiling	LIMIT_EXCEEDED: client unresolved admission ceiling
15711	1789131413198	1	259	admit-refused	authority refusal LIMIT_EXCEEDED: aggregate admission capacity exhausted
15735	1789131413222	0	315	admit-refused	authority refusal LIMIT_EXCEEDED: aggregate admission capacity exhausted
15780	1789131413267	2	266	admit-refused	authority refusal LIMIT_EXCEEDED: retained input, output or executor capacity
15807	1789131413294	2	260	admitted	admit=415ms
15883	1789131413369	0	309	admit-retried	succeeded after 2 refusals
15883	1789131413369	0	309	admitted	admit=733ms
15896	1789131413382	1	298	admit-ceiling	LIMIT_EXCEEDED: client unresolved admission ceiling
15937	1789131413423	2	269	admit-refused	authority refusal LIMIT_EXCEEDED: retained input, output or executor capacity
15940	1789131413427	2	266	admit-refused	authority refusal LIMIT_EXCEEDED: retained input, output or executor capacity
15964	1789131413450	1	289	admit-retried	succeeded after 3 refusals
15964	1789131413450	1	289	admitted	admit=1662ms
15979	1789131413465	0	312	admit-refused	authority refusal LIMIT_EXCEEDED: aggregate admission capacity exhausted
15986	1789131413473	0	318	admit-refused	authority refusal LIMIT_EXCEEDED: aggregate admission capacity exhausted
16063	1789131413550	1	301	admitted	admit=99ms
16123	1789131413609	2	263	admitted	admit=516ms
16140	1789131413627	0	318	admit-refused	authority refusal LIMIT_EXCEEDED: aggregate admission capacity exhausted
16150	1789131413637	1	196	admit-retried	succeeded after 6 refusals
16150	1789131413637	1	196	admitted	admit=7743ms
16153	1789131413639	0	300	admit-retried	succeeded after 4 refusals
16153	1789131413639	0	300	admitted	admit=1867ms
16231	1789131413718	1	304	admitted	admit=167ms
16241	1789131413728	1	307	admit-refused	authority refusal LIMIT_EXCEEDED: aggregate admission capacity exhausted
16273	1789131413759	0	321	admitted	admit=119ms
16315	1789131413802	1	217	admit-ceiling	LIMIT_EXCEEDED: client unresolved admission ceiling
16321	1789131413808	1	310	admit-refused	authority refusal LIMIT_EXCEEDED: aggregate admission capacity exhausted
16360	1789131413847	2	230	admit-ceiling	LIMIT_EXCEEDED: client unresolved admission ceiling
16380	1789131413866	0	324	admitted	admit=106ms
16384	1789131413870	1	298	admit-refused	authority refusal LIMIT_EXCEEDED: aggregate admission capacity exhausted
16397	1789131413883	1	307	admit-refused	authority refusal LIMIT_EXCEEDED: aggregate admission capacity exhausted
16397	1789131413884	0	327	admit-ceiling	LIMIT_EXCEEDED: client unresolved admission ceiling
16431	1789131413917	0	318	admit-refused	authority refusal LIMIT_EXCEEDED: aggregate admission capacity exhausted
16483	1789131413969	0	312	admit-refused	authority refusal LIMIT_EXCEEDED: aggregate admission capacity exhausted
16489	1789131413975	1	310	admit-retried	succeeded after 1 refusals
16489	1789131413975	1	310	admitted	admit=256ms
16507	1789131413993	2	269	admit-refused	authority refusal LIMIT_EXCEEDED: retained input, output or executor capacity
16532	1789131414019	2	272	admitted	admit=409ms
16549	1789131414035	1	313	admit-refused	authority refusal LIMIT_EXCEEDED: aggregate admission capacity exhausted
16553	1789131414040	2	266	admit-refused	authority refusal LIMIT_EXCEEDED: retained input, output or executor capacity
16561	1789131414048	1	61	admit-refused	authority refusal LIMIT_EXCEEDED: aggregate admission capacity exhausted
16569	1789131414055	0	327	admit-refused	authority refusal LIMIT_EXCEEDED: aggregate admission capacity exhausted
16625	1789131414112	0	60	admit-refused	authority refusal LIMIT_EXCEEDED: aggregate admission capacity exhausted
16660	1789131414147	0	291	admit-refused	authority refusal LIMIT_EXCEEDED: aggregate admission capacity exhausted
16701	1789131414188	1	313	admit-refused	authority refusal LIMIT_EXCEEDED: aggregate admission capacity exhausted
16714	1789131414200	2	233	admit-retried	succeeded after 5 refusals
16714	1789131414200	2	233	admitted	admit=3997ms
16719	1789131414206	1	295	admit-retried	succeeded after 2 refusals
16719	1789131414206	1	295	admitted	admit=1258ms
16745	1789131414231	1	307	admit-refused	authority refusal LIMIT_EXCEEDED: aggregate admission capacity exhausted
16779	1789131414265	1	316	admit-refused	authority refusal LIMIT_EXCEEDED: aggregate admission capacity exhausted
16839	1789131414326	0	327	admit-retried	succeeded after 2 refusals
16839	1789131414326	0	327	admitted	admit=459ms
16972	1789131414459	1	313	admit-refused	authority refusal LIMIT_EXCEEDED: aggregate admission capacity exhausted
16973	1789131414460	0	330	admitted	admit=133ms
16993	1789131414479	1	316	admit-retried	succeeded after 1 refusals
16993	1789131414479	1	316	admitted	admit=273ms
17034	1789131414520	2	275	admitted	admit=501ms
17083	1789131414570	0	333	admit-refused	authority refusal LIMIT_EXCEEDED: aggregate admission capacity exhausted
17090	1789131414576	2	269	admit-refused	authority refusal LIMIT_EXCEEDED: retained input, output or executor capacity
17095	1789131414581	2	266	admit-refused	authority refusal LIMIT_EXCEEDED: retained input, output or executor capacity
17096	1789131414582	0	141	admit-retried	succeeded after 7 refusals
17096	1789131414582	0	141	admitted	admit=12398ms
17132	1789131414618	1	319	admit-refused	authority refusal LIMIT_EXCEEDED: aggregate admission capacity exhausted
17133	1789131414620	2	281	admit-refused	authority refusal LIMIT_EXCEEDED: retained input, output or executor capacity
17168	1789131414654	2	278	admit-refused	authority refusal LIMIT_EXCEEDED: retained input, output or executor capacity
17210	1789131414696	0	336	admit-refused	authority refusal LIMIT_EXCEEDED: aggregate admission capacity exhausted
17232	1789131414718	0	318	admit-refused	authority refusal LIMIT_EXCEEDED: aggregate admission capacity exhausted
17242	1789131414729	0	333	admit-refused	authority refusal LIMIT_EXCEEDED: aggregate admission capacity exhausted
17269	1789131414755	1	298	admit-retried	succeeded after 4 refusals
17269	1789131414755	1	298	admitted	admit=1730ms
17281	1789131414768	1	319	admit-refused	authority refusal LIMIT_EXCEEDED: aggregate admission capacity exhausted
17312	1789131414799	1	259	admit-ceiling	LIMIT_EXCEEDED: client unresolved admission ceiling
17348	1789131414835	1	229	admit-refused	authority refusal LIMIT_EXCEEDED: aggregate admission capacity exhausted
17349	1789131414835	0	312	admit-retried	succeeded after 4 refusals
17349	1789131414835	0	312	admitted	admit=2175ms
17404	1789131414890	0	336	admit-refused	authority refusal LIMIT_EXCEEDED: aggregate admission capacity exhausted
17407	1789131414894	0	339	admit-refused	authority refusal LIMIT_EXCEEDED: aggregate admission capacity exhausted
17440	1789131414926	1	313	admit-refused	authority refusal LIMIT_EXCEEDED: aggregate admission capacity exhausted
17472	1789131414958	2	182	admit-retried	succeeded after 6 refusals
17472	1789131414958	2	182	admitted	admit=8336ms
17474	1789131414960	2	2	admit-ceiling	LIMIT_EXCEEDED: client unresolved admission ceiling
17492	1789131414979	2	284	admit-ceiling	LIMIT_EXCEEDED: client unresolved admission ceiling
17493	1789131414979	2	269	admit-ceiling	LIMIT_EXCEEDED: client unresolved admission ceiling
17519	1789131415006	2	35	admit-ceiling	LIMIT_EXCEEDED: client unresolved admission ceiling
17545	1789131415032	0	246	admit-retried	succeeded after 6 refusals
17545	1789131415032	0	246	admitted	admit=6705ms
17554	1789131415040	0	339	admit-refused	authority refusal LIMIT_EXCEEDED: aggregate admission capacity exhausted
17586	1789131415073	1	319	admit-retried	succeeded after 2 refusals
17586	1789131415073	1	319	admitted	admit=592ms
17594	1789131415080	2	284	admit-ceiling	LIMIT_EXCEEDED: client unresolved admission ceiling
17641	1789131415128	1	211	admit-ceiling	LIMIT_EXCEEDED: client unresolved admission ceiling
17675	1789131415162	0	342	admitted	admit=129ms
17680	1789131415167	2	278	admit-retried	succeeded after 1 refusals
17680	1789131415167	2	278	admitted	admit=965ms
17704	1789131415190	0	336	admit-retried	succeeded after 2 refusals
17704	1789131415190	0	336	admitted	admit=607ms
17740	1789131415226	2	281	admit-retried	succeeded after 1 refusals
17740	1789131415226	2	281	admitted	admit=705ms
17751	1789131415237	1	325	admit-refused	authority refusal LIMIT_EXCEEDED: aggregate admission capacity exhausted
17756	1789131415242	0	339	admit-ceiling	LIMIT_EXCEEDED: client unresolved admission ceiling
17768	1789131415255	1	322	admit-refused	authority refusal LIMIT_EXCEEDED: aggregate admission capacity exhausted
17769	1789131415256	2	47	admit-ceiling	LIMIT_EXCEEDED: client unresolved admission ceiling
17770	1789131415256	2	32	admit-ceiling	LIMIT_EXCEEDED: client unresolved admission ceiling
17774	1789131415260	1	307	admit-retried	succeeded after 3 refusals
17774	1789131415260	1	307	admitted	admit=1622ms
17793	1789131415279	0	345	admit-refused	authority refusal LIMIT_EXCEEDED: aggregate admission capacity exhausted
17796	1789131415283	2	284	admit-ceiling	LIMIT_EXCEEDED: client unresolved admission ceiling
17838	1789131415324	1	280	admit-refused	authority refusal LIMIT_EXCEEDED: aggregate admission capacity exhausted
17855	1789131415341	0	348	admitted	admit=150ms
17881	1789131415368	2	41	admit-refused	authority refusal LIMIT_EXCEEDED: retained input, output or executor capacity
17908	1789131415394	2	23	admit-retried	succeeded after 8 refusals
17908	1789131415394	2	23	admitted	admit=17347ms
17933	1789131415419	0	351	admit-refused	authority refusal LIMIT_EXCEEDED: aggregate admission capacity exhausted
17941	1789131415427	0	345	admit-refused	authority refusal LIMIT_EXCEEDED: aggregate admission capacity exhausted
17960	1789131415447	2	266	admit-refused	authority refusal LIMIT_EXCEEDED: retained input, output or executor capacity
17972	1789131415458	2	293	admit-refused	authority refusal LIMIT_EXCEEDED: retained input, output or executor capacity
17984	1789131415471	2	287	admit-refused	authority refusal LIMIT_EXCEEDED: retained input, output or executor capacity
17987	1789131415473	1	328	admitted	admit=212ms
18048	1789131415535	2	290	admit-refused	authority refusal LIMIT_EXCEEDED: retained input, output or executor capacity
18101	1789131415588	1	331	admitted	admit=114ms
18143	1789131415629	0	345	admit-ceiling	LIMIT_EXCEEDED: client unresolved admission ceiling
18157	1789131415643	0	339	admit-ceiling	LIMIT_EXCEEDED: client unresolved admission ceiling
18198	1789131415685	2	284	admit-ceiling	LIMIT_EXCEEDED: client unresolved admission ceiling
18201	1789131415687	1	334	admitted	admit=99ms
18238	1789131415725	0	318	admit-retried	succeeded after 4 refusals
18239	1789131415725	0	318	admitted	admit=2355ms
18240	1789131415727	0	75	admit-ceiling	LIMIT_EXCEEDED: client unresolved admission ceiling
18241	1789131415727	0	72	admit-ceiling	LIMIT_EXCEEDED: client unresolved admission ceiling
18241	1789131415727	0	66	admit-ceiling	LIMIT_EXCEEDED: client unresolved admission ceiling
18273	1789131415759	2	287	admit-retried	succeeded after 1 refusals
18273	1789131415759	2	287	admitted	admit=592ms
18283	1789131415770	0	354	admit-ceiling	LIMIT_EXCEEDED: client unresolved admission ceiling
18299	1789131415785	1	325	admit-retried	succeeded after 1 refusals
18299	1789131415785	1	325	admitted	admit=712ms
18299	1789131415785	1	337	admit-refused	authority refusal LIMIT_EXCEEDED: aggregate admission capacity exhausted
18314	1789131415801	2	296	admit-ceiling	LIMIT_EXCEEDED: client unresolved admission ceiling
18316	1789131415803	1	313	admit-refused	authority refusal LIMIT_EXCEEDED: aggregate admission capacity exhausted
18344	1789131415830	2	293	admit-retried	succeeded after 1 refusals
18344	1789131415830	2	293	admitted	admit=435ms
18362	1789131415848	2	299	admit-ceiling	LIMIT_EXCEEDED: client unresolved admission ceiling
18385	1789131415872	0	354	admit-ceiling	LIMIT_EXCEEDED: client unresolved admission ceiling
18412	1789131415898	2	209	admit-refused	authority refusal LIMIT_EXCEEDED: retained input, output or executor capacity
18415	1789131415901	2	269	admit-refused	authority refusal LIMIT_EXCEEDED: retained input, output or executor capacity
18446	1789131415933	2	56	admit-refused	authority refusal LIMIT_EXCEEDED: retained input, output or executor capacity
18452	1789131415938	2	296	admit-refused	authority refusal LIMIT_EXCEEDED: retained input, output or executor capacity
18487	1789131415973	2	290	admit-refused	authority refusal LIMIT_EXCEEDED: retained input, output or executor capacity
18520	1789131416007	1	337	admit-retried	succeeded after 1 refusals
18520	1789131416007	1	337	admitted	admit=318ms
18542	1789131416028	2	299	admit-refused	authority refusal LIMIT_EXCEEDED: retained input, output or executor capacity
18545	1789131416031	0	345	admit-ceiling	LIMIT_EXCEEDED: client unresolved admission ceiling
18574	1789131416060	0	93	admit-ceiling	LIMIT_EXCEEDED: client unresolved admission ceiling
18587	1789131416073	0	354	admit-ceiling	LIMIT_EXCEEDED: client unresolved admission ceiling
18640	1789131416126	0	351	admit-retried	succeeded after 1 refusals
18640	1789131416126	0	351	admitted	admit=784ms
18690	1789131416176	1	322	admit-retried	succeeded after 1 refusals
18690	1789131416176	1	322	admitted	admit=1420ms
18730	1789131416216	1	343	admitted	admit=208ms
18735	1789131416221	0	357	admitted	admit=94ms
18817	1789131416303	1	58	admit-refused	authority refusal LIMIT_EXCEEDED: aggregate admission capacity exhausted
18848	1789131416335	0	360	admitted	admit=112ms
18884	1789131416371	1	349	admit-refused	authority refusal LIMIT_EXCEEDED: aggregate admission capacity exhausted
18930	1789131416417	0	363	admitted	admit=81ms
18954	1789131416440	2	299	admit-retried	succeeded after 2 refusals
18954	1789131416440	2	299	admitted	admit=609ms
18993	1789131416479	0	333	admit-retried	succeeded after 2 refusals
18993	1789131416479	0	333	admitted	admit=2019ms
18994	1789131416481	0	354	admit-ceiling	LIMIT_EXCEEDED: client unresolved admission ceiling
19006	1789131416492	2	296	admit-retried	succeeded after 2 refusals
19006	1789131416492	2	296	admitted	admit=732ms
19024	1789131416511	0	369	admit-ceiling	LIMIT_EXCEEDED: client unresolved admission ceiling
19039	1789131416526	2	305	admit-ceiling	LIMIT_EXCEEDED: client unresolved admission ceiling
19044	1789131416531	1	340	admitted	admit=745ms
19097	1789131416584	0	339	admit-retried	succeeded after 4 refusals
19097	1789131416584	0	339	admitted	admit=1747ms
19105	1789131416591	1	349	admit-retried	succeeded after 1 refusals
19105	1789131416591	1	349	admitted	admit=374ms
19134	1789131416620	0	366	admitted	admit=203ms
19141	1789131416627	2	290	admit-retried	succeeded after 2 refusals
19141	1789131416627	2	290	admitted	admit=1400ms
19169	1789131416655	0	372	admit-ceiling	LIMIT_EXCEEDED: client unresolved admission ceiling
19174	1789131416660	2	308	admit-ceiling	LIMIT_EXCEEDED: client unresolved admission ceiling
19199	1789131416685	0	375	admit-ceiling	LIMIT_EXCEEDED: client unresolved admission ceiling
19233	1789131416719	1	355	admitted	admit=127ms
19258	1789131416745	2	71	admit-refused	authority refusal LIMIT_EXCEEDED: retained input, output or executor capacity
19268	1789131416754	2	284	admit-retried	succeeded after 4 refusals
19268	1789131416754	2	284	admitted	admit=1794ms
19273	1789131416759	0	315	admit-retried	succeeded after 3 refusals
19273	1789131416759	0	315	admitted	admit=4099ms
19316	1789131416803	0	84	admit-refused	authority refusal LIMIT_EXCEEDED: aggregate admission capacity exhausted
19330	1789131416817	0	369	admit-retried	succeeded after 1 refusals
19330	1789131416817	0	369	admitted	admit=336ms
19332	1789131416818	0	63	admit-refused	authority refusal LIMIT_EXCEEDED: aggregate admission capacity exhausted
19341	1789131416827	1	358	admit-refused	authority refusal LIMIT_EXCEEDED: aggregate admission capacity exhausted
19367	1789131416853	2	305	admit-refused	authority refusal LIMIT_EXCEEDED: retained input, output or executor capacity
19369	1789131416855	0	345	admit-ceiling	LIMIT_EXCEEDED: client unresolved admission ceiling
19372	1789131416859	2	302	admit-refused	authority refusal LIMIT_EXCEEDED: retained input, output or executor capacity
19378	1789131416864	2	311	admit-refused	authority refusal LIMIT_EXCEEDED: retained input, output or executor capacity
19382	1789131416868	2	308	admit-refused	authority refusal LIMIT_EXCEEDED: retained input, output or executor capacity
19404	1789131416890	0	378	admit-refused	authority refusal LIMIT_EXCEEDED: aggregate admission capacity exhausted
19423	1789131416909	0	375	admit-refused	authority refusal LIMIT_EXCEEDED: aggregate admission capacity exhausted
19432	1789131416919	0	381	admit-refused	authority refusal LIMIT_EXCEEDED: aggregate admission capacity exhausted
19492	1789131416978	1	100	admit-refused	authority refusal LIMIT_EXCEEDED: aggregate admission capacity exhausted
19500	1789131416987	1	358	admit-retried	succeeded after 1 refusals
19500	1789131416987	1	358	admitted	admit=266ms
19568	1789131417055	2	305	admit-ceiling	LIMIT_EXCEEDED: client unresolved admission ceiling
19583	1789131417070	2	308	admit-ceiling	LIMIT_EXCEEDED: client unresolved admission ceiling
19611	1789131417097	1	361	admitted	admit=109ms
19625	1789131417111	0	375	admit-ceiling	LIMIT_EXCEEDED: client unresolved admission ceiling
19634	1789131417120	0	51	admit-refused	authority refusal LIMIT_EXCEEDED: aggregate admission capacity exhausted
19673	1789131417160	2	302	admit-retried	succeeded after 1 refusals
19673	1789131417160	2	302	admitted	admit=718ms
19683	1789131417170	1	364	admit-refused	authority refusal LIMIT_EXCEEDED: aggregate admission capacity exhausted
19697	1789131417183	2	314	admit-ceiling	LIMIT_EXCEEDED: client unresolved admission ceiling
19711	1789131417197	0	381	admit-refused	authority refusal LIMIT_EXCEEDED: aggregate admission capacity exhausted
19713	1789131417199	2	230	admit-refused	authority refusal LIMIT_EXCEEDED: retained input, output or executor capacity
19717	1789131417203	2	266	admit-refused	authority refusal LIMIT_EXCEEDED: retained input, output or executor capacity
19718	1789131417204	2	311	admit-retried	succeeded after 1 refusals
19718	1789131417204	2	311	admitted	admit=449ms
19726	1789131417212	2	98	admit-refused	authority refusal LIMIT_EXCEEDED: retained input, output or executor capacity
19779	1789131417265	0	378	admit-refused	authority refusal LIMIT_EXCEEDED: aggregate admission capacity exhausted
19826	1789131417313	2	317	admit-refused	authority refusal LIMIT_EXCEEDED: retained input, output or executor capacity
19856	1789131417343	1	106	admit-retried	succeeded after 8 refusals
19856	1789131417343	1	106	admitted	admit=17465ms
19857	1789131417343	1	364	admit-refused	authority refusal LIMIT_EXCEEDED: aggregate admission capacity exhausted
19940	1789131417426	1	157	admit-ceiling	LIMIT_EXCEEDED: client unresolved admission ceiling
19963	1789131417449	1	118	admit-ceiling	LIMIT_EXCEEDED: client unresolved admission ceiling
19981	1789131417468	0	378	admit-ceiling	LIMIT_EXCEEDED: client unresolved admission ceiling
20011	1789131417498	1	367	admitted	admit=154ms
20014	1789131417500	0	381	admit-retried	succeeded after 2 refusals
20014	1789131417500	0	381	admitted	admit=683ms
20018	1789131417504	2	269	admit-ceiling	LIMIT_EXCEEDED: client unresolved admission ceiling
20048	1789131417535	0	375	admit-ceiling	LIMIT_EXCEEDED: client unresolved admission ceiling
20059	1789131417545	1	364	admit-ceiling	LIMIT_EXCEEDED: client unresolved admission ceiling
20061	1789131417547	2	314	admit-retried	succeeded after 1 refusals
20061	1789131417547	2	314	admitted	admit=386ms
20085	1789131417571	0	291	admit-refused	authority refusal LIMIT_EXCEEDED: aggregate admission capacity exhausted
20096	1789131417582	0	384	admit-refused	authority refusal LIMIT_EXCEEDED: aggregate admission capacity exhausted
20122	1789131417608	1	370	admitted	admit=109ms
20218	1789131417705	1	373	admitted	admit=96ms
20260	1789131417747	0	384	admit-refused	authority refusal LIMIT_EXCEEDED: aggregate admission capacity exhausted
20295	1789131417781	1	313	admit-refused	authority refusal LIMIT_EXCEEDED: aggregate admission capacity exhausted
20304	1789131417790	1	376	admitted	admit=85ms
20359	1789131417845	1	352	admit-refused	authority refusal LIMIT_EXCEEDED: aggregate admission capacity exhausted
20379	1789131417865	1	346	admit-refused	authority refusal LIMIT_EXCEEDED: aggregate admission capacity exhausted
20394	1789131417881	1	379	admit-refused	authority refusal LIMIT_EXCEEDED: aggregate admission capacity exhausted
20402	1789131417889	2	317	admit-retried	succeeded after 1 refusals
20402	1789131417889	2	317	admitted	admit=684ms
20433	1789131417920	0	378	admit-refused	authority refusal LIMIT_EXCEEDED: aggregate admission capacity exhausted
20449	1789131417936	2	305	admit-refused	authority refusal LIMIT_EXCEEDED: retained input, output or executor capacity
20458	1789131417945	0	201	admit-refused	authority refusal LIMIT_EXCEEDED: aggregate admission capacity exhausted
20514	1789131418000	1	259	admit-ceiling	LIMIT_EXCEEDED: client unresolved admission ceiling
20576	1789131418062	1	352	admit-retried	succeeded after 1 refusals
20576	1789131418062	1	352	admitted	admit=1531ms
20597	1789131418084	1	124	admit-ceiling	LIMIT_EXCEEDED: client unresolved admission ceiling
20678	1789131418164	1	382	admit-refused	authority refusal LIMIT_EXCEEDED: aggregate admission capacity exhausted
20678	1789131418164	1	379	admit-retried	succeeded after 1 refusals
20678	1789131418164	1	379	admitted	admit=373ms
20711	1789131418198	2	308	admit-retried	succeeded after 3 refusals
20712	1789131418198	2	308	admitted	admit=1570ms
20758	1789131418244	2	320	admitted	admit=696ms
20785	1789131418272	1	385	admitted	admit=107ms
20791	1789131418277	2	326	admit-refused	authority refusal LIMIT_EXCEEDED: retained input, output or executor capacity
20809	1789131418296	2	323	admit-refused	authority refusal LIMIT_EXCEEDED: retained input, output or executor capacity
20812	1789131418298	2	329	admit-refused	authority refusal LIMIT_EXCEEDED: retained input, output or executor capacity
20871	1789131418357	1	382	admit-refused	authority refusal LIMIT_EXCEEDED: aggregate admission capacity exhausted
20912	1789131418398	2	326	admit-refused	authority refusal LIMIT_EXCEEDED: retained input, output or executor capacity
20921	1789131418408	0	375	admit-retried	succeeded after 4 refusals
20921	1789131418408	0	375	admitted	admit=1786ms
20944	1789131418430	2	323	admit-refused	authority refusal LIMIT_EXCEEDED: retained input, output or executor capacity
20946	1789131418432	2	329	admit-refused	authority refusal LIMIT_EXCEEDED: retained input, output or executor capacity
20970	1789131418456	0	345	admit-ceiling	LIMIT_EXCEEDED: client unresolved admission ceiling
21002	1789131418489	0	387	admitted	admit=80ms
21073	1789131418559	1	382	admit-ceiling	LIMIT_EXCEEDED: client unresolved admission ceiling
21078	1789131418564	1	364	admit-refused	authority refusal LIMIT_EXCEEDED: aggregate admission capacity exhausted
21110	1789131418596	0	354	admit-retried	succeeded after 4 refusals
21110	1789131418596	0	354	admitted	admit=2870ms
21133	1789131418620	0	390	admitted	admit=130ms
21194	1789131418681	1	388	admit-refused	authority refusal LIMIT_EXCEEDED: aggregate admission capacity exhausted
21261	1789131418747	0	396	admitted	admit=126ms
21284	1789131418770	0	399	admit-ceiling	LIMIT_EXCEEDED: client unresolved admission ceiling
21350	1789131418836	0	378	admit-retried	succeeded after 4 refusals
21350	1789131418836	0	378	admitted	admit=2076ms
21370	1789131418856	0	384	admit-retried	succeeded after 2 refusals
21370	1789131418856	0	384	admitted	admit=1355ms
21399	1789131418885	2	326	admit-retried	succeeded after 2 refusals
21399	1789131418885	2	326	admitted	admit=686ms
21428	1789131418915	0	399	admit-ceiling	LIMIT_EXCEEDED: client unresolved admission ceiling
21472	1789131418958	0	393	admitted	admit=337ms
21490	1789131418977	1	280	admit-retried	succeeded after 6 refusals
21490	1789131418977	1	280	admitted	admit=7703ms
21509	1789131418996	2	323	admit-retried	succeeded after 2 refusals
21509	1789131418996	2	323	admitted	admit=1106ms
21525	1789131419011	1	391	admit-ceiling	LIMIT_EXCEEDED: client unresolved admission ceiling
21538	1789131419024	0	405	admit-refused	authority refusal LIMIT_EXCEEDED: aggregate admission capacity exhausted
21541	1789131419027	1	388	admit-refused	authority refusal LIMIT_EXCEEDED: aggregate admission capacity exhausted
21551	1789131419037	0	402	admitted	admit=180ms
21559	1789131419046	1	382	admit-refused	authority refusal LIMIT_EXCEEDED: aggregate admission capacity exhausted
21560	1789131419046	0	408	admit-refused	authority refusal LIMIT_EXCEEDED: aggregate admission capacity exhausted
21572	1789131419059	2	329	admit-retried	succeeded after 2 refusals
21572	1789131419059	2	329	admitted	admit=813ms
21639	1789131419126	0	405	admit-ceiling	LIMIT_EXCEEDED: client unresolved admission ceiling
21661	1789131419148	0	408	admit-ceiling	LIMIT_EXCEEDED: client unresolved admission ceiling
21692	1789131419179	0	60	admit-refused	authority refusal LIMIT_EXCEEDED: aggregate admission capacity exhausted
21695	1789131419181	1	391	admit-refused	authority refusal LIMIT_EXCEEDED: aggregate admission capacity exhausted
21700	1789131419187	0	399	admit-refused	authority refusal LIMIT_EXCEEDED: aggregate admission capacity exhausted
21729	1789131419216	2	305	admit-retried	succeeded after 4 refusals
21729	1789131419216	2	305	admitted	admit=2722ms
21808	1789131419294	0	411	admit-refused	authority refusal LIMIT_EXCEEDED: aggregate admission capacity exhausted
21827	1789131419313	1	388	admit-retried	succeeded after 2 refusals
21827	1789131419313	1	388	admitted	admit=1041ms
21849	1789131419335	2	335	admitted	admit=338ms
21880	1789131419367	1	364	admit-ceiling	LIMIT_EXCEEDED: client unresolved admission ceiling
21897	1789131419384	1	391	admit-ceiling	LIMIT_EXCEEDED: client unresolved admission ceiling
21905	1789131419391	1	394	admit-refused	authority refusal LIMIT_EXCEEDED: aggregate admission capacity exhausted
21921	1789131419408	2	332	admitted	admit=522ms
21927	1789131419413	2	344	admit-refused	authority refusal LIMIT_EXCEEDED: retained input, output or executor capacity
21959	1789131419446	1	61	admit-refused	authority refusal LIMIT_EXCEEDED: aggregate admission capacity exhausted
21972	1789131419458	0	411	admit-refused	authority refusal LIMIT_EXCEEDED: aggregate admission capacity exhausted
21977	1789131419463	0	372	admit-refused	authority refusal LIMIT_EXCEEDED: aggregate admission capacity exhausted
21977	1789131419464	0	408	admit-retried	succeeded after 2 refusals
21977	1789131419464	0	408	admitted	admit=505ms
21993	1789131419480	0	405	admit-refused	authority refusal LIMIT_EXCEEDED: aggregate admission capacity exhausted
21998	1789131419484	2	341	admit-refused	authority refusal LIMIT_EXCEEDED: retained input, output or executor capacity
22000	1789131419487	2	338	admit-refused	authority refusal LIMIT_EXCEEDED: retained input, output or executor capacity
22008	1789131419494	2	347	admit-refused	authority refusal LIMIT_EXCEEDED: retained input, output or executor capacity
22063	1789131419550	0	414	admitted	admit=85ms
22071	1789131419558	2	344	admit-refused	authority refusal LIMIT_EXCEEDED: retained input, output or executor capacity
22090	1789131419577	1	394	admit-retried	succeeded after 1 refusals
22090	1789131419577	1	394	admitted	admit=262ms
22157	1789131419644	0	399	admit-refused	authority refusal LIMIT_EXCEEDED: aggregate admission capacity exhausted
22174	1789131419661	0	417	admit-refused	authority refusal LIMIT_EXCEEDED: aggregate admission capacity exhausted
22202	1789131419689	1	397	admitted	admit=111ms
22255	1789131419742	0	411	admit-retried	succeeded after 2 refusals
22255	1789131419742	0	411	admitted	admit=704ms
22306	1789131419793	1	400	admitted	admit=103ms
22348	1789131419835	0	420	admit-refused	authority refusal LIMIT_EXCEEDED: aggregate admission capacity exhausted
22350	1789131419836	1	229	admit-ceiling	LIMIT_EXCEEDED: client unresolved admission ceiling
22357	1789131419843	0	372	admit-refused	authority refusal LIMIT_EXCEEDED: aggregate admission capacity exhausted
22361	1789131419847	1	382	admit-ceiling	LIMIT_EXCEEDED: client unresolved admission ceiling
22367	1789131419854	0	417	admit-refused	authority refusal LIMIT_EXCEEDED: aggregate admission capacity exhausted
22442	1789131419929	1	403	admitted	admit=135ms
22469	1789131419956	0	405	admit-retried	succeeded after 3 refusals
22469	1789131419956	0	405	admitted	admit=1099ms
22476	1789131419962	2	2	admit-ceiling	LIMIT_EXCEEDED: client unresolved admission ceiling
22521	1789131420007	2	35	admit-ceiling	LIMIT_EXCEEDED: client unresolved admission ceiling
22539	1789131420026	1	406	admitted	admit=96ms
22550	1789131420036	0	420	admit-retried	succeeded after 1 refusals
22550	1789131420036	0	420	admitted	admit=294ms
22590	1789131420076	1	346	admit-refused	authority refusal LIMIT_EXCEEDED: aggregate admission capacity exhausted
22641	1789131420128	1	409	admitted	admit=101ms
22683	1789131420170	0	417	admit-retried	succeeded after 2 refusals
22683	1789131420170	0	417	admitted	admit=619ms
22711	1789131420198	2	338	admit-retried	succeeded after 1 refusals
22711	1789131420198	2	338	admitted	admit=1138ms
22770	1789131420256	2	344	admit-refused	authority refusal LIMIT_EXCEEDED: retained input, output or executor capacity
22774	1789131420261	2	341	admit-refused	authority refusal LIMIT_EXCEEDED: retained input, output or executor capacity
22775	1789131420262	1	412	admit-refused	authority refusal LIMIT_EXCEEDED: aggregate admission capacity exhausted
22775	1789131420262	2	347	admit-retried	succeeded after 1 refusals
22775	1789131420262	2	347	admitted	admit=853ms
22801	1789131420288	0	372	admit-refused	authority refusal LIMIT_EXCEEDED: aggregate admission capacity exhausted
22804	1789131420290	0	429	admitted	admit=120ms
22814	1789131420300	0	426	admit-refused	authority refusal LIMIT_EXCEEDED: aggregate admission capacity exhausted
22842	1789131420328	2	350	admit-refused	authority refusal LIMIT_EXCEEDED: retained input, output or executor capacity
22877	1789131420364	1	412	admit-ceiling	LIMIT_EXCEEDED: client unresolved admission ceiling
22878	1789131420364	2	32	admit-refused	authority refusal LIMIT_EXCEEDED: retained input, output or executor capacity
22883	1789131420369	2	47	admit-refused	authority refusal LIMIT_EXCEEDED: retained input, output or executor capacity
22885	1789131420372	2	353	admit-refused	authority refusal LIMIT_EXCEEDED: retained input, output or executor capacity
22897	1789131420383	1	391	admit-refused	authority refusal LIMIT_EXCEEDED: aggregate admission capacity exhausted
22933	1789131420420	2	41	admit-refused	authority refusal LIMIT_EXCEEDED: retained input, output or executor capacity
22958	1789131420444	1	211	admit-refused	authority refusal LIMIT_EXCEEDED: aggregate admission capacity exhausted
22968	1789131420454	1	346	admit-refused	authority refusal LIMIT_EXCEEDED: aggregate admission capacity exhausted
22975	1789131420461	2	266	admit-refused	authority refusal LIMIT_EXCEEDED: retained input, output or executor capacity
22981	1789131420467	2	350	admit-refused	authority refusal LIMIT_EXCEEDED: retained input, output or executor capacity
23047	1789131420533	0	426	admit-retried	succeeded after 1 refusals
23047	1789131420533	0	426	admitted	admit=496ms
23086	1789131420572	0	423	admit-refused	authority refusal LIMIT_EXCEEDED: aggregate admission capacity exhausted
23156	1789131420642	0	435	admit-refused	authority refusal LIMIT_EXCEEDED: aggregate admission capacity exhausted
23163	1789131420649	1	412	admit-retried	succeeded after 2 refusals
23163	1789131420649	1	412	admitted	admit=521ms
23219	1789131420705	2	269	admit-ceiling	LIMIT_EXCEEDED: client unresolved admission ceiling
23231	1789131420717	0	399	admit-refused	authority refusal LIMIT_EXCEEDED: aggregate admission capacity exhausted
23243	1789131420729	0	72	admit-ceiling	LIMIT_EXCEEDED: client unresolved admission ceiling
23257	1789131420744	0	435	admit-ceiling	LIMIT_EXCEEDED: client unresolved admission ceiling
23296	1789131420782	2	341	admit-retried	succeeded after 2 refusals
23296	1789131420782	2	341	admitted	admit=1566ms
23306	1789131420793	0	75	admit-refused	authority refusal LIMIT_EXCEEDED: aggregate admission capacity exhausted
23316	1789131420802	0	432	admit-refused	authority refusal LIMIT_EXCEEDED: aggregate admission capacity exhausted
23370	1789131420856	1	217	admit-retried	succeeded after 7 refusals
23370	1789131420856	1	217	admitted	admit=13530ms
23378	1789131420864	0	66	admit-refused	authority refusal LIMIT_EXCEEDED: aggregate admission capacity exhausted
23415	1789131420902	2	356	admit-refused	authority refusal LIMIT_EXCEEDED: retained input, output or executor capacity
23416	1789131420903	1	346	admit-refused	authority refusal LIMIT_EXCEEDED: aggregate admission capacity exhausted
23430	1789131420916	2	353	admit-retried	succeeded after 1 refusals
23430	1789131420916	2	353	admitted	admit=653ms
23449	1789131420935	2	56	admit-ceiling	LIMIT_EXCEEDED: client unresolved admission ceiling
23459	1789131420946	1	418	admit-refused	authority refusal LIMIT_EXCEEDED: aggregate admission capacity exhausted
23507	1789131420993	0	435	admit-refused	authority refusal LIMIT_EXCEEDED: aggregate admission capacity exhausted
23518	1789131421004	2	356	admit-ceiling	LIMIT_EXCEEDED: client unresolved admission ceiling
23545	1789131421031	1	364	admit-retried	succeeded after 5 refusals
23545	1789131421031	1	364	admitted	admit=3933ms
23555	1789131421042	1	313	admit-refused	authority refusal LIMIT_EXCEEDED: aggregate admission capacity exhausted
23606	1789131421093	2	209	admit-refused	authority refusal LIMIT_EXCEEDED: retained input, output or executor capacity
23611	1789131421098	2	344	admit-refused	authority refusal LIMIT_EXCEEDED: retained input, output or executor capacity
23617	1789131421103	2	350	admit-refused	authority refusal LIMIT_EXCEEDED: retained input, output or executor capacity
23620	1789131421106	2	359	admit-refused	authority refusal LIMIT_EXCEEDED: retained input, output or executor capacity
23703	1789131421190	1	415	admitted	admit=540ms
23758	1789131421244	1	391	admit-refused	authority refusal LIMIT_EXCEEDED: aggregate admission capacity exhausted
23769	1789131421255	1	424	admit-refused	authority refusal LIMIT_EXCEEDED: aggregate admission capacity exhausted
23790	1789131421277	1	421	admit-refused	authority refusal LIMIT_EXCEEDED: aggregate admission capacity exhausted
23825	1789131421312	2	356	admit-retried	succeeded after 2 refusals
23825	1789131421312	2	356	admitted	admit=529ms
23835	1789131421322	0	93	admit-retried	succeeded after 9 refusals
23835	1789131421322	0	93	admitted	admit=21886ms
23859	1789131421346	1	418	admit-refused	authority refusal LIMIT_EXCEEDED: aggregate admission capacity exhausted
23877	1789131421364	2	359	admit-retried	succeeded after 1 refusals
23877	1789131421364	2	359	admitted	admit=446ms
23877	1789131421364	1	58	admit-refused	authority refusal LIMIT_EXCEEDED: aggregate admission capacity exhausted
23888	1789131421374	0	432	admit-refused	authority refusal LIMIT_EXCEEDED: aggregate admission capacity exhausted
23901	1789131421387	0	438	admit-refused	authority refusal LIMIT_EXCEEDED: aggregate admission capacity exhausted
23921	1789131421407	2	362	admit-refused	authority refusal LIMIT_EXCEEDED: retained input, output or executor capacity
23928	1789131421415	2	365	admit-refused	authority refusal LIMIT_EXCEEDED: retained input, output or executor capacity
23950	1789131421436	1	421	admit-refused	authority refusal LIMIT_EXCEEDED: aggregate admission capacity exhausted
24091	1789131421577	0	432	admit-ceiling	LIMIT_EXCEEDED: client unresolved admission ceiling
24115	1789131421601	0	372	admit-retried	succeeded after 4 refusals
24115	1789131421601	0	372	admitted	admit=4980ms
24123	1789131421609	1	382	admit-retried	succeeded after 5 refusals
24123	1789131421609	1	382	admitted	admit=3546ms
24123	1789131421610	1	418	admit-refused	authority refusal LIMIT_EXCEEDED: aggregate admission capacity exhausted
24136	1789131421623	2	350	admit-retried	succeeded after 3 refusals
24136	1789131421623	2	350	admitted	admit=1424ms
24172	1789131421658	0	345	admit-ceiling	LIMIT_EXCEEDED: client unresolved admission ceiling
24176	1789131421662	2	368	admit-refused	authority refusal LIMIT_EXCEEDED: retained input, output or executor capacity
24178	1789131421665	2	365	admit-refused	authority refusal LIMIT_EXCEEDED: retained input, output or executor capacity
24190	1789131421676	2	362	admit-retried	succeeded after 1 refusals
24190	1789131421676	2	362	admitted	admit=364ms
24200	1789131421687	0	441	admit-refused	authority refusal LIMIT_EXCEEDED: aggregate admission capacity exhausted
24249	1789131421735	2	371	admit-refused	authority refusal LIMIT_EXCEEDED: retained input, output or executor capacity
24288	1789131421774	2	71	admit-refused	authority refusal LIMIT_EXCEEDED: retained input, output or executor capacity
24313	1789131421799	1	346	admit-refused	authority refusal LIMIT_EXCEEDED: aggregate admission capacity exhausted
24318	1789131421804	1	421	admit-retried	succeeded after 2 refusals
24318	1789131421804	1	421	admitted	admit=773ms
24319	1789131421805	0	84	admit-ceiling	LIMIT_EXCEEDED: client unresolved admission ceiling
24333	1789131421819	0	63	admit-ceiling	LIMIT_EXCEEDED: client unresolved admission ceiling
24389	1789131421875	1	430	admit-refused	authority refusal LIMIT_EXCEEDED: aggregate admission capacity exhausted
24409	1789131421896	0	438	admit-retried	succeeded after 1 refusals
24409	1789131421896	0	438	admitted	admit=573ms
24435	1789131421922	2	368	admit-retried	succeeded after 1 refusals
24435	1789131421922	2	368	admitted	admit=298ms
24502	1789131421988	2	371	admit-retried	succeeded after 1 refusals
24502	1789131421988	2	371	admitted	admit=311ms
24518	1789131422004	0	444	admitted	admit=107ms
24525	1789131422012	1	418	admit-ceiling	LIMIT_EXCEEDED: client unresolved admission ceiling
24549	1789131422036	0	447	admit-ceiling	LIMIT_EXCEEDED: client unresolved admission ceiling
24571	1789131422058	2	344	admit-refused	authority refusal LIMIT_EXCEEDED: retained input, output or executor capacity
24575	1789131422062	2	374	admit-refused	authority refusal LIMIT_EXCEEDED: retained input, output or executor capacity
24588	1789131422074	2	377	admit-refused	authority refusal LIMIT_EXCEEDED: retained input, output or executor capacity
24598	1789131422084	2	365	admit-refused	authority refusal LIMIT_EXCEEDED: retained input, output or executor capacity
24602	1789131422088	0	432	admit-retried	succeeded after 3 refusals
24602	1789131422088	0	432	admitted	admit=1797ms
24635	1789131422121	0	51	admit-ceiling	LIMIT_EXCEEDED: client unresolved admission ceiling
24651	1789131422137	1	427	admit-refused	authority refusal LIMIT_EXCEEDED: aggregate admission capacity exhausted
24651	1789131422138	0	447	admit-ceiling	LIMIT_EXCEEDED: client unresolved admission ceiling
24663	1789131422149	1	100	admit-retried	succeeded after 9 refusals
24663	1789131422149	1	100	admitted	admit=22630ms
24684	1789131422170	1	430	admit-retried	succeeded after 1 refusals
24684	1789131422170	1	430	admitted	admit=365ms
24717	1789131422203	0	450	admitted	admit=115ms
24832	1789131422318	0	399	admit-ceiling	LIMIT_EXCEEDED: client unresolved admission ceiling
24867	1789131422354	0	453	admitted	admit=149ms
24889	1789131422375	0	456	admit-ceiling	LIMIT_EXCEEDED: client unresolved admission ceiling
24904	1789131422390	1	427	admit-retried	succeeded after 1 refusals
24904	1789131422390	1	427	admitted	admit=780ms
24923	1789131422410	1	436	admit-refused	authority refusal LIMIT_EXCEEDED: aggregate admission capacity exhausted
24965	1789131422452	1	118	admit-ceiling	LIMIT_EXCEEDED: client unresolved admission ceiling
24990	1789131422477	0	456	admit-ceiling	LIMIT_EXCEEDED: client unresolved admission ceiling
25000	1789131422487	2	365	admit-ceiling	LIMIT_EXCEEDED: client unresolved admission ceiling
25023	1789131422510	1	439	admit-refused	authority refusal LIMIT_EXCEEDED: aggregate admission capacity exhausted
25046	1789131422532	1	157	admit-refused	authority refusal LIMIT_EXCEEDED: aggregate admission capacity exhausted
25061	1789131422547	1	436	admit-refused	authority refusal LIMIT_EXCEEDED: aggregate admission capacity exhausted
25076	1789131422563	1	433	admit-refused	authority refusal LIMIT_EXCEEDED: aggregate admission capacity exhausted
25086	1789131422572	0	291	admit-ceiling	LIMIT_EXCEEDED: client unresolved admission ceiling
25146	1789131422633	0	435	admit-retried	succeeded after 3 refusals
25146	1789131422633	0	435	admitted	admit=2098ms
25192	1789131422679	0	456	admit-ceiling	LIMIT_EXCEEDED: client unresolved admission ceiling
25225	1789131422711	2	230	admit-retried	succeeded after 7 refusals
25225	1789131422711	2	230	admitted	admit=12644ms
25233	1789131422720	1	433	admit-refused	authority refusal LIMIT_EXCEEDED: aggregate admission capacity exhausted
25233	1789131422720	1	439	admit-retried	succeeded after 1 refusals
25233	1789131422720	1	439	admitted	admit=329ms
25275	1789131422762	2	374	admit-retried	succeeded after 1 refusals
25275	1789131422762	2	374	admitted	admit=839ms
25277	1789131422763	2	377	admit-refused	authority refusal LIMIT_EXCEEDED: retained input, output or executor capacity
25301	1789131422787	0	459	admitted	admit=154ms
25359	1789131422846	1	391	admit-ceiling	LIMIT_EXCEEDED: client unresolved admission ceiling
25374	1789131422861	2	380	admit-refused	authority refusal LIMIT_EXCEEDED: retained input, output or executor capacity
25375	1789131422862	0	447	admit-retried	succeeded after 2 refusals
25375	1789131422862	0	447	admitted	admit=857ms
25399	1789131422885	0	462	admitted	admit=98ms
25419	1789131422906	0	423	admit-retried	succeeded after 1 refusals
25419	1789131422906	0	423	admitted	admit=2949ms
25435	1789131422922	1	433	admit-ceiling	LIMIT_EXCEEDED: client unresolved admission ceiling
25504	1789131422990	0	201	admit-ceiling	LIMIT_EXCEEDED: client unresolved admission ceiling
25505	1789131422992	2	98	admit-retried	succeeded after 9 refusals
25505	1789131422992	2	98	admitted	admit=22396ms
25515	1789131423001	1	259	admit-ceiling	LIMIT_EXCEEDED: client unresolved admission ceiling
25547	1789131423033	1	418	admit-retried	succeeded after 4 refusals
25547	1789131423033	1	418	admitted	admit=2176ms
25561	1789131423047	2	380	admit-refused	authority refusal LIMIT_EXCEEDED: retained input, output or executor capacity
25563	1789131423050	2	377	admit-refused	authority refusal LIMIT_EXCEEDED: retained input, output or executor capacity
25581	1789131423067	0	465	admitted	admit=181ms
25599	1789131423086	1	124	admit-ceiling	LIMIT_EXCEEDED: client unresolved admission ceiling
25607	1789131423093	2	386	admit-refused	authority refusal LIMIT_EXCEEDED: retained input, output or executor capacity
25624	1789131423110	0	471	admitted	admit=203ms
25642	1789131423128	0	477	admit-ceiling	LIMIT_EXCEEDED: client unresolved admission ceiling
25661	1789131423147	1	442	admitted	admit=427ms
25669	1789131423156	0	456	admit-refused	authority refusal LIMIT_EXCEEDED: aggregate admission capacity exhausted
25720	1789131423207	1	445	admit-refused	authority refusal LIMIT_EXCEEDED: aggregate admission capacity exhausted
25733	1789131423219	1	424	admit-refused	authority refusal LIMIT_EXCEEDED: aggregate admission capacity exhausted
25744	1789131423231	1	448	admit-refused	authority refusal LIMIT_EXCEEDED: aggregate admission capacity exhausted
25822	1789131423308	0	477	admit-retried	succeeded after 1 refusals
25822	1789131423308	0	477	admitted	admit=197ms
25822	1789131423309	0	474	admit-refused	authority refusal LIMIT_EXCEEDED: aggregate admission capacity exhausted
25903	1789131423389	0	480	admit-refused	authority refusal LIMIT_EXCEEDED: aggregate admission capacity exhausted
25914	1789131423401	1	346	admit-ceiling	LIMIT_EXCEEDED: client unresolved admission ceiling
25940	1789131423427	1	433	admit-retried	succeeded after 3 refusals
25940	1789131423427	1	433	admitted	admit=1256ms
25965	1789131423451	2	377	admit-ceiling	LIMIT_EXCEEDED: client unresolved admission ceiling
25975	1789131423461	1	451	admit-ceiling	LIMIT_EXCEEDED: client unresolved admission ceiling
26014	1789131423501	0	474	admit-retried	succeeded after 1 refusals
26014	1789131423501	0	474	admitted	admit=433ms
26033	1789131423519	2	386	admit-refused	authority refusal LIMIT_EXCEEDED: retained input, output or executor capacity
26036	1789131423523	2	380	admit-refused	authority refusal LIMIT_EXCEEDED: retained input, output or executor capacity
26041	1789131423528	2	365	admit-refused	authority refusal LIMIT_EXCEEDED: retained input, output or executor capacity
26063	1789131423550	2	383	admitted	admit=787ms
26069	1789131423556	1	448	admit-retried	succeeded after 1 refusals
26069	1789131423556	1	448	admitted	admit=407ms
26095	1789131423581	1	451	admit-ceiling	LIMIT_EXCEEDED: client unresolved admission ceiling
26153	1789131423639	1	454	admit-refused	authority refusal LIMIT_EXCEEDED: aggregate admission capacity exhausted
26167	1789131423653	1	424	admit-refused	authority refusal LIMIT_EXCEEDED: aggregate admission capacity exhausted
26172	1789131423658	0	483	admit-refused	authority refusal LIMIT_EXCEEDED: aggregate admission capacity exhausted
26205	1789131423691	0	480	admit-refused	authority refusal LIMIT_EXCEEDED: aggregate admission capacity exhausted
26329	1789131423816	2	389	admitted	admit=265ms
26358	1789131423844	0	483	admit-refused	authority refusal LIMIT_EXCEEDED: aggregate admission capacity exhausted
26358	1789131423845	1	454	admit-refused	authority refusal LIMIT_EXCEEDED: aggregate admission capacity exhausted
26372	1789131423859	1	451	admit-retried	succeeded after 2 refusals
26372	1789131423859	1	451	admitted	admit=431ms
26450	1789131423936	0	480	admit-refused	authority refusal LIMIT_EXCEEDED: aggregate admission capacity exhausted
26460	1789131423947	0	468	admit-refused	authority refusal LIMIT_EXCEEDED: aggregate admission capacity exhausted
26533	1789131424019	0	456	admit-retried	succeeded after 4 refusals
26533	1789131424019	0	456	admitted	admit=1665ms
26569	1789131424055	1	424	admit-ceiling	LIMIT_EXCEEDED: client unresolved admission ceiling
26640	1789131424126	2	344	admit-retried	succeeded after 5 refusals
26640	1789131424126	2	344	admitted	admit=4790ms
26673	1789131424159	1	454	admit-retried	succeeded after 2 refusals
26673	1789131424159	1	454	admitted	admit=603ms
26688	1789131424174	0	486	admitted	admit=154ms
26691	1789131424177	1	457	admitted	admit=317ms
26709	1789131424195	0	60	admit-ceiling	LIMIT_EXCEEDED: client unresolved admission ceiling
26754	1789131424240	2	386	admit-retried	succeeded after 2 refusals
26754	1789131424240	2	386	admitted	admit=1247ms
26763	1789131424249	0	489	admit-refused	authority refusal LIMIT_EXCEEDED: aggregate admission capacity exhausted
26779	1789131424265	2	377	admit-ceiling	LIMIT_EXCEEDED: client unresolved admission ceiling
26791	1789131424278	2	395	admit-refused	authority refusal LIMIT_EXCEEDED: retained input, output or executor capacity
26796	1789131424282	2	392	admit-refused	authority refusal LIMIT_EXCEEDED: retained input, output or executor capacity
26801	1789131424287	2	398	admit-refused	authority refusal LIMIT_EXCEEDED: retained input, output or executor capacity
26815	1789131424302	1	463	admit-refused	authority refusal LIMIT_EXCEEDED: aggregate admission capacity exhausted
26826	1789131424313	1	460	admitted	admit=135ms
26840	1789131424326	2	380	admit-refused	authority refusal LIMIT_EXCEEDED: retained input, output or executor capacity
26864	1789131424350	0	489	admit-ceiling	LIMIT_EXCEEDED: client unresolved admission ceiling
26939	1789131424426	0	483	admit-refused	authority refusal LIMIT_EXCEEDED: aggregate admission capacity exhausted
26960	1789131424446	0	480	admit-retried	succeeded after 3 refusals
26960	1789131424446	0	480	admitted	admit=1137ms
26961	1789131424447	1	61	admit-ceiling	LIMIT_EXCEEDED: client unresolved admission ceiling
26991	1789131424477	1	463	admit-retried	succeeded after 1 refusals
26991	1789131424477	1	463	admitted	admit=299ms
27099	1789131424585	1	469	admitted	admit=107ms
27128	1789131424615	1	445	admit-refused	authority refusal LIMIT_EXCEEDED: aggregate admission capacity exhausted
27137	1789131424624	2	398	admit-retried	succeeded after 1 refusals
27137	1789131424624	2	398	admitted	admit=383ms
27155	1789131424641	1	436	admit-refused	authority refusal LIMIT_EXCEEDED: aggregate admission capacity exhausted
27171	1789131424658	0	492	admitted	admit=210ms
27171	1789131424658	1	472	admit-refused	authority refusal LIMIT_EXCEEDED: aggregate admission capacity exhausted
27171	1789131424658	0	441	admit-refused	authority refusal LIMIT_EXCEEDED: aggregate admission capacity exhausted
27181	1789131424668	2	392	admit-refused	authority refusal LIMIT_EXCEEDED: retained input, output or executor capacity
27185	1789131424672	0	468	admit-refused	authority refusal LIMIT_EXCEEDED: aggregate admission capacity exhausted
27193	1789131424679	2	395	admit-retried	succeeded after 1 refusals
27193	1789131424680	2	395	admitted	admit=552ms
27221	1789131424708	2	401	admit-refused	authority refusal LIMIT_EXCEEDED: retained input, output or executor capacity
27281	1789131424768	0	489	admit-refused	authority refusal LIMIT_EXCEEDED: aggregate admission capacity exhausted
27338	1789131424824	0	495	admit-refused	authority refusal LIMIT_EXCEEDED: aggregate admission capacity exhausted
27370	1789131424856	1	424	admit-ceiling	LIMIT_EXCEEDED: client unresolved admission ceiling
27380	1789131424866	2	404	admitted	admit=186ms
27429	1789131424916	1	445	admit-refused	authority refusal LIMIT_EXCEEDED: aggregate admission capacity exhausted
27441	1789131424928	1	472	admit-retried	succeeded after 1 refusals
27441	1789131424928	1	472	admitted	admit=341ms
27442	1789131424928	1	229	admit-refused	authority refusal LIMIT_EXCEEDED: aggregate admission capacity exhausted
27481	1789131424968	0	468	admit-retried	succeeded after 2 refusals
27481	1789131424968	0	468	admitted	admit=2061ms
27532	1789131425018	2	407	admit-refused	authority refusal LIMIT_EXCEEDED: retained input, output or executor capacity
27533	1789131425019	2	401	admit-retried	succeeded after 1 refusals
27533	1789131425019	2	401	admitted	admit=395ms
27534	1789131425021	2	392	admit-refused	authority refusal LIMIT_EXCEEDED: retained input, output or executor capacity
27535	1789131425022	0	483	admit-refused	authority refusal LIMIT_EXCEEDED: aggregate admission capacity exhausted
27549	1789131425035	2	2	admit-refused	authority refusal LIMIT_EXCEEDED: retained input, output or executor capacity
27571	1789131425057	1	475	admitted	admit=129ms
27572	1789131425059	2	35	admit-refused	authority refusal LIMIT_EXCEEDED: retained input, output or executor capacity
27600	1789131425086	0	498	admitted	admit=118ms
27606	1789131425092	2	410	admit-refused	authority refusal LIMIT_EXCEEDED: retained input, output or executor capacity
27624	1789131425111	0	495	admit-refused	authority refusal LIMIT_EXCEEDED: aggregate admission capacity exhausted
27674	1789131425160	1	436	admit-retried	succeeded after 3 refusals
27674	1789131425160	1	436	admitted	admit=2989ms
27688	1789131425174	0	501	admit-refused	authority refusal LIMIT_EXCEEDED: aggregate admission capacity exhausted
27704	1789131425191	0	441	admit-refused	authority refusal LIMIT_EXCEEDED: aggregate admission capacity exhausted
27736	1789131425222	0	489	admit-refused	authority refusal LIMIT_EXCEEDED: aggregate admission capacity exhausted
27759	1789131425245	1	478	admit-refused	authority refusal LIMIT_EXCEEDED: aggregate admission capacity exhausted
27759	1789131425245	1	481	admitted	admit=84ms
27816	1789131425303	1	484	admit-refused	authority refusal LIMIT_EXCEEDED: aggregate admission capacity exhausted
27879	1789131425366	2	32	admit-ceiling	LIMIT_EXCEEDED: client unresolved admission ceiling
27881	1789131425368	0	501	admit-refused	authority refusal LIMIT_EXCEEDED: aggregate admission capacity exhausted
27885	1789131425371	2	47	admit-ceiling	LIMIT_EXCEEDED: client unresolved admission ceiling
27935	1789131425422	2	41	admit-ceiling	LIMIT_EXCEEDED: client unresolved admission ceiling
27936	1789131425422	2	392	admit-ceiling	LIMIT_EXCEEDED: client unresolved admission ceiling
27960	1789131425446	1	211	admit-ceiling	LIMIT_EXCEEDED: client unresolved admission ceiling
27976	1789131425462	2	266	admit-ceiling	LIMIT_EXCEEDED: client unresolved admission ceiling
28010	1789131425496	1	445	admit-retried	succeeded after 3 refusals
28010	1789131425496	1	445	admitted	admit=2462ms
28028	1789131425514	2	380	admit-retried	succeeded after 4 refusals
28028	1789131425515	2	380	admitted	admit=2803ms
28103	1789131425590	0	495	admit-retried	succeeded after 2 refusals
28103	1789131425590	0	495	admitted	admit=931ms
28122	1789131425609	1	487	admit-refused	authority refusal LIMIT_EXCEEDED: aggregate admission capacity exhausted
28136	1789131425622	2	365	admit-retried	succeeded after 5 refusals
28136	1789131425622	2	365	admitted	admit=4258ms
28157	1789131425643	1	484	admit-refused	authority refusal LIMIT_EXCEEDED: aggregate admission capacity exhausted
28164	1789131425651	0	399	admit-refused	authority refusal LIMIT_EXCEEDED: aggregate admission capacity exhausted
28182	1789131425669	0	501	admit-refused	authority refusal LIMIT_EXCEEDED: aggregate admission capacity exhausted
28192	1789131425678	0	504	admit-refused	authority refusal LIMIT_EXCEEDED: aggregate admission capacity exhausted
28218	1789131425704	0	441	admit-refused	authority refusal LIMIT_EXCEEDED: aggregate admission capacity exhausted
28220	1789131425706	2	269	admit-ceiling	LIMIT_EXCEEDED: client unresolved admission ceiling
28230	1789131425717	2	407	admit-refused	authority refusal LIMIT_EXCEEDED: retained input, output or executor capacity
28233	1789131425719	2	413	admit-refused	authority refusal LIMIT_EXCEEDED: retained input, output or executor capacity
28235	1789131425722	2	410	admit-refused	authority refusal LIMIT_EXCEEDED: retained input, output or executor capacity
28238	1789131425724	2	416	admit-refused	authority refusal LIMIT_EXCEEDED: retained input, output or executor capacity
28292	1789131425778	1	487	admit-retried	succeeded after 1 refusals
28292	1789131425778	1	487	admitted	admit=281ms
28341	1789131425827	0	72	admit-retried	succeeded after 10 refusals
28341	1789131425827	0	72	admitted	admit=26998ms
28376	1789131425862	1	490	admit-refused	authority refusal LIMIT_EXCEEDED: aggregate admission capacity exhausted
28379	1789131425865	0	66	admit-ceiling	LIMIT_EXCEEDED: client unresolved admission ceiling
28417	1789131425903	1	484	admit-refused	authority refusal LIMIT_EXCEEDED: aggregate admission capacity exhausted
28438	1789131425924	2	410	admit-ceiling	LIMIT_EXCEEDED: client unresolved admission ceiling
28447	1789131425933	0	507	admit-refused	authority refusal LIMIT_EXCEEDED: aggregate admission capacity exhausted
28452	1789131425938	2	56	admit-ceiling	LIMIT_EXCEEDED: client unresolved admission ceiling
28502	1789131425989	0	483	admit-refused	authority refusal LIMIT_EXCEEDED: aggregate admission capacity exhausted
28504	1789131425991	2	416	admit-retried	succeeded after 1 refusals
28504	1789131425991	2	416	admitted	admit=368ms
28558	1789131426044	2	413	admit-retried	succeeded after 1 refusals
28558	1789131426044	2	413	admitted	admit=529ms
28560	1789131426046	2	407	admit-refused	authority refusal LIMIT_EXCEEDED: retained input, output or executor capacity
28561	1789131426048	1	391	admit-ceiling	LIMIT_EXCEEDED: client unresolved admission ceiling
28565	1789131426052	2	419	admit-refused	authority refusal LIMIT_EXCEEDED: retained input, output or executor capacity
28570	1789131426056	2	377	admit-refused	authority refusal LIMIT_EXCEEDED: retained input, output or executor capacity
28584	1789131426070	0	501	admit-ceiling	LIMIT_EXCEEDED: client unresolved admission ceiling
28591	1789131426077	1	490	admit-refused	authority refusal LIMIT_EXCEEDED: aggregate admission capacity exhausted
28618	1789131426104	0	507	admit-refused	authority refusal LIMIT_EXCEEDED: aggregate admission capacity exhausted
28620	1789131426107	0	504	admit-retried	succeeded after 1 refusals
28620	1789131426107	0	504	admitted	admit=516ms
28645	1789131426132	2	422	admit-refused	authority refusal LIMIT_EXCEEDED: retained input, output or executor capacity
28651	1789131426137	1	313	admit-retried	succeeded after 7 refusals
28651	1789131426137	1	313	admitted	admit=12161ms
28656	1789131426143	2	209	admit-refused	authority refusal LIMIT_EXCEEDED: retained input, output or executor capacity
28704	1789131426190	2	419	admit-refused	authority refusal LIMIT_EXCEEDED: retained input, output or executor capacity
28705	1789131426191	0	489	admit-refused	authority refusal LIMIT_EXCEEDED: aggregate admission capacity exhausted
28714	1789131426201	1	493	admit-refused	authority refusal LIMIT_EXCEEDED: aggregate admission capacity exhausted
28804	1789131426290	0	75	admit-refused	authority refusal LIMIT_EXCEEDED: aggregate admission capacity exhausted
28818	1789131426304	1	484	admit-ceiling	LIMIT_EXCEEDED: client unresolved admission ceiling
28818	1789131426305	0	510	admitted	admit=197ms
28831	1789131426318	2	392	admit-retried	succeeded after 4 refusals
28831	1789131426318	2	392	admitted	admit=2501ms
28879	1789131426366	1	58	admit-ceiling	LIMIT_EXCEEDED: client unresolved admission ceiling
28885	1789131426371	1	490	admit-refused	authority refusal LIMIT_EXCEEDED: aggregate admission capacity exhausted
28897	1789131426383	1	493	admit-refused	authority refusal LIMIT_EXCEEDED: aggregate admission capacity exhausted
28897	1789131426383	0	507	admit-refused	authority refusal LIMIT_EXCEEDED: aggregate admission capacity exhausted
28911	1789131426398	0	513	admit-refused	authority refusal LIMIT_EXCEEDED: aggregate admission capacity exhausted
28914	1789131426401	2	422	admit-retried	succeeded after 1 refusals
28914	1789131426401	2	422	admitted	admit=355ms
28940	1789131426427	2	425	admit-refused	authority refusal LIMIT_EXCEEDED: retained input, output or executor capacity
28945	1789131426431	2	410	admit-refused	authority refusal LIMIT_EXCEEDED: retained input, output or executor capacity
28948	1789131426435	2	419	admit-refused	authority refusal LIMIT_EXCEEDED: retained input, output or executor capacity
28958	1789131426445	2	428	admit-refused	authority refusal LIMIT_EXCEEDED: retained input, output or executor capacity
28982	1789131426468	2	407	admit-refused	authority refusal LIMIT_EXCEEDED: retained input, output or executor capacity
29102	1789131426589	1	466	admitted	admit=2275ms
29125	1789131426612	0	441	admit-retried	succeeded after 4 refusals
29125	1789131426612	0	441	admitted	admit=5010ms
29129	1789131426615	1	346	admit-ceiling	LIMIT_EXCEEDED: client unresolved admission ceiling
29197	1789131426683	2	425	admit-retried	succeeded after 1 refusals
29197	1789131426683	2	425	admitted	admit=364ms
29197	1789131426683	1	493	admit-retried	succeeded after 2 refusals
29197	1789131426683	1	493	admitted	admit=545ms
29257	1789131426743	1	496	admitted	admit=153ms
29257	1789131426743	0	345	admit-refused	authority refusal LIMIT_EXCEEDED: aggregate admission capacity exhausted
29270	1789131426756	0	516	admit-refused	authority refusal LIMIT_EXCEEDED: aggregate admission capacity exhausted
29272	1789131426758	0	513	admit-retried	succeeded after 1 refusals
29272	1789131426758	0	513	admitted	admit=453ms
29288	1789131426774	1	490	admit-ceiling	LIMIT_EXCEEDED: client unresolved admission ceiling
29291	1789131426778	2	431	admit-refused	authority refusal LIMIT_EXCEEDED: retained input, output or executor capacity
29315	1789131426801	2	428	admit-retried	succeeded after 1 refusals
29315	1789131426801	2	428	admitted	admit=400ms
29365	1789131426852	1	502	admit-refused	authority refusal LIMIT_EXCEEDED: aggregate admission capacity exhausted
29372	1789131426858	0	516	admit-ceiling	LIMIT_EXCEEDED: client unresolved admission ceiling
29385	1789131426871	0	501	admit-ceiling	LIMIT_EXCEEDED: client unresolved admission ceiling
29404	1789131426890	0	63	admit-refused	authority refusal LIMIT_EXCEEDED: aggregate admission capacity exhausted
29408	1789131426894	0	507	admit-retried	succeeded after 3 refusals
29408	1789131426894	0	507	admitted	admit=1066ms
29419	1789131426905	0	84	admit-refused	authority refusal LIMIT_EXCEEDED: aggregate admission capacity exhausted
29441	1789131426927	0	519	admit-refused	authority refusal LIMIT_EXCEEDED: aggregate admission capacity exhausted
29463	1789131426950	0	522	admit-refused	authority refusal LIMIT_EXCEEDED: aggregate admission capacity exhausted
29509	1789131426996	1	424	admit-retried	succeeded after 5 refusals
29509	1789131426996	1	424	admitted	admit=5805ms
29573	1789131427060	2	419	admit-retried	succeeded after 3 refusals
29573	1789131427060	2	419	admitted	admit=1068ms
29619	1789131427106	1	484	admit-ceiling	LIMIT_EXCEEDED: client unresolved admission ceiling
29638	1789131427125	0	516	admit-refused	authority refusal LIMIT_EXCEEDED: aggregate admission capacity exhausted
29641	1789131427127	0	519	admit-retried	succeeded after 1 refusals
29641	1789131427127	0	519	admitted	admit=368ms
29652	1789131427138	0	522	admit-refused	authority refusal LIMIT_EXCEEDED: aggregate admission capacity exhausted
29692	1789131427178	2	434	admit-refused	authority refusal LIMIT_EXCEEDED: retained input, output or executor capacity
29706	1789131427192	2	71	admit-retried	succeeded after 10 refusals
29706	1789131427192	2	71	admitted	admit=27774ms
29708	1789131427195	1	502	admit-retried	succeeded after 1 refusals
29708	1789131427195	1	502	admitted	admit=451ms
29720	1789131427206	0	51	admit-refused	authority refusal LIMIT_EXCEEDED: aggregate admission capacity exhausted
29783	1789131427269	2	407	admit-ceiling	LIMIT_EXCEEDED: client unresolved admission ceiling
29793	1789131427280	2	434	admit-ceiling	LIMIT_EXCEEDED: client unresolved admission ceiling
29804	1789131427290	1	508	admitted	admit=94ms
29832	1789131427319	0	525	admitted	admit=190ms
29871	1789131427357	1	511	admit-refused	authority refusal LIMIT_EXCEEDED: aggregate admission capacity exhausted
29904	1789131427391	0	528	admit-refused	authority refusal LIMIT_EXCEEDED: aggregate admission capacity exhausted
29973	1789131427460	1	511	admit-ceiling	LIMIT_EXCEEDED: client unresolved admission ceiling
29995	1789131427482	2	434	admit-ceiling	LIMIT_EXCEEDED: client unresolved admission ceiling
30047	1789131427534	1	157	admit-ceiling	LIMIT_EXCEEDED: client unresolved admission ceiling
30075	1789131427561	1	118	admit-retried	succeeded after 10 refusals
30075	1789131427561	1	118	admitted	admit=26788ms
30088	1789131427575	0	516	admit-refused	authority refusal LIMIT_EXCEEDED: aggregate admission capacity exhausted
30093	1789131427579	0	522	admit-refused	authority refusal LIMIT_EXCEEDED: aggregate admission capacity exhausted
30097	1789131427584	1	490	admit-ceiling	LIMIT_EXCEEDED: client unresolved admission ceiling
30099	1789131427586	0	528	admit-retried	succeeded after 1 refusals
30099	1789131427586	0	528	admitted	admit=266ms
30183	1789131427669	1	514	admitted	admit=108ms
30216	1789131427703	1	517	admit-ceiling	LIMIT_EXCEEDED: client unresolved admission ceiling
30227	1789131427713	0	483	admit-refused	authority refusal LIMIT_EXCEEDED: aggregate admission capacity exhausted
30240	1789131427727	0	531	admit-refused	authority refusal LIMIT_EXCEEDED: aggregate admission capacity exhausted
30243	1789131427729	1	505	admit-refused	authority refusal LIMIT_EXCEEDED: aggregate admission capacity exhausted
30252	1789131427739	1	511	admit-refused	authority refusal LIMIT_EXCEEDED: aggregate admission capacity exhausted
30288	1789131427774	0	291	admit-refused	authority refusal LIMIT_EXCEEDED: aggregate admission capacity exhausted
30397	1789131427884	2	434	admit-ceiling	LIMIT_EXCEEDED: client unresolved admission ceiling
30415	1789131427901	0	531	admit-retried	succeeded after 1 refusals
30415	1789131427902	0	531	admitted	admit=315ms
30434	1789131427920	1	505	admit-retried	succeeded after 1 refusals
30434	1789131427920	1	505	admitted	admit=923ms
30445	1789131427931	1	517	admit-refused	authority refusal LIMIT_EXCEEDED: aggregate admission capacity exhausted
30455	1789131427941	2	437	admit-refused	authority refusal LIMIT_EXCEEDED: retained input, output or executor capacity
30466	1789131427952	2	431	admit-refused	authority refusal LIMIT_EXCEEDED: retained input, output or executor capacity
30469	1789131427955	2	440	admit-refused	authority refusal LIMIT_EXCEEDED: retained input, output or executor capacity
30474	1789131427960	2	410	admit-refused	authority refusal LIMIT_EXCEEDED: retained input, output or executor capacity
30482	1789131427968	1	478	admit-refused	authority refusal LIMIT_EXCEEDED: aggregate admission capacity exhausted
30509	1789131427995	0	489	admit-retried	succeeded after 5 refusals
30509	1789131427995	0	489	admitted	admit=3820ms
30582	1789131428068	1	259	admit-refused	authority refusal LIMIT_EXCEEDED: aggregate admission capacity exhausted
30596	1789131428082	0	537	admit-refused	authority refusal LIMIT_EXCEEDED: aggregate admission capacity exhausted
30607	1789131428093	0	522	admit-retried	succeeded after 3 refusals
30607	1789131428093	0	522	admitted	admit=1198ms
30654	1789131428141	1	511	admit-ceiling	LIMIT_EXCEEDED: client unresolved admission ceiling
30678	1789131428164	0	540	admit-refused	authority refusal LIMIT_EXCEEDED: aggregate admission capacity exhausted
30684	1789131428170	1	478	admit-ceiling	LIMIT_EXCEEDED: client unresolved admission ceiling
30694	1789131428180	1	124	admit-refused	authority refusal LIMIT_EXCEEDED: aggregate admission capacity exhausted
30703	1789131428189	1	517	admit-retried	succeeded after 2 refusals
30703	1789131428189	1	517	admitted	admit=519ms
30707	1789131428193	1	499	admit-refused	authority refusal LIMIT_EXCEEDED: aggregate admission capacity exhausted
30741	1789131428228	0	534	admit-refused	authority refusal LIMIT_EXCEEDED: aggregate admission capacity exhausted
30756	1789131428242	0	537	admit-refused	authority refusal LIMIT_EXCEEDED: aggregate admission capacity exhausted
30808	1789131428295	1	523	admitted	admit=105ms
30824	1789131428310	2	440	admit-retried	succeeded after 1 refusals
30824	1789131428310	2	440	admitted	admit=1117ms
30859	1789131428345	1	499	admit-refused	authority refusal LIMIT_EXCEEDED: aggregate admission capacity exhausted
30869	1789131428355	0	540	admit-retried	succeeded after 1 refusals
30869	1789131428355	0	540	admitted	admit=261ms
30883	1789131428369	1	526	admit-refused	authority refusal LIMIT_EXCEEDED: aggregate admission capacity exhausted
30953	1789131428440	2	437	admit-retried	succeeded after 1 refusals
30953	1789131428440	2	437	admitted	admit=1379ms
30958	1789131428445	0	537	admit-ceiling	LIMIT_EXCEEDED: client unresolved admission ceiling
30968	1789131428455	2	443	admit-refused	authority refusal LIMIT_EXCEEDED: retained input, output or executor capacity
30998	1789131428484	0	516	admit-retried	succeeded after 4 refusals
30998	1789131428484	0	516	admitted	admit=1872ms
31033	1789131428520	0	546	admit-ceiling	LIMIT_EXCEEDED: client unresolved admission ceiling
31082	1789131428568	0	501	admit-retried	succeeded after 5 refusals
31082	1789131428568	0	501	admitted	admit=3481ms
31126	1789131428612	1	526	admit-retried	succeeded after 1 refusals
31126	1789131428612	1	526	admitted	admit=316ms
31129	1789131428616	0	534	admit-refused	authority refusal LIMIT_EXCEEDED: aggregate admission capacity exhausted
31137	1789131428623	1	520	admit-refused	authority refusal LIMIT_EXCEEDED: aggregate admission capacity exhausted
31159	1789131428645	1	499	admit-retried	succeeded after 2 refusals
31159	1789131428645	1	499	admitted	admit=1961ms
31181	1789131428668	0	549	admit-refused	authority refusal LIMIT_EXCEEDED: aggregate admission capacity exhausted
31202	1789131428689	0	546	admit-refused	authority refusal LIMIT_EXCEEDED: aggregate admission capacity exhausted
31202	1789131428689	2	431	admit-notready	authority refusal NOT_READY: complete validated input is unavailable
31238	1789131428724	1	520	admit-ceiling	LIMIT_EXCEEDED: client unresolved admission ceiling
31260	1789131428746	1	532	admit-refused	authority refusal LIMIT_EXCEEDED: aggregate admission capacity exhausted
31270	1789131428757	1	484	admit-refused	authority refusal LIMIT_EXCEEDED: aggregate admission capacity exhausted
31354	1789131428841	0	549	admit-retried	succeeded after 1 refusals
31354	1789131428841	0	549	admitted	admit=272ms
31372	1789131428858	1	529	admit-refused	authority refusal LIMIT_EXCEEDED: aggregate admission capacity exhausted
31377	1789131428863	0	537	admit-ceiling	LIMIT_EXCEEDED: client unresolved admission ceiling
31400	1789131428886	2	446	admitted	admit=445ms
31404	1789131428890	0	546	admit-ceiling	LIMIT_EXCEEDED: client unresolved admission ceiling
31406	1789131428892	0	534	admit-refused	authority refusal LIMIT_EXCEEDED: aggregate admission capacity exhausted
31445	1789131428931	1	532	admit-retried	succeeded after 1 refusals
31445	1789131428931	1	532	admitted	admit=285ms
31506	1789131428992	1	529	admit-ceiling	LIMIT_EXCEEDED: client unresolved admission ceiling
31511	1789131428997	0	552	admitted	admit=156ms
31523	1789131429009	2	407	admit-refused	authority refusal LIMIT_EXCEEDED: retained input, output or executor capacity
31524	1789131429010	2	443	admit-retried	succeeded after 1 refusals
31524	1789131429010	2	443	admitted	admit=699ms
31528	1789131429014	2	434	admit-refused	authority refusal LIMIT_EXCEEDED: retained input, output or executor capacity
31539	1789131429026	2	449	admit-refused	authority refusal LIMIT_EXCEEDED: retained input, output or executor capacity
31591	1789131429078	0	555	admit-refused	authority refusal LIMIT_EXCEEDED: aggregate admission capacity exhausted
31611	1789131429097	1	520	admit-refused	authority refusal LIMIT_EXCEEDED: aggregate admission capacity exhausted
31613	1789131429100	1	535	admitted	admit=167ms
31691	1789131429178	1	538	admit-refused	authority refusal LIMIT_EXCEEDED: aggregate admission capacity exhausted
31759	1789131429245	0	543	admitted	admit=889ms
31793	1789131429279	1	538	admit-ceiling	LIMIT_EXCEEDED: client unresolved admission ceiling
31810	1789131429296	2	452	admitted	admit=285ms
31810	1789131429297	0	60	admit-refused	authority refusal LIMIT_EXCEEDED: aggregate admission capacity exhausted
31812	1789131429299	0	555	admit-retried	succeeded after 1 refusals
31812	1789131429299	0	555	admitted	admit=301ms
31826	1789131429313	1	529	admit-refused	authority refusal LIMIT_EXCEEDED: aggregate admission capacity exhausted
31852	1789131429338	1	478	admit-retried	succeeded after 3 refusals
31852	1789131429338	1	478	admitted	admit=4280ms
31855	1789131429341	0	561	admit-ceiling	LIMIT_EXCEEDED: client unresolved admission ceiling
31862	1789131429348	2	377	admit-refused	authority refusal LIMIT_EXCEEDED: retained input, output or executor capacity
31866	1789131429353	1	490	admit-refused	authority refusal LIMIT_EXCEEDED: aggregate admission capacity exhausted
31867	1789131429354	2	455	admit-refused	authority refusal LIMIT_EXCEEDED: retained input, output or executor capacity
31868	1789131429355	2	431	admit-retried	succeeded after 3 refusals
31868	1789131429355	2	431	admitted	admit=2671ms
31870	1789131429356	2	449	admit-refused	authority refusal LIMIT_EXCEEDED: retained input, output or executor capacity
31887	1789131429374	0	546	admit-refused	authority refusal LIMIT_EXCEEDED: aggregate admission capacity exhausted
31933	1789131429419	2	458	admit-refused	authority refusal LIMIT_EXCEEDED: retained input, output or executor capacity
31937	1789131429424	1	541	admit-refused	authority refusal LIMIT_EXCEEDED: aggregate admission capacity exhausted
31940	1789131429426	0	534	admit-refused	authority refusal LIMIT_EXCEEDED: aggregate admission capacity exhausted
32021	1789131429507	1	511	admit-refused	authority refusal LIMIT_EXCEEDED: aggregate admission capacity exhausted
32046	1789131429532	0	561	admit-refused	authority refusal LIMIT_EXCEEDED: aggregate admission capacity exhausted
32062	1789131429548	1	538	admit-refused	authority refusal LIMIT_EXCEEDED: aggregate admission capacity exhausted
32086	1789131429572	1	541	admit-refused	authority refusal LIMIT_EXCEEDED: aggregate admission capacity exhausted
32098	1789131429584	1	520	admit-refused	authority refusal LIMIT_EXCEEDED: aggregate admission capacity exhausted
32112	1789131429598	2	455	admit-retried	succeeded after 1 refusals
32112	1789131429598	2	455	admitted	admit=301ms
32112	1789131429599	1	61	admit-refused	authority refusal LIMIT_EXCEEDED: aggregate admission capacity exhausted
32242	1789131429729	2	461	admit-refused	authority refusal LIMIT_EXCEEDED: retained input, output or executor capacity
32263	1789131429749	0	537	admit-retried	succeeded after 4 refusals
32263	1789131429749	0	537	admitted	admit=1753ms
32266	1789131429752	2	458	admit-retried	succeeded after 1 refusals
32266	1789131429752	2	458	admitted	admit=397ms
32300	1789131429787	2	449	admit-refused	authority refusal LIMIT_EXCEEDED: retained input, output or executor capacity
32336	1789131429823	1	529	admit-retried	succeeded after 3 refusals
32336	1789131429823	1	529	admitted	admit=1177ms
32357	1789131429843	2	410	admit-refused	authority refusal LIMIT_EXCEEDED: retained input, output or executor capacity
32362	1789131429848	2	464	admit-refused	authority refusal LIMIT_EXCEEDED: retained input, output or executor capacity
32390	1789131429876	1	541	admit-retried	succeeded after 2 refusals
32390	1789131429876	1	541	admitted	admit=537ms
32445	1789131429932	1	544	admitted	admit=108ms
32478	1789131429965	1	547	admit-refused	authority refusal LIMIT_EXCEEDED: aggregate admission capacity exhausted
32526	1789131430012	1	229	admit-refused	authority refusal LIMIT_EXCEEDED: aggregate admission capacity exhausted
32530	1789131430016	0	561	admit-retried	succeeded after 2 refusals
32530	1789131430016	0	561	admitted	admit=716ms
32545	1789131430032	2	461	admit-retried	succeeded after 1 refusals
32545	1789131430032	2	461	admitted	admit=433ms
32546	1789131430032	1	538	admit-refused	authority refusal LIMIT_EXCEEDED: aggregate admission capacity exhausted
32629	1789131430116	0	567	admitted	admit=99ms
32689	1789131430176	0	546	admit-ceiling	LIMIT_EXCEEDED: client unresolved admission ceiling
32690	1789131430177	2	464	admit-retried	succeeded after 1 refusals
32690	1789131430177	2	464	admitted	admit=424ms
32718	1789131430204	2	449	admit-ceiling	LIMIT_EXCEEDED: client unresolved admission ceiling
32729	1789131430215	0	570	admitted	admit=99ms
32751	1789131430237	0	534	admit-ceiling	LIMIT_EXCEEDED: client unresolved admission ceiling
32819	1789131430305	0	573	admitted	admit=89ms
32881	1789131430368	2	32	admit-ceiling	LIMIT_EXCEEDED: client unresolved admission ceiling
32887	1789131430373	2	47	admit-ceiling	LIMIT_EXCEEDED: client unresolved admission ceiling
32893	1789131430379	1	547	admit-retried	succeeded after 1 refusals
32893	1789131430379	1	547	admitted	admit=502ms
32897	1789131430383	0	576	admit-refused	authority refusal LIMIT_EXCEEDED: aggregate admission capacity exhausted
32903	1789131430389	0	558	admit-refused	authority refusal LIMIT_EXCEEDED: aggregate admission capacity exhausted
32937	1789131430423	2	41	admit-ceiling	LIMIT_EXCEEDED: client unresolved admission ceiling
32977	1789131430463	2	266	admit-ceiling	LIMIT_EXCEEDED: client unresolved admission ceiling
33007	1789131430493	2	467	admitted	admit=461ms
33051	1789131430537	2	35	admit-refused	authority refusal LIMIT_EXCEEDED: retained input, output or executor capacity
33058	1789131430545	1	211	admit-refused	authority refusal LIMIT_EXCEEDED: aggregate admission capacity exhausted
33062	1789131430549	1	553	admitted	admit=168ms
33065	1789131430551	2	2	admit-retried	succeeded after 11 refusals
33065	1789131430551	2	2	admitted	admit=32505ms
33114	1789131430600	2	473	admit-refused	authority refusal LIMIT_EXCEEDED: retained input, output or executor capacity
33141	1789131430628	0	564	admitted	admit=877ms
33143	1789131430629	2	476	admit-refused	authority refusal LIMIT_EXCEEDED: retained input, output or executor capacity
33173	1789131430659	0	399	admit-ceiling	LIMIT_EXCEEDED: client unresolved admission ceiling
33180	1789131430666	2	434	admit-refused	authority refusal LIMIT_EXCEEDED: retained input, output or executor capacity
33198	1789131430685	0	558	admit-refused	authority refusal LIMIT_EXCEEDED: aggregate admission capacity exhausted
33278	1789131430765	0	576	admit-refused	authority refusal LIMIT_EXCEEDED: aggregate admission capacity exhausted
33298	1789131430785	0	201	admit-refused	authority refusal LIMIT_EXCEEDED: aggregate admission capacity exhausted
33377	1789131430863	1	550	admit-refused	authority refusal LIMIT_EXCEEDED: aggregate admission capacity exhausted
33426	1789131430912	2	473	admit-refused	authority refusal LIMIT_EXCEEDED: retained input, output or executor capacity
33432	1789131430918	2	470	admitted	admit=741ms
33449	1789131430936	0	66	admit-refused	authority refusal LIMIT_EXCEEDED: aggregate admission capacity exhausted
33520	1789131431007	2	449	admit-ceiling	LIMIT_EXCEEDED: client unresolved admission ceiling
33556	1789131431043	1	550	admit-retried	succeeded after 1 refusals
33556	1789131431043	1	550	admitted	admit=1110ms
33592	1789131431079	1	391	admit-ceiling	LIMIT_EXCEEDED: client unresolved admission ceiling
33609	1789131431095	0	558	admit-refused	authority refusal LIMIT_EXCEEDED: aggregate admission capacity exhausted
33623	1789131431109	1	511	admit-ceiling	LIMIT_EXCEEDED: client unresolved admission ceiling
33627	1789131431113	2	473	admit-ceiling	LIMIT_EXCEEDED: client unresolved admission ceiling
33658	1789131431144	2	209	admit-ceiling	LIMIT_EXCEEDED: client unresolved admission ceiling
33720	1789131431207	2	269	admit-refused	authority refusal LIMIT_EXCEEDED: retained input, output or executor capacity
33721	1789131431208	2	56	admit-retried	succeeded after 11 refusals
33721	1789131431208	2	56	admitted	admit=32553ms
33764	1789131431250	0	483	admit-retried	succeeded after 6 refusals
33764	1789131431250	0	483	admitted	admit=7749ms
33814	1789131431301	2	479	admit-refused	authority refusal LIMIT_EXCEEDED: retained input, output or executor capacity
33830	1789131431317	2	476	admit-retried	succeeded after 1 refusals
33830	1789131431317	2	476	admitted	admit=765ms
33865	1789131431351	2	482	admit-refused	authority refusal LIMIT_EXCEEDED: retained input, output or executor capacity
33875	1789131431361	0	75	admit-refused	authority refusal LIMIT_EXCEEDED: aggregate admission capacity exhausted
33881	1789131431368	1	58	admit-ceiling	LIMIT_EXCEEDED: client unresolved admission ceiling
33898	1789131431385	1	556	admitted	admit=835ms
33984	1789131431470	1	562	admitted	admit=85ms
34053	1789131431540	1	520	admit-refused	authority refusal LIMIT_EXCEEDED: aggregate admission capacity exhausted
34057	1789131431544	0	582	admitted	admit=293ms
34072	1789131431558	1	565	admit-refused	authority refusal LIMIT_EXCEEDED: aggregate admission capacity exhausted
34127	1789131431613	0	558	admit-retried	succeeded after 3 refusals
34127	1789131431613	0	558	admitted	admit=2367ms
34199	1789131431685	0	585	admitted	admit=141ms
34209	1789131431696	2	485	admitted	admit=378ms
34258	1789131431744	0	345	admit-ceiling	LIMIT_EXCEEDED: client unresolved admission ceiling
34259	1789131431745	0	579	admit-refused	authority refusal LIMIT_EXCEEDED: aggregate admission capacity exhausted
34262	1789131431749	1	346	admit-refused	authority refusal LIMIT_EXCEEDED: aggregate admission capacity exhausted
34266	1789131431752	1	565	admit-retried	succeeded after 1 refusals
34266	1789131431752	1	565	admitted	admit=281ms
34317	1789131431804	0	588	admitted	admit=189ms
34352	1789131431838	0	534	admit-ceiling	LIMIT_EXCEEDED: client unresolved admission ceiling
34361	1789131431847	0	579	admit-ceiling	LIMIT_EXCEEDED: client unresolved admission ceiling
34373	1789131431860	1	568	admitted	admit=107ms
34383	1789131431869	0	546	admit-refused	authority refusal LIMIT_EXCEEDED: aggregate admission capacity exhausted
34400	1789131431886	2	473	admit-refused	authority refusal LIMIT_EXCEEDED: retained input, output or executor capacity
34405	1789131431891	2	488	admit-refused	authority refusal LIMIT_EXCEEDED: retained input, output or executor capacity
34405	1789131431892	2	479	admit-retried	succeeded after 1 refusals
34405	1789131431892	2	479	admitted	admit=972ms
34412	1789131431898	0	594	admit-refused	authority refusal LIMIT_EXCEEDED: aggregate admission capacity exhausted
34488	1789131431974	0	63	admit-refused	authority refusal LIMIT_EXCEEDED: aggregate admission capacity exhausted
34521	1789131432007	2	482	admit-retried	succeeded after 1 refusals
34521	1789131432007	2	482	admitted	admit=799ms
34528	1789131432014	2	491	admit-refused	authority refusal LIMIT_EXCEEDED: retained input, output or executor capacity
34562	1789131432048	0	579	admit-ceiling	LIMIT_EXCEEDED: client unresolved admission ceiling
34564	1789131432051	1	484	admit-retried	succeeded after 6 refusals
34564	1789131432051	1	484	admitted	admit=6805ms
34566	1789131432052	2	488	admit-refused	authority refusal LIMIT_EXCEEDED: retained input, output or executor capacity
34571	1789131432057	1	571	admit-refused	authority refusal LIMIT_EXCEEDED: aggregate admission capacity exhausted
34601	1789131432087	0	594	admit-retried	succeeded after 1 refusals
34601	1789131432087	0	594	admitted	admit=283ms
34665	1789131432151	1	574	admitted	admit=100ms
34722	1789131432209	0	51	admit-ceiling	LIMIT_EXCEEDED: client unresolved admission ceiling
34760	1789131432247	2	494	admitted	admit=238ms
34761	1789131432248	1	571	admit-refused	authority refusal LIMIT_EXCEEDED: aggregate admission capacity exhausted
34782	1789131432269	1	577	admit-refused	authority refusal LIMIT_EXCEEDED: aggregate admission capacity exhausted
34791	1789131432278	0	84	admit-refused	authority refusal LIMIT_EXCEEDED: aggregate admission capacity exhausted
34797	1789131432283	1	559	admit-refused	authority refusal LIMIT_EXCEEDED: aggregate admission capacity exhausted
34808	1789131432294	0	591	admit-refused	authority refusal LIMIT_EXCEEDED: aggregate admission capacity exhausted
34861	1789131432347	2	491	admit-retried	succeeded after 1 refusals
34861	1789131432347	2	491	admitted	admit=455ms
34872	1789131432359	1	538	admit-retried	succeeded after 4 refusals
34872	1789131432359	1	538	admitted	admit=3258ms
34954	1789131432440	0	597	admitted	admit=352ms
34991	1789131432477	0	591	admit-refused	authority refusal LIMIT_EXCEEDED: aggregate admission capacity exhausted
34999	1789131432485	2	488	admit-refused	authority refusal LIMIT_EXCEEDED: retained input, output or executor capacity
35000	1789131432486	2	407	admit-retried	succeeded after 6 refusals
35000	1789131432486	2	407	admitted	admit=7619ms
35002	1789131432488	2	500	admit-refused	authority refusal LIMIT_EXCEEDED: retained input, output or executor capacity
35049	1789131432535	2	497	admit-refused	authority refusal LIMIT_EXCEEDED: retained input, output or executor capacity
35049	1789131432536	1	157	admit-ceiling	LIMIT_EXCEEDED: client unresolved admission ceiling
35075	1789131432561	0	579	admit-refused	authority refusal LIMIT_EXCEEDED: aggregate admission capacity exhausted
35077	1789131432563	1	571	admit-retried	succeeded after 2 refusals
35077	1789131432563	1	571	admitted	admit=703ms
35082	1789131432568	2	503	admit-refused	authority refusal LIMIT_EXCEEDED: retained input, output or executor capacity
35091	1789131432578	1	577	admit-refused	authority refusal LIMIT_EXCEEDED: aggregate admission capacity exhausted
35133	1789131432620	0	600	admit-refused	authority refusal LIMIT_EXCEEDED: aggregate admission capacity exhausted
35140	1789131432626	2	500	admit-refused	authority refusal LIMIT_EXCEEDED: retained input, output or executor capacity
35144	1789131432630	1	490	admit-refused	authority refusal LIMIT_EXCEEDED: aggregate admission capacity exhausted
35242	1789131432728	1	559	admit-retried	succeeded after 1 refusals
35242	1789131432728	1	559	admitted	admit=1685ms
35325	1789131432811	2	449	admit-retried	succeeded after 5 refusals
35325	1789131432811	2	449	admitted	admit=3924ms
35334	1789131432820	1	586	admit-refused	authority refusal LIMIT_EXCEEDED: aggregate admission capacity exhausted
35342	1789131432828	0	600	admit-refused	authority refusal LIMIT_EXCEEDED: aggregate admission capacity exhausted
35347	1789131432833	2	500	admit-ceiling	LIMIT_EXCEEDED: client unresolved admission ceiling
35350	1789131432836	1	580	admit-refused	authority refusal LIMIT_EXCEEDED: aggregate admission capacity exhausted
35359	1789131432845	0	576	admit-refused	authority refusal LIMIT_EXCEEDED: aggregate admission capacity exhausted
35363	1789131432850	1	577	admit-refused	authority refusal LIMIT_EXCEEDED: aggregate admission capacity exhausted
35370	1789131432857	0	591	admit-refused	authority refusal LIMIT_EXCEEDED: aggregate admission capacity exhausted
35402	1789131432888	2	488	admit-ceiling	LIMIT_EXCEEDED: client unresolved admission ceiling
35428	1789131432915	2	503	admit-refused	authority refusal LIMIT_EXCEEDED: retained input, output or executor capacity
35431	1789131432917	2	506	admit-refused	authority refusal LIMIT_EXCEEDED: retained input, output or executor capacity
35436	1789131432923	2	497	admit-refused	authority refusal LIMIT_EXCEEDED: retained input, output or executor capacity
35455	1789131432942	2	473	admit-retried	succeeded after 4 refusals
35455	1789131432942	2	473	admitted	admit=2448ms
35532	1789131433018	1	580	admit-refused	authority refusal LIMIT_EXCEEDED: aggregate admission capacity exhausted
35589	1789131433075	1	586	admit-refused	authority refusal LIMIT_EXCEEDED: aggregate admission capacity exhausted
35622	1789131433108	1	259	admit-refused	authority refusal LIMIT_EXCEEDED: aggregate admission capacity exhausted
35637	1789131433124	2	497	admit-ceiling	LIMIT_EXCEEDED: client unresolved admission ceiling
35679	1789131433165	0	600	admit-retried	succeeded after 2 refusals
35679	1789131433165	0	600	admitted	admit=724ms
35713	1789131433199	0	291	admit-retried	succeeded after 9 refusals
35713	1789131433199	0	291	admitted	admit=22291ms
35722	1789131433208	1	520	admit-refused	authority refusal LIMIT_EXCEEDED: aggregate admission capacity exhausted
35748	1789131433235	2	500	admit-ceiling	LIMIT_EXCEEDED: client unresolved admission ceiling
35790	1789131433277	1	586	admit-ceiling	LIMIT_EXCEEDED: client unresolved admission ceiling
35827	1789131433314	1	577	admit-refused	authority refusal LIMIT_EXCEEDED: aggregate admission capacity exhausted
35864	1789131433350	0	603	admitted	admit=184ms
35881	1789131433368	1	580	admit-refused	authority refusal LIMIT_EXCEEDED: aggregate admission capacity exhausted
35886	1789131433372	0	579	admit-ceiling	LIMIT_EXCEEDED: client unresolved admission ceiling
35919	1789131433406	0	576	admit-retried	succeeded after 3 refusals
35919	1789131433406	0	576	admitted	admit=3099ms
35931	1789131433417	1	124	admit-refused	authority refusal LIMIT_EXCEEDED: aggregate admission capacity exhausted
35984	1789131433470	0	612	admit-refused	authority refusal LIMIT_EXCEEDED: aggregate admission capacity exhausted
36032	1789131433518	0	591	admit-retried	succeeded after 3 refusals
36032	1789131433518	0	591	admitted	admit=1832ms
36039	1789131433525	2	497	admit-ceiling	LIMIT_EXCEEDED: client unresolved admission ceiling
36104	1789131433591	0	615	admit-refused	authority refusal LIMIT_EXCEEDED: aggregate admission capacity exhausted
36124	1789131433611	0	612	admit-refused	authority refusal LIMIT_EXCEEDED: aggregate admission capacity exhausted
36168	1789131433654	0	609	admit-refused	authority refusal LIMIT_EXCEEDED: aggregate admission capacity exhausted
36203	1789131433689	2	488	admit-ceiling	LIMIT_EXCEEDED: client unresolved admission ceiling
36313	1789131433799	2	509	admitted	admit=856ms
36346	1789131433832	0	615	admit-retried	succeeded after 1 refusals
36346	1789131433832	0	615	admitted	admit=313ms
36349	1789131433835	1	586	admit-retried	succeeded after 3 refusals
36349	1789131433835	1	586	admitted	admit=1106ms
36395	1789131433882	2	506	admit-retried	succeeded after 1 refusals
36395	1789131433882	2	506	admitted	admit=1070ms
36428	1789131433915	2	515	admit-ceiling	LIMIT_EXCEEDED: client unresolved admission ceiling
36428	1789131433915	0	609	admit-retried	succeeded after 1 refusals
36428	1789131433915	0	609	admitted	admit=564ms
36428	1789131433915	1	580	admit-retried	succeeded after 3 refusals
36428	1789131433915	1	580	admitted	admit=1555ms
36432	1789131433918	0	612	admit-refused	authority refusal LIMIT_EXCEEDED: aggregate admission capacity exhausted
36460	1789131433946	0	618	admit-refused	authority refusal LIMIT_EXCEEDED: aggregate admission capacity exhausted
36460	1789131433947	2	512	admit-refused	authority refusal LIMIT_EXCEEDED: retained input, output or executor capacity
36464	1789131433951	2	410	admit-refused	authority refusal LIMIT_EXCEEDED: retained input, output or executor capacity
36469	1789131433956	2	434	admit-refused	authority refusal LIMIT_EXCEEDED: retained input, output or executor capacity
36539	1789131434026	1	589	admitted	admit=190ms
36541	1789131434028	0	621	admit-refused	authority refusal LIMIT_EXCEEDED: aggregate admission capacity exhausted
36617	1789131434103	2	503	admit-retried	succeeded after 2 refusals
36617	1789131434103	2	503	admitted	admit=1616ms
36642	1789131434129	1	592	admitted	admit=213ms
36666	1789131434152	0	618	admit-retried	succeeded after 1 refusals
36666	1789131434152	0	618	admitted	admit=319ms
36707	1789131434193	1	595	admitted	admit=167ms
36718	1789131434205	1	577	admit-refused	authority refusal LIMIT_EXCEEDED: aggregate admission capacity exhausted
36740	1789131434226	0	606	admit-refused	authority refusal LIMIT_EXCEEDED: aggregate admission capacity exhausted
36740	1789131434226	1	598	admit-refused	authority refusal LIMIT_EXCEEDED: aggregate admission capacity exhausted
36780	1789131434267	0	621	admit-refused	authority refusal LIMIT_EXCEEDED: aggregate admission capacity exhausted
36793	1789131434279	0	624	admit-refused	authority refusal LIMIT_EXCEEDED: aggregate admission capacity exhausted
36841	1789131434327	2	497	admit-ceiling	LIMIT_EXCEEDED: client unresolved admission ceiling
36857	1789131434344	1	601	admit-refused	authority refusal LIMIT_EXCEEDED: aggregate admission capacity exhausted
36884	1789131434371	2	500	admit-retried	succeeded after 4 refusals
36884	1789131434371	2	500	admitted	admit=2023ms
36887	1789131434374	2	515	admit-refused	authority refusal LIMIT_EXCEEDED: retained input, output or executor capacity
36897	1789131434383	2	512	admit-refused	authority refusal LIMIT_EXCEEDED: retained input, output or executor capacity
36940	1789131434426	2	377	admit-refused	authority refusal LIMIT_EXCEEDED: retained input, output or executor capacity
36957	1789131434444	2	518	admit-refused	authority refusal LIMIT_EXCEEDED: retained input, output or executor capacity
36962	1789131434449	2	521	admit-refused	authority refusal LIMIT_EXCEEDED: retained input, output or executor capacity
37008	1789131434494	0	624	admit-retried	succeeded after 1 refusals
37008	1789131434494	0	624	admitted	admit=341ms
37033	1789131434520	0	627	admit-ceiling	LIMIT_EXCEEDED: client unresolved admission ceiling
37076	1789131434563	1	601	admit-retried	succeeded after 1 refusals
37076	1789131434563	1	601	admitted	admit=369ms
37096	1789131434583	0	606	admit-refused	authority refusal LIMIT_EXCEEDED: aggregate admission capacity exhausted
37114	1789131434600	1	61	admit-ceiling	LIMIT_EXCEEDED: client unresolved admission ceiling
37115	1789131434601	0	621	admit-refused	authority refusal LIMIT_EXCEEDED: aggregate admission capacity exhausted
37121	1789131434608	0	612	admit-retried	succeeded after 3 refusals
37121	1789131434608	0	612	admitted	admit=1201ms
37156	1789131434643	2	518	admit-retried	succeeded after 1 refusals
37156	1789131434643	2	518	admitted	admit=539ms
37225	1789131434712	0	630	admit-refused	authority refusal LIMIT_EXCEEDED: aggregate admission capacity exhausted
37239	1789131434725	2	521	admit-retried	succeeded after 1 refusals
37239	1789131434725	2	521	admitted	admit=353ms
37249	1789131434735	2	512	admit-refused	authority refusal LIMIT_EXCEEDED: retained input, output or executor capacity
37251	1789131434738	2	524	admit-refused	authority refusal LIMIT_EXCEEDED: retained input, output or executor capacity
37253	1789131434740	1	511	admit-retried	succeeded after 6 refusals
37253	1789131434740	1	511	admitted	admit=7449ms
37316	1789131434803	2	515	admit-refused	authority refusal LIMIT_EXCEEDED: retained input, output or executor capacity
37319	1789131434805	2	527	admit-refused	authority refusal LIMIT_EXCEEDED: retained input, output or executor capacity
37340	1789131434826	0	627	admit-refused	authority refusal LIMIT_EXCEEDED: aggregate admission capacity exhausted
37355	1789131434841	1	607	admitted	admit=101ms
37398	1789131434885	0	606	admit-refused	authority refusal LIMIT_EXCEEDED: aggregate admission capacity exhausted
37432	1789131434918	0	630	admit-refused	authority refusal LIMIT_EXCEEDED: aggregate admission capacity exhausted
37465	1789131434951	0	60	admit-refused	authority refusal LIMIT_EXCEEDED: aggregate admission capacity exhausted
37505	1789131434991	2	524	admit-retried	succeeded after 1 refusals
37505	1789131434991	2	524	admitted	admit=348ms
37527	1789131435013	1	229	admit-ceiling	LIMIT_EXCEEDED: client unresolved admission ceiling
37584	1789131435070	0	546	admit-ceiling	LIMIT_EXCEEDED: client unresolved admission ceiling
37606	1789131435093	2	530	admit-refused	authority refusal LIMIT_EXCEEDED: retained input, output or executor capacity
37614	1789131435101	2	527	admit-retried	succeeded after 1 refusals
37614	1789131435101	2	527	admitted	admit=375ms
37644	1789131435130	0	627	admit-refused	authority refusal LIMIT_EXCEEDED: aggregate admission capacity exhausted
37648	1789131435134	0	621	admit-retried	succeeded after 3 refusals
37648	1789131435134	0	621	admitted	admit=1219ms
37658	1789131435144	2	533	admit-refused	authority refusal LIMIT_EXCEEDED: retained input, output or executor capacity
37719	1789131435206	0	630	admit-refused	authority refusal LIMIT_EXCEEDED: aggregate admission capacity exhausted
37765	1789131435251	1	598	admit-retried	succeeded after 1 refusals
37765	1789131435251	1	598	admitted	admit=1122ms
37791	1789131435277	2	512	admit-retried	succeeded after 3 refusals
37791	1789131435277	2	512	admitted	admit=1477ms
37814	1789131435300	2	488	admit-ceiling	LIMIT_EXCEEDED: client unresolved admission ceiling
37839	1789131435326	1	583	admitted	admit=2762ms
37844	1789131435331	0	633	admit-refused	authority refusal LIMIT_EXCEEDED: aggregate admission capacity exhausted
37883	1789131435370	2	32	admit-ceiling	LIMIT_EXCEEDED: client unresolved admission ceiling
37898	1789131435384	0	579	admit-refused	authority refusal LIMIT_EXCEEDED: aggregate admission capacity exhausted
37900	1789131435387	2	515	admit-retried	succeeded after 3 refusals
37900	1789131435387	2	515	admitted	admit=1504ms
37901	1789131435387	2	536	admit-refused	authority refusal LIMIT_EXCEEDED: retained input, output or executor capacity
37932	1789131435418	1	616	admitted	admit=92ms
37939	1789131435425	2	41	admit-ceiling	LIMIT_EXCEEDED: client unresolved admission ceiling
37961	1789131435448	0	606	admit-refused	authority refusal LIMIT_EXCEEDED: aggregate admission capacity exhausted
37979	1789131435465	0	534	admit-refused	authority refusal LIMIT_EXCEEDED: aggregate admission capacity exhausted
37979	1789131435466	2	266	admit-ceiling	LIMIT_EXCEEDED: client unresolved admission ceiling
37995	1789131435481	0	633	admit-refused	authority refusal LIMIT_EXCEEDED: aggregate admission capacity exhausted
38002	1789131435488	2	536	admit-ceiling	LIMIT_EXCEEDED: client unresolved admission ceiling
38027	1789131435513	1	619	admitted	admit=94ms
38052	1789131435539	2	35	admit-ceiling	LIMIT_EXCEEDED: client unresolved admission ceiling
38060	1789131435547	1	211	admit-ceiling	LIMIT_EXCEEDED: client unresolved admission ceiling
38083	1789131435569	1	613	admitted	admit=317ms
38123	1789131435610	1	622	admitted	admit=95ms
38126	1789131435612	0	627	admit-retried	succeeded after 3 refusals
38126	1789131435612	0	627	admitted	admit=1117ms
38165	1789131435652	1	625	admit-refused	authority refusal LIMIT_EXCEEDED: aggregate admission capacity exhausted
38202	1789131435689	2	536	admit-ceiling	LIMIT_EXCEEDED: client unresolved admission ceiling
38209	1789131435696	1	628	admit-refused	authority refusal LIMIT_EXCEEDED: aggregate admission capacity exhausted
38273	1789131435759	0	636	admit-refused	authority refusal LIMIT_EXCEEDED: aggregate admission capacity exhausted
38340	1789131435826	1	625	admit-retried	succeeded after 1 refusals
38340	1789131435826	1	625	admitted	admit=257ms
38361	1789131435847	1	631	admit-ceiling	LIMIT_EXCEEDED: client unresolved admission ceiling
38367	1789131435854	1	628	admit-refused	authority refusal LIMIT_EXCEEDED: aggregate admission capacity exhausted
38376	1789131435863	2	530	admit-refused	authority refusal LIMIT_EXCEEDED: retained input, output or executor capacity
38381	1789131435868	2	47	admit-refused	authority refusal LIMIT_EXCEEDED: retained input, output or executor capacity
38382	1789131435868	0	201	admit-retried	succeeded after 10 refusals
38382	1789131435868	0	201	admitted	admit=30174ms
38401	1789131435887	0	639	admit-ceiling	LIMIT_EXCEEDED: client unresolved admission ceiling
38405	1789131435891	1	577	admit-refused	authority refusal LIMIT_EXCEEDED: aggregate admission capacity exhausted
38417	1789131435904	0	630	admit-refused	authority refusal LIMIT_EXCEEDED: aggregate admission capacity exhausted
38432	1789131435919	2	539	admit-refused	authority refusal LIMIT_EXCEEDED: retained input, output or executor capacity
38439	1789131435925	0	636	admit-refused	authority refusal LIMIT_EXCEEDED: aggregate admission capacity exhausted
38459	1789131435945	2	533	admit-refused	authority refusal LIMIT_EXCEEDED: retained input, output or executor capacity
38462	1789131435949	2	497	admit-refused	authority refusal LIMIT_EXCEEDED: retained input, output or executor capacity
38462	1789131435949	0	399	admit-refused	authority refusal LIMIT_EXCEEDED: aggregate admission capacity exhausted
38512	1789131435999	0	66	admit-retried	succeeded after 12 refusals
38512	1789131435999	0	66	admitted	admit=37170ms
38552	1789131436038	1	631	admit-retried	succeeded after 1 refusals
38552	1789131436038	1	631	admitted	admit=211ms
38594	1789131436080	1	391	admit-ceiling	LIMIT_EXCEEDED: client unresolved admission ceiling
38661	1789131436147	2	533	admit-ceiling	LIMIT_EXCEEDED: client unresolved admission ceiling
38679	1789131436165	1	628	admit-retried	succeeded after 2 refusals
38679	1789131436165	1	628	admitted	admit=555ms
38691	1789131436178	0	642	admit-refused	authority refusal LIMIT_EXCEEDED: aggregate admission capacity exhausted
38696	1789131436182	0	636	admit-refused	authority refusal LIMIT_EXCEEDED: aggregate admission capacity exhausted
38722	1789131436208	2	269	admit-ceiling	LIMIT_EXCEEDED: client unresolved admission ceiling
38769	1789131436255	0	639	admit-refused	authority refusal LIMIT_EXCEEDED: aggregate admission capacity exhausted
38803	1789131436290	1	637	admitted	admit=123ms
38883	1789131436370	1	58	admit-ceiling	LIMIT_EXCEEDED: client unresolved admission ceiling
38892	1789131436378	0	606	admit-retried	succeeded after 4 refusals
38892	1789131436378	0	606	admitted	admit=3178ms
38894	1789131436381	2	539	admit-retried	succeeded after 1 refusals
38894	1789131436381	2	539	admitted	admit=993ms
38898	1789131436385	0	633	admit-refused	authority refusal LIMIT_EXCEEDED: aggregate admission capacity exhausted
38923	1789131436409	1	520	admit-ceiling	LIMIT_EXCEEDED: client unresolved admission ceiling
38957	1789131436443	0	75	admit-refused	authority refusal LIMIT_EXCEEDED: aggregate admission capacity exhausted
38959	1789131436445	1	640	admitted	admit=155ms
38975	1789131436461	2	536	admit-refused	authority refusal LIMIT_EXCEEDED: retained input, output or executor capacity
38998	1789131436484	2	530	admit-retried	succeeded after 2 refusals
38998	1789131436484	2	530	admitted	admit=1492ms
39028	1789131436515	0	642	admit-refused	authority refusal LIMIT_EXCEEDED: aggregate admission capacity exhausted
39111	1789131436597	2	545	admit-refused	authority refusal LIMIT_EXCEEDED: retained input, output or executor capacity
39120	1789131436606	2	533	admit-refused	authority refusal LIMIT_EXCEEDED: retained input, output or executor capacity
39123	1789131436610	2	209	admit-retried	succeeded after 10 refusals
39123	1789131436610	2	209	admitted	admit=28001ms
39171	1789131436658	0	639	admit-retried	succeeded after 2 refusals
39171	1789131436658	0	639	admitted	admit=789ms
39194	1789131436680	0	636	admit-refused	authority refusal LIMIT_EXCEEDED: aggregate admission capacity exhausted
39215	1789131436701	2	548	admit-refused	authority refusal LIMIT_EXCEEDED: retained input, output or executor capacity
39222	1789131436709	0	645	admit-refused	authority refusal LIMIT_EXCEEDED: aggregate admission capacity exhausted
39229	1789131436715	2	542	admit-refused	authority refusal LIMIT_EXCEEDED: retained input, output or executor capacity
39264	1789131436751	1	346	admit-ceiling	LIMIT_EXCEEDED: client unresolved admission ceiling
39271	1789131436757	2	545	admit-refused	authority refusal LIMIT_EXCEEDED: retained input, output or executor capacity
39300	1789131436786	0	633	admit-ceiling	LIMIT_EXCEEDED: client unresolved admission ceiling
39324	1789131436810	0	645	admit-ceiling	LIMIT_EXCEEDED: client unresolved admission ceiling
39324	1789131436811	0	630	admit-refused	authority refusal LIMIT_EXCEEDED: aggregate admission capacity exhausted
39375	1789131436861	0	345	admit-refused	authority refusal LIMIT_EXCEEDED: aggregate admission capacity exhausted
39405	1789131436891	1	634	admitted	admit=852ms
39420	1789131436907	0	648	admit-refused	authority refusal LIMIT_EXCEEDED: aggregate admission capacity exhausted
39466	1789131436953	2	548	admit-retried	succeeded after 1 refusals
39466	1789131436953	2	548	admitted	admit=342ms
39468	1789131436954	0	642	admit-refused	authority refusal LIMIT_EXCEEDED: aggregate admission capacity exhausted
39573	1789131437059	0	63	admit-refused	authority refusal LIMIT_EXCEEDED: aggregate admission capacity exhausted
39597	1789131437083	0	645	admit-refused	authority refusal LIMIT_EXCEEDED: aggregate admission capacity exhausted
39609	1789131437095	1	604	admitted	admit=2532ms
39635	1789131437122	2	542	admit-retried	succeeded after 1 refusals
39635	1789131437122	2	542	admitted	admit=740ms
39686	1789131437173	0	648	admit-refused	authority refusal LIMIT_EXCEEDED: aggregate admission capacity exhausted
39696	1789131437182	1	610	admitted	admit=2340ms
39760	1789131437247	1	649	admitted	admit=151ms
39830	1789131437316	2	551	admitted	admit=363ms
39860	1789131437347	1	655	admitted	admit=99ms
39885	1789131437371	2	536	admit-refused	authority refusal LIMIT_EXCEEDED: retained input, output or executor capacity
39890	1789131437377	2	557	admit-refused	authority refusal LIMIT_EXCEEDED: retained input, output or executor capacity
39896	1789131437382	2	545	admit-retried	succeeded after 2 refusals
39896	1789131437382	2	545	admitted	admit=897ms
39910	1789131437396	2	554	admit-refused	authority refusal LIMIT_EXCEEDED: retained input, output or executor capacity
39933	1789131437419	0	51	admit-retried	succeeded after 12 refusals
39933	1789131437419	0	51	admitted	admit=38644ms
39936	1789131437422	2	560	admit-refused	authority refusal LIMIT_EXCEEDED: retained input, output or executor capacity
39943	1789131437429	2	533	admit-refused	authority refusal LIMIT_EXCEEDED: retained input, output or executor capacity
39952	1789131437439	0	642	admit-refused	authority refusal LIMIT_EXCEEDED: aggregate admission capacity exhausted
39969	1789131437455	0	84	admit-refused	authority refusal LIMIT_EXCEEDED: aggregate admission capacity exhausted
39971	1789131437457	1	643	admit-refused	authority refusal LIMIT_EXCEEDED: aggregate admission capacity exhausted
39998	1789131437484	2	557	admit-refused	authority refusal LIMIT_EXCEEDED: retained input, output or executor capacity
40007	1789131437493	0	648	admit-refused	authority refusal LIMIT_EXCEEDED: aggregate admission capacity exhausted
40031	1789131437518	0	651	admit-refused	authority refusal LIMIT_EXCEEDED: aggregate admission capacity exhausted
40068	1789131437554	0	645	admit-refused	authority refusal LIMIT_EXCEEDED: aggregate admission capacity exhausted
40074	1789131437560	1	643	admit-ceiling	LIMIT_EXCEEDED: client unresolved admission ceiling
40108	1789131437595	0	636	admit-refused	authority refusal LIMIT_EXCEEDED: aggregate admission capacity exhausted
40139	1789131437626	1	646	admitted	admit=734ms
40151	1789131437637	2	560	admit-retried	succeeded after 1 refusals
40151	1789131437637	2	560	admitted	admit=254ms
40166	1789131437652	1	490	admit-ceiling	LIMIT_EXCEEDED: client unresolved admission ceiling
40183	1789131437669	0	633	admit-refused	authority refusal LIMIT_EXCEEDED: aggregate admission capacity exhausted
40201	1789131437688	0	651	admit-refused	authority refusal LIMIT_EXCEEDED: aggregate admission capacity exhausted
40233	1789131437719	2	563	admit-refused	authority refusal LIMIT_EXCEEDED: retained input, output or executor capacity
40245	1789131437731	2	557	admit-refused	authority refusal LIMIT_EXCEEDED: retained input, output or executor capacity
40256	1789131437743	2	554	admit-retried	succeeded after 1 refusals
40256	1789131437743	2	554	admitted	admit=620ms
40275	1789131437762	1	643	admit-ceiling	LIMIT_EXCEEDED: client unresolved admission ceiling
40371	1789131437857	2	566	admitted	admit=113ms
40411	1789131437897	2	563	admit-refused	authority refusal LIMIT_EXCEEDED: retained input, output or executor capacity
40416	1789131437903	2	569	admit-refused	authority refusal LIMIT_EXCEEDED: retained input, output or executor capacity
40504	1789131437991	0	651	admit-retried	succeeded after 2 refusals
40504	1789131437991	0	651	admitted	admit=570ms
40542	1789131438029	1	658	admitted	admit=681ms
40569	1789131438055	0	648	admit-retried	succeeded after 3 refusals
40569	1789131438055	0	648	admitted	admit=1397ms
40582	1789131438068	0	654	admit-refused	authority refusal LIMIT_EXCEEDED: aggregate admission capacity exhausted
40623	1789131438109	1	259	admit-ceiling	LIMIT_EXCEEDED: client unresolved admission ceiling
40678	1789131438164	1	643	admit-ceiling	LIMIT_EXCEEDED: client unresolved admission ceiling
40748	1789131438235	1	664	admitted	admit=205ms
40759	1789131438246	0	657	admit-refused	authority refusal LIMIT_EXCEEDED: aggregate admission capacity exhausted
40791	1789131438277	2	569	admit-retried	succeeded after 1 refusals
40791	1789131438277	2	569	admitted	admit=419ms
40846	1789131438332	0	642	admit-refused	authority refusal LIMIT_EXCEEDED: aggregate admission capacity exhausted
40846	1789131438333	1	667	admitted	admit=97ms
40897	1789131438383	2	563	admit-retried	succeeded after 2 refusals
40897	1789131438383	2	563	admitted	admit=746ms
40932	1789131438418	2	572	admit-refused	authority refusal LIMIT_EXCEEDED: retained input, output or executor capacity
40932	1789131438418	1	124	admit-ceiling	LIMIT_EXCEEDED: client unresolved admission ceiling
40937	1789131438424	2	575	admit-refused	authority refusal LIMIT_EXCEEDED: retained input, output or executor capacity
40938	1789131438424	0	645	admit-refused	authority refusal LIMIT_EXCEEDED: aggregate admission capacity exhausted
40938	1789131438425	0	654	admit-retried	succeeded after 1 refusals
40938	1789131438425	0	654	admitted	admit=433ms
40983	1789131438469	2	557	admit-retried	succeeded after 3 refusals
40983	1789131438469	2	557	admitted	admit=1152ms
41057	1789131438544	0	630	admit-retried	succeeded after 5 refusals
41057	1789131438544	0	630	admitted	admit=3935ms
41059	1789131438545	0	660	admit-refused	authority refusal LIMIT_EXCEEDED: aggregate admission capacity exhausted
41073	1789131438559	2	578	admit-refused	authority refusal LIMIT_EXCEEDED: retained input, output or executor capacity
41078	1789131438565	2	488	admit-refused	authority refusal LIMIT_EXCEEDED: retained input, output or executor capacity
41089	1789131438575	2	572	admit-refused	authority refusal LIMIT_EXCEEDED: retained input, output or executor capacity
41091	1789131438578	2	575	admit-refused	authority refusal LIMIT_EXCEEDED: retained input, output or executor capacity
41129	1789131438615	0	663	admit-refused	authority refusal LIMIT_EXCEEDED: aggregate admission capacity exhausted
41178	1789131438665	0	579	admit-refused	authority refusal LIMIT_EXCEEDED: aggregate admission capacity exhausted
41180	1789131438666	1	670	admitted	admit=332ms
41210	1789131438696	0	660	admit-refused	authority refusal LIMIT_EXCEEDED: aggregate admission capacity exhausted
41241	1789131438727	1	157	admit-refused	authority refusal LIMIT_EXCEEDED: aggregate admission capacity exhausted
41244	1789131438731	1	652	admitted	admit=1547ms
41262	1789131438749	1	673	admit-refused	authority refusal LIMIT_EXCEEDED: aggregate admission capacity exhausted
41340	1789131438827	0	657	admit-refused	authority refusal LIMIT_EXCEEDED: aggregate admission capacity exhausted
41341	1789131438828	0	663	admit-retried	succeeded after 1 refusals
41341	1789131438828	0	663	admitted	admit=283ms
41407	1789131438894	2	578	admit-retried	succeeded after 1 refusals
41407	1789131438894	2	578	admitted	admit=424ms
41441	1789131438928	1	673	admit-refused	authority refusal LIMIT_EXCEEDED: aggregate admission capacity exhausted
41447	1789131438934	1	676	admitted	admit=202ms
41461	1789131438947	0	660	admit-refused	authority refusal LIMIT_EXCEEDED: aggregate admission capacity exhausted
41471	1789131438957	2	434	admit-ceiling	LIMIT_EXCEEDED: client unresolved admission ceiling
41487	1789131438973	2	536	admit-ceiling	LIMIT_EXCEEDED: client unresolved admission ceiling
41497	1789131438984	0	666	admit-refused	authority refusal LIMIT_EXCEEDED: aggregate admission capacity exhausted
41499	1789131438985	2	581	admit-refused	authority refusal LIMIT_EXCEEDED: retained input, output or executor capacity
41503	1789131438990	2	575	admit-refused	authority refusal LIMIT_EXCEEDED: retained input, output or executor capacity
41509	1789131438995	2	410	admit-refused	authority refusal LIMIT_EXCEEDED: retained input, output or executor capacity
41514	1789131439000	2	572	admit-retried	succeeded after 2 refusals
41514	1789131439000	2	572	admitted	admit=722ms
41593	1789131439080	1	643	admit-retried	succeeded after 4 refusals
41593	1789131439080	1	643	admitted	admit=2634ms
41643	1789131439130	1	673	admit-ceiling	LIMIT_EXCEEDED: client unresolved admission ceiling
41646	1789131439132	2	584	admit-refused	authority refusal LIMIT_EXCEEDED: retained input, output or executor capacity
41650	1789131439137	2	533	admit-refused	authority refusal LIMIT_EXCEEDED: retained input, output or executor capacity
41663	1789131439150	2	581	admit-refused	authority refusal LIMIT_EXCEEDED: retained input, output or executor capacity
41673	1789131439160	2	497	admit-refused	authority refusal LIMIT_EXCEEDED: retained input, output or executor capacity
41711	1789131439197	0	666	admit-retried	succeeded after 1 refusals
41711	1789131439197	0	666	admitted	admit=368ms
41737	1789131439224	1	679	admitted	admit=289ms
41797	1789131439284	0	669	admit-refused	authority refusal LIMIT_EXCEEDED: aggregate admission capacity exhausted
41799	1789131439285	0	657	admit-retried	succeeded after 2 refusals
41799	1789131439285	0	657	admitted	admit=1229ms
41833	1789131439319	0	636	admit-refused	authority refusal LIMIT_EXCEEDED: aggregate admission capacity exhausted
41834	1789131439320	1	682	admit-refused	authority refusal LIMIT_EXCEEDED: aggregate admission capacity exhausted
41854	1789131439340	1	685	admitted	admit=116ms
41876	1789131439363	0	633	admit-refused	authority refusal LIMIT_EXCEEDED: aggregate admission capacity exhausted
41920	1789131439406	2	584	admit-retried	succeeded after 1 refusals
41920	1789131439406	2	584	admitted	admit=405ms
41960	1789131439446	1	688	admit-refused	authority refusal LIMIT_EXCEEDED: aggregate admission capacity exhausted
41986	1789131439473	0	672	admit-refused	authority refusal LIMIT_EXCEEDED: aggregate admission capacity exhausted
41988	1789131439474	0	669	admit-retried	succeeded after 1 refusals
41988	1789131439474	0	669	admitted	admit=276ms
42002	1789131439489	1	682	admit-refused	authority refusal LIMIT_EXCEEDED: aggregate admission capacity exhausted
42056	1789131439542	0	675	admit-refused	authority refusal LIMIT_EXCEEDED: aggregate admission capacity exhausted
42094	1789131439580	2	581	admit-retried	succeeded after 2 refusals
42094	1789131439580	2	581	admitted	admit=685ms
42116	1789131439602	1	61	admit-ceiling	LIMIT_EXCEEDED: client unresolved admission ceiling
42125	1789131439611	0	660	admit-refused	authority refusal LIMIT_EXCEEDED: aggregate admission capacity exhausted
42143	1789131439629	1	673	admit-retried	succeeded after 3 refusals
42143	1789131439629	1	673	admitted	admit=962ms
42155	1789131439641	0	672	admit-refused	authority refusal LIMIT_EXCEEDED: aggregate admission capacity exhausted
42155	1789131439641	2	575	admit-refused	authority refusal LIMIT_EXCEEDED: retained input, output or executor capacity
42172	1789131439659	2	590	admit-refused	authority refusal LIMIT_EXCEEDED: retained input, output or executor capacity
42212	1789131439698	1	688	admit-retried	succeeded after 1 refusals
42212	1789131439698	1	688	admitted	admit=357ms
42219	1789131439706	1	577	admit-refused	authority refusal LIMIT_EXCEEDED: aggregate admission capacity exhausted
42252	1789131439738	1	661	admit-refused	authority refusal LIMIT_EXCEEDED: aggregate admission capacity exhausted
42277	1789131439763	1	682	admit-refused	authority refusal LIMIT_EXCEEDED: aggregate admission capacity exhausted
42296	1789131439782	2	587	admitted	admit=375ms
42306	1789131439792	1	694	admit-refused	authority refusal LIMIT_EXCEEDED: aggregate admission capacity exhausted
42326	1789131439813	2	590	admit-refused	authority refusal LIMIT_EXCEEDED: retained input, output or executor capacity
42329	1789131439816	2	593	admit-refused	authority refusal LIMIT_EXCEEDED: retained input, output or executor capacity
42335	1789131439822	2	377	admit-retried	succeeded after 8 refusals
42335	1789131439822	2	377	admitted	admit=17832ms
42337	1789131439824	1	691	admit-refused	authority refusal LIMIT_EXCEEDED: aggregate admission capacity exhausted
42385	1789131439871	2	596	admit-refused	authority refusal LIMIT_EXCEEDED: retained input, output or executor capacity
42447	1789131439933	0	672	admit-retried	succeeded after 2 refusals
42447	1789131439933	0	672	admitted	admit=647ms
42513	1789131439999	1	661	admit-refused	authority refusal LIMIT_EXCEEDED: aggregate admission capacity exhausted
42539	1789131440025	0	645	admit-ceiling	LIMIT_EXCEEDED: client unresolved admission ceiling
42555	1789131440041	2	593	admit-refused	authority refusal LIMIT_EXCEEDED: retained input, output or executor capacity
42566	1789131440052	2	596	admit-refused	authority refusal LIMIT_EXCEEDED: retained input, output or executor capacity
42568	1789131440055	2	590	admit-refused	authority refusal LIMIT_EXCEEDED: retained input, output or executor capacity
42583	1789131440069	0	678	admitted	admit=135ms
42613	1789131440100	1	229	admit-retried	succeeded after 11 refusals
42613	1789131440100	1	229	admitted	admit=31760ms
42614	1789131440101	0	546	admit-ceiling	LIMIT_EXCEEDED: client unresolved admission ceiling
42686	1789131440172	1	691	admit-refused	authority refusal LIMIT_EXCEEDED: aggregate admission capacity exhausted
42734	1789131440220	0	681	admitted	admit=151ms
42755	1789131440242	1	697	admitted	admit=141ms
42816	1789131440303	1	661	admit-refused	authority refusal LIMIT_EXCEEDED: aggregate admission capacity exhausted
42830	1789131440317	1	700	admit-refused	authority refusal LIMIT_EXCEEDED: aggregate admission capacity exhausted
42892	1789131440379	1	694	admit-refused	authority refusal LIMIT_EXCEEDED: aggregate admission capacity exhausted
42927	1789131440413	0	660	admit-ceiling	LIMIT_EXCEEDED: client unresolved admission ceiling
42956	1789131440442	1	691	admit-retried	succeeded after 2 refusals
42956	1789131440442	1	691	admitted	admit=812ms
42976	1789131440462	2	593	admit-retried	succeeded after 2 refusals
42976	1789131440462	2	593	admitted	admit=679ms
42977	1789131440463	2	590	admit-ceiling	LIMIT_EXCEEDED: client unresolved admission ceiling
42981	1789131440467	0	534	admit-ceiling	LIMIT_EXCEEDED: client unresolved admission ceiling
42983	1789131440469	1	700	admit-refused	authority refusal LIMIT_EXCEEDED: aggregate admission capacity exhausted
43027	1789131440514	0	60	admit-retried	succeeded after 12 refusals
43027	1789131440514	0	60	admitted	admit=41685ms
43036	1789131440522	2	596	admit-retried	succeeded after 2 refusals
43036	1789131440522	2	596	admitted	admit=699ms
43036	1789131440523	2	266	admit-ceiling	LIMIT_EXCEEDED: client unresolved admission ceiling
43069	1789131440555	2	602	admit-ceiling	LIMIT_EXCEEDED: client unresolved admission ceiling
43069	1789131440556	2	35	admit-ceiling	LIMIT_EXCEEDED: client unresolved admission ceiling
43101	1789131440587	0	684	admitted	admit=366ms
43159	1789131440645	0	687	admitted	admit=131ms
43160	1789131440647	1	703	admit-refused	authority refusal LIMIT_EXCEEDED: aggregate admission capacity exhausted
43172	1789131440658	2	602	admit-ceiling	LIMIT_EXCEEDED: client unresolved admission ceiling
43183	1789131440670	1	694	admit-refused	authority refusal LIMIT_EXCEEDED: aggregate admission capacity exhausted
43230	1789131440716	2	575	admit-retried	succeeded after 4 refusals
43230	1789131440716	2	575	admitted	admit=2332ms
43264	1789131440750	0	693	admitted	admit=105ms
43267	1789131440753	1	700	admit-retried	succeeded after 2 refusals
43267	1789131440753	1	700	admitted	admit=511ms
43290	1789131440777	1	706	admit-ceiling	LIMIT_EXCEEDED: client unresolved admission ceiling
43295	1789131440782	2	32	admit-refused	authority refusal LIMIT_EXCEEDED: retained input, output or executor capacity
43315	1789131440801	1	211	admit-refused	authority refusal LIMIT_EXCEEDED: aggregate admission capacity exhausted
43319	1789131440806	2	599	admitted	admit=342ms
43328	1789131440814	2	41	admit-refused	authority refusal LIMIT_EXCEEDED: retained input, output or executor capacity
43335	1789131440822	2	605	admit-refused	authority refusal LIMIT_EXCEEDED: retained input, output or executor capacity
43370	1789131440856	1	703	admit-refused	authority refusal LIMIT_EXCEEDED: aggregate admission capacity exhausted
43372	1789131440858	0	696	admit-refused	authority refusal LIMIT_EXCEEDED: aggregate admission capacity exhausted
43395	1789131440881	0	690	admit-refused	authority refusal LIMIT_EXCEEDED: aggregate admission capacity exhausted
43411	1789131440897	1	661	admit-refused	authority refusal LIMIT_EXCEEDED: aggregate admission capacity exhausted
43453	1789131440939	1	682	admit-refused	authority refusal LIMIT_EXCEEDED: aggregate admission capacity exhausted
43454	1789131440940	2	608	admitted	admit=134ms
43496	1789131440982	0	690	admit-ceiling	LIMIT_EXCEEDED: client unresolved admission ceiling
43528	1789131441014	2	47	admit-refused	authority refusal LIMIT_EXCEEDED: retained input, output or executor capacity
43530	1789131441017	2	602	admit-retried	succeeded after 2 refusals
43530	1789131441017	2	602	admitted	admit=494ms
43559	1789131441045	0	399	admit-retried	succeeded after 9 refusals
43559	1789131441045	0	399	admitted	admit=22298ms
43597	1789131441083	2	605	admit-refused	authority refusal LIMIT_EXCEEDED: retained input, output or executor capacity
43603	1789131441089	2	611	admit-refused	authority refusal LIMIT_EXCEEDED: retained input, output or executor capacity
43615	1789131441102	2	614	admit-refused	authority refusal LIMIT_EXCEEDED: retained input, output or executor capacity
43645	1789131441131	1	703	admit-refused	authority refusal LIMIT_EXCEEDED: aggregate admission capacity exhausted
43647	1789131441133	0	696	admit-retried	succeeded after 1 refusals
43647	1789131441133	0	696	admitted	admit=382ms
43651	1789131441138	0	699	admit-refused	authority refusal LIMIT_EXCEEDED: aggregate admission capacity exhausted
43660	1789131441147	1	694	admit-refused	authority refusal LIMIT_EXCEEDED: aggregate admission capacity exhausted
43681	1789131441167	1	391	admit-refused	authority refusal LIMIT_EXCEEDED: aggregate admission capacity exhausted
43737	1789131441224	0	702	admit-refused	authority refusal LIMIT_EXCEEDED: aggregate admission capacity exhausted
43760	1789131441246	0	690	admit-refused	authority refusal LIMIT_EXCEEDED: aggregate admission capacity exhausted
43798	1789131441284	2	605	admit-ceiling	LIMIT_EXCEEDED: client unresolved admission ceiling
43845	1789131441332	0	675	admit-retried	succeeded after 1 refusals
43845	1789131441332	0	675	admitted	admit=1857ms
43896	1789131441382	0	699	admit-retried	succeeded after 1 refusals
43896	1789131441382	0	699	admitted	admit=336ms
43945	1789131441431	0	705	admit-refused	authority refusal LIMIT_EXCEEDED: aggregate admission capacity exhausted
43978	1789131441464	0	708	admit-refused	authority refusal LIMIT_EXCEEDED: aggregate admission capacity exhausted
43992	1789131441479	1	706	admit-retried	succeeded after 1 refusals
43992	1789131441479	1	706	admitted	admit=725ms
44021	1789131441508	1	520	admit-retried	succeeded after 7 refusals
44021	1789131441508	1	520	admitted	admit=13587ms
44021	1789131441508	0	75	admit-refused	authority refusal LIMIT_EXCEEDED: aggregate admission capacity exhausted
44037	1789131441524	1	58	admit-refused	authority refusal LIMIT_EXCEEDED: aggregate admission capacity exhausted
44130	1789131441616	2	611	admit-retried	succeeded after 1 refusals
44130	1789131441616	2	611	admitted	admit=675ms
44181	1789131441668	2	269	admit-refused	authority refusal LIMIT_EXCEEDED: retained input, output or executor capacity
44182	1789131441668	0	708	admit-retried	succeeded after 1 refusals
44182	1789131441668	0	708	admitted	admit=285ms
44207	1789131441693	1	712	admit-refused	authority refusal LIMIT_EXCEEDED: aggregate admission capacity exhausted
44208	1789131441694	2	614	admit-retried	succeeded after 1 refusals
44208	1789131441694	2	614	admitted	admit=676ms
44208	1789131441694	0	711	admit-ceiling	LIMIT_EXCEEDED: client unresolved admission ceiling
44225	1789131441711	1	703	admit-refused	authority refusal LIMIT_EXCEEDED: aggregate admission capacity exhausted
44225	1789131441711	2	590	admit-refused	authority refusal LIMIT_EXCEEDED: retained input, output or executor capacity
44239	1789131441725	1	709	admit-refused	authority refusal LIMIT_EXCEEDED: aggregate admission capacity exhausted
44279	1789131441766	2	617	admit-refused	authority refusal LIMIT_EXCEEDED: retained input, output or executor capacity
44309	1789131441796	0	711	admit-ceiling	LIMIT_EXCEEDED: client unresolved admission ceiling
44340	1789131441826	1	709	admit-ceiling	LIMIT_EXCEEDED: client unresolved admission ceiling
44360	1789131441847	0	690	admit-retried	succeeded after 3 refusals
44360	1789131441847	0	690	admitted	admit=1258ms
44381	1789131441867	0	345	admit-ceiling	LIMIT_EXCEEDED: client unresolved admission ceiling
44390	1789131441876	1	661	admit-refused	authority refusal LIMIT_EXCEEDED: aggregate admission capacity exhausted
44405	1789131441891	1	712	admit-refused	authority refusal LIMIT_EXCEEDED: aggregate admission capacity exhausted
44451	1789131441937	0	714	admitted	admit=90ms
44461	1789131441948	2	620	admitted	admit=252ms
44464	1789131441951	1	682	admit-retried	succeeded after 4 refusals
44464	1789131441951	1	682	admitted	admit=2870ms
44512	1789131441998	0	711	admit-ceiling	LIMIT_EXCEEDED: client unresolved admission ceiling
44528	1789131442014	0	660	admit-ceiling	LIMIT_EXCEEDED: client unresolved admission ceiling
44549	1789131442035	2	605	admit-retried	succeeded after 3 refusals
44549	1789131442035	2	605	admitted	admit=1319ms
44565	1789131442051	1	715	admit-refused	authority refusal LIMIT_EXCEEDED: aggregate admission capacity exhausted
44569	1789131442056	0	717	admitted	admit=118ms
44588	1789131442075	1	694	admit-refused	authority refusal LIMIT_EXCEEDED: aggregate admission capacity exhausted
44590	1789131442076	0	63	admit-ceiling	LIMIT_EXCEEDED: client unresolved admission ceiling
44596	1789131442083	2	623	admit-refused	authority refusal LIMIT_EXCEEDED: retained input, output or executor capacity
44610	1789131442096	2	626	admit-refused	authority refusal LIMIT_EXCEEDED: retained input, output or executor capacity
44613	1789131442100	1	709	admit-refused	authority refusal LIMIT_EXCEEDED: aggregate admission capacity exhausted
44661	1789131442147	0	720	admit-refused	authority refusal LIMIT_EXCEEDED: aggregate admission capacity exhausted
44666	1789131442152	2	617	admit-refused	authority refusal LIMIT_EXCEEDED: retained input, output or executor capacity
44739	1789131442225	1	715	admit-retried	succeeded after 1 refusals
44739	1789131442226	1	715	admitted	admit=274ms
44754	1789131442240	1	712	admit-refused	authority refusal LIMIT_EXCEEDED: aggregate admission capacity exhausted
44847	1789131442333	0	720	admit-retried	succeeded after 1 refusals
44847	1789131442333	0	720	admitted	admit=277ms
44856	1789131442342	1	718	admitted	admit=116ms
44868	1789131442354	2	617	admit-ceiling	LIMIT_EXCEEDED: client unresolved admission ceiling
44913	1789131442399	0	711	admit-ceiling	LIMIT_EXCEEDED: client unresolved admission ceiling
44961	1789131442447	2	623	admit-retried	succeeded after 1 refusals
44961	1789131442447	2	623	admitted	admit=499ms
44971	1789131442458	1	346	admit-refused	authority refusal LIMIT_EXCEEDED: aggregate admission capacity exhausted
44971	1789131442458	0	84	admit-ceiling	LIMIT_EXCEEDED: client unresolved admission ceiling
45017	1789131442503	2	626	admit-refused	authority refusal LIMIT_EXCEEDED: retained input, output or executor capacity
45035	1789131442522	0	636	admit-ceiling	LIMIT_EXCEEDED: client unresolved admission ceiling
45040	1789131442526	2	536	admit-retried	succeeded after 6 refusals
45040	1789131442526	2	536	admitted	admit=7248ms
45071	1789131442558	2	629	admit-refused	authority refusal LIMIT_EXCEEDED: retained input, output or executor capacity
45078	1789131442565	0	633	admit-ceiling	LIMIT_EXCEEDED: client unresolved admission ceiling
45121	1789131442607	1	703	admit-retried	succeeded after 4 refusals
45121	1789131442607	1	703	admitted	admit=2165ms
45167	1789131442654	1	490	admit-ceiling	LIMIT_EXCEEDED: client unresolved admission ceiling
45189	1789131442676	2	533	admit-retried	succeeded after 6 refusals
45189	1789131442676	2	533	admitted	admit=7574ms
45244	1789131442731	1	724	admitted	admit=123ms
45249	1789131442735	1	709	admit-refused	authority refusal LIMIT_EXCEEDED: aggregate admission capacity exhausted
45269	1789131442755	2	617	admit-ceiling	LIMIT_EXCEEDED: client unresolved admission ceiling
45293	1789131442780	2	629	admit-refused	authority refusal LIMIT_EXCEEDED: retained input, output or executor capacity
45298	1789131442785	2	635	admit-refused	authority refusal LIMIT_EXCEEDED: retained input, output or executor capacity
45309	1789131442795	2	626	admit-refused	authority refusal LIMIT_EXCEEDED: retained input, output or executor capacity
45311	1789131442798	2	632	admitted	admit=271ms
45339	1789131442825	1	727	admit-refused	authority refusal LIMIT_EXCEEDED: aggregate admission capacity exhausted
45344	1789131442830	1	712	admit-retried	succeeded after 3 refusals
45344	1789131442830	1	712	admitted	admit=1322ms
45387	1789131442874	0	642	admit-retried	succeeded after 5 refusals
45387	1789131442874	0	642	admitted	admit=6874ms
45431	1789131442917	1	730	admit-refused	authority refusal LIMIT_EXCEEDED: aggregate admission capacity exhausted
45486	1789131442973	0	705	admit-retried	succeeded after 1 refusals
45486	1789131442973	0	705	admitted	admit=1640ms
45509	1789131442996	0	726	admitted	admit=121ms
45520	1789131443007	1	727	admit-retried	succeeded after 1 refusals
45520	1789131443007	1	727	admitted	admit=275ms
45530	1789131443017	0	702	admit-refused	authority refusal LIMIT_EXCEEDED: aggregate admission capacity exhausted
45580	1789131443066	2	638	admitted	admit=268ms
45621	1789131443108	2	629	admit-refused	authority refusal LIMIT_EXCEEDED: retained input, output or executor capacity
45632	1789131443118	1	733	admit-refused	authority refusal LIMIT_EXCEEDED: aggregate admission capacity exhausted
45640	1789131443126	2	635	admit-retried	succeeded after 1 refusals
45640	1789131443126	2	635	admitted	admit=450ms
45650	1789131443136	0	732	admit-refused	authority refusal LIMIT_EXCEEDED: aggregate admission capacity exhausted
45675	1789131443162	1	259	admit-refused	authority refusal LIMIT_EXCEEDED: aggregate admission capacity exhausted
45682	1789131443168	2	641	admit-refused	authority refusal LIMIT_EXCEEDED: retained input, output or executor capacity
45689	1789131443176	2	644	admit-refused	authority refusal LIMIT_EXCEEDED: retained input, output or executor capacity
45695	1789131443181	0	729	admit-refused	authority refusal LIMIT_EXCEEDED: aggregate admission capacity exhausted
45751	1789131443238	0	732	admit-ceiling	LIMIT_EXCEEDED: client unresolved admission ceiling
45797	1789131443283	0	729	admit-ceiling	LIMIT_EXCEEDED: client unresolved admission ceiling
45802	1789131443288	1	721	admitted	admit=946ms
45815	1789131443301	0	645	admit-refused	authority refusal LIMIT_EXCEEDED: aggregate admission capacity exhausted
45936	1789131443423	1	736	admitted	admit=134ms
45981	1789131443467	2	626	admit-retried	succeeded after 3 refusals
45981	1789131443467	2	626	admitted	admit=1431ms
45992	1789131443479	1	661	admit-ceiling	LIMIT_EXCEEDED: client unresolved admission ceiling
45998	1789131443485	0	729	admit-ceiling	LIMIT_EXCEEDED: client unresolved admission ceiling
46023	1789131443509	2	629	admit-ceiling	LIMIT_EXCEEDED: client unresolved admission ceiling
46023	1789131443509	0	732	admit-refused	authority refusal LIMIT_EXCEEDED: aggregate admission capacity exhausted
46030	1789131443517	0	702	admit-refused	authority refusal LIMIT_EXCEEDED: aggregate admission capacity exhausted
46042	1789131443529	2	641	admit-refused	authority refusal LIMIT_EXCEEDED: retained input, output or executor capacity
46051	1789131443538	1	709	admit-ceiling	LIMIT_EXCEEDED: client unresolved admission ceiling
46052	1789131443539	1	124	admit-refused	authority refusal LIMIT_EXCEEDED: aggregate admission capacity exhausted
46053	1789131443540	0	723	admit-refused	authority refusal LIMIT_EXCEEDED: aggregate admission capacity exhausted
46056	1789131443542	2	644	admit-retried	succeeded after 1 refusals
46056	1789131443542	2	644	admitted	admit=415ms
46070	1789131443557	1	739	admit-refused	authority refusal LIMIT_EXCEEDED: aggregate admission capacity exhausted
46080	1789131443566	2	488	admit-ceiling	LIMIT_EXCEEDED: client unresolved admission ceiling
46083	1789131443569	2	647	admit-refused	authority refusal LIMIT_EXCEEDED: retained input, output or executor capacity
46138	1789131443624	1	733	admit-retried	succeeded after 1 refusals
46138	1789131443624	1	733	admitted	admit=616ms
46198	1789131443684	2	590	admit-retried	succeeded after 5 refusals
46198	1789131443684	2	590	admitted	admit=4103ms
46242	1789131443728	1	157	admit-ceiling	LIMIT_EXCEEDED: client unresolved admission ceiling
46244	1789131443730	2	641	admit-ceiling	LIMIT_EXCEEDED: client unresolved admission ceiling
46249	1789131443736	0	723	admit-retried	succeeded after 1 refusals
46249	1789131443736	0	723	admitted	admit=1402ms
46267	1789131443753	2	647	admit-refused	authority refusal LIMIT_EXCEEDED: retained input, output or executor capacity
46279	1789131443765	0	579	admit-refused	authority refusal LIMIT_EXCEEDED: aggregate admission capacity exhausted
46299	1789131443785	2	617	admit-refused	authority refusal LIMIT_EXCEEDED: retained input, output or executor capacity
46301	1789131443788	1	694	admit-refused	authority refusal LIMIT_EXCEEDED: aggregate admission capacity exhausted
46304	1789131443790	2	653	admit-refused	authority refusal LIMIT_EXCEEDED: retained input, output or executor capacity
46315	1789131443802	1	742	admit-refused	authority refusal LIMIT_EXCEEDED: aggregate admission capacity exhausted
46338	1789131443825	0	735	admit-refused	authority refusal LIMIT_EXCEEDED: aggregate admission capacity exhausted
46363	1789131443849	1	739	admit-refused	authority refusal LIMIT_EXCEEDED: aggregate admission capacity exhausted
46396	1789131443882	2	650	admitted	admit=340ms
46440	1789131443927	0	735	admit-ceiling	LIMIT_EXCEEDED: client unresolved admission ceiling
46484	1789131443971	1	742	admit-refused	authority refusal LIMIT_EXCEEDED: aggregate admission capacity exhausted
46511	1789131443997	2	410	admit-ceiling	LIMIT_EXCEEDED: client unresolved admission ceiling
46545	1789131444032	2	434	admit-refused	authority refusal LIMIT_EXCEEDED: retained input, output or executor capacity
46554	1789131444040	2	653	admit-refused	authority refusal LIMIT_EXCEEDED: retained input, output or executor capacity
46560	1789131444046	2	656	admitted	admit=163ms
46561	1789131444047	0	702	admit-refused	authority refusal LIMIT_EXCEEDED: aggregate admission capacity exhausted
46563	1789131444049	0	732	admit-retried	succeeded after 3 refusals
46563	1789131444049	0	732	admitted	admit=1052ms
46579	1789131444066	0	729	admit-refused	authority refusal LIMIT_EXCEEDED: aggregate admission capacity exhausted
46645	1789131444132	2	659	admit-refused	authority refusal LIMIT_EXCEEDED: retained input, output or executor capacity
46656	1789131444143	2	647	admit-refused	authority refusal LIMIT_EXCEEDED: retained input, output or executor capacity
46662	1789131444148	2	641	admit-refused	authority refusal LIMIT_EXCEEDED: retained input, output or executor capacity
46672	1789131444158	0	738	admit-refused	authority refusal LIMIT_EXCEEDED: aggregate admission capacity exhausted
46699	1789131444186	2	497	admit-refused	authority refusal LIMIT_EXCEEDED: retained input, output or executor capacity
46782	1789131444269	1	742	admit-retried	succeeded after 2 refusals
46782	1789131444269	1	742	admitted	admit=644ms
46842	1789131444329	0	735	admit-retried	succeeded after 2 refusals
46842	1789131444329	0	735	admitted	admit=592ms
46843	1789131444329	0	738	admit-refused	authority refusal LIMIT_EXCEEDED: aggregate admission capacity exhausted
46856	1789131444342	1	745	admit-refused	authority refusal LIMIT_EXCEEDED: aggregate admission capacity exhausted
46868	1789131444354	2	659	admit-retried	succeeded after 1 refusals
46868	1789131444354	2	659	admitted	admit=307ms
46895	1789131444382	2	629	admit-refused	authority refusal LIMIT_EXCEEDED: retained input, output or executor capacity
46900	1789131444387	2	662	admit-refused	authority refusal LIMIT_EXCEEDED: retained input, output or executor capacity
46917	1789131444403	2	653	admit-retried	succeeded after 2 refusals
46917	1789131444403	2	653	admitted	admit=718ms
46955	1789131444441	0	741	admitted	admit=112ms
46964	1789131444451	2	665	admit-refused	authority refusal LIMIT_EXCEEDED: retained input, output or executor capacity
47022	1789131444508	2	662	admit-refused	authority refusal LIMIT_EXCEEDED: retained input, output or executor capacity
47030	1789131444516	0	744	admit-refused	authority refusal LIMIT_EXCEEDED: aggregate admission capacity exhausted
47086	1789131444573	1	730	admit-retried	succeeded after 1 refusals
47086	1789131444573	1	730	admitted	admit=1742ms
47099	1789131444585	0	738	admit-refused	authority refusal LIMIT_EXCEEDED: aggregate admission capacity exhausted
47099	1789131444586	2	647	admit-refused	authority refusal LIMIT_EXCEEDED: retained input, output or executor capacity
47102	1789131444589	2	665	admit-refused	authority refusal LIMIT_EXCEEDED: retained input, output or executor capacity
47200	1789131444686	1	745	admit-retried	succeeded after 1 refusals
47200	1789131444686	1	745	admitted	admit=417ms
47210	1789131444697	1	748	admit-refused	authority refusal LIMIT_EXCEEDED: aggregate admission capacity exhausted
47234	1789131444721	0	711	admit-retried	succeeded after 4 refusals
47234	1789131444721	0	711	admitted	admit=3051ms
47283	1789131444770	1	739	admit-refused	authority refusal LIMIT_EXCEEDED: aggregate admission capacity exhausted
47319	1789131444805	1	751	admit-refused	authority refusal LIMIT_EXCEEDED: aggregate admission capacity exhausted
47392	1789131444879	1	748	admit-refused	authority refusal LIMIT_EXCEEDED: aggregate admission capacity exhausted
47399	1789131444886	0	744	admit-retried	succeeded after 1 refusals
47399	1789131444886	0	744	admitted	admit=443ms
47408	1789131444894	1	577	admit-retried	succeeded after 7 refusals
47408	1789131444894	1	577	admitted	admit=12742ms
47426	1789131444912	0	702	admit-refused	authority refusal LIMIT_EXCEEDED: aggregate admission capacity exhausted
47451	1789131444937	0	747	admit-refused	authority refusal LIMIT_EXCEEDED: aggregate admission capacity exhausted
47458	1789131444944	2	662	admit-retried	succeeded after 2 refusals
47458	1789131444944	2	662	admitted	admit=589ms
47511	1789131444997	0	729	admit-refused	authority refusal LIMIT_EXCEEDED: aggregate admission capacity exhausted
47528	1789131445014	1	751	admit-refused	authority refusal LIMIT_EXCEEDED: aggregate admission capacity exhausted
47537	1789131445024	0	750	admit-refused	authority refusal LIMIT_EXCEEDED: aggregate admission capacity exhausted
47558	1789131445044	0	738	admit-refused	authority refusal LIMIT_EXCEEDED: aggregate admission capacity exhausted
47605	1789131445092	0	747	admit-refused	authority refusal LIMIT_EXCEEDED: aggregate admission capacity exhausted
47694	1789131445181	1	748	admit-retried	succeeded after 2 refusals
47694	1789131445181	1	748	admitted	admit=607ms
47708	1789131445194	0	546	admit-refused	authority refusal LIMIT_EXCEEDED: aggregate admission capacity exhausted
47716	1789131445202	1	757	admit-ceiling	LIMIT_EXCEEDED: client unresolved admission ceiling
47722	1789131445208	1	754	admit-refused	authority refusal LIMIT_EXCEEDED: aggregate admission capacity exhausted
47726	1789131445212	0	750	admit-refused	authority refusal LIMIT_EXCEEDED: aggregate admission capacity exhausted
47799	1789131445285	0	660	admit-refused	authority refusal LIMIT_EXCEEDED: aggregate admission capacity exhausted
47807	1789131445293	1	709	admit-retried	succeeded after 5 refusals
47807	1789131445293	1	709	admitted	admit=3814ms
47829	1789131445315	1	757	admit-ceiling	LIMIT_EXCEEDED: client unresolved admission ceiling
47829	1789131445316	1	754	admit-ceiling	LIMIT_EXCEEDED: client unresolved admission ceiling
47879	1789131445366	0	747	admit-retried	succeeded after 2 refusals
47879	1789131445366	0	747	admitted	admit=644ms
47892	1789131445378	1	760	admit-refused	authority refusal LIMIT_EXCEEDED: aggregate admission capacity exhausted
47901	1789131445387	2	617	admit-ceiling	LIMIT_EXCEEDED: client unresolved admission ceiling
47971	1789131445457	2	665	admit-retried	succeeded after 2 refusals
47971	1789131445457	2	665	admitted	admit=1053ms
48021	1789131445507	0	750	admit-retried	succeeded after 2 refusals
48021	1789131445507	0	750	admitted	admit=621ms
48032	1789131445518	1	754	admit-ceiling	LIMIT_EXCEEDED: client unresolved admission ceiling
48032	1789131445519	1	757	admit-ceiling	LIMIT_EXCEEDED: client unresolved admission ceiling
48038	1789131445524	2	266	admit-ceiling	LIMIT_EXCEEDED: client unresolved admission ceiling
48070	1789131445557	0	753	admitted	admit=190ms
48071	1789131445557	1	760	admit-refused	authority refusal LIMIT_EXCEEDED: aggregate admission capacity exhausted
48071	1789131445558	2	35	admit-ceiling	LIMIT_EXCEEDED: client unresolved admission ceiling
48076	1789131445563	1	751	admit-retried	succeeded after 2 refusals
48076	1789131445563	1	751	admitted	admit=876ms
48086	1789131445573	0	534	admit-refused	authority refusal LIMIT_EXCEEDED: aggregate admission capacity exhausted
48093	1789131445579	1	739	admit-refused	authority refusal LIMIT_EXCEEDED: aggregate admission capacity exhausted
48120	1789131445606	0	756	admit-refused	authority refusal LIMIT_EXCEEDED: aggregate admission capacity exhausted
48167	1789131445653	2	668	admitted	admit=708ms
48183	1789131445670	1	763	admitted	admit=106ms
48230	1789131445716	0	759	admit-refused	authority refusal LIMIT_EXCEEDED: aggregate admission capacity exhausted
48240	1789131445727	2	641	admit-retried	succeeded after 4 refusals
48240	1789131445727	2	641	admitted	admit=2660ms
48297	1789131445783	2	674	admit-refused	authority refusal LIMIT_EXCEEDED: retained input, output or executor capacity
48301	1789131445787	0	756	admit-retried	succeeded after 1 refusals
48301	1789131445787	0	756	admitted	admit=279ms
48319	1789131445805	2	677	admit-refused	authority refusal LIMIT_EXCEEDED: retained input, output or executor capacity
48333	1789131445819	1	766	admitted	admit=148ms
48338	1789131445825	1	760	admit-refused	authority refusal LIMIT_EXCEEDED: aggregate admission capacity exhausted
48393	1789131445879	1	211	admit-refused	authority refusal LIMIT_EXCEEDED: aggregate admission capacity exhausted
48396	1789131445883	2	32	admit-refused	authority refusal LIMIT_EXCEEDED: retained input, output or executor capacity
48415	1789131445901	0	762	admit-refused	authority refusal LIMIT_EXCEEDED: aggregate admission capacity exhausted
48416	1789131445903	2	647	admit-refused	authority refusal LIMIT_EXCEEDED: retained input, output or executor capacity
48420	1789131445907	2	41	admit-refused	authority refusal LIMIT_EXCEEDED: retained input, output or executor capacity
48433	1789131445919	0	738	admit-refused	authority refusal LIMIT_EXCEEDED: aggregate admission capacity exhausted
48445	1789131445931	0	759	admit-refused	authority refusal LIMIT_EXCEEDED: aggregate admission capacity exhausted
48530	1789131446016	2	47	admit-ceiling	LIMIT_EXCEEDED: client unresolved admission ceiling
48554	1789131446041	1	754	admit-retried	succeeded after 3 refusals
48554	1789131446041	1	754	admitted	admit=1146ms
48587	1789131446073	0	762	admit-retried	succeeded after 1 refusals
48587	1789131446073	0	762	admitted	admit=285ms
48761	1789131446248	0	759	admit-retried	succeeded after 2 refusals
48761	1789131446248	0	759	admitted	admit=690ms
48765	1789131446252	0	765	admit-refused	authority refusal LIMIT_EXCEEDED: aggregate admission capacity exhausted
48779	1789131446266	1	391	admit-retried	succeeded after 10 refusals
48779	1789131446266	1	391	admitted	admit=27288ms
48811	1789131446297	1	760	admit-refused	authority refusal LIMIT_EXCEEDED: aggregate admission capacity exhausted
48838	1789131446324	2	674	admit-refused	authority refusal LIMIT_EXCEEDED: retained input, output or executor capacity
48845	1789131446332	2	671	admit-refused	authority refusal LIMIT_EXCEEDED: retained input, output or executor capacity
48850	1789131446337	2	677	admit-refused	authority refusal LIMIT_EXCEEDED: retained input, output or executor capacity
48857	1789131446343	2	629	admit-refused	authority refusal LIMIT_EXCEEDED: retained input, output or executor capacity
48946	1789131446433	0	765	admit-retried	succeeded after 1 refusals
48946	1789131446433	0	765	admitted	admit=359ms
48981	1789131446468	2	671	admit-refused	authority refusal LIMIT_EXCEEDED: retained input, output or executor capacity
49022	1789131446508	1	739	admit-retried	succeeded after 4 refusals
49022	1789131446508	1	739	admitted	admit=3084ms
49151	1789131446637	0	702	admit-retried	succeeded after 5 refusals
49151	1789131446637	0	702	admitted	admit=5503ms
49208	1789131446695	2	674	admit-retried	succeeded after 2 refusals
49208	1789131446695	2	674	admitted	admit=1041ms
49211	1789131446697	1	61	admit-refused	authority refusal LIMIT_EXCEEDED: aggregate admission capacity exhausted
49214	1789131446700	1	58	admit-retried	succeeded after 14 refusals
49214	1789131446700	1	58	admitted	admit=47872ms
49240	1789131446726	0	729	admit-retried	succeeded after 5 refusals
49240	1789131446726	0	729	admitted	admit=3730ms
49267	1789131446753	2	677	admit-retried	succeeded after 2 refusals
49267	1789131446753	2	677	admitted	admit=1026ms
49301	1789131446788	2	671	admit-refused	authority refusal LIMIT_EXCEEDED: retained input, output or executor capacity
49307	1789131446794	2	269	admit-refused	authority refusal LIMIT_EXCEEDED: retained input, output or executor capacity
49313	1789131446799	2	680	admit-refused	authority refusal LIMIT_EXCEEDED: retained input, output or executor capacity
49324	1789131446811	2	683	admit-refused	authority refusal LIMIT_EXCEEDED: retained input, output or executor capacity
49358	1789131446845	1	757	admit-refused	authority refusal LIMIT_EXCEEDED: aggregate admission capacity exhausted
49475	1789131446962	0	345	admit-retried	succeeded after 11 refusals
49475	1789131446962	0	345	admitted	admit=31771ms
49487	1789131446974	1	661	admit-retried	succeeded after 6 refusals
49487	1789131446974	1	661	admitted	admit=9347ms
49631	1789131447117	2	680	admit-retried	succeeded after 1 refusals
49631	1789131447117	2	680	admitted	admit=422ms
49683	1789131447170	1	760	admit-refused	authority refusal LIMIT_EXCEEDED: aggregate admission capacity exhausted
49691	1789131447177	1	694	admit-retried	succeeded after 6 refusals
49691	1789131447177	1	694	admitted	admit=7478ms
49699	1789131447185	2	683	admit-retried	succeeded after 1 refusals
49699	1789131447185	2	683	admitted	admit=430ms
49772	1789131447258	2	686	admitted	admit=140ms
49867	1789131447354	2	689	admitted	admit=168ms
49870	1789131447356	2	671	admit-refused	authority refusal LIMIT_EXCEEDED: retained input, output or executor capacity
49875	1789131447361	2	692	admit-refused	authority refusal LIMIT_EXCEEDED: retained input, output or executor capacity
49917	1789131447404	2	695	admit-refused	authority refusal LIMIT_EXCEEDED: retained input, output or executor capacity
50036	1789131447523	0	636	admit-ceiling	LIMIT_EXCEEDED: client unresolved admission ceiling
50078	1789131447564	2	692	admit-retried	succeeded after 1 refusals
50078	1789131447564	2	692	admitted	admit=305ms
50132	1789131447619	1	346	admit-retried	succeeded after 10 refusals
50132	1789131447619	1	346	admitted	admit=31442ms
50132	1789131447619	0	84	admit-retried	succeeded after 14 refusals
50132	1789131447619	0	84	admitted	admit=48788ms
50148	1789131447635	0	738	admit-retried	succeeded after 5 refusals
50148	1789131447635	0	738	admitted	admit=3585ms
50186	1789131447672	2	698	admit-refused	authority refusal LIMIT_EXCEEDED: retained input, output or executor capacity
50202	1789131447689	2	647	admit-retried	succeeded after 5 refusals
50202	1789131447689	2	647	admitted	admit=4221ms
50228	1789131447714	0	63	admit-retried	succeeded after 14 refusals
50228	1789131447714	0	63	admitted	admit=48886ms
50253	1789131447739	1	757	admit-retried	succeeded after 4 refusals
50253	1789131447739	1	757	admitted	admit=2558ms
50255	1789131447741	0	633	admit-refused	authority refusal LIMIT_EXCEEDED: aggregate admission capacity exhausted
50278	1789131447765	1	490	admit-retried	succeeded after 9 refusals
50278	1789131447765	1	490	admitted	admit=21986ms
50401	1789131447888	2	695	admit-refused	authority refusal LIMIT_EXCEEDED: retained input, output or executor capacity
50404	1789131447891	2	701	admit-refused	authority refusal LIMIT_EXCEEDED: retained input, output or executor capacity
50432	1789131447919	2	698	admit-refused	authority refusal LIMIT_EXCEEDED: retained input, output or executor capacity
50569	1789131448055	2	701	admit-refused	authority refusal LIMIT_EXCEEDED: retained input, output or executor capacity
50650	1789131448137	0	75	admit-retried	succeeded after 14 refusals
50650	1789131448137	0	75	admitted	admit=49307ms
50748	1789131448235	2	695	admit-retried	succeeded after 2 refusals
50748	1789131448235	2	695	admitted	admit=880ms
50814	1789131448301	2	698	admit-retried	succeeded after 2 refusals
50814	1789131448301	2	698	admitted	admit=735ms
50844	1789131448330	2	704	admit-refused	authority refusal LIMIT_EXCEEDED: retained input, output or executor capacity
50850	1789131448336	2	701	admit-refused	authority refusal LIMIT_EXCEEDED: retained input, output or executor capacity
50857	1789131448343	2	671	admit-refused	authority refusal LIMIT_EXCEEDED: retained input, output or executor capacity
50862	1789131448348	2	707	admit-refused	authority refusal LIMIT_EXCEEDED: retained input, output or executor capacity
50864	1789131448351	1	259	admit-retried	succeeded after 12 refusals
50864	1789131448351	1	259	admitted	admit=38001ms
50951	1789131448438	2	704	admit-refused	authority refusal LIMIT_EXCEEDED: retained input, output or executor capacity
50968	1789131448455	2	707	admit-refused	authority refusal LIMIT_EXCEEDED: retained input, output or executor capacity
51122	1789131448608	1	124	admit-retried	succeeded after 14 refusals
51122	1789131448608	1	124	admitted	admit=47101ms
51229	1789131448715	2	488	admit-retried	succeeded after 8 refusals
51229	1789131448715	2	488	admitted	admit=17019ms
51251	1789131448737	2	701	admit-ceiling	LIMIT_EXCEEDED: client unresolved admission ceiling
51340	1789131448827	2	617	admit-retried	succeeded after 6 refusals
51340	1789131448827	2	617	admitted	admit=7209ms
51343	1789131448829	1	157	admit-retried	succeeded after 13 refusals
51343	1789131448829	1	157	admitted	admit=45098ms
51368	1789131448854	0	579	admit-retried	succeeded after 8 refusals
51368	1789131448854	0	579	admitted	admit=18226ms
51379	1789131448865	1	760	admit-retried	succeeded after 5 refusals
51379	1789131448865	1	760	admitted	admit=3571ms
51422	1789131448908	2	704	admit-retried	succeeded after 2 refusals
51422	1789131448908	2	704	admitted	admit=672ms
51422	1789131448908	2	710	admit-refused	authority refusal LIMIT_EXCEEDED: retained input, output or executor capacity
51430	1789131448916	2	707	admit-refused	authority refusal LIMIT_EXCEEDED: retained input, output or executor capacity
51437	1789131448923	2	713	admit-refused	authority refusal LIMIT_EXCEEDED: retained input, output or executor capacity
51448	1789131448934	2	716	admit-refused	authority refusal LIMIT_EXCEEDED: retained input, output or executor capacity
51549	1789131449036	2	716	admit-ceiling	LIMIT_EXCEEDED: client unresolved admission ceiling
51630	1789131449116	0	645	admit-retried	succeeded after 7 refusals
51630	1789131449116	0	645	admitted	admit=12737ms
51691	1789131449178	2	410	admit-retried	succeeded after 9 refusals
51691	1789131449178	2	410	admitted	admit=24157ms
51710	1789131449197	2	497	admit-ceiling	LIMIT_EXCEEDED: client unresolved admission ceiling
51752	1789131449238	2	716	admit-ceiling	LIMIT_EXCEEDED: client unresolved admission ceiling
51812	1789131449298	2	434	admit-retried	succeeded after 9 refusals
51812	1789131449298	2	434	admitted	admit=22496ms
51840	1789131449326	2	707	admit-ceiling	LIMIT_EXCEEDED: client unresolved admission ceiling
51857	1789131449344	2	719	admit-refused	authority refusal LIMIT_EXCEEDED: retained input, output or executor capacity
51866	1789131449352	2	713	admit-refused	authority refusal LIMIT_EXCEEDED: retained input, output or executor capacity
51871	1789131449357	2	722	admit-refused	authority refusal LIMIT_EXCEEDED: retained input, output or executor capacity
51871	1789131449357	2	710	admit-retried	succeeded after 1 refusals
51871	1789131449357	2	710	admitted	admit=641ms
51898	1789131449385	2	725	admit-refused	authority refusal LIMIT_EXCEEDED: retained input, output or executor capacity
51990	1789131449476	2	719	admit-refused	authority refusal LIMIT_EXCEEDED: retained input, output or executor capacity
51995	1789131449481	2	722	admit-refused	authority refusal LIMIT_EXCEEDED: retained input, output or executor capacity
52049	1789131449535	2	725	admit-refused	authority refusal LIMIT_EXCEEDED: retained input, output or executor capacity
52191	1789131449677	2	719	admit-ceiling	LIMIT_EXCEEDED: client unresolved admission ceiling
52196	1789131449682	2	722	admit-ceiling	LIMIT_EXCEEDED: client unresolved admission ceiling
52230	1789131449717	2	701	admit-retried	succeeded after 4 refusals
52230	1789131449717	2	701	admitted	admit=2027ms
52250	1789131449736	2	725	admit-ceiling	LIMIT_EXCEEDED: client unresolved admission ceiling
52280	1789131449766	2	713	admit-refused	authority refusal LIMIT_EXCEEDED: retained input, output or executor capacity
52298	1789131449785	2	629	admit-retried	succeeded after 6 refusals
52298	1789131449785	2	629	admitted	admit=7337ms
52344	1789131449831	2	728	admit-refused	authority refusal LIMIT_EXCEEDED: retained input, output or executor capacity
52368	1789131449854	2	731	admit-refused	authority refusal LIMIT_EXCEEDED: retained input, output or executor capacity
52449	1789131449935	2	716	admit-refused	authority refusal LIMIT_EXCEEDED: retained input, output or executor capacity
52597	1789131450084	2	722	admit-ceiling	LIMIT_EXCEEDED: client unresolved admission ceiling
52646	1789131450132	2	728	admit-retried	succeeded after 1 refusals
52646	1789131450132	2	728	admitted	admit=415ms
52662	1789131450148	2	734	admit-ceiling	LIMIT_EXCEEDED: client unresolved admission ceiling
52662	1789131450149	2	725	admit-ceiling	LIMIT_EXCEEDED: client unresolved admission ceiling
52675	1789131450161	2	731	admit-refused	authority refusal LIMIT_EXCEEDED: retained input, output or executor capacity
52681	1789131450167	2	719	admit-refused	authority refusal LIMIT_EXCEEDED: retained input, output or executor capacity
52689	1789131450175	2	707	admit-refused	authority refusal LIMIT_EXCEEDED: retained input, output or executor capacity
52691	1789131450178	2	671	admit-retried	succeeded after 5 refusals
52691	1789131450178	2	671	admitted	admit=4720ms
52734	1789131450220	2	713	admit-refused	authority refusal LIMIT_EXCEEDED: retained input, output or executor capacity
52760	1789131450246	2	737	admit-refused	authority refusal LIMIT_EXCEEDED: retained input, output or executor capacity
52775	1789131450261	0	546	admit-retried	succeeded after 9 refusals
52775	1789131450261	0	546	admitted	admit=21776ms
52786	1789131450272	2	734	admit-refused	authority refusal LIMIT_EXCEEDED: retained input, output or executor capacity
52936	1789131450422	2	737	admit-retried	succeeded after 1 refusals
52936	1789131450422	2	737	admitted	admit=243ms
52970	1789131450457	0	660	admit-retried	succeeded after 7 refusals
52970	1789131450457	0	660	admitted	admit=12031ms
53005	1789131450492	2	740	admit-refused	authority refusal LIMIT_EXCEEDED: retained input, output or executor capacity
53011	1789131450497	2	734	admit-refused	authority refusal LIMIT_EXCEEDED: retained input, output or executor capacity
53020	1789131450506	2	731	admit-retried	succeeded after 2 refusals
53020	1789131450506	2	731	admitted	admit=721ms
53041	1789131450528	2	743	admit-refused	authority refusal LIMIT_EXCEEDED: retained input, output or executor capacity
53047	1789131450533	2	266	admit-refused	authority refusal LIMIT_EXCEEDED: retained input, output or executor capacity
53077	1789131450563	2	35	admit-refused	authority refusal LIMIT_EXCEEDED: retained input, output or executor capacity
53123	1789131450609	2	740	admit-refused	authority refusal LIMIT_EXCEEDED: retained input, output or executor capacity
53172	1789131450659	0	534	admit-retried	succeeded after 9 refusals
53172	1789131450659	0	534	admitted	admit=22756ms
53263	1789131450750	2	743	admit-retried	succeeded after 1 refusals
53263	1789131450750	2	743	admitted	admit=243ms
53346	1789131450832	2	740	admit-refused	authority refusal LIMIT_EXCEEDED: retained input, output or executor capacity
53349	1789131450835	2	716	admit-retried	succeeded after 4 refusals
53349	1789131450835	2	716	admitted	admit=1927ms
53362	1789131450849	2	746	admit-refused	authority refusal LIMIT_EXCEEDED: retained input, output or executor capacity
53371	1789131450857	2	749	admit-refused	authority refusal LIMIT_EXCEEDED: retained input, output or executor capacity
53402	1789131450888	2	32	admit-refused	authority refusal LIMIT_EXCEEDED: retained input, output or executor capacity
53405	1789131450891	2	722	admit-refused	authority refusal LIMIT_EXCEEDED: retained input, output or executor capacity
53419	1789131450905	2	734	admit-refused	authority refusal LIMIT_EXCEEDED: retained input, output or executor capacity
53425	1789131450911	2	41	admit-refused	authority refusal LIMIT_EXCEEDED: retained input, output or executor capacity
53465	1789131450952	1	211	admit-retried	succeeded after 13 refusals
53465	1789131450952	1	211	admitted	admit=44118ms
53492	1789131450979	2	725	admit-refused	authority refusal LIMIT_EXCEEDED: retained input, output or executor capacity
53496	1789131450983	2	746	admit-refused	authority refusal LIMIT_EXCEEDED: retained input, output or executor capacity
53518	1789131451004	2	749	admit-refused	authority refusal LIMIT_EXCEEDED: retained input, output or executor capacity
53521	1789131451008	2	719	admit-refused	authority refusal LIMIT_EXCEEDED: retained input, output or executor capacity
53628	1789131451115	2	47	admit-retried	succeeded after 15 refusals
53628	1789131451115	2	47	admitted	admit=53068ms
53665	1789131451151	2	752	admit-refused	authority refusal LIMIT_EXCEEDED: retained input, output or executor capacity
53673	1789131451160	2	713	admit-retried	succeeded after 4 refusals
53673	1789131451160	2	713	admitted	admit=2332ms
53688	1789131451175	2	755	admit-refused	authority refusal LIMIT_EXCEEDED: retained input, output or executor capacity
53701	1789131451188	2	746	admit-refused	authority refusal LIMIT_EXCEEDED: retained input, output or executor capacity
53726	1789131451212	2	749	admit-refused	authority refusal LIMIT_EXCEEDED: retained input, output or executor capacity
53885	1789131451372	2	740	admit-refused	authority refusal LIMIT_EXCEEDED: retained input, output or executor capacity
53888	1789131451374	2	752	admit-refused	authority refusal LIMIT_EXCEEDED: retained input, output or executor capacity
53891	1789131451377	2	755	admit-refused	authority refusal LIMIT_EXCEEDED: retained input, output or executor capacity
54147	1789131451634	2	755	admit-retried	succeeded after 2 refusals
54147	1789131451634	2	755	admitted	admit=473ms
54177	1789131451663	2	752	admit-retried	succeeded after 2 refusals
54177	1789131451663	2	752	admitted	admit=548ms
54221	1789131451707	2	734	admit-ceiling	LIMIT_EXCEEDED: client unresolved admission ceiling
54263	1789131451749	2	749	admit-refused	authority refusal LIMIT_EXCEEDED: retained input, output or executor capacity
54265	1789131451752	2	746	admit-retried	succeeded after 3 refusals
54265	1789131451752	2	746	admitted	admit=1001ms
54271	1789131451757	2	758	admit-refused	authority refusal LIMIT_EXCEEDED: retained input, output or executor capacity
54290	1789131451776	2	761	admit-refused	authority refusal LIMIT_EXCEEDED: retained input, output or executor capacity
54292	1789131451779	1	61	admit-retried	succeeded after 14 refusals
54292	1789131451779	1	61	admitted	admit=52950ms
54293	1789131451779	1	37	admit-refused	authority refusal LIMIT_EXCEEDED: metadata concurrency exhausted
54293	1789131451779	1	40	admit-refused	authority refusal LIMIT_EXCEEDED: metadata concurrency exhausted
54293	1789131451779	1	25	admit-refused	authority refusal LIMIT_EXCEEDED: metadata concurrency exhausted
54293	1789131451779	1	46	admit-refused	authority refusal LIMIT_EXCEEDED: metadata concurrency exhausted
54293	1789131451779	1	10	admit-refused	authority refusal LIMIT_EXCEEDED: metadata concurrency exhausted
54293	1789131451780	1	31	admit-refused	authority refusal LIMIT_EXCEEDED: metadata concurrency exhausted
54293	1789131451780	1	34	admit-refused	authority refusal LIMIT_EXCEEDED: metadata concurrency exhausted
54293	1789131451780	1	16	admit-refused	authority refusal LIMIT_EXCEEDED: metadata concurrency exhausted
54293	1789131451780	1	13	admit-refused	authority refusal LIMIT_EXCEEDED: metadata concurrency exhausted
54293	1789131451780	1	22	admit-refused	authority refusal LIMIT_EXCEEDED: metadata concurrency exhausted
54293	1789131451780	1	28	admit-refused	authority refusal LIMIT_EXCEEDED: metadata concurrency exhausted
54293	1789131451780	1	43	admit-refused	authority refusal LIMIT_EXCEEDED: metadata concurrency exhausted
54295	1789131451782	2	764	admit-refused	authority refusal LIMIT_EXCEEDED: retained input, output or executor capacity
54300	1789131451787	2	707	admit-refused	authority refusal LIMIT_EXCEEDED: retained input, output or executor capacity
54309	1789131451795	1	7	succeeded	attempt 1 watch=16ms
54315	1789131451802	2	269	admit-refused	authority refusal LIMIT_EXCEEDED: retained input, output or executor capacity
54320	1789131451806	1	19	succeeded	attempt 1 watch=27ms
54333	1789131451820	1	1	succeeded	attempt 1 watch=40ms
54357	1789131451843	1	4	succeeded	attempt 1 watch=64ms
54395	1789131451881	1	34	admit-refused	authority refusal LIMIT_EXCEEDED: metadata concurrency exhausted
54395	1789131451881	1	40	admit-refused	authority refusal LIMIT_EXCEEDED: metadata concurrency exhausted
54395	1789131451881	1	16	admit-refused	authority refusal LIMIT_EXCEEDED: metadata concurrency exhausted
54395	1789131451881	1	37	admit-refused	authority refusal LIMIT_EXCEEDED: metadata concurrency exhausted
54395	1789131451881	1	10	admit-refused	authority refusal LIMIT_EXCEEDED: metadata concurrency exhausted
54395	1789131451881	1	28	admit-refused	authority refusal LIMIT_EXCEEDED: metadata concurrency exhausted
54395	1789131451881	1	25	admit-refused	authority refusal LIMIT_EXCEEDED: metadata concurrency exhausted
54395	1789131451881	1	46	admit-refused	authority refusal LIMIT_EXCEEDED: metadata concurrency exhausted
54408	1789131451894	2	758	admit-refused	authority refusal LIMIT_EXCEEDED: retained input, output or executor capacity
54413	1789131451899	2	761	admit-refused	authority refusal LIMIT_EXCEEDED: retained input, output or executor capacity
54424	1789131451911	2	764	admit-refused	authority refusal LIMIT_EXCEEDED: retained input, output or executor capacity
54441	1789131451928	1	31	succeeded	attempt 1 watch=148ms
54449	1789131451936	1	7	first-usable-output	
54449	1789131451936	1	7	chunk-verified	fetch=140ms
54465	1789131451951	1	22	succeeded	attempt 1 watch=172ms
54465	1789131451951	1	19	chunk-verified	fetch=145ms
54481	1789131451967	1	13	succeeded	attempt 1 watch=188ms
54481	1789131451967	1	1	chunk-verified	fetch=147ms
54495	1789131451981	1	43	succeeded	attempt 1 watch=202ms
54518	1789131452005	1	4	chunk-verified	fetch=161ms
54529	1789131452015	1	49	succeeded	attempt 1 watch=79ms
54546	1789131452033	1	52	succeeded	attempt 1 watch=81ms
54555	1789131452041	1	55	succeeded	attempt 1 watch=73ms
54596	1789131452083	1	34	admit-refused	authority refusal LIMIT_EXCEEDED: metadata concurrency exhausted
54596	1789131452083	1	28	admit-refused	authority refusal LIMIT_EXCEEDED: metadata concurrency exhausted
54596	1789131452083	1	46	admit-refused	authority refusal LIMIT_EXCEEDED: metadata concurrency exhausted
54596	1789131452083	1	10	admit-refused	authority refusal LIMIT_EXCEEDED: metadata concurrency exhausted
54598	1789131452084	1	58	succeeded	attempt 1 watch=79ms
54609	1789131452095	1	31	chunk-verified	fetch=167ms
54664	1789131452150	1	22	chunk-verified	fetch=199ms
54679	1789131452165	1	40	succeeded	attempt 1 watch=386ms
54699	1789131452185	1	37	succeeded	attempt 1 watch=406ms
54702	1789131452188	1	13	chunk-verified	fetch=220ms
54726	1789131452212	1	16	succeeded	attempt 1 watch=433ms
54729	1789131452215	1	43	chunk-verified	fetch=233ms
54742	1789131452228	1	25	succeeded	attempt 1 watch=449ms
54774	1789131452260	1	61	succeeded	attempt 1 watch=165ms
54795	1789131452281	1	64	succeeded	attempt 1 watch=130ms
54795	1789131452281	1	49	chunk-verified	fetch=266ms
54808	1789131452294	1	52	chunk-verified	fetch=261ms
54813	1789131452299	2	758	admit-retried	succeeded after 2 refusals
54813	1789131452299	2	758	admitted	admit=665ms
54815	1789131452302	1	55	chunk-verified	fetch=260ms
54855	1789131452342	1	67	succeeded	attempt 1 watch=153ms
54881	1789131452367	2	764	admit-refused	authority refusal LIMIT_EXCEEDED: retained input, output or executor capacity
54891	1789131452377	1	70	succeeded	attempt 1 watch=162ms
54894	1789131452380	2	761	admit-retried	succeeded after 2 refusals
54894	1789131452380	2	761	admitted	admit=716ms
54918	1789131452404	2	767	admit-refused	authority refusal LIMIT_EXCEEDED: retained input, output or executor capacity
54936	1789131452422	2	740	admit-refused	authority refusal LIMIT_EXCEEDED: retained input, output or executor capacity
54956	1789131452442	1	58	chunk-verified	fetch=358ms
54958	1789131452445	1	73	succeeded	attempt 1 watch=163ms
54988	1789131452474	1	76	succeeded	attempt 1 watch=180ms
54999	1789131452485	1	79	succeeded	attempt 1 watch=183ms
55036	1789131452522	1	40	chunk-verified	fetch=356ms
55041	1789131452528	1	37	chunk-verified	fetch=342ms
55059	1789131452546	1	16	chunk-verified	fetch=333ms
55064	1789131452551	1	82	succeeded	attempt 1 watch=108ms
55082	1789131452568	1	25	chunk-verified	fetch=339ms
55112	1789131452599	1	61	chunk-verified	fetch=338ms
55120	1789131452607	1	64	chunk-verified	fetch=325ms
55125	1789131452612	2	722	admit-retried	succeeded after 5 refusals
55125	1789131452612	2	722	admitted	admit=3313ms
55133	1789131452620	1	46	succeeded	attempt 1 watch=840ms
55158	1789131452644	0	636	admit-retried	succeeded after 8 refusals
55158	1789131452644	0	636	admitted	admit=17031ms
55160	1789131452647	1	28	succeeded	attempt 1 watch=867ms
55176	1789131452663	1	10	succeeded	attempt 1 watch=883ms
55195	1789131452681	1	34	succeeded	attempt 1 watch=902ms
55244	1789131452730	1	85	succeeded	attempt 1 watch=207ms
55269	1789131452756	1	67	chunk-verified	fetch=413ms
55269	1789131452756	1	88	succeeded	attempt 1 watch=227ms
55282	1789131452769	2	764	admit-ceiling	LIMIT_EXCEEDED: client unresolved admission ceiling
55290	1789131452777	1	70	chunk-verified	fetch=399ms
55296	1789131452782	1	91	succeeded	attempt 1 watch=236ms
55327	1789131452814	1	94	succeeded	attempt 1 watch=245ms
55348	1789131452835	1	97	succeeded	attempt 1 watch=235ms
55351	1789131452837	0	633	admit-retried	succeeded after 8 refusals
55351	1789131452837	0	633	admitted	admit=17702ms
55351	1789131452838	0	15	admit-refused	authority refusal LIMIT_EXCEEDED: metadata concurrency exhausted
55351	1789131452838	0	42	admit-refused	authority refusal LIMIT_EXCEEDED: metadata concurrency exhausted
55352	1789131452838	0	0	admit-refused	authority refusal LIMIT_EXCEEDED: metadata concurrency exhausted
55352	1789131452838	0	9	admit-refused	authority refusal LIMIT_EXCEEDED: metadata concurrency exhausted
55352	1789131452838	0	39	admit-refused	authority refusal LIMIT_EXCEEDED: metadata concurrency exhausted
55352	1789131452838	0	27	admit-refused	authority refusal LIMIT_EXCEEDED: metadata concurrency exhausted
55352	1789131452838	0	36	admit-refused	authority refusal LIMIT_EXCEEDED: metadata concurrency exhausted
55352	1789131452838	0	21	admit-refused	authority refusal LIMIT_EXCEEDED: metadata concurrency exhausted
55352	1789131452838	0	3	admit-refused	authority refusal LIMIT_EXCEEDED: metadata concurrency exhausted
55352	1789131452838	0	30	admit-refused	authority refusal LIMIT_EXCEEDED: metadata concurrency exhausted
55352	1789131452838	0	24	admit-refused	authority refusal LIMIT_EXCEEDED: metadata concurrency exhausted
55352	1789131452838	0	33	admit-refused	authority refusal LIMIT_EXCEEDED: metadata concurrency exhausted
55366	1789131452852	1	73	chunk-verified	fetch=407ms
55373	1789131452860	0	12	succeeded	attempt 1 watch=22ms
55376	1789131452862	1	100	succeeded	attempt 1 watch=255ms
55407	1789131452894	0	6	succeeded	attempt 1 watch=56ms
55407	1789131452894	1	76	chunk-verified	fetch=419ms
55418	1789131452904	2	767	admit-retried	succeeded after 1 refusals
55418	1789131452904	2	767	admitted	admit=604ms
55428	1789131452915	0	45	succeeded	attempt 1 watch=77ms
55452	1789131452939	0	18	succeeded	attempt 1 watch=101ms
55453	1789131452939	0	24	admit-refused	authority refusal LIMIT_EXCEEDED: metadata concurrency exhausted
55453	1789131452939	0	30	admit-refused	authority refusal LIMIT_EXCEEDED: metadata concurrency exhausted
55453	1789131452939	0	21	admit-refused	authority refusal LIMIT_EXCEEDED: metadata concurrency exhausted
55453	1789131452939	0	39	admit-refused	authority refusal LIMIT_EXCEEDED: metadata concurrency exhausted
55453	1789131452939	0	9	admit-refused	authority refusal LIMIT_EXCEEDED: metadata concurrency exhausted
55453	1789131452939	0	15	admit-refused	authority refusal LIMIT_EXCEEDED: metadata concurrency exhausted
55453	1789131452939	0	42	admit-refused	authority refusal LIMIT_EXCEEDED: metadata concurrency exhausted
55453	1789131452939	0	36	admit-refused	authority refusal LIMIT_EXCEEDED: metadata concurrency exhausted
55453	1789131452939	0	3	admit-refused	authority refusal LIMIT_EXCEEDED: metadata concurrency exhausted
55514	1789131453000	1	79	chunk-verified	fetch=515ms
55517	1789131453003	1	103	succeeded	attempt 1 watch=247ms
55561	1789131453047	0	0	succeeded	attempt 1 watch=209ms
55564	1789131453050	1	106	succeeded	attempt 1 watch=273ms
55568	1789131453054	2	725	admit-refused	authority refusal LIMIT_EXCEEDED: retained input, output or executor capacity
55572	1789131453058	2	749	admit-refused	authority refusal LIMIT_EXCEEDED: retained input, output or executor capacity
55577	1789131453063	2	719	admit-refused	authority refusal LIMIT_EXCEEDED: retained input, output or executor capacity
55582	1789131453069	0	33	succeeded	attempt 1 watch=231ms
55603	1789131453090	0	27	succeeded	attempt 1 watch=252ms
55635	1789131453121	1	82	chunk-verified	fetch=570ms
55644	1789131453130	0	18	first-usable-output	
55644	1789131453130	0	18	chunk-verified	fetch=191ms
55654	1789131453140	1	109	succeeded	attempt 1 watch=288ms
55654	1789131453141	0	39	admit-refused	authority refusal LIMIT_EXCEEDED: metadata concurrency exhausted
55654	1789131453141	0	9	admit-refused	authority refusal LIMIT_EXCEEDED: metadata concurrency exhausted
55654	1789131453141	0	15	admit-refused	authority refusal LIMIT_EXCEEDED: metadata concurrency exhausted
55654	1789131453141	0	36	admit-refused	authority refusal LIMIT_EXCEEDED: metadata concurrency exhausted
55654	1789131453141	0	42	admit-refused	authority refusal LIMIT_EXCEEDED: metadata concurrency exhausted
55692	1789131453178	0	12	chunk-verified	fetch=318ms
55700	1789131453186	1	112	succeeded	attempt 1 watch=292ms
55701	1789131453188	1	85	admit-refused	stalled read ordinal 85
55703	1789131453189	0	48	succeeded	attempt 1 watch=58ms
55716	1789131453203	0	0	chunk-verified	fetch=155ms
55724	1789131453210	0	3	succeeded	attempt 1 watch=372ms
55743	1789131453229	0	6	chunk-verified	fetch=335ms
55745	1789131453232	1	46	chunk-verified	fetch=611ms
55755	1789131453242	0	24	succeeded	attempt 1 watch=404ms
55761	1789131453247	1	115	succeeded	attempt 1 watch=246ms
55763	1789131453250	1	28	chunk-verified	fetch=603ms
55766	1789131453252	0	45	chunk-verified	fetch=337ms
55774	1789131453260	0	30	succeeded	attempt 1 watch=422ms
55784	1789131453270	1	10	chunk-verified	fetch=607ms
55802	1789131453289	1	118	succeeded	attempt 1 watch=167ms
55802	1789131453289	0	21	succeeded	attempt 1 watch=451ms
55805	1789131453291	1	88	chunk-verified	fetch=535ms
55828	1789131453314	1	91	chunk-verified	fetch=531ms
55830	1789131453317	0	51	succeeded	attempt 1 watch=138ms
55841	1789131453328	0	33	chunk-verified	fetch=259ms
55851	1789131453338	1	97	chunk-verified	fetch=502ms
55854	1789131453340	0	27	chunk-verified	fetch=250ms
55870	1789131453356	1	94	chunk-verified	fetch=542ms
55872	1789131453359	0	54	succeeded	attempt 1 watch=156ms
55883	1789131453369	1	121	succeeded	attempt 1 watch=137ms
55883	1789131453369	1	100	chunk-verified	fetch=506ms
55901	1789131453387	1	103	chunk-verified	fetch=383ms
55916	1789131453403	0	57	succeeded	attempt 1 watch=173ms
55922	1789131453408	1	124	succeeded	attempt 1 watch=158ms
55944	1789131453431	1	127	succeeded	attempt 1 watch=160ms
55954	1789131453441	1	106	chunk-verified	fetch=390ms
55970	1789131453456	0	60	succeeded	attempt 1 watch=203ms
55991	1789131453477	1	130	succeeded	attempt 1 watch=185ms
56012	1789131453498	1	133	succeeded	attempt 1 watch=184ms
56043	1789131453529	1	136	succeeded	attempt 1 watch=191ms
56043	1789131453529	1	109	chunk-verified	fetch=388ms
56055	1789131453542	0	15	admit-refused	authority refusal LIMIT_EXCEEDED: metadata concurrency exhausted
56064	1789131453550	1	34	chunk-verified	fetch=868ms
56067	1789131453553	0	63	succeeded	attempt 1 watch=225ms
56069	1789131453555	1	139	succeeded	attempt 1 watch=199ms
56085	1789131453571	1	112	chunk-verified	fetch=384ms
56094	1789131453581	0	66	succeeded	attempt 1 watch=240ms
56097	1789131453584	1	142	succeeded	attempt 1 watch=214ms
56107	1789131453594	0	48	chunk-verified	fetch=404ms
56152	1789131453638	1	145	succeeded	attempt 1 watch=251ms
56152	1789131453638	0	3	chunk-verified	fetch=427ms
56176	1789131453662	0	24	chunk-verified	fetch=420ms
56192	1789131453678	1	115	chunk-verified	fetch=431ms
56197	1789131453684	0	9	succeeded	attempt 1 watch=846ms
56210	1789131453696	0	30	chunk-verified	fetch=435ms
56212	1789131453699	1	85	chunk-verified	fetch=968ms
56229	1789131453716	0	39	succeeded	attempt 1 watch=878ms
56232	1789131453718	0	21	chunk-verified	fetch=429ms
56237	1789131453723	1	148	succeeded	attempt 1 watch=282ms
56240	1789131453726	0	51	chunk-verified	fetch=409ms
56245	1789131453731	0	36	succeeded	attempt 1 watch=893ms
56277	1789131453763	0	42	succeeded	attempt 1 watch=925ms
56282	1789131453768	1	118	chunk-verified	fetch=479ms
56301	1789131453787	1	151	succeeded	attempt 1 watch=257ms
56336	1789131453822	0	69	succeeded	attempt 1 watch=228ms
56364	1789131453851	0	72	succeeded	attempt 1 watch=212ms
56382	1789131453868	0	54	chunk-verified	fetch=509ms
56387	1789131453873	0	75	succeeded	attempt 1 watch=211ms
56390	1789131453876	1	154	succeeded	attempt 1 watch=325ms
56402	1789131453888	0	60	chunk-verified	fetch=432ms
56420	1789131453907	1	157	succeeded	attempt 1 watch=335ms
56441	1789131453928	0	78	succeeded	attempt 1 watch=231ms
56479	1789131453965	1	121	chunk-verified	fetch=596ms
56487	1789131453973	1	124	chunk-verified	fetch=565ms
56492	1789131453978	0	81	succeeded	attempt 1 watch=260ms
56495	1789131453981	2	734	admit-retried	succeeded after 5 refusals
56495	1789131453981	1	160	succeeded	attempt 1 watch=302ms
56495	1789131453981	2	734	admitted	admit=3848ms
56525	1789131454011	0	84	succeeded	attempt 1 watch=285ms
56530	1789131454017	1	163	succeeded	attempt 1 watch=317ms
56530	1789131454017	0	57	chunk-verified	fetch=614ms
56551	1789131454037	1	127	chunk-verified	fetch=606ms
56587	1789131454074	1	166	succeeded	attempt 1 watch=305ms
56593	1789131454079	2	764	admit-retried	succeeded after 4 refusals
56593	1789131454079	2	764	admitted	admit=2327ms
56612	1789131454098	1	130	chunk-verified	fetch=620ms
56632	1789131454119	0	63	chunk-verified	fetch=565ms
56632	1789131454119	1	133	chunk-verified	fetch=620ms
56656	1789131454142	1	136	chunk-verified	fetch=612ms
56658	1789131454145	0	66	chunk-verified	fetch=563ms
56673	1789131454159	1	139	chunk-verified	fetch=603ms
56678	1789131454164	0	87	succeeded	attempt 1 watch=295ms
56696	1789131454182	1	169	succeeded	attempt 1 watch=216ms
56722	1789131454208	0	90	succeeded	attempt 1 watch=319ms
56730	1789131454216	1	142	chunk-verified	fetch=632ms
56745	1789131454232	1	172	succeeded	attempt 1 watch=258ms
56766	1789131454253	1	145	chunk-verified	fetch=614ms
56774	1789131454261	0	9	chunk-verified	fetch=576ms
56803	1789131454290	0	39	chunk-verified	fetch=574ms
56815	1789131454302	1	175	succeeded	attempt 1 watch=264ms
56823	1789131454310	1	148	chunk-verified	fetch=586ms
56838	1789131454324	0	93	succeeded	attempt 1 watch=307ms
56864	1789131454351	0	96	succeeded	attempt 1 watch=231ms
56867	1789131454353	0	36	chunk-verified	fetch=622ms
56870	1789131454356	1	178	succeeded	attempt 1 watch=258ms
56888	1789131454375	0	99	succeeded	attempt 1 watch=230ms
56892	1789131454378	0	42	chunk-verified	fetch=614ms
56896	1789131454383	1	181	succeeded	attempt 1 watch=263ms
56904	1789131454391	0	69	chunk-verified	fetch=568ms
56914	1789131454401	0	72	chunk-verified	fetch=549ms
56917	1789131454403	1	151	chunk-verified	fetch=615ms
56919	1789131454406	1	154	chunk-verified	fetch=529ms
56922	1789131454408	1	184	succeeded	attempt 1 watch=266ms
56949	1789131454436	1	187	succeeded	attempt 1 watch=276ms
56949	1789131454436	0	75	chunk-verified	fetch=562ms
56974	1789131454460	0	78	chunk-verified	fetch=532ms
56977	1789131454463	0	102	succeeded	attempt 1 watch=202ms
57004	1789131454490	1	157	chunk-verified	fetch=583ms
57014	1789131454501	0	105	succeeded	attempt 1 watch=211ms
57017	1789131454503	1	160	chunk-verified	fetch=522ms
57022	1789131454509	1	190	succeeded	attempt 1 watch=292ms
57025	1789131454511	0	81	chunk-verified	fetch=532ms
57054	1789131454541	0	15	succeeded	attempt 1 watch=1703ms
57065	1789131454551	0	84	chunk-verified	fetch=539ms
57072	1789131454559	1	193	succeeded	attempt 1 watch=306ms
57101	1789131454588	1	196	succeeded	attempt 1 watch=278ms
57101	1789131454588	0	108	succeeded	attempt 1 watch=234ms
57102	1789131454588	1	163	chunk-verified	fetch=571ms
57166	1789131454652	0	111	succeeded	attempt 1 watch=273ms
57168	1789131454655	1	166	chunk-verified	fetch=580ms
57192	1789131454678	0	114	succeeded	attempt 1 watch=287ms
57213	1789131454700	0	117	succeeded	attempt 1 watch=299ms
57232	1789131454718	1	202	succeeded	attempt 1 watch=312ms
57232	1789131454718	0	120	succeeded	attempt 1 watch=282ms
57245	1789131454732	0	87	chunk-verified	fetch=567ms
57255	1789131454741	1	199	succeeded	attempt 1 watch=338ms
57280	1789131454766	0	90	chunk-verified	fetch=558ms
57286	1789131454772	0	123	succeeded	attempt 1 watch=311ms
57301	1789131454788	1	205	succeeded	attempt 1 watch=297ms
57330	1789131454816	0	126	succeeded	attempt 1 watch=305ms
57341	1789131454827	1	169	chunk-verified	fetch=645ms
57346	1789131454832	1	208	succeeded	attempt 1 watch=329ms
57377	1789131454864	0	129	succeeded	attempt 1 watch=312ms
57385	1789131454872	1	172	chunk-verified	fetch=640ms
57393	1789131454880	0	93	chunk-verified	fetch=555ms
57418	1789131454904	0	96	chunk-verified	fetch=553ms
57440	1789131454927	2	740	admit-retried	succeeded after 5 refusals
57440	1789131454927	2	740	admitted	admit=4504ms
57443	1789131454929	0	99	chunk-verified	fetch=554ms
57445	1789131454932	1	211	succeeded	attempt 1 watch=343ms
57475	1789131454962	1	214	succeeded	attempt 1 watch=307ms
57483	1789131454969	1	175	chunk-verified	fetch=667ms
57499	1789131454986	1	178	chunk-verified	fetch=629ms
57525	1789131455012	1	181	chunk-verified	fetch=628ms
57539	1789131455025	2	497	admit-retried	succeeded after 9 refusals
57539	1789131455025	2	497	admitted	admit=22778ms
57549	1789131455035	1	184	chunk-verified	fetch=626ms
57584	1789131455071	1	187	chunk-verified	fetch=634ms
57589	1789131455076	0	132	succeeded	attempt 1 watch=344ms
57608	1789131455094	1	217	succeeded	attempt 1 watch=267ms
57621	1789131455108	0	135	succeeded	attempt 1 watch=341ms
57642	1789131455128	0	102	chunk-verified	fetch=665ms
57644	1789131455131	1	190	chunk-verified	fetch=622ms
57650	1789131455136	1	220	succeeded	attempt 1 watch=264ms
57668	1789131455155	1	193	chunk-verified	fetch=595ms
57681	1789131455168	0	105	chunk-verified	fetch=666ms
57684	1789131455170	1	196	chunk-verified	fetch=582ms
57702	1789131455189	0	15	chunk-verified	fetch=648ms
57717	1789131455204	0	138	succeeded	attempt 1 watch=324ms
57722	1789131455209	1	223	succeeded	attempt 1 watch=239ms
57745	1789131455231	0	141	succeeded	attempt 1 watch=326ms
57757	1789131455244	1	226	succeeded	attempt 1 watch=258ms
57766	1789131455252	0	108	chunk-verified	fetch=664ms
57771	1789131455258	0	144	succeeded	attempt 1 watch=328ms
57774	1789131455260	1	229	succeeded	attempt 1 watch=248ms
57779	1789131455266	0	111	chunk-verified	fetch=613ms
57790	1789131455276	1	202	chunk-verified	fetch=557ms
57797	1789131455284	1	232	succeeded	attempt 1 watch=248ms
57805	1789131455291	0	114	chunk-verified	fetch=612ms
57807	1789131455294	1	199	chunk-verified	fetch=552ms
57818	1789131455304	1	235	succeeded	attempt 1 watch=233ms
57821	1789131455307	0	117	chunk-verified	fetch=607ms
57840	1789131455326	0	120	chunk-verified	fetch=607ms
57847	1789131455333	0	147	succeeded	attempt 1 watch=204ms
57860	1789131455346	1	205	chunk-verified	fetch=558ms
57867	1789131455354	0	150	succeeded	attempt 1 watch=186ms
57870	1789131455356	1	208	chunk-verified	fetch=523ms
57872	1789131455359	1	238	succeeded	attempt 1 watch=227ms
57880	1789131455366	0	123	chunk-verified	fetch=594ms
57897	1789131455383	0	126	chunk-verified	fetch=566ms
57899	1789131455386	0	153	succeeded	attempt 1 watch=196ms
57907	1789131455394	2	749	admit-retried	succeeded after 5 refusals
57907	1789131455394	2	749	admitted	admit=4558ms
57923	1789131455409	1	241	succeeded	attempt 1 watch=254ms
57946	1789131455433	0	129	chunk-verified	fetch=569ms
57954	1789131455441	1	244	succeeded	attempt 1 watch=270ms
57965	1789131455451	0	156	succeeded	attempt 1 watch=198ms
57967	1789131455453	1	211	chunk-verified	fetch=521ms
57980	1789131455466	1	214	chunk-verified	fetch=504ms
58012	1789131455499	0	159	succeeded	attempt 1 watch=233ms
58047	1789131455533	0	162	succeeded	attempt 1 watch=241ms
58069	1789131455556	2	707	admit-retried	succeeded after 6 refusals
58069	1789131455556	2	707	admitted	admit=7254ms
58069	1789131455556	0	132	chunk-verified	fetch=480ms
58072	1789131455558	1	247	succeeded	attempt 1 watch=282ms
58074	1789131455561	0	165	succeeded	attempt 1 watch=253ms
58085	1789131455571	0	135	chunk-verified	fetch=463ms
58095	1789131455582	1	250	succeeded	attempt 1 watch=287ms
58127	1789131455613	0	168	succeeded	attempt 1 watch=286ms
58174	1789131455660	1	253	succeeded	attempt 1 watch=313ms
58181	1789131455668	0	171	succeeded	attempt 1 watch=301ms
58189	1789131455676	1	217	chunk-verified	fetch=581ms
58200	1789131455686	1	256	succeeded	attempt 1 watch=330ms
58205	1789131455691	0	174	succeeded	attempt 1 watch=308ms
58216	1789131455702	2	266	admit-retried	succeeded after 13 refusals
58216	1789131455702	2	266	admitted	admit=42520ms
58252	1789131455739	0	177	succeeded	attempt 1 watch=305ms
58265	1789131455751	0	138	chunk-verified	fetch=547ms
58277	1789131455764	2	35	admit-retried	succeeded after 16 refusals
58277	1789131455764	2	35	admitted	admit=57716ms
58285	1789131455771	0	141	chunk-verified	fetch=540ms
58305	1789131455792	1	220	chunk-verified	fetch=655ms
58311	1789131455797	1	259	succeeded	attempt 1 watch=343ms
58324	1789131455810	1	262	succeeded	attempt 1 watch=343ms
58345	1789131455831	1	223	chunk-verified	fetch=622ms
58347	1789131455834	0	144	chunk-verified	fetch=576ms
58355	1789131455841	0	180	succeeded	attempt 1 watch=285ms
58360	1789131455847	1	226	chunk-verified	fetch=602ms
58371	1789131455857	1	229	chunk-verified	fetch=596ms
58401	1789131455888	0	183	succeeded	attempt 1 watch=316ms
58429	1789131455915	1	232	chunk-verified	fetch=631ms
58451	1789131455938	0	147	chunk-verified	fetch=604ms
58452	1789131455938	2	32	admit-refused	authority refusal LIMIT_EXCEEDED: retained input, output or executor capacity
58459	1789131455945	2	41	admit-refused	authority refusal LIMIT_EXCEEDED: retained input, output or executor capacity
58466	1789131455952	1	235	chunk-verified	fetch=648ms
58469	1789131455955	1	265	succeeded	attempt 1 watch=279ms
58471	1789131455957	0	150	chunk-verified	fetch=603ms
58506	1789131455993	1	268	succeeded	attempt 1 watch=200ms
58527	1789131456014	0	153	chunk-verified	fetch=628ms
58530	1789131456016	1	238	chunk-verified	fetch=657ms
58538	1789131456024	1	241	chunk-verified	fetch=615ms
58540	1789131456027	0	186	succeeded	attempt 1 watch=275ms
58559	1789131456046	1	244	chunk-verified	fetch=604ms
58566	1789131456053	0	189	succeeded	attempt 1 watch=281ms
58581	1789131456068	0	192	succeeded	attempt 1 watch=234ms
58584	1789131456071	1	271	succeeded	attempt 1 watch=239ms
58599	1789131456086	0	156	chunk-verified	fetch=634ms
58614	1789131456100	1	274	succeeded	attempt 1 watch=253ms
58628	1789131456115	1	247	chunk-verified	fetch=556ms
58638	1789131456124	0	159	chunk-verified	fetch=625ms
58645	1789131456132	1	277	succeeded	attempt 1 watch=274ms
58648	1789131456134	0	165	chunk-verified	fetch=573ms
58674	1789131456160	0	162	chunk-verified	fetch=627ms
58676	1789131456163	1	280	succeeded	attempt 1 watch=247ms
58684	1789131456171	0	195	succeeded	attempt 1 watch=233ms
58684	1789131456171	0	168	chunk-verified	fetch=557ms
58687	1789131456173	1	253	chunk-verified	fetch=513ms
58705	1789131456192	1	283	succeeded	attempt 1 watch=239ms
58708	1789131456194	0	198	succeeded	attempt 1 watch=236ms
58718	1789131456204	1	250	chunk-verified	fetch=622ms
58725	1789131456211	0	171	chunk-verified	fetch=543ms
58738	1789131456224	0	201	succeeded	attempt 1 watch=210ms
58738	1789131456224	0	174	chunk-verified	fetch=532ms
58768	1789131456254	0	177	chunk-verified	fetch=515ms
58771	1789131456257	1	256	chunk-verified	fetch=570ms
58776	1789131456262	1	286	succeeded	attempt 1 watch=245ms
58794	1789131456280	0	204	succeeded	attempt 1 watch=194ms
58796	1789131456283	1	289	succeeded	attempt 1 watch=258ms
58804	1789131456290	1	259	chunk-verified	fetch=493ms
58812	1789131456298	1	292	succeeded	attempt 1 watch=252ms
58834	1789131456320	0	207	succeeded	attempt 1 watch=195ms
58850	1789131456336	0	210	succeeded	attempt 1 watch=201ms
58850	1789131456336	0	180	chunk-verified	fetch=494ms
58852	1789131456339	1	262	chunk-verified	fetch=528ms
58855	1789131456341	1	295	succeeded	attempt 1 watch=226ms
58869	1789131456356	0	183	chunk-verified	fetch=468ms
58910	1789131456396	0	216	succeeded	attempt 1 watch=225ms
58930	1789131456416	0	213	succeeded	attempt 1 watch=255ms
58950	1789131456436	1	298	succeeded	attempt 1 watch=262ms
58976	1789131456462	0	219	succeeded	attempt 1 watch=250ms
58997	1789131456483	1	301	succeeded	attempt 1 watch=279ms
59000	1789131456486	0	222	succeeded	attempt 1 watch=261ms
59017	1789131456504	1	304	succeeded	attempt 1 watch=246ms
59042	1789131456528	1	265	chunk-verified	fetch=572ms
59052	1789131456538	1	268	chunk-verified	fetch=545ms
59059	1789131456545	0	225	succeeded	attempt 1 watch=291ms
59076	1789131456562	0	186	chunk-verified	fetch=535ms
59083	1789131456570	1	307	succeeded	attempt 1 watch=279ms
59096	1789131456582	0	192	chunk-verified	fetch=514ms
59122	1789131456608	0	189	chunk-verified	fetch=555ms
59138	1789131456624	0	228	succeeded	attempt 1 watch=287ms
59140	1789131456627	1	310	succeeded	attempt 1 watch=288ms
59156	1789131456642	1	271	chunk-verified	fetch=571ms
59191	1789131456677	0	231	succeeded	attempt 1 watch=321ms
59223	1789131456710	1	277	chunk-verified	fetch=577ms
59238	1789131456724	0	195	chunk-verified	fetch=553ms
59240	1789131456726	1	283	chunk-verified	fetch=534ms
59252	1789131456738	1	274	chunk-verified	fetch=638ms
59262	1789131456749	1	313	succeeded	attempt 1 watch=220ms
59273	1789131456759	1	280	chunk-verified	fetch=596ms
59293	1789131456780	1	316	succeeded	attempt 1 watch=241ms
59293	1789131456780	1	286	chunk-verified	fetch=517ms
59304	1789131456790	0	198	chunk-verified	fetch=596ms
59322	1789131456808	1	289	chunk-verified	fetch=525ms
59332	1789131456818	0	201	chunk-verified	fetch=593ms
59339	1789131456825	0	234	succeeded	attempt 1 watch=263ms
59351	1789131456838	1	292	chunk-verified	fetch=539ms
59366	1789131456852	1	295	chunk-verified	fetch=511ms
59368	1789131456855	0	237	succeeded	attempt 1 watch=272ms
59371	1789131456857	1	319	succeeded	attempt 1 watch=214ms
59380	1789131456867	0	204	chunk-verified	fetch=586ms
59386	1789131456872	1	322	succeeded	attempt 1 watch=162ms
59395	1789131456881	1	298	chunk-verified	fetch=445ms
59411	1789131456897	1	325	succeeded	attempt 1 watch=170ms
59424	1789131456910	0	240	succeeded	attempt 1 watch=301ms
59424	1789131456910	1	301	chunk-verified	fetch=426ms
59439	1789131456926	1	328	succeeded	attempt 1 watch=187ms
59452	1789131456939	0	207	chunk-verified	fetch=618ms
59452	1789131456939	1	304	chunk-verified	fetch=435ms
59462	1789131456949	0	210	chunk-verified	fetch=612ms
59483	1789131456969	0	243	succeeded	attempt 1 watch=245ms
59492	1789131456979	1	331	succeeded	attempt 1 watch=219ms
59503	1789131456989	2	725	admit-retried	succeeded after 6 refusals
59503	1789131456989	2	725	admitted	admit=7631ms
59512	1789131456999	0	246	succeeded	attempt 1 watch=208ms
59515	1789131457001	0	216	chunk-verified	fetch=604ms
59520	1789131457006	1	334	succeeded	attempt 1 watch=226ms
59543	1789131457029	0	249	succeeded	attempt 1 watch=211ms
59546	1789131457032	0	213	chunk-verified	fetch=616ms
59559	1789131457045	2	719	admit-retried	succeeded after 6 refusals
59559	1789131457045	2	719	admitted	admit=7867ms
59562	1789131457048	0	225	chunk-verified	fetch=502ms
59564	1789131457051	1	337	succeeded	attempt 1 watch=242ms
59590	1789131457077	1	307	chunk-verified	fetch=507ms
59598	1789131457084	0	252	succeeded	attempt 1 watch=217ms
59600	1789131457087	1	340	succeeded	attempt 1 watch=248ms
59600	1789131457087	0	219	chunk-verified	fetch=624ms
59615	1789131457101	1	310	chunk-verified	fetch=474ms
59617	1789131457104	0	222	chunk-verified	fetch=617ms
59622	1789131457109	1	343	succeeded	attempt 1 watch=256ms
59660	1789131457147	0	228	chunk-verified	fetch=522ms
59670	1789131457157	0	255	succeeded	attempt 1 watch=218ms
59692	1789131457178	0	258	succeeded	attempt 1 watch=229ms
59697	1789131457183	1	346	succeeded	attempt 1 watch=301ms
59730	1789131457216	2	269	admit-retried	succeeded after 13 refusals
59730	1789131457216	2	269	admitted	admit=43922ms
59735	1789131457221	0	231	chunk-verified	fetch=544ms
59756	1789131457242	1	349	succeeded	attempt 1 watch=331ms
59778	1789131457265	0	261	succeeded	attempt 1 watch=263ms
59781	1789131457268	1	352	succeeded	attempt 1 watch=328ms
59819	1789131457306	0	264	succeeded	attempt 1 watch=273ms
59848	1789131457335	1	313	chunk-verified	fetch=585ms
59853	1789131457340	0	267	succeeded	attempt 1 watch=291ms
59900	1789131457387	0	234	chunk-verified	fetch=561ms
59910	1789131457396	0	270	succeeded	attempt 1 watch=309ms
59913	1789131457399	1	316	chunk-verified	fetch=619ms
59915	1789131457401	1	355	succeeded	attempt 1 watch=324ms
59930	1789131457416	0	273	succeeded	attempt 1 watch=312ms
59950	1789131457436	0	276	succeeded	attempt 1 watch=289ms
59957	1789131457444	1	358	succeeded	attempt 1 watch=342ms
59973	1789131457459	0	240	chunk-verified	fetch=549ms
60001	1789131457488	0	237	chunk-verified	fetch=633ms
60017	1789131457503	1	319	chunk-verified	fetch=646ms
60030	1789131457517	1	322	chunk-verified	fetch=644ms
60035	1789131457521	0	279	succeeded	attempt 1 watch=299ms
60037	1789131457524	1	325	chunk-verified	fetch=626ms
60070	1789131457556	0	243	chunk-verified	fetch=587ms
60093	1789131457579	0	246	chunk-verified	fetch=580ms
60102	1789131457589	0	249	chunk-verified	fetch=559ms
60107	1789131457594	1	361	succeeded	attempt 1 watch=259ms
60117	1789131457604	1	328	chunk-verified	fetch=677ms
60132	1789131457619	1	337	chunk-verified	fetch=567ms
60132	1789131457619	1	364	succeeded	attempt 1 watch=219ms
60140	1789131457626	0	282	succeeded	attempt 1 watch=239ms
60147	1789131457634	1	334	chunk-verified	fetch=627ms
60189	1789131457675	1	331	chunk-verified	fetch=696ms
60198	1789131457684	0	252	chunk-verified	fetch=599ms
60200	1789131457687	1	340	chunk-verified	fetch=599ms
60203	1789131457689	1	367	succeeded	attempt 1 watch=185ms
60215	1789131457702	1	343	chunk-verified	fetch=593ms
60231	1789131457717	1	370	succeeded	attempt 1 watch=200ms
60255	1789131457741	1	346	chunk-verified	fetch=558ms
60262	1789131457749	1	373	succeeded	attempt 1 watch=225ms
60262	1789131457749	0	285	succeeded	attempt 1 watch=289ms
60285	1789131457772	0	255	chunk-verified	fetch=614ms
60288	1789131457774	0	288	succeeded	attempt 1 watch=286ms
60288	1789131457774	0	258	chunk-verified	fetch=596ms
60298	1789131457785	1	349	chunk-verified	fetch=542ms
60319	1789131457806	1	376	succeeded	attempt 1 watch=202ms
60338	1789131457825	1	352	chunk-verified	fetch=557ms
60354	1789131457840	0	291	succeeded	attempt 1 watch=283ms
60367	1789131457853	0	261	chunk-verified	fetch=588ms
60372	1789131457858	0	294	succeeded	attempt 1 watch=279ms
60377	1789131457864	1	379	succeeded	attempt 1 watch=244ms
60397	1789131457883	1	382	succeeded	attempt 1 watch=249ms
60399	1789131457886	0	297	succeeded	attempt 1 watch=296ms
60422	1789131457908	1	385	succeeded	attempt 1 watch=233ms
60432	1789131457919	1	355	chunk-verified	fetch=517ms
60435	1789131457921	0	267	chunk-verified	fetch=581ms
60448	1789131457934	1	388	succeeded	attempt 1 watch=247ms
60450	1789131457937	0	264	chunk-verified	fetch=631ms
60453	1789131457940	0	300	succeeded	attempt 1 watch=255ms
60473	1789131457960	1	358	chunk-verified	fetch=515ms
60476	1789131457962	0	270	chunk-verified	fetch=565ms
60488	1789131457974	0	273	chunk-verified	fetch=557ms
60493	1789131457979	0	276	chunk-verified	fetch=542ms
60495	1789131457982	1	391	succeeded	attempt 1 watch=279ms
60513	1789131458000	0	303	succeeded	attempt 1 watch=228ms
60533	1789131458020	0	306	succeeded	attempt 1 watch=245ms
60536	1789131458022	1	394	succeeded	attempt 1 watch=280ms
60549	1789131458035	0	279	chunk-verified	fetch=513ms
60583	1789131458069	1	397	succeeded	attempt 1 watch=284ms
60600	1789131458086	1	361	chunk-verified	fetch=492ms
60608	1789131458094	0	309	succeeded	attempt 1 watch=240ms
60632	1789131458119	1	400	succeeded	attempt 1 watch=293ms
60673	1789131458160	1	364	chunk-verified	fetch=541ms
60678	1789131458165	0	312	succeeded	attempt 1 watch=243ms
60683	1789131458170	0	282	chunk-verified	fetch=543ms
60707	1789131458193	0	315	succeeded	attempt 1 watch=256ms
60728	1789131458214	1	403	succeeded	attempt 1 watch=295ms
60761	1789131458248	0	318	succeeded	attempt 1 watch=285ms
60786	1789131458272	0	321	succeeded	attempt 1 watch=298ms
60786	1789131458272	1	406	succeeded	attempt 1 watch=312ms
60800	1789131458287	1	367	chunk-verified	fetch=597ms
60810	1789131458296	0	324	succeeded	attempt 1 watch=317ms
60828	1789131458314	0	285	chunk-verified	fetch=565ms
60854	1789131458340	1	370	chunk-verified	fetch=623ms
60888	1789131458374	1	409	succeeded	attempt 1 watch=287ms
60890	1789131458377	0	327	succeeded	attempt 1 watch=341ms
60890	1789131458377	1	373	chunk-verified	fetch=627ms
60930	1789131458417	1	376	chunk-verified	fetch=610ms
60930	1789131458417	0	288	chunk-verified	fetch=642ms
60946	1789131458432	1	379	chunk-verified	fetch=568ms
60948	1789131458434	1	412	succeeded	attempt 1 watch=274ms
60951	1789131458437	0	294	chunk-verified	fetch=578ms
60960	1789131458447	0	297	chunk-verified	fetch=560ms
60970	1789131458457	0	330	succeeded	attempt 1 watch=286ms
60980	1789131458466	0	291	chunk-verified	fetch=626ms
60983	1789131458469	1	382	chunk-verified	fetch=585ms
61007	1789131458493	1	388	chunk-verified	fetch=559ms
61007	1789131458493	1	385	chunk-verified	fetch=584ms
61022	1789131458509	0	300	chunk-verified	fetch=569ms
61025	1789131458511	1	415	succeeded	attempt 1 watch=224ms
61060	1789131458546	1	418	succeeded	attempt 1 watch=205ms
61074	1789131458560	1	391	chunk-verified	fetch=578ms
61097	1789131458583	1	394	chunk-verified	fetch=560ms
61104	1789131458591	0	333	succeeded	attempt 1 watch=276ms
61127	1789131458613	0	303	chunk-verified	fetch=613ms
61135	1789131458621	1	397	chunk-verified	fetch=552ms
61137	1789131458624	1	421	succeeded	attempt 1 watch=246ms
61150	1789131458637	0	306	chunk-verified	fetch=616ms
61163	1789131458649	1	424	succeeded	attempt 1 watch=232ms
61166	1789131458652	0	336	succeeded	attempt 1 watch=235ms
61166	1789131458652	0	309	chunk-verified	fetch=558ms
61178	1789131458665	1	400	chunk-verified	fetch=545ms
61194	1789131458681	0	339	succeeded	attempt 1 watch=243ms
61204	1789131458691	0	312	chunk-verified	fetch=525ms
61217	1789131458703	1	427	succeeded	attempt 1 watch=270ms
61219	1789131458706	0	342	succeeded	attempt 1 watch=258ms
61244	1789131458730	1	430	succeeded	attempt 1 watch=261ms
61261	1789131458748	1	403	chunk-verified	fetch=533ms
61266	1789131458753	0	345	succeeded	attempt 1 watch=286ms
61274	1789131458760	1	433	succeeded	attempt 1 watch=266ms
61283	1789131458770	1	406	chunk-verified	fetch=497ms
61293	1789131458780	0	348	succeeded	attempt 1 watch=271ms
61299	1789131458785	1	436	succeeded	attempt 1 watch=291ms
61314	1789131458801	0	315	chunk-verified	fetch=607ms
61325	1789131458811	0	321	chunk-verified	fetch=539ms
61340	1789131458827	0	324	chunk-verified	fetch=530ms
61357	1789131458844	0	351	succeeded	attempt 1 watch=230ms
61383	1789131458869	0	318	chunk-verified	fetch=621ms
61383	1789131458869	1	439	succeeded	attempt 1 watch=308ms
61385	1789131458872	0	327	chunk-verified	fetch=494ms
61389	1789131458875	0	354	succeeded	attempt 1 watch=238ms
61408	1789131458894	1	442	succeeded	attempt 1 watch=311ms
61410	1789131458897	0	357	succeeded	attempt 1 watch=244ms
61423	1789131458910	1	445	succeeded	attempt 1 watch=288ms
61436	1789131458923	1	409	chunk-verified	fetch=548ms
61477	1789131458964	0	360	succeeded	attempt 1 watch=273ms
61495	1789131458981	1	448	succeeded	attempt 1 watch=316ms
61502	1789131458989	1	412	chunk-verified	fetch=554ms
61552	1789131459039	0	330	chunk-verified	fetch=582ms
61580	1789131459067	1	451	succeeded	attempt 1 watch=318ms
61583	1789131459069	0	363	succeeded	attempt 1 watch=268ms
61601	1789131459088	1	454	succeeded	attempt 1 watch=318ms
61604	1789131459090	0	366	succeeded	attempt 1 watch=278ms
61622	1789131459108	0	369	succeeded	attempt 1 watch=281ms
61632	1789131459119	0	333	chunk-verified	fetch=528ms
61665	1789131459152	0	372	succeeded	attempt 1 watch=282ms
61678	1789131459165	0	375	succeeded	attempt 1 watch=292ms
61683	1789131459170	1	418	chunk-verified	fetch=623ms
61721	1789131459207	1	415	chunk-verified	fetch=695ms
61723	1789131459210	1	457	succeeded	attempt 1 watch=287ms
61764	1789131459251	1	421	chunk-verified	fetch=626ms
61767	1789131459253	0	336	chunk-verified	fetch=600ms
61782	1789131459268	1	460	succeeded	attempt 1 watch=279ms
61782	1789131459268	0	378	succeeded	attempt 1 watch=229ms
61782	1789131459268	1	424	chunk-verified	fetch=618ms
61784	1789131459271	0	342	chunk-verified	fetch=564ms
61801	1789131459287	0	345	chunk-verified	fetch=534ms
61815	1789131459302	1	427	chunk-verified	fetch=598ms
61818	1789131459304	0	348	chunk-verified	fetch=524ms
61829	1789131459316	1	430	chunk-verified	fetch=585ms
61832	1789131459318	0	339	chunk-verified	fetch=637ms
61854	1789131459341	1	463	succeeded	attempt 1 watch=170ms
61855	1789131459341	1	445	admit-refused	stalled read ordinal 445
61857	1789131459343	0	381	succeeded	attempt 1 watch=224ms
61880	1789131459366	1	433	chunk-verified	fetch=606ms
61887	1789131459374	1	466	succeeded	attempt 1 watch=166ms
61888	1789131459374	1	442	chunk-verified	fetch=479ms
61901	1789131459387	0	351	chunk-verified	fetch=543ms
61903	1789131459390	1	436	chunk-verified	fetch=604ms
61923	1789131459410	1	439	chunk-verified	fetch=540ms
61953	1789131459439	1	469	succeeded	attempt 1 watch=188ms
61958	1789131459444	0	384	succeeded	attempt 1 watch=191ms
61968	1789131459455	0	354	chunk-verified	fetch=579ms
61975	1789131459462	1	448	chunk-verified	fetch=480ms
61980	1789131459467	0	357	chunk-verified	fetch=570ms
62002	1789131459489	1	472	succeeded	attempt 1 watch=220ms
62005	1789131459491	0	360	chunk-verified	fetch=527ms
62007	1789131459494	0	387	succeeded	attempt 1 watch=223ms
62029	1789131459515	1	475	succeeded	attempt 1 watch=213ms
62031	1789131459518	0	390	succeeded	attempt 1 watch=230ms
62047	1789131459533	1	451	chunk-verified	fetch=466ms
62052	1789131459538	0	393	succeeded	attempt 1 watch=234ms
62057	1789131459543	1	478	succeeded	attempt 1 watch=227ms
62060	1789131459546	1	454	chunk-verified	fetch=458ms
62077	1789131459563	0	396	succeeded	attempt 1 watch=245ms
62079	1789131459566	0	363	chunk-verified	fetch=496ms
62089	1789131459575	0	366	chunk-verified	fetch=485ms
62104	1789131459590	1	481	succeeded	attempt 1 watch=223ms
62104	1789131459590	0	369	chunk-verified	fetch=481ms
62126	1789131459613	0	399	succeeded	attempt 1 watch=225ms
62126	1789131459613	0	372	chunk-verified	fetch=461ms
62139	1789131459626	1	484	succeeded	attempt 1 watch=251ms
62163	1789131459649	1	487	succeeded	attempt 1 watch=259ms
62168	1789131459655	0	375	chunk-verified	fetch=489ms
62174	1789131459660	0	402	succeeded	attempt 1 watch=205ms
62199	1789131459686	1	490	succeeded	attempt 1 watch=275ms
62205	1789131459691	1	457	chunk-verified	fetch=481ms
62205	1789131459691	0	405	succeeded	attempt 1 watch=224ms
62230	1789131459716	0	408	succeeded	attempt 1 watch=224ms
62244	1789131459731	0	378	chunk-verified	fetch=462ms
62251	1789131459738	1	493	succeeded	attempt 1 watch=276ms
62287	1789131459774	1	460	chunk-verified	fetch=505ms
62316	1789131459802	1	496	succeeded	attempt 1 watch=268ms
62339	1789131459825	0	411	succeeded	attempt 1 watch=259ms
62353	1789131459840	0	414	succeeded	attempt 1 watch=264ms
62356	1789131459842	1	499	succeeded	attempt 1 watch=296ms
62379	1789131459865	0	417	succeeded	attempt 1 watch=275ms
62391	1789131459878	0	381	chunk-verified	fetch=534ms
62394	1789131459880	1	463	chunk-verified	fetch=539ms
62396	1789131459883	0	420	succeeded	attempt 1 watch=269ms
62407	1789131459893	1	466	chunk-verified	fetch=519ms
62428	1789131459914	0	423	succeeded	attempt 1 watch=259ms
62430	1789131459917	1	502	succeeded	attempt 1 watch=225ms
62472	1789131459958	0	384	chunk-verified	fetch=513ms
62495	1789131459981	1	469	chunk-verified	fetch=541ms
62507	1789131459993	1	472	chunk-verified	fetch=504ms
62512	1789131459998	1	505	succeeded	attempt 1 watch=224ms
62522	1789131460008	0	426	succeeded	attempt 1 watch=277ms
62540	1789131460026	1	445	chunk-verified	fetch=1116ms
62555	1789131460041	0	387	chunk-verified	fetch=547ms
62560	1789131460047	1	475	chunk-verified	fetch=531ms
62581	1789131460067	0	390	chunk-verified	fetch=549ms
62586	1789131460072	1	508	succeeded	attempt 1 watch=192ms
62589	1789131460075	1	478	chunk-verified	fetch=531ms
62604	1789131460091	0	393	chunk-verified	fetch=552ms
62607	1789131460093	1	511	succeeded	attempt 1 watch=200ms
62612	1789131460098	1	481	chunk-verified	fetch=508ms
62635	1789131460121	0	396	chunk-verified	fetch=557ms
62637	1789131460124	1	484	chunk-verified	fetch=497ms
62640	1789131460126	0	429	succeeded	attempt 1 watch=248ms
62660	1789131460146	1	487	chunk-verified	fetch=496ms
62660	1789131460146	1	514	succeeded	attempt 1 watch=165ms
62675	1789131460161	1	490	chunk-verified	fetch=475ms
62688	1789131460174	1	517	succeeded	attempt 1 watch=180ms
62708	1789131460194	0	399	chunk-verified	fetch=581ms
62711	1789131460197	1	493	chunk-verified	fetch=459ms
62716	1789131460202	0	432	succeeded	attempt 1 watch=244ms
62724	1789131460210	0	402	chunk-verified	fetch=550ms
62744	1789131460230	1	520	succeeded	attempt 1 watch=204ms
62747	1789131460233	0	405	chunk-verified	fetch=541ms
62759	1789131460245	0	408	chunk-verified	fetch=529ms
62773	1789131460259	1	523	succeeded	attempt 1 watch=212ms
62778	1789131460265	0	435	succeeded	attempt 1 watch=223ms
62784	1789131460270	1	496	chunk-verified	fetch=467ms
62788	1789131460275	0	411	chunk-verified	fetch=449ms
62794	1789131460280	1	526	succeeded	attempt 1 watch=205ms
62796	1789131460283	0	438	succeeded	attempt 1 watch=215ms
62815	1789131460301	1	499	chunk-verified	fetch=459ms
62823	1789131460309	0	441	succeeded	attempt 1 watch=218ms
62846	1789131460333	0	414	chunk-verified	fetch=493ms
62846	1789131460333	0	444	succeeded	attempt 1 watch=211ms
62862	1789131460349	1	529	succeeded	attempt 1 watch=250ms
62876	1789131460363	0	417	chunk-verified	fetch=497ms
62886	1789131460372	1	532	succeeded	attempt 1 watch=248ms
62889	1789131460375	0	447	succeeded	attempt 1 watch=180ms
62901	1789131460387	0	420	chunk-verified	fetch=504ms
62903	1789131460390	1	502	chunk-verified	fetch=473ms
62918	1789131460405	1	535	succeeded	attempt 1 watch=258ms
62921	1789131460407	0	423	chunk-verified	fetch=493ms
62944	1789131460430	0	450	succeeded	attempt 1 watch=219ms
62960	1789131460446	1	538	succeeded	attempt 1 watch=284ms
62962	1789131460449	0	453	succeeded	attempt 1 watch=215ms
62988	1789131460474	0	456	succeeded	attempt 1 watch=229ms
63005	1789131460491	0	426	chunk-verified	fetch=482ms
63012	1789131460499	1	541	succeeded	attempt 1 watch=301ms
63031	1789131460517	0	459	succeeded	attempt 1 watch=242ms
63041	1789131460528	1	505	chunk-verified	fetch=529ms
63068	1789131460554	1	544	succeeded	attempt 1 watch=284ms
63089	1789131460575	0	462	succeeded	attempt 1 watch=242ms
63110	1789131460596	1	547	succeeded	attempt 1 watch=294ms
63135	1789131460621	0	465	succeeded	attempt 1 watch=258ms
63156	1789131460643	1	508	chunk-verified	fetch=570ms
63161	1789131460648	0	429	chunk-verified	fetch=521ms
63183	1789131460670	1	511	chunk-verified	fetch=576ms
63196	1789131460683	0	468	succeeded	attempt 1 watch=295ms
63196	1789131460683	1	550	succeeded	attempt 1 watch=292ms
63217	1789131460704	0	471	succeeded	attempt 1 watch=296ms
63249	1789131460736	0	432	chunk-verified	fetch=533ms
63257	1789131460743	1	514	chunk-verified	fetch=597ms
63287	1789131460773	1	517	chunk-verified	fetch=599ms
63292	1789131460779	1	553	succeeded	attempt 1 watch=250ms
63295	1789131460781	1	520	chunk-verified	fetch=551ms
63320	1789131460807	1	523	chunk-verified	fetch=547ms
63338	1789131460824	0	474	succeeded	attempt 1 watch=333ms
63353	1789131460840	1	526	chunk-verified	fetch=559ms
63363	1789131460849	1	529	chunk-verified	fetch=500ms
63368	1789131460855	1	556	succeeded	attempt 1 watch=211ms
63381	1789131460867	0	435	chunk-verified	fetch=602ms
63397	1789131460883	0	438	chunk-verified	fetch=600ms
63402	1789131460889	1	532	chunk-verified	fetch=516ms
63402	1789131460889	1	559	succeeded	attempt 1 watch=218ms
63432	1789131460918	0	441	chunk-verified	fetch=608ms
63445	1789131460931	0	444	chunk-verified	fetch=598ms
63453	1789131460939	1	562	succeeded	attempt 1 watch=195ms
63455	1789131460942	0	477	succeeded	attempt 1 watch=293ms
63469	1789131460956	1	535	chunk-verified	fetch=550ms
63476	1789131460963	1	565	succeeded	attempt 1 watch=189ms
63484	1789131460970	1	538	chunk-verified	fetch=524ms
63499	1789131460985	1	541	chunk-verified	fetch=486ms
63519	1789131461005	0	447	chunk-verified	fetch=630ms
63534	1789131461021	1	568	succeeded	attempt 1 watch=239ms
63540	1789131461026	0	480	succeeded	attempt 1 watch=290ms
63553	1789131461039	0	450	chunk-verified	fetch=609ms
63573	1789131461060	1	571	succeeded	attempt 1 watch=253ms
63573	1789131461060	0	453	chunk-verified	fetch=611ms
63586	1789131461072	0	456	chunk-verified	fetch=597ms
63600	1789131461087	1	574	succeeded	attempt 1 watch=247ms
63610	1789131461096	0	459	chunk-verified	fetch=579ms
63613	1789131461099	0	483	succeeded	attempt 1 watch=231ms
63623	1789131461109	1	544	chunk-verified	fetch=555ms
63626	1789131461112	1	577	succeeded	attempt 1 watch=262ms
63628	1789131461115	0	486	succeeded	attempt 1 watch=231ms
63641	1789131461128	1	547	chunk-verified	fetch=531ms
63656	1789131461142	0	489	succeeded	attempt 1 watch=223ms
63676	1789131461163	0	462	chunk-verified	fetch=587ms
63684	1789131461171	2	32	admit-retried	succeeded after 17 refusals
63684	1789131461171	2	32	admitted	admit=63124ms
63689	1789131461176	0	492	succeeded	attempt 1 watch=244ms
63695	1789131461181	1	580	succeeded	attempt 1 watch=292ms
63700	1789131461186	0	465	chunk-verified	fetch=565ms
63748	1789131461234	1	550	chunk-verified	fetch=551ms
63753	1789131461239	0	495	succeeded	attempt 1 watch=233ms
63755	1789131461242	2	41	admit-retried	succeeded after 17 refusals
63755	1789131461242	2	41	admitted	admit=63195ms
63768	1789131461255	0	468	chunk-verified	fetch=571ms
63776	1789131461262	1	583	succeeded	attempt 1 watch=306ms
63778	1789131461264	2	5	succeeded	attempt 1 watch=22ms
63786	1789131461272	0	471	chunk-verified	fetch=568ms
63801	1789131461287	2	11	succeeded	attempt 1 watch=45ms
63811	1789131461298	0	498	succeeded	attempt 1 watch=258ms
63822	1789131461308	1	586	succeeded	attempt 1 watch=337ms
63827	1789131461314	2	14	succeeded	attempt 1 watch=71ms
63848	1789131461335	0	501	succeeded	attempt 1 watch=274ms
63861	1789131461348	1	589	succeeded	attempt 1 watch=362ms
63864	1789131461350	2	20	succeeded	attempt 1 watch=108ms
63884	1789131461370	1	553	chunk-verified	fetch=591ms
63889	1789131461375	0	504	succeeded	attempt 1 watch=303ms
63904	1789131461390	2	23	succeeded	attempt 1 watch=148ms
63924	1789131461411	0	507	succeeded	attempt 1 watch=314ms
63929	1789131461415	0	474	chunk-verified	fetch=591ms
63939	1789131461425	2	2	succeeded	attempt 1 watch=183ms
63959	1789131461445	2	35	succeeded	attempt 1 watch=203ms
63979	1789131461465	2	44	succeeded	attempt 1 watch=223ms
64000	1789131461486	1	592	succeeded	attempt 1 watch=377ms
64005	1789131461491	2	26	succeeded	attempt 1 watch=249ms
64033	1789131461520	2	38	succeeded	attempt 1 watch=277ms
64039	1789131461525	0	510	succeeded	attempt 1 watch=362ms
64061	1789131461548	0	513	succeeded	attempt 1 watch=361ms
64061	1789131461548	1	595	succeeded	attempt 1 watch=419ms
64099	1789131461586	2	29	succeeded	attempt 1 watch=343ms
64112	1789131461599	1	598	succeeded	attempt 1 watch=364ms
64128	1789131461614	2	8	succeeded	attempt 1 watch=372ms
64131	1789131461617	1	556	chunk-verified	fetch=762ms
64144	1789131461630	0	516	succeeded	attempt 1 watch=375ms
64144	1789131461630	0	477	chunk-verified	fetch=688ms
64159	1789131461645	1	559	chunk-verified	fetch=756ms
64176	1789131461662	0	519	succeeded	attempt 1 watch=389ms
64183	1789131461669	2	47	succeeded	attempt 1 watch=427ms
64186	1789131461672	1	565	chunk-verified	fetch=709ms
64210	1789131461697	1	562	chunk-verified	fetch=757ms
64220	1789131461706	2	17	succeeded	attempt 1 watch=464ms
64220	1789131461706	0	480	chunk-verified	fetch=680ms
64232	1789131461719	1	601	succeeded	attempt 1 watch=348ms
64282	1789131461768	1	568	chunk-verified	fetch=747ms
64312	1789131461798	1	577	chunk-verified	fetch=686ms
64327	1789131461813	0	522	succeeded	attempt 1 watch=397ms
64329	1789131461815	1	571	chunk-verified	fetch=755ms
64349	1789131461836	1	574	chunk-verified	fetch=748ms
64359	1789131461845	1	604	succeeded	attempt 1 watch=228ms
64364	1789131461850	0	486	chunk-verified	fetch=735ms
64383	1789131461869	1	580	chunk-verified	fetch=688ms
64383	1789131461869	0	489	chunk-verified	fetch=727ms
64388	1789131461874	1	607	succeeded	attempt 1 watch=229ms
64411	1789131461897	0	483	chunk-verified	fetch=798ms
64411	1789131461897	1	610	succeeded	attempt 1 watch=225ms
64414	1789131461900	1	583	chunk-verified	fetch=637ms
64437	1789131461923	0	525	succeeded	attempt 1 watch=293ms
64441	1789131461928	1	613	succeeded	attempt 1 watch=230ms
64449	1789131461935	1	586	chunk-verified	fetch=626ms
64454	1789131461940	0	492	chunk-verified	fetch=764ms
64476	1789131461963	1	589	chunk-verified	fetch=614ms
64504	1789131461991	0	495	chunk-verified	fetch=751ms
64507	1789131461993	0	528	succeeded	attempt 1 watch=286ms
64509	1789131461996	1	616	succeeded	attempt 1 watch=227ms
64526	1789131462012	0	498	chunk-verified	fetch=714ms
64531	1789131462017	1	592	chunk-verified	fetch=530ms
64540	1789131462027	1	619	succeeded	attempt 1 watch=228ms
64555	1789131462042	0	507	chunk-verified	fetch=631ms
64561	1789131462047	0	501	chunk-verified	fetch=712ms
64566	1789131462053	1	595	chunk-verified	fetch=505ms
64581	1789131462068	1	622	succeeded	attempt 1 watch=252ms
64584	1789131462070	0	504	chunk-verified	fetch=695ms
64586	1789131462073	0	531	succeeded	attempt 1 watch=222ms
64609	1789131462096	1	625	succeeded	attempt 1 watch=259ms
64612	1789131462098	0	534	succeeded	attempt 1 watch=229ms
64616	1789131462103	2	41	succeeded	attempt 1 watch=860ms
64626	1789131462113	0	510	chunk-verified	fetch=587ms
64646	1789131462133	0	537	succeeded	attempt 1 watch=235ms
64649	1789131462135	1	598	chunk-verified	fetch=536ms
64652	1789131462138	2	32	succeeded	attempt 1 watch=896ms
64669	1789131462156	0	513	chunk-verified	fetch=608ms
64680	1789131462166	1	628	succeeded	attempt 1 watch=297ms
64682	1789131462168	0	516	chunk-verified	fetch=538ms
64708	1789131462195	0	540	succeeded	attempt 1 watch=254ms
64724	1789131462211	2	23	admit-refused	stalled read ordinal 23
64724	1789131462211	2	2	admit-refused	stalled read ordinal 2
64724	1789131462211	2	35	admit-refused	stalled read ordinal 35
64725	1789131462211	2	44	admit-refused	stalled read ordinal 44
64725	1789131462211	2	26	admit-refused	stalled read ordinal 26
64725	1789131462212	2	38	admit-refused	stalled read ordinal 38
64726	1789131462212	2	29	admit-refused	stalled read ordinal 29
64726	1789131462212	2	8	admit-refused	stalled read ordinal 8
64739	1789131462226	0	543	succeeded	attempt 1 watch=234ms
64769	1789131462255	0	519	chunk-verified	fetch=592ms
64769	1789131462255	1	631	succeeded	attempt 1 watch=354ms
64771	1789131462257	2	14	first-usable-output	
64771	1789131462257	2	14	chunk-verified	fetch=943ms
64796	1789131462283	2	47	admit-refused	stalled read ordinal 47
64797	1789131462283	2	17	admit-refused	stalled read ordinal 17
64797	1789131462283	2	41	admit-refused	stalled read ordinal 41
64798	1789131462285	2	11	chunk-verified	fetch=997ms
64801	1789131462287	0	546	succeeded	attempt 1 watch=275ms
64815	1789131462301	2	50	succeeded	attempt 1 watch=43ms
64815	1789131462302	2	32	admit-refused	stalled read ordinal 32
64820	1789131462306	2	5	chunk-verified	fetch=1041ms
64833	1789131462319	0	549	succeeded	attempt 1 watch=277ms
64838	1789131462325	1	634	succeeded	attempt 1 watch=389ms
64854	1789131462341	2	20	chunk-verified	fetch=990ms
64859	1789131462346	0	522	chunk-verified	fetch=532ms
64862	1789131462348	2	53	succeeded	attempt 1 watch=63ms
64872	1789131462359	1	637	succeeded	attempt 1 watch=396ms
64880	1789131462366	0	552	succeeded	attempt 1 watch=319ms
64885	1789131462371	1	601	chunk-verified	fetch=652ms
64907	1789131462394	0	555	succeeded	attempt 1 watch=323ms
64915	1789131462402	2	56	succeeded	attempt 1 watch=95ms
64936	1789131462422	1	640	succeeded	attempt 1 watch=405ms
64941	1789131462428	2	59	succeeded	attempt 1 watch=86ms
64957	1789131462443	1	643	succeeded	attempt 1 watch=390ms
64978	1789131462465	0	558	succeeded	attempt 1 watch=351ms
64995	1789131462481	2	2	admit-refused	stalled read ordinal 2
64996	1789131462482	2	26	admit-refused	stalled read ordinal 26
64996	1789131462482	2	38	admit-refused	stalled read ordinal 38
64996	1789131462482	2	29	admit-refused	stalled read ordinal 29
64996	1789131462483	2	8	admit-refused	stalled read ordinal 8
65014	1789131462501	2	50	chunk-verified	fetch=199ms
65030	1789131462517	2	53	admit-refused	stalled read ordinal 53
65031	1789131462517	2	17	admit-refused	stalled read ordinal 17
65031	1789131462517	2	47	admit-refused	stalled read ordinal 47
65031	1789131462518	2	41	admit-refused	stalled read ordinal 41
65031	1789131462518	2	56	admit-refused	stalled read ordinal 56
65032	1789131462518	2	32	admit-refused	stalled read ordinal 32
65047	1789131462534	2	44	chunk-verified	fetch=1068ms
65057	1789131462544	1	646	succeeded	attempt 1 watch=408ms
65062	1789131462549	2	23	chunk-verified	fetch=1158ms
65062	1789131462549	0	561	succeeded	attempt 1 watch=392ms
65062	1789131462549	2	62	succeeded	attempt 1 watch=47ms
65063	1789131462549	2	59	admit-refused	stalled read ordinal 59
65086	1789131462573	2	35	chunk-verified	fetch=1127ms
65086	1789131462573	0	564	succeeded	attempt 1 watch=404ms
65086	1789131462573	2	65	succeeded	attempt 1 watch=38ms
65094	1789131462580	1	604	chunk-verified	fetch=734ms
65109	1789131462596	0	525	chunk-verified	fetch=672ms
65128	1789131462614	1	607	chunk-verified	fetch=739ms
65128	1789131462614	2	68	succeeded	attempt 1 watch=65ms
65150	1789131462636	1	610	chunk-verified	fetch=738ms
65170	1789131462656	1	613	chunk-verified	fetch=728ms
65191	1789131462677	0	567	succeeded	attempt 1 watch=421ms
65196	1789131462682	1	649	succeeded	attempt 1 watch=310ms
65201	1789131462688	0	528	chunk-verified	fetch=694ms
65219	1789131462706	2	71	succeeded	attempt 1 watch=133ms
65268	1789131462754	1	616	chunk-verified	fetch=758ms
65281	1789131462767	2	53	admit-refused	stalled read ordinal 53
65281	1789131462767	2	59	admit-refused	stalled read ordinal 59
65281	1789131462768	2	26	admit-refused	stalled read ordinal 26
65281	1789131462768	2	2	admit-refused	stalled read ordinal 2
65282	1789131462768	2	38	admit-refused	stalled read ordinal 38
65282	1789131462768	2	8	admit-refused	stalled read ordinal 8
65282	1789131462769	2	29	admit-refused	stalled read ordinal 29
65282	1789131462769	2	71	admit-refused	stalled read ordinal 71
65283	1789131462769	2	32	admit-refused	stalled read ordinal 32
65283	1789131462769	2	47	admit-refused	stalled read ordinal 47
65283	1789131462770	2	17	admit-refused	stalled read ordinal 17
65283	1789131462770	2	41	admit-refused	stalled read ordinal 41
65289	1789131462776	0	570	succeeded	attempt 1 watch=429ms
65320	1789131462806	1	619	chunk-verified	fetch=779ms
65337	1789131462823	1	622	chunk-verified	fetch=755ms
65352	1789131462838	2	62	chunk-verified	fetch=289ms
65360	1789131462846	1	628	chunk-verified	fetch=679ms
65360	1789131462847	1	652	succeeded	attempt 1 watch=266ms
65367	1789131462854	2	65	chunk-verified	fetch=280ms
65385	1789131462871	1	655	succeeded	attempt 1 watch=257ms
65385	1789131462871	2	74	succeeded	attempt 1 watch=33ms
65397	1789131462883	2	68	chunk-verified	fetch=269ms
65397	1789131462883	1	625	chunk-verified	fetch=787ms
65405	1789131462891	0	531	chunk-verified	fetch=818ms
65410	1789131462897	1	631	chunk-verified	fetch=641ms
65413	1789131462899	2	77	succeeded	attempt 1 watch=45ms
65424	1789131462910	1	658	succeeded	attempt 1 watch=273ms
65432	1789131462918	0	537	chunk-verified	fetch=785ms
65432	1789131462918	2	56	chunk-verified	fetch=516ms
65460	1789131462946	1	661	succeeded	attempt 1 watch=289ms
65460	1789131462946	0	534	chunk-verified	fetch=848ms
65465	1789131462951	1	634	chunk-verified	fetch=626ms
65480	1789131462967	0	573	succeeded	attempt 1 watch=370ms
65483	1789131462969	2	80	succeeded	attempt 1 watch=85ms
65515	1789131463002	1	664	succeeded	attempt 1 watch=247ms
65532	1789131463019	0	540	chunk-verified	fetch=823ms
65537	1789131463024	1	637	chunk-verified	fetch=664ms
65540	1789131463026	2	71	chunk-verified	fetch=320ms
65554	1789131463041	2	83	succeeded	attempt 1 watch=122ms
65554	1789131463041	0	576	succeeded	attempt 1 watch=353ms
65557	1789131463043	1	667	succeeded	attempt 1 watch=236ms
65557	1789131463043	0	543	chunk-verified	fetch=817ms
65567	1789131463054	1	643	chunk-verified	fetch=610ms
65586	1789131463072	1	646	chunk-verified	fetch=528ms
65603	1789131463090	1	670	succeeded	attempt 1 watch=266ms
65606	1789131463092	1	640	chunk-verified	fetch=669ms
65610	1789131463097	0	546	chunk-verified	fetch=809ms
65622	1789131463109	2	86	succeeded	attempt 1 watch=82ms
65627	1789131463114	0	579	succeeded	attempt 1 watch=222ms
65637	1789131463123	1	673	succeeded	attempt 1 watch=277ms
65637	1789131463123	0	552	chunk-verified	fetch=757ms
65651	1789131463137	2	80	admit-refused	stalled read ordinal 80
65662	1789131463149	0	555	chunk-verified	fetch=755ms
65670	1789131463156	0	582	succeeded	attempt 1 watch=238ms
65675	1789131463161	2	74	chunk-verified	fetch=289ms
65675	1789131463162	2	83	admit-refused	stalled read ordinal 83
65675	1789131463162	2	86	admit-refused	stalled read ordinal 86
65684	1789131463171	0	561	chunk-verified	fetch=622ms
65703	1789131463189	2	89	succeeded	attempt 1 watch=27ms
65705	1789131463191	0	585	succeeded	attempt 1 watch=245ms
65706	1789131463193	2	32	admit-refused	stalled read ordinal 32
65706	1789131463193	2	38	admit-refused	stalled read ordinal 38
65710	1789131463197	0	558	chunk-verified	fetch=732ms
65715	1789131463202	2	77	chunk-verified	fetch=302ms
65726	1789131463212	0	549	chunk-verified	fetch=892ms
65729	1789131463215	2	8	admit-refused	stalled read ordinal 8
65729	1789131463216	2	2	admit-refused	stalled read ordinal 2
65729	1789131463216	2	26	admit-refused	stalled read ordinal 26
65730	1789131463216	2	29	admit-refused	stalled read ordinal 29
65730	1789131463216	2	41	admit-refused	stalled read ordinal 41
65730	1789131463216	2	17	admit-refused	stalled read ordinal 17
65730	1789131463217	2	47	admit-refused	stalled read ordinal 47
65734	1789131463220	1	676	succeeded	attempt 1 watch=336ms
65759	1789131463246	2	92	succeeded	attempt 1 watch=43ms
65760	1789131463246	2	89	admit-refused	stalled read ordinal 89
65774	1789131463260	0	564	chunk-verified	fetch=687ms
65782	1789131463268	0	588	succeeded	attempt 1 watch=249ms
65797	1789131463283	0	567	chunk-verified	fetch=606ms
65797	1789131463284	2	80	admit-refused	stalled read ordinal 80
65798	1789131463284	2	92	admit-refused	stalled read ordinal 92
65798	1789131463284	2	86	admit-refused	stalled read ordinal 86
65798	1789131463285	2	83	admit-refused	stalled read ordinal 83
65804	1789131463290	1	679	succeeded	attempt 1 watch=393ms
65816	1789131463302	0	591	succeeded	attempt 1 watch=259ms
65861	1789131463347	1	682	succeeded	attempt 1 watch=395ms
65863	1789131463349	2	89	admit-refused	stalled read ordinal 89
65869	1789131463355	0	594	succeeded	attempt 1 watch=258ms
65881	1789131463367	1	649	chunk-verified	fetch=684ms
65894	1789131463380	0	570	chunk-verified	fetch=604ms
65902	1789131463388	2	92	admit-refused	stalled read ordinal 92
65906	1789131463392	2	53	chunk-verified	fetch=1044ms
65936	1789131463422	1	685	succeeded	attempt 1 watch=398ms
65938	1789131463425	0	597	succeeded	attempt 1 watch=301ms
65938	1789131463425	2	59	chunk-verified	fetch=997ms
65946	1789131463433	2	95	succeeded	attempt 1 watch=40ms
65969	1789131463455	0	600	succeeded	attempt 1 watch=306ms
65974	1789131463461	2	98	succeeded	attempt 1 watch=35ms
65987	1789131463474	1	688	succeeded	attempt 1 watch=419ms
66019	1789131463506	1	691	succeeded	attempt 1 watch=433ms
66022	1789131463508	0	603	succeeded	attempt 1 watch=337ms
66045	1789131463531	2	83	admit-refused	stalled read ordinal 83
66065	1789131463552	2	89	admit-refused	stalled read ordinal 89
66070	1789131463556	0	606	succeeded	attempt 1 watch=359ms
66075	1789131463561	1	694	succeeded	attempt 1 watch=469ms
66093	1789131463579	0	609	succeeded	attempt 1 watch=367ms
66105	1789131463591	2	92	admit-refused	stalled read ordinal 92
66114	1789131463601	0	612	succeeded	attempt 1 watch=340ms
66143	1789131463629	0	573	chunk-verified	fetch=662ms
66145	1789131463632	1	655	chunk-verified	fetch=760ms
66153	1789131463640	1	658	chunk-verified	fetch=729ms
66171	1789131463658	0	615	succeeded	attempt 1 watch=374ms
66184	1789131463670	1	652	chunk-verified	fetch=823ms
66203	1789131463690	1	661	chunk-verified	fetch=743ms
66216	1789131463702	1	697	succeeded	attempt 1 watch=334ms
66216	1789131463702	2	95	chunk-verified	fetch=269ms
66240	1789131463727	2	98	chunk-verified	fetch=266ms
66253	1789131463740	2	101	succeeded	attempt 1 watch=37ms
66267	1789131463754	0	576	chunk-verified	fetch=713ms
66273	1789131463759	1	664	chunk-verified	fetch=757ms
66275	1789131463762	2	80	chunk-verified	fetch=792ms
66283	1789131463770	0	618	succeeded	attempt 1 watch=389ms
66289	1789131463775	2	104	succeeded	attempt 1 watch=48ms
66294	1789131463780	0	579	chunk-verified	fetch=666ms
66307	1789131463794	1	667	chunk-verified	fetch=750ms
66307	1789131463794	2	86	chunk-verified	fetch=685ms
66367	1789131463854	2	107	succeeded	attempt 1 watch=91ms
66372	1789131463858	1	670	chunk-verified	fetch=768ms
66392	1789131463879	1	700	succeeded	attempt 1 watch=246ms
66410	1789131463896	0	582	chunk-verified	fetch=740ms
66437	1789131463923	2	110	succeeded	attempt 1 watch=129ms
66442	1789131463928	1	673	chunk-verified	fetch=804ms
66450	1789131463936	1	703	succeeded	attempt 1 watch=296ms
66450	1789131463936	0	585	chunk-verified	fetch=744ms
66478	1789131463964	1	676	chunk-verified	fetch=743ms
66483	1789131463970	1	706	succeeded	attempt 1 watch=299ms
66501	1789131463987	1	682	chunk-verified	fetch=639ms
66510	1789131463997	2	83	admit-refused	stalled read ordinal 83
66510	1789131463997	2	89	admit-refused	stalled read ordinal 89
66511	1789131463997	1	709	succeeded	attempt 1 watch=307ms
66511	1789131463997	2	92	admit-refused	stalled read ordinal 92
66511	1789131463997	2	38	admit-refused	stalled read ordinal 38
66511	1789131463998	2	32	admit-refused	stalled read ordinal 32
66526	1789131464012	1	679	chunk-verified	fetch=721ms
66534	1789131464021	2	41	admit-refused	stalled read ordinal 41
66534	1789131464021	2	2	admit-refused	stalled read ordinal 2
66535	1789131464021	2	8	admit-refused	stalled read ordinal 8
66535	1789131464021	2	29	admit-refused	stalled read ordinal 29
66535	1789131464021	2	26	admit-refused	stalled read ordinal 26
66535	1789131464022	2	47	admit-refused	stalled read ordinal 47
66535	1789131464022	2	17	admit-refused	stalled read ordinal 17
66544	1789131464031	0	621	succeeded	attempt 1 watch=401ms
66566	1789131464052	1	712	succeeded	attempt 1 watch=292ms
66579	1789131464065	2	101	chunk-verified	fetch=325ms
66584	1789131464071	1	685	chunk-verified	fetch=648ms
66602	1789131464089	2	104	chunk-verified	fetch=313ms
66613	1789131464099	1	715	succeeded	attempt 1 watch=305ms
66615	1789131464102	0	588	chunk-verified	fetch=833ms
66618	1789131464104	0	624	succeeded	attempt 1 watch=350ms
66631	1789131464117	2	113	succeeded	attempt 1 watch=51ms
66633	1789131464120	2	107	chunk-verified	fetch=266ms
66636	1789131464122	0	591	chunk-verified	fetch=819ms
66651	1789131464137	1	688	chunk-verified	fetch=663ms
66659	1789131464145	0	594	chunk-verified	fetch=789ms
66659	1789131464145	1	718	succeeded	attempt 1 watch=286ms
66661	1789131464147	2	110	chunk-verified	fetch=224ms
66666	1789131464153	2	116	succeeded	attempt 1 watch=63ms
66681	1789131464167	1	691	chunk-verified	fetch=661ms
66693	1789131464180	0	627	succeeded	attempt 1 watch=399ms
66711	1789131464198	1	694	chunk-verified	fetch=636ms
66717	1789131464203	2	119	succeeded	attempt 1 watch=83ms
66722	1789131464208	1	721	succeeded	attempt 1 watch=280ms
66729	1789131464216	0	630	succeeded	attempt 1 watch=319ms
66735	1789131464221	0	597	chunk-verified	fetch=796ms
66753	1789131464239	2	122	succeeded	attempt 1 watch=91ms
66760	1789131464247	0	600	chunk-verified	fetch=791ms
66771	1789131464257	0	633	succeeded	attempt 1 watch=321ms
66786	1789131464272	0	603	chunk-verified	fetch=764ms
66796	1789131464283	1	724	succeeded	attempt 1 watch=318ms
66814	1789131464300	0	609	chunk-verified	fetch=720ms
66841	1789131464328	2	113	chunk-verified	fetch=210ms
66844	1789131464330	0	606	chunk-verified	fetch=773ms
66844	1789131464330	0	636	succeeded	attempt 1 watch=228ms
66870	1789131464357	0	612	chunk-verified	fetch=756ms
66881	1789131464368	1	727	succeeded	attempt 1 watch=380ms
66895	1789131464381	0	615	chunk-verified	fetch=723ms
66900	1789131464387	2	125	succeeded	attempt 1 watch=59ms
66921	1789131464407	2	116	chunk-verified	fetch=254ms
66923	1789131464410	0	639	succeeded	attempt 1 watch=287ms
66941	1789131464428	2	119	chunk-verified	fetch=224ms
66955	1789131464441	0	642	succeeded	attempt 1 watch=296ms
66960	1789131464447	1	730	succeeded	attempt 1 watch=434ms
66983	1789131464470	2	128	succeeded	attempt 1 watch=62ms
67010	1789131464496	0	618	chunk-verified	fetch=726ms
67018	1789131464504	2	131	succeeded	attempt 1 watch=76ms
67018	1789131464504	2	122	chunk-verified	fetch=264ms
67023	1789131464509	1	697	chunk-verified	fetch=807ms
67026	1789131464512	1	733	succeeded	attempt 1 watch=441ms
67044	1789131464531	0	645	succeeded	attempt 1 watch=309ms
67070	1789131464556	2	134	succeeded	attempt 1 watch=52ms
67078	1789131464564	0	648	succeeded	attempt 1 watch=317ms
67080	1789131464567	1	736	succeeded	attempt 1 watch=429ms
67130	1789131464617	2	125	chunk-verified	fetch=229ms
67154	1789131464641	0	651	succeeded	attempt 1 watch=368ms
67157	1789131464643	1	739	succeeded	attempt 1 watch=476ms
67160	1789131464646	2	128	chunk-verified	fetch=176ms
67186	1789131464673	2	137	succeeded	attempt 1 watch=55ms
67192	1789131464678	0	654	succeeded	attempt 1 watch=378ms
67197	1789131464684	1	742	succeeded	attempt 1 watch=486ms
67205	1789131464692	2	131	chunk-verified	fetch=187ms
67208	1789131464694	0	621	chunk-verified	fetch=663ms
67224	1789131464710	0	657	succeeded	attempt 1 watch=379ms
67229	1789131464715	2	140	succeeded	attempt 1 watch=69ms
67252	1789131464739	1	700	chunk-verified	fetch=860ms
67257	1789131464744	2	134	chunk-verified	fetch=187ms
67285	1789131464772	1	703	chunk-verified	fetch=835ms
67290	1789131464776	0	660	succeeded	attempt 1 watch=419ms
67292	1789131464779	2	143	succeeded	attempt 1 watch=86ms
67314	1789131464800	0	663	succeeded	attempt 1 watch=418ms
67314	1789131464800	1	706	chunk-verified	fetch=830ms
67338	1789131464824	0	624	chunk-verified	fetch=719ms
67348	1789131464835	1	709	chunk-verified	fetch=837ms
67359	1789131464845	2	146	succeeded	attempt 1 watch=101ms
67396	1789131464882	1	745	succeeded	attempt 1 watch=372ms
67429	1789131464915	0	666	succeeded	attempt 1 watch=419ms
67429	1789131464915	1	712	chunk-verified	fetch=863ms
67439	1789131464925	0	627	chunk-verified	fetch=745ms
67445	1789131464931	2	89	admit-refused	stalled read ordinal 89
67445	1789131464932	2	92	admit-refused	stalled read ordinal 92
67445	1789131464932	2	83	admit-refused	stalled read ordinal 83
67446	1789131464932	2	146	admit-refused	stalled read ordinal 146
67469	1789131464956	1	715	chunk-verified	fetch=856ms
67491	1789131464977	0	630	chunk-verified	fetch=761ms
67510	1789131464997	1	718	chunk-verified	fetch=851ms
67535	1789131465022	2	137	chunk-verified	fetch=348ms
67543	1789131465029	0	633	chunk-verified	fetch=772ms
67561	1789131465047	2	140	chunk-verified	fetch=331ms
67564	1789131465050	2	149	succeeded	attempt 1 watch=28ms
67567	1789131465054	0	669	succeeded	attempt 1 watch=359ms
67571	1789131465057	1	748	succeeded	attempt 1 watch=318ms
67585	1789131465072	1	721	chunk-verified	fetch=863ms
67591	1789131465077	2	143	chunk-verified	fetch=298ms
67601	1789131465087	2	152	succeeded	attempt 1 watch=39ms
67606	1789131465093	1	751	succeeded	attempt 1 watch=321ms
67612	1789131465098	1	724	chunk-verified	fetch=815ms
67644	1789131465131	1	754	succeeded	attempt 1 watch=330ms
67647	1789131465133	1	727	chunk-verified	fetch=765ms
67653	1789131465140	2	146	chunk-verified	fetch=294ms
67677	1789131465164	2	155	succeeded	attempt 1 watch=86ms
67683	1789131465170	1	730	chunk-verified	fetch=722ms
67688	1789131465174	0	636	chunk-verified	fetch=843ms
67690	1789131465177	1	757	succeeded	attempt 1 watch=341ms
67720	1789131465207	0	672	succeeded	attempt 1 watch=382ms
67760	1789131465246	2	158	succeeded	attempt 1 watch=106ms
67762	1789131465248	0	675	succeeded	attempt 1 watch=323ms
67762	1789131465248	1	760	succeeded	attempt 1 watch=333ms
67777	1789131465263	2	149	chunk-verified	fetch=212ms
67779	1789131465265	0	642	chunk-verified	fetch=824ms
67795	1789131465282	1	763	succeeded	attempt 1 watch=326ms
67810	1789131465297	1	733	chunk-verified	fetch=784ms
67816	1789131465302	0	639	chunk-verified	fetch=892ms
67838	1789131465325	0	678	succeeded	attempt 1 watch=347ms
67838	1789131465325	0	645	chunk-verified	fetch=794ms
67841	1789131465328	1	766	succeeded	attempt 1 watch=330ms
67841	1789131465328	1	736	chunk-verified	fetch=761ms
67856	1789131465343	2	152	chunk-verified	fetch=255ms
67870	1789131465356	0	681	succeeded	attempt 1 watch=326ms
67872	1789131465359	2	161	succeeded	attempt 1 watch=95ms
67895	1789131465381	1	739	chunk-verified	fetch=737ms
67895	1789131465381	0	651	chunk-verified	fetch=740ms
67911	1789131465398	2	164	succeeded	attempt 1 watch=54ms
67922	1789131465409	0	648	chunk-verified	fetch=844ms
67932	1789131465419	1	742	chunk-verified	fetch=735ms
67940	1789131465426	2	155	chunk-verified	fetch=262ms
67953	1789131465439	0	657	chunk-verified	fetch=728ms
67956	1789131465442	0	684	succeeded	attempt 1 watch=267ms
67966	1789131465452	2	158	chunk-verified	fetch=205ms
67984	1789131465470	0	654	chunk-verified	fetch=792ms
67996	1789131465482	0	663	chunk-verified	fetch=682ms
68041	1789131465528	0	660	chunk-verified	fetch=751ms
68055	1789131465542	2	167	succeeded	attempt 1 watch=115ms
68058	1789131465545	1	745	chunk-verified	fetch=662ms
68184	1789131465671	2	170	succeeded	attempt 1 watch=218ms
68188	1789131465675	2	161	chunk-verified	fetch=315ms
68190	1789131465676	0	687	succeeded	attempt 1 watch=410ms
68215	1789131465702	0	693	succeeded	attempt 1 watch=376ms
68227	1789131465713	1	760	admit-refused	stalled read ordinal 760
68227	1789131465713	1	763	admit-refused	stalled read ordinal 763
68227	1789131465714	1	766	admit-refused	stalled read ordinal 766
68228	1789131465714	2	164	chunk-verified	fetch=316ms
68236	1789131465722	0	666	chunk-verified	fetch=806ms
68276	1789131465762	1	748	chunk-verified	fetch=704ms
68283	1789131465770	2	173	succeeded	attempt 1 watch=94ms
68285	1789131465771	2	8	admit-refused	stalled read ordinal 8
68285	1789131465771	2	41	admit-refused	stalled read ordinal 41
68285	1789131465772	2	2	admit-refused	stalled read ordinal 2
68285	1789131465772	2	47	admit-refused	stalled read ordinal 47
68286	1789131465772	2	26	admit-refused	stalled read ordinal 26
68286	1789131465772	0	690	succeeded	attempt 1 watch=469ms
68286	1789131465772	2	17	admit-refused	stalled read ordinal 17
68296	1789131465783	1	751	chunk-verified	fetch=690ms
68312	1789131465798	2	176	succeeded	attempt 1 watch=83ms
68313	1789131465799	2	170	admit-refused	stalled read ordinal 170
68315	1789131465801	1	754	chunk-verified	fetch=670ms
68335	1789131465821	2	167	chunk-verified	fetch=279ms
68340	1789131465827	1	757	chunk-verified	fetch=650ms
68355	1789131465842	2	38	chunk-verified	fetch=4322ms
68364	1789131465850	1	760	chunk-verified	fetch=601ms
68366	1789131465852	0	696	succeeded	attempt 1 watch=471ms
68378	1789131465864	2	32	chunk-verified	fetch=3726ms
68383	1789131465869	1	763	chunk-verified	fetch=587ms
68388	1789131465875	0	699	succeeded	attempt 1 watch=465ms
68391	1789131465877	1	766	chunk-verified	fetch=549ms
68400	1789131465887	2	29	chunk-verified	fetch=4301ms
68408	1789131465895	2	179	succeeded	attempt 1 watch=73ms
68416	1789131465903	0	702	succeeded	attempt 1 watch=463ms
68419	1789131465905	0	669	chunk-verified	fetch=851ms
68444	1789131465931	2	182	succeeded	attempt 1 watch=88ms
68449	1789131465936	2	173	chunk-verified	fetch=166ms
68468	1789131465954	2	185	succeeded	attempt 1 watch=89ms
68468	1789131465954	0	705	succeeded	attempt 1 watch=483ms
68475	1789131465961	1	-1	scope-pages	1 pages
68494	1789131465980	2	188	succeeded	attempt 1 watch=93ms
68499	1789131465985	0	708	succeeded	attempt 1 watch=503ms
68501	1789131465988	2	176	chunk-verified	fetch=189ms
68525	1789131466011	0	711	succeeded	attempt 1 watch=483ms
68533	1789131466019	0	672	chunk-verified	fetch=812ms
68548	1789131466035	1	-1	checkpoint	declared 256
68577	1789131466064	2	191	succeeded	attempt 1 watch=127ms
68580	1789131466067	0	675	chunk-verified	fetch=818ms
68596	1789131466082	0	714	succeeded	attempt 1 watch=360ms
68596	1789131466083	1	-1	complete	declared 256
68596	1789131466083	1	-1	commits	256 chunks
68640	1789131466126	0	678	chunk-verified	fetch=801ms
68654	1789131466141	0	681	chunk-verified	fetch=784ms
68657	1789131466143	2	194	succeeded	attempt 1 watch=155ms
68676	1789131466163	1	-1	session-close	
68680	1789131466166	2	188	admit-refused	stalled read ordinal 188
68711	1789131466197	2	191	admit-refused	stalled read ordinal 191
68711	1789131466198	2	194	admit-refused	stalled read ordinal 194
68721	1789131466208	0	717	succeeded	attempt 1 watch=302ms
68740	1789131466226	2	179	chunk-verified	fetch=331ms
68753	1789131466240	0	684	chunk-verified	fetch=797ms
68766	1789131466253	2	170	chunk-verified	fetch=581ms
68777	1789131466263	2	197	succeeded	attempt 1 watch=37ms
68782	1789131466269	2	182	chunk-verified	fetch=337ms
68802	1789131466289	2	200	succeeded	attempt 1 watch=35ms
68805	1789131466291	2	185	chunk-verified	fetch=337ms
68820	1789131466307	0	720	succeeded	attempt 1 watch=287ms
68855	1789131466341	0	723	succeeded	attempt 1 watch=274ms
68860	1789131466346	0	687	chunk-verified	fetch=669ms
68865	1789131466351	2	203	succeeded	attempt 1 watch=82ms
68889	1789131466375	0	693	chunk-verified	fetch=673ms
68910	1789131466396	2	206	succeeded	attempt 1 watch=104ms
68911	1789131466397	2	197	admit-refused	stalled read ordinal 197
68911	1789131466398	2	188	admit-refused	stalled read ordinal 188
68918	1789131466404	0	726	succeeded	attempt 1 watch=277ms
68933	1789131466420	2	200	admit-refused	stalled read ordinal 200
68934	1789131466420	2	191	admit-refused	stalled read ordinal 191
68938	1789131466424	0	690	chunk-verified	fetch=651ms
68948	1789131466434	0	729	succeeded	attempt 1 watch=293ms
68950	1789131466437	0	696	chunk-verified	fetch=584ms
68958	1789131466445	2	194	admit-refused	stalled read ordinal 194
68959	1789131466445	2	203	admit-refused	stalled read ordinal 203
68959	1789131466445	2	206	admit-refused	stalled read ordinal 206
68985	1789131466471	0	699	chunk-verified	fetch=596ms
68987	1789131466474	0	732	succeeded	attempt 1 watch=234ms
68995	1789131466482	0	705	chunk-verified	fetch=527ms
69014	1789131466500	2	197	admit-refused	stalled read ordinal 197
69014	1789131466501	0	702	chunk-verified	fetch=598ms
69036	1789131466522	0	735	succeeded	attempt 1 watch=176ms
69036	1789131466523	2	200	admit-refused	stalled read ordinal 200
69039	1789131466525	0	708	chunk-verified	fetch=539ms
69049	1789131466535	2	83	admit-refused	stalled read ordinal 83
69049	1789131466535	2	92	admit-refused	stalled read ordinal 92
69049	1789131466536	2	89	admit-refused	stalled read ordinal 89
69057	1789131466543	0	738	succeeded	attempt 1 watch=168ms
69061	1789131466547	2	203	admit-refused	stalled read ordinal 203
69061	1789131466548	2	206	admit-refused	stalled read ordinal 206
69067	1789131466553	0	711	chunk-verified	fetch=541ms
69084	1789131466570	0	714	chunk-verified	fetch=487ms
69089	1789131466575	0	741	succeeded	attempt 1 watch=151ms
69111	1789131466598	0	744	succeeded	attempt 1 watch=160ms
69133	1789131466620	0	747	succeeded	attempt 1 watch=148ms
69150	1789131466636	0	717	chunk-verified	fetch=428ms
69169	1789131466655	0	750	succeeded	attempt 1 watch=173ms
69183	1789131466669	0	753	succeeded	attempt 1 watch=168ms
69205	1789131466691	2	188	chunk-verified	fetch=710ms
69213	1789131466699	0	720	chunk-verified	fetch=392ms
69226	1789131466712	2	191	chunk-verified	fetch=648ms
69231	1789131466717	2	209	succeeded	attempt 1 watch=25ms
69246	1789131466732	0	723	chunk-verified	fetch=391ms
69248	1789131466735	2	194	chunk-verified	fetch=591ms
69251	1789131466737	0	756	succeeded	attempt 1 watch=212ms
69262	1789131466748	2	212	succeeded	attempt 1 watch=36ms
69294	1789131466780	2	215	succeeded	attempt 1 watch=45ms
69294	1789131466780	0	759	succeeded	attempt 1 watch=227ms
69324	1789131466810	0	762	succeeded	attempt 1 watch=239ms
69339	1789131466825	0	726	chunk-verified	fetch=421ms
69347	1789131466834	2	203	admit-refused	stalled read ordinal 203
69348	1789131466834	2	212	admit-refused	stalled read ordinal 212
69348	1789131466834	2	215	admit-refused	stalled read ordinal 215
69372	1789131466858	0	729	chunk-verified	fetch=423ms
69396	1789131466882	0	765	succeeded	attempt 1 watch=245ms
69421	1789131466907	0	732	chunk-verified	fetch=433ms
69450	1789131466936	2	212	admit-refused	stalled read ordinal 212
69450	1789131466936	2	215	admit-refused	stalled read ordinal 215
69460	1789131466947	2	197	chunk-verified	fetch=683ms
69476	1789131466962	0	735	chunk-verified	fetch=439ms
69481	1789131466967	2	209	chunk-verified	fetch=250ms
69491	1789131466978	2	218	succeeded	attempt 1 watch=31ms
69496	1789131466983	0	738	chunk-verified	fetch=439ms
69506	1789131466993	2	200	chunk-verified	fetch=704ms
69514	1789131467001	2	221	succeeded	attempt 1 watch=33ms
69523	1789131467009	2	206	chunk-verified	fetch=612ms
69547	1789131467034	0	756	admit-refused	stalled read ordinal 756
69548	1789131467034	0	759	admit-refused	stalled read ordinal 759
69548	1789131467034	0	762	admit-refused	stalled read ordinal 762
69548	1789131467035	0	765	admit-refused	stalled read ordinal 765
69562	1789131467048	0	741	chunk-verified	fetch=473ms
69565	1789131467051	2	224	succeeded	attempt 1 watch=58ms
69568	1789131467054	0	750	chunk-verified	fetch=398ms
69589	1789131467075	0	753	chunk-verified	fetch=406ms
69597	1789131467083	2	227	succeeded	attempt 1 watch=74ms
69630	1789131467117	0	744	chunk-verified	fetch=518ms
69633	1789131467119	2	218	chunk-verified	fetch=141ms
69656	1789131467142	2	221	chunk-verified	fetch=141ms
69656	1789131467142	0	747	chunk-verified	fetch=522ms
69663	1789131467149	2	230	succeeded	attempt 1 watch=29ms
69674	1789131467160	2	224	chunk-verified	fetch=109ms
69685	1789131467171	2	233	succeeded	attempt 1 watch=29ms
69693	1789131467179	2	227	chunk-verified	fetch=95ms
69709	1789131467196	0	756	chunk-verified	fetch=458ms
69720	1789131467206	2	236	succeeded	attempt 1 watch=45ms
69730	1789131467217	0	759	chunk-verified	fetch=436ms
69738	1789131467224	2	212	chunk-verified	fetch=476ms
69756	1789131467242	0	765	chunk-verified	fetch=359ms
69758	1789131467245	2	215	chunk-verified	fetch=464ms
69764	1789131467250	2	239	succeeded	attempt 1 watch=70ms
69777	1789131467263	0	762	chunk-verified	fetch=453ms
69800	1789131467287	2	230	chunk-verified	fetch=137ms
69808	1789131467295	2	242	succeeded	attempt 1 watch=70ms
69831	1789131467317	2	233	chunk-verified	fetch=145ms
69833	1789131467320	2	245	succeeded	attempt 1 watch=74ms
69849	1789131467336	0	-1	scope-pages	1 pages
69866	1789131467352	2	248	succeeded	attempt 1 watch=65ms
69885	1789131467371	2	236	chunk-verified	fetch=164ms
69905	1789131467392	2	251	succeeded	attempt 1 watch=74ms
69905	1789131467392	2	203	chunk-verified	fetch=1040ms
69916	1789131467403	0	-1	checkpoint	declared 256
69942	1789131467428	2	254	succeeded	attempt 1 watch=57ms
69949	1789131467436	2	239	chunk-verified	fetch=185ms
69960	1789131467446	2	257	succeeded	attempt 1 watch=54ms
69961	1789131467447	0	-1	complete	declared 256
69961	1789131467447	0	-1	commits	256 chunks
69968	1789131467454	2	242	chunk-verified	fetch=159ms
69999	1789131467485	2	260	succeeded	attempt 1 watch=49ms
70007	1789131467493	2	245	chunk-verified	fetch=173ms
70025	1789131467511	2	248	chunk-verified	fetch=158ms
70033	1789131467519	2	263	succeeded	attempt 1 watch=64ms
70041	1789131467527	0	-1	session-close	
70058	1789131467544	2	266	succeeded	attempt 1 watch=51ms
70066	1789131467552	2	251	chunk-verified	fetch=160ms
70074	1789131467560	2	269	succeeded	attempt 1 watch=49ms
70084	1789131467571	2	254	chunk-verified	fetch=142ms
70095	1789131467581	2	257	chunk-verified	fetch=134ms
70128	1789131467615	2	260	chunk-verified	fetch=129ms
70131	1789131467617	2	272	succeeded	attempt 1 watch=65ms
70150	1789131467637	2	275	succeeded	attempt 1 watch=65ms
70162	1789131467648	2	278	succeeded	attempt 1 watch=66ms
70184	1789131467670	2	263	chunk-verified	fetch=150ms
70189	1789131467675	2	281	succeeded	attempt 1 watch=60ms
70206	1789131467693	2	266	chunk-verified	fetch=148ms
70239	1789131467725	2	269	chunk-verified	fetch=165ms
70253	1789131467739	2	284	succeeded	attempt 1 watch=69ms
70275	1789131467762	2	287	succeeded	attempt 1 watch=68ms
70289	1789131467776	2	290	succeeded	attempt 1 watch=50ms
70310	1789131467796	2	272	chunk-verified	fetch=178ms
70320	1789131467807	2	275	chunk-verified	fetch=170ms
70336	1789131467823	2	278	chunk-verified	fetch=174ms
70355	1789131467841	2	281	chunk-verified	fetch=165ms
70365	1789131467852	2	293	succeeded	attempt 1 watch=55ms
70379	1789131467865	2	284	chunk-verified	fetch=126ms
70385	1789131467871	2	296	succeeded	attempt 1 watch=64ms
70399	1789131467885	2	299	succeeded	attempt 1 watch=62ms
70417	1789131467904	2	287	chunk-verified	fetch=142ms
70420	1789131467906	2	302	succeeded	attempt 1 watch=65ms
70433	1789131467919	2	290	chunk-verified	fetch=143ms
70447	1789131467933	2	305	succeeded	attempt 1 watch=67ms
70478	1789131467965	2	308	succeeded	attempt 1 watch=60ms
70500	1789131467987	2	311	succeeded	attempt 1 watch=67ms
70534	1789131468020	2	293	chunk-verified	fetch=168ms
70545	1789131468032	2	305	admit-refused	stalled read ordinal 305
70545	1789131468032	2	308	admit-refused	stalled read ordinal 308
70552	1789131468039	2	296	chunk-verified	fetch=167ms
70566	1789131468053	2	314	succeeded	attempt 1 watch=32ms
70569	1789131468055	2	299	chunk-verified	fetch=169ms
70582	1789131468068	2	317	succeeded	attempt 1 watch=29ms
70590	1789131468076	2	302	chunk-verified	fetch=169ms
70619	1789131468105	2	311	chunk-verified	fetch=118ms
70622	1789131468108	2	320	succeeded	attempt 1 watch=53ms
70642	1789131468128	2	323	succeeded	attempt 1 watch=52ms
70651	1789131468137	2	326	succeeded	attempt 1 watch=31ms
70686	1789131468173	2	323	admit-refused	stalled read ordinal 323
70687	1789131468173	2	308	admit-refused	stalled read ordinal 308
70687	1789131468173	2	305	admit-refused	stalled read ordinal 305
70687	1789131468173	2	326	admit-refused	stalled read ordinal 326
70713	1789131468199	2	314	chunk-verified	fetch=146ms
70721	1789131468207	2	317	chunk-verified	fetch=139ms
70732	1789131468218	2	329	succeeded	attempt 1 watch=18ms
70742	1789131468229	2	320	chunk-verified	fetch=120ms
70748	1789131468234	2	332	succeeded	attempt 1 watch=26ms
70767	1789131468254	2	335	succeeded	attempt 1 watch=25ms
70788	1789131468275	2	332	admit-refused	stalled read ordinal 332
70788	1789131468275	2	335	admit-refused	stalled read ordinal 335
70789	1789131468275	2	323	admit-refused	stalled read ordinal 323
70789	1789131468276	2	326	admit-refused	stalled read ordinal 326
70814	1789131468301	2	329	chunk-verified	fetch=82ms
70826	1789131468313	2	338	succeeded	attempt 1 watch=12ms
70857	1789131468343	2	338	chunk-verified	fetch=30ms
70871	1789131468358	2	341	succeeded	attempt 1 watch=14ms
70891	1789131468378	2	335	admit-refused	stalled read ordinal 335
70903	1789131468389	2	341	chunk-verified	fetch=31ms
70917	1789131468403	2	344	succeeded	attempt 1 watch=13ms
70931	1789131468417	2	344	admit-refused	stalled read ordinal 344
70938	1789131468425	2	305	chunk-verified	fetch=491ms
70951	1789131468438	2	308	chunk-verified	fetch=473ms
70954	1789131468440	2	347	succeeded	attempt 1 watch=15ms
70968	1789131468454	2	350	succeeded	attempt 1 watch=16ms
70970	1789131468457	2	332	chunk-verified	fetch=222ms
71000	1789131468487	2	353	succeeded	attempt 1 watch=30ms
71013	1789131468500	2	353	admit-refused	stalled read ordinal 353
71021	1789131468507	2	347	chunk-verified	fetch=66ms
71030	1789131468517	2	350	chunk-verified	fetch=62ms
71036	1789131468522	2	356	succeeded	attempt 1 watch=15ms
71049	1789131468535	2	323	chunk-verified	fetch=407ms
71052	1789131468538	2	359	succeeded	attempt 1 watch=21ms
71071	1789131468558	2	326	chunk-verified	fetch=420ms
71076	1789131468563	2	362	succeeded	attempt 1 watch=27ms
71103	1789131468589	2	365	succeeded	attempt 1 watch=31ms
71103	1789131468589	2	344	chunk-verified	fetch=186ms
71120	1789131468606	2	356	chunk-verified	fetch=83ms
71139	1789131468625	2	368	succeeded	attempt 1 watch=35ms
71147	1789131468633	2	359	chunk-verified	fetch=94ms
71155	1789131468641	2	371	succeeded	attempt 1 watch=34ms
71165	1789131468652	2	362	chunk-verified	fetch=89ms
71198	1789131468684	2	374	succeeded	attempt 1 watch=50ms
71205	1789131468692	2	335	chunk-verified	fetch=438ms
71223	1789131468710	2	365	chunk-verified	fetch=120ms
71234	1789131468720	2	377	succeeded	attempt 1 watch=68ms
71241	1789131468728	2	353	chunk-verified	fetch=241ms
71265	1789131468751	2	368	chunk-verified	fetch=125ms
71268	1789131468754	2	380	succeeded	attempt 1 watch=62ms
71279	1789131468765	2	383	succeeded	attempt 1 watch=55ms
71297	1789131468784	2	371	chunk-verified	fetch=142ms
71303	1789131468789	2	386	succeeded	attempt 1 watch=61ms
71313	1789131468799	2	389	succeeded	attempt 1 watch=48ms
71330	1789131468816	2	374	chunk-verified	fetch=132ms
71348	1789131468834	2	392	succeeded	attempt 1 watch=50ms
71369	1789131468855	2	377	chunk-verified	fetch=134ms
71388	1789131468874	2	395	succeeded	attempt 1 watch=57ms
71407	1789131468893	2	380	chunk-verified	fetch=139ms
71423	1789131468909	2	398	succeeded	attempt 1 watch=54ms
71426	1789131468912	2	383	chunk-verified	fetch=146ms
71442	1789131468929	2	386	chunk-verified	fetch=139ms
71450	1789131468936	2	401	succeeded	attempt 1 watch=43ms
71456	1789131468943	2	389	chunk-verified	fetch=143ms
71474	1789131468960	2	392	chunk-verified	fetch=125ms
71481	1789131468968	2	404	succeeded	attempt 1 watch=55ms
71493	1789131468980	2	407	succeeded	attempt 1 watch=50ms
71515	1789131469001	2	395	chunk-verified	fetch=127ms
71523	1789131469009	2	410	succeeded	attempt 1 watch=66ms
71537	1789131469024	2	413	succeeded	attempt 1 watch=63ms
71553	1789131469039	2	398	chunk-verified	fetch=130ms
71570	1789131469057	2	416	succeeded	attempt 1 watch=55ms
71583	1789131469070	2	401	chunk-verified	fetch=133ms
71593	1789131469079	2	41	admit-refused	stalled read ordinal 41
71593	1789131469079	2	8	admit-refused	stalled read ordinal 8
71593	1789131469079	2	17	admit-refused	stalled read ordinal 17
71604	1789131469090	2	419	succeeded	attempt 1 watch=50ms
71604	1789131469091	2	407	admit-refused	stalled read ordinal 407
71612	1789131469098	2	404	chunk-verified	fetch=130ms
71625	1789131469111	2	410	admit-refused	stalled read ordinal 410
71632	1789131469119	2	26	chunk-verified	fetch=7627ms
71643	1789131469129	2	422	succeeded	attempt 1 watch=59ms
71643	1789131469129	2	413	admit-refused	stalled read ordinal 413
71648	1789131469134	2	2	chunk-verified	fetch=7709ms
71667	1789131469153	2	47	chunk-verified	fetch=7483ms
71675	1789131469161	2	425	succeeded	attempt 1 watch=63ms
71689	1789131469175	2	428	succeeded	attempt 1 watch=56ms
71706	1789131469193	2	416	chunk-verified	fetch=135ms
71713	1789131469200	2	431	succeeded	attempt 1 watch=65ms
71724	1789131469211	2	434	succeeded	attempt 1 watch=57ms
71737	1789131469223	2	419	chunk-verified	fetch=133ms
71764	1789131469251	2	437	succeeded	attempt 1 watch=58ms
71780	1789131469266	2	422	chunk-verified	fetch=137ms
71803	1789131469289	2	440	succeeded	attempt 1 watch=65ms
71825	1789131469311	2	425	chunk-verified	fetch=150ms
71840	1789131469327	2	443	succeeded	attempt 1 watch=60ms
71841	1789131469327	2	434	admit-refused	stalled read ordinal 434
71841	1789131469328	2	410	admit-refused	stalled read ordinal 410
71841	1789131469328	2	413	admit-refused	stalled read ordinal 413
71843	1789131469329	2	428	chunk-verified	fetch=154ms
71858	1789131469344	2	407	chunk-verified	fetch=364ms
71871	1789131469358	2	446	succeeded	attempt 1 watch=46ms
71884	1789131469371	2	431	chunk-verified	fetch=170ms
71903	1789131469389	2	437	chunk-verified	fetch=138ms
71911	1789131469397	2	449	succeeded	attempt 1 watch=67ms
71919	1789131469406	2	452	succeeded	attempt 1 watch=61ms
71938	1789131469425	2	455	succeeded	attempt 1 watch=54ms
71949	1789131469435	2	458	succeeded	attempt 1 watch=46ms
71989	1789131469476	2	452	admit-refused	stalled read ordinal 452
71989	1789131469476	2	455	admit-refused	stalled read ordinal 455
71990	1789131469476	2	434	admit-refused	stalled read ordinal 434
71990	1789131469476	2	458	admit-refused	stalled read ordinal 458
72026	1789131469512	2	440	chunk-verified	fetch=222ms
72034	1789131469520	2	443	chunk-verified	fetch=193ms
72050	1789131469536	2	461	succeeded	attempt 1 watch=23ms
72053	1789131469539	2	446	chunk-verified	fetch=181ms
72066	1789131469552	2	464	succeeded	attempt 1 watch=31ms
72066	1789131469552	2	449	chunk-verified	fetch=155ms
72087	1789131469573	2	467	succeeded	attempt 1 watch=34ms
72097	1789131469584	2	470	succeeded	attempt 1 watch=31ms
72131	1789131469618	2	467	admit-refused	stalled read ordinal 467
72132	1789131469618	2	452	admit-refused	stalled read ordinal 452
72132	1789131469618	2	455	admit-refused	stalled read ordinal 455
72132	1789131469618	2	458	admit-refused	stalled read ordinal 458
72132	1789131469619	2	470	admit-refused	stalled read ordinal 470
72139	1789131469625	2	410	chunk-verified	fetch=615ms
72149	1789131469635	2	413	chunk-verified	fetch=611ms
72159	1789131469646	2	473	succeeded	attempt 1 watch=20ms
72173	1789131469659	2	461	chunk-verified	fetch=122ms
72181	1789131469667	2	476	succeeded	attempt 1 watch=31ms
72199	1789131469685	2	464	chunk-verified	fetch=133ms
72212	1789131469698	2	479	succeeded	attempt 1 watch=39ms
72237	1789131469724	2	482	succeeded	attempt 1 watch=38ms
72259	1789131469746	2	467	admit-refused	stalled read ordinal 467
72259	1789131469746	2	470	admit-refused	stalled read ordinal 470
72260	1789131469747	2	482	admit-refused	stalled read ordinal 482
72261	1789131469747	2	83	admit-refused	stalled read ordinal 83
72261	1789131469747	2	92	admit-refused	stalled read ordinal 92
72261	1789131469747	2	89	admit-refused	stalled read ordinal 89
72297	1789131469783	2	473	chunk-verified	fetch=137ms
72304	1789131469791	2	476	chunk-verified	fetch=123ms
72317	1789131469804	2	485	succeeded	attempt 1 watch=20ms
72328	1789131469814	2	434	chunk-verified	fetch=603ms
72336	1789131469822	2	488	succeeded	attempt 1 watch=31ms
72343	1789131469830	2	479	chunk-verified	fetch=131ms
72363	1789131469849	2	491	succeeded	attempt 1 watch=34ms
72385	1789131469871	2	494	succeeded	attempt 1 watch=41ms
72398	1789131469884	2	488	admit-refused	stalled read ordinal 488
72398	1789131469884	2	482	admit-refused	stalled read ordinal 482
72404	1789131469890	2	485	chunk-verified	fetch=86ms
72419	1789131469906	2	452	chunk-verified	fetch=500ms
72432	1789131469919	2	497	succeeded	attempt 1 watch=28ms
72432	1789131469919	2	455	chunk-verified	fetch=494ms
72433	1789131469919	2	494	admit-refused	stalled read ordinal 494
72446	1789131469933	2	500	succeeded	attempt 1 watch=27ms
72455	1789131469942	2	458	chunk-verified	fetch=506ms
72463	1789131469949	2	503	succeeded	attempt 1 watch=30ms
72471	1789131469957	2	491	chunk-verified	fetch=108ms
72501	1789131469988	2	506	succeeded	attempt 1 watch=46ms
72521	1789131470007	2	509	succeeded	attempt 1 watch=49ms
72533	1789131470019	2	503	admit-refused	stalled read ordinal 503
72539	1789131470025	2	497	chunk-verified	fetch=106ms
72551	1789131470038	2	500	chunk-verified	fetch=104ms
72552	1789131470038	2	488	admit-refused	stalled read ordinal 488
72552	1789131470038	2	506	admit-refused	stalled read ordinal 506
72567	1789131470054	2	470	chunk-verified	fetch=470ms
72570	1789131470056	2	512	succeeded	attempt 1 watch=30ms
72570	1789131470057	2	509	admit-refused	stalled read ordinal 509
72586	1789131470073	2	467	chunk-verified	fetch=499ms
72589	1789131470075	2	515	succeeded	attempt 1 watch=37ms
72603	1789131470090	2	518	succeeded	attempt 1 watch=35ms
72619	1789131470106	2	494	chunk-verified	fetch=234ms
72633	1789131470120	2	521	succeeded	attempt 1 watch=47ms
72671	1789131470157	2	524	succeeded	attempt 1 watch=51ms
72684	1789131470171	2	503	admit-refused	stalled read ordinal 503
72696	1789131470183	2	512	chunk-verified	fetch=126ms
72702	1789131470188	2	521	admit-refused	stalled read ordinal 521
72702	1789131470188	2	506	admit-refused	stalled read ordinal 506
72702	1789131470189	2	509	admit-refused	stalled read ordinal 509
72717	1789131470204	2	515	chunk-verified	fetch=128ms
72720	1789131470206	2	527	succeeded	attempt 1 watch=23ms
72720	1789131470206	2	524	admit-refused	stalled read ordinal 524
72739	1789131470225	2	482	chunk-verified	fetch=501ms
72741	1789131470228	2	530	succeeded	attempt 1 watch=23ms
72758	1789131470245	2	518	chunk-verified	fetch=155ms
72774	1789131470260	2	533	succeeded	attempt 1 watch=34ms
72797	1789131470283	2	536	succeeded	attempt 1 watch=38ms
72831	1789131470318	2	527	chunk-verified	fetch=111ms
72850	1789131470336	2	530	chunk-verified	fetch=108ms
72852	1789131470338	2	539	succeeded	attempt 1 watch=20ms
72852	1789131470339	2	536	admit-refused	stalled read ordinal 536
72853	1789131470339	2	521	admit-refused	stalled read ordinal 521
72853	1789131470339	2	524	admit-refused	stalled read ordinal 524
72870	1789131470357	2	488	chunk-verified	fetch=534ms
72875	1789131470362	2	542	succeeded	attempt 1 watch=25ms
72891	1789131470378	2	533	chunk-verified	fetch=117ms
72905	1789131470391	2	545	succeeded	attempt 1 watch=34ms
72928	1789131470414	2	548	succeeded	attempt 1 watch=36ms
72955	1789131470441	2	539	chunk-verified	fetch=102ms
72963	1789131470450	2	509	admit-refused	stalled read ordinal 509
72964	1789131470450	2	545	admit-refused	stalled read ordinal 545
72979	1789131470465	2	542	chunk-verified	fetch=103ms
72981	1789131470468	2	551	succeeded	attempt 1 watch=26ms
72982	1789131470468	2	536	admit-refused	stalled read ordinal 536
72998	1789131470485	2	503	chunk-verified	fetch=535ms
73004	1789131470490	2	554	succeeded	attempt 1 watch=24ms
73026	1789131470512	2	506	chunk-verified	fetch=524ms
73042	1789131470528	2	548	chunk-verified	fetch=113ms
73044	1789131470531	2	557	succeeded	attempt 1 watch=46ms
73067	1789131470553	2	560	succeeded	attempt 1 watch=41ms
73078	1789131470565	2	563	succeeded	attempt 1 watch=36ms
73087	1789131470573	2	551	chunk-verified	fetch=105ms
73127	1789131470614	2	554	chunk-verified	fetch=123ms
73138	1789131470624	2	566	succeeded	attempt 1 watch=50ms
73139	1789131470625	2	560	admit-refused	stalled read ordinal 560
73139	1789131470626	2	563	admit-refused	stalled read ordinal 563
73155	1789131470642	2	557	chunk-verified	fetch=111ms
73158	1789131470644	2	569	succeeded	attempt 1 watch=30ms
73177	1789131470664	2	524	chunk-verified	fetch=506ms
73196	1789131470683	2	572	succeeded	attempt 1 watch=40ms
73196	1789131470683	2	521	chunk-verified	fetch=562ms
73216	1789131470702	2	545	chunk-verified	fetch=310ms
73224	1789131470711	2	575	succeeded	attempt 1 watch=46ms
73241	1789131470727	2	566	chunk-verified	fetch=103ms
73244	1789131470730	2	578	succeeded	attempt 1 watch=47ms
73269	1789131470755	2	581	succeeded	attempt 1 watch=53ms
73285	1789131470772	2	569	chunk-verified	fetch=127ms
73302	1789131470789	2	584	succeeded	attempt 1 watch=61ms
73305	1789131470791	2	536	chunk-verified	fetch=507ms
73346	1789131470832	2	572	chunk-verified	fetch=149ms
73349	1789131470835	2	587	succeeded	attempt 1 watch=63ms
73364	1789131470850	2	575	chunk-verified	fetch=139ms
73382	1789131470868	2	590	succeeded	attempt 1 watch=76ms
73382	1789131470868	2	563	chunk-verified	fetch=303ms
73382	1789131470869	2	581	admit-refused	stalled read ordinal 581
73396	1789131470883	2	560	chunk-verified	fetch=329ms
73401	1789131470888	2	593	succeeded	attempt 1 watch=55ms
73415	1789131470902	2	578	chunk-verified	fetch=171ms
73427	1789131470914	2	596	succeeded	attempt 1 watch=63ms
73439	1789131470926	2	599	succeeded	attempt 1 watch=57ms
73464	1789131470950	2	602	succeeded	attempt 1 watch=67ms
73486	1789131470972	2	605	succeeded	attempt 1 watch=70ms
73507	1789131470993	2	584	chunk-verified	fetch=204ms
73521	1789131471008	2	587	chunk-verified	fetch=172ms
73539	1789131471026	2	509	chunk-verified	fetch=1018ms
73568	1789131471054	2	593	chunk-verified	fetch=166ms
73568	1789131471054	2	608	succeeded	attempt 1 watch=61ms
73569	1789131471055	2	599	admit-refused	stalled read ordinal 599
73588	1789131471075	2	611	succeeded	attempt 1 watch=66ms
73589	1789131471075	2	581	admit-refused	stalled read ordinal 581
73591	1789131471077	2	590	chunk-verified	fetch=209ms
73612	1789131471098	2	614	succeeded	attempt 1 watch=72ms
73612	1789131471099	2	605	admit-refused	stalled read ordinal 605
73621	1789131471108	2	617	succeeded	attempt 1 watch=53ms
73661	1789131471148	2	620	succeeded	attempt 1 watch=70ms
73686	1789131471172	2	608	admit-refused	stalled read ordinal 608
73686	1789131471173	2	611	admit-refused	stalled read ordinal 611
73699	1789131471185	2	614	admit-refused	stalled read ordinal 614
73699	1789131471186	2	617	admit-refused	stalled read ordinal 617
73699	1789131471186	2	620	admit-refused	stalled read ordinal 620
73700	1789131471186	2	599	admit-refused	stalled read ordinal 599
73715	1789131471201	2	605	admit-refused	stalled read ordinal 605
73728	1789131471215	2	596	chunk-verified	fetch=301ms
73731	1789131471217	2	602	chunk-verified	fetch=267ms
73743	1789131471229	2	623	succeeded	attempt 1 watch=14ms
73754	1789131471241	2	626	succeeded	attempt 1 watch=23ms
73790	1789131471277	2	608	admit-refused	stalled read ordinal 608
73791	1789131471278	2	581	admit-refused	stalled read ordinal 581
73803	1789131471289	2	620	admit-refused	stalled read ordinal 620
73803	1789131471289	2	617	admit-refused	stalled read ordinal 617
73803	1789131471289	2	614	admit-refused	stalled read ordinal 614
73822	1789131471309	2	623	chunk-verified	fetch=79ms
73825	1789131471311	2	626	chunk-verified	fetch=70ms
73840	1789131471326	2	629	succeeded	attempt 1 watch=17ms
73849	1789131471335	2	611	chunk-verified	fetch=260ms
73858	1789131471344	2	632	succeeded	attempt 1 watch=32ms
73879	1789131471365	2	635	succeeded	attempt 1 watch=30ms
73917	1789131471404	2	605	admit-refused	stalled read ordinal 605
73918	1789131471405	2	629	chunk-verified	fetch=78ms
73926	1789131471412	2	632	chunk-verified	fetch=68ms
73942	1789131471428	2	635	chunk-verified	fetch=62ms
73945	1789131471431	2	638	succeeded	attempt 1 watch=26ms
73963	1789131471449	2	599	chunk-verified	fetch=523ms
73966	1789131471452	2	641	succeeded	attempt 1 watch=39ms
73979	1789131471465	2	644	succeeded	attempt 1 watch=37ms
74003	1789131471489	2	647	succeeded	attempt 1 watch=39ms
74036	1789131471523	2	647	admit-refused	stalled read ordinal 647
74036	1789131471523	2	614	admit-refused	stalled read ordinal 614
74037	1789131471523	2	617	admit-refused	stalled read ordinal 617
74037	1789131471523	2	620	admit-refused	stalled read ordinal 620
74053	1789131471540	2	638	chunk-verified	fetch=108ms
74056	1789131471542	2	641	chunk-verified	fetch=89ms
74072	1789131471559	2	644	chunk-verified	fetch=93ms
74078	1789131471564	2	650	succeeded	attempt 1 watch=24ms
74092	1789131471579	2	608	chunk-verified	fetch=524ms
74095	1789131471582	2	653	succeeded	attempt 1 watch=39ms
74107	1789131471594	2	656	succeeded	attempt 1 watch=34ms
74132	1789131471618	2	659	succeeded	attempt 1 watch=39ms
74170	1789131471656	2	647	admit-refused	stalled read ordinal 647
74185	1789131471671	2	650	chunk-verified	fetch=107ms
74193	1789131471679	2	653	chunk-verified	fetch=97ms
74206	1789131471693	2	662	succeeded	attempt 1 watch=21ms
74214	1789131471701	2	656	chunk-verified	fetch=106ms
74225	1789131471711	2	665	succeeded	attempt 1 watch=31ms
74225	1789131471711	2	659	chunk-verified	fetch=92ms
74252	1789131471739	2	668	succeeded	attempt 1 watch=37ms
74252	1789131471739	2	581	chunk-verified	fetch=983ms
74264	1789131471751	2	671	succeeded	attempt 1 watch=39ms
74304	1789131471791	2	674	succeeded	attempt 1 watch=52ms
74313	1789131471799	2	662	chunk-verified	fetch=106ms
74351	1789131471838	2	677	succeeded	attempt 1 watch=38ms
74353	1789131471839	2	605	admit-refused	stalled read ordinal 605
74359	1789131471846	2	665	chunk-verified	fetch=134ms
74370	1789131471856	2	668	chunk-verified	fetch=117ms
74393	1789131471879	2	671	chunk-verified	fetch=128ms
74396	1789131471882	2	680	succeeded	attempt 1 watch=36ms
74414	1789131471900	2	674	chunk-verified	fetch=109ms
74417	1789131471903	2	683	succeeded	attempt 1 watch=46ms
74432	1789131471919	2	686	succeeded	attempt 1 watch=39ms
74453	1789131471940	2	677	chunk-verified	fetch=101ms
74466	1789131471952	2	689	succeeded	attempt 1 watch=51ms
74497	1789131471983	2	647	chunk-verified	fetch=494ms
74510	1789131471996	2	692	succeeded	attempt 1 watch=56ms
74527	1789131472013	2	680	chunk-verified	fetch=131ms
74545	1789131472032	2	695	succeeded	attempt 1 watch=48ms
74546	1789131472032	2	620	admit-refused	stalled read ordinal 620
74557	1789131472043	2	683	chunk-verified	fetch=140ms
74583	1789131472070	2	686	chunk-verified	fetch=150ms
74586	1789131472072	2	698	succeeded	attempt 1 watch=58ms
74586	1789131472073	2	689	admit-refused	stalled read ordinal 689
74604	1789131472090	2	614	chunk-verified	fetch=992ms
74622	1789131472109	2	617	chunk-verified	fetch=1000ms
74625	1789131472111	2	701	succeeded	attempt 1 watch=68ms
74637	1789131472124	2	704	succeeded	attempt 1 watch=54ms
74651	1789131472138	2	692	chunk-verified	fetch=141ms
74668	1789131472154	2	707	succeeded	attempt 1 watch=64ms
74686	1789131472172	2	695	chunk-verified	fetch=140ms
74689	1789131472175	2	710	succeeded	attempt 1 watch=66ms
74725	1789131472212	2	713	succeeded	attempt 1 watch=73ms
74758	1789131472244	2	698	chunk-verified	fetch=171ms
74760	1789131472247	2	716	succeeded	attempt 1 watch=74ms
74797	1789131472283	2	719	succeeded	attempt 1 watch=39ms
74805	1789131472292	2	701	chunk-verified	fetch=180ms
74816	1789131472302	2	704	chunk-verified	fetch=178ms
74816	1789131472303	2	710	admit-refused	stalled read ordinal 710
74817	1789131472303	2	713	admit-refused	stalled read ordinal 713
74839	1789131472325	2	707	chunk-verified	fetch=170ms
74846	1789131472333	2	722	succeeded	attempt 1 watch=41ms
74861	1789131472347	2	689	chunk-verified	fetch=394ms
74868	1789131472355	2	725	succeeded	attempt 1 watch=52ms
74888	1789131472374	2	716	chunk-verified	fetch=127ms
74891	1789131472377	2	728	succeeded	attempt 1 watch=52ms
74911	1789131472398	2	719	chunk-verified	fetch=114ms
74920	1789131472406	2	731	succeeded	attempt 1 watch=59ms
74944	1789131472431	2	734	succeeded	attempt 1 watch=56ms
74967	1789131472453	2	737	succeeded	attempt 1 watch=55ms
74993	1789131472479	2	710	admit-refused	stalled read ordinal 710
75005	1789131472491	2	731	admit-refused	stalled read ordinal 731
75005	1789131472492	2	734	admit-refused	stalled read ordinal 734
75005	1789131472492	2	737	admit-refused	stalled read ordinal 737
75031	1789131472517	2	722	chunk-verified	fetch=184ms
75033	1789131472520	2	725	chunk-verified	fetch=165ms
75051	1789131472537	2	728	chunk-verified	fetch=159ms
75051	1789131472537	2	740	succeeded	attempt 1 watch=20ms
75066	1789131472552	2	713	chunk-verified	fetch=340ms
75068	1789131472555	2	743	succeeded	attempt 1 watch=34ms
75080	1789131472567	2	746	succeeded	attempt 1 watch=29ms
75102	1789131472589	2	749	succeeded	attempt 1 watch=36ms
75123	1789131472610	2	740	admit-refused	stalled read ordinal 740
75137	1789131472623	2	743	admit-refused	stalled read ordinal 743
75137	1789131472624	2	746	admit-refused	stalled read ordinal 746
75137	1789131472624	2	749	admit-refused	stalled read ordinal 749
75138	1789131472624	2	737	admit-refused	stalled read ordinal 737
75138	1789131472624	2	734	admit-refused	stalled read ordinal 734
75138	1789131472625	2	731	admit-refused	stalled read ordinal 731
75174	1789131472661	2	605	chunk-verified	fetch=1688ms
75184	1789131472671	2	752	succeeded	attempt 1 watch=10ms
75225	1789131472711	2	752	chunk-verified	fetch=40ms
75234	1789131472720	2	710	chunk-verified	fetch=545ms
75242	1789131472729	2	755	succeeded	attempt 1 watch=17ms
75255	1789131472741	2	758	succeeded	attempt 1 watch=21ms
75283	1789131472770	2	755	admit-refused	stalled read ordinal 755
75283	1789131472770	2	758	admit-refused	stalled read ordinal 758
75287	1789131472774	2	740	chunk-verified	fetch=236ms
75299	1789131472786	2	761	succeeded	attempt 1 watch=12ms
75312	1789131472799	2	761	admit-refused	stalled read ordinal 761
75314	1789131472801	2	743	chunk-verified	fetch=245ms
75333	1789131472819	2	764	succeeded	attempt 1 watch=18ms
75336	1789131472822	2	749	chunk-verified	fetch=233ms
75362	1789131472848	2	746	chunk-verified	fetch=281ms
75373	1789131472860	2	767	succeeded	attempt 1 watch=37ms
75391	1789131472878	2	620	admit-refused	stalled read ordinal 620
75392	1789131472878	2	767	admit-refused	stalled read ordinal 767
75392	1789131472879	2	758	admit-refused	stalled read ordinal 758
75393	1789131472879	2	755	admit-refused	stalled read ordinal 755
75409	1789131472895	2	764	chunk-verified	fetch=75ms
75414	1789131472901	2	737	chunk-verified	fetch=447ms
75415	1789131472902	2	761	admit-refused	stalled read ordinal 761
75434	1789131472921	2	734	chunk-verified	fetch=490ms
75437	1789131472923	2	731	chunk-verified	fetch=516ms
75515	1789131473002	2	767	chunk-verified	fetch=142ms
75614	1789131473100	2	758	chunk-verified	fetch=358ms
75619	1789131473105	2	755	chunk-verified	fetch=376ms
75634	1789131473121	2	761	chunk-verified	fetch=335ms
76621	1789131474107	2	41	chunk-verified	fetch=12004ms
76624	1789131474110	2	8	chunk-verified	fetch=12495ms
76640	1789131474126	2	17	chunk-verified	fetch=12420ms
77016	1789131474502	2	620	chunk-verified	fetch=3354ms
77283	1789131474769	2	92	chunk-verified	fetch=11523ms
77291	1789131474778	2	83	chunk-verified	fetch=11736ms
77308	1789131474794	2	89	chunk-verified	fetch=11605ms
77367	1789131474854	2	-1	scope-pages	1 pages
77437	1789131474923	2	-1	checkpoint	declared 256
77495	1789131474981	2	-1	complete	declared 256
77495	1789131474981	2	-1	commits	256 chunks
77574	1789131475061	2	-1	session-close	
0	1789131475168	-	-	final-verified	50331648 bytes
