205	1789236085568	1	-1	session-open	workload-b
205	1789236085568	0	-1	session-open	workload-a
285	1789236085647	0	-1	declared	batch 0: 100 entities
289	1789236085652	1	-1	declared	batch 0: 100 entities
305	1789236085668	2	-1	session-open	workload-c
370	1789236085732	0	-1	declared	batch 1: 100 entities
375	1789236085738	1	-1	declared	batch 1: 100 entities
454	1789236085817	2	-1	declared	batch 0: 100 entities
464	1789236085827	0	-1	declared	batch 2: 100 entities
468	1789236085831	1	-1	declared	batch 2: 100 entities
530	1789236085892	1	-1	declared	batch 3: 41 entities
535	1789236085898	0	-1	declared	batch 3: 42 entities
597	1789236085959	2	-1	declared	batch 1: 100 entities
743	1789236086105	1	31	admit-ceiling	LIMIT_EXCEEDED: client unresolved admission ceiling
748	1789236086111	2	-1	declared	batch 2: 100 entities
851	1789236086213	1	43	admit-ceiling	LIMIT_EXCEEDED: client unresolved admission ceiling
873	1789236086236	2	-1	declared	batch 3: 41 entities
926	1789236086288	1	37	admit-ceiling	LIMIT_EXCEEDED: client unresolved admission ceiling
963	1789236086326	1	40	admit-ceiling	LIMIT_EXCEEDED: client unresolved admission ceiling
999	1789236086362	1	16	admit-ceiling	LIMIT_EXCEEDED: client unresolved admission ceiling
1024	1789236086386	0	27	admit-ceiling	LIMIT_EXCEEDED: client unresolved admission ceiling
1034	1789236086396	1	19	admit-ceiling	LIMIT_EXCEEDED: client unresolved admission ceiling
1065	1789236086428	2	32	admit-ceiling	LIMIT_EXCEEDED: client unresolved admission ceiling
1071	1789236086433	1	22	admit-ceiling	LIMIT_EXCEEDED: client unresolved admission ceiling
1110	1789236086473	2	20	admit-ceiling	LIMIT_EXCEEDED: client unresolved admission ceiling
1140	1789236086503	1	7	admitted	admit=609ms
1158	1789236086520	2	41	admit-ceiling	LIMIT_EXCEEDED: client unresolved admission ceiling
1174	1789236086536	0	6	admitted	admit=638ms
1184	1789236086547	1	4	admitted	admit=653ms
1202	1789236086565	2	14	admit-ceiling	LIMIT_EXCEEDED: client unresolved admission ceiling
1218	1789236086581	0	45	admitted	admit=682ms
1223	1789236086585	1	1	admitted	admit=691ms
1253	1789236086616	0	9	admitted	admit=716ms
1258	1789236086621	1	13	admitted	admit=726ms
1284	1789236086647	2	47	admit-ceiling	LIMIT_EXCEEDED: client unresolved admission ceiling
1290	1789236086653	1	10	admitted	admit=758ms
1290	1789236086653	0	33	admitted	admit=753ms
1322	1789236086684	2	44	admit-ceiling	LIMIT_EXCEEDED: client unresolved admission ceiling
1326	1789236086688	1	46	admitted	admit=794ms
1326	1789236086689	0	36	admitted	admit=789ms
1329	1789236086692	1	43	admit-ceiling	LIMIT_EXCEEDED: client unresolved admission ceiling
1329	1789236086692	1	37	admit-ceiling	LIMIT_EXCEEDED: client unresolved admission ceiling
1329	1789236086692	1	40	admit-ceiling	LIMIT_EXCEEDED: client unresolved admission ceiling
1330	1789236086692	1	16	admit-ceiling	LIMIT_EXCEEDED: client unresolved admission ceiling
1330	1789236086693	1	19	admit-ceiling	LIMIT_EXCEEDED: client unresolved admission ceiling
1330	1789236086693	1	22	admit-ceiling	LIMIT_EXCEEDED: client unresolved admission ceiling
1356	1789236086719	2	29	admit-ceiling	LIMIT_EXCEEDED: client unresolved admission ceiling
1363	1789236086725	1	49	admit-ceiling	LIMIT_EXCEEDED: client unresolved admission ceiling
1367	1789236086730	0	0	admitted	admit=830ms
1395	1789236086757	2	11	admit-ceiling	LIMIT_EXCEEDED: client unresolved admission ceiling
1405	1789236086768	1	52	admit-ceiling	LIMIT_EXCEEDED: client unresolved admission ceiling
1405	1789236086768	0	39	admitted	admit=867ms
1425	1789236086788	2	8	admit-ceiling	LIMIT_EXCEEDED: client unresolved admission ceiling
1441	1789236086804	0	3	admitted	admit=904ms
1461	1789236086824	2	17	admit-ceiling	LIMIT_EXCEEDED: client unresolved admission ceiling
1476	1789236086839	1	58	admit-ceiling	LIMIT_EXCEEDED: client unresolved admission ceiling
1482	1789236086844	0	15	admitted	admit=944ms
1501	1789236086863	2	38	admit-ceiling	LIMIT_EXCEEDED: client unresolved admission ceiling
1510	1789236086873	1	61	admit-ceiling	LIMIT_EXCEEDED: client unresolved admission ceiling
1520	1789236086882	0	42	admitted	admit=982ms
1532	1789236086894	2	5	admitted	admit=658ms
1534	1789236086897	2	32	admit-ceiling	LIMIT_EXCEEDED: client unresolved admission ceiling
1534	1789236086897	2	20	admit-ceiling	LIMIT_EXCEEDED: client unresolved admission ceiling
1535	1789236086897	2	41	admit-ceiling	LIMIT_EXCEEDED: client unresolved admission ceiling
1535	1789236086897	2	14	admit-ceiling	LIMIT_EXCEEDED: client unresolved admission ceiling
1535	1789236086897	2	47	admit-ceiling	LIMIT_EXCEEDED: client unresolved admission ceiling
1535	1789236086897	2	44	admit-ceiling	LIMIT_EXCEEDED: client unresolved admission ceiling
1535	1789236086898	2	29	admit-ceiling	LIMIT_EXCEEDED: client unresolved admission ceiling
1535	1789236086898	2	11	admit-ceiling	LIMIT_EXCEEDED: client unresolved admission ceiling
1535	1789236086898	2	8	admit-ceiling	LIMIT_EXCEEDED: client unresolved admission ceiling
1564	1789236086927	0	24	admitted	admit=1026ms
1569	1789236086931	2	50	admit-ceiling	LIMIT_EXCEEDED: client unresolved admission ceiling
1569	1789236086932	2	17	admit-ceiling	LIMIT_EXCEEDED: client unresolved admission ceiling
1584	1789236086947	1	31	admit-retried	succeeded after 1 refusals
1584	1789236086947	1	31	admitted	admit=1052ms
1605	1789236086967	0	12	admitted	admit=1066ms
1618	1789236086981	1	55	admitted	admit=291ms
1622	1789236086984	1	49	admit-ceiling	LIMIT_EXCEEDED: client unresolved admission ceiling
1622	1789236086984	1	52	admit-ceiling	LIMIT_EXCEEDED: client unresolved admission ceiling
1622	1789236086985	1	43	admit-ceiling	LIMIT_EXCEEDED: client unresolved admission ceiling
1622	1789236086985	1	16	admit-ceiling	LIMIT_EXCEEDED: client unresolved admission ceiling
1623	1789236086985	1	40	admit-ceiling	LIMIT_EXCEEDED: client unresolved admission ceiling
1623	1789236086985	1	37	admit-ceiling	LIMIT_EXCEEDED: client unresolved admission ceiling
1623	1789236086985	1	19	admit-ceiling	LIMIT_EXCEEDED: client unresolved admission ceiling
1623	1789236086985	1	22	admit-ceiling	LIMIT_EXCEEDED: client unresolved admission ceiling
1623	1789236086986	1	58	admit-ceiling	LIMIT_EXCEEDED: client unresolved admission ceiling
1623	1789236086986	1	61	admit-ceiling	LIMIT_EXCEEDED: client unresolved admission ceiling
1639	1789236087002	0	30	admitted	admit=1101ms
1639	1789236087002	2	2	admitted	admit=765ms
1670	1789236087033	2	53	admit-ceiling	LIMIT_EXCEEDED: client unresolved admission ceiling
1671	1789236087033	2	50	admit-ceiling	LIMIT_EXCEEDED: client unresolved admission ceiling
1676	1789236087038	0	21	admitted	admit=1138ms
1690	1789236087053	1	70	admit-ceiling	LIMIT_EXCEEDED: client unresolved admission ceiling
1711	1789236087073	0	18	admitted	admit=1172ms
1726	1789236087089	1	64	admitted	admit=398ms
1737	1789236087099	2	14	admit-ceiling	LIMIT_EXCEEDED: client unresolved admission ceiling
1737	1789236087100	2	41	admit-ceiling	LIMIT_EXCEEDED: client unresolved admission ceiling
1737	1789236087100	2	47	admit-ceiling	LIMIT_EXCEEDED: client unresolved admission ceiling
1737	1789236087100	2	32	admit-ceiling	LIMIT_EXCEEDED: client unresolved admission ceiling
1738	1789236087100	2	20	admit-ceiling	LIMIT_EXCEEDED: client unresolved admission ceiling
1738	1789236087101	2	8	admit-ceiling	LIMIT_EXCEEDED: client unresolved admission ceiling
1738	1789236087101	2	44	admit-ceiling	LIMIT_EXCEEDED: client unresolved admission ceiling
1738	1789236087101	2	29	admit-ceiling	LIMIT_EXCEEDED: client unresolved admission ceiling
1739	1789236087101	2	11	admit-ceiling	LIMIT_EXCEEDED: client unresolved admission ceiling
1772	1789236087134	2	17	admit-ceiling	LIMIT_EXCEEDED: client unresolved admission ceiling
1772	1789236087134	2	53	admit-ceiling	LIMIT_EXCEEDED: client unresolved admission ceiling
1807	1789236087170	1	67	admitted	admit=187ms
1840	1789236087203	1	28	admitted	admit=1309ms
1843	1789236087205	1	49	admit-ceiling	LIMIT_EXCEEDED: client unresolved admission ceiling
1843	1789236087206	1	52	admit-ceiling	LIMIT_EXCEEDED: client unresolved admission ceiling
1843	1789236087206	1	61	admit-ceiling	LIMIT_EXCEEDED: client unresolved admission ceiling
1843	1789236087206	1	58	admit-ceiling	LIMIT_EXCEEDED: client unresolved admission ceiling
1872	1789236087234	2	50	admit-ceiling	LIMIT_EXCEEDED: client unresolved admission ceiling
1910	1789236087272	1	79	admit-ceiling	LIMIT_EXCEEDED: client unresolved admission ceiling
1929	1789236087291	0	63	admit-ceiling	LIMIT_EXCEEDED: client unresolved admission ceiling
1944	1789236087307	1	34	admitted	admit=1412ms
1964	1789236087326	0	66	admit-ceiling	LIMIT_EXCEEDED: client unresolved admission ceiling
1984	1789236087347	1	73	admitted	admit=257ms
2006	1789236087369	2	23	admitted	admit=1132ms
2026	1789236087388	1	76	admitted	admit=185ms
2042	1789236087405	2	26	admitted	admit=1168ms
2042	1789236087405	0	72	admit-ceiling	LIMIT_EXCEEDED: client unresolved admission ceiling
2062	1789236087425	1	25	admitted	admit=1529ms
2068	1789236087431	0	60	admit-refused	authority refusal LIMIT_EXCEEDED: aggregate admission capacity exhausted
2088	1789236087451	0	69	admit-refused	authority refusal LIMIT_EXCEEDED: aggregate admission capacity exhausted
2099	1789236087462	1	43	admit-ceiling	LIMIT_EXCEEDED: client unresolved admission ceiling
2099	1789236087462	1	16	admit-ceiling	LIMIT_EXCEEDED: client unresolved admission ceiling
2099	1789236087462	1	40	admit-ceiling	LIMIT_EXCEEDED: client unresolved admission ceiling
2100	1789236087462	1	37	admit-ceiling	LIMIT_EXCEEDED: client unresolved admission ceiling
2100	1789236087462	1	22	admit-ceiling	LIMIT_EXCEEDED: client unresolved admission ceiling
2109	1789236087471	0	57	admit-refused	authority refusal LIMIT_EXCEEDED: aggregate admission capacity exhausted
2119	1789236087482	2	59	admit-ceiling	LIMIT_EXCEEDED: client unresolved admission ceiling
2139	1789236087501	2	14	admit-ceiling	LIMIT_EXCEEDED: client unresolved admission ceiling
2139	1789236087502	2	20	admit-ceiling	LIMIT_EXCEEDED: client unresolved admission ceiling
2140	1789236087502	1	85	admit-ceiling	LIMIT_EXCEEDED: client unresolved admission ceiling
2140	1789236087503	2	41	admit-ceiling	LIMIT_EXCEEDED: client unresolved admission ceiling
2140	1789236087503	2	32	admit-ceiling	LIMIT_EXCEEDED: client unresolved admission ceiling
2140	1789236087503	2	47	admit-ceiling	LIMIT_EXCEEDED: client unresolved admission ceiling
2141	1789236087504	2	44	admit-ceiling	LIMIT_EXCEEDED: client unresolved admission ceiling
2141	1789236087504	2	29	admit-ceiling	LIMIT_EXCEEDED: client unresolved admission ceiling
2141	1789236087504	2	8	admit-ceiling	LIMIT_EXCEEDED: client unresolved admission ceiling
2141	1789236087504	2	11	admit-ceiling	LIMIT_EXCEEDED: client unresolved admission ceiling
2173	1789236087536	2	17	admit-ceiling	LIMIT_EXCEEDED: client unresolved admission ceiling
2181	1789236087543	1	88	admit-ceiling	LIMIT_EXCEEDED: client unresolved admission ceiling
2202	1789236087564	0	84	admit-ceiling	LIMIT_EXCEEDED: client unresolved admission ceiling
2221	1789236087584	2	59	admit-ceiling	LIMIT_EXCEEDED: client unresolved admission ceiling
2239	1789236087601	0	27	admit-retried	succeeded after 1 refusals
2239	1789236087601	0	27	admitted	admit=1700ms
2258	1789236087621	1	82	admitted	admit=273ms
2260	1789236087623	1	85	admit-ceiling	LIMIT_EXCEEDED: client unresolved admission ceiling
2260	1789236087623	1	49	admit-ceiling	LIMIT_EXCEEDED: client unresolved admission ceiling
2260	1789236087623	1	58	admit-ceiling	LIMIT_EXCEEDED: client unresolved admission ceiling
2260	1789236087623	1	61	admit-ceiling	LIMIT_EXCEEDED: client unresolved admission ceiling
2261	1789236087623	1	52	admit-ceiling	LIMIT_EXCEEDED: client unresolved admission ceiling
2274	1789236087637	2	50	admit-ceiling	LIMIT_EXCEEDED: client unresolved admission ceiling
2300	1789236087663	1	94	admit-ceiling	LIMIT_EXCEEDED: client unresolved admission ceiling
2301	1789236087663	1	88	admit-ceiling	LIMIT_EXCEEDED: client unresolved admission ceiling
2321	1789236087684	0	48	admitted	admit=756ms
2337	1789236087700	2	35	admitted	admit=1463ms
2358	1789236087721	1	91	admitted	admit=294ms
2358	1789236087721	0	51	admitted	admit=753ms
2389	1789236087751	0	87	admit-refused	authority refusal LIMIT_EXCEEDED: aggregate admission capacity exhausted
2402	1789236087765	1	94	admit-ceiling	LIMIT_EXCEEDED: client unresolved admission ceiling
2423	1789236087786	2	59	admit-ceiling	LIMIT_EXCEEDED: client unresolved admission ceiling
2433	1789236087795	0	81	admitted	admit=721ms
2435	1789236087797	0	63	admit-ceiling	LIMIT_EXCEEDED: client unresolved admission ceiling
2435	1789236087798	0	66	admit-ceiling	LIMIT_EXCEEDED: client unresolved admission ceiling
2435	1789236087798	0	72	admit-ceiling	LIMIT_EXCEEDED: client unresolved admission ceiling
2435	1789236087798	0	60	admit-ceiling	LIMIT_EXCEEDED: client unresolved admission ceiling
2435	1789236087798	0	69	admit-ceiling	LIMIT_EXCEEDED: client unresolved admission ceiling
2436	1789236087798	0	57	admit-ceiling	LIMIT_EXCEEDED: client unresolved admission ceiling
2436	1789236087798	0	84	admit-ceiling	LIMIT_EXCEEDED: client unresolved admission ceiling
2462	1789236087824	1	85	admit-ceiling	LIMIT_EXCEEDED: client unresolved admission ceiling
2474	1789236087836	0	93	admit-ceiling	LIMIT_EXCEEDED: client unresolved admission ceiling
2510	1789236087873	1	97	admitted	admit=151ms
2510	1789236087873	0	96	admit-ceiling	LIMIT_EXCEEDED: client unresolved admission ceiling
2550	1789236087912	0	99	admit-ceiling	LIMIT_EXCEEDED: client unresolved admission ceiling
2581	1789236087944	1	79	admit-retried	succeeded after 1 refusals
2581	1789236087944	1	79	admitted	admit=740ms
2590	1789236087953	0	102	admit-ceiling	LIMIT_EXCEEDED: client unresolved admission ceiling
2591	1789236087954	0	87	admit-ceiling	LIMIT_EXCEEDED: client unresolved admission ceiling
2591	1789236087954	0	93	admit-ceiling	LIMIT_EXCEEDED: client unresolved admission ceiling
2612	1789236087975	0	96	admit-ceiling	LIMIT_EXCEEDED: client unresolved admission ceiling
2616	1789236087978	1	103	admit-ceiling	LIMIT_EXCEEDED: client unresolved admission ceiling
2616	1789236087979	1	94	admit-ceiling	LIMIT_EXCEEDED: client unresolved admission ceiling
2621	1789236087983	1	100	admit-refused	authority refusal LIMIT_EXCEEDED: aggregate admission capacity exhausted
2624	1789236087987	1	88	admit-refused	authority refusal LIMIT_EXCEEDED: aggregate admission capacity exhausted
2638	1789236088001	0	84	admit-ceiling	LIMIT_EXCEEDED: client unresolved admission ceiling
2638	1789236088001	0	72	admit-ceiling	LIMIT_EXCEEDED: client unresolved admission ceiling
2639	1789236088001	0	63	admit-ceiling	LIMIT_EXCEEDED: client unresolved admission ceiling
2639	1789236088001	0	57	admit-ceiling	LIMIT_EXCEEDED: client unresolved admission ceiling
2639	1789236088001	0	60	admit-ceiling	LIMIT_EXCEEDED: client unresolved admission ceiling
2639	1789236088001	0	66	admit-ceiling	LIMIT_EXCEEDED: client unresolved admission ceiling
2639	1789236088002	0	69	admit-ceiling	LIMIT_EXCEEDED: client unresolved admission ceiling
2652	1789236088014	0	99	admit-ceiling	LIMIT_EXCEEDED: client unresolved admission ceiling
2672	1789236088035	2	38	admit-retried	succeeded after 1 refusals
2672	1789236088035	2	38	admitted	admit=1797ms
2692	1789236088055	0	102	admit-ceiling	LIMIT_EXCEEDED: client unresolved admission ceiling
2793	1789236088155	0	90	admit-refused	authority refusal LIMIT_EXCEEDED: aggregate admission capacity exhausted
2794	1789236088156	0	87	admit-ceiling	LIMIT_EXCEEDED: client unresolved admission ceiling
2814	1789236088176	0	96	admit-ceiling	LIMIT_EXCEEDED: client unresolved admission ceiling
2825	1789236088188	2	59	admit-ceiling	LIMIT_EXCEEDED: client unresolved admission ceiling
2853	1789236088216	1	103	admit-refused	authority refusal LIMIT_EXCEEDED: aggregate admission capacity exhausted
2854	1789236088216	0	99	admit-ceiling	LIMIT_EXCEEDED: client unresolved admission ceiling
2868	1789236088230	1	70	admit-retried	succeeded after 1 refusals
2868	1789236088230	1	70	admitted	admit=1247ms
2903	1789236088266	0	93	admit-retried	succeeded after 2 refusals
2903	1789236088266	0	93	admitted	admit=503ms
2905	1789236088267	0	102	admit-ceiling	LIMIT_EXCEEDED: client unresolved admission ceiling
2910	1789236088272	1	100	admit-refused	authority refusal LIMIT_EXCEEDED: aggregate admission capacity exhausted
2911	1789236088273	1	22	admit-ceiling	LIMIT_EXCEEDED: client unresolved admission ceiling
2911	1789236088273	1	40	admit-ceiling	LIMIT_EXCEEDED: client unresolved admission ceiling
2911	1789236088274	1	16	admit-ceiling	LIMIT_EXCEEDED: client unresolved admission ceiling
2911	1789236088274	1	43	admit-ceiling	LIMIT_EXCEEDED: client unresolved admission ceiling
2939	1789236088301	0	105	admit-ceiling	LIMIT_EXCEEDED: client unresolved admission ceiling
2941	1789236088303	2	20	admit-ceiling	LIMIT_EXCEEDED: client unresolved admission ceiling
2941	1789236088304	2	14	admit-ceiling	LIMIT_EXCEEDED: client unresolved admission ceiling
2942	1789236088304	2	41	admit-ceiling	LIMIT_EXCEEDED: client unresolved admission ceiling
2942	1789236088305	2	47	admit-ceiling	LIMIT_EXCEEDED: client unresolved admission ceiling
2942	1789236088305	2	32	admit-ceiling	LIMIT_EXCEEDED: client unresolved admission ceiling
2943	1789236088306	2	11	admit-ceiling	LIMIT_EXCEEDED: client unresolved admission ceiling
2943	1789236088306	2	29	admit-ceiling	LIMIT_EXCEEDED: client unresolved admission ceiling
2943	1789236088306	2	44	admit-ceiling	LIMIT_EXCEEDED: client unresolved admission ceiling
2943	1789236088306	2	8	admit-ceiling	LIMIT_EXCEEDED: client unresolved admission ceiling
2960	1789236088322	0	90	admit-refused	authority refusal LIMIT_EXCEEDED: aggregate admission capacity exhausted
2975	1789236088337	2	17	admit-ceiling	LIMIT_EXCEEDED: client unresolved admission ceiling
3009	1789236088371	1	106	admit-refused	authority refusal LIMIT_EXCEEDED: aggregate admission capacity exhausted
3023	1789236088386	1	85	admit-retried	succeeded after 3 refusals
3023	1789236088386	1	85	admitted	admit=997ms
3029	1789236088391	1	19	admit-refused	authority refusal LIMIT_EXCEEDED: aggregate admission capacity exhausted
3039	1789236088401	2	53	admit-retried	succeeded after 2 refusals
3039	1789236088401	2	53	admitted	admit=1398ms
3041	1789236088403	0	84	admit-ceiling	LIMIT_EXCEEDED: client unresolved admission ceiling
3041	1789236088404	0	72	admit-ceiling	LIMIT_EXCEEDED: client unresolved admission ceiling
3041	1789236088404	0	63	admit-ceiling	LIMIT_EXCEEDED: client unresolved admission ceiling
3042	1789236088404	0	105	admit-ceiling	LIMIT_EXCEEDED: client unresolved admission ceiling
3042	1789236088405	0	69	admit-ceiling	LIMIT_EXCEEDED: client unresolved admission ceiling
3042	1789236088405	0	60	admit-ceiling	LIMIT_EXCEEDED: client unresolved admission ceiling
3042	1789236088405	0	66	admit-ceiling	LIMIT_EXCEEDED: client unresolved admission ceiling
3059	1789236088422	1	103	admit-ceiling	LIMIT_EXCEEDED: client unresolved admission ceiling
3063	1789236088425	1	52	admit-ceiling	LIMIT_EXCEEDED: client unresolved admission ceiling
3063	1789236088426	1	58	admit-ceiling	LIMIT_EXCEEDED: client unresolved admission ceiling
3063	1789236088426	1	61	admit-ceiling	LIMIT_EXCEEDED: client unresolved admission ceiling
3063	1789236088426	1	49	admit-ceiling	LIMIT_EXCEEDED: client unresolved admission ceiling
3063	1789236088426	0	78	admit-refused	authority refusal LIMIT_EXCEEDED: aggregate admission capacity exhausted
3064	1789236088426	1	37	admit-refused	authority refusal LIMIT_EXCEEDED: aggregate admission capacity exhausted
3076	1789236088438	2	50	admit-ceiling	LIMIT_EXCEEDED: client unresolved admission ceiling
3095	1789236088457	1	94	admit-refused	authority refusal LIMIT_EXCEEDED: aggregate admission capacity exhausted
3151	1789236088514	1	109	admit-refused	authority refusal LIMIT_EXCEEDED: aggregate admission capacity exhausted
3164	1789236088527	2	56	admitted	admit=1157ms
3165	1789236088528	0	78	admit-ceiling	LIMIT_EXCEEDED: client unresolved admission ceiling
3181	1789236088544	1	88	admit-refused	authority refusal LIMIT_EXCEEDED: aggregate admission capacity exhausted
3196	1789236088559	0	87	admit-ceiling	LIMIT_EXCEEDED: client unresolved admission ceiling
3198	1789236088561	1	106	admit-refused	authority refusal LIMIT_EXCEEDED: aggregate admission capacity exhausted
3215	1789236088577	0	96	admit-ceiling	LIMIT_EXCEEDED: client unresolved admission ceiling
3265	1789236088627	0	54	admitted	admit=1624ms
3266	1789236088628	0	99	admit-ceiling	LIMIT_EXCEEDED: client unresolved admission ceiling
3295	1789236088657	0	108	admit-ceiling	LIMIT_EXCEEDED: client unresolved admission ceiling
3307	1789236088669	0	102	admit-ceiling	LIMIT_EXCEEDED: client unresolved admission ceiling
3368	1789236088731	2	62	admitted	admit=1030ms
3385	1789236088748	0	105	admit-retried	succeeded after 2 refusals
3385	1789236088748	0	105	admitted	admit=481ms
3415	1789236088778	0	111	admit-ceiling	LIMIT_EXCEEDED: client unresolved admission ceiling
3416	1789236088779	0	108	admit-ceiling	LIMIT_EXCEEDED: client unresolved admission ceiling
3442	1789236088805	1	109	admit-refused	authority refusal LIMIT_EXCEEDED: aggregate admission capacity exhausted
3457	1789236088819	1	106	admit-refused	authority refusal LIMIT_EXCEEDED: aggregate admission capacity exhausted
3517	1789236088880	0	111	admit-ceiling	LIMIT_EXCEEDED: client unresolved admission ceiling
3610	1789236088972	1	103	admit-refused	authority refusal LIMIT_EXCEEDED: aggregate admission capacity exhausted
3618	1789236088980	0	108	admit-ceiling	LIMIT_EXCEEDED: client unresolved admission ceiling
3627	1789236088989	2	59	admit-ceiling	LIMIT_EXCEEDED: client unresolved admission ceiling
3719	1789236089082	0	111	admit-ceiling	LIMIT_EXCEEDED: client unresolved admission ceiling
3810	1789236089173	2	65	admitted	admit=1137ms
3842	1789236089205	0	84	admit-ceiling	LIMIT_EXCEEDED: client unresolved admission ceiling
3843	1789236089205	0	63	admit-ceiling	LIMIT_EXCEEDED: client unresolved admission ceiling
3843	1789236089206	0	72	admit-ceiling	LIMIT_EXCEEDED: client unresolved admission ceiling
3844	1789236089207	0	66	admit-ceiling	LIMIT_EXCEEDED: client unresolved admission ceiling
3844	1789236089207	0	60	admit-ceiling	LIMIT_EXCEEDED: client unresolved admission ceiling
3845	1789236089207	0	69	admit-ceiling	LIMIT_EXCEEDED: client unresolved admission ceiling
3897	1789236089259	1	94	admit-ceiling	LIMIT_EXCEEDED: client unresolved admission ceiling
3969	1789236089332	0	57	admit-retried	succeeded after 3 refusals
3969	1789236089332	0	57	admitted	admit=2293ms
3983	1789236089346	1	88	admit-ceiling	LIMIT_EXCEEDED: client unresolved admission ceiling
4006	1789236089368	0	87	admit-ceiling	LIMIT_EXCEEDED: client unresolved admission ceiling
4017	1789236089379	0	96	admit-ceiling	LIMIT_EXCEEDED: client unresolved admission ceiling
4019	1789236089382	0	108	admit-ceiling	LIMIT_EXCEEDED: client unresolved admission ceiling
4068	1789236089430	0	99	admit-ceiling	LIMIT_EXCEEDED: client unresolved admission ceiling
4074	1789236089437	2	71	admitted	admit=909ms
4103	1789236089466	0	90	admit-retried	succeeded after 2 refusals
4103	1789236089466	0	90	admitted	admit=2390ms
4137	1789236089500	0	102	admit-ceiling	LIMIT_EXCEEDED: client unresolved admission ceiling
4137	1789236089500	0	111	admit-ceiling	LIMIT_EXCEEDED: client unresolved admission ceiling
4195	1789236089558	1	100	admit-retried	succeeded after 2 refusals
4195	1789236089558	1	100	admitted	admit=1684ms
4201	1789236089563	0	114	admitted	admit=230ms
4251	1789236089613	2	68	admitted	admit=1211ms
4322	1789236089684	0	120	admit-refused	authority refusal LIMIT_EXCEEDED: aggregate admission capacity exhausted
4325	1789236089687	0	117	admitted	admit=221ms
4360	1789236089722	1	112	admitted	admit=164ms
4411	1789236089773	1	103	admit-ceiling	LIMIT_EXCEEDED: client unresolved admission ceiling
4473	1789236089836	0	120	admit-refused	authority refusal LIMIT_EXCEEDED: aggregate admission capacity exhausted
4488	1789236089851	0	123	admit-refused	authority refusal LIMIT_EXCEEDED: aggregate admission capacity exhausted
4514	1789236089876	1	43	admit-ceiling	LIMIT_EXCEEDED: client unresolved admission ceiling
4514	1789236089876	1	22	admit-ceiling	LIMIT_EXCEEDED: client unresolved admission ceiling
4514	1789236089876	1	16	admit-ceiling	LIMIT_EXCEEDED: client unresolved admission ceiling
4514	1789236089877	1	40	admit-ceiling	LIMIT_EXCEEDED: client unresolved admission ceiling
4523	1789236089886	2	74	admitted	admit=1155ms
4564	1789236089926	2	20	admit-ceiling	LIMIT_EXCEEDED: client unresolved admission ceiling
4564	1789236089926	2	14	admit-ceiling	LIMIT_EXCEEDED: client unresolved admission ceiling
4564	1789236089926	2	32	admit-ceiling	LIMIT_EXCEEDED: client unresolved admission ceiling
4564	1789236089927	2	41	admit-ceiling	LIMIT_EXCEEDED: client unresolved admission ceiling
4564	1789236089927	2	47	admit-ceiling	LIMIT_EXCEEDED: client unresolved admission ceiling
4564	1789236089927	2	11	admit-ceiling	LIMIT_EXCEEDED: client unresolved admission ceiling
4564	1789236089927	2	44	admit-ceiling	LIMIT_EXCEEDED: client unresolved admission ceiling
4564	1789236089927	2	8	admit-ceiling	LIMIT_EXCEEDED: client unresolved admission ceiling
4565	1789236089927	2	29	admit-ceiling	LIMIT_EXCEEDED: client unresolved admission ceiling
4576	1789236089939	2	17	admit-ceiling	LIMIT_EXCEEDED: client unresolved admission ceiling
4667	1789236090029	1	49	admit-ceiling	LIMIT_EXCEEDED: client unresolved admission ceiling
4667	1789236090029	1	61	admit-ceiling	LIMIT_EXCEEDED: client unresolved admission ceiling
4667	1789236090029	1	52	admit-ceiling	LIMIT_EXCEEDED: client unresolved admission ceiling
4667	1789236090030	1	58	admit-ceiling	LIMIT_EXCEEDED: client unresolved admission ceiling
4667	1789236090030	1	37	admit-ceiling	LIMIT_EXCEEDED: client unresolved admission ceiling
4670	1789236090033	0	75	admit-refused	authority refusal LIMIT_EXCEEDED: aggregate admission capacity exhausted
4677	1789236090040	2	50	admit-ceiling	LIMIT_EXCEEDED: client unresolved admission ceiling
4690	1789236090053	0	123	admit-retried	succeeded after 1 refusals
4690	1789236090053	0	123	admitted	admit=364ms
4779	1789236090142	1	109	admit-retried	succeeded after 2 refusals
4779	1789236090142	1	109	admitted	admit=1755ms
4821	1789236090183	0	75	admit-refused	authority refusal LIMIT_EXCEEDED: aggregate admission capacity exhausted
4823	1789236090185	0	120	admit-refused	authority refusal LIMIT_EXCEEDED: aggregate admission capacity exhausted
4840	1789236090203	0	126	admitted	admit=149ms
4992	1789236090354	1	118	admitted	admit=212ms
5013	1789236090375	0	111	admit-refused	authority refusal LIMIT_EXCEEDED: aggregate admission capacity exhausted
5061	1789236090423	1	115	admitted	admit=700ms
5081	1789236090444	2	77	admitted	admit=1270ms
5100	1789236090462	1	19	admit-retried	succeeded after 4 refusals
5100	1789236090462	1	19	admitted	admit=4567ms
5125	1789236090488	0	108	admit-refused	authority refusal LIMIT_EXCEEDED: aggregate admission capacity exhausted
5138	1789236090500	1	121	admitted	admit=145ms
5141	1789236090503	0	75	admit-retried	succeeded after 2 refusals
5141	1789236090503	0	75	admitted	admit=3429ms
5162	1789236090524	0	129	admit-refused	authority refusal LIMIT_EXCEEDED: aggregate admission capacity exhausted
5229	1789236090592	2	59	admit-ceiling	LIMIT_EXCEEDED: client unresolved admission ceiling
5272	1789236090634	1	127	admit-refused	authority refusal LIMIT_EXCEEDED: aggregate admission capacity exhausted
5285	1789236090647	1	124	admitted	admit=184ms
5313	1789236090675	1	130	admit-refused	authority refusal LIMIT_EXCEEDED: aggregate admission capacity exhausted
5377	1789236090740	2	83	admitted	admit=1126ms
5402	1789236090764	0	120	admit-refused	authority refusal LIMIT_EXCEEDED: aggregate admission capacity exhausted
5413	1789236090776	1	106	admit-refused	authority refusal LIMIT_EXCEEDED: aggregate admission capacity exhausted
5445	1789236090807	0	63	admit-ceiling	LIMIT_EXCEEDED: client unresolved admission ceiling
5445	1789236090807	0	72	admit-ceiling	LIMIT_EXCEEDED: client unresolved admission ceiling
5447	1789236090809	0	69	admit-ceiling	LIMIT_EXCEEDED: client unresolved admission ceiling
5447	1789236090809	0	66	admit-ceiling	LIMIT_EXCEEDED: client unresolved admission ceiling
5447	1789236090809	0	60	admit-ceiling	LIMIT_EXCEEDED: client unresolved admission ceiling
5488	1789236090850	1	130	admit-refused	authority refusal LIMIT_EXCEEDED: aggregate admission capacity exhausted
5507	1789236090870	1	127	admit-retried	succeeded after 1 refusals
5507	1789236090870	1	127	admitted	admit=406ms
5508	1789236090871	1	133	admit-refused	authority refusal LIMIT_EXCEEDED: aggregate admission capacity exhausted
5561	1789236090923	0	132	admit-refused	authority refusal LIMIT_EXCEEDED: aggregate admission capacity exhausted
5566	1789236090929	1	94	admit-refused	authority refusal LIMIT_EXCEEDED: aggregate admission capacity exhausted
5619	1789236090981	0	96	admit-ceiling	LIMIT_EXCEEDED: client unresolved admission ceiling
5663	1789236091026	0	132	admit-ceiling	LIMIT_EXCEEDED: client unresolved admission ceiling
5670	1789236091032	0	99	admit-ceiling	LIMIT_EXCEEDED: client unresolved admission ceiling
5671	1789236091033	1	133	admit-refused	authority refusal LIMIT_EXCEEDED: aggregate admission capacity exhausted
5673	1789236091036	1	88	admit-refused	authority refusal LIMIT_EXCEEDED: aggregate admission capacity exhausted
5708	1789236091071	2	80	admitted	admit=1633ms
5735	1789236091097	0	84	admit-refused	authority refusal LIMIT_EXCEEDED: aggregate admission capacity exhausted
5789	1789236091152	1	130	admit-refused	authority refusal LIMIT_EXCEEDED: aggregate admission capacity exhausted
5810	1789236091173	0	102	admit-refused	authority refusal LIMIT_EXCEEDED: aggregate admission capacity exhausted
5851	1789236091214	0	87	admit-refused	authority refusal LIMIT_EXCEEDED: aggregate admission capacity exhausted
5974	1789236091337	1	133	admit-retried	succeeded after 2 refusals
5974	1789236091337	1	133	admitted	admit=689ms
5975	1789236091338	0	78	admit-refused	authority refusal LIMIT_EXCEEDED: aggregate admission capacity exhausted
5989	1789236091352	0	132	admit-refused	authority refusal LIMIT_EXCEEDED: aggregate admission capacity exhausted
6122	1789236091485	1	103	admit-refused	authority refusal LIMIT_EXCEEDED: aggregate admission capacity exhausted
6137	1789236091500	1	139	admitted	admit=162ms
6223	1789236091586	2	86	admitted	admit=1699ms
6402	1789236091765	1	142	admit-refused	authority refusal LIMIT_EXCEEDED: aggregate admission capacity exhausted
6418	1789236091780	1	106	admit-refused	authority refusal LIMIT_EXCEEDED: aggregate admission capacity exhausted
6434	1789236091797	2	89	admitted	admit=1352ms
6504	1789236091867	0	78	admit-retried	succeeded after 3 refusals
6504	1789236091867	0	78	admitted	admit=4793ms
6609	1789236091971	0	135	admit-refused	authority refusal LIMIT_EXCEEDED: aggregate admission capacity exhausted
6628	1789236091991	0	129	admit-retried	succeeded after 1 refusals
6628	1789236091991	0	129	admitted	admit=1787ms
6634	1789236091997	1	136	admit-refused	authority refusal LIMIT_EXCEEDED: aggregate admission capacity exhausted
6654	1789236092016	1	142	admit-refused	authority refusal LIMIT_EXCEEDED: aggregate admission capacity exhausted
6711	1789236092073	0	135	admit-ceiling	LIMIT_EXCEEDED: client unresolved admission ceiling
6738	1789236092100	2	92	admitted	admit=1360ms
6757	1789236092120	0	120	admit-retried	succeeded after 4 refusals
6757	1789236092120	0	120	admitted	admit=2556ms
6818	1789236092181	0	108	admit-refused	authority refusal LIMIT_EXCEEDED: aggregate admission capacity exhausted
6832	1789236092195	0	138	admitted	admit=203ms
6838	1789236092201	0	132	admit-refused	authority refusal LIMIT_EXCEEDED: aggregate admission capacity exhausted
6854	1789236092216	0	141	admit-refused	authority refusal LIMIT_EXCEEDED: aggregate admission capacity exhausted
6870	1789236092233	0	111	admit-refused	authority refusal LIMIT_EXCEEDED: aggregate admission capacity exhausted
6889	1789236092251	2	95	admitted	admit=1180ms
7064	1789236092427	1	142	admit-refused	authority refusal LIMIT_EXCEEDED: aggregate admission capacity exhausted
7129	1789236092491	1	136	admit-refused	authority refusal LIMIT_EXCEEDED: aggregate admission capacity exhausted
7186	1789236092549	1	130	admit-refused	authority refusal LIMIT_EXCEEDED: aggregate admission capacity exhausted
7208	1789236092570	0	141	admit-refused	authority refusal LIMIT_EXCEEDED: aggregate admission capacity exhausted
7411	1789236092774	0	144	admitted	admit=578ms
7416	1789236092779	2	98	admitted	admit=1192ms
7451	1789236092814	1	136	admit-retried	succeeded after 2 refusals
7451	1789236092814	1	136	admitted	admit=1943ms
7507	1789236092870	0	147	admit-refused	authority refusal LIMIT_EXCEEDED: aggregate admission capacity exhausted
7526	1789236092889	0	141	admit-retried	succeeded after 2 refusals
7526	1789236092889	0	141	admitted	admit=768ms
7578	1789236092941	1	142	admit-refused	authority refusal LIMIT_EXCEEDED: aggregate admission capacity exhausted
7594	1789236092956	2	101	admitted	admit=1159ms
7674	1789236093037	0	147	admit-refused	authority refusal LIMIT_EXCEEDED: aggregate admission capacity exhausted
7717	1789236093079	1	22	admit-ceiling	LIMIT_EXCEEDED: client unresolved admission ceiling
7758	1789236093121	0	132	admit-retried	succeeded after 4 refusals
7758	1789236093121	0	132	admitted	admit=2617ms
7765	1789236093127	2	20	admit-ceiling	LIMIT_EXCEEDED: client unresolved admission ceiling
7768	1789236093131	2	29	admit-ceiling	LIMIT_EXCEEDED: client unresolved admission ceiling
7768	1789236093131	2	47	admit-ceiling	LIMIT_EXCEEDED: client unresolved admission ceiling
7768	1789236093131	2	11	admit-ceiling	LIMIT_EXCEEDED: client unresolved admission ceiling
7768	1789236093131	2	44	admit-ceiling	LIMIT_EXCEEDED: client unresolved admission ceiling
7769	1789236093131	2	14	admit-ceiling	LIMIT_EXCEEDED: client unresolved admission ceiling
7769	1789236093131	2	32	admit-ceiling	LIMIT_EXCEEDED: client unresolved admission ceiling
7769	1789236093131	2	8	admit-ceiling	LIMIT_EXCEEDED: client unresolved admission ceiling
7769	1789236093131	2	41	admit-ceiling	LIMIT_EXCEEDED: client unresolved admission ceiling
7777	1789236093140	2	17	admit-ceiling	LIMIT_EXCEEDED: client unresolved admission ceiling
7869	1789236093231	1	49	admit-ceiling	LIMIT_EXCEEDED: client unresolved admission ceiling
7870	1789236093232	1	52	admit-ceiling	LIMIT_EXCEEDED: client unresolved admission ceiling
7870	1789236093233	1	61	admit-ceiling	LIMIT_EXCEEDED: client unresolved admission ceiling
7870	1789236093233	1	37	admit-ceiling	LIMIT_EXCEEDED: client unresolved admission ceiling
7870	1789236093233	1	58	admit-ceiling	LIMIT_EXCEEDED: client unresolved admission ceiling
7877	1789236093239	2	104	admitted	admit=1138ms
7911	1789236093274	2	50	admit-ceiling	LIMIT_EXCEEDED: client unresolved admission ceiling
7912	1789236093275	0	153	admit-refused	authority refusal LIMIT_EXCEEDED: aggregate admission capacity exhausted
7960	1789236093322	2	110	admit-refused	authority refusal LIMIT_EXCEEDED: retained input, output or executor capacity
7981	1789236093344	2	107	admitted	admit=1092ms
7992	1789236093355	2	113	admit-refused	authority refusal LIMIT_EXCEEDED: retained input, output or executor capacity
8004	1789236093367	1	145	admitted	admit=552ms
8039	1789236093402	1	40	admit-retried	succeeded after 6 refusals
8040	1789236093402	1	40	admitted	admit=7507ms
8041	1789236093403	2	116	admit-refused	authority refusal LIMIT_EXCEEDED: retained input, output or executor capacity
8075	1789236093438	1	148	admit-ceiling	LIMIT_EXCEEDED: client unresolved admission ceiling
8111	1789236093473	1	151	admit-ceiling	LIMIT_EXCEEDED: client unresolved admission ceiling
8138	1789236093501	1	43	admit-refused	authority refusal LIMIT_EXCEEDED: aggregate admission capacity exhausted
8147	1789236093510	1	106	admit-retried	succeeded after 5 refusals
8147	1789236093510	1	106	admitted	admit=5278ms
8213	1789236093575	1	151	admit-ceiling	LIMIT_EXCEEDED: client unresolved admission ceiling
8380	1789236093743	1	142	admit-ceiling	LIMIT_EXCEEDED: client unresolved admission ceiling
8415	1789236093777	1	151	admit-ceiling	LIMIT_EXCEEDED: client unresolved admission ceiling
8431	1789236093793	2	59	admit-ceiling	LIMIT_EXCEEDED: client unresolved admission ceiling
8487	1789236093850	0	150	admitted	admit=960ms
8628	1789236093990	1	154	admitted	admit=480ms
8646	1789236094008	0	63	admit-ceiling	LIMIT_EXCEEDED: client unresolved admission ceiling
8648	1789236094011	0	69	admit-ceiling	LIMIT_EXCEEDED: client unresolved admission ceiling
8648	1789236094011	0	72	admit-ceiling	LIMIT_EXCEEDED: client unresolved admission ceiling
8648	1789236094011	0	66	admit-ceiling	LIMIT_EXCEEDED: client unresolved admission ceiling
8649	1789236094011	0	60	admit-ceiling	LIMIT_EXCEEDED: client unresolved admission ceiling
8691	1789236094053	0	156	admitted	admit=203ms
8721	1789236094084	0	147	admit-retried	succeeded after 2 refusals
8721	1789236094084	0	147	admitted	admit=1309ms
8768	1789236094130	1	94	admit-ceiling	LIMIT_EXCEEDED: client unresolved admission ceiling
8818	1789236094180	1	151	admit-ceiling	LIMIT_EXCEEDED: client unresolved admission ceiling
8822	1789236094184	0	96	admit-ceiling	LIMIT_EXCEEDED: client unresolved admission ceiling
8872	1789236094235	0	99	admit-ceiling	LIMIT_EXCEEDED: client unresolved admission ceiling
8875	1789236094237	1	88	admit-ceiling	LIMIT_EXCEEDED: client unresolved admission ceiling
8936	1789236094298	0	84	admit-ceiling	LIMIT_EXCEEDED: client unresolved admission ceiling
8946	1789236094308	0	162	admit-refused	authority refusal LIMIT_EXCEEDED: aggregate admission capacity exhausted
8965	1789236094328	2	119	admitted	admit=983ms
8999	1789236094362	0	153	admit-refused	authority refusal LIMIT_EXCEEDED: aggregate admission capacity exhausted
9043	1789236094405	2	113	admit-refused	authority refusal LIMIT_EXCEEDED: retained input, output or executor capacity
9046	1789236094409	1	148	admit-retried	succeeded after 1 refusals
9046	1789236094409	1	148	admitted	admit=1006ms
9053	1789236094416	0	87	admit-ceiling	LIMIT_EXCEEDED: client unresolved admission ceiling
9073	1789236094435	0	159	admit-refused	authority refusal LIMIT_EXCEEDED: aggregate admission capacity exhausted
9097	1789236094460	2	116	admit-refused	authority refusal LIMIT_EXCEEDED: retained input, output or executor capacity
9113	1789236094476	2	122	admit-refused	authority refusal LIMIT_EXCEEDED: retained input, output or executor capacity
9117	1789236094480	1	130	admit-retried	succeeded after 4 refusals
9117	1789236094480	1	130	admitted	admit=3978ms
9124	1789236094486	0	102	admit-refused	authority refusal LIMIT_EXCEEDED: aggregate admission capacity exhausted
9144	1789236094506	0	162	admit-refused	authority refusal LIMIT_EXCEEDED: aggregate admission capacity exhausted
9147	1789236094509	2	110	admit-retried	succeeded after 1 refusals
9147	1789236094510	2	110	admitted	admit=1730ms
9193	1789236094556	1	160	admitted	admit=146ms
9255	1789236094617	0	159	admit-refused	authority refusal LIMIT_EXCEEDED: aggregate admission capacity exhausted
9270	1789236094633	0	153	admit-refused	authority refusal LIMIT_EXCEEDED: aggregate admission capacity exhausted
9281	1789236094644	1	166	admit-refused	authority refusal LIMIT_EXCEEDED: aggregate admission capacity exhausted
9304	1789236094666	0	135	admit-refused	authority refusal LIMIT_EXCEEDED: aggregate admission capacity exhausted
9383	1789236094745	1	166	admit-ceiling	LIMIT_EXCEEDED: client unresolved admission ceiling
9420	1789236094782	1	103	admit-refused	authority refusal LIMIT_EXCEEDED: aggregate admission capacity exhausted
9481	1789236094844	0	162	admit-retried	succeeded after 2 refusals
9481	1789236094844	0	162	admitted	admit=759ms
9572	1789236094934	0	165	admit-refused	authority refusal LIMIT_EXCEEDED: aggregate admission capacity exhausted
9581	1789236094943	1	157	admitted	admit=952ms
9619	1789236094982	1	151	admit-ceiling	LIMIT_EXCEEDED: client unresolved admission ceiling
9637	1789236095000	0	159	admit-refused	authority refusal LIMIT_EXCEEDED: aggregate admission capacity exhausted
9737	1789236095100	1	166	admit-retried	succeeded after 2 refusals
9737	1789236095100	1	166	admitted	admit=544ms
9773	1789236095136	1	16	admit-retried	succeeded after 6 refusals
9773	1789236095136	1	16	admitted	admit=9240ms
9794	1789236095157	1	169	admit-refused	authority refusal LIMIT_EXCEEDED: aggregate admission capacity exhausted
9797	1789236095159	0	165	admit-refused	authority refusal LIMIT_EXCEEDED: aggregate admission capacity exhausted
9830	1789236095192	0	135	admit-retried	succeeded after 3 refusals
9830	1789236095192	0	135	admitted	admit=3325ms
9948	1789236095310	1	175	admit-refused	authority refusal LIMIT_EXCEEDED: aggregate admission capacity exhausted
9961	1789236095324	1	172	admit-refused	authority refusal LIMIT_EXCEEDED: aggregate admission capacity exhausted
9972	1789236095334	0	168	admit-refused	authority refusal LIMIT_EXCEEDED: aggregate admission capacity exhausted
9977	1789236095339	1	169	admit-refused	authority refusal LIMIT_EXCEEDED: aggregate admission capacity exhausted
9987	1789236095349	0	153	admit-refused	authority refusal LIMIT_EXCEEDED: aggregate admission capacity exhausted
10070	1789236095432	2	125	admitted	admit=922ms
10072	1789236095435	0	168	admit-ceiling	LIMIT_EXCEEDED: client unresolved admission ceiling
10145	1789236095507	0	159	admit-refused	authority refusal LIMIT_EXCEEDED: aggregate admission capacity exhausted
10149	1789236095512	2	113	admit-refused	authority refusal LIMIT_EXCEEDED: retained input, output or executor capacity
10150	1789236095513	1	142	admit-refused	authority refusal LIMIT_EXCEEDED: aggregate admission capacity exhausted
10159	1789236095522	0	111	admit-refused	authority refusal LIMIT_EXCEEDED: aggregate admission capacity exhausted
10174	1789236095537	2	122	admit-retried	succeeded after 1 refusals
10174	1789236095537	2	122	admitted	admit=1208ms
10175	1789236095537	2	116	admit-refused	authority refusal LIMIT_EXCEEDED: retained input, output or executor capacity
10294	1789236095657	0	108	admit-refused	authority refusal LIMIT_EXCEEDED: aggregate admission capacity exhausted
10473	1789236095836	1	169	admit-refused	authority refusal LIMIT_EXCEEDED: aggregate admission capacity exhausted
10665	1789236096028	0	165	admit-retried	succeeded after 2 refusals
10665	1789236096028	0	165	admitted	admit=1183ms
10702	1789236096064	1	163	admitted	admit=1584ms
10822	1789236096185	1	172	admit-refused	authority refusal LIMIT_EXCEEDED: aggregate admission capacity exhausted
10842	1789236096204	1	178	admitted	admit=139ms
10952	1789236096314	1	175	admit-refused	authority refusal LIMIT_EXCEEDED: aggregate admission capacity exhausted
10962	1789236096325	0	168	admit-refused	authority refusal LIMIT_EXCEEDED: aggregate admission capacity exhausted
10967	1789236096330	1	181	admit-refused	authority refusal LIMIT_EXCEEDED: aggregate admission capacity exhausted
10981	1789236096343	0	153	admit-retried	succeeded after 4 refusals
10981	1789236096343	0	153	admitted	admit=3222ms
10983	1789236096346	0	171	admit-refused	authority refusal LIMIT_EXCEEDED: aggregate admission capacity exhausted
11091	1789236096453	0	159	admit-retried	succeeded after 4 refusals
11091	1789236096453	0	159	admitted	admit=2369ms
11151	1789236096514	0	171	admit-refused	authority refusal LIMIT_EXCEEDED: aggregate admission capacity exhausted
11183	1789236096545	0	174	admit-refused	authority refusal LIMIT_EXCEEDED: aggregate admission capacity exhausted
11221	1789236096584	1	151	admit-ceiling	LIMIT_EXCEEDED: client unresolved admission ceiling
11292	1789236096654	2	128	admitted	admit=1221ms
11292	1789236096654	1	181	admit-retried	succeeded after 1 refusals
11292	1789236096654	1	181	admitted	admit=449ms
11293	1789236096655	0	177	admit-refused	authority refusal LIMIT_EXCEEDED: aggregate admission capacity exhausted
11328	1789236096690	1	175	admit-refused	authority refusal LIMIT_EXCEEDED: aggregate admission capacity exhausted
11393	1789236096756	0	174	admit-retried	succeeded after 1 refusals
11393	1789236096756	0	174	admitted	admit=411ms
11536	1789236096898	0	168	admit-refused	authority refusal LIMIT_EXCEEDED: aggregate admission capacity exhausted
11621	1789236096984	2	131	admitted	admit=1446ms
11849	1789236097211	1	169	admit-retried	succeeded after 3 refusals
11849	1789236097211	1	169	admitted	admit=2267ms
11854	1789236097217	2	116	admit-refused	authority refusal LIMIT_EXCEEDED: retained input, output or executor capacity
11864	1789236097226	2	137	admit-refused	authority refusal LIMIT_EXCEEDED: retained input, output or executor capacity
11879	1789236097241	2	113	admit-retried	succeeded after 3 refusals
11879	1789236097241	2	113	admitted	admit=4284ms
11941	1789236097303	1	175	admit-refused	authority refusal LIMIT_EXCEEDED: aggregate admission capacity exhausted
11955	1789236097318	1	187	admit-refused	authority refusal LIMIT_EXCEEDED: aggregate admission capacity exhausted
12041	1789236097403	0	177	admit-retried	succeeded after 1 refusals
12041	1789236097403	0	177	admitted	admit=949ms
12113	1789236097475	0	180	admitted	admit=719ms
12207	1789236097569	1	187	admit-retried	succeeded after 1 refusals
12207	1789236097570	1	187	admitted	admit=357ms
12233	1789236097596	0	183	admitted	admit=192ms
12339	1789236097702	2	134	admitted	admit=1047ms
12341	1789236097704	0	171	admit-refused	authority refusal LIMIT_EXCEEDED: aggregate admission capacity exhausted
12347	1789236097710	0	186	admit-refused	authority refusal LIMIT_EXCEEDED: aggregate admission capacity exhausted
12359	1789236097722	0	189	admitted	admit=125ms
12422	1789236097784	0	168	admit-refused	authority refusal LIMIT_EXCEEDED: aggregate admission capacity exhausted
12517	1789236097880	0	186	admit-refused	authority refusal LIMIT_EXCEEDED: aggregate admission capacity exhausted
12589	1789236097951	0	192	admitted	admit=228ms
12680	1789236098042	0	195	admit-refused	authority refusal LIMIT_EXCEEDED: aggregate admission capacity exhausted
12742	1789236098104	1	175	admit-ceiling	LIMIT_EXCEEDED: client unresolved admission ceiling
12744	1789236098106	2	137	admit-refused	authority refusal LIMIT_EXCEEDED: retained input, output or executor capacity
12759	1789236098122	2	143	admit-refused	authority refusal LIMIT_EXCEEDED: retained input, output or executor capacity
12770	1789236098132	2	140	admitted	admit=890ms
12773	1789236098136	2	29	admit-ceiling	LIMIT_EXCEEDED: client unresolved admission ceiling
12774	1789236098136	2	32	admit-ceiling	LIMIT_EXCEEDED: client unresolved admission ceiling
12774	1789236098136	2	44	admit-ceiling	LIMIT_EXCEEDED: client unresolved admission ceiling
12774	1789236098137	2	47	admit-ceiling	LIMIT_EXCEEDED: client unresolved admission ceiling
12774	1789236098137	2	11	admit-ceiling	LIMIT_EXCEEDED: client unresolved admission ceiling
12775	1789236098137	2	41	admit-ceiling	LIMIT_EXCEEDED: client unresolved admission ceiling
12810	1789236098173	2	146	admit-ceiling	LIMIT_EXCEEDED: client unresolved admission ceiling
12811	1789236098173	2	17	admit-ceiling	LIMIT_EXCEEDED: client unresolved admission ceiling
12816	1789236098179	2	116	admit-refused	authority refusal LIMIT_EXCEEDED: retained input, output or executor capacity
12831	1789236098193	2	20	admit-refused	authority refusal LIMIT_EXCEEDED: retained input, output or executor capacity
12846	1789236098209	2	8	admit-refused	authority refusal LIMIT_EXCEEDED: retained input, output or executor capacity
12861	1789236098223	2	14	admit-refused	authority refusal LIMIT_EXCEEDED: retained input, output or executor capacity
12870	1789236098233	1	172	admit-retried	succeeded after 2 refusals
12870	1789236098233	1	172	admitted	admit=3132ms
12881	1789236098243	0	186	admit-retried	succeeded after 2 refusals
12881	1789236098243	0	186	admitted	admit=767ms
12908	1789236098270	1	22	admit-retried	succeeded after 7 refusals
12908	1789236098270	1	22	admitted	admit=12375ms
12911	1789236098273	1	58	admit-ceiling	LIMIT_EXCEEDED: client unresolved admission ceiling
12911	1789236098273	1	52	admit-ceiling	LIMIT_EXCEEDED: client unresolved admission ceiling
12911	1789236098273	1	61	admit-ceiling	LIMIT_EXCEEDED: client unresolved admission ceiling
12942	1789236098304	1	193	admit-ceiling	LIMIT_EXCEEDED: client unresolved admission ceiling
12982	1789236098344	1	196	admit-ceiling	LIMIT_EXCEEDED: client unresolved admission ceiling
13022	1789236098385	2	143	admit-refused	authority refusal LIMIT_EXCEEDED: retained input, output or executor capacity
13033	1789236098396	0	171	admit-refused	authority refusal LIMIT_EXCEEDED: aggregate admission capacity exhausted
13044	1789236098407	1	193	admit-ceiling	LIMIT_EXCEEDED: client unresolved admission ceiling
13049	1789236098411	0	198	admit-refused	authority refusal LIMIT_EXCEEDED: aggregate admission capacity exhausted
13083	1789236098446	1	196	admit-ceiling	LIMIT_EXCEEDED: client unresolved admission ceiling
13140	1789236098503	1	37	admit-retried	succeeded after 7 refusals
13140	1789236098503	1	37	admitted	admit=12608ms
13172	1789236098534	1	199	admit-ceiling	LIMIT_EXCEEDED: client unresolved admission ceiling
13246	1789236098608	1	193	admit-ceiling	LIMIT_EXCEEDED: client unresolved admission ceiling
13273	1789236098635	1	199	admit-ceiling	LIMIT_EXCEEDED: client unresolved admission ceiling
13285	1789236098647	1	196	admit-ceiling	LIMIT_EXCEEDED: client unresolved admission ceiling
13327	1789236098689	0	198	admit-retried	succeeded after 1 refusals
13327	1789236098689	0	198	admitted	admit=445ms
13347	1789236098709	1	49	admit-retried	succeeded after 7 refusals
13347	1789236098709	1	49	admitted	admit=12020ms
13384	1789236098746	1	142	admit-ceiling	LIMIT_EXCEEDED: client unresolved admission ceiling
13432	1789236098795	2	59	admit-ceiling	LIMIT_EXCEEDED: client unresolved admission ceiling
13464	1789236098826	1	190	admitted	admit=1256ms
13495	1789236098857	1	199	admit-ceiling	LIMIT_EXCEEDED: client unresolved admission ceiling
13564	1789236098926	0	201	admitted	admit=236ms
13643	1789236099006	1	205	admitted	admit=179ms
13651	1789236099013	0	60	admit-ceiling	LIMIT_EXCEEDED: client unresolved admission ceiling
13651	1789236099013	0	72	admit-ceiling	LIMIT_EXCEEDED: client unresolved admission ceiling
13651	1789236099014	0	66	admit-ceiling	LIMIT_EXCEEDED: client unresolved admission ceiling
13679	1789236099042	1	193	admit-ceiling	LIMIT_EXCEEDED: client unresolved admission ceiling
13686	1789236099049	1	196	admit-ceiling	LIMIT_EXCEEDED: client unresolved admission ceiling
13769	1789236099131	1	94	admit-ceiling	LIMIT_EXCEEDED: client unresolved admission ceiling
13774	1789236099136	0	63	admit-retried	succeeded after 7 refusals
13774	1789236099136	0	63	admitted	admit=12097ms
13823	1789236099185	0	96	admit-ceiling	LIMIT_EXCEEDED: client unresolved admission ceiling
13824	1789236099186	1	208	admitted	admit=179ms
13835	1789236099198	0	171	admit-ceiling	LIMIT_EXCEEDED: client unresolved admission ceiling
13874	1789236099237	0	99	admit-ceiling	LIMIT_EXCEEDED: client unresolved admission ceiling
13876	1789236099238	1	88	admit-ceiling	LIMIT_EXCEEDED: client unresolved admission ceiling
13918	1789236099280	1	202	admitted	admit=570ms
13937	1789236099300	0	84	admit-ceiling	LIMIT_EXCEEDED: client unresolved admission ceiling
13953	1789236099315	1	214	admit-ceiling	LIMIT_EXCEEDED: client unresolved admission ceiling
14002	1789236099365	0	207	admitted	admit=228ms
14034	1789236099396	1	211	admit-refused	authority refusal LIMIT_EXCEEDED: aggregate admission capacity exhausted
14051	1789236099414	2	146	admit-retried	succeeded after 1 refusals
14051	1789236099414	2	146	admitted	admit=1280ms
14053	1789236099415	1	199	admit-refused	authority refusal LIMIT_EXCEEDED: aggregate admission capacity exhausted
14071	1789236099434	0	195	admit-retried	succeeded after 1 refusals
14071	1789236099434	0	195	admitted	admit=1482ms
14073	1789236099435	0	87	admit-ceiling	LIMIT_EXCEEDED: client unresolved admission ceiling
14106	1789236099469	0	213	admit-ceiling	LIMIT_EXCEEDED: client unresolved admission ceiling
14125	1789236099488	0	102	admit-ceiling	LIMIT_EXCEEDED: client unresolved admission ceiling
14132	1789236099495	2	137	admit-refused	authority refusal LIMIT_EXCEEDED: retained input, output or executor capacity
14156	1789236099518	2	50	admit-retried	succeeded after 7 refusals
14156	1789236099518	2	50	admitted	admit=12622ms
14157	1789236099519	0	168	admit-refused	authority refusal LIMIT_EXCEEDED: aggregate admission capacity exhausted
14163	1789236099526	1	214	admit-refused	authority refusal LIMIT_EXCEEDED: aggregate admission capacity exhausted
14166	1789236099529	0	210	admitted	admit=163ms
14166	1789236099529	1	184	admitted	admit=2874ms
14209	1789236099571	2	149	admit-refused	authority refusal LIMIT_EXCEEDED: retained input, output or executor capacity
14249	1789236099612	1	211	admit-refused	authority refusal LIMIT_EXCEEDED: aggregate admission capacity exhausted
14264	1789236099627	1	217	admit-refused	authority refusal LIMIT_EXCEEDED: aggregate admission capacity exhausted
14273	1789236099635	1	43	admit-refused	authority refusal LIMIT_EXCEEDED: aggregate admission capacity exhausted
14304	1789236099666	0	213	admit-refused	authority refusal LIMIT_EXCEEDED: aggregate admission capacity exhausted
14407	1789236099769	2	152	admit-refused	authority refusal LIMIT_EXCEEDED: retained input, output or executor capacity
14422	1789236099785	1	175	admit-refused	authority refusal LIMIT_EXCEEDED: aggregate admission capacity exhausted
14431	1789236099794	2	143	admit-retried	succeeded after 2 refusals
14431	1789236099794	2	143	admitted	admit=2091ms
14450	1789236099813	1	217	admit-refused	authority refusal LIMIT_EXCEEDED: aggregate admission capacity exhausted
14481	1789236099844	1	193	admit-ceiling	LIMIT_EXCEEDED: client unresolved admission ceiling
14488	1789236099850	1	196	admit-ceiling	LIMIT_EXCEEDED: client unresolved admission ceiling
14534	1789236099897	2	137	admit-ceiling	LIMIT_EXCEEDED: client unresolved admission ceiling
14545	1789236099907	2	149	admit-refused	authority refusal LIMIT_EXCEEDED: retained input, output or executor capacity
14551	1789236099913	1	214	admit-refused	authority refusal LIMIT_EXCEEDED: aggregate admission capacity exhausted
14561	1789236099924	2	116	admit-refused	authority refusal LIMIT_EXCEEDED: retained input, output or executor capacity
14571	1789236099934	2	155	admit-refused	authority refusal LIMIT_EXCEEDED: retained input, output or executor capacity
14572	1789236099934	1	103	admit-refused	authority refusal LIMIT_EXCEEDED: aggregate admission capacity exhausted
14577	1789236099940	2	152	admit-refused	authority refusal LIMIT_EXCEEDED: retained input, output or executor capacity
14593	1789236099956	1	211	admit-refused	authority refusal LIMIT_EXCEEDED: aggregate admission capacity exhausted
14645	1789236100008	0	213	admit-retried	succeeded after 2 refusals
14645	1789236100008	0	213	admitted	admit=573ms
14751	1789236100114	1	217	admit-retried	succeeded after 2 refusals
14751	1789236100114	1	217	admitted	admit=584ms
14774	1789236100137	0	204	admit-refused	authority refusal LIMIT_EXCEEDED: aggregate admission capacity exhausted
14778	1789236100141	2	155	admit-refused	authority refusal LIMIT_EXCEEDED: retained input, output or executor capacity
14789	1789236100151	0	219	admitted	admit=143ms
14809	1789236100172	2	149	admit-refused	authority refusal LIMIT_EXCEEDED: retained input, output or executor capacity
14893	1789236100256	1	151	admit-retried	succeeded after 6 refusals
14893	1789236100256	1	151	admitted	admit=6852ms
14894	1789236100257	1	220	admit-refused	authority refusal LIMIT_EXCEEDED: aggregate admission capacity exhausted
14909	1789236100271	1	199	admit-refused	authority refusal LIMIT_EXCEEDED: aggregate admission capacity exhausted
14957	1789236100320	0	204	admit-refused	authority refusal LIMIT_EXCEEDED: aggregate admission capacity exhausted
15064	1789236100427	1	220	admit-refused	authority refusal LIMIT_EXCEEDED: aggregate admission capacity exhausted
15161	1789236100523	0	111	admit-ceiling	LIMIT_EXCEEDED: client unresolved admission ceiling
15296	1789236100658	0	108	admit-ceiling	LIMIT_EXCEEDED: client unresolved admission ceiling
15369	1789236100732	0	222	admitted	admit=579ms
15379	1789236100742	2	152	admit-retried	succeeded after 2 refusals
15379	1789236100742	2	152	admitted	admit=1223ms
15408	1789236100771	0	69	admit-retried	succeeded after 7 refusals
15408	1789236100771	0	69	admitted	admit=13731ms
15480	1789236100843	0	171	admit-ceiling	LIMIT_EXCEEDED: client unresolved admission ceiling
15709	1789236101072	2	155	admit-retried	succeeded after 2 refusals
15709	1789236101072	2	155	admitted	admit=1277ms
15829	1789236101191	0	225	admit-refused	authority refusal LIMIT_EXCEEDED: aggregate admission capacity exhausted
15844	1789236101207	0	216	admitted	admit=1677ms
15869	1789236101231	1	223	admitted	admit=975ms
16090	1789236101452	2	149	admit-retried	succeeded after 3 refusals
16090	1789236101452	2	149	admitted	admit=2037ms
16100	1789236101463	0	231	admitted	admit=255ms
16116	1789236101479	1	226	admitted	admit=247ms
16117	1789236101480	1	196	admit-ceiling	LIMIT_EXCEEDED: client unresolved admission ceiling
16137	1789236101499	0	225	admit-retried	succeeded after 1 refusals
16137	1789236101499	0	225	admitted	admit=728ms
16156	1789236101519	1	229	admit-ceiling	LIMIT_EXCEEDED: client unresolved admission ceiling
16193	1789236101556	1	211	admit-refused	authority refusal LIMIT_EXCEEDED: aggregate admission capacity exhausted
16214	1789236101577	1	193	admit-refused	authority refusal LIMIT_EXCEEDED: aggregate admission capacity exhausted
16238	1789236101601	1	214	admit-refused	authority refusal LIMIT_EXCEEDED: aggregate admission capacity exhausted
16314	1789236101676	0	234	admit-refused	authority refusal LIMIT_EXCEEDED: aggregate admission capacity exhausted
16314	1789236101677	1	229	admit-refused	authority refusal LIMIT_EXCEEDED: aggregate admission capacity exhausted
16330	1789236101692	0	237	admit-refused	authority refusal LIMIT_EXCEEDED: aggregate admission capacity exhausted
16488	1789236101851	0	234	admit-refused	authority refusal LIMIT_EXCEEDED: aggregate admission capacity exhausted
16604	1789236101966	0	237	admit-refused	authority refusal LIMIT_EXCEEDED: aggregate admission capacity exhausted
16620	1789236101982	2	158	admit-refused	authority refusal LIMIT_EXCEEDED: retained input, output or executor capacity
16694	1789236102057	1	199	admit-refused	authority refusal LIMIT_EXCEEDED: aggregate admission capacity exhausted
16717	1789236102079	1	220	admit-refused	authority refusal LIMIT_EXCEEDED: aggregate admission capacity exhausted
16726	1789236102088	1	229	admit-retried	succeeded after 2 refusals
16726	1789236102088	1	229	admitted	admit=608ms
16744	1789236102106	0	204	admit-refused	authority refusal LIMIT_EXCEEDED: aggregate admission capacity exhausted
16803	1789236102165	0	234	admit-refused	authority refusal LIMIT_EXCEEDED: aggregate admission capacity exhausted
16812	1789236102175	2	164	admit-refused	authority refusal LIMIT_EXCEEDED: retained input, output or executor capacity
16846	1789236102209	2	137	admit-retried	succeeded after 4 refusals
16846	1789236102209	2	137	admitted	admit=5224ms
16868	1789236102231	0	228	admit-refused	authority refusal LIMIT_EXCEEDED: aggregate admission capacity exhausted
16934	1789236102296	0	237	admit-refused	authority refusal LIMIT_EXCEEDED: aggregate admission capacity exhausted
16964	1789236102327	2	158	admit-refused	authority refusal LIMIT_EXCEEDED: retained input, output or executor capacity
16978	1789236102341	1	232	admitted	admit=252ms
17004	1789236102367	2	161	admit-refused	authority refusal LIMIT_EXCEEDED: retained input, output or executor capacity
17015	1789236102378	2	167	admit-refused	authority refusal LIMIT_EXCEEDED: retained input, output or executor capacity
17030	1789236102392	2	164	admit-refused	authority refusal LIMIT_EXCEEDED: retained input, output or executor capacity
17067	1789236102429	0	228	admit-refused	authority refusal LIMIT_EXCEEDED: aggregate admission capacity exhausted
17132	1789236102494	1	235	admit-refused	authority refusal LIMIT_EXCEEDED: aggregate admission capacity exhausted
17135	1789236102498	1	211	admit-retried	succeeded after 4 refusals
17135	1789236102498	1	211	admitted	admit=3311ms
17162	1789236102525	1	214	admit-refused	authority refusal LIMIT_EXCEEDED: aggregate admission capacity exhausted
17221	1789236102584	0	204	admit-refused	authority refusal LIMIT_EXCEEDED: aggregate admission capacity exhausted
17235	1789236102597	1	238	admit-refused	authority refusal LIMIT_EXCEEDED: aggregate admission capacity exhausted
17315	1789236102678	1	235	admit-refused	authority refusal LIMIT_EXCEEDED: aggregate admission capacity exhausted
17323	1789236102686	1	220	admit-retried	succeeded after 3 refusals
17323	1789236102686	1	220	admitted	admit=2571ms
17355	1789236102718	0	234	admit-refused	authority refusal LIMIT_EXCEEDED: aggregate admission capacity exhausted
17369	1789236102731	2	161	admit-refused	authority refusal LIMIT_EXCEEDED: retained input, output or executor capacity
17373	1789236102735	0	228	admit-retried	succeeded after 2 refusals
17373	1789236102735	0	228	admitted	admit=1963ms
17383	1789236102746	2	167	admit-refused	authority refusal LIMIT_EXCEEDED: retained input, output or executor capacity
17395	1789236102758	0	237	admit-refused	authority refusal LIMIT_EXCEEDED: aggregate admission capacity exhausted
17398	1789236102761	2	158	admit-refused	authority refusal LIMIT_EXCEEDED: retained input, output or executor capacity
17414	1789236102776	2	164	admit-refused	authority refusal LIMIT_EXCEEDED: retained input, output or executor capacity
17434	1789236102797	1	238	admit-refused	authority refusal LIMIT_EXCEEDED: aggregate admission capacity exhausted
17454	1789236102817	1	241	admit-refused	authority refusal LIMIT_EXCEEDED: aggregate admission capacity exhausted
17474	1789236102836	0	240	admit-refused	authority refusal LIMIT_EXCEEDED: aggregate admission capacity exhausted
17493	1789236102856	0	168	admit-refused	authority refusal LIMIT_EXCEEDED: aggregate admission capacity exhausted
17687	1789236103049	1	235	admit-retried	succeeded after 2 refusals
17687	1789236103049	1	235	admitted	admit=708ms
17717	1789236103079	1	238	admit-refused	authority refusal LIMIT_EXCEEDED: aggregate admission capacity exhausted
17719	1789236103081	1	241	admit-refused	authority refusal LIMIT_EXCEEDED: aggregate admission capacity exhausted
17728	1789236103091	1	175	admit-refused	authority refusal LIMIT_EXCEEDED: aggregate admission capacity exhausted
17776	1789236103138	2	32	admit-ceiling	LIMIT_EXCEEDED: client unresolved admission ceiling
17776	1789236103138	2	29	admit-ceiling	LIMIT_EXCEEDED: client unresolved admission ceiling
17777	1789236103139	2	47	admit-ceiling	LIMIT_EXCEEDED: client unresolved admission ceiling
17777	1789236103140	2	11	admit-ceiling	LIMIT_EXCEEDED: client unresolved admission ceiling
17777	1789236103140	2	41	admit-ceiling	LIMIT_EXCEEDED: client unresolved admission ceiling
17800	1789236103162	2	158	admit-ceiling	LIMIT_EXCEEDED: client unresolved admission ceiling
17812	1789236103174	2	17	admit-ceiling	LIMIT_EXCEEDED: client unresolved admission ceiling
17815	1789236103178	2	164	admit-ceiling	LIMIT_EXCEEDED: client unresolved admission ceiling
17833	1789236103195	2	20	admit-ceiling	LIMIT_EXCEEDED: client unresolved admission ceiling
17848	1789236103210	2	8	admit-ceiling	LIMIT_EXCEEDED: client unresolved admission ceiling
17863	1789236103226	2	14	admit-ceiling	LIMIT_EXCEEDED: client unresolved admission ceiling
17887	1789236103249	1	244	admit-refused	authority refusal LIMIT_EXCEEDED: aggregate admission capacity exhausted
17988	1789236103350	1	244	admit-ceiling	LIMIT_EXCEEDED: client unresolved admission ceiling
18021	1789236103384	1	58	admit-refused	authority refusal LIMIT_EXCEEDED: aggregate admission capacity exhausted
18038	1789236103401	1	241	admit-refused	authority refusal LIMIT_EXCEEDED: aggregate admission capacity exhausted
18271	1789236103634	0	234	admit-retried	succeeded after 4 refusals
18271	1789236103634	0	234	admitted	admit=2134ms
18321	1789236103684	1	244	admit-retried	succeeded after 2 refusals
18321	1789236103684	1	244	admitted	admit=634ms
18386	1789236103749	1	142	admit-ceiling	LIMIT_EXCEEDED: client unresolved admission ceiling
18434	1789236103797	2	59	admit-ceiling	LIMIT_EXCEEDED: client unresolved admission ceiling
18440	1789236103802	1	241	admit-ceiling	LIMIT_EXCEEDED: client unresolved admission ceiling
18487	1789236103850	2	44	admit-retried	succeeded after 8 refusals
18487	1789236103850	2	44	admitted	admit=17612ms
18488	1789236103851	1	247	admit-refused	authority refusal LIMIT_EXCEEDED: aggregate admission capacity exhausted
18504	1789236103866	0	243	admitted	admit=232ms
18530	1789236103893	1	61	admit-refused	authority refusal LIMIT_EXCEEDED: aggregate admission capacity exhausted
18622	1789236103985	2	161	admit-retried	succeeded after 2 refusals
18622	1789236103985	2	161	admitted	admit=2912ms
18624	1789236103986	2	164	admit-ceiling	LIMIT_EXCEEDED: client unresolved admission ceiling
18642	1789236104005	0	237	admit-retried	succeeded after 4 refusals
18642	1789236104005	0	237	admitted	admit=2505ms
18643	1789236104006	2	167	admit-refused	authority refusal LIMIT_EXCEEDED: retained input, output or executor capacity
18657	1789236104020	2	116	admit-refused	authority refusal LIMIT_EXCEEDED: retained input, output or executor capacity
18681	1789236104043	0	246	admitted	admit=176ms
18683	1789236104045	0	66	admit-ceiling	LIMIT_EXCEEDED: client unresolved admission ceiling
18716	1789236104078	0	249	admit-ceiling	LIMIT_EXCEEDED: client unresolved admission ceiling
18716	1789236104078	0	171	admit-ceiling	LIMIT_EXCEEDED: client unresolved admission ceiling
18731	1789236104093	2	170	admit-refused	authority refusal LIMIT_EXCEEDED: retained input, output or executor capacity
18741	1789236104103	2	158	admit-refused	authority refusal LIMIT_EXCEEDED: retained input, output or executor capacity
18742	1789236104104	1	247	admit-refused	authority refusal LIMIT_EXCEEDED: aggregate admission capacity exhausted
18753	1789236104115	0	252	admit-ceiling	LIMIT_EXCEEDED: client unresolved admission ceiling
18764	1789236104126	2	173	admit-refused	authority refusal LIMIT_EXCEEDED: retained input, output or executor capacity
18823	1789236104186	0	72	admit-retried	succeeded after 8 refusals
18823	1789236104186	0	72	admitted	admit=17146ms
18825	1789236104187	0	96	admit-ceiling	LIMIT_EXCEEDED: client unresolved admission ceiling
18835	1789236104197	1	94	admit-refused	authority refusal LIMIT_EXCEEDED: aggregate admission capacity exhausted
18851	1789236104214	1	214	admit-refused	authority refusal LIMIT_EXCEEDED: aggregate admission capacity exhausted
18855	1789236104218	1	238	admit-retried	succeeded after 3 refusals
18855	1789236104218	1	238	admitted	admit=1719ms
18861	1789236104224	0	255	admit-ceiling	LIMIT_EXCEEDED: client unresolved admission ceiling
18862	1789236104224	0	252	admit-ceiling	LIMIT_EXCEEDED: client unresolved admission ceiling
18876	1789236104238	0	99	admit-ceiling	LIMIT_EXCEEDED: client unresolved admission ceiling
18912	1789236104275	0	249	admit-refused	authority refusal LIMIT_EXCEEDED: aggregate admission capacity exhausted
18932	1789236104294	0	240	admit-retried	succeeded after 1 refusals
18932	1789236104294	0	240	admitted	admit=1558ms
18964	1789236104327	1	250	admit-refused	authority refusal LIMIT_EXCEEDED: aggregate admission capacity exhausted
18967	1789236104330	0	255	admit-ceiling	LIMIT_EXCEEDED: client unresolved admission ceiling
18998	1789236104360	1	247	admit-refused	authority refusal LIMIT_EXCEEDED: aggregate admission capacity exhausted
19064	1789236104427	0	252	admit-ceiling	LIMIT_EXCEEDED: client unresolved admission ceiling
19074	1789236104437	0	87	admit-ceiling	LIMIT_EXCEEDED: client unresolved admission ceiling
19081	1789236104443	0	258	admit-refused	authority refusal LIMIT_EXCEEDED: aggregate admission capacity exhausted
19097	1789236104459	1	88	admit-refused	authority refusal LIMIT_EXCEEDED: aggregate admission capacity exhausted
19117	1789236104479	0	204	admit-refused	authority refusal LIMIT_EXCEEDED: aggregate admission capacity exhausted
19169	1789236104532	0	255	admit-ceiling	LIMIT_EXCEEDED: client unresolved admission ceiling
19170	1789236104532	1	250	admit-retried	succeeded after 1 refusals
19170	1789236104532	1	250	admitted	admit=314ms
19182	1789236104544	0	258	admit-ceiling	LIMIT_EXCEEDED: client unresolved admission ceiling
19226	1789236104588	0	249	admit-refused	authority refusal LIMIT_EXCEEDED: aggregate admission capacity exhausted
19241	1789236104603	0	102	admit-refused	authority refusal LIMIT_EXCEEDED: aggregate admission capacity exhausted
19320	1789236104682	1	196	admit-ceiling	LIMIT_EXCEEDED: client unresolved admission ceiling
19335	1789236104697	1	253	admit-refused	authority refusal LIMIT_EXCEEDED: aggregate admission capacity exhausted
19351	1789236104713	1	43	admit-refused	authority refusal LIMIT_EXCEEDED: aggregate admission capacity exhausted
19360	1789236104722	2	173	admit-retried	succeeded after 1 refusals
19360	1789236104722	2	173	admitted	admit=736ms
19372	1789236104734	1	241	admit-refused	authority refusal LIMIT_EXCEEDED: aggregate admission capacity exhausted
19517	1789236104879	1	253	admit-refused	authority refusal LIMIT_EXCEEDED: aggregate admission capacity exhausted
19517	1789236104879	0	252	admit-refused	authority refusal LIMIT_EXCEEDED: aggregate admission capacity exhausted
19529	1789236104892	1	247	admit-retried	succeeded after 3 refusals
19529	1789236104892	1	247	admitted	admit=1207ms
19585	1789236104948	2	170	admit-retried	succeeded after 1 refusals
19585	1789236104948	2	170	admitted	admit=1097ms
19627	1789236104989	0	249	admit-ceiling	LIMIT_EXCEEDED: client unresolved admission ceiling
19652	1789236105014	2	176	admit-refused	authority refusal LIMIT_EXCEEDED: retained input, output or executor capacity
19718	1789236105081	1	253	admit-ceiling	LIMIT_EXCEEDED: client unresolved admission ceiling
19859	1789236105221	0	255	admit-retried	succeeded after 3 refusals
19859	1789236105221	0	255	admitted	admit=1034ms
19896	1789236105258	1	199	admit-ceiling	LIMIT_EXCEEDED: client unresolved admission ceiling
19982	1789236105344	1	256	admitted	admit=452ms
20008	1789236105371	2	176	admit-refused	authority refusal LIMIT_EXCEEDED: retained input, output or executor capacity
20023	1789236105385	1	103	admit-retried	succeeded after 8 refusals
20023	1789236105385	1	103	admitted	admit=17440ms
20034	1789236105397	2	167	admit-retried	succeeded after 3 refusals
20034	1789236105397	2	167	admitted	admit=3187ms
20120	1789236105482	1	253	admit-ceiling	LIMIT_EXCEEDED: client unresolved admission ceiling
20163	1789236105525	0	111	admit-ceiling	LIMIT_EXCEEDED: client unresolved admission ceiling
20223	1789236105586	0	84	admit-retried	succeeded after 8 refusals
20223	1789236105586	0	84	admitted	admit=18511ms
20253	1789236105616	1	262	admit-refused	authority refusal LIMIT_EXCEEDED: aggregate admission capacity exhausted
20297	1789236105660	0	108	admit-ceiling	LIMIT_EXCEEDED: client unresolved admission ceiling
20302	1789236105665	1	259	admitted	admit=278ms
20318	1789236105681	0	252	admit-ceiling	LIMIT_EXCEEDED: client unresolved admission ceiling
20324	1789236105687	1	52	admit-refused	authority refusal LIMIT_EXCEEDED: aggregate admission capacity exhausted
20343	1789236105706	2	158	admit-ceiling	LIMIT_EXCEEDED: client unresolved admission ceiling
20375	1789236105738	0	264	admitted	admit=151ms
20427	1789236105790	0	249	admit-ceiling	LIMIT_EXCEEDED: client unresolved admission ceiling
20467	1789236105829	1	265	admit-refused	authority refusal LIMIT_EXCEEDED: aggregate admission capacity exhausted
20512	1789236105875	0	267	admitted	admit=136ms
20538	1789236105900	0	258	admit-retried	succeeded after 2 refusals
20538	1789236105900	0	258	admitted	admit=1605ms
20543	1789236105906	2	179	admitted	admit=957ms
20596	1789236105959	0	261	admit-refused	authority refusal LIMIT_EXCEEDED: aggregate admission capacity exhausted
20675	1789236106037	1	265	admit-retried	succeeded after 1 refusals
20675	1789236106037	1	265	admitted	admit=372ms
20711	1789236106073	0	273	admitted	admit=172ms
20747	1789236106110	0	204	admit-ceiling	LIMIT_EXCEEDED: client unresolved admission ceiling
20773	1789236106136	0	261	admit-refused	authority refusal LIMIT_EXCEEDED: aggregate admission capacity exhausted
20808	1789236106170	2	185	admit-refused	authority refusal LIMIT_EXCEEDED: retained input, output or executor capacity
20822	1789236106184	1	268	admitted	admit=146ms
20884	1789236106247	0	276	admit-refused	authority refusal LIMIT_EXCEEDED: aggregate admission capacity exhausted
20973	1789236106336	1	241	admit-ceiling	LIMIT_EXCEEDED: client unresolved admission ceiling
21003	1789236106365	1	262	admit-refused	authority refusal LIMIT_EXCEEDED: aggregate admission capacity exhausted
21037	1789236106399	1	253	admit-retried	succeeded after 4 refusals
21037	1789236106399	1	253	admitted	admit=1866ms
21083	1789236106446	0	276	admit-refused	authority refusal LIMIT_EXCEEDED: aggregate admission capacity exhausted
21153	1789236106515	2	176	admit-refused	authority refusal LIMIT_EXCEEDED: retained input, output or executor capacity
21164	1789236106526	0	270	admit-refused	authority refusal LIMIT_EXCEEDED: aggregate admission capacity exhausted
21168	1789236106530	2	164	admit-refused	authority refusal LIMIT_EXCEEDED: retained input, output or executor capacity
21172	1789236106535	2	182	admitted	admit=1137ms
21178	1789236106541	1	193	admit-refused	authority refusal LIMIT_EXCEEDED: aggregate admission capacity exhausted
21197	1789236106560	2	185	admit-refused	authority refusal LIMIT_EXCEEDED: retained input, output or executor capacity
21254	1789236106617	0	261	admit-refused	authority refusal LIMIT_EXCEEDED: aggregate admission capacity exhausted
21283	1789236106646	1	262	admit-refused	authority refusal LIMIT_EXCEEDED: aggregate admission capacity exhausted
21290	1789236106653	0	60	admit-refused	authority refusal LIMIT_EXCEEDED: aggregate admission capacity exhausted
21292	1789236106654	1	271	admitted	admit=469ms
21374	1789236106736	1	277	admit-refused	authority refusal LIMIT_EXCEEDED: aggregate admission capacity exhausted
21374	1789236106737	0	276	admit-refused	authority refusal LIMIT_EXCEEDED: aggregate admission capacity exhausted
21421	1789236106783	0	270	admit-refused	authority refusal LIMIT_EXCEEDED: aggregate admission capacity exhausted
21450	1789236106813	1	274	admit-refused	authority refusal LIMIT_EXCEEDED: aggregate admission capacity exhausted
21640	1789236107003	1	277	admit-refused	authority refusal LIMIT_EXCEEDED: aggregate admission capacity exhausted
21649	1789236107011	1	274	admit-retried	succeeded after 1 refusals
21649	1789236107011	1	274	admitted	admit=611ms
21769	1789236107131	0	261	admit-retried	succeeded after 3 refusals
21769	1789236107131	0	261	admitted	admit=1909ms
21873	1789236107236	2	188	admitted	admit=700ms
21898	1789236107260	1	280	admitted	admit=248ms
21953	1789236107315	0	276	admit-retried	succeeded after 3 refusals
21953	1789236107316	0	276	admitted	admit=1241ms
21979	1789236107341	0	279	admit-refused	authority refusal LIMIT_EXCEEDED: aggregate admission capacity exhausted
22019	1789236107381	1	283	admit-refused	authority refusal LIMIT_EXCEEDED: aggregate admission capacity exhausted
22037	1789236107399	2	185	admit-retried	succeeded after 2 refusals
22037	1789236107399	2	185	admitted	admit=1493ms
22063	1789236107426	2	191	admit-refused	authority refusal LIMIT_EXCEEDED: retained input, output or executor capacity
22081	1789236107443	0	279	admit-ceiling	LIMIT_EXCEEDED: client unresolved admission ceiling
22089	1789236107452	0	249	admit-refused	authority refusal LIMIT_EXCEEDED: aggregate admission capacity exhausted
22189	1789236107552	1	214	admit-refused	authority refusal LIMIT_EXCEEDED: aggregate admission capacity exhausted
22189	1789236107552	0	282	admit-refused	authority refusal LIMIT_EXCEEDED: aggregate admission capacity exhausted
22207	1789236107569	1	283	admit-refused	authority refusal LIMIT_EXCEEDED: aggregate admission capacity exhausted
22228	1789236107591	1	277	admit-refused	authority refusal LIMIT_EXCEEDED: aggregate admission capacity exhausted
22449	1789236107812	2	191	admit-refused	authority refusal LIMIT_EXCEEDED: retained input, output or executor capacity
22480	1789236107842	2	176	admit-retried	succeeded after 3 refusals
22480	1789236107842	0	279	admit-retried	succeeded after 2 refusals
22480	1789236107842	2	176	admitted	admit=3119ms
22480	1789236107842	0	279	admitted	admit=710ms
22515	1789236107878	0	168	admit-ceiling	LIMIT_EXCEEDED: client unresolved admission ceiling
22602	1789236107964	1	283	admit-refused	authority refusal LIMIT_EXCEEDED: aggregate admission capacity exhausted
22647	1789236108009	0	285	admitted	admit=166ms
22779	1789236108141	2	32	admit-ceiling	LIMIT_EXCEEDED: client unresolved admission ceiling
22780	1789236108142	2	47	admit-ceiling	LIMIT_EXCEEDED: client unresolved admission ceiling
22780	1789236108142	2	41	admit-ceiling	LIMIT_EXCEEDED: client unresolved admission ceiling
22780	1789236108142	2	11	admit-ceiling	LIMIT_EXCEEDED: client unresolved admission ceiling
22790	1789236108153	1	175	admit-refused	authority refusal LIMIT_EXCEEDED: aggregate admission capacity exhausted
22813	1789236108175	2	17	admit-ceiling	LIMIT_EXCEEDED: client unresolved admission ceiling
22832	1789236108195	2	191	admit-refused	authority refusal LIMIT_EXCEEDED: retained input, output or executor capacity
22849	1789236108212	2	8	admit-ceiling	LIMIT_EXCEEDED: client unresolved admission ceiling
22852	1789236108215	0	288	admitted	admit=204ms
22865	1789236108227	2	14	admit-ceiling	LIMIT_EXCEEDED: client unresolved admission ceiling
22868	1789236108230	2	29	admit-refused	authority refusal LIMIT_EXCEEDED: retained input, output or executor capacity
22907	1789236108270	2	194	admitted	admit=870ms
23001	1789236108364	2	20	admit-refused	authority refusal LIMIT_EXCEEDED: retained input, output or executor capacity
23043	1789236108405	2	197	admit-refused	authority refusal LIMIT_EXCEEDED: retained input, output or executor capacity
23048	1789236108410	0	291	admitted	admit=195ms
23054	1789236108416	2	200	admit-refused	authority refusal LIMIT_EXCEEDED: retained input, output or executor capacity
23150	1789236108512	1	58	admit-refused	authority refusal LIMIT_EXCEEDED: aggregate admission capacity exhausted
23154	1789236108516	1	283	admit-retried	succeeded after 3 refusals
23154	1789236108516	1	283	admitted	admit=1255ms
23184	1789236108546	0	294	admitted	admit=136ms
23258	1789236108621	0	252	admit-refused	authority refusal LIMIT_EXCEEDED: aggregate admission capacity exhausted
23331	1789236108694	0	297	admitted	admit=147ms
23339	1789236108701	1	286	admit-refused	authority refusal LIMIT_EXCEEDED: aggregate admission capacity exhausted
23481	1789236108844	0	300	admit-refused	authority refusal LIMIT_EXCEEDED: aggregate admission capacity exhausted
23481	1789236108844	1	142	admit-refused	authority refusal LIMIT_EXCEEDED: aggregate admission capacity exhausted
23485	1789236108848	1	277	admit-retried	succeeded after 3 refusals
23485	1789236108848	1	277	admitted	admit=2193ms
23496	1789236108858	1	286	admit-refused	authority refusal LIMIT_EXCEEDED: aggregate admission capacity exhausted
23545	1789236108908	2	158	admit-ceiling	LIMIT_EXCEEDED: client unresolved admission ceiling
23631	1789236108993	2	197	admit-retried	succeeded after 1 refusals
23631	1789236108993	2	197	admitted	admit=1150ms
23667	1789236109029	2	116	admit-ceiling	LIMIT_EXCEEDED: client unresolved admission ceiling
23668	1789236109030	1	61	admit-refused	authority refusal LIMIT_EXCEEDED: aggregate admission capacity exhausted
23680	1789236109043	1	262	admit-refused	authority refusal LIMIT_EXCEEDED: aggregate admission capacity exhausted
23710	1789236109072	2	59	admit-refused	authority refusal LIMIT_EXCEEDED: retained input, output or executor capacity
23727	1789236109090	0	270	admit-refused	authority refusal LIMIT_EXCEEDED: aggregate admission capacity exhausted
23730	1789236109092	0	300	admit-retried	succeeded after 1 refusals
23730	1789236109092	0	300	admitted	admit=397ms
23736	1789236109098	2	200	admit-retried	succeeded after 1 refusals
23736	1789236109098	2	200	admitted	admit=827ms
23753	1789236109115	0	66	admit-refused	authority refusal LIMIT_EXCEEDED: aggregate admission capacity exhausted
23848	1789236109211	0	303	admit-refused	authority refusal LIMIT_EXCEEDED: aggregate admission capacity exhausted
23856	1789236109219	0	171	admit-retried	succeeded after 7 refusals
23856	1789236109219	0	171	admitted	admit=13190ms
23948	1789236109311	0	96	admit-refused	authority refusal LIMIT_EXCEEDED: aggregate admission capacity exhausted
23949	1789236109312	0	303	admit-ceiling	LIMIT_EXCEEDED: client unresolved admission ceiling
23952	1789236109315	1	94	admit-retried	succeeded after 9 refusals
23952	1789236109315	1	94	admitted	admit=21692ms
23969	1789236109332	0	99	admit-refused	authority refusal LIMIT_EXCEEDED: aggregate admission capacity exhausted
23999	1789236109362	0	204	admit-refused	authority refusal LIMIT_EXCEEDED: aggregate admission capacity exhausted
24067	1789236109430	0	306	admit-refused	authority refusal LIMIT_EXCEEDED: aggregate admission capacity exhausted
24075	1789236109438	1	292	admitted	admit=123ms
24126	1789236109489	2	203	admit-refused	authority refusal LIMIT_EXCEEDED: retained input, output or executor capacity
24137	1789236109499	2	206	admit-refused	authority refusal LIMIT_EXCEEDED: retained input, output or executor capacity
24164	1789236109527	0	87	admit-refused	authority refusal LIMIT_EXCEEDED: aggregate admission capacity exhausted
24175	1789236109537	1	241	admit-ceiling	LIMIT_EXCEEDED: client unresolved admission ceiling
24198	1789236109560	2	191	admit-refused	authority refusal LIMIT_EXCEEDED: retained input, output or executor capacity
24242	1789236109605	0	102	admit-ceiling	LIMIT_EXCEEDED: client unresolved admission ceiling
24249	1789236109612	1	88	admit-refused	authority refusal LIMIT_EXCEEDED: aggregate admission capacity exhausted
24263	1789236109625	1	295	admitted	admit=187ms
24352	1789236109714	1	43	admit-ceiling	LIMIT_EXCEEDED: client unresolved admission ceiling
24369	1789236109732	1	298	admit-refused	authority refusal LIMIT_EXCEEDED: aggregate admission capacity exhausted
24385	1789236109748	1	196	admit-refused	authority refusal LIMIT_EXCEEDED: aggregate admission capacity exhausted
24400	1789236109763	1	289	admit-refused	authority refusal LIMIT_EXCEEDED: aggregate admission capacity exhausted
24448	1789236109810	0	270	admit-retried	succeeded after 3 refusals
24448	1789236109810	0	270	admitted	admit=3934ms
24606	1789236109968	1	289	admit-refused	authority refusal LIMIT_EXCEEDED: aggregate admission capacity exhausted
24620	1789236109982	1	262	admit-retried	succeeded after 4 refusals
24620	1789236109982	1	262	admitted	admit=4596ms
24624	1789236109986	1	298	admit-refused	authority refusal LIMIT_EXCEEDED: aggregate admission capacity exhausted
24838	1789236110200	0	306	admit-retried	succeeded after 1 refusals
24838	1789236110200	0	306	admitted	admit=980ms
24897	1789236110260	1	199	admit-ceiling	LIMIT_EXCEEDED: client unresolved admission ceiling
24935	1789236110298	1	289	admit-refused	authority refusal LIMIT_EXCEEDED: aggregate admission capacity exhausted
24949	1789236110312	1	298	admit-retried	succeeded after 2 refusals
24949	1789236110312	1	298	admitted	admit=685ms
25021	1789236110383	1	286	admit-refused	authority refusal LIMIT_EXCEEDED: aggregate admission capacity exhausted
25045	1789236110408	1	301	admit-refused	authority refusal LIMIT_EXCEEDED: aggregate admission capacity exhausted
25166	1789236110528	0	111	admit-ceiling	LIMIT_EXCEEDED: client unresolved admission ceiling
25224	1789236110587	0	309	admitted	admit=776ms
25250	1789236110613	0	282	admit-retried	succeeded after 1 refusals
25250	1789236110613	0	282	admitted	admit=3296ms
25283	1789236110646	1	304	admitted	admit=333ms
25323	1789236110686	0	249	admit-ceiling	LIMIT_EXCEEDED: client unresolved admission ceiling
25324	1789236110686	0	108	admit-ceiling	LIMIT_EXCEEDED: client unresolved admission ceiling
25400	1789236110763	0	312	admitted	admit=562ms
25422	1789236110785	1	286	admit-ceiling	LIMIT_EXCEEDED: client unresolved admission ceiling
25435	1789236110797	0	315	admitted	admit=184ms
25463	1789236110826	1	52	admit-refused	authority refusal LIMIT_EXCEEDED: aggregate admission capacity exhausted
25479	1789236110841	1	289	admit-retried	succeeded after 3 refusals
25479	1789236110841	1	289	admitted	admit=1993ms
25506	1789236110869	0	318	admit-refused	authority refusal LIMIT_EXCEEDED: aggregate admission capacity exhausted
25543	1789236110905	1	307	admit-refused	authority refusal LIMIT_EXCEEDED: aggregate admission capacity exhausted
25603	1789236110966	0	321	admitted	admit=202ms
25654	1789236111016	2	203	admit-retried	succeeded after 1 refusals
25654	1789236111016	2	203	admitted	admit=2022ms
25765	1789236111127	2	164	admit-refused	authority refusal LIMIT_EXCEEDED: retained input, output or executor capacity
25801	1789236111164	1	310	admitted	admit=322ms
25911	1789236111273	0	303	admit-retried	succeeded after 2 refusals
25911	1789236111273	0	303	admitted	admit=2180ms
26017	1789236111380	2	206	admit-retried	succeeded after 1 refusals
26017	1789236111380	2	206	admitted	admit=2281ms
26028	1789236111390	1	313	admitted	admit=226ms
26040	1789236111402	0	318	admit-refused	authority refusal LIMIT_EXCEEDED: aggregate admission capacity exhausted
26160	1789236111523	1	316	admitted	admit=132ms
26188	1789236111550	0	330	admit-refused	authority refusal LIMIT_EXCEEDED: aggregate admission capacity exhausted
26223	1789236111586	1	286	admit-ceiling	LIMIT_EXCEEDED: client unresolved admission ceiling
26273	1789236111636	1	307	admit-refused	authority refusal LIMIT_EXCEEDED: aggregate admission capacity exhausted
26285	1789236111647	0	327	admit-refused	authority refusal LIMIT_EXCEEDED: aggregate admission capacity exhausted
26289	1789236111652	1	193	admit-refused	authority refusal LIMIT_EXCEEDED: aggregate admission capacity exhausted
26304	1789236111667	0	324	admit-refused	authority refusal LIMIT_EXCEEDED: aggregate admission capacity exhausted
26314	1789236111677	1	319	admit-refused	authority refusal LIMIT_EXCEEDED: aggregate admission capacity exhausted
26328	1789236111691	1	301	admit-refused	authority refusal LIMIT_EXCEEDED: aggregate admission capacity exhausted
26406	1789236111768	0	324	admit-ceiling	LIMIT_EXCEEDED: client unresolved admission ceiling
26460	1789236111822	0	252	admit-ceiling	LIMIT_EXCEEDED: client unresolved admission ceiling
26461	1789236111824	2	191	admit-retried	succeeded after 4 refusals
26461	1789236111824	2	191	admitted	admit=4587ms
26473	1789236111836	0	318	admit-refused	authority refusal LIMIT_EXCEEDED: aggregate admission capacity exhausted
26607	1789236111970	0	60	admit-refused	authority refusal LIMIT_EXCEEDED: aggregate admission capacity exhausted
26641	1789236112004	1	301	admit-refused	authority refusal LIMIT_EXCEEDED: aggregate admission capacity exhausted
26650	1789236112012	1	319	admit-retried	succeeded after 1 refusals
26650	1789236112012	1	319	admitted	admit=489ms
26662	1789236112024	1	307	admit-refused	authority refusal LIMIT_EXCEEDED: aggregate admission capacity exhausted
26697	1789236112059	0	330	admit-refused	authority refusal LIMIT_EXCEEDED: aggregate admission capacity exhausted
26712	1789236112075	0	324	admit-refused	authority refusal LIMIT_EXCEEDED: aggregate admission capacity exhausted
26727	1789236112089	0	327	admit-refused	authority refusal LIMIT_EXCEEDED: aggregate admission capacity exhausted
26794	1789236112157	1	322	admit-refused	authority refusal LIMIT_EXCEEDED: aggregate admission capacity exhausted
26901	1789236112264	2	209	admitted	admit=1247ms
27042	1789236112405	1	322	admit-retried	succeeded after 1 refusals
27042	1789236112405	1	322	admitted	admit=391ms
27044	1789236112407	0	327	admit-refused	authority refusal LIMIT_EXCEEDED: aggregate admission capacity exhausted
27049	1789236112412	2	212	admit-refused	authority refusal LIMIT_EXCEEDED: retained input, output or executor capacity
27088	1789236112451	2	218	admit-refused	authority refusal LIMIT_EXCEEDED: retained input, output or executor capacity
27204	1789236112566	1	325	admitted	admit=161ms
27353	1789236112715	1	328	admit-refused	authority refusal LIMIT_EXCEEDED: aggregate admission capacity exhausted
27459	1789236112822	1	214	admit-refused	authority refusal LIMIT_EXCEEDED: aggregate admission capacity exhausted
27509	1789236112872	0	324	admit-refused	authority refusal LIMIT_EXCEEDED: aggregate admission capacity exhausted
27528	1789236112890	2	215	admitted	admit=1066ms
27630	1789236112992	1	301	admit-refused	authority refusal LIMIT_EXCEEDED: aggregate admission capacity exhausted
27648	1789236113010	0	327	admit-retried	succeeded after 3 refusals
27648	1789236113010	0	327	admitted	admit=2044ms
27660	1789236113023	0	168	admit-refused	authority refusal LIMIT_EXCEEDED: aggregate admission capacity exhausted
27720	1789236113082	0	318	admit-refused	authority refusal LIMIT_EXCEEDED: aggregate admission capacity exhausted
27782	1789236113144	2	11	admit-ceiling	LIMIT_EXCEEDED: client unresolved admission ceiling
27782	1789236113144	2	47	admit-ceiling	LIMIT_EXCEEDED: client unresolved admission ceiling
27782	1789236113144	2	41	admit-ceiling	LIMIT_EXCEEDED: client unresolved admission ceiling
27844	1789236113206	2	212	admit-retried	succeeded after 1 refusals
27844	1789236113206	2	212	admitted	admit=1826ms
27879	1789236113241	2	224	admit-ceiling	LIMIT_EXCEEDED: client unresolved admission ceiling
27880	1789236113242	2	8	admit-ceiling	LIMIT_EXCEEDED: client unresolved admission ceiling
27880	1789236113242	2	14	admit-ceiling	LIMIT_EXCEEDED: client unresolved admission ceiling
27880	1789236113243	2	29	admit-ceiling	LIMIT_EXCEEDED: client unresolved admission ceiling
27881	1789236113243	0	333	admit-refused	authority refusal LIMIT_EXCEEDED: aggregate admission capacity exhausted
27981	1789236113343	2	224	admit-ceiling	LIMIT_EXCEEDED: client unresolved admission ceiling
28003	1789236113366	2	20	admit-ceiling	LIMIT_EXCEEDED: client unresolved admission ceiling
28025	1789236113387	2	218	admit-refused	authority refusal LIMIT_EXCEEDED: retained input, output or executor capacity
28030	1789236113393	1	286	admit-refused	authority refusal LIMIT_EXCEEDED: aggregate admission capacity exhausted
28125	1789236113488	0	333	admit-retried	succeeded after 1 refusals
28125	1789236113488	0	333	admitted	admit=477ms
28218	1789236113581	2	32	admit-refused	authority refusal LIMIT_EXCEEDED: retained input, output or executor capacity
28228	1789236113591	2	17	admit-refused	authority refusal LIMIT_EXCEEDED: retained input, output or executor capacity
28296	1789236113659	2	224	admit-refused	authority refusal LIMIT_EXCEEDED: retained input, output or executor capacity
28308	1789236113670	2	218	admit-refused	authority refusal LIMIT_EXCEEDED: retained input, output or executor capacity
28341	1789236113704	0	336	admitted	admit=215ms
28378	1789236113741	2	221	admit-refused	authority refusal LIMIT_EXCEEDED: retained input, output or executor capacity
28432	1789236113794	1	301	admit-ceiling	LIMIT_EXCEEDED: client unresolved admission ceiling
28483	1789236113846	1	142	admit-ceiling	LIMIT_EXCEEDED: client unresolved admission ceiling
28596	1789236113958	0	318	admit-refused	authority refusal LIMIT_EXCEEDED: aggregate admission capacity exhausted
28609	1789236113972	0	339	admitted	admit=267ms
28702	1789236114065	1	328	admit-retried	succeeded after 1 refusals
28702	1789236114065	1	328	admitted	admit=1497ms
28709	1789236114071	2	218	admit-ceiling	LIMIT_EXCEEDED: client unresolved admission ceiling
28711	1789236114074	2	59	admit-ceiling	LIMIT_EXCEEDED: client unresolved admission ceiling
28733	1789236114095	1	307	admit-retried	succeeded after 3 refusals
28733	1789236114095	1	307	admitted	admit=3449ms
28803	1789236114166	1	334	admit-ceiling	LIMIT_EXCEEDED: client unresolved admission ceiling
28857	1789236114219	0	66	admit-refused	authority refusal LIMIT_EXCEEDED: aggregate admission capacity exhausted
28871	1789236114233	1	331	admit-refused	authority refusal LIMIT_EXCEEDED: aggregate admission capacity exhausted
28877	1789236114240	1	175	admit-retried	succeeded after 8 refusals
28877	1789236114240	1	175	admitted	admit=19103ms
28877	1789236114240	0	342	admitted	admit=267ms
28956	1789236114318	0	324	admit-refused	authority refusal LIMIT_EXCEEDED: aggregate admission capacity exhausted
28958	1789236114321	1	61	admit-retried	succeeded after 10 refusals
28958	1789236114321	1	61	admitted	admit=27630ms
28994	1789236114357	1	331	admit-ceiling	LIMIT_EXCEEDED: client unresolved admission ceiling
29001	1789236114364	0	204	admit-ceiling	LIMIT_EXCEEDED: client unresolved admission ceiling
29024	1789236114386	1	337	admit-refused	authority refusal LIMIT_EXCEEDED: aggregate admission capacity exhausted
29037	1789236114400	1	334	admit-refused	authority refusal LIMIT_EXCEEDED: aggregate admission capacity exhausted
29062	1789236114425	0	99	admit-refused	authority refusal LIMIT_EXCEEDED: aggregate admission capacity exhausted
29063	1789236114426	1	340	admit-refused	authority refusal LIMIT_EXCEEDED: aggregate admission capacity exhausted
29081	1789236114443	2	221	admit-retried	succeeded after 1 refusals
29081	1789236114443	2	221	admitted	admit=1552ms
29081	1789236114443	0	345	admitted	admit=203ms
29083	1789236114446	0	96	admit-refused	authority refusal LIMIT_EXCEEDED: aggregate admission capacity exhausted
29107	1789236114470	0	330	admit-refused	authority refusal LIMIT_EXCEEDED: aggregate admission capacity exhausted
29183	1789236114546	0	348	admit-refused	authority refusal LIMIT_EXCEEDED: aggregate admission capacity exhausted
29196	1789236114559	1	331	admit-ceiling	LIMIT_EXCEEDED: client unresolved admission ceiling
29229	1789236114592	1	337	admit-refused	authority refusal LIMIT_EXCEEDED: aggregate admission capacity exhausted
29251	1789236114614	1	88	admit-ceiling	LIMIT_EXCEEDED: client unresolved admission ceiling
29273	1789236114636	1	241	admit-refused	authority refusal LIMIT_EXCEEDED: aggregate admission capacity exhausted
29305	1789236114668	1	334	admit-refused	authority refusal LIMIT_EXCEEDED: aggregate admission capacity exhausted
29310	1789236114672	1	340	admit-refused	authority refusal LIMIT_EXCEEDED: aggregate admission capacity exhausted
29347	1789236114710	0	102	admit-refused	authority refusal LIMIT_EXCEEDED: aggregate admission capacity exhausted
29364	1789236114727	0	348	admit-refused	authority refusal LIMIT_EXCEEDED: aggregate admission capacity exhausted
29395	1789236114757	0	87	admit-refused	authority refusal LIMIT_EXCEEDED: aggregate admission capacity exhausted
29416	1789236114779	1	43	admit-refused	authority refusal LIMIT_EXCEEDED: aggregate admission capacity exhausted
29489	1789236114851	1	337	admit-refused	authority refusal LIMIT_EXCEEDED: aggregate admission capacity exhausted
29511	1789236114874	2	218	admit-ceiling	LIMIT_EXCEEDED: client unresolved admission ceiling
29545	1789236114907	1	58	admit-refused	authority refusal LIMIT_EXCEEDED: aggregate admission capacity exhausted
29602	1789236114965	2	116	admit-retried	succeeded after 8 refusals
29602	1789236114965	2	116	admitted	admit=21725ms
29628	1789236114991	0	348	admit-refused	authority refusal LIMIT_EXCEEDED: aggregate admission capacity exhausted
29647	1789236115009	0	330	admit-retried	succeeded after 3 refusals
29647	1789236115009	0	330	admitted	admit=3735ms
29705	1789236115067	1	331	admit-retried	succeeded after 3 refusals
29705	1789236115067	1	331	admitted	admit=971ms
29705	1789236115067	2	224	admit-retried	succeeded after 3 refusals
29705	1789236115067	2	224	admitted	admit=1860ms
29706	1789236115068	2	230	admit-refused	authority refusal LIMIT_EXCEEDED: retained input, output or executor capacity
29735	1789236115098	2	158	admit-retried	succeeded after 7 refusals
29735	1789236115098	2	158	admitted	admit=14355ms
29817	1789236115180	1	196	admit-refused	authority refusal LIMIT_EXCEEDED: aggregate admission capacity exhausted
29832	1789236115194	1	343	admit-refused	authority refusal LIMIT_EXCEEDED: aggregate admission capacity exhausted
29882	1789236115245	0	351	admitted	admit=235ms
29934	1789236115296	1	343	admit-ceiling	LIMIT_EXCEEDED: client unresolved admission ceiling
29956	1789236115318	1	334	admit-refused	authority refusal LIMIT_EXCEEDED: aggregate admission capacity exhausted
29971	1789236115333	1	199	admit-refused	authority refusal LIMIT_EXCEEDED: aggregate admission capacity exhausted
30011	1789236115374	0	354	admitted	admit=128ms
30098	1789236115460	1	337	admit-refused	authority refusal LIMIT_EXCEEDED: aggregate admission capacity exhausted
30118	1789236115481	1	301	admit-refused	authority refusal LIMIT_EXCEEDED: aggregate admission capacity exhausted
30153	1789236115516	0	348	admit-refused	authority refusal LIMIT_EXCEEDED: aggregate admission capacity exhausted
30170	1789236115533	0	357	admit-refused	authority refusal LIMIT_EXCEEDED: aggregate admission capacity exhausted
30207	1789236115569	1	343	admit-refused	authority refusal LIMIT_EXCEEDED: aggregate admission capacity exhausted
30277	1789236115640	0	318	admit-refused	authority refusal LIMIT_EXCEEDED: aggregate admission capacity exhausted
30292	1789236115654	0	111	admit-retried	succeeded after 10 refusals
30292	1789236115654	0	111	admitted	admit=26906ms
30329	1789236115692	2	227	admit-refused	authority refusal LIMIT_EXCEEDED: retained input, output or executor capacity
30339	1789236115701	2	233	admit-refused	authority refusal LIMIT_EXCEEDED: retained input, output or executor capacity
30349	1789236115711	2	236	admit-refused	authority refusal LIMIT_EXCEEDED: retained input, output or executor capacity
30364	1789236115726	2	230	admit-refused	authority refusal LIMIT_EXCEEDED: retained input, output or executor capacity
30385	1789236115748	0	357	admit-refused	authority refusal LIMIT_EXCEEDED: aggregate admission capacity exhausted
30441	1789236115804	0	360	admit-refused	authority refusal LIMIT_EXCEEDED: aggregate admission capacity exhausted
30461	1789236115823	0	249	admit-refused	authority refusal LIMIT_EXCEEDED: aggregate admission capacity exhausted
30480	1789236115843	2	227	admit-refused	authority refusal LIMIT_EXCEEDED: retained input, output or executor capacity
30658	1789236116021	0	357	admit-refused	authority refusal LIMIT_EXCEEDED: aggregate admission capacity exhausted
30683	1789236116046	0	360	admit-retried	succeeded after 1 refusals
30683	1789236116046	0	360	admitted	admit=390ms
30730	1789236116092	1	343	admit-retried	succeeded after 3 refusals
30730	1789236116092	1	343	admitted	admit=1024ms
30767	1789236116130	2	164	admit-ceiling	LIMIT_EXCEEDED: client unresolved admission ceiling
30822	1789236116184	0	363	admitted	admit=137ms
30899	1789236116262	1	337	admit-ceiling	LIMIT_EXCEEDED: client unresolved admission ceiling
30942	1789236116304	1	346	admitted	admit=211ms
31006	1789236116369	1	334	admit-retried	succeeded after 4 refusals
31006	1789236116369	1	334	admitted	admit=2272ms
31060	1789236116423	0	357	admit-ceiling	LIMIT_EXCEEDED: client unresolved admission ceiling
31078	1789236116440	1	340	admit-retried	succeeded after 2 refusals
31078	1789236116441	1	340	admitted	admit=2119ms
31098	1789236116461	0	348	admit-retried	succeeded after 4 refusals
31098	1789236116461	0	348	admitted	admit=2017ms
31113	1789236116476	2	218	admit-ceiling	LIMIT_EXCEEDED: client unresolved admission ceiling
31114	1789236116477	1	349	admitted	admit=171ms
31232	1789236116594	1	286	admit-ceiling	LIMIT_EXCEEDED: client unresolved admission ceiling
31245	1789236116607	1	358	admit-refused	authority refusal LIMIT_EXCEEDED: aggregate admission capacity exhausted
31276	1789236116639	0	369	admit-refused	authority refusal LIMIT_EXCEEDED: aggregate admission capacity exhausted
31294	1789236116657	2	233	admit-retried	succeeded after 1 refusals
31294	1789236116657	2	233	admitted	admit=1558ms
31347	1789236116709	1	358	admit-ceiling	LIMIT_EXCEEDED: client unresolved admission ceiling
31450	1789236116812	2	230	admit-refused	authority refusal LIMIT_EXCEEDED: retained input, output or executor capacity
31460	1789236116823	2	239	admit-refused	authority refusal LIMIT_EXCEEDED: retained input, output or executor capacity
31471	1789236116834	0	324	admit-refused	authority refusal LIMIT_EXCEEDED: aggregate admission capacity exhausted
31475	1789236116837	2	227	admit-refused	authority refusal LIMIT_EXCEEDED: retained input, output or executor capacity
31485	1789236116847	0	369	admit-retried	succeeded after 1 refusals
31485	1789236116847	0	369	admitted	admit=386ms
31500	1789236116863	2	236	admit-retried	succeeded after 1 refusals
31500	1789236116863	2	236	admitted	admit=1764ms
31548	1789236116910	1	358	admit-ceiling	LIMIT_EXCEEDED: client unresolved admission ceiling
31549	1789236116912	1	52	admit-refused	authority refusal LIMIT_EXCEEDED: aggregate admission capacity exhausted
31618	1789236116980	0	252	admit-retried	succeeded after 7 refusals
31618	1789236116980	0	252	admitted	admit=12936ms
31635	1789236116997	1	352	admit-refused	authority refusal LIMIT_EXCEEDED: aggregate admission capacity exhausted
31653	1789236117015	0	375	admit-ceiling	LIMIT_EXCEEDED: client unresolved admission ceiling
31756	1789236117118	0	375	admit-ceiling	LIMIT_EXCEEDED: client unresolved admission ceiling
31777	1789236117139	0	366	admit-refused	authority refusal LIMIT_EXCEEDED: aggregate admission capacity exhausted
31839	1789236117201	1	352	admit-retried	succeeded after 1 refusals
31839	1789236117201	1	352	admitted	admit=832ms
31879	1789236117241	0	366	admit-ceiling	LIMIT_EXCEEDED: client unresolved admission ceiling
31957	1789236117319	0	375	admit-ceiling	LIMIT_EXCEEDED: client unresolved admission ceiling
31983	1789236117345	1	361	admitted	admit=143ms
32016	1789236117379	1	358	admit-refused	authority refusal LIMIT_EXCEEDED: aggregate admission capacity exhausted
32080	1789236117442	0	366	admit-ceiling	LIMIT_EXCEEDED: client unresolved admission ceiling
32161	1789236117524	1	364	admit-refused	authority refusal LIMIT_EXCEEDED: aggregate admission capacity exhausted
32356	1789236117719	2	242	admitted	admit=855ms
32372	1789236117735	0	372	admitted	admit=887ms
32378	1789236117740	1	364	admit-retried	succeeded after 1 refusals
32378	1789236117740	1	364	admitted	admit=394ms
32401	1789236117763	1	193	admit-refused	authority refusal LIMIT_EXCEEDED: aggregate admission capacity exhausted
32409	1789236117772	0	378	admit-ceiling	LIMIT_EXCEEDED: client unresolved admission ceiling
32482	1789236117845	0	366	admit-ceiling	LIMIT_EXCEEDED: client unresolved admission ceiling
32511	1789236117873	0	378	admit-ceiling	LIMIT_EXCEEDED: client unresolved admission ceiling
32559	1789236117921	1	337	admit-refused	authority refusal LIMIT_EXCEEDED: aggregate admission capacity exhausted
32576	1789236117939	1	214	admit-retried	succeeded after 8 refusals
32576	1789236117939	1	214	admitted	admit=18657ms
32584	1789236117947	1	367	admit-refused	authority refusal LIMIT_EXCEEDED: aggregate admission capacity exhausted
32587	1789236117950	2	245	admit-refused	authority refusal LIMIT_EXCEEDED: retained input, output or executor capacity
32596	1789236117958	0	375	admit-retried	succeeded after 3 refusals
32596	1789236117958	0	375	admitted	admit=977ms
32627	1789236117990	2	239	admit-retried	succeeded after 1 refusals
32627	1789236117990	2	239	admitted	admit=1332ms
32662	1789236118025	0	168	admit-ceiling	LIMIT_EXCEEDED: client unresolved admission ceiling
32712	1789236118075	0	378	admit-ceiling	LIMIT_EXCEEDED: client unresolved admission ceiling
32747	1789236118109	1	355	admit-refused	authority refusal LIMIT_EXCEEDED: aggregate admission capacity exhausted
32767	1789236118129	1	367	admit-refused	authority refusal LIMIT_EXCEEDED: aggregate admission capacity exhausted
32783	1789236118146	2	11	admit-ceiling	LIMIT_EXCEEDED: client unresolved admission ceiling
32783	1789236118146	2	47	admit-ceiling	LIMIT_EXCEEDED: client unresolved admission ceiling
32784	1789236118146	2	41	admit-ceiling	LIMIT_EXCEEDED: client unresolved admission ceiling
32815	1789236118178	0	381	admitted	admit=219ms
32882	1789236118244	2	29	admit-ceiling	LIMIT_EXCEEDED: client unresolved admission ceiling
32882	1789236118245	2	14	admit-ceiling	LIMIT_EXCEEDED: client unresolved admission ceiling
32882	1789236118245	2	8	admit-ceiling	LIMIT_EXCEEDED: client unresolved admission ceiling
32887	1789236118249	1	358	admit-refused	authority refusal LIMIT_EXCEEDED: aggregate admission capacity exhausted
32888	1789236118250	0	60	admit-retried	succeeded after 10 refusals
32888	1789236118250	0	60	admitted	admit=31211ms
32991	1789236118354	1	355	admit-refused	authority refusal LIMIT_EXCEEDED: aggregate admission capacity exhausted
33005	1789236118368	2	230	admit-retried	succeeded after 3 refusals
33005	1789236118368	2	230	admitted	admit=3402ms
33014	1789236118377	0	387	admit-refused	authority refusal LIMIT_EXCEEDED: aggregate admission capacity exhausted
33034	1789236118397	0	384	admitted	admit=218ms
33044	1789236118407	2	251	admit-ceiling	LIMIT_EXCEEDED: client unresolved admission ceiling
33094	1789236118457	1	367	admit-retried	succeeded after 2 refusals
33094	1789236118457	1	367	admitted	admit=716ms
33115	1789236118478	2	245	admit-refused	authority refusal LIMIT_EXCEEDED: retained input, output or executor capacity
33115	1789236118478	0	387	admit-ceiling	LIMIT_EXCEEDED: client unresolved admission ceiling
33221	1789236118583	2	32	admit-ceiling	LIMIT_EXCEEDED: client unresolved admission ceiling
33230	1789236118593	2	17	admit-ceiling	LIMIT_EXCEEDED: client unresolved admission ceiling
33238	1789236118600	2	20	admit-refused	authority refusal LIMIT_EXCEEDED: retained input, output or executor capacity
33248	1789236118611	2	251	admit-refused	authority refusal LIMIT_EXCEEDED: retained input, output or executor capacity
33274	1789236118637	2	227	admit-retried	succeeded after 3 refusals
33274	1789236118637	2	227	admitted	admit=4192ms
33284	1789236118646	0	366	admit-ceiling	LIMIT_EXCEEDED: client unresolved admission ceiling
33318	1789236118680	0	387	admit-ceiling	LIMIT_EXCEEDED: client unresolved admission ceiling
33422	1789236118785	1	373	admit-refused	authority refusal LIMIT_EXCEEDED: aggregate admission capacity exhausted
33479	1789236118842	0	318	admit-ceiling	LIMIT_EXCEEDED: client unresolved admission ceiling
33524	1789236118886	1	373	admit-ceiling	LIMIT_EXCEEDED: client unresolved admission ceiling
33611	1789236118974	1	142	admit-refused	authority refusal LIMIT_EXCEEDED: aggregate admission capacity exhausted
33651	1789236119013	2	254	admit-refused	authority refusal LIMIT_EXCEEDED: retained input, output or executor capacity
33661	1789236119024	2	245	admit-refused	authority refusal LIMIT_EXCEEDED: retained input, output or executor capacity
33672	1789236119035	2	251	admit-refused	authority refusal LIMIT_EXCEEDED: retained input, output or executor capacity
33720	1789236119083	0	387	admit-ceiling	LIMIT_EXCEEDED: client unresolved admission ceiling
33781	1789236119144	2	248	admit-refused	authority refusal LIMIT_EXCEEDED: retained input, output or executor capacity
33788	1789236119150	1	355	admit-refused	authority refusal LIMIT_EXCEEDED: aggregate admission capacity exhausted
33808	1789236119171	1	373	admit-refused	authority refusal LIMIT_EXCEEDED: aggregate admission capacity exhausted
33823	1789236119186	2	59	admit-refused	authority refusal LIMIT_EXCEEDED: retained input, output or executor capacity
33839	1789236119202	2	254	admit-refused	authority refusal LIMIT_EXCEEDED: retained input, output or executor capacity
33859	1789236119222	0	66	admit-ceiling	LIMIT_EXCEEDED: client unresolved admission ceiling
33981	1789236119344	2	248	admit-refused	authority refusal LIMIT_EXCEEDED: retained input, output or executor capacity
34004	1789236119366	0	204	admit-ceiling	LIMIT_EXCEEDED: client unresolved admission ceiling
34064	1789236119426	0	99	admit-ceiling	LIMIT_EXCEEDED: client unresolved admission ceiling
34086	1789236119448	0	96	admit-ceiling	LIMIT_EXCEEDED: client unresolved admission ceiling
34102	1789236119465	1	370	admit-refused	authority refusal LIMIT_EXCEEDED: aggregate admission capacity exhausted
34193	1789236119555	0	390	admitted	admit=1158ms
34291	1789236119653	1	301	admit-retried	succeeded after 6 refusals
34291	1789236119653	1	301	admitted	admit=9670ms
34292	1789236119655	1	241	admit-ceiling	LIMIT_EXCEEDED: client unresolved admission ceiling
34315	1789236119677	2	218	admit-ceiling	LIMIT_EXCEEDED: client unresolved admission ceiling
34324	1789236119686	1	370	admit-refused	authority refusal LIMIT_EXCEEDED: aggregate admission capacity exhausted
34349	1789236119711	0	102	admit-ceiling	LIMIT_EXCEEDED: client unresolved admission ceiling
34362	1789236119724	1	373	admit-refused	authority refusal LIMIT_EXCEEDED: aggregate admission capacity exhausted
34395	1789236119757	1	88	admit-refused	authority refusal LIMIT_EXCEEDED: aggregate admission capacity exhausted
34408	1789236119770	0	393	admitted	admit=214ms
34422	1789236119784	1	376	admit-refused	authority refusal LIMIT_EXCEEDED: aggregate admission capacity exhausted
34445	1789236119808	0	396	admit-ceiling	LIMIT_EXCEEDED: client unresolved admission ceiling
34510	1789236119872	0	357	admit-retried	succeeded after 4 refusals
34510	1789236119872	0	357	admitted	admit=4498ms
34519	1789236119881	1	43	admit-refused	authority refusal LIMIT_EXCEEDED: aggregate admission capacity exhausted
34540	1789236119902	0	87	admit-retried	succeeded after 11 refusals
34540	1789236119902	0	87	admitted	admit=32827ms
34547	1789236119910	1	58	admit-ceiling	LIMIT_EXCEEDED: client unresolved admission ceiling
34606	1789236119969	0	402	admit-ceiling	LIMIT_EXCEEDED: client unresolved admission ceiling
34607	1789236119969	0	396	admit-ceiling	LIMIT_EXCEEDED: client unresolved admission ceiling
34624	1789236119987	1	370	admit-refused	authority refusal LIMIT_EXCEEDED: aggregate admission capacity exhausted
34644	1789236120007	1	376	admit-refused	authority refusal LIMIT_EXCEEDED: aggregate admission capacity exhausted
34652	1789236120014	1	358	admit-refused	authority refusal LIMIT_EXCEEDED: aggregate admission capacity exhausted
34674	1789236120036	0	324	admit-ceiling	LIMIT_EXCEEDED: client unresolved admission ceiling
34696	1789236120058	0	399	admit-refused	authority refusal LIMIT_EXCEEDED: aggregate admission capacity exhausted
34716	1789236120078	0	387	admit-refused	authority refusal LIMIT_EXCEEDED: aggregate admission capacity exhausted
34808	1789236120171	0	396	admit-ceiling	LIMIT_EXCEEDED: client unresolved admission ceiling
34886	1789236120248	0	366	admit-ceiling	LIMIT_EXCEEDED: client unresolved admission ceiling
34915	1789236120278	0	399	admit-refused	authority refusal LIMIT_EXCEEDED: aggregate admission capacity exhausted
34928	1789236120291	1	376	admit-refused	authority refusal LIMIT_EXCEEDED: aggregate admission capacity exhausted
34942	1789236120305	1	196	admit-retried	succeeded after 9 refusals
34942	1789236120305	1	196	admitted	admit=22033ms
34998	1789236120361	0	402	admit-refused	authority refusal LIMIT_EXCEEDED: aggregate admission capacity exhausted
35055	1789236120418	0	108	admit-refused	authority refusal LIMIT_EXCEEDED: aggregate admission capacity exhausted
35081	1789236120444	1	199	admit-refused	authority refusal LIMIT_EXCEEDED: aggregate admission capacity exhausted
35178	1789236120540	2	254	admit-retried	succeeded after 2 refusals
35178	1789236120540	2	254	admitted	admit=1903ms
35244	1789236120607	2	251	admit-refused	authority refusal LIMIT_EXCEEDED: retained input, output or executor capacity
35271	1789236120634	2	248	admit-refused	authority refusal LIMIT_EXCEEDED: retained input, output or executor capacity
35272	1789236120635	1	373	admit-refused	authority refusal LIMIT_EXCEEDED: aggregate admission capacity exhausted
35282	1789236120645	1	370	admit-retried	succeeded after 3 refusals
35282	1789236120645	1	370	admitted	admit=2705ms
35287	1789236120649	0	399	admit-retried	succeeded after 2 refusals
35287	1789236120649	0	399	admitted	admit=746ms
35295	1789236120658	0	396	admit-refused	authority refusal LIMIT_EXCEEDED: aggregate admission capacity exhausted
35319	1789236120681	0	378	admit-refused	authority refusal LIMIT_EXCEEDED: aggregate admission capacity exhausted
35326	1789236120689	0	402	admit-refused	authority refusal LIMIT_EXCEEDED: aggregate admission capacity exhausted
35343	1789236120705	2	257	admit-refused	authority refusal LIMIT_EXCEEDED: retained input, output or executor capacity
35384	1789236120747	2	245	admit-retried	succeeded after 3 refusals
35384	1789236120747	2	245	admitted	admit=3027ms
35511	1789236120874	1	376	admit-retried	succeeded after 3 refusals
35511	1789236120874	1	376	admitted	admit=1219ms
35563	1789236120926	1	382	admit-refused	authority refusal LIMIT_EXCEEDED: aggregate admission capacity exhausted
35593	1789236120955	1	385	admit-refused	authority refusal LIMIT_EXCEEDED: aggregate admission capacity exhausted
35688	1789236121051	1	379	admit-refused	authority refusal LIMIT_EXCEEDED: aggregate admission capacity exhausted
35725	1789236121088	1	382	admit-refused	authority refusal LIMIT_EXCEEDED: aggregate admission capacity exhausted
35800	1789236121163	1	355	admit-refused	authority refusal LIMIT_EXCEEDED: aggregate admission capacity exhausted
35878	1789236121240	1	379	admit-refused	authority refusal LIMIT_EXCEEDED: aggregate admission capacity exhausted
35934	1789236121296	1	337	admit-refused	authority refusal LIMIT_EXCEEDED: aggregate admission capacity exhausted
35952	1789236121315	0	402	admit-retried	succeeded after 3 refusals
35952	1789236121315	0	402	admitted	admit=1411ms
35995	1789236121358	1	382	admit-refused	authority refusal LIMIT_EXCEEDED: aggregate admission capacity exhausted
36021	1789236121384	1	385	admit-refused	authority refusal LIMIT_EXCEEDED: aggregate admission capacity exhausted
36046	1789236121409	2	251	admit-ceiling	LIMIT_EXCEEDED: client unresolved admission ceiling
36085	1789236121447	0	408	admitted	admit=132ms
36121	1789236121484	0	378	admit-ceiling	LIMIT_EXCEEDED: client unresolved admission ceiling
36147	1789236121510	1	379	admit-refused	authority refusal LIMIT_EXCEEDED: aggregate admission capacity exhausted
36174	1789236121537	2	257	admit-retried	succeeded after 1 refusals
36174	1789236121537	2	257	admitted	admit=996ms
36259	1789236121622	2	260	admitted	admit=874ms
36308	1789236121671	1	286	admit-refused	authority refusal LIMIT_EXCEEDED: aggregate admission capacity exhausted
36318	1789236121681	0	387	admit-ceiling	LIMIT_EXCEEDED: client unresolved admission ceiling
36372	1789236121735	1	385	admit-refused	authority refusal LIMIT_EXCEEDED: aggregate admission capacity exhausted
36684	1789236122046	0	396	admit-retried	succeeded after 4 refusals
36684	1789236122046	0	396	admitted	admit=2275ms
36689	1789236122052	1	52	admit-retried	succeeded after 11 refusals
36689	1789236122052	1	52	admitted	admit=35362ms
36700	1789236122063	2	266	admit-refused	authority refusal LIMIT_EXCEEDED: retained input, output or executor capacity
36724	1789236122087	2	248	admit-retried	succeeded after 3 refusals
36724	1789236122087	2	248	admitted	admit=4096ms
36755	1789236122117	0	249	admit-retried	succeeded after 8 refusals
36755	1789236122117	0	249	admitted	admit=18073ms
36774	1789236122137	1	385	admit-ceiling	LIMIT_EXCEEDED: client unresolved admission ceiling
36789	1789236122151	0	414	admit-refused	authority refusal LIMIT_EXCEEDED: aggregate admission capacity exhausted
36810	1789236122173	0	405	admitted	admit=1523ms
36843	1789236122205	1	388	admitted	admit=153ms
36858	1789236122221	2	164	admit-retried	succeeded after 8 refusals
36858	1789236122221	2	164	admitted	admit=20767ms
36869	1789236122232	2	269	admit-refused	authority refusal LIMIT_EXCEEDED: retained input, output or executor capacity
36879	1789236122242	1	373	admit-ceiling	LIMIT_EXCEEDED: client unresolved admission ceiling
36884	1789236122247	2	266	admit-refused	authority refusal LIMIT_EXCEEDED: retained input, output or executor capacity
36913	1789236122275	0	420	admit-refused	authority refusal LIMIT_EXCEEDED: aggregate admission capacity exhausted
36920	1789236122282	2	263	admit-refused	authority refusal LIMIT_EXCEEDED: retained input, output or executor capacity
36923	1789236122285	0	417	admit-refused	authority refusal LIMIT_EXCEEDED: aggregate admission capacity exhausted
36930	1789236122292	2	272	admit-refused	authority refusal LIMIT_EXCEEDED: retained input, output or executor capacity
36941	1789236122303	0	411	admit-refused	authority refusal LIMIT_EXCEEDED: aggregate admission capacity exhausted
36961	1789236122323	0	414	admit-refused	authority refusal LIMIT_EXCEEDED: aggregate admission capacity exhausted
37107	1789236122470	1	391	admitted	admit=264ms
37159	1789236122522	0	411	admit-refused	authority refusal LIMIT_EXCEEDED: aggregate admission capacity exhausted
37172	1789236122534	0	420	admit-retried	succeeded after 1 refusals
37172	1789236122534	0	420	admitted	admit=361ms
37196	1789236122559	0	417	admit-refused	authority refusal LIMIT_EXCEEDED: aggregate admission capacity exhausted
37238	1789236122601	0	414	admit-refused	authority refusal LIMIT_EXCEEDED: aggregate admission capacity exhausted
37244	1789236122606	1	394	admit-refused	authority refusal LIMIT_EXCEEDED: aggregate admission capacity exhausted
37257	1789236122620	1	355	admit-retried	succeeded after 4 refusals
37257	1789236122620	1	355	admitted	admit=6142ms
37402	1789236122764	1	193	admit-ceiling	LIMIT_EXCEEDED: client unresolved admission ceiling
37432	1789236122794	1	394	admit-refused	authority refusal LIMIT_EXCEEDED: aggregate admission capacity exhausted
37452	1789236122814	1	379	admit-refused	authority refusal LIMIT_EXCEEDED: aggregate admission capacity exhausted
37478	1789236122840	1	397	admit-refused	authority refusal LIMIT_EXCEEDED: aggregate admission capacity exhausted
37520	1789236122882	0	411	admit-retried	succeeded after 2 refusals
37520	1789236122882	0	411	admitted	admit=1434ms
37648	1789236123011	2	251	admit-ceiling	LIMIT_EXCEEDED: client unresolved admission ceiling
37664	1789236123026	0	168	admit-ceiling	LIMIT_EXCEEDED: client unresolved admission ceiling
37723	1789236123086	0	378	admit-ceiling	LIMIT_EXCEEDED: client unresolved admission ceiling
37746	1789236123108	1	385	admit-retried	succeeded after 4 refusals
37746	1789236123108	1	385	admitted	admit=2234ms
37748	1789236123111	0	414	admit-refused	authority refusal LIMIT_EXCEEDED: aggregate admission capacity exhausted
37761	1789236123123	0	423	admitted	admit=588ms
37786	1789236123148	2	41	admit-ceiling	LIMIT_EXCEEDED: client unresolved admission ceiling
37786	1789236123148	2	47	admit-ceiling	LIMIT_EXCEEDED: client unresolved admission ceiling
37786	1789236123148	2	11	admit-ceiling	LIMIT_EXCEEDED: client unresolved admission ceiling
37825	1789236123187	2	269	admit-retried	succeeded after 1 refusals
37825	1789236123187	2	269	admitted	admit=1100ms
37853	1789236123216	1	358	admit-ceiling	LIMIT_EXCEEDED: client unresolved admission ceiling
37885	1789236123248	2	8	admit-ceiling	LIMIT_EXCEEDED: client unresolved admission ceiling
37885	1789236123248	2	29	admit-ceiling	LIMIT_EXCEEDED: client unresolved admission ceiling
37885	1789236123248	2	14	admit-ceiling	LIMIT_EXCEEDED: client unresolved admission ceiling
37894	1789236123257	1	400	admitted	admit=148ms
37904	1789236123267	0	426	admitted	admit=383ms
37906	1789236123268	2	272	admit-refused	authority refusal LIMIT_EXCEEDED: retained input, output or executor capacity
37916	1789236123278	2	266	admit-refused	authority refusal LIMIT_EXCEEDED: retained input, output or executor capacity
37939	1789236123302	0	429	admit-refused	authority refusal LIMIT_EXCEEDED: aggregate admission capacity exhausted
37980	1789236123343	2	275	admit-refused	authority refusal LIMIT_EXCEEDED: retained input, output or executor capacity
38012	1789236123374	2	263	admit-retried	succeeded after 1 refusals
38012	1789236123374	2	263	admitted	admit=1837ms
38024	1789236123386	0	432	admit-refused	authority refusal LIMIT_EXCEEDED: aggregate admission capacity exhausted
38153	1789236123516	0	429	admit-refused	authority refusal LIMIT_EXCEEDED: aggregate admission capacity exhausted
38206	1789236123568	0	366	admit-refused	authority refusal LIMIT_EXCEEDED: aggregate admission capacity exhausted
38227	1789236123590	0	432	admit-refused	authority refusal LIMIT_EXCEEDED: aggregate admission capacity exhausted
38232	1789236123594	2	17	admit-ceiling	LIMIT_EXCEEDED: client unresolved admission ceiling
38239	1789236123601	2	20	admit-ceiling	LIMIT_EXCEEDED: client unresolved admission ceiling
38256	1789236123619	1	397	admit-refused	authority refusal LIMIT_EXCEEDED: aggregate admission capacity exhausted
38262	1789236123625	1	394	admit-retried	succeeded after 2 refusals
38262	1789236123625	1	394	admitted	admit=1154ms
38318	1789236123680	2	266	admit-ceiling	LIMIT_EXCEEDED: client unresolved admission ceiling
38390	1789236123753	1	379	admit-retried	succeeded after 4 refusals
38390	1789236123753	1	379	admitted	admit=3447ms
38422	1789236123784	1	406	admit-refused	authority refusal LIMIT_EXCEEDED: aggregate admission capacity exhausted
38434	1789236123796	0	429	admit-refused	authority refusal LIMIT_EXCEEDED: aggregate admission capacity exhausted
38490	1789236123853	1	409	admit-refused	authority refusal LIMIT_EXCEEDED: aggregate admission capacity exhausted
38592	1789236123955	1	409	admit-ceiling	LIMIT_EXCEEDED: client unresolved admission ceiling
38593	1789236123956	0	318	admit-retried	succeeded after 7 refusals
38593	1789236123956	0	318	admitted	admit=13342ms
38611	1789236123973	0	414	admit-refused	authority refusal LIMIT_EXCEEDED: aggregate admission capacity exhausted
38612	1789236123975	1	142	admit-ceiling	LIMIT_EXCEEDED: client unresolved admission ceiling
38687	1789236124049	0	435	admit-refused	authority refusal LIMIT_EXCEEDED: aggregate admission capacity exhausted
38732	1789236124094	0	432	admit-refused	authority refusal LIMIT_EXCEEDED: aggregate admission capacity exhausted
38793	1789236124155	2	278	admitted	admit=780ms
38825	1789236124187	1	406	admit-retried	succeeded after 1 refusals
38825	1789236124187	1	406	admitted	admit=562ms
38830	1789236124192	2	59	admit-ceiling	LIMIT_EXCEEDED: client unresolved admission ceiling
38860	1789236124222	1	412	admit-ceiling	LIMIT_EXCEEDED: client unresolved admission ceiling
38911	1789236124274	0	429	admit-refused	authority refusal LIMIT_EXCEEDED: aggregate admission capacity exhausted
38919	1789236124282	0	435	admit-retried	succeeded after 1 refusals
38919	1789236124282	0	435	admitted	admit=325ms
38932	1789236124294	0	66	admit-refused	authority refusal LIMIT_EXCEEDED: aggregate admission capacity exhausted
38939	1789236124302	1	409	admit-retried	succeeded after 2 refusals
38939	1789236124302	1	409	admitted	admit=548ms
38951	1789236124313	2	272	admit-refused	authority refusal LIMIT_EXCEEDED: retained input, output or executor capacity
38977	1789236124340	1	412	admit-ceiling	LIMIT_EXCEEDED: client unresolved admission ceiling
39045	1789236124408	0	438	admit-refused	authority refusal LIMIT_EXCEEDED: aggregate admission capacity exhausted
39081	1789236124444	1	415	admitted	admit=142ms
39084	1789236124446	1	382	admit-refused	authority refusal LIMIT_EXCEEDED: aggregate admission capacity exhausted
39107	1789236124470	2	275	admit-retried	succeeded after 1 refusals
39107	1789236124470	2	275	admitted	admit=1282ms
39133	1789236124495	0	432	admit-ceiling	LIMIT_EXCEEDED: client unresolved admission ceiling
39171	1789236124533	0	204	admit-retried	succeeded after 9 refusals
39171	1789236124533	0	204	admitted	admit=25607ms
39210	1789236124573	0	441	admit-ceiling	LIMIT_EXCEEDED: client unresolved admission ceiling
39229	1789236124592	0	438	admit-refused	authority refusal LIMIT_EXCEEDED: aggregate admission capacity exhausted
39283	1789236124646	1	397	admit-refused	authority refusal LIMIT_EXCEEDED: aggregate admission capacity exhausted
39297	1789236124660	1	418	admit-refused	authority refusal LIMIT_EXCEEDED: aggregate admission capacity exhausted
39316	1789236124678	2	218	admit-ceiling	LIMIT_EXCEEDED: client unresolved admission ceiling
39337	1789236124700	0	99	admit-refused	authority refusal LIMIT_EXCEEDED: aggregate admission capacity exhausted
39351	1789236124714	2	272	admit-ceiling	LIMIT_EXCEEDED: client unresolved admission ceiling
39365	1789236124727	1	412	admit-refused	authority refusal LIMIT_EXCEEDED: aggregate admission capacity exhausted
39384	1789236124747	1	241	admit-refused	authority refusal LIMIT_EXCEEDED: aggregate admission capacity exhausted
39395	1789236124758	2	284	admit-refused	authority refusal LIMIT_EXCEEDED: retained input, output or executor capacity
39410	1789236124772	2	266	admit-refused	authority refusal LIMIT_EXCEEDED: retained input, output or executor capacity
39440	1789236124802	0	96	admit-retried	succeeded after 12 refusals
39440	1789236124802	2	32	admit-retried	succeeded after 12 refusals
39440	1789236124802	0	96	admitted	admit=37006ms
39440	1789236124802	2	32	admitted	admit=38565ms
39476	1789236124838	0	444	admit-ceiling	LIMIT_EXCEEDED: client unresolved admission ceiling
39498	1789236124861	0	438	admit-refused	authority refusal LIMIT_EXCEEDED: aggregate admission capacity exhausted
39544	1789236124907	1	403	admit-refused	authority refusal LIMIT_EXCEEDED: aggregate admission capacity exhausted
39578	1789236124941	0	444	admit-ceiling	LIMIT_EXCEEDED: client unresolved admission ceiling
39581	1789236124943	0	387	admit-refused	authority refusal LIMIT_EXCEEDED: aggregate admission capacity exhausted
39630	1789236124992	1	58	admit-refused	authority refusal LIMIT_EXCEEDED: aggregate admission capacity exhausted
39643	1789236125006	1	43	admit-retried	succeeded after 12 refusals
39643	1789236125006	1	43	admitted	admit=39111ms
39656	1789236125019	1	88	admit-refused	authority refusal LIMIT_EXCEEDED: aggregate admission capacity exhausted
39659	1789236125021	2	287	admit-refused	authority refusal LIMIT_EXCEEDED: retained input, output or executor capacity
39669	1789236125032	2	281	admit-refused	authority refusal LIMIT_EXCEEDED: retained input, output or executor capacity
39685	1789236125047	2	284	admit-refused	authority refusal LIMIT_EXCEEDED: retained input, output or executor capacity
39714	1789236125076	0	429	admit-ceiling	LIMIT_EXCEEDED: client unresolved admission ceiling
39726	1789236125089	1	418	admit-refused	authority refusal LIMIT_EXCEEDED: aggregate admission capacity exhausted
39788	1789236125150	1	421	admit-refused	authority refusal LIMIT_EXCEEDED: aggregate admission capacity exhausted
39788	1789236125151	0	324	admit-retried	succeeded after 7 refusals
39788	1789236125151	0	324	admitted	admit=14352ms
39810	1789236125173	1	397	admit-refused	authority refusal LIMIT_EXCEEDED: aggregate admission capacity exhausted
39824	1789236125187	0	447	admit-ceiling	LIMIT_EXCEEDED: client unresolved admission ceiling
39831	1789236125193	1	412	admit-refused	authority refusal LIMIT_EXCEEDED: aggregate admission capacity exhausted
39852	1789236125214	1	403	admit-refused	authority refusal LIMIT_EXCEEDED: aggregate admission capacity exhausted
39852	1789236125214	0	102	admit-refused	authority refusal LIMIT_EXCEEDED: aggregate admission capacity exhausted
39954	1789236125316	0	444	admit-retried	succeeded after 2 refusals
39954	1789236125316	0	444	admitted	admit=513ms
39955	1789236125317	0	432	admit-ceiling	LIMIT_EXCEEDED: client unresolved admission ceiling
39969	1789236125331	1	421	admit-refused	authority refusal LIMIT_EXCEEDED: aggregate admission capacity exhausted
39984	1789236125346	0	450	admit-ceiling	LIMIT_EXCEEDED: client unresolved admission ceiling
39992	1789236125355	1	382	admit-refused	authority refusal LIMIT_EXCEEDED: aggregate admission capacity exhausted
40018	1789236125380	1	418	admit-refused	authority refusal LIMIT_EXCEEDED: aggregate admission capacity exhausted
40057	1789236125420	0	108	admit-ceiling	LIMIT_EXCEEDED: client unresolved admission ceiling
40084	1789236125447	0	438	admit-refused	authority refusal LIMIT_EXCEEDED: aggregate admission capacity exhausted
40111	1789236125474	0	417	admit-refused	authority refusal LIMIT_EXCEEDED: aggregate admission capacity exhausted
40144	1789236125507	0	447	admit-refused	authority refusal LIMIT_EXCEEDED: aggregate admission capacity exhausted
40164	1789236125526	1	403	admit-refused	authority refusal LIMIT_EXCEEDED: aggregate admission capacity exhausted
40164	1789236125527	0	450	admit-refused	authority refusal LIMIT_EXCEEDED: aggregate admission capacity exhausted
40192	1789236125555	1	373	admit-refused	authority refusal LIMIT_EXCEEDED: aggregate admission capacity exhausted
40222	1789236125585	1	421	admit-refused	authority refusal LIMIT_EXCEEDED: aggregate admission capacity exhausted
40247	1789236125610	1	199	admit-refused	authority refusal LIMIT_EXCEEDED: aggregate admission capacity exhausted
40511	1789236125873	2	272	admit-refused	authority refusal LIMIT_EXCEEDED: retained input, output or executor capacity
40513	1789236125875	0	417	admit-ceiling	LIMIT_EXCEEDED: client unresolved admission ceiling
40564	1789236125926	2	284	admit-refused	authority refusal LIMIT_EXCEEDED: retained input, output or executor capacity
40601	1789236125964	1	418	admit-refused	authority refusal LIMIT_EXCEEDED: aggregate admission capacity exhausted
40608	1789236125970	2	287	admit-retried	succeeded after 1 refusals
40608	1789236125970	2	287	admitted	admit=1167ms
40618	1789236125980	0	450	admit-retried	succeeded after 2 refusals
40618	1789236125980	0	450	admitted	admit=663ms
40649	1789236126011	2	281	admit-retried	succeeded after 1 refusals
40649	1789236126011	2	281	admitted	admit=1855ms
40654	1789236126017	0	441	admit-retried	succeeded after 1 refusals
40654	1789236126017	0	441	admitted	admit=1482ms
40740	1789236126103	1	403	admit-refused	authority refusal LIMIT_EXCEEDED: aggregate admission capacity exhausted
40763	1789236126125	0	453	admit-refused	authority refusal LIMIT_EXCEEDED: aggregate admission capacity exhausted
40796	1789236126159	0	456	admit-refused	authority refusal LIMIT_EXCEEDED: aggregate admission capacity exhausted
40898	1789236126261	0	456	admit-ceiling	LIMIT_EXCEEDED: client unresolved admission ceiling
40907	1789236126269	1	412	admit-refused	authority refusal LIMIT_EXCEEDED: aggregate admission capacity exhausted
40925	1789236126288	0	378	admit-ceiling	LIMIT_EXCEEDED: client unresolved admission ceiling
41008	1789236126370	1	421	admit-refused	authority refusal LIMIT_EXCEEDED: aggregate admission capacity exhausted
41010	1789236126373	2	266	admit-ceiling	LIMIT_EXCEEDED: client unresolved admission ceiling
41080	1789236126443	0	453	admit-retried	succeeded after 1 refusals
41080	1789236126443	0	453	admitted	admit=462ms
41091	1789236126453	1	337	admit-retried	succeeded after 7 refusals
41091	1789236126453	1	337	admitted	admit=12213ms
41117	1789236126480	0	456	admit-ceiling	LIMIT_EXCEEDED: client unresolved admission ceiling
41119	1789236126482	1	397	admit-refused	authority refusal LIMIT_EXCEEDED: aggregate admission capacity exhausted
41280	1789236126643	2	290	admitted	admit=631ms
41311	1789236126674	0	459	admitted	admit=230ms
41346	1789236126708	1	424	admit-refused	authority refusal LIMIT_EXCEEDED: aggregate admission capacity exhausted
41348	1789236126710	0	417	admit-ceiling	LIMIT_EXCEEDED: client unresolved admission ceiling
41348	1789236126710	0	429	admit-ceiling	LIMIT_EXCEEDED: client unresolved admission ceiling
41424	1789236126787	2	293	admitted	admit=775ms
41445	1789236126807	1	286	admit-retried	succeeded after 8 refusals
41445	1789236126807	1	286	admitted	admit=18291ms
41446	1789236126809	2	251	admit-refused	authority refusal LIMIT_EXCEEDED: retained input, output or executor capacity
41452	1789236126815	0	447	admit-refused	authority refusal LIMIT_EXCEEDED: aggregate admission capacity exhausted
41477	1789236126839	2	296	admit-refused	authority refusal LIMIT_EXCEEDED: retained input, output or executor capacity
41478	1789236126841	0	462	admit-refused	authority refusal LIMIT_EXCEEDED: aggregate admission capacity exhausted
41483	1789236126845	1	418	admit-refused	authority refusal LIMIT_EXCEEDED: aggregate admission capacity exhausted
41495	1789236126858	0	414	admit-refused	authority refusal LIMIT_EXCEEDED: aggregate admission capacity exhausted
41538	1789236126901	2	299	admit-refused	authority refusal LIMIT_EXCEEDED: retained input, output or executor capacity
41631	1789236126993	1	403	admit-refused	authority refusal LIMIT_EXCEEDED: aggregate admission capacity exhausted
41643	1789236127006	0	456	admit-retried	succeeded after 3 refusals
41643	1789236127006	0	456	admitted	admit=988ms
41646	1789236127008	0	462	admit-refused	authority refusal LIMIT_EXCEEDED: aggregate admission capacity exhausted
41649	1789236127012	0	432	admit-refused	authority refusal LIMIT_EXCEEDED: aggregate admission capacity exhausted
41652	1789236127014	1	382	admit-refused	authority refusal LIMIT_EXCEEDED: aggregate admission capacity exhausted
41665	1789236127027	1	427	admit-refused	authority refusal LIMIT_EXCEEDED: aggregate admission capacity exhausted
41683	1789236127046	1	424	admit-refused	authority refusal LIMIT_EXCEEDED: aggregate admission capacity exhausted
41690	1789236127053	0	438	admit-refused	authority refusal LIMIT_EXCEEDED: aggregate admission capacity exhausted
41725	1789236127088	0	465	admit-refused	authority refusal LIMIT_EXCEEDED: aggregate admission capacity exhausted
41830	1789236127192	1	427	admit-refused	authority refusal LIMIT_EXCEEDED: aggregate admission capacity exhausted
41941	1789236127303	1	424	admit-refused	authority refusal LIMIT_EXCEEDED: aggregate admission capacity exhausted
41953	1789236127316	1	421	admit-retried	succeeded after 4 refusals
41953	1789236127316	1	421	admitted	admit=2309ms
41983	1789236127345	2	284	admit-retried	succeeded after 3 refusals
41983	1789236127345	2	284	admitted	admit=2875ms
42083	1789236127446	1	427	admit-refused	authority refusal LIMIT_EXCEEDED: aggregate admission capacity exhausted
42134	1789236127497	1	430	admit-refused	authority refusal LIMIT_EXCEEDED: aggregate admission capacity exhausted
42163	1789236127525	0	465	admit-retried	succeeded after 1 refusals
42163	1789236127525	0	465	admitted	admit=519ms
42275	1789236127637	2	302	admit-refused	authority refusal LIMIT_EXCEEDED: retained input, output or executor capacity
42298	1789236127661	2	296	admit-retried	succeeded after 1 refusals
42298	1789236127661	2	296	admitted	admit=1017ms
42314	1789236127677	2	272	admit-refused	authority refusal LIMIT_EXCEEDED: retained input, output or executor capacity
42318	1789236127681	0	468	admitted	admit=155ms
42346	1789236127708	2	299	admit-refused	authority refusal LIMIT_EXCEEDED: retained input, output or executor capacity
42374	1789236127737	1	430	admit-retried	succeeded after 1 refusals
42374	1789236127737	1	430	admitted	admit=420ms
42474	1789236127836	1	424	admit-retried	succeeded after 3 refusals
42474	1789236127836	1	424	admitted	admit=1382ms
42509	1789236127871	1	412	admit-ceiling	LIMIT_EXCEEDED: client unresolved admission ceiling
42548	1789236127911	1	433	admit-refused	authority refusal LIMIT_EXCEEDED: aggregate admission capacity exhausted
42615	1789236127978	1	436	admit-refused	authority refusal LIMIT_EXCEEDED: aggregate admission capacity exhausted
42693	1789236128055	1	427	admit-refused	authority refusal LIMIT_EXCEEDED: aggregate admission capacity exhausted
42788	1789236128150	2	41	admit-ceiling	LIMIT_EXCEEDED: client unresolved admission ceiling
42788	1789236128151	2	11	admit-ceiling	LIMIT_EXCEEDED: client unresolved admission ceiling
42839	1789236128201	1	433	admit-refused	authority refusal LIMIT_EXCEEDED: aggregate admission capacity exhausted
42860	1789236128223	1	436	admit-refused	authority refusal LIMIT_EXCEEDED: aggregate admission capacity exhausted
42888	1789236128251	2	14	admit-ceiling	LIMIT_EXCEEDED: client unresolved admission ceiling
42888	1789236128251	2	8	admit-ceiling	LIMIT_EXCEEDED: client unresolved admission ceiling
42888	1789236128251	2	29	admit-ceiling	LIMIT_EXCEEDED: client unresolved admission ceiling
42924	1789236128286	0	168	admit-retried	succeeded after 11 refusals
42924	1789236128286	0	168	admitted	admit=33093ms
42965	1789236128328	0	417	admit-ceiling	LIMIT_EXCEEDED: client unresolved admission ceiling
43062	1789236128425	1	436	admit-ceiling	LIMIT_EXCEEDED: client unresolved admission ceiling
43084	1789236128446	1	418	admit-ceiling	LIMIT_EXCEEDED: client unresolved admission ceiling
43085	1789236128447	0	474	admitted	admit=160ms
43088	1789236128451	0	462	admit-refused	authority refusal LIMIT_EXCEEDED: aggregate admission capacity exhausted
43107	1789236128470	1	193	admit-refused	authority refusal LIMIT_EXCEEDED: aggregate admission capacity exhausted
43203	1789236128565	0	477	admit-refused	authority refusal LIMIT_EXCEEDED: aggregate admission capacity exhausted
43234	1789236128597	2	17	admit-ceiling	LIMIT_EXCEEDED: client unresolved admission ceiling
43241	1789236128603	2	20	admit-ceiling	LIMIT_EXCEEDED: client unresolved admission ceiling
43277	1789236128640	1	433	admit-refused	authority refusal LIMIT_EXCEEDED: aggregate admission capacity exhausted
43293	1789236128655	2	299	admit-refused	authority refusal LIMIT_EXCEEDED: retained input, output or executor capacity
43294	1789236128656	1	403	admit-refused	authority refusal LIMIT_EXCEEDED: aggregate admission capacity exhausted
43304	1789236128666	0	477	admit-ceiling	LIMIT_EXCEEDED: client unresolved admission ceiling
43307	1789236128670	2	305	admitted	admit=1008ms
43364	1789236128726	0	471	admit-refused	authority refusal LIMIT_EXCEEDED: aggregate admission capacity exhausted
43390	1789236128752	0	438	admit-refused	authority refusal LIMIT_EXCEEDED: aggregate admission capacity exhausted
43396	1789236128758	2	302	admit-retried	succeeded after 1 refusals
43396	1789236128758	2	302	admitted	admit=1412ms
43505	1789236128867	0	477	admit-ceiling	LIMIT_EXCEEDED: client unresolved admission ceiling
43594	1789236128956	0	471	admit-retried	succeeded after 1 refusals
43594	1789236128956	0	471	admitted	admit=1275ms
43606	1789236128969	1	436	admit-refused	authority refusal LIMIT_EXCEEDED: aggregate admission capacity exhausted
43607	1789236128969	0	447	admit-refused	authority refusal LIMIT_EXCEEDED: aggregate admission capacity exhausted
43644	1789236129006	0	462	admit-refused	authority refusal LIMIT_EXCEEDED: aggregate admission capacity exhausted
43646	1789236129009	1	358	admit-refused	authority refusal LIMIT_EXCEEDED: aggregate admission capacity exhausted
43676	1789236129039	1	142	admit-refused	authority refusal LIMIT_EXCEEDED: aggregate admission capacity exhausted
43721	1789236129083	2	47	admit-retried	succeeded after 13 refusals
43721	1789236129083	2	47	admitted	admit=42846ms
43724	1789236129086	0	480	admit-refused	authority refusal LIMIT_EXCEEDED: aggregate admission capacity exhausted
43813	1789236129176	1	433	admit-refused	authority refusal LIMIT_EXCEEDED: aggregate admission capacity exhausted
43832	1789236129195	2	59	admit-ceiling	LIMIT_EXCEEDED: client unresolved admission ceiling
43853	1789236129216	1	397	admit-refused	authority refusal LIMIT_EXCEEDED: aggregate admission capacity exhausted
43922	1789236129285	1	427	admit-retried	succeeded after 4 refusals
43922	1789236129285	1	427	admitted	admit=2477ms
43975	1789236129337	0	477	admit-refused	authority refusal LIMIT_EXCEEDED: aggregate admission capacity exhausted
43986	1789236129349	0	480	admit-retried	succeeded after 1 refusals
43986	1789236129349	0	480	admitted	admit=392ms
43999	1789236129362	0	66	admit-refused	authority refusal LIMIT_EXCEEDED: aggregate admission capacity exhausted
44074	1789236129437	2	308	admit-refused	authority refusal LIMIT_EXCEEDED: retained input, output or executor capacity
44081	1789236129444	1	439	admit-refused	authority refusal LIMIT_EXCEEDED: aggregate admission capacity exhausted
44099	1789236129462	2	311	admitted	admit=702ms
44130	1789236129492	0	483	admitted	admit=142ms
44212	1789236129574	2	266	admit-ceiling	LIMIT_EXCEEDED: client unresolved admission ceiling
44258	1789236129621	0	486	admit-refused	authority refusal LIMIT_EXCEEDED: aggregate admission capacity exhausted
44267	1789236129630	2	317	admit-refused	authority refusal LIMIT_EXCEEDED: retained input, output or executor capacity
44277	1789236129639	2	308	admit-refused	authority refusal LIMIT_EXCEEDED: retained input, output or executor capacity
44345	1789236129707	2	314	admit-refused	authority refusal LIMIT_EXCEEDED: retained input, output or executor capacity
44355	1789236129718	2	299	admit-refused	authority refusal LIMIT_EXCEEDED: retained input, output or executor capacity
44445	1789236129808	0	462	admit-ceiling	LIMIT_EXCEEDED: client unresolved admission ceiling
44476	1789236129838	0	447	admit-refused	authority refusal LIMIT_EXCEEDED: aggregate admission capacity exhausted
44500	1789236129862	0	486	admit-retried	succeeded after 1 refusals
44500	1789236129862	0	486	admitted	admit=369ms
44506	1789236129868	2	218	admit-refused	authority refusal LIMIT_EXCEEDED: retained input, output or executor capacity
44516	1789236129878	2	317	admit-refused	authority refusal LIMIT_EXCEEDED: retained input, output or executor capacity
44582	1789236129945	0	387	admit-ceiling	LIMIT_EXCEEDED: client unresolved admission ceiling
44592	1789236129954	1	241	admit-retried	succeeded after 10 refusals
44592	1789236129954	1	241	admitted	admit=27267ms
44654	1789236130016	1	436	admit-retried	succeeded after 4 refusals
44654	1789236130016	1	436	admitted	admit=2179ms
44683	1789236130045	1	445	admit-ceiling	LIMIT_EXCEEDED: client unresolved admission ceiling
44683	1789236130046	1	88	admit-ceiling	LIMIT_EXCEEDED: client unresolved admission ceiling
44697	1789236130059	0	414	admit-ceiling	LIMIT_EXCEEDED: client unresolved admission ceiling
44728	1789236130090	0	429	admit-retried	succeeded after 6 refusals
44728	1789236130090	0	429	admitted	admit=6966ms
44757	1789236130119	1	58	admit-refused	authority refusal LIMIT_EXCEEDED: aggregate admission capacity exhausted
44769	1789236130132	1	442	admitted	admit=177ms
44776	1789236130138	0	477	admit-ceiling	LIMIT_EXCEEDED: client unresolved admission ceiling
44788	1789236130151	1	433	admit-refused	authority refusal LIMIT_EXCEEDED: aggregate admission capacity exhausted
44872	1789236130235	0	492	admitted	admit=144ms
44874	1789236130236	0	102	admit-ceiling	LIMIT_EXCEEDED: client unresolved admission ceiling
44882	1789236130244	1	445	admit-refused	authority refusal LIMIT_EXCEEDED: aggregate admission capacity exhausted
44908	1789236130270	0	495	admit-ceiling	LIMIT_EXCEEDED: client unresolved admission ceiling
44920	1789236130282	1	382	admit-refused	authority refusal LIMIT_EXCEEDED: aggregate admission capacity exhausted
45010	1789236130372	0	495	admit-ceiling	LIMIT_EXCEEDED: client unresolved admission ceiling
45036	1789236130399	0	489	admit-refused	authority refusal LIMIT_EXCEEDED: aggregate admission capacity exhausted
45052	1789236130415	1	448	admit-refused	authority refusal LIMIT_EXCEEDED: aggregate admission capacity exhausted
45138	1789236130501	0	489	admit-ceiling	LIMIT_EXCEEDED: client unresolved admission ceiling
45184	1789236130546	1	439	admit-refused	authority refusal LIMIT_EXCEEDED: aggregate admission capacity exhausted
45211	1789236130573	0	495	admit-ceiling	LIMIT_EXCEEDED: client unresolved admission ceiling
45234	1789236130597	1	445	admit-refused	authority refusal LIMIT_EXCEEDED: aggregate admission capacity exhausted
45296	1789236130658	1	373	admit-refused	authority refusal LIMIT_EXCEEDED: aggregate admission capacity exhausted
45340	1789236130703	0	489	admit-ceiling	LIMIT_EXCEEDED: client unresolved admission ceiling
45380	1789236130743	1	199	admit-refused	authority refusal LIMIT_EXCEEDED: aggregate admission capacity exhausted
45461	1789236130823	1	439	admit-refused	authority refusal LIMIT_EXCEEDED: aggregate admission capacity exhausted
45466	1789236130829	1	448	admit-refused	authority refusal LIMIT_EXCEEDED: aggregate admission capacity exhausted
45472	1789236130834	2	299	admit-refused	authority refusal LIMIT_EXCEEDED: retained input, output or executor capacity
45496	1789236130858	2	317	admit-retried	succeeded after 2 refusals
45496	1789236130858	2	317	admitted	admit=1396ms
45526	1789236130888	2	314	admit-retried	succeeded after 1 refusals
45526	1789236130888	2	314	admitted	admit=1804ms
45613	1789236130976	0	495	admit-ceiling	LIMIT_EXCEEDED: client unresolved admission ceiling
45639	1789236131002	2	308	admit-refused	authority refusal LIMIT_EXCEEDED: retained input, output or executor capacity
45723	1789236131086	0	432	admit-retried	succeeded after 6 refusals
45723	1789236131086	0	432	admitted	admit=7818ms
45749	1789236131112	0	489	admit-ceiling	LIMIT_EXCEEDED: client unresolved admission ceiling
45772	1789236131134	1	412	admit-refused	authority refusal LIMIT_EXCEEDED: aggregate admission capacity exhausted
45790	1789236131153	1	448	admit-retried	succeeded after 2 refusals
45790	1789236131153	1	448	admitted	admit=1020ms
45799	1789236131162	1	445	admit-refused	authority refusal LIMIT_EXCEEDED: aggregate admission capacity exhausted
45851	1789236131213	0	366	admit-refused	authority refusal LIMIT_EXCEEDED: aggregate admission capacity exhausted
45916	1789236131278	1	451	admit-refused	authority refusal LIMIT_EXCEEDED: aggregate admission capacity exhausted
46048	1789236131410	0	462	admit-ceiling	LIMIT_EXCEEDED: client unresolved admission ceiling
46077	1789236131439	0	447	admit-ceiling	LIMIT_EXCEEDED: client unresolved admission ceiling
46106	1789236131468	0	378	admit-retried	succeeded after 7 refusals
46106	1789236131468	0	378	admitted	admit=13732ms
46126	1789236131488	1	451	admit-retried	succeeded after 1 refusals
46126	1789236131488	1	451	admitted	admit=335ms
46167	1789236131529	0	417	admit-ceiling	LIMIT_EXCEEDED: client unresolved admission ceiling
46286	1789236131649	1	454	admit-refused	authority refusal LIMIT_EXCEEDED: aggregate admission capacity exhausted
46294	1789236131657	1	439	admit-retried	succeeded after 3 refusals
46294	1789236131657	1	439	admitted	admit=2371ms
46306	1789236131668	0	501	admitted	admit=199ms
46378	1789236131741	0	477	admit-ceiling	LIMIT_EXCEEDED: client unresolved admission ceiling
46416	1789236131778	0	495	admit-ceiling	LIMIT_EXCEEDED: client unresolved admission ceiling
46425	1789236131787	2	323	admitted	admit=898ms
46461	1789236131823	2	251	admit-ceiling	LIMIT_EXCEEDED: client unresolved admission ceiling
46495	1789236131857	1	403	admit-ceiling	LIMIT_EXCEEDED: client unresolved admission ceiling
46548	1789236131910	1	433	admit-refused	authority refusal LIMIT_EXCEEDED: aggregate admission capacity exhausted
46552	1789236131914	0	489	admit-ceiling	LIMIT_EXCEEDED: client unresolved admission ceiling
46555	1789236131917	1	454	admit-retried	succeeded after 1 refusals
46555	1789236131917	1	454	admitted	admit=428ms
46567	1789236131930	1	457	admit-refused	authority refusal LIMIT_EXCEEDED: aggregate admission capacity exhausted
46592	1789236131955	0	438	admit-ceiling	LIMIT_EXCEEDED: client unresolved admission ceiling
46747	1789236132109	1	445	admit-refused	authority refusal LIMIT_EXCEEDED: aggregate admission capacity exhausted
46777	1789236132139	1	457	admit-refused	authority refusal LIMIT_EXCEEDED: aggregate admission capacity exhausted
46795	1789236132158	2	320	admit-refused	authority refusal LIMIT_EXCEEDED: retained input, output or executor capacity
46809	1789236132172	2	272	admit-retried	succeeded after 6 refusals
46809	1789236132172	2	272	admitted	admit=9950ms
46837	1789236132200	2	326	admit-refused	authority refusal LIMIT_EXCEEDED: retained input, output or executor capacity
46871	1789236132234	1	460	admitted	admit=316ms
46893	1789236132255	2	308	admit-refused	authority refusal LIMIT_EXCEEDED: retained input, output or executor capacity
46909	1789236132271	2	329	admit-refused	authority refusal LIMIT_EXCEEDED: retained input, output or executor capacity
46981	1789236132344	0	99	admit-retried	succeeded after 13 refusals
46981	1789236132344	0	99	admitted	admit=44547ms
46994	1789236132356	2	320	admit-refused	authority refusal LIMIT_EXCEEDED: retained input, output or executor capacity
47122	1789236132485	0	507	admitted	admit=140ms
47233	1789236132595	1	397	admit-retried	succeeded after 6 refusals
47233	1789236132595	1	397	admitted	admit=9975ms
47234	1789236132597	2	326	admit-refused	authority refusal LIMIT_EXCEEDED: retained input, output or executor capacity
47261	1789236132624	1	457	admit-refused	authority refusal LIMIT_EXCEEDED: aggregate admission capacity exhausted
47314	1789236132677	0	504	admitted	admit=1008ms
47384	1789236132747	1	418	admit-refused	authority refusal LIMIT_EXCEEDED: aggregate admission capacity exhausted
47411	1789236132773	1	466	admit-refused	authority refusal LIMIT_EXCEEDED: aggregate admission capacity exhausted
47472	1789236132834	0	513	admitted	admit=156ms
47529	1789236132892	1	463	admitted	admit=657ms
47616	1789236132979	0	516	admit-refused	authority refusal LIMIT_EXCEEDED: aggregate admission capacity exhausted
47668	1789236133030	1	469	admit-refused	authority refusal LIMIT_EXCEEDED: aggregate admission capacity exhausted
47693	1789236133055	1	466	admit-refused	authority refusal LIMIT_EXCEEDED: aggregate admission capacity exhausted
47694	1789236133056	2	308	admit-ceiling	LIMIT_EXCEEDED: client unresolved admission ceiling
47789	1789236133151	2	41	admit-ceiling	LIMIT_EXCEEDED: client unresolved admission ceiling
47789	1789236133152	2	11	admit-ceiling	LIMIT_EXCEEDED: client unresolved admission ceiling
47876	1789236133239	0	516	admit-retried	succeeded after 1 refusals
47876	1789236133239	0	516	admitted	admit=404ms
47890	1789236133253	2	14	admit-ceiling	LIMIT_EXCEEDED: client unresolved admission ceiling
47890	1789236133253	2	8	admit-ceiling	LIMIT_EXCEEDED: client unresolved admission ceiling
47890	1789236133253	2	29	admit-ceiling	LIMIT_EXCEEDED: client unresolved admission ceiling
48005	1789236133368	2	329	admit-retried	succeeded after 1 refusals
48005	1789236133368	2	329	admitted	admit=1195ms
48015	1789236133378	1	466	admit-retried	succeeded after 2 refusals
48015	1789236133378	1	466	admitted	admit=781ms
48017	1789236133379	0	495	admit-ceiling	LIMIT_EXCEEDED: client unresolved admission ceiling
48076	1789236133438	2	320	admit-refused	authority refusal LIMIT_EXCEEDED: retained input, output or executor capacity
48089	1789236133452	2	299	admit-retried	succeeded after 5 refusals
48089	1789236133452	2	299	admitted	admit=6664ms
48153	1789236133516	0	489	admit-ceiling	LIMIT_EXCEEDED: client unresolved admission ceiling
48176	1789236133538	1	193	admit-refused	authority refusal LIMIT_EXCEEDED: aggregate admission capacity exhausted
48187	1789236133549	0	519	admitted	admit=310ms
48189	1789236133551	2	326	admit-refused	authority refusal LIMIT_EXCEEDED: retained input, output or executor capacity
48193	1789236133555	1	472	admitted	admit=177ms
48204	1789236133566	2	332	admit-refused	authority refusal LIMIT_EXCEEDED: retained input, output or executor capacity
48247	1789236133609	2	335	admit-refused	authority refusal LIMIT_EXCEEDED: retained input, output or executor capacity
48251	1789236133614	0	498	admit-refused	authority refusal LIMIT_EXCEEDED: aggregate admission capacity exhausted
48409	1789236133772	0	522	admit-refused	authority refusal LIMIT_EXCEEDED: aggregate admission capacity exhausted
48430	1789236133792	0	498	admit-refused	authority refusal LIMIT_EXCEEDED: aggregate admission capacity exhausted
48469	1789236133831	1	475	admitted	admit=275ms
48477	1789236133840	2	320	admit-ceiling	LIMIT_EXCEEDED: client unresolved admission ceiling
48590	1789236133953	2	326	admit-ceiling	LIMIT_EXCEEDED: client unresolved admission ceiling
48603	1789236133965	0	522	admit-refused	authority refusal LIMIT_EXCEEDED: aggregate admission capacity exhausted
48648	1789236134010	1	358	admit-ceiling	LIMIT_EXCEEDED: client unresolved admission ceiling
48678	1789236134040	1	142	admit-ceiling	LIMIT_EXCEEDED: client unresolved admission ceiling
48810	1789236134172	1	478	admitted	admit=340ms
48834	1789236134197	2	59	admit-ceiling	LIMIT_EXCEEDED: client unresolved admission ceiling
48871	1789236134234	1	445	admit-refused	authority refusal LIMIT_EXCEEDED: aggregate admission capacity exhausted
48927	1789236134290	0	498	admit-retried	succeeded after 2 refusals
48927	1789236134290	0	498	admitted	admit=3204ms
48941	1789236134304	0	510	admit-refused	authority refusal LIMIT_EXCEEDED: aggregate admission capacity exhausted
49041	1789236134403	1	481	admit-refused	authority refusal LIMIT_EXCEEDED: aggregate admission capacity exhausted
49044	1789236134406	0	510	admit-ceiling	LIMIT_EXCEEDED: client unresolved admission ceiling
49133	1789236134496	0	66	admit-retried	succeeded after 14 refusals
49133	1789236134496	0	66	admitted	admit=47457ms
49214	1789236134577	2	266	admit-ceiling	LIMIT_EXCEEDED: client unresolved admission ceiling
49228	1789236134590	0	528	admit-refused	authority refusal LIMIT_EXCEEDED: aggregate admission capacity exhausted
49249	1789236134611	0	462	admit-ceiling	LIMIT_EXCEEDED: client unresolved admission ceiling
49279	1789236134641	0	447	admit-ceiling	LIMIT_EXCEEDED: client unresolved admission ceiling
49279	1789236134641	2	320	admit-ceiling	LIMIT_EXCEEDED: client unresolved admission ceiling
49295	1789236134657	2	308	admit-ceiling	LIMIT_EXCEEDED: client unresolved admission ceiling
49298	1789236134661	0	522	admit-refused	authority refusal LIMIT_EXCEEDED: aggregate admission capacity exhausted
49324	1789236134686	0	510	admit-refused	authority refusal LIMIT_EXCEEDED: aggregate admission capacity exhausted
49326	1789236134689	2	17	admit-retried	succeeded after 14 refusals
49326	1789236134689	2	17	admitted	admit=48451ms
49357	1789236134719	0	108	admit-refused	authority refusal LIMIT_EXCEEDED: aggregate admission capacity exhausted
49392	1789236134755	2	326	admit-ceiling	LIMIT_EXCEEDED: client unresolved admission ceiling
49395	1789236134757	0	528	admit-refused	authority refusal LIMIT_EXCEEDED: aggregate admission capacity exhausted
49408	1789236134770	1	481	admit-retried	succeeded after 1 refusals
49408	1789236134770	1	481	admitted	admit=597ms
49409	1789236134772	2	332	admit-refused	authority refusal LIMIT_EXCEEDED: retained input, output or executor capacity
49419	1789236134782	2	335	admit-refused	authority refusal LIMIT_EXCEEDED: retained input, output or executor capacity
49502	1789236134864	1	484	admit-refused	authority refusal LIMIT_EXCEEDED: aggregate admission capacity exhausted
49514	1789236134877	1	469	admit-retried	succeeded after 1 refusals
49514	1789236134877	1	469	admitted	admit=1984ms
49580	1789236134943	2	338	admit-refused	authority refusal LIMIT_EXCEEDED: retained input, output or executor capacity
49616	1789236134978	2	20	admit-retried	succeeded after 14 refusals
49616	1789236134978	2	20	admitted	admit=48741ms
49682	1789236135044	2	338	admit-ceiling	LIMIT_EXCEEDED: client unresolved admission ceiling
49698	1789236135060	0	414	admit-ceiling	LIMIT_EXCEEDED: client unresolved admission ceiling
49700	1789236135063	0	522	admit-ceiling	LIMIT_EXCEEDED: client unresolved admission ceiling
49749	1789236135112	1	433	admit-ceiling	LIMIT_EXCEEDED: client unresolved admission ceiling
49759	1789236135121	0	387	admit-retried	succeeded after 8 refusals
49759	1789236135121	0	387	admitted	admit=16870ms
49759	1789236135122	1	58	admit-ceiling	LIMIT_EXCEEDED: client unresolved admission ceiling
49793	1789236135155	1	88	admit-refused	authority refusal LIMIT_EXCEEDED: aggregate admission capacity exhausted
49807	1789236135170	0	477	admit-refused	authority refusal LIMIT_EXCEEDED: aggregate admission capacity exhausted
49839	1789236135201	0	528	admit-retried	succeeded after 2 refusals
49839	1789236135201	0	528	admitted	admit=705ms
49867	1789236135229	0	531	admit-refused	authority refusal LIMIT_EXCEEDED: aggregate admission capacity exhausted
49883	1789236135246	2	338	admit-ceiling	LIMIT_EXCEEDED: client unresolved admission ceiling
49918	1789236135280	0	510	admit-refused	authority refusal LIMIT_EXCEEDED: aggregate admission capacity exhausted
49962	1789236135324	0	102	admit-refused	authority refusal LIMIT_EXCEEDED: aggregate admission capacity exhausted
49998	1789236135360	0	534	admit-refused	authority refusal LIMIT_EXCEEDED: aggregate admission capacity exhausted
50031	1789236135394	0	531	admit-refused	authority refusal LIMIT_EXCEEDED: aggregate admission capacity exhausted
50061	1789236135424	1	382	admit-refused	authority refusal LIMIT_EXCEEDED: aggregate admission capacity exhausted
50069	1789236135431	1	484	admit-retried	succeeded after 1 refusals
50069	1789236135431	1	484	admitted	admit=660ms
50192	1789236135554	0	534	admit-refused	authority refusal LIMIT_EXCEEDED: aggregate admission capacity exhausted
50286	1789236135648	2	338	admit-ceiling	LIMIT_EXCEEDED: client unresolved admission ceiling
50287	1789236135650	1	490	admitted	admit=218ms
50380	1789236135742	0	531	admit-retried	succeeded after 2 refusals
50380	1789236135742	0	531	admitted	admit=620ms
50382	1789236135744	1	199	admit-ceiling	LIMIT_EXCEEDED: client unresolved admission ceiling
50456	1789236135818	1	373	admit-retried	succeeded after 8 refusals
50456	1789236135818	1	373	admitted	admit=17361ms
50491	1789236135853	1	493	admit-refused	authority refusal LIMIT_EXCEEDED: aggregate admission capacity exhausted
50572	1789236135934	0	534	admit-retried	succeeded after 2 refusals
50572	1789236135934	0	534	admitted	admit=732ms
50613	1789236135976	1	496	admitted	admit=157ms
50658	1789236136020	2	341	admit-refused	authority refusal LIMIT_EXCEEDED: retained input, output or executor capacity
50674	1789236136037	2	335	admit-refused	authority refusal LIMIT_EXCEEDED: retained input, output or executor capacity
50705	1789236136067	2	218	admit-retried	succeeded after 9 refusals
50705	1789236136067	2	218	admitted	admit=23803ms
50719	1789236136082	0	510	admit-ceiling	LIMIT_EXCEEDED: client unresolved admission ceiling
50752	1789236136115	1	499	admit-refused	authority refusal LIMIT_EXCEEDED: aggregate admission capacity exhausted
50773	1789236136135	1	493	admit-refused	authority refusal LIMIT_EXCEEDED: aggregate admission capacity exhausted
50816	1789236136178	2	344	admit-refused	authority refusal LIMIT_EXCEEDED: retained input, output or executor capacity
50835	1789236136198	2	332	admit-retried	succeeded after 2 refusals
50835	1789236136198	2	332	admitted	admit=2829ms
50837	1789236136199	2	341	admit-refused	authority refusal LIMIT_EXCEEDED: retained input, output or executor capacity
50852	1789236136215	0	366	admit-ceiling	LIMIT_EXCEEDED: client unresolved admission ceiling
50912	1789236136275	1	457	admit-retried	succeeded after 3 refusals
50912	1789236136275	1	457	admitted	admit=4617ms
50984	1789236136347	1	412	admit-retried	succeeded after 7 refusals
50984	1789236136347	1	412	admitted	admit=12158ms
51019	1789236136381	1	505	admit-ceiling	LIMIT_EXCEEDED: client unresolved admission ceiling
51039	1789236136401	2	341	admit-ceiling	LIMIT_EXCEEDED: client unresolved admission ceiling
51076	1789236136438	2	335	admit-ceiling	LIMIT_EXCEEDED: client unresolved admission ceiling
51087	1789236136450	2	338	admit-ceiling	LIMIT_EXCEEDED: client unresolved admission ceiling
51114	1789236136477	1	493	admit-refused	authority refusal LIMIT_EXCEEDED: aggregate admission capacity exhausted
51169	1789236136531	0	417	admit-ceiling	LIMIT_EXCEEDED: client unresolved admission ceiling
51197	1789236136559	1	505	admit-refused	authority refusal LIMIT_EXCEEDED: aggregate admission capacity exhausted
51211	1789236136573	1	499	admit-retried	succeeded after 1 refusals
51211	1789236136573	1	499	admitted	admit=596ms
51218	1789236136580	0	495	admit-ceiling	LIMIT_EXCEEDED: client unresolved admission ceiling
51224	1789236136587	1	487	admit-refused	authority refusal LIMIT_EXCEEDED: aggregate admission capacity exhausted
51355	1789236136717	0	489	admit-ceiling	LIMIT_EXCEEDED: client unresolved admission ceiling
51406	1789236136768	1	487	admit-refused	authority refusal LIMIT_EXCEEDED: aggregate admission capacity exhausted
51440	1789236136803	2	341	admit-ceiling	LIMIT_EXCEEDED: client unresolved admission ceiling
51462	1789236136825	2	251	admit-ceiling	LIMIT_EXCEEDED: client unresolved admission ceiling
51508	1789236136871	1	505	admit-retried	succeeded after 2 refusals
51508	1789236136871	1	505	admitted	admit=523ms
51549	1789236136912	1	493	admit-ceiling	LIMIT_EXCEEDED: client unresolved admission ceiling
51558	1789236136921	0	522	admit-retried	succeeded after 4 refusals
51558	1789236136921	0	522	admitted	admit=3371ms
51594	1789236136956	0	438	admit-ceiling	LIMIT_EXCEEDED: client unresolved admission ceiling
51608	1789236136970	1	487	admit-ceiling	LIMIT_EXCEEDED: client unresolved admission ceiling
51635	1789236136998	1	502	admit-refused	authority refusal LIMIT_EXCEEDED: aggregate admission capacity exhausted
51792	1789236137155	0	543	admitted	admit=233ms
51795	1789236137158	1	403	admit-refused	authority refusal LIMIT_EXCEEDED: aggregate admission capacity exhausted
51877	1789236137239	2	335	admit-ceiling	LIMIT_EXCEEDED: client unresolved admission ceiling
51877	1789236137240	1	502	admit-refused	authority refusal LIMIT_EXCEEDED: aggregate admission capacity exhausted
51941	1789236137304	2	347	admitted	admit=1105ms
51947	1789236137309	0	546	admitted	admit=154ms
52017	1789236137379	0	537	admitted	admit=1636ms
52030	1789236137393	2	344	admit-refused	authority refusal LIMIT_EXCEEDED: retained input, output or executor capacity
52045	1789236137408	2	326	admit-refused	authority refusal LIMIT_EXCEEDED: retained input, output or executor capacity
52055	1789236137417	2	320	admit-retried	succeeded after 5 refusals
52055	1789236137417	2	320	admitted	admit=6529ms
52079	1789236137442	1	502	admit-ceiling	LIMIT_EXCEEDED: client unresolved admission ceiling
52089	1789236137452	0	540	admitted	admit=1516ms
52116	1789236137478	2	350	admit-refused	authority refusal LIMIT_EXCEEDED: retained input, output or executor capacity
52137	1789236137500	1	511	admit-refused	authority refusal LIMIT_EXCEEDED: aggregate admission capacity exhausted
52155	1789236137518	1	487	admit-retried	succeeded after 3 refusals
52155	1789236137518	1	487	admitted	admit=2640ms
52160	1789236137522	0	549	admitted	admit=212ms
52193	1789236137556	0	555	admit-refused	authority refusal LIMIT_EXCEEDED: aggregate admission capacity exhausted
52223	1789236137585	0	552	admitted	admit=205ms
52236	1789236137598	1	508	admit-refused	authority refusal LIMIT_EXCEEDED: aggregate admission capacity exhausted
52248	1789236137611	1	445	admit-retried	succeeded after 6 refusals
52248	1789236137611	1	445	admitted	admit=7593ms
52256	1789236137619	1	514	admit-refused	authority refusal LIMIT_EXCEEDED: aggregate admission capacity exhausted
52321	1789236137684	0	510	admit-ceiling	LIMIT_EXCEEDED: client unresolved admission ceiling
52324	1789236137687	0	561	admit-refused	authority refusal LIMIT_EXCEEDED: aggregate admission capacity exhausted
52358	1789236137720	1	514	admit-ceiling	LIMIT_EXCEEDED: client unresolved admission ceiling
52366	1789236137728	0	555	admit-refused	authority refusal LIMIT_EXCEEDED: aggregate admission capacity exhausted
52386	1789236137749	1	418	admit-ceiling	LIMIT_EXCEEDED: client unresolved admission ceiling
52481	1789236137844	1	502	admit-ceiling	LIMIT_EXCEEDED: client unresolved admission ceiling
52498	1789236137860	2	308	admit-ceiling	LIMIT_EXCEEDED: client unresolved admission ceiling
52558	1789236137920	0	561	admit-refused	authority refusal LIMIT_EXCEEDED: aggregate admission capacity exhausted
52559	1789236137921	1	514	admit-ceiling	LIMIT_EXCEEDED: client unresolved admission ceiling
52633	1789236137995	1	508	admit-refused	authority refusal LIMIT_EXCEEDED: aggregate admission capacity exhausted
52663	1789236138025	1	493	admit-refused	authority refusal LIMIT_EXCEEDED: aggregate admission capacity exhausted
52671	1789236138033	2	350	admit-retried	succeeded after 1 refusals
52671	1789236138033	2	350	admitted	admit=729ms
52676	1789236138039	0	555	admit-retried	succeeded after 2 refusals
52676	1789236138039	0	555	admitted	admit=586ms
52708	1789236138070	2	338	admit-ceiling	LIMIT_EXCEEDED: client unresolved admission ceiling
52774	1789236138136	1	517	admit-refused	authority refusal LIMIT_EXCEEDED: aggregate admission capacity exhausted
52791	1789236138154	2	41	admit-ceiling	LIMIT_EXCEEDED: client unresolved admission ceiling
52791	1789236138154	2	11	admit-ceiling	LIMIT_EXCEEDED: client unresolved admission ceiling
52819	1789236138182	0	561	admit-refused	authority refusal LIMIT_EXCEEDED: aggregate admission capacity exhausted
52832	1789236138194	2	341	admit-retried	succeeded after 4 refusals
52832	1789236138194	2	341	admitted	admit=3215ms
52835	1789236138197	1	511	admit-refused	authority refusal LIMIT_EXCEEDED: aggregate admission capacity exhausted
52871	1789236138233	0	564	admit-refused	authority refusal LIMIT_EXCEEDED: aggregate admission capacity exhausted
52893	1789236138255	2	14	admit-ceiling	LIMIT_EXCEEDED: client unresolved admission ceiling
52893	1789236138255	2	8	admit-ceiling	LIMIT_EXCEEDED: client unresolved admission ceiling
52893	1789236138255	2	29	admit-ceiling	LIMIT_EXCEEDED: client unresolved admission ceiling
52992	1789236138355	2	353	admit-refused	authority refusal LIMIT_EXCEEDED: retained input, output or executor capacity
53002	1789236138364	2	344	admit-refused	authority refusal LIMIT_EXCEEDED: retained input, output or executor capacity
53016	1789236138379	2	356	admit-refused	authority refusal LIMIT_EXCEEDED: retained input, output or executor capacity
53026	1789236138389	2	359	admit-refused	authority refusal LIMIT_EXCEEDED: retained input, output or executor capacity
53112	1789236138475	0	564	admit-retried	succeeded after 1 refusals
53112	1789236138475	0	564	admitted	admit=435ms
53143	1789236138505	1	514	admit-retried	succeeded after 3 refusals
53143	1789236138505	1	514	admitted	admit=987ms
53146	1789236138509	1	511	admit-refused	authority refusal LIMIT_EXCEEDED: aggregate admission capacity exhausted
53173	1789236138536	2	353	admit-refused	authority refusal LIMIT_EXCEEDED: retained input, output or executor capacity
53212	1789236138575	0	525	admitted	admit=4284ms
53284	1789236138646	1	502	admit-ceiling	LIMIT_EXCEEDED: client unresolved admission ceiling
53377	1789236138740	1	193	admit-refused	authority refusal LIMIT_EXCEEDED: aggregate admission capacity exhausted
53424	1789236138787	0	561	admit-retried	succeeded after 3 refusals
53424	1789236138787	0	561	admitted	admit=1201ms
53437	1789236138800	1	520	admit-refused	authority refusal LIMIT_EXCEEDED: aggregate admission capacity exhausted
53479	1789236138842	2	335	admit-ceiling	LIMIT_EXCEEDED: client unresolved admission ceiling
53581	1789236138944	0	558	admit-refused	authority refusal LIMIT_EXCEEDED: aggregate admission capacity exhausted
53633	1789236138995	1	511	admit-refused	authority refusal LIMIT_EXCEEDED: aggregate admission capacity exhausted
53645	1789236139008	2	359	admit-retried	succeeded after 1 refusals
53645	1789236139008	2	359	admitted	admit=813ms
53655	1789236139018	1	520	admit-refused	authority refusal LIMIT_EXCEEDED: aggregate admission capacity exhausted
53673	1789236139035	1	517	admit-refused	authority refusal LIMIT_EXCEEDED: aggregate admission capacity exhausted
53750	1789236139113	0	573	admit-refused	authority refusal LIMIT_EXCEEDED: aggregate admission capacity exhausted
53771	1789236139133	0	558	admit-refused	authority refusal LIMIT_EXCEEDED: aggregate admission capacity exhausted
53780	1789236139143	1	358	admit-refused	authority refusal LIMIT_EXCEEDED: aggregate admission capacity exhausted
53799	1789236139162	1	142	admit-refused	authority refusal LIMIT_EXCEEDED: aggregate admission capacity exhausted
53837	1789236139199	2	59	admit-ceiling	LIMIT_EXCEEDED: client unresolved admission ceiling
53844	1789236139207	0	567	admit-refused	authority refusal LIMIT_EXCEEDED: aggregate admission capacity exhausted
53933	1789236139296	1	520	admit-refused	authority refusal LIMIT_EXCEEDED: aggregate admission capacity exhausted
53953	1789236139315	1	517	admit-refused	authority refusal LIMIT_EXCEEDED: aggregate admission capacity exhausted
53975	1789236139338	2	356	admit-retried	succeeded after 1 refusals
53975	1789236139338	2	356	admitted	admit=1304ms
53987	1789236139349	2	362	admit-refused	authority refusal LIMIT_EXCEEDED: retained input, output or executor capacity
54072	1789236139435	2	353	admit-refused	authority refusal LIMIT_EXCEEDED: retained input, output or executor capacity
54087	1789236139450	2	365	admit-refused	authority refusal LIMIT_EXCEEDED: retained input, output or executor capacity
54098	1789236139461	2	344	admit-refused	authority refusal LIMIT_EXCEEDED: retained input, output or executor capacity
54135	1789236139497	0	567	admit-refused	authority refusal LIMIT_EXCEEDED: aggregate admission capacity exhausted
54141	1789236139504	0	558	admit-retried	succeeded after 2 refusals
54141	1789236139504	0	558	admitted	admit=1981ms
54178	1789236139541	2	362	admit-refused	authority refusal LIMIT_EXCEEDED: retained input, output or executor capacity
54279	1789236139642	0	447	admit-ceiling	LIMIT_EXCEEDED: client unresolved admission ceiling
54335	1789236139698	0	567	admit-ceiling	LIMIT_EXCEEDED: client unresolved admission ceiling
54358	1789236139720	0	108	admit-ceiling	LIMIT_EXCEEDED: client unresolved admission ceiling
54377	1789236139740	0	576	admit-refused	authority refusal LIMIT_EXCEEDED: aggregate admission capacity exhausted
54403	1789236139765	0	462	admit-refused	authority refusal LIMIT_EXCEEDED: aggregate admission capacity exhausted
54434	1789236139797	1	511	admit-ceiling	LIMIT_EXCEEDED: client unresolved admission ceiling
54445	1789236139808	0	573	admit-refused	authority refusal LIMIT_EXCEEDED: aggregate admission capacity exhausted
54469	1789236139832	0	570	admit-refused	authority refusal LIMIT_EXCEEDED: aggregate admission capacity exhausted
54536	1789236139899	1	520	admit-retried	succeeded after 3 refusals
54536	1789236139899	1	520	admitted	admit=1392ms
54559	1789236139922	1	493	admit-refused	authority refusal LIMIT_EXCEEDED: aggregate admission capacity exhausted
54567	1789236139929	1	517	admit-retried	succeeded after 3 refusals
54567	1789236139929	1	517	admitted	admit=2318ms
54596	1789236139958	1	508	admit-refused	authority refusal LIMIT_EXCEEDED: aggregate admission capacity exhausted
54603	1789236139966	0	576	admit-refused	authority refusal LIMIT_EXCEEDED: aggregate admission capacity exhausted
54663	1789236140026	1	523	admit-refused	authority refusal LIMIT_EXCEEDED: aggregate admission capacity exhausted
54732	1789236140095	0	570	admit-refused	authority refusal LIMIT_EXCEEDED: aggregate admission capacity exhausted
54794	1789236140156	1	88	admit-ceiling	LIMIT_EXCEEDED: client unresolved admission ceiling
54809	1789236140172	0	477	admit-ceiling	LIMIT_EXCEEDED: client unresolved admission ceiling
54878	1789236140241	0	567	admit-refused	authority refusal LIMIT_EXCEEDED: aggregate admission capacity exhausted
54885	1789236140248	1	502	admit-ceiling	LIMIT_EXCEEDED: client unresolved admission ceiling
54900	1789236140263	2	344	admit-ceiling	LIMIT_EXCEEDED: client unresolved admission ceiling
54924	1789236140287	1	58	admit-refused	authority refusal LIMIT_EXCEEDED: aggregate admission capacity exhausted
54932	1789236140294	0	576	admit-refused	authority refusal LIMIT_EXCEEDED: aggregate admission capacity exhausted
54934	1789236140296	1	433	admit-retried	succeeded after 7 refusals
54934	1789236140296	1	433	admitted	admit=12558ms
54958	1789236140320	1	523	admit-refused	authority refusal LIMIT_EXCEEDED: aggregate admission capacity exhausted
54959	1789236140321	2	266	admit-retried	succeeded after 8 refusals
54959	1789236140321	2	266	admitted	admit=18699ms
54967	1789236140330	0	414	admit-refused	authority refusal LIMIT_EXCEEDED: aggregate admission capacity exhausted
54977	1789236140340	0	573	admit-refused	authority refusal LIMIT_EXCEEDED: aggregate admission capacity exhausted
54982	1789236140344	2	362	admit-refused	authority refusal LIMIT_EXCEEDED: retained input, output or executor capacity
55026	1789236140388	2	365	admit-retried	succeeded after 1 refusals
55026	1789236140388	2	365	admitted	admit=1050ms
55072	1789236140435	2	368	admit-refused	authority refusal LIMIT_EXCEEDED: retained input, output or executor capacity
55074	1789236140436	1	508	admit-refused	authority refusal LIMIT_EXCEEDED: aggregate admission capacity exhausted
55087	1789236140449	1	529	admit-refused	authority refusal LIMIT_EXCEEDED: aggregate admission capacity exhausted
55119	1789236140482	1	382	admit-refused	authority refusal LIMIT_EXCEEDED: aggregate admission capacity exhausted
55147	1789236140509	0	102	admit-refused	authority refusal LIMIT_EXCEEDED: aggregate admission capacity exhausted
55251	1789236140614	1	523	admit-refused	authority refusal LIMIT_EXCEEDED: aggregate admission capacity exhausted
55252	1789236140614	0	570	admit-refused	authority refusal LIMIT_EXCEEDED: aggregate admission capacity exhausted
55326	1789236140689	1	526	admit-refused	authority refusal LIMIT_EXCEEDED: aggregate admission capacity exhausted
55346	1789236140708	1	529	admit-refused	authority refusal LIMIT_EXCEEDED: aggregate admission capacity exhausted
55413	1789236140776	2	353	admit-retried	succeeded after 3 refusals
55413	1789236140776	2	353	admitted	admit=3358ms
55420	1789236140782	0	576	admit-refused	authority refusal LIMIT_EXCEEDED: aggregate admission capacity exhausted
55450	1789236140812	2	374	admit-ceiling	LIMIT_EXCEEDED: client unresolved admission ceiling
55475	1789236140838	0	573	admit-refused	authority refusal LIMIT_EXCEEDED: aggregate admission capacity exhausted
55499	1789236140861	1	526	admit-refused	authority refusal LIMIT_EXCEEDED: aggregate admission capacity exhausted
55511	1789236140873	1	199	admit-retried	succeeded after 13 refusals
55511	1789236140873	1	199	admitted	admit=42370ms
55552	1789236140915	2	374	admit-ceiling	LIMIT_EXCEEDED: client unresolved admission ceiling
55605	1789236140967	0	510	admit-refused	authority refusal LIMIT_EXCEEDED: aggregate admission capacity exhausted
55647	1789236141009	1	529	admit-refused	authority refusal LIMIT_EXCEEDED: aggregate admission capacity exhausted
55650	1789236141012	1	532	admitted	admit=138ms
55728	1789236141090	0	570	admit-refused	authority refusal LIMIT_EXCEEDED: aggregate admission capacity exhausted
55747	1789236141110	0	567	admit-refused	authority refusal LIMIT_EXCEEDED: aggregate admission capacity exhausted
55754	1789236141116	2	374	admit-ceiling	LIMIT_EXCEEDED: client unresolved admission ceiling
55797	1789236141160	1	523	admit-refused	authority refusal LIMIT_EXCEEDED: aggregate admission capacity exhausted
55822	1789236141185	1	526	admit-refused	authority refusal LIMIT_EXCEEDED: aggregate admission capacity exhausted
55909	1789236141272	2	338	admit-ceiling	LIMIT_EXCEEDED: client unresolved admission ceiling
55931	1789236141294	2	368	admit-refused	authority refusal LIMIT_EXCEEDED: retained input, output or executor capacity
55967	1789236141329	2	326	admit-refused	authority refusal LIMIT_EXCEEDED: retained input, output or executor capacity
56003	1789236141365	2	371	admitted	admit=976ms
56016	1789236141378	2	362	admit-refused	authority refusal LIMIT_EXCEEDED: retained input, output or executor capacity
56065	1789236141428	1	508	admit-refused	authority refusal LIMIT_EXCEEDED: aggregate admission capacity exhausted
56072	1789236141435	1	535	admitted	admit=422ms
56084	1789236141446	2	377	admit-refused	authority refusal LIMIT_EXCEEDED: retained input, output or executor capacity
56278	1789236141640	0	573	admit-ceiling	LIMIT_EXCEEDED: client unresolved admission ceiling
56336	1789236141699	1	529	admit-refused	authority refusal LIMIT_EXCEEDED: aggregate admission capacity exhausted
56339	1789236141701	1	526	admit-retried	succeeded after 3 refusals
56339	1789236141701	1	526	admitted	admit=1771ms
56380	1789236141743	0	495	admit-retried	succeeded after 7 refusals
56380	1789236141743	0	495	admitted	admit=11507ms
56415	1789236141777	0	579	admit-ceiling	LIMIT_EXCEEDED: client unresolved admission ceiling
56502	1789236141865	2	344	admit-ceiling	LIMIT_EXCEEDED: client unresolved admission ceiling
56517	1789236141880	0	579	admit-ceiling	LIMIT_EXCEEDED: client unresolved admission ceiling
56529	1789236141891	0	570	admit-ceiling	LIMIT_EXCEEDED: client unresolved admission ceiling
56595	1789236141958	0	366	admit-retried	succeeded after 9 refusals
56595	1789236141958	0	366	admitted	admit=25773ms
56595	1789236141958	1	541	admitted	admit=256ms
56631	1789236141994	0	582	admit-ceiling	LIMIT_EXCEEDED: client unresolved admission ceiling
56682	1789236142044	2	335	admit-ceiling	LIMIT_EXCEEDED: client unresolved admission ceiling
56719	1789236142081	0	579	admit-ceiling	LIMIT_EXCEEDED: client unresolved admission ceiling
56732	1789236142095	0	582	admit-ceiling	LIMIT_EXCEEDED: client unresolved admission ceiling
56798	1789236142160	1	403	admit-ceiling	LIMIT_EXCEEDED: client unresolved admission ceiling
56801	1789236142164	2	368	admit-retried	succeeded after 2 refusals
56801	1789236142164	2	368	admitted	admit=1842ms
56832	1789236142194	0	417	admit-retried	succeeded after 8 refusals
56832	1789236142194	0	417	admitted	admit=20076ms
56838	1789236142200	2	362	admit-ceiling	LIMIT_EXCEEDED: client unresolved admission ceiling
56886	1789236142249	1	511	admit-retried	succeeded after 5 refusals
56886	1789236142249	1	511	admitted	admit=5377ms
56888	1789236142250	2	377	admit-refused	authority refusal LIMIT_EXCEEDED: retained input, output or executor capacity
56908	1789236142270	1	523	admit-refused	authority refusal LIMIT_EXCEEDED: aggregate admission capacity exhausted
56934	1789236142297	0	582	admit-ceiling	LIMIT_EXCEEDED: client unresolved admission ceiling
57032	1789236142395	1	544	admit-refused	authority refusal LIMIT_EXCEEDED: aggregate admission capacity exhausted
57037	1789236142399	1	538	admit-refused	authority refusal LIMIT_EXCEEDED: aggregate admission capacity exhausted
57051	1789236142413	2	380	admit-refused	authority refusal LIMIT_EXCEEDED: retained input, output or executor capacity
57052	1789236142415	1	547	admit-refused	authority refusal LIMIT_EXCEEDED: aggregate admission capacity exhausted
57078	1789236142441	2	374	admit-retried	succeeded after 3 refusals
57078	1789236142441	2	374	admitted	admit=1664ms
57101	1789236142463	0	585	admitted	admit=268ms
57176	1789236142538	0	438	admit-retried	succeeded after 8 refusals
57176	1789236142538	0	438	admitted	admit=18256ms
57211	1789236142573	0	591	admit-ceiling	LIMIT_EXCEEDED: client unresolved admission ceiling
57313	1789236142675	0	591	admit-ceiling	LIMIT_EXCEEDED: client unresolved admission ceiling
57315	1789236142677	0	579	admit-refused	authority refusal LIMIT_EXCEEDED: aggregate admission capacity exhausted
57342	1789236142704	0	588	admit-refused	authority refusal LIMIT_EXCEEDED: aggregate admission capacity exhausted
57388	1789236142751	1	418	admit-ceiling	LIMIT_EXCEEDED: client unresolved admission ceiling
57418	1789236142781	1	529	admit-refused	authority refusal LIMIT_EXCEEDED: aggregate admission capacity exhausted
57425	1789236142788	1	547	admit-retried	succeeded after 1 refusals
57425	1789236142788	1	547	admitted	admit=539ms
57435	1789236142798	2	251	admit-retried	succeeded after 9 refusals
57435	1789236142798	2	251	admitted	admit=24429ms
57439	1789236142801	1	544	admit-refused	authority refusal LIMIT_EXCEEDED: aggregate admission capacity exhausted
57445	1789236142807	0	588	admit-ceiling	LIMIT_EXCEEDED: client unresolved admission ceiling
57499	1789236142862	2	308	admit-ceiling	LIMIT_EXCEEDED: client unresolved admission ceiling
57514	1789236142877	0	591	admit-ceiling	LIMIT_EXCEEDED: client unresolved admission ceiling
57604	1789236142967	1	550	admit-refused	authority refusal LIMIT_EXCEEDED: aggregate admission capacity exhausted
57646	1789236143008	0	588	admit-ceiling	LIMIT_EXCEEDED: client unresolved admission ceiling
57761	1789236143123	1	493	admit-ceiling	LIMIT_EXCEEDED: client unresolved admission ceiling
57793	1789236143156	2	11	admit-ceiling	LIMIT_EXCEEDED: client unresolved admission ceiling
57793	1789236143156	2	41	admit-ceiling	LIMIT_EXCEEDED: client unresolved admission ceiling
57835	1789236143198	1	544	admit-retried	succeeded after 2 refusals
57835	1789236143198	1	544	admitted	admit=1239ms
57879	1789236143242	0	573	admit-ceiling	LIMIT_EXCEEDED: client unresolved admission ceiling
57895	1789236143257	2	8	admit-ceiling	LIMIT_EXCEEDED: client unresolved admission ceiling
57895	1789236143258	2	14	admit-ceiling	LIMIT_EXCEEDED: client unresolved admission ceiling
57895	1789236143258	2	29	admit-ceiling	LIMIT_EXCEEDED: client unresolved admission ceiling
57916	1789236143279	0	591	admit-ceiling	LIMIT_EXCEEDED: client unresolved admission ceiling
58042	1789236143405	1	553	admitted	admit=207ms
58047	1789236143410	0	588	admit-ceiling	LIMIT_EXCEEDED: client unresolved admission ceiling
58087	1789236143450	1	502	admit-ceiling	LIMIT_EXCEEDED: client unresolved admission ceiling
58142	1789236143504	0	576	admit-retried	succeeded after 4 refusals
58142	1789236143504	0	576	admitted	admit=4000ms
58143	1789236143506	0	570	admit-ceiling	LIMIT_EXCEEDED: client unresolved admission ceiling
58184	1789236143547	1	556	admitted	admit=141ms
58187	1789236143550	1	550	admit-refused	authority refusal LIMIT_EXCEEDED: aggregate admission capacity exhausted
58215	1789236143577	0	582	admit-retried	succeeded after 3 refusals
58215	1789236143578	0	582	admitted	admit=1619ms
58292	1789236143655	0	579	admit-retried	succeeded after 4 refusals
58292	1789236143655	0	579	admitted	admit=1911ms
58327	1789236143689	0	594	admitted	admit=183ms
58386	1789236143748	0	603	admit-ceiling	LIMIT_EXCEEDED: client unresolved admission ceiling
58389	1789236143751	1	550	admit-ceiling	LIMIT_EXCEEDED: client unresolved admission ceiling
58393	1789236143755	2	377	admit-refused	authority refusal LIMIT_EXCEEDED: retained input, output or executor capacity
58407	1789236143770	2	380	admit-refused	authority refusal LIMIT_EXCEEDED: retained input, output or executor capacity
58417	1789236143779	2	383	admitted	admit=1338ms
58424	1789236143786	2	386	admit-refused	authority refusal LIMIT_EXCEEDED: retained input, output or executor capacity
58456	1789236143819	1	193	admit-refused	authority refusal LIMIT_EXCEEDED: aggregate admission capacity exhausted
58500	1789236143863	0	600	admitted	admit=173ms
58536	1789236143898	0	606	admit-ceiling	LIMIT_EXCEEDED: client unresolved admission ceiling
58586	1789236143948	2	389	admit-refused	authority refusal LIMIT_EXCEEDED: retained input, output or executor capacity
58600	1789236143963	2	362	admit-refused	authority refusal LIMIT_EXCEEDED: retained input, output or executor capacity
58620	1789236143982	0	603	admit-retried	succeeded after 1 refusals
58620	1789236143982	0	603	admitted	admit=292ms
58627	1789236143990	2	386	admit-refused	authority refusal LIMIT_EXCEEDED: retained input, output or executor capacity
58649	1789236144011	1	523	admit-refused	authority refusal LIMIT_EXCEEDED: aggregate admission capacity exhausted
58657	1789236144019	0	606	admit-ceiling	LIMIT_EXCEEDED: client unresolved admission ceiling
58718	1789236144081	0	591	admit-ceiling	LIMIT_EXCEEDED: client unresolved admission ceiling
58756	1789236144119	1	508	admit-refused	authority refusal LIMIT_EXCEEDED: aggregate admission capacity exhausted
58801	1789236144163	1	142	admit-ceiling	LIMIT_EXCEEDED: client unresolved admission ceiling
58838	1789236144201	2	59	admit-ceiling	LIMIT_EXCEEDED: client unresolved admission ceiling
58849	1789236144211	0	588	admit-ceiling	LIMIT_EXCEEDED: client unresolved admission ceiling
58857	1789236144220	0	606	admit-ceiling	LIMIT_EXCEEDED: client unresolved admission ceiling
58883	1789236144245	0	567	admit-refused	authority refusal LIMIT_EXCEEDED: aggregate admission capacity exhausted
58892	1789236144254	1	358	admit-refused	authority refusal LIMIT_EXCEEDED: aggregate admission capacity exhausted
59132	1789236144494	1	529	admit-retried	succeeded after 5 refusals
59132	1789236144494	1	529	admitted	admit=4198ms
59137	1789236144500	0	489	admit-retried	succeeded after 7 refusals
59137	1789236144500	0	489	admitted	admit=14637ms
59297	1789236144659	1	559	admit-refused	authority refusal LIMIT_EXCEEDED: aggregate admission capacity exhausted
59301	1789236144664	0	612	admit-refused	authority refusal LIMIT_EXCEEDED: aggregate admission capacity exhausted
59305	1789236144667	1	562	admitted	admit=172ms
59305	1789236144667	0	597	admitted	admit=1089ms
59336	1789236144699	0	606	admit-refused	authority refusal LIMIT_EXCEEDED: aggregate admission capacity exhausted
59395	1789236144758	0	447	admit-refused	authority refusal LIMIT_EXCEEDED: aggregate admission capacity exhausted
59404	1789236144766	0	462	admit-ceiling	LIMIT_EXCEEDED: client unresolved admission ceiling
59447	1789236144809	0	615	admit-refused	authority refusal LIMIT_EXCEEDED: aggregate admission capacity exhausted
59485	1789236144848	0	612	admit-refused	authority refusal LIMIT_EXCEEDED: aggregate admission capacity exhausted
59504	1789236144867	0	108	admit-refused	authority refusal LIMIT_EXCEEDED: aggregate admission capacity exhausted
59550	1789236144913	2	386	admit-retried	succeeded after 2 refusals
59550	1789236144913	2	386	admitted	admit=2114ms
59624	1789236144987	0	615	admit-refused	authority refusal LIMIT_EXCEEDED: aggregate admission capacity exhausted
59647	1789236145010	2	380	admit-retried	succeeded after 2 refusals
59647	1789236145010	2	380	admitted	admit=2845ms
59705	1789236145067	2	344	admit-ceiling	LIMIT_EXCEEDED: client unresolved admission ceiling
59776	1789236145138	1	565	admitted	admit=470ms
59844	1789236145206	1	559	admit-retried	succeeded after 1 refusals
59844	1789236145206	1	559	admitted	admit=1659ms
59879	1789236145242	1	571	admit-ceiling	LIMIT_EXCEEDED: client unresolved admission ceiling
59916	1789236145279	2	389	admit-refused	authority refusal LIMIT_EXCEEDED: retained input, output or executor capacity
59918	1789236145281	1	550	admit-refused	authority refusal LIMIT_EXCEEDED: aggregate admission capacity exhausted
59933	1789236145295	2	377	admit-refused	authority refusal LIMIT_EXCEEDED: retained input, output or executor capacity
59936	1789236145298	1	568	admitted	admit=159ms
59956	1789236145319	0	612	admit-retried	succeeded after 2 refusals
59956	1789236145319	0	612	admitted	admit=818ms
59964	1789236145326	1	88	admit-refused	authority refusal LIMIT_EXCEEDED: aggregate admission capacity exhausted
59979	1789236145341	0	615	admit-refused	authority refusal LIMIT_EXCEEDED: aggregate admission capacity exhausted
59994	1789236145357	2	392	admit-refused	authority refusal LIMIT_EXCEEDED: retained input, output or executor capacity
60004	1789236145367	2	395	admit-refused	authority refusal LIMIT_EXCEEDED: retained input, output or executor capacity
60022	1789236145384	1	58	admit-refused	authority refusal LIMIT_EXCEEDED: aggregate admission capacity exhausted
60034	1789236145396	0	477	admit-retried	succeeded after 8 refusals
60034	1789236145396	0	477	admitted	admit=16948ms
60152	1789236145514	0	618	admitted	admit=195ms
60153	1789236145516	0	102	admit-ceiling	LIMIT_EXCEEDED: client unresolved admission ceiling
60187	1789236145550	0	624	admit-ceiling	LIMIT_EXCEEDED: client unresolved admission ceiling
60191	1789236145554	1	574	admit-refused	authority refusal LIMIT_EXCEEDED: aggregate admission capacity exhausted
60217	1789236145580	0	606	admit-refused	authority refusal LIMIT_EXCEEDED: aggregate admission capacity exhausted
60238	1789236145601	0	621	admit-refused	authority refusal LIMIT_EXCEEDED: aggregate admission capacity exhausted
60258	1789236145620	1	571	admit-refused	authority refusal LIMIT_EXCEEDED: aggregate admission capacity exhausted
60340	1789236145702	0	621	admit-ceiling	LIMIT_EXCEEDED: client unresolved admission ceiling
60380	1789236145743	0	615	admit-ceiling	LIMIT_EXCEEDED: client unresolved admission ceiling
60451	1789236145813	0	588	admit-ceiling	LIMIT_EXCEEDED: client unresolved admission ceiling
60495	1789236145858	1	574	admit-retried	succeeded after 1 refusals
60495	1789236145858	1	574	admitted	admit=559ms
60516	1789236145878	0	624	admit-retried	succeeded after 1 refusals
60516	1789236145878	0	624	admitted	admit=363ms
60550	1789236145913	0	621	admit-ceiling	LIMIT_EXCEEDED: client unresolved admission ceiling
60556	1789236145919	0	609	admit-refused	authority refusal LIMIT_EXCEEDED: aggregate admission capacity exhausted
60659	1789236146021	0	609	admit-ceiling	LIMIT_EXCEEDED: client unresolved admission ceiling
60679	1789236146041	0	627	admit-refused	authority refusal LIMIT_EXCEEDED: aggregate admission capacity exhausted
60720	1789236146083	1	550	admit-ceiling	LIMIT_EXCEEDED: client unresolved admission ceiling
60726	1789236146088	0	591	admit-refused	authority refusal LIMIT_EXCEEDED: aggregate admission capacity exhausted
60857	1789236146220	1	382	admit-retried	succeeded after 9 refusals
60857	1789236146220	1	382	admitted	admit=25574ms
60870	1789236146233	0	627	admit-refused	authority refusal LIMIT_EXCEEDED: aggregate admission capacity exhausted
60911	1789236146274	2	338	admit-ceiling	LIMIT_EXCEEDED: client unresolved admission ceiling
60962	1789236146324	0	609	admit-refused	authority refusal LIMIT_EXCEEDED: aggregate admission capacity exhausted
60969	1789236146331	2	392	admit-retried	succeeded after 1 refusals
60969	1789236146331	2	392	admitted	admit=1418ms
60999	1789236146361	2	398	admit-ceiling	LIMIT_EXCEEDED: client unresolved admission ceiling
61042	1789236146405	0	414	admit-refused	authority refusal LIMIT_EXCEEDED: aggregate admission capacity exhausted
61071	1789236146434	2	389	admit-refused	authority refusal LIMIT_EXCEEDED: retained input, output or executor capacity
61084	1789236146446	2	395	admit-retried	succeeded after 1 refusals
61084	1789236146446	2	395	admitted	admit=1436ms
61102	1789236146465	0	621	admit-refused	authority refusal LIMIT_EXCEEDED: aggregate admission capacity exhausted
61107	1789236146469	1	571	admit-retried	succeeded after 2 refusals
61107	1789236146469	1	571	admitted	admit=1262ms
61241	1789236146603	1	583	admitted	admit=133ms
61317	1789236146680	2	326	admit-refused	authority refusal LIMIT_EXCEEDED: retained input, output or executor capacity
61335	1789236146698	0	627	admit-refused	authority refusal LIMIT_EXCEEDED: aggregate admission capacity exhausted
61352	1789236146715	2	401	admit-refused	authority refusal LIMIT_EXCEEDED: retained input, output or executor capacity
61363	1789236146726	0	609	admit-ceiling	LIMIT_EXCEEDED: client unresolved admission ceiling
61364	1789236146726	2	398	admit-refused	authority refusal LIMIT_EXCEEDED: retained input, output or executor capacity
61373	1789236146736	0	615	admit-refused	authority refusal LIMIT_EXCEEDED: aggregate admission capacity exhausted
61504	1789236146866	1	586	admitted	admit=262ms
61619	1789236146982	1	538	admit-refused	authority refusal LIMIT_EXCEEDED: aggregate admission capacity exhausted
61643	1789236147005	1	589	admit-refused	authority refusal LIMIT_EXCEEDED: aggregate admission capacity exhausted
61656	1789236147019	0	570	admit-retried	succeeded after 6 refusals
61656	1789236147019	0	570	admitted	admit=8443ms
61683	1789236147046	2	335	admit-ceiling	LIMIT_EXCEEDED: client unresolved admission ceiling
61795	1789236147157	1	580	admit-refused	authority refusal LIMIT_EXCEEDED: aggregate admission capacity exhausted
61796	1789236147158	0	510	admit-retried	succeeded after 7 refusals
61796	1789236147158	0	510	admitted	admit=14673ms
61802	1789236147165	2	362	admit-ceiling	LIMIT_EXCEEDED: client unresolved admission ceiling
61824	1789236147187	0	630	admit-refused	authority refusal LIMIT_EXCEEDED: aggregate admission capacity exhausted
61830	1789236147192	1	589	admit-refused	authority refusal LIMIT_EXCEEDED: aggregate admission capacity exhausted
61874	1789236147237	0	627	admit-refused	authority refusal LIMIT_EXCEEDED: aggregate admission capacity exhausted
61896	1789236147259	1	580	admit-ceiling	LIMIT_EXCEEDED: client unresolved admission ceiling
61926	1789236147288	0	630	admit-ceiling	LIMIT_EXCEEDED: client unresolved admission ceiling
61929	1789236147291	1	523	admit-refused	authority refusal LIMIT_EXCEEDED: aggregate admission capacity exhausted
61953	1789236147316	1	538	admit-refused	authority refusal LIMIT_EXCEEDED: aggregate admission capacity exhausted
61967	1789236147330	1	403	admit-refused	authority refusal LIMIT_EXCEEDED: aggregate admission capacity exhausted
61981	1789236147343	0	606	admit-refused	authority refusal LIMIT_EXCEEDED: aggregate admission capacity exhausted
62015	1789236147377	0	633	admit-refused	authority refusal LIMIT_EXCEEDED: aggregate admission capacity exhausted
62081	1789236147443	2	377	admit-retried	succeeded after 4 refusals
62081	1789236147443	2	377	admitted	admit=6078ms
62127	1789236147489	0	630	admit-ceiling	LIMIT_EXCEEDED: client unresolved admission ceiling
62149	1789236147512	0	567	admit-refused	authority refusal LIMIT_EXCEEDED: aggregate admission capacity exhausted
62209	1789236147571	1	589	admit-refused	authority refusal LIMIT_EXCEEDED: aggregate admission capacity exhausted
62280	1789236147643	0	633	admit-retried	succeeded after 1 refusals
62280	1789236147643	0	633	admitted	admit=484ms
62309	1789236147672	1	580	admit-refused	authority refusal LIMIT_EXCEEDED: aggregate admission capacity exhausted
62390	1789236147753	1	418	admit-ceiling	LIMIT_EXCEEDED: client unresolved admission ceiling
62410	1789236147773	2	404	admit-refused	authority refusal LIMIT_EXCEEDED: retained input, output or executor capacity
62430	1789236147792	2	389	admit-retried	succeeded after 3 refusals
62430	1789236147792	2	389	admitted	admit=4012ms
62468	1789236147830	1	550	admit-refused	authority refusal LIMIT_EXCEEDED: aggregate admission capacity exhausted
62480	1789236147843	1	508	admit-retried	succeeded after 6 refusals
62480	1789236147843	1	508	admitted	admit=11269ms
62512	1789236147874	2	404	admit-ceiling	LIMIT_EXCEEDED: client unresolved admission ceiling
62528	1789236147890	0	630	admit-ceiling	LIMIT_EXCEEDED: client unresolved admission ceiling
62638	1789236148001	0	609	admit-retried	succeeded after 4 refusals
62638	1789236148001	0	609	admitted	admit=4018ms
62676	1789236148038	0	627	admit-ceiling	LIMIT_EXCEEDED: client unresolved admission ceiling
62712	1789236148074	1	580	admit-ceiling	LIMIT_EXCEEDED: client unresolved admission ceiling
62714	1789236148077	2	404	admit-ceiling	LIMIT_EXCEEDED: client unresolved admission ceiling
62752	1789236148114	1	589	admit-refused	authority refusal LIMIT_EXCEEDED: aggregate admission capacity exhausted
62754	1789236148117	2	401	admit-refused	authority refusal LIMIT_EXCEEDED: retained input, output or executor capacity
62770	1789236148132	2	407	admit-refused	authority refusal LIMIT_EXCEEDED: retained input, output or executor capacity
62795	1789236148158	2	308	admit-refused	authority refusal LIMIT_EXCEEDED: retained input, output or executor capacity
62806	1789236148168	2	398	admit-refused	authority refusal LIMIT_EXCEEDED: retained input, output or executor capacity
62839	1789236148201	1	493	admit-refused	authority refusal LIMIT_EXCEEDED: aggregate admission capacity exhausted
62852	1789236148214	1	592	admitted	admit=371ms
62856	1789236148219	0	636	admitted	admit=575ms
62898	1789236148260	2	8	admit-ceiling	LIMIT_EXCEEDED: client unresolved admission ceiling
62898	1789236148260	2	14	admit-ceiling	LIMIT_EXCEEDED: client unresolved admission ceiling
62956	1789236148319	2	401	admit-ceiling	LIMIT_EXCEEDED: client unresolved admission ceiling
63008	1789236148370	0	642	admitted	admit=151ms
63029	1789236148392	2	11	admit-refused	authority refusal LIMIT_EXCEEDED: retained input, output or executor capacity
63041	1789236148403	2	41	admit-refused	authority refusal LIMIT_EXCEEDED: retained input, output or executor capacity
63049	1789236148411	0	645	admit-ceiling	LIMIT_EXCEEDED: client unresolved admission ceiling
63110	1789236148472	2	407	admit-refused	authority refusal LIMIT_EXCEEDED: retained input, output or executor capacity
63120	1789236148482	2	29	admit-refused	authority refusal LIMIT_EXCEEDED: retained input, output or executor capacity
63158	1789236148521	0	615	admit-refused	authority refusal LIMIT_EXCEEDED: aggregate admission capacity exhausted
63163	1789236148525	0	621	admit-retried	succeeded after 4 refusals
63163	1789236148525	0	621	admitted	admit=3127ms
63169	1789236148531	1	502	admit-refused	authority refusal LIMIT_EXCEEDED: aggregate admission capacity exhausted
63172	1789236148535	1	577	admitted	admit=2676ms
63326	1789236148688	1	595	admitted	admit=473ms
63326	1789236148688	0	648	admitted	admit=162ms
63364	1789236148726	0	630	admit-ceiling	LIMIT_EXCEEDED: client unresolved admission ceiling
63427	1789236148790	1	601	admit-refused	authority refusal LIMIT_EXCEEDED: aggregate admission capacity exhausted
63456	1789236148818	1	538	admit-refused	authority refusal LIMIT_EXCEEDED: aggregate admission capacity exhausted
63467	1789236148829	0	645	admit-refused	authority refusal LIMIT_EXCEEDED: aggregate admission capacity exhausted
63551	1789236148913	1	598	admit-refused	authority refusal LIMIT_EXCEEDED: aggregate admission capacity exhausted
63598	1789236148960	1	193	admit-refused	authority refusal LIMIT_EXCEEDED: aggregate admission capacity exhausted
63604	1789236148966	0	651	admitted	admit=277ms
63627	1789236148990	1	580	admit-refused	authority refusal LIMIT_EXCEEDED: aggregate admission capacity exhausted
63651	1789236149013	1	589	admit-refused	authority refusal LIMIT_EXCEEDED: aggregate admission capacity exhausted
63668	1789236149030	0	645	admit-ceiling	LIMIT_EXCEEDED: client unresolved admission ceiling
63696	1789236149059	0	639	admit-refused	authority refusal LIMIT_EXCEEDED: aggregate admission capacity exhausted
63744	1789236149107	0	588	admit-refused	authority refusal LIMIT_EXCEEDED: aggregate admission capacity exhausted
63750	1789236149112	0	573	admit-refused	authority refusal LIMIT_EXCEEDED: aggregate admission capacity exhausted
63840	1789236149203	2	59	admit-ceiling	LIMIT_EXCEEDED: client unresolved admission ceiling
63863	1789236149226	0	639	admit-refused	authority refusal LIMIT_EXCEEDED: aggregate admission capacity exhausted
63907	1789236149270	1	142	admit-refused	authority refusal LIMIT_EXCEEDED: aggregate admission capacity exhausted
63914	1789236149276	1	598	admit-retried	succeeded after 1 refusals
63914	1789236149276	1	598	admitted	admit=740ms
63930	1789236149293	2	404	admit-retried	succeeded after 3 refusals
63930	1789236149293	2	404	admitted	admit=1848ms
64001	1789236149364	0	591	admit-refused	authority refusal LIMIT_EXCEEDED: aggregate admission capacity exhausted
64072	1789236149434	1	604	admitted	admit=157ms
64157	1789236149519	2	407	admit-refused	authority refusal LIMIT_EXCEEDED: retained input, output or executor capacity
64176	1789236149538	2	398	admit-retried	succeeded after 3 refusals
64176	1789236149538	2	398	admitted	admit=3206ms
64206	1789236149569	0	639	admit-retried	succeeded after 2 refusals
64206	1789236149569	0	639	admitted	admit=1567ms
64289	1789236149652	0	645	admit-refused	authority refusal LIMIT_EXCEEDED: aggregate admission capacity exhausted
64395	1789236149757	0	657	admitted	admit=187ms
64407	1789236149769	2	413	admit-refused	authority refusal LIMIT_EXCEEDED: retained input, output or executor capacity
64430	1789236149792	0	462	admit-ceiling	LIMIT_EXCEEDED: client unresolved admission ceiling
64478	1789236149840	2	401	admit-retried	succeeded after 3 refusals
64478	1789236149840	2	401	admitted	admit=3393ms
64506	1789236149868	0	108	admit-ceiling	LIMIT_EXCEEDED: client unresolved admission ceiling
64517	1789236149880	0	447	admit-refused	authority refusal LIMIT_EXCEEDED: aggregate admission capacity exhausted
64537	1789236149900	0	627	admit-refused	authority refusal LIMIT_EXCEEDED: aggregate admission capacity exhausted
64589	1789236149952	1	538	admit-retried	succeeded after 4 refusals
64589	1789236149952	1	538	admitted	admit=8516ms
64660	1789236150022	1	607	admitted	admit=587ms
64707	1789236150069	2	344	admit-ceiling	LIMIT_EXCEEDED: client unresolved admission ceiling
64731	1789236150094	1	610	admit-refused	authority refusal LIMIT_EXCEEDED: aggregate admission capacity exhausted
64736	1789236150098	1	358	admit-refused	authority refusal LIMIT_EXCEEDED: aggregate admission capacity exhausted
64768	1789236150131	1	601	admit-refused	authority refusal LIMIT_EXCEEDED: aggregate admission capacity exhausted
64785	1789236150148	2	416	admit-refused	authority refusal LIMIT_EXCEEDED: retained input, output or executor capacity
64795	1789236150158	2	413	admit-refused	authority refusal LIMIT_EXCEEDED: retained input, output or executor capacity
64807	1789236150169	2	407	admit-refused	authority refusal LIMIT_EXCEEDED: retained input, output or executor capacity
64892	1789236150254	2	410	admitted	admit=961ms
64924	1789236150286	2	416	admit-refused	authority refusal LIMIT_EXCEEDED: retained input, output or executor capacity
64943	1789236150306	0	660	admit-refused	authority refusal LIMIT_EXCEEDED: aggregate admission capacity exhausted
64997	1789236150359	1	610	admit-refused	authority refusal LIMIT_EXCEEDED: aggregate admission capacity exhausted
65128	1789236150490	1	601	admit-refused	authority refusal LIMIT_EXCEEDED: aggregate admission capacity exhausted
65155	1789236150517	0	102	admit-ceiling	LIMIT_EXCEEDED: client unresolved admission ceiling
65178	1789236150540	1	58	admit-refused	authority refusal LIMIT_EXCEEDED: aggregate admission capacity exhausted
65183	1789236150546	0	645	admit-refused	authority refusal LIMIT_EXCEEDED: aggregate admission capacity exhausted
65194	1789236150557	0	630	admit-retried	succeeded after 5 refusals
65194	1789236150557	0	630	admitted	admit=3537ms
65252	1789236150615	1	589	admit-ceiling	LIMIT_EXCEEDED: client unresolved admission ceiling
65300	1789236150663	0	660	admit-refused	authority refusal LIMIT_EXCEEDED: aggregate admission capacity exhausted
65314	1789236150676	1	613	admit-refused	authority refusal LIMIT_EXCEEDED: aggregate admission capacity exhausted
65339	1789236150702	1	580	admit-refused	authority refusal LIMIT_EXCEEDED: aggregate admission capacity exhausted
65359	1789236150721	1	610	admit-refused	authority refusal LIMIT_EXCEEDED: aggregate admission capacity exhausted
65379	1789236150742	0	606	admit-refused	authority refusal LIMIT_EXCEEDED: aggregate admission capacity exhausted
65465	1789236150827	0	654	admit-refused	authority refusal LIMIT_EXCEEDED: aggregate admission capacity exhausted
65485	1789236150848	1	613	admit-refused	authority refusal LIMIT_EXCEEDED: aggregate admission capacity exhausted
65639	1789236151002	2	419	admitted	admit=746ms
65653	1789236151015	0	660	admit-refused	authority refusal LIMIT_EXCEEDED: aggregate admission capacity exhausted
65677	1789236151040	0	654	admit-refused	authority refusal LIMIT_EXCEEDED: aggregate admission capacity exhausted
65762	1789236151124	1	610	admit-ceiling	LIMIT_EXCEEDED: client unresolved admission ceiling
65772	1789236151135	0	663	admit-refused	authority refusal LIMIT_EXCEEDED: aggregate admission capacity exhausted
65901	1789236151264	2	407	admit-refused	authority refusal LIMIT_EXCEEDED: retained input, output or executor capacity
65916	1789236151279	2	416	admit-refused	authority refusal LIMIT_EXCEEDED: retained input, output or executor capacity
65923	1789236151286	2	422	admit-refused	authority refusal LIMIT_EXCEEDED: retained input, output or executor capacity
65992	1789236151354	2	413	admit-retried	succeeded after 2 refusals
65992	1789236151354	2	413	admitted	admit=1815ms
65993	1789236151356	2	338	admit-refused	authority refusal LIMIT_EXCEEDED: retained input, output or executor capacity
66002	1789236151364	1	550	admit-retried	succeeded after 6 refusals
66002	1789236151364	1	550	admitted	admit=8576ms
66006	1789236151368	0	663	admit-refused	authority refusal LIMIT_EXCEEDED: aggregate admission capacity exhausted
66153	1789236151515	0	660	admit-refused	authority refusal LIMIT_EXCEEDED: aggregate admission capacity exhausted
66299	1789236151662	0	414	admit-retried	succeeded after 10 refusals
66299	1789236151662	0	414	admitted	admit=29615ms
66328	1789236151691	0	663	admit-refused	authority refusal LIMIT_EXCEEDED: aggregate admission capacity exhausted
66439	1789236151802	0	666	admit-refused	authority refusal LIMIT_EXCEEDED: aggregate admission capacity exhausted
66460	1789236151823	0	615	admit-refused	authority refusal LIMIT_EXCEEDED: aggregate admission capacity exhausted
66563	1789236151926	1	610	admit-ceiling	LIMIT_EXCEEDED: client unresolved admission ceiling
66596	1789236151958	2	416	admit-refused	authority refusal LIMIT_EXCEEDED: retained input, output or executor capacity
66603	1789236151965	2	326	admit-refused	authority refusal LIMIT_EXCEEDED: retained input, output or executor capacity
66650	1789236152013	2	422	admit-refused	authority refusal LIMIT_EXCEEDED: retained input, output or executor capacity
66676	1789236152038	2	425	admitted	admit=683ms
66708	1789236152070	0	666	admit-retried	succeeded after 1 refusals
66708	1789236152070	0	666	admitted	admit=407ms
66734	1789236152097	1	613	admit-retried	succeeded after 2 refusals
66734	1789236152097	1	613	admitted	admit=2074ms
66791	1789236152153	2	428	admit-refused	authority refusal LIMIT_EXCEEDED: retained input, output or executor capacity
66806	1789236152169	2	335	admit-refused	authority refusal LIMIT_EXCEEDED: retained input, output or executor capacity
66913	1789236152275	0	669	admitted	admit=204ms
66932	1789236152294	1	523	admit-ceiling	LIMIT_EXCEEDED: client unresolved admission ceiling
66954	1789236152316	0	660	admit-ceiling	LIMIT_EXCEEDED: client unresolved admission ceiling
66969	1789236152331	1	403	admit-ceiling	LIMIT_EXCEEDED: client unresolved admission ceiling
67011	1789236152374	0	672	admit-refused	authority refusal LIMIT_EXCEEDED: aggregate admission capacity exhausted
67023	1789236152386	1	619	admitted	admit=288ms
67033	1789236152396	0	663	admit-retried	succeeded after 3 refusals
67033	1789236152396	0	663	admitted	admit=1838ms
67151	1789236152513	0	567	admit-ceiling	LIMIT_EXCEEDED: client unresolved admission ceiling
67179	1789236152541	1	622	admitted	admit=155ms
67329	1789236152692	0	654	admit-refused	authority refusal LIMIT_EXCEEDED: aggregate admission capacity exhausted
67331	1789236152694	1	625	admitted	admit=152ms
67392	1789236152755	1	418	admit-ceiling	LIMIT_EXCEEDED: client unresolved admission ceiling
67421	1789236152783	0	672	admit-refused	authority refusal LIMIT_EXCEEDED: aggregate admission capacity exhausted
67500	1789236152863	0	645	admit-refused	authority refusal LIMIT_EXCEEDED: aggregate admission capacity exhausted
67503	1789236152865	2	407	admit-ceiling	LIMIT_EXCEEDED: client unresolved admission ceiling
67548	1789236152911	1	88	admit-retried	succeeded after 17 refusals
67548	1789236152911	1	88	admitted	admit=65484ms
67620	1789236152982	2	422	admit-retried	succeeded after 2 refusals
67620	1789236152982	2	422	admitted	admit=1980ms
67648	1789236153011	2	416	admit-refused	authority refusal LIMIT_EXCEEDED: retained input, output or executor capacity
67659	1789236153021	2	428	admit-refused	authority refusal LIMIT_EXCEEDED: retained input, output or executor capacity
67696	1789236153059	2	362	admit-retried	succeeded after 7 refusals
67696	1789236153059	2	362	admitted	admit=14050ms
67730	1789236153093	0	672	admit-refused	authority refusal LIMIT_EXCEEDED: aggregate admission capacity exhausted
67738	1789236153100	2	431	admit-refused	authority refusal LIMIT_EXCEEDED: retained input, output or executor capacity
67777	1789236153140	1	631	admitted	admit=228ms
67840	1789236153202	0	654	admit-refused	authority refusal LIMIT_EXCEEDED: aggregate admission capacity exhausted
67841	1789236153203	1	493	admit-ceiling	LIMIT_EXCEEDED: client unresolved admission ceiling
67868	1789236153230	0	627	admit-refused	authority refusal LIMIT_EXCEEDED: aggregate admission capacity exhausted
67900	1789236153262	2	14	admit-ceiling	LIMIT_EXCEEDED: client unresolved admission ceiling
67900	1789236153262	2	8	admit-ceiling	LIMIT_EXCEEDED: client unresolved admission ceiling
67909	1789236153271	1	634	admit-refused	authority refusal LIMIT_EXCEEDED: aggregate admission capacity exhausted
67911	1789236153274	1	628	admitted	admit=579ms
67987	1789236153350	0	675	admit-refused	authority refusal LIMIT_EXCEEDED: aggregate admission capacity exhausted
68007	1789236153370	1	637	admit-refused	authority refusal LIMIT_EXCEEDED: aggregate admission capacity exhausted
68031	1789236153394	2	11	admit-ceiling	LIMIT_EXCEEDED: client unresolved admission ceiling
68043	1789236153405	2	41	admit-ceiling	LIMIT_EXCEEDED: client unresolved admission ceiling
68073	1789236153436	1	634	admit-refused	authority refusal LIMIT_EXCEEDED: aggregate admission capacity exhausted
68121	1789236153483	2	29	admit-ceiling	LIMIT_EXCEEDED: client unresolved admission ceiling
68170	1789236153533	1	502	admit-ceiling	LIMIT_EXCEEDED: client unresolved admission ceiling
68241	1789236153603	1	610	admit-refused	authority refusal LIMIT_EXCEEDED: aggregate admission capacity exhausted
68257	1789236153620	1	637	admit-retried	succeeded after 1 refusals
68257	1789236153620	1	637	admitted	admit=345ms
68270	1789236153632	0	675	admit-refused	authority refusal LIMIT_EXCEEDED: aggregate admission capacity exhausted
68288	1789236153651	0	672	admit-retried	succeeded after 3 refusals
68288	1789236153651	0	672	admitted	admit=1375ms
68366	1789236153729	1	640	admit-refused	authority refusal LIMIT_EXCEEDED: aggregate admission capacity exhausted
68383	1789236153746	0	678	admit-refused	authority refusal LIMIT_EXCEEDED: aggregate admission capacity exhausted
68468	1789236153831	1	640	admit-ceiling	LIMIT_EXCEEDED: client unresolved admission ceiling
68488	1789236153850	1	634	admit-refused	authority refusal LIMIT_EXCEEDED: aggregate admission capacity exhausted
68554	1789236153916	0	675	admit-refused	authority refusal LIMIT_EXCEEDED: aggregate admission capacity exhausted
68586	1789236153949	0	678	admit-refused	authority refusal LIMIT_EXCEEDED: aggregate admission capacity exhausted
68599	1789236153962	1	193	admit-ceiling	LIMIT_EXCEEDED: client unresolved admission ceiling
68670	1789236154033	1	640	admit-ceiling	LIMIT_EXCEEDED: client unresolved admission ceiling
68678	1789236154041	2	434	admitted	admit=981ms
68763	1789236154125	1	589	admit-retried	succeeded after 6 refusals
68763	1789236154125	1	589	admitted	admit=7258ms
68788	1789236154151	0	678	admit-ceiling	LIMIT_EXCEEDED: client unresolved admission ceiling
68830	1789236154192	2	431	admit-refused	authority refusal LIMIT_EXCEEDED: retained input, output or executor capacity
68839	1789236154201	1	580	admit-retried	succeeded after 6 refusals
68839	1789236154201	1	580	admitted	admit=7981ms
68845	1789236154207	2	428	admit-refused	authority refusal LIMIT_EXCEEDED: retained input, output or executor capacity
68867	1789236154229	1	643	admit-refused	authority refusal LIMIT_EXCEEDED: aggregate admission capacity exhausted
68908	1789236154271	2	437	admit-refused	authority refusal LIMIT_EXCEEDED: retained input, output or executor capacity
68909	1789236154271	1	142	admit-ceiling	LIMIT_EXCEEDED: client unresolved admission ceiling
68918	1789236154281	2	59	admit-refused	authority refusal LIMIT_EXCEEDED: retained input, output or executor capacity
68947	1789236154310	2	308	admit-retried	succeeded after 9 refusals
68947	1789236154310	2	308	admitted	admit=25639ms
68957	1789236154320	0	573	admit-retried	succeeded after 7 refusals
68957	1789236154320	0	573	admitted	admit=15532ms
68969	1789236154331	1	643	admit-ceiling	LIMIT_EXCEEDED: client unresolved admission ceiling
69023	1789236154386	0	588	admit-retried	succeeded after 7 refusals
69023	1789236154386	0	588	admitted	admit=11921ms
69024	1789236154386	0	591	admit-ceiling	LIMIT_EXCEEDED: client unresolved admission ceiling
69035	1789236154398	0	675	admit-refused	authority refusal LIMIT_EXCEEDED: aggregate admission capacity exhausted
69052	1789236154415	1	634	admit-refused	authority refusal LIMIT_EXCEEDED: aggregate admission capacity exhausted
69066	1789236154429	0	654	admit-refused	authority refusal LIMIT_EXCEEDED: aggregate admission capacity exhausted
69079	1789236154442	1	646	admit-refused	authority refusal LIMIT_EXCEEDED: aggregate admission capacity exhausted
69107	1789236154470	0	681	admit-refused	authority refusal LIMIT_EXCEEDED: aggregate admission capacity exhausted
69190	1789236154552	1	640	admit-retried	succeeded after 3 refusals
69190	1789236154552	1	640	admitted	admit=931ms
69230	1789236154593	1	649	admit-ceiling	LIMIT_EXCEEDED: client unresolved admission ceiling
69236	1789236154598	1	616	admit-refused	authority refusal LIMIT_EXCEEDED: aggregate admission capacity exhausted
69250	1789236154613	2	416	admit-ceiling	LIMIT_EXCEEDED: client unresolved admission ceiling
69309	1789236154672	0	678	admit-refused	authority refusal LIMIT_EXCEEDED: aggregate admission capacity exhausted
69327	1789236154690	1	646	admit-refused	authority refusal LIMIT_EXCEEDED: aggregate admission capacity exhausted
69401	1789236154763	0	681	admit-retried	succeeded after 1 refusals
69401	1789236154763	0	681	admitted	admit=443ms
69431	1789236154793	1	616	admit-refused	authority refusal LIMIT_EXCEEDED: aggregate admission capacity exhausted
69461	1789236154824	1	649	admit-refused	authority refusal LIMIT_EXCEEDED: aggregate admission capacity exhausted
69508	1789236154870	0	108	admit-ceiling	LIMIT_EXCEEDED: client unresolved admission ceiling
69518	1789236154881	0	462	admit-refused	authority refusal LIMIT_EXCEEDED: aggregate admission capacity exhausted
69536	1789236154898	1	643	admit-refused	authority refusal LIMIT_EXCEEDED: aggregate admission capacity exhausted
69640	1789236155003	1	646	admit-retried	succeeded after 2 refusals
69640	1789236155003	1	646	admitted	admit=800ms
69660	1789236155022	0	687	admit-refused	authority refusal LIMIT_EXCEEDED: aggregate admission capacity exhausted
69696	1789236155058	0	447	admit-refused	authority refusal LIMIT_EXCEEDED: aggregate admission capacity exhausted
69708	1789236155071	2	344	admit-ceiling	LIMIT_EXCEEDED: client unresolved admission ceiling
69737	1789236155100	1	358	admit-ceiling	LIMIT_EXCEEDED: client unresolved admission ceiling
69777	1789236155139	1	649	admit-refused	authority refusal LIMIT_EXCEEDED: aggregate admission capacity exhausted
69802	1789236155165	1	616	admit-refused	authority refusal LIMIT_EXCEEDED: aggregate admission capacity exhausted
69851	1789236155213	0	687	admit-refused	authority refusal LIMIT_EXCEEDED: aggregate admission capacity exhausted
69859	1789236155221	1	652	admit-refused	authority refusal LIMIT_EXCEEDED: aggregate admission capacity exhausted
69914	1789236155276	2	431	admit-refused	authority refusal LIMIT_EXCEEDED: retained input, output or executor capacity
69957	1789236155319	2	440	admitted	admit=1009ms
69961	1789236155323	0	684	admit-refused	authority refusal LIMIT_EXCEEDED: aggregate admission capacity exhausted
69976	1789236155338	0	675	admit-retried	succeeded after 4 refusals
69976	1789236155338	0	675	admitted	admit=2942ms
69993	1789236155355	1	601	admit-retried	succeeded after 3 refusals
69993	1789236155355	1	601	admitted	admit=6666ms
70111	1789236155474	1	643	admit-refused	authority refusal LIMIT_EXCEEDED: aggregate admission capacity exhausted
70111	1789236155474	0	678	admit-ceiling	LIMIT_EXCEEDED: client unresolved admission ceiling
70134	1789236155497	1	652	admit-refused	authority refusal LIMIT_EXCEEDED: aggregate admission capacity exhausted
70158	1789236155520	0	102	admit-ceiling	LIMIT_EXCEEDED: client unresolved admission ceiling
70204	1789236155566	1	616	admit-ceiling	LIMIT_EXCEEDED: client unresolved admission ceiling
70256	1789236155619	2	437	admit-retried	succeeded after 1 refusals
70256	1789236155619	2	437	admitted	admit=1577ms
70336	1789236155698	1	652	admit-ceiling	LIMIT_EXCEEDED: client unresolved admission ceiling
70340	1789236155702	2	428	admit-retried	succeeded after 3 refusals
70340	1789236155702	2	428	admitted	admit=3663ms
70344	1789236155707	0	687	admit-retried	succeeded after 2 refusals
70344	1789236155707	0	687	admitted	admit=943ms
70382	1789236155744	0	606	admit-ceiling	LIMIT_EXCEEDED: client unresolved admission ceiling
70565	1789236155928	0	690	admit-refused	authority refusal LIMIT_EXCEEDED: aggregate admission capacity exhausted
70576	1789236155939	0	693	admitted	admit=231ms
70610	1789236155973	0	684	admit-refused	authority refusal LIMIT_EXCEEDED: aggregate admission capacity exhausted
70704	1789236156067	2	407	admit-ceiling	LIMIT_EXCEEDED: client unresolved admission ceiling
70734	1789236156097	0	696	admitted	admit=157ms
70738	1789236156101	1	652	admit-ceiling	LIMIT_EXCEEDED: client unresolved admission ceiling
70770	1789236156133	0	699	admit-ceiling	LIMIT_EXCEEDED: client unresolved admission ceiling
70772	1789236156134	0	690	admit-refused	authority refusal LIMIT_EXCEEDED: aggregate admission capacity exhausted
70808	1789236156171	0	645	admit-refused	authority refusal LIMIT_EXCEEDED: aggregate admission capacity exhausted
70902	1789236156264	0	654	admit-refused	authority refusal LIMIT_EXCEEDED: aggregate admission capacity exhausted
70908	1789236156271	1	655	admitted	admit=915ms
70942	1789236156305	0	699	admit-refused	authority refusal LIMIT_EXCEEDED: aggregate admission capacity exhausted
70980	1789236156342	1	58	admit-retried	succeeded after 18 refusals
70980	1789236156342	1	58	admitted	admit=69652ms
70996	1789236156358	2	338	admit-ceiling	LIMIT_EXCEEDED: client unresolved admission ceiling
71005	1789236156367	1	649	admit-refused	authority refusal LIMIT_EXCEEDED: aggregate admission capacity exhausted
71016	1789236156378	1	634	admit-retried	succeeded after 4 refusals
71016	1789236156378	1	634	admitted	admit=3238ms
71074	1789236156436	1	658	admit-refused	authority refusal LIMIT_EXCEEDED: aggregate admission capacity exhausted
71151	1789236156513	0	690	admit-retried	succeeded after 2 refusals
71151	1789236156513	0	690	admitted	admit=1174ms
71176	1789236156539	1	658	admit-ceiling	LIMIT_EXCEEDED: client unresolved admission ceiling
71205	1789236156567	2	443	admitted	admit=1247ms
71228	1789236156591	0	684	admit-refused	authority refusal LIMIT_EXCEEDED: aggregate admission capacity exhausted
71271	1789236156634	1	664	admitted	admit=254ms
71272	1789236156634	0	702	admit-refused	authority refusal LIMIT_EXCEEDED: aggregate admission capacity exhausted
71273	1789236156636	2	446	admit-refused	authority refusal LIMIT_EXCEEDED: retained input, output or executor capacity
71285	1789236156647	0	699	admit-refused	authority refusal LIMIT_EXCEEDED: aggregate admission capacity exhausted
71378	1789236156741	1	658	admit-ceiling	LIMIT_EXCEEDED: client unresolved admission ceiling
71442	1789236156805	1	610	admit-ceiling	LIMIT_EXCEEDED: client unresolved admission ceiling
71452	1789236156815	0	702	admit-refused	authority refusal LIMIT_EXCEEDED: aggregate admission capacity exhausted
71459	1789236156822	1	667	admit-refused	authority refusal LIMIT_EXCEEDED: aggregate admission capacity exhausted
71489	1789236156852	1	643	admit-retried	succeeded after 4 refusals
71489	1789236156852	1	643	admitted	admit=2726ms
71509	1789236156872	2	431	admit-retried	succeeded after 3 refusals
71509	1789236156872	2	431	admitted	admit=3889ms
71561	1789236156924	1	667	admit-ceiling	LIMIT_EXCEEDED: client unresolved admission ceiling
71567	1789236156929	2	449	admit-refused	authority refusal LIMIT_EXCEEDED: retained input, output or executor capacity
71577	1789236156940	2	452	admit-refused	authority refusal LIMIT_EXCEEDED: retained input, output or executor capacity
71671	1789236157033	1	670	admit-refused	authority refusal LIMIT_EXCEEDED: aggregate admission capacity exhausted
71679	1789236157042	2	452	admit-ceiling	LIMIT_EXCEEDED: client unresolved admission ceiling
71686	1789236157049	0	699	admit-ceiling	LIMIT_EXCEEDED: client unresolved admission ceiling
71713	1789236157076	0	678	admit-ceiling	LIMIT_EXCEEDED: client unresolved admission ceiling
71779	1789236157142	1	652	admit-retried	succeeded after 4 refusals
71779	1789236157142	1	652	admitted	admit=2138ms
71781	1789236157144	1	658	admit-ceiling	LIMIT_EXCEEDED: client unresolved admission ceiling
71808	1789236157170	2	335	admit-ceiling	LIMIT_EXCEEDED: client unresolved admission ceiling
71815	1789236157178	1	673	admit-ceiling	LIMIT_EXCEEDED: client unresolved admission ceiling
71816	1789236157178	1	649	admit-ceiling	LIMIT_EXCEEDED: client unresolved admission ceiling
71863	1789236157225	0	660	admit-refused	authority refusal LIMIT_EXCEEDED: aggregate admission capacity exhausted
71865	1789236157228	1	667	admit-refused	authority refusal LIMIT_EXCEEDED: aggregate admission capacity exhausted
71878	1789236157240	0	702	admit-refused	authority refusal LIMIT_EXCEEDED: aggregate admission capacity exhausted
71881	1789236157244	2	452	admit-ceiling	LIMIT_EXCEEDED: client unresolved admission ceiling
71933	1789236157296	1	523	admit-ceiling	LIMIT_EXCEEDED: client unresolved admission ceiling
71970	1789236157332	1	670	admit-refused	authority refusal LIMIT_EXCEEDED: aggregate admission capacity exhausted
72000	1789236157363	0	684	admit-refused	authority refusal LIMIT_EXCEEDED: aggregate admission capacity exhausted
72061	1789236157424	0	615	admit-refused	authority refusal LIMIT_EXCEEDED: aggregate admission capacity exhausted
72093	1789236157456	1	403	admit-retried	succeeded after 11 refusals
72093	1789236157456	1	403	admitted	admit=34198ms
72171	1789236157534	1	670	admit-ceiling	LIMIT_EXCEEDED: client unresolved admission ceiling
72218	1789236157580	1	676	admit-refused	authority refusal LIMIT_EXCEEDED: aggregate admission capacity exhausted
72229	1789236157591	0	567	admit-refused	authority refusal LIMIT_EXCEEDED: aggregate admission capacity exhausted
72246	1789236157609	2	455	admit-refused	authority refusal LIMIT_EXCEEDED: retained input, output or executor capacity
72260	1789236157622	2	446	admit-retried	succeeded after 1 refusals
72260	1789236157622	2	446	admitted	admit=2003ms
72272	1789236157634	2	326	admit-refused	authority refusal LIMIT_EXCEEDED: retained input, output or executor capacity
72319	1789236157682	1	676	admit-ceiling	LIMIT_EXCEEDED: client unresolved admission ceiling
72342	1789236157704	2	449	admit-refused	authority refusal LIMIT_EXCEEDED: retained input, output or executor capacity
72388	1789236157750	2	458	admit-refused	authority refusal LIMIT_EXCEEDED: retained input, output or executor capacity
72394	1789236157757	1	418	admit-ceiling	LIMIT_EXCEEDED: client unresolved admission ceiling
72397	1789236157760	2	452	admit-refused	authority refusal LIMIT_EXCEEDED: retained input, output or executor capacity
72454	1789236157816	1	667	admit-retried	succeeded after 3 refusals
72454	1789236157816	1	667	admitted	admit=1182ms
72521	1789236157883	1	676	admit-ceiling	LIMIT_EXCEEDED: client unresolved admission ceiling
72574	1789236157936	1	670	admit-ceiling	LIMIT_EXCEEDED: client unresolved admission ceiling
72580	1789236157943	1	679	admit-refused	authority refusal LIMIT_EXCEEDED: aggregate admission capacity exhausted
72682	1789236158044	1	679	admit-ceiling	LIMIT_EXCEEDED: client unresolved admission ceiling
72738	1789236158100	0	702	admit-retried	succeeded after 3 refusals
72738	1789236158100	0	702	admitted	admit=1586ms
72828	1789236158190	1	658	admit-refused	authority refusal LIMIT_EXCEEDED: aggregate admission capacity exhausted
72883	1789236158246	1	679	admit-ceiling	LIMIT_EXCEEDED: client unresolved admission ceiling
72901	1789236158264	2	8	admit-ceiling	LIMIT_EXCEEDED: client unresolved admission ceiling
72902	1789236158264	2	14	admit-ceiling	LIMIT_EXCEEDED: client unresolved admission ceiling
72923	1789236158285	1	676	admit-ceiling	LIMIT_EXCEEDED: client unresolved admission ceiling
72941	1789236158304	1	673	admit-refused	authority refusal LIMIT_EXCEEDED: aggregate admission capacity exhausted
72962	1789236158325	1	493	admit-refused	authority refusal LIMIT_EXCEEDED: aggregate admission capacity exhausted
73033	1789236158396	2	11	admit-ceiling	LIMIT_EXCEEDED: client unresolved admission ceiling
73045	1789236158407	2	41	admit-ceiling	LIMIT_EXCEEDED: client unresolved admission ceiling
73123	1789236158485	2	29	admit-ceiling	LIMIT_EXCEEDED: client unresolved admission ceiling
73138	1789236158500	0	699	admit-retried	succeeded after 4 refusals
73138	1789236158500	0	699	admitted	admit=2402ms
73168	1789236158530	2	455	admit-retried	succeeded after 1 refusals
73168	1789236158530	2	455	admitted	admit=1658ms
73204	1789236158566	2	452	admit-ceiling	LIMIT_EXCEEDED: client unresolved admission ceiling
73275	1789236158637	1	673	admit-retried	succeeded after 2 refusals
73275	1789236158637	1	673	admitted	admit=1494ms
73294	1789236158656	2	416	admit-retried	succeeded after 6 refusals
73294	1789236158656	2	416	admitted	admit=8815ms
73306	1789236158669	2	458	admit-refused	authority refusal LIMIT_EXCEEDED: retained input, output or executor capacity
73314	1789236158677	1	661	admit-refused	authority refusal LIMIT_EXCEEDED: aggregate admission capacity exhausted
73323	1789236158685	2	449	admit-refused	authority refusal LIMIT_EXCEEDED: retained input, output or executor capacity
73350	1789236158712	2	461	admit-refused	authority refusal LIMIT_EXCEEDED: retained input, output or executor capacity
73359	1789236158721	1	502	admit-refused	authority refusal LIMIT_EXCEEDED: aggregate admission capacity exhausted
73416	1789236158779	1	661	admit-ceiling	LIMIT_EXCEEDED: client unresolved admission ceiling
73417	1789236158779	1	649	admit-ceiling	LIMIT_EXCEEDED: client unresolved admission ceiling
73418	1789236158780	1	682	admit-refused	authority refusal LIMIT_EXCEEDED: aggregate admission capacity exhausted
73555	1789236158918	1	670	admit-refused	authority refusal LIMIT_EXCEEDED: aggregate admission capacity exhausted
73618	1789236158980	1	661	admit-ceiling	LIMIT_EXCEEDED: client unresolved admission ceiling
73722	1789236159085	0	705	admitted	admit=983ms
73724	1789236159086	1	676	admit-ceiling	LIMIT_EXCEEDED: client unresolved admission ceiling
73807	1789236159169	1	193	admit-retried	succeeded after 16 refusals
73807	1789236159169	1	193	admitted	admit=60898ms
73911	1789236159273	1	142	admit-ceiling	LIMIT_EXCEEDED: client unresolved admission ceiling
73919	1789236159281	0	708	admitted	admit=780ms
73920	1789236159282	2	59	admit-ceiling	LIMIT_EXCEEDED: client unresolved admission ceiling
74026	1789236159388	0	591	admit-ceiling	LIMIT_EXCEEDED: client unresolved admission ceiling
74048	1789236159410	1	685	admitted	admit=240ms
74085	1789236159448	1	688	admit-ceiling	LIMIT_EXCEEDED: client unresolved admission ceiling
74103	1789236159466	0	654	admit-ceiling	LIMIT_EXCEEDED: client unresolved admission ceiling
74156	1789236159519	0	714	admitted	admit=237ms
74187	1789236159549	1	688	admit-ceiling	LIMIT_EXCEEDED: client unresolved admission ceiling
74211	1789236159573	2	461	admit-retried	succeeded after 1 refusals
74211	1789236159573	2	461	admitted	admit=1042ms
74220	1789236159583	1	661	admit-refused	authority refusal LIMIT_EXCEEDED: aggregate admission capacity exhausted
74226	1789236159589	0	627	admit-retried	succeeded after 7 refusals
74226	1789236159589	0	627	admitted	admit=13710ms
74237	1789236159600	1	616	admit-retried	succeeded after 4 refusals
74237	1789236159600	1	616	admitted	admit=8235ms
74276	1789236159639	2	458	admit-refused	authority refusal LIMIT_EXCEEDED: retained input, output or executor capacity
74284	1789236159646	2	464	admitted	admit=989ms
74396	1789236159758	1	691	admit-refused	authority refusal LIMIT_EXCEEDED: aggregate admission capacity exhausted
74478	1789236159840	0	717	admitted	admit=321ms
74502	1789236159864	1	658	admit-refused	authority refusal LIMIT_EXCEEDED: aggregate admission capacity exhausted
74513	1789236159875	0	108	admit-ceiling	LIMIT_EXCEEDED: client unresolved admission ceiling
74517	1789236159880	1	688	admit-retried	succeeded after 2 refusals
74517	1789236159880	1	688	admitted	admit=469ms
74520	1789236159882	0	462	admit-ceiling	LIMIT_EXCEEDED: client unresolved admission ceiling
74531	1789236159894	1	679	admit-refused	authority refusal LIMIT_EXCEEDED: aggregate admission capacity exhausted
74584	1789236159947	1	691	admit-refused	authority refusal LIMIT_EXCEEDED: aggregate admission capacity exhausted
74671	1789236160034	1	694	admitted	admit=153ms
74698	1789236160060	0	447	admit-ceiling	LIMIT_EXCEEDED: client unresolved admission ceiling
74710	1789236160072	2	344	admit-ceiling	LIMIT_EXCEEDED: client unresolved admission ceiling
74758	1789236160121	0	723	admitted	admit=279ms
74805	1789236160167	2	452	admit-ceiling	LIMIT_EXCEEDED: client unresolved admission ceiling
74828	1789236160190	0	711	admitted	admit=1105ms
74862	1789236160225	0	720	admit-refused	authority refusal LIMIT_EXCEEDED: aggregate admission capacity exhausted
74863	1789236160225	0	684	admit-retried	succeeded after 4 refusals
74863	1789236160225	0	684	admitted	admit=5839ms
74890	1789236160252	2	449	admit-retried	succeeded after 3 refusals
74890	1789236160252	2	449	admitted	admit=4549ms
74964	1789236160326	0	720	admit-ceiling	LIMIT_EXCEEDED: client unresolved admission ceiling
75021	1789236160384	0	732	admit-refused	authority refusal LIMIT_EXCEEDED: aggregate admission capacity exhausted
75022	1789236160385	1	661	admit-ceiling	LIMIT_EXCEEDED: client unresolved admission ceiling
75043	1789236160406	0	678	admit-refused	authority refusal LIMIT_EXCEEDED: aggregate admission capacity exhausted
75157	1789236160519	1	670	admit-ceiling	LIMIT_EXCEEDED: client unresolved admission ceiling
75159	1789236160521	0	102	admit-ceiling	LIMIT_EXCEEDED: client unresolved admission ceiling
75165	1789236160527	0	720	admit-ceiling	LIMIT_EXCEEDED: client unresolved admission ceiling
75178	1789236160540	2	470	admit-refused	authority refusal LIMIT_EXCEEDED: retained input, output or executor capacity
75185	1789236160548	2	473	admit-refused	authority refusal LIMIT_EXCEEDED: retained input, output or executor capacity
75198	1789236160560	0	726	admit-refused	authority refusal LIMIT_EXCEEDED: aggregate admission capacity exhausted
75223	1789236160585	0	660	admit-refused	authority refusal LIMIT_EXCEEDED: aggregate admission capacity exhausted
75248	1789236160611	1	697	admitted	admit=576ms
75252	1789236160615	0	732	admit-refused	authority refusal LIMIT_EXCEEDED: aggregate admission capacity exhausted
75259	1789236160621	2	467	admitted	admit=1047ms
75308	1789236160670	1	691	admit-refused	authority refusal LIMIT_EXCEEDED: aggregate admission capacity exhausted
75311	1789236160673	1	358	admit-retried	succeeded after 13 refusals
75311	1789236160673	1	358	admitted	admit=44196ms
75348	1789236160710	1	679	admit-ceiling	LIMIT_EXCEEDED: client unresolved admission ceiling
75376	1789236160739	0	726	admit-refused	authority refusal LIMIT_EXCEEDED: aggregate admission capacity exhausted
75430	1789236160792	1	700	admit-refused	authority refusal LIMIT_EXCEEDED: aggregate admission capacity exhausted
75446	1789236160809	0	606	admit-refused	authority refusal LIMIT_EXCEEDED: aggregate admission capacity exhausted
75472	1789236160835	1	676	admit-refused	authority refusal LIMIT_EXCEEDED: aggregate admission capacity exhausted
75514	1789236160877	0	732	admit-refused	authority refusal LIMIT_EXCEEDED: aggregate admission capacity exhausted
75517	1789236160879	2	476	admit-refused	authority refusal LIMIT_EXCEEDED: retained input, output or executor capacity
75527	1789236160889	2	470	admit-refused	authority refusal LIMIT_EXCEEDED: retained input, output or executor capacity
75531	1789236160893	2	458	admit-retried	succeeded after 3 refusals
75531	1789236160893	2	458	admitted	admit=3270ms
75538	1789236160900	2	473	admit-refused	authority refusal LIMIT_EXCEEDED: retained input, output or executor capacity
75740	1789236161102	2	473	admit-ceiling	LIMIT_EXCEEDED: client unresolved admission ceiling
75783	1789236161145	0	726	admit-retried	succeeded after 2 refusals
75783	1789236161145	0	726	admitted	admit=1024ms
75840	1789236161202	0	720	admit-refused	authority refusal LIMIT_EXCEEDED: aggregate admission capacity exhausted
75947	1789236161310	0	735	admit-refused	authority refusal LIMIT_EXCEEDED: aggregate admission capacity exhausted
75993	1789236161355	0	732	admit-refused	authority refusal LIMIT_EXCEEDED: aggregate admission capacity exhausted
75997	1789236161359	2	338	admit-ceiling	LIMIT_EXCEEDED: client unresolved admission ceiling
76010	1789236161372	0	645	admit-refused	authority refusal LIMIT_EXCEEDED: aggregate admission capacity exhausted
76141	1789236161503	2	473	admit-ceiling	LIMIT_EXCEEDED: client unresolved admission ceiling
76182	1789236161544	1	682	admit-retried	succeeded after 1 refusals
76182	1789236161544	1	682	admitted	admit=2906ms
76223	1789236161585	0	729	admit-refused	authority refusal LIMIT_EXCEEDED: aggregate admission capacity exhausted
76247	1789236161609	0	735	admit-refused	authority refusal LIMIT_EXCEEDED: aggregate admission capacity exhausted
76381	1789236161743	1	703	admitted	admit=1069ms
76435	1789236161798	1	700	admit-refused	authority refusal LIMIT_EXCEEDED: aggregate admission capacity exhausted
76465	1789236161828	1	706	admit-refused	authority refusal LIMIT_EXCEEDED: aggregate admission capacity exhausted
76545	1789236161908	0	735	admit-refused	authority refusal LIMIT_EXCEEDED: aggregate admission capacity exhausted
76558	1789236161921	0	729	admit-retried	succeeded after 1 refusals
76558	1789236161921	0	729	admitted	admit=1695ms
76593	1789236161956	1	709	admit-refused	authority refusal LIMIT_EXCEEDED: aggregate admission capacity exhausted
76624	1789236161986	1	661	admit-ceiling	LIMIT_EXCEEDED: client unresolved admission ceiling
76637	1789236161999	1	700	admit-ceiling	LIMIT_EXCEEDED: client unresolved admission ceiling
76695	1789236162057	1	709	admit-ceiling	LIMIT_EXCEEDED: client unresolved admission ceiling
76735	1789236162098	1	649	admit-refused	authority refusal LIMIT_EXCEEDED: aggregate admission capacity exhausted
76755	1789236162118	1	706	admit-refused	authority refusal LIMIT_EXCEEDED: aggregate admission capacity exhausted
76767	1789236162130	1	610	admit-refused	authority refusal LIMIT_EXCEEDED: aggregate admission capacity exhausted
76771	1789236162133	0	720	admit-retried	succeeded after 4 refusals
76771	1789236162133	0	720	admitted	admit=2544ms
76809	1789236162171	2	335	admit-ceiling	LIMIT_EXCEEDED: client unresolved admission ceiling
76845	1789236162207	2	476	admit-refused	authority refusal LIMIT_EXCEEDED: retained input, output or executor capacity
76927	1789236162290	0	741	admit-refused	authority refusal LIMIT_EXCEEDED: aggregate admission capacity exhausted
76930	1789236162293	1	691	admit-refused	authority refusal LIMIT_EXCEEDED: aggregate admission capacity exhausted
76934	1789236162297	2	479	admitted	admit=1402ms
76982	1789236162344	2	407	admit-refused	authority refusal LIMIT_EXCEEDED: retained input, output or executor capacity
76995	1789236162357	2	470	admit-refused	authority refusal LIMIT_EXCEEDED: retained input, output or executor capacity
77038	1789236162400	1	700	admit-ceiling	LIMIT_EXCEEDED: client unresolved admission ceiling
77102	1789236162465	0	735	admit-retried	succeeded after 3 refusals
77102	1789236162465	0	735	admitted	admit=1319ms
77108	1789236162470	1	709	admit-refused	authority refusal LIMIT_EXCEEDED: aggregate admission capacity exhausted
77136	1789236162499	1	706	admit-refused	authority refusal LIMIT_EXCEEDED: aggregate admission capacity exhausted
77145	1789236162508	0	744	admit-ceiling	LIMIT_EXCEEDED: client unresolved admission ceiling
77161	1789236162524	1	523	admit-refused	authority refusal LIMIT_EXCEEDED: aggregate admission capacity exhausted
77184	1789236162546	0	615	admit-refused	authority refusal LIMIT_EXCEEDED: aggregate admission capacity exhausted
77196	1789236162558	1	679	admit-refused	authority refusal LIMIT_EXCEEDED: aggregate admission capacity exhausted
77236	1789236162598	0	741	admit-refused	authority refusal LIMIT_EXCEEDED: aggregate admission capacity exhausted
77329	1789236162692	0	567	admit-refused	authority refusal LIMIT_EXCEEDED: aggregate admission capacity exhausted
77397	1789236162759	2	470	admit-ceiling	LIMIT_EXCEEDED: client unresolved admission ceiling
77442	1789236162804	0	744	admit-retried	succeeded after 1 refusals
77442	1789236162804	0	744	admitted	admit=338ms
77532	1789236162894	0	741	admit-refused	authority refusal LIMIT_EXCEEDED: aggregate admission capacity exhausted
77691	1789236163053	0	747	admit-refused	authority refusal LIMIT_EXCEEDED: aggregate admission capacity exhausted
77737	1789236163099	1	709	admit-refused	authority refusal LIMIT_EXCEEDED: aggregate admission capacity exhausted
77739	1789236163102	1	706	admit-retried	succeeded after 3 refusals
77739	1789236163102	1	706	admitted	admit=1557ms
77849	1789236163212	1	712	admit-refused	authority refusal LIMIT_EXCEEDED: aggregate admission capacity exhausted
77860	1789236163223	1	658	admit-retried	succeeded after 6 refusals
77860	1789236163223	1	658	admitted	admit=6951ms
77875	1789236163237	1	691	admit-refused	authority refusal LIMIT_EXCEEDED: aggregate admission capacity exhausted
77904	1789236163266	2	14	admit-ceiling	LIMIT_EXCEEDED: client unresolved admission ceiling
77904	1789236163266	2	8	admit-ceiling	LIMIT_EXCEEDED: client unresolved admission ceiling
77938	1789236163300	1	700	admit-refused	authority refusal LIMIT_EXCEEDED: aggregate admission capacity exhausted
77942	1789236163305	1	418	admit-refused	authority refusal LIMIT_EXCEEDED: aggregate admission capacity exhausted
77977	1789236163339	2	482	admitted	admit=1042ms
78002	1789236163365	1	715	admit-refused	authority refusal LIMIT_EXCEEDED: aggregate admission capacity exhausted
78003	1789236163365	2	476	admit-refused	authority refusal LIMIT_EXCEEDED: retained input, output or executor capacity
78007	1789236163369	2	473	admit-retried	succeeded after 4 refusals
78007	1789236163369	2	473	admitted	admit=3116ms
78050	1789236163412	1	493	admit-refused	authority refusal LIMIT_EXCEEDED: aggregate admission capacity exhausted
78072	1789236163434	2	11	admit-ceiling	LIMIT_EXCEEDED: client unresolved admission ceiling
78072	1789236163435	2	41	admit-ceiling	LIMIT_EXCEEDED: client unresolved admission ceiling
78073	1789236163435	2	326	admit-refused	authority refusal LIMIT_EXCEEDED: retained input, output or executor capacity
78077	1789236163440	0	741	admit-retried	succeeded after 3 refusals
78077	1789236163440	0	741	admitted	admit=1306ms
78100	1789236163462	2	452	admit-refused	authority refusal LIMIT_EXCEEDED: retained input, output or executor capacity
78157	1789236163520	1	712	admit-refused	authority refusal LIMIT_EXCEEDED: aggregate admission capacity exhausted
78242	1789236163605	1	715	admit-refused	authority refusal LIMIT_EXCEEDED: aggregate admission capacity exhausted
78298	1789236163660	0	747	admit-refused	authority refusal LIMIT_EXCEEDED: aggregate admission capacity exhausted
78303	1789236163665	0	738	admitted	admit=1744ms
78405	1789236163768	2	476	admit-ceiling	LIMIT_EXCEEDED: client unresolved admission ceiling
78452	1789236163815	0	732	admit-refused	authority refusal LIMIT_EXCEEDED: aggregate admission capacity exhausted
78457	1789236163819	0	750	admitted	admit=379ms
78539	1789236163901	1	709	admit-ceiling	LIMIT_EXCEEDED: client unresolved admission ceiling
78596	1789236163959	0	756	admit-refused	authority refusal LIMIT_EXCEEDED: aggregate admission capacity exhausted
78600	1789236163963	0	753	admit-refused	authority refusal LIMIT_EXCEEDED: aggregate admission capacity exhausted
78605	1789236163967	1	715	admit-retried	succeeded after 2 refusals
78605	1789236163967	1	715	admitted	admit=743ms
78605	1789236163968	0	747	admit-refused	authority refusal LIMIT_EXCEEDED: aggregate admission capacity exhausted
78674	1789236164037	1	676	admit-ceiling	LIMIT_EXCEEDED: client unresolved admission ceiling
78776	1789236164139	1	712	admit-refused	authority refusal LIMIT_EXCEEDED: aggregate admission capacity exhausted
78834	1789236164197	0	756	admit-refused	authority refusal LIMIT_EXCEEDED: aggregate admission capacity exhausted
78838	1789236164201	0	753	admit-retried	succeeded after 1 refusals
78838	1789236164201	0	753	admitted	admit=534ms
78922	1789236164284	2	59	admit-ceiling	LIMIT_EXCEEDED: client unresolved admission ceiling
78963	1789236164326	0	759	admit-refused	authority refusal LIMIT_EXCEEDED: aggregate admission capacity exhausted
79105	1789236164468	0	654	admit-ceiling	LIMIT_EXCEEDED: client unresolved admission ceiling
79179	1789236164541	1	712	admit-ceiling	LIMIT_EXCEEDED: client unresolved admission ceiling
79182	1789236164545	0	747	admit-refused	authority refusal LIMIT_EXCEEDED: aggregate admission capacity exhausted
79207	1789236164570	2	476	admit-ceiling	LIMIT_EXCEEDED: client unresolved admission ceiling
79219	1789236164582	0	759	admit-refused	authority refusal LIMIT_EXCEEDED: aggregate admission capacity exhausted
79248	1789236164610	2	29	admit-refused	authority refusal LIMIT_EXCEEDED: retained input, output or executor capacity
79257	1789236164620	0	591	admit-refused	authority refusal LIMIT_EXCEEDED: aggregate admission capacity exhausted
79258	1789236164620	2	470	admit-refused	authority refusal LIMIT_EXCEEDED: retained input, output or executor capacity
79260	1789236164623	2	488	admitted	admit=1252ms
79281	1789236164643	0	756	admit-refused	authority refusal LIMIT_EXCEEDED: aggregate admission capacity exhausted
79297	1789236164659	2	485	admitted	admit=1289ms
79391	1789236164753	1	142	admit-retried	succeeded after 19 refusals
79391	1789236164753	1	142	admitted	admit=73252ms
79483	1789236164845	1	718	admitted	admit=878ms
79514	1789236164876	1	724	admit-ceiling	LIMIT_EXCEEDED: client unresolved admission ceiling
79539	1789236164901	1	700	admit-ceiling	LIMIT_EXCEEDED: client unresolved admission ceiling
79588	1789236164951	0	759	admit-refused	authority refusal LIMIT_EXCEEDED: aggregate admission capacity exhausted
79615	1789236164978	1	724	admit-ceiling	LIMIT_EXCEEDED: client unresolved admission ceiling
79633	1789236164996	0	462	admit-refused	authority refusal LIMIT_EXCEEDED: aggregate admission capacity exhausted
79654	1789236165017	0	108	admit-refused	authority refusal LIMIT_EXCEEDED: aggregate admission capacity exhausted
79769	1789236165131	0	756	admit-refused	authority refusal LIMIT_EXCEEDED: aggregate admission capacity exhausted
79817	1789236165180	1	724	admit-ceiling	LIMIT_EXCEEDED: client unresolved admission ceiling
79825	1789236165187	1	661	admit-ceiling	LIMIT_EXCEEDED: client unresolved admission ceiling
79857	1789236165219	0	447	admit-retried	succeeded after 12 refusals
79857	1789236165219	0	447	admitted	admit=40068ms
79988	1789236165351	1	502	admit-retried	succeeded after 10 refusals
79989	1789236165351	1	502	admitted	admit=29075ms
80027	1789236165390	1	727	admit-ceiling	LIMIT_EXCEEDED: client unresolved admission ceiling
80054	1789236165417	0	732	admit-ceiling	LIMIT_EXCEEDED: client unresolved admission ceiling
80064	1789236165426	0	762	admit-refused	authority refusal LIMIT_EXCEEDED: aggregate admission capacity exhausted
80129	1789236165492	1	727	admit-ceiling	LIMIT_EXCEEDED: client unresolved admission ceiling
80140	1789236165502	1	709	admit-ceiling	LIMIT_EXCEEDED: client unresolved admission ceiling
80182	1789236165545	2	344	admit-refused	authority refusal LIMIT_EXCEEDED: retained input, output or executor capacity
80202	1789236165564	0	678	admit-retried	succeeded after 7 refusals
80202	1789236165564	0	678	admitted	admit=11913ms
80219	1789236165582	1	724	admit-ceiling	LIMIT_EXCEEDED: client unresolved admission ceiling
80234	1789236165597	2	494	admitted	admit=937ms
80250	1789236165612	0	759	admit-retried	succeeded after 3 refusals
80250	1789236165612	0	759	admitted	admit=1410ms
80292	1789236165655	0	660	admit-ceiling	LIMIT_EXCEEDED: client unresolved admission ceiling
80303	1789236165666	1	712	admit-retried	succeeded after 4 refusals
80304	1789236165666	1	712	admitted	admit=2563ms
80334	1789236165697	2	491	admitted	admit=1036ms
80339	1789236165701	0	768	admit-ceiling	LIMIT_EXCEEDED: client unresolved admission ceiling
80341	1789236165703	2	497	admit-refused	authority refusal LIMIT_EXCEEDED: retained input, output or executor capacity
80360	1789236165722	1	670	admit-refused	authority refusal LIMIT_EXCEEDED: aggregate admission capacity exhausted
80403	1789236165766	1	691	admit-retried	succeeded after 5 refusals
80404	1789236165766	1	691	admitted	admit=6166ms
80415	1789236165778	0	765	admit-refused	authority refusal LIMIT_EXCEEDED: aggregate admission capacity exhausted
80427	1789236165789	0	762	admit-refused	authority refusal LIMIT_EXCEEDED: aggregate admission capacity exhausted
80449	1789236165811	1	733	admit-ceiling	LIMIT_EXCEEDED: client unresolved admission ceiling
80492	1789236165855	0	102	admit-refused	authority refusal LIMIT_EXCEEDED: aggregate admission capacity exhausted
80518	1789236165881	1	679	admit-refused	authority refusal LIMIT_EXCEEDED: aggregate admission capacity exhausted
80539	1789236165901	1	730	admitted	admit=235ms
80550	1789236165913	1	727	admit-refused	authority refusal LIMIT_EXCEEDED: aggregate admission capacity exhausted
80557	1789236165920	1	721	admit-refused	authority refusal LIMIT_EXCEEDED: aggregate admission capacity exhausted
80561	1789236165923	0	768	admit-refused	authority refusal LIMIT_EXCEEDED: aggregate admission capacity exhausted
80626	1789236165989	0	606	admit-refused	authority refusal LIMIT_EXCEEDED: aggregate admission capacity exhausted
80680	1789236166042	0	765	admit-refused	authority refusal LIMIT_EXCEEDED: aggregate admission capacity exhausted
80688	1789236166051	1	736	admit-refused	authority refusal LIMIT_EXCEEDED: aggregate admission capacity exhausted
80737	1789236166099	1	721	admit-refused	authority refusal LIMIT_EXCEEDED: aggregate admission capacity exhausted
80748	1789236166111	1	733	admit-refused	authority refusal LIMIT_EXCEEDED: aggregate admission capacity exhausted
80808	1789236166170	0	756	admit-refused	authority refusal LIMIT_EXCEEDED: aggregate admission capacity exhausted
80855	1789236166217	0	768	admit-refused	authority refusal LIMIT_EXCEEDED: aggregate admission capacity exhausted
80956	1789236166319	1	736	admit-retried	succeeded after 1 refusals
80956	1789236166319	1	736	admitted	admit=416ms
80994	1789236166357	2	476	admit-refused	authority refusal LIMIT_EXCEEDED: retained input, output or executor capacity
81010	1789236166372	2	470	admit-refused	authority refusal LIMIT_EXCEEDED: retained input, output or executor capacity
81021	1789236166383	1	724	admit-ceiling	LIMIT_EXCEEDED: client unresolved admission ceiling
81021	1789236166384	0	765	admit-refused	authority refusal LIMIT_EXCEEDED: aggregate admission capacity exhausted
81029	1789236166392	2	500	admitted	admit=694ms
81046	1789236166408	0	762	admit-retried	succeeded after 2 refusals
81046	1789236166408	0	762	admitted	admit=1188ms
81072	1789236166434	2	497	admit-retried	succeeded after 1 refusals
81072	1789236166434	2	497	admitted	admit=836ms
81145	1789236166508	0	645	admit-refused	authority refusal LIMIT_EXCEEDED: aggregate admission capacity exhausted
81195	1789236166557	1	721	admit-refused	authority refusal LIMIT_EXCEEDED: aggregate admission capacity exhausted
81202	1789236166565	2	338	admit-refused	authority refusal LIMIT_EXCEEDED: retained input, output or executor capacity
81221	1789236166584	2	503	admit-refused	authority refusal LIMIT_EXCEEDED: retained input, output or executor capacity
81226	1789236166589	1	739	admitted	admit=269ms
81370	1789236166732	1	742	admit-refused	authority refusal LIMIT_EXCEEDED: aggregate admission capacity exhausted
81375	1789236166738	1	727	admit-refused	authority refusal LIMIT_EXCEEDED: aggregate admission capacity exhausted
81397	1789236166760	0	768	admit-refused	authority refusal LIMIT_EXCEEDED: aggregate admission capacity exhausted
81429	1789236166792	1	733	admit-refused	authority refusal LIMIT_EXCEEDED: aggregate admission capacity exhausted
81452	1789236166815	2	506	admit-refused	authority refusal LIMIT_EXCEEDED: retained input, output or executor capacity
81572	1789236166935	1	742	admit-refused	authority refusal LIMIT_EXCEEDED: aggregate admission capacity exhausted
81580	1789236166943	2	503	admit-refused	authority refusal LIMIT_EXCEEDED: retained input, output or executor capacity
81584	1789236166947	0	765	admit-retried	succeeded after 3 refusals
81584	1789236166947	0	765	admitted	admit=1382ms
81647	1789236167010	2	506	admit-refused	authority refusal LIMIT_EXCEEDED: retained input, output or executor capacity
81736	1789236167099	0	771	admit-refused	authority refusal LIMIT_EXCEEDED: aggregate admission capacity exhausted
81831	1789236167193	1	733	admit-ceiling	LIMIT_EXCEEDED: client unresolved admission ceiling
81900	1789236167262	1	610	admit-refused	authority refusal LIMIT_EXCEEDED: aggregate admission capacity exhausted
81921	1789236167283	1	649	admit-retried	succeeded after 7 refusals
81921	1789236167283	1	649	admitted	admit=12730ms
81934	1789236167296	1	742	admit-refused	authority refusal LIMIT_EXCEEDED: aggregate admission capacity exhausted
81947	1789236167309	0	774	admitted	admit=362ms
82199	1789236167561	0	768	admit-ceiling	LIMIT_EXCEEDED: client unresolved admission ceiling
82205	1789236167568	0	777	admit-refused	authority refusal LIMIT_EXCEEDED: aggregate admission capacity exhausted
82243	1789236167605	1	745	admit-refused	authority refusal LIMIT_EXCEEDED: aggregate admission capacity exhausted
82284	1789236167647	0	615	admit-refused	authority refusal LIMIT_EXCEEDED: aggregate admission capacity exhausted
82314	1789236167676	1	523	admit-refused	authority refusal LIMIT_EXCEEDED: aggregate admission capacity exhausted
82347	1789236167710	1	727	admit-refused	authority refusal LIMIT_EXCEEDED: aggregate admission capacity exhausted
82370	1789236167733	0	771	admit-refused	authority refusal LIMIT_EXCEEDED: aggregate admission capacity exhausted
82462	1789236167825	0	777	admit-retried	succeeded after 1 refusals
82462	1789236167825	0	777	admitted	admit=515ms
82477	1789236167839	0	567	admit-refused	authority refusal LIMIT_EXCEEDED: aggregate admission capacity exhausted
82541	1789236167904	0	756	admit-refused	authority refusal LIMIT_EXCEEDED: aggregate admission capacity exhausted
82561	1789236167924	1	721	admit-retried	succeeded after 3 refusals
82561	1789236167924	1	721	admitted	admit=3170ms
82633	1789236167995	1	733	admit-ceiling	LIMIT_EXCEEDED: client unresolved admission ceiling
82738	1789236168100	1	748	admitted	admit=176ms
82742	1789236168105	1	724	admit-refused	authority refusal LIMIT_EXCEEDED: aggregate admission capacity exhausted
82872	1789236168235	1	700	admit-refused	authority refusal LIMIT_EXCEEDED: aggregate admission capacity exhausted
82873	1789236168235	0	771	admit-refused	authority refusal LIMIT_EXCEEDED: aggregate admission capacity exhausted
82906	1789236168269	2	8	admit-ceiling	LIMIT_EXCEEDED: client unresolved admission ceiling
82906	1789236168269	2	14	admit-ceiling	LIMIT_EXCEEDED: client unresolved admission ceiling
82954	1789236168316	1	751	admit-refused	authority refusal LIMIT_EXCEEDED: aggregate admission capacity exhausted
83053	1789236168416	1	418	admit-retried	succeeded after 13 refusals
83053	1789236168416	1	418	admitted	admit=43971ms
83065	1789236168428	2	506	admit-refused	authority refusal LIMIT_EXCEEDED: retained input, output or executor capacity
83075	1789236168438	2	41	admit-ceiling	LIMIT_EXCEEDED: client unresolved admission ceiling
83075	1789236168438	2	326	admit-ceiling	LIMIT_EXCEEDED: client unresolved admission ceiling
83081	1789236168443	2	407	admit-refused	authority refusal LIMIT_EXCEEDED: retained input, output or executor capacity
83090	1789236168452	1	751	admit-ceiling	LIMIT_EXCEEDED: client unresolved admission ceiling
83189	1789236168551	0	780	admit-refused	authority refusal LIMIT_EXCEEDED: aggregate admission capacity exhausted
83222	1789236168584	1	754	admit-refused	authority refusal LIMIT_EXCEEDED: aggregate admission capacity exhausted
83253	1789236168616	1	742	admit-refused	authority refusal LIMIT_EXCEEDED: aggregate admission capacity exhausted
83279	1789236168641	1	493	admit-refused	authority refusal LIMIT_EXCEEDED: aggregate admission capacity exhausted
83283	1789236168646	2	503	admit-retried	succeeded after 2 refusals
83283	1789236168646	2	503	admitted	admit=2211ms
83320	1789236168682	2	11	admit-refused	authority refusal LIMIT_EXCEEDED: retained input, output or executor capacity
83330	1789236168692	2	452	admit-refused	authority refusal LIMIT_EXCEEDED: retained input, output or executor capacity
83354	1789236168716	2	335	admit-retried	succeeded after 11 refusals
83354	1789236168716	2	335	admitted	admit=35264ms
83420	1789236168783	0	732	admit-retried	succeeded after 6 refusals
83420	1789236168783	0	732	admitted	admit=8556ms
83465	1789236168827	1	751	admit-refused	authority refusal LIMIT_EXCEEDED: aggregate admission capacity exhausted
83516	1789236168879	0	783	admit-refused	authority refusal LIMIT_EXCEEDED: aggregate admission capacity exhausted
83549	1789236168911	0	771	admit-refused	authority refusal LIMIT_EXCEEDED: aggregate admission capacity exhausted
83657	1789236169019	1	709	admit-retried	succeeded after 6 refusals
83657	1789236169019	1	709	admitted	admit=7275ms
83787	1789236169149	1	757	admit-refused	authority refusal LIMIT_EXCEEDED: aggregate admission capacity exhausted
83841	1789236169204	1	676	admit-refused	authority refusal LIMIT_EXCEEDED: aggregate admission capacity exhausted
83863	1789236169226	0	747	admit-retried	succeeded after 4 refusals
83863	1789236169226	0	747	admitted	admit=6420ms
83949	1789236169312	1	727	admit-ceiling	LIMIT_EXCEEDED: client unresolved admission ceiling
83967	1789236169329	0	786	admit-refused	authority refusal LIMIT_EXCEEDED: aggregate admission capacity exhausted
83967	1789236169330	0	768	admit-retried	succeeded after 5 refusals
83967	1789236169330	0	768	admitted	admit=3716ms
84018	1789236169381	0	780	admit-refused	authority refusal LIMIT_EXCEEDED: aggregate admission capacity exhausted
84036	1789236169398	1	751	admit-refused	authority refusal LIMIT_EXCEEDED: aggregate admission capacity exhausted
84054	1789236169416	1	757	admit-retried	succeeded after 1 refusals
84054	1789236169416	1	757	admitted	admit=397ms
84122	1789236169485	0	789	admitted	admit=155ms
84196	1789236169559	2	476	admit-ceiling	LIMIT_EXCEEDED: client unresolved admission ceiling
84212	1789236169575	2	470	admit-ceiling	LIMIT_EXCEEDED: client unresolved admission ceiling
84220	1789236169582	0	780	admit-ceiling	LIMIT_EXCEEDED: client unresolved admission ceiling
84235	1789236169597	1	733	admit-ceiling	LIMIT_EXCEEDED: client unresolved admission ceiling
84240	1789236169603	1	742	admit-refused	authority refusal LIMIT_EXCEEDED: aggregate admission capacity exhausted
84249	1789236169612	2	29	admit-ceiling	LIMIT_EXCEEDED: client unresolved admission ceiling
84259	1789236169622	0	591	admit-ceiling	LIMIT_EXCEEDED: client unresolved admission ceiling
84262	1789236169625	0	786	admit-refused	authority refusal LIMIT_EXCEEDED: aggregate admission capacity exhausted
84449	1789236169811	2	509	admitted	admit=1165ms
84464	1789236169826	0	786	admit-ceiling	LIMIT_EXCEEDED: client unresolved admission ceiling
84540	1789236169902	2	512	admitted	admit=1185ms
84607	1789236169969	2	506	admit-refused	authority refusal LIMIT_EXCEEDED: retained input, output or executor capacity
84622	1789236169985	0	780	admit-ceiling	LIMIT_EXCEEDED: client unresolved admission ceiling
84635	1789236169998	0	462	admit-ceiling	LIMIT_EXCEEDED: client unresolved admission ceiling
84656	1789236170018	0	108	admit-ceiling	LIMIT_EXCEEDED: client unresolved admission ceiling
84667	1789236170030	2	515	admit-refused	authority refusal LIMIT_EXCEEDED: retained input, output or executor capacity
84699	1789236170061	2	518	admit-refused	authority refusal LIMIT_EXCEEDED: retained input, output or executor capacity
84775	1789236170137	0	783	admit-retried	succeeded after 1 refusals
84775	1789236170137	0	783	admitted	admit=1354ms
84838	1789236170200	1	751	admit-ceiling	LIMIT_EXCEEDED: client unresolved admission ceiling
84866	1789236170228	0	786	admit-ceiling	LIMIT_EXCEEDED: client unresolved admission ceiling
84909	1789236170271	0	795	admitted	admit=133ms
84914	1789236170276	0	654	admit-refused	authority refusal LIMIT_EXCEEDED: aggregate admission capacity exhausted
84953	1789236170315	0	792	admit-refused	authority refusal LIMIT_EXCEEDED: aggregate admission capacity exhausted
85004	1789236170367	2	59	admit-retried	succeeded after 21 refusals
85004	1789236170367	2	59	admitted	admit=82961ms
85114	1789236170476	0	798	admitted	admit=204ms
85251	1789236170613	1	754	admit-retried	succeeded after 1 refusals
85251	1789236170613	1	754	admitted	admit=2197ms
85274	1789236170637	0	792	admit-refused	authority refusal LIMIT_EXCEEDED: aggregate admission capacity exhausted
85362	1789236170724	1	670	admit-ceiling	LIMIT_EXCEEDED: client unresolved admission ceiling
85407	1789236170770	1	763	admitted	admit=156ms
85408	1789236170771	2	506	admit-ceiling	LIMIT_EXCEEDED: client unresolved admission ceiling
85476	1789236170839	0	792	admit-ceiling	LIMIT_EXCEEDED: client unresolved admission ceiling
85494	1789236170856	0	102	admit-ceiling	LIMIT_EXCEEDED: client unresolved admission ceiling
85520	1789236170883	1	679	admit-ceiling	LIMIT_EXCEEDED: client unresolved admission ceiling
85569	1789236170932	1	661	admit-retried	succeeded after 7 refusals
85569	1789236170932	1	661	admitted	admit=14553ms
85606	1789236170969	0	780	admit-retried	succeeded after 4 refusals
85606	1789236170969	0	780	admitted	admit=3143ms
85636	1789236170998	1	766	admitted	admit=228ms
85647	1789236171009	0	606	admit-ceiling	LIMIT_EXCEEDED: client unresolved admission ceiling
85668	1789236171030	0	786	admit-ceiling	LIMIT_EXCEEDED: client unresolved admission ceiling
85713	1789236171076	1	745	admit-retried	succeeded after 1 refusals
85713	1789236171076	1	745	admitted	admit=3792ms
85743	1789236171106	0	756	admit-ceiling	LIMIT_EXCEEDED: client unresolved admission ceiling
85843	1789236171205	1	742	admit-ceiling	LIMIT_EXCEEDED: client unresolved admission ceiling
85878	1789236171241	0	792	admit-ceiling	LIMIT_EXCEEDED: client unresolved admission ceiling
85910	1789236171272	1	769	admit-refused	authority refusal LIMIT_EXCEEDED: aggregate admission capacity exhausted
85920	1789236171283	0	804	admit-refused	authority refusal LIMIT_EXCEEDED: aggregate admission capacity exhausted
86003	1789236171366	1	775	admit-refused	authority refusal LIMIT_EXCEEDED: aggregate admission capacity exhausted
86105	1789236171467	1	775	admit-ceiling	LIMIT_EXCEEDED: client unresolved admission ceiling
86106	1789236171468	1	769	admit-refused	authority refusal LIMIT_EXCEEDED: aggregate admission capacity exhausted
86147	1789236171510	0	645	admit-ceiling	LIMIT_EXCEEDED: client unresolved admission ceiling
86195	1789236171558	1	760	admit-refused	authority refusal LIMIT_EXCEEDED: aggregate admission capacity exhausted
86197	1789236171560	0	801	admitted	admit=1082ms
86204	1789236171567	2	338	admit-ceiling	LIMIT_EXCEEDED: client unresolved admission ceiling
86308	1789236171670	1	769	admit-ceiling	LIMIT_EXCEEDED: client unresolved admission ceiling
86349	1789236171711	0	660	admit-retried	succeeded after 8 refusals
86349	1789236171711	0	660	admitted	admit=21953ms
86434	1789236171797	1	724	admit-retried	succeeded after 6 refusals
86434	1789236171797	1	724	admitted	admit=6951ms
86465	1789236171828	1	751	admit-ceiling	LIMIT_EXCEEDED: client unresolved admission ceiling
86515	1789236171878	0	810	admitted	admit=166ms
86516	1789236171878	0	804	admit-refused	authority refusal LIMIT_EXCEEDED: aggregate admission capacity exhausted
86554	1789236171916	1	778	admit-refused	authority refusal LIMIT_EXCEEDED: aggregate admission capacity exhausted
86656	1789236172019	1	760	admit-retried	succeeded after 1 refusals
86656	1789236172019	1	760	admitted	admit=2602ms
86709	1789236172072	1	769	admit-ceiling	LIMIT_EXCEEDED: client unresolved admission ceiling
86717	1789236172080	0	804	admit-ceiling	LIMIT_EXCEEDED: client unresolved admission ceiling
86746	1789236172108	0	813	admit-refused	authority refusal LIMIT_EXCEEDED: aggregate admission capacity exhausted
86769	1789236172132	0	792	admit-refused	authority refusal LIMIT_EXCEEDED: aggregate admission capacity exhausted
86779	1789236172142	1	781	admit-refused	authority refusal LIMIT_EXCEEDED: aggregate admission capacity exhausted
86856	1789236172219	1	778	admit-refused	authority refusal LIMIT_EXCEEDED: aggregate admission capacity exhausted
86894	1789236172257	2	518	admit-refused	authority refusal LIMIT_EXCEEDED: retained input, output or executor capacity
86908	1789236172271	2	521	admit-refused	authority refusal LIMIT_EXCEEDED: retained input, output or executor capacity
86917	1789236172279	2	515	admit-retried	succeeded after 1 refusals
86917	1789236172279	2	515	admitted	admit=2467ms
87029	1789236172392	0	807	admit-refused	authority refusal LIMIT_EXCEEDED: aggregate admission capacity exhausted
87034	1789236172397	0	813	admit-retried	succeeded after 1 refusals
87034	1789236172397	0	813	admitted	admit=518ms
87058	1789236172420	1	778	admit-ceiling	LIMIT_EXCEEDED: client unresolved admission ceiling
87096	1789236172458	2	518	admit-ceiling	LIMIT_EXCEEDED: client unresolved admission ceiling
87144	1789236172507	2	344	admit-retried	succeeded after 11 refusals
87144	1789236172507	2	344	admitted	admit=36439ms
87180	1789236172543	1	610	admit-refused	authority refusal LIMIT_EXCEEDED: aggregate admission capacity exhausted
87186	1789236172548	1	775	admit-retried	succeeded after 2 refusals
87186	1789236172548	1	775	admitted	admit=1471ms
87246	1789236172609	0	804	admit-retried	succeeded after 3 refusals
87246	1789236172609	0	804	admitted	admit=1639ms
87258	1789236172621	1	727	admit-refused	authority refusal LIMIT_EXCEEDED: aggregate admission capacity exhausted
87281	1789236172644	0	786	admit-ceiling	LIMIT_EXCEEDED: client unresolved admission ceiling
87286	1789236172648	0	615	admit-ceiling	LIMIT_EXCEEDED: client unresolved admission ceiling
87319	1789236172682	0	807	admit-refused	authority refusal LIMIT_EXCEEDED: aggregate admission capacity exhausted
87421	1789236172783	1	772	admitted	admit=1784ms
87431	1789236172794	0	819	admitted	admit=184ms
87463	1789236172825	1	733	admit-ceiling	LIMIT_EXCEEDED: client unresolved admission ceiling
87463	1789236172826	1	778	admit-ceiling	LIMIT_EXCEEDED: client unresolved admission ceiling
87471	1789236172834	1	523	admit-refused	authority refusal LIMIT_EXCEEDED: aggregate admission capacity exhausted
87477	1789236172839	0	816	admit-refused	authority refusal LIMIT_EXCEEDED: aggregate admission capacity exhausted
87498	1789236172861	2	518	admit-ceiling	LIMIT_EXCEEDED: client unresolved admission ceiling
87507	1789236172870	0	771	admit-refused	authority refusal LIMIT_EXCEEDED: aggregate admission capacity exhausted
87588	1789236172950	0	822	admit-refused	authority refusal LIMIT_EXCEEDED: aggregate admission capacity exhausted
87623	1789236172985	1	781	admit-refused	authority refusal LIMIT_EXCEEDED: aggregate admission capacity exhausted
87711	1789236173073	0	567	admit-refused	authority refusal LIMIT_EXCEEDED: aggregate admission capacity exhausted
87735	1789236173097	0	807	admit-refused	authority refusal LIMIT_EXCEEDED: aggregate admission capacity exhausted
87762	1789236173124	0	822	admit-refused	authority refusal LIMIT_EXCEEDED: aggregate admission capacity exhausted
87762	1789236173125	1	769	admit-refused	authority refusal LIMIT_EXCEEDED: aggregate admission capacity exhausted
87830	1789236173193	1	784	admit-refused	authority refusal LIMIT_EXCEEDED: aggregate admission capacity exhausted
87886	1789236173249	1	781	admit-refused	authority refusal LIMIT_EXCEEDED: aggregate admission capacity exhausted
87908	1789236173271	2	8	admit-ceiling	LIMIT_EXCEEDED: client unresolved admission ceiling
87909	1789236173271	2	14	admit-ceiling	LIMIT_EXCEEDED: client unresolved admission ceiling
88006	1789236173369	1	700	admit-refused	authority refusal LIMIT_EXCEEDED: aggregate admission capacity exhausted
88043	1789236173406	1	784	admit-refused	authority refusal LIMIT_EXCEEDED: aggregate admission capacity exhausted
88070	1789236173433	0	822	admit-retried	succeeded after 2 refusals
88070	1789236173433	0	822	admitted	admit=638ms
88078	1789236173440	2	41	admit-ceiling	LIMIT_EXCEEDED: client unresolved admission ceiling
88078	1789236173440	2	326	admit-ceiling	LIMIT_EXCEEDED: client unresolved admission ceiling
88083	1789236173446	2	407	admit-ceiling	LIMIT_EXCEEDED: client unresolved admission ceiling
88177	1789236173539	0	825	admit-refused	authority refusal LIMIT_EXCEEDED: aggregate admission capacity exhausted
88253	1789236173616	0	807	admit-refused	authority refusal LIMIT_EXCEEDED: aggregate admission capacity exhausted
88288	1789236173650	1	781	admit-ceiling	LIMIT_EXCEEDED: client unresolved admission ceiling
88329	1789236173692	2	506	admit-retried	succeeded after 5 refusals
88329	1789236173692	2	506	admitted	admit=7257ms
88331	1789236173693	2	11	admit-ceiling	LIMIT_EXCEEDED: client unresolved admission ceiling
88365	1789236173727	2	530	admit-ceiling	LIMIT_EXCEEDED: client unresolved admission ceiling
88365	1789236173728	2	452	admit-ceiling	LIMIT_EXCEEDED: client unresolved admission ceiling
88425	1789236173788	1	784	admit-refused	authority refusal LIMIT_EXCEEDED: aggregate admission capacity exhausted
88431	1789236173794	1	778	admit-retried	succeeded after 4 refusals
88431	1789236173794	1	778	admitted	admit=1996ms
88452	1789236173814	0	792	admit-refused	authority refusal LIMIT_EXCEEDED: aggregate admission capacity exhausted
88458	1789236173821	0	825	admit-retried	succeeded after 1 refusals
88458	1789236173821	0	825	admitted	admit=387ms
88466	1789236173828	2	530	admit-ceiling	LIMIT_EXCEEDED: client unresolved admission ceiling
88526	1789236173888	1	493	admit-retried	succeeded after 12 refusals
88526	1789236173888	1	493	admitted	admit=38238ms
88556	1789236173919	1	790	admit-refused	authority refusal LIMIT_EXCEEDED: aggregate admission capacity exhausted
88611	1789236173974	0	828	admit-refused	authority refusal LIMIT_EXCEEDED: aggregate admission capacity exhausted
88654	1789236174016	2	524	admit-refused	authority refusal LIMIT_EXCEEDED: retained input, output or executor capacity
88664	1789236174026	2	521	admit-refused	authority refusal LIMIT_EXCEEDED: retained input, output or executor capacity
88673	1789236174036	2	518	admit-refused	authority refusal LIMIT_EXCEEDED: retained input, output or executor capacity
88736	1789236174098	1	790	admit-refused	authority refusal LIMIT_EXCEEDED: aggregate admission capacity exhausted
88737	1789236174099	2	530	admit-refused	authority refusal LIMIT_EXCEEDED: retained input, output or executor capacity
88804	1789236174167	2	527	admit-refused	authority refusal LIMIT_EXCEEDED: retained input, output or executor capacity
88816	1789236174178	2	524	admit-refused	authority refusal LIMIT_EXCEEDED: retained input, output or executor capacity
88910	1789236174272	0	828	admit-refused	authority refusal LIMIT_EXCEEDED: aggregate admission capacity exhausted
88937	1789236174300	1	790	admit-ceiling	LIMIT_EXCEEDED: client unresolved admission ceiling
88995	1789236174357	1	784	admit-refused	authority refusal LIMIT_EXCEEDED: aggregate admission capacity exhausted
89001	1789236174363	1	676	admit-retried	succeeded after 8 refusals
89001	1789236174363	1	676	admitted	admit=16906ms
89090	1789236174452	1	781	admit-ceiling	LIMIT_EXCEEDED: client unresolved admission ceiling
89185	1789236174548	1	796	admitted	admit=184ms
89198	1789236174560	2	476	admit-ceiling	LIMIT_EXCEEDED: client unresolved admission ceiling
89211	1789236174573	0	807	admit-refused	authority refusal LIMIT_EXCEEDED: aggregate admission capacity exhausted
89213	1789236174576	2	470	admit-ceiling	LIMIT_EXCEEDED: client unresolved admission ceiling
89232	1789236174594	0	771	admit-refused	authority refusal LIMIT_EXCEEDED: aggregate admission capacity exhausted
89252	1789236174614	2	29	admit-ceiling	LIMIT_EXCEEDED: client unresolved admission ceiling
89257	1789236174619	0	828	admit-refused	authority refusal LIMIT_EXCEEDED: aggregate admission capacity exhausted
89307	1789236174670	1	799	admit-refused	authority refusal LIMIT_EXCEEDED: aggregate admission capacity exhausted
89364	1789236174726	1	769	admit-ceiling	LIMIT_EXCEEDED: client unresolved admission ceiling
89387	1789236174750	0	591	admit-retried	succeeded after 11 refusals
89387	1789236174750	0	591	admitted	admit=32210ms
89435	1789236174797	1	742	admit-retried	succeeded after 6 refusals
89435	1789236174797	1	742	admitted	admit=8208ms
89470	1789236174833	1	802	admit-ceiling	LIMIT_EXCEEDED: client unresolved admission ceiling
89534	1789236174896	0	831	admitted	admit=146ms
89571	1789236174934	1	802	admit-ceiling	LIMIT_EXCEEDED: client unresolved admission ceiling
89635	1789236174998	0	834	admit-refused	authority refusal LIMIT_EXCEEDED: aggregate admission capacity exhausted
89668	1789236175030	1	751	admit-ceiling	LIMIT_EXCEEDED: client unresolved admission ceiling
89670	1789236175033	2	524	admit-retried	succeeded after 2 refusals
89670	1789236175033	2	524	admitted	admit=2752ms
89691	1789236175053	0	816	admit-refused	authority refusal LIMIT_EXCEEDED: aggregate admission capacity exhausted
89714	1789236175077	0	462	admit-refused	authority refusal LIMIT_EXCEEDED: aggregate admission capacity exhausted
89774	1789236175136	1	802	admit-ceiling	LIMIT_EXCEEDED: client unresolved admission ceiling
89797	1789236175160	1	784	admit-ceiling	LIMIT_EXCEEDED: client unresolved admission ceiling
89817	1789236175179	0	828	admit-refused	authority refusal LIMIT_EXCEEDED: aggregate admission capacity exhausted
89901	1789236175263	0	834	admit-refused	authority refusal LIMIT_EXCEEDED: aggregate admission capacity exhausted
89904	1789236175266	2	527	admit-refused	authority refusal LIMIT_EXCEEDED: retained input, output or executor capacity
89918	1789236175280	2	530	admit-refused	authority refusal LIMIT_EXCEEDED: retained input, output or executor capacity
89929	1789236175291	0	108	admit-refused	authority refusal LIMIT_EXCEEDED: aggregate admission capacity exhausted
89944	1789236175306	2	533	admit-refused	authority refusal LIMIT_EXCEEDED: retained input, output or executor capacity
89969	1789236175331	2	521	admit-retried	succeeded after 2 refusals
89969	1789236175331	2	521	admitted	admit=4964ms
89978	1789236175341	0	816	admit-refused	authority refusal LIMIT_EXCEEDED: aggregate admission capacity exhausted
90005	1789236175368	0	654	admit-refused	authority refusal LIMIT_EXCEEDED: aggregate admission capacity exhausted
90176	1789236175538	1	802	admit-ceiling	LIMIT_EXCEEDED: client unresolved admission ceiling
90234	1789236175597	1	790	admit-retried	succeeded after 3 refusals
90235	1789236175597	1	790	admitted	admit=1803ms
90268	1789236175630	0	834	admit-retried	succeeded after 2 refusals
90268	1789236175630	0	834	admitted	admit=733ms
90328	1789236175690	1	793	admitted	admit=1801ms
90389	1789236175751	1	805	admitted	admit=153ms
90394	1789236175756	0	837	admit-refused	authority refusal LIMIT_EXCEEDED: aggregate admission capacity exhausted
90420	1789236175782	1	811	admit-ceiling	LIMIT_EXCEEDED: client unresolved admission ceiling
90435	1789236175797	1	808	admit-refused	authority refusal LIMIT_EXCEEDED: aggregate admission capacity exhausted
90521	1789236175884	1	679	admit-ceiling	LIMIT_EXCEEDED: client unresolved admission ceiling
90536	1789236175899	1	808	admit-ceiling	LIMIT_EXCEEDED: client unresolved admission ceiling
90554	1789236175917	0	816	admit-refused	authority refusal LIMIT_EXCEEDED: aggregate admission capacity exhausted
90565	1789236175927	2	533	admit-retried	succeeded after 1 refusals
90565	1789236175927	2	533	admitted	admit=894ms
90596	1789236175959	0	786	admit-refused	authority refusal LIMIT_EXCEEDED: aggregate admission capacity exhausted
90616	1789236175979	0	102	admit-refused	authority refusal LIMIT_EXCEEDED: aggregate admission capacity exhausted
90636	1789236175998	1	811	admit-refused	authority refusal LIMIT_EXCEEDED: aggregate admission capacity exhausted
90654	1789236176016	0	837	admit-refused	authority refusal LIMIT_EXCEEDED: aggregate admission capacity exhausted
90660	1789236176023	1	787	admit-refused	authority refusal LIMIT_EXCEEDED: aggregate admission capacity exhausted
90696	1789236176058	2	536	admitted	admit=726ms
90716	1789236176078	0	828	admit-refused	authority refusal LIMIT_EXCEEDED: aggregate admission capacity exhausted
90731	1789236176094	2	530	admit-ceiling	LIMIT_EXCEEDED: client unresolved admission ceiling
90743	1789236176105	2	539	admit-refused	authority refusal LIMIT_EXCEEDED: retained input, output or executor capacity
90750	1789236176112	2	527	admit-refused	authority refusal LIMIT_EXCEEDED: retained input, output or executor capacity
90752	1789236176115	0	606	admit-refused	authority refusal LIMIT_EXCEEDED: aggregate admission capacity exhausted
90780	1789236176143	1	670	admit-retried	succeeded after 8 refusals
90780	1789236176143	1	670	admitted	admit=19290ms
90787	1789236176150	1	781	admit-refused	authority refusal LIMIT_EXCEEDED: aggregate admission capacity exhausted
90822	1789236176184	0	756	admit-refused	authority refusal LIMIT_EXCEEDED: aggregate admission capacity exhausted
90839	1789236176201	1	811	admit-ceiling	LIMIT_EXCEEDED: client unresolved admission ceiling
90886	1789236176248	1	787	admit-refused	authority refusal LIMIT_EXCEEDED: aggregate admission capacity exhausted
90897	1789236176260	2	542	admit-refused	authority refusal LIMIT_EXCEEDED: retained input, output or executor capacity
90910	1789236176273	1	814	admit-refused	authority refusal LIMIT_EXCEEDED: aggregate admission capacity exhausted
90921	1789236176283	0	837	admit-refused	authority refusal LIMIT_EXCEEDED: aggregate admission capacity exhausted
90937	1789236176299	1	799	admit-refused	authority refusal LIMIT_EXCEEDED: aggregate admission capacity exhausted
90963	1789236176326	1	808	admit-refused	authority refusal LIMIT_EXCEEDED: aggregate admission capacity exhausted
91065	1789236176427	1	802	admit-refused	authority refusal LIMIT_EXCEEDED: aggregate admission capacity exhausted
91086	1789236176448	1	814	admit-refused	authority refusal LIMIT_EXCEEDED: aggregate admission capacity exhausted
91101	1789236176464	2	518	admit-retried	succeeded after 5 refusals
91102	1789236176464	2	518	admitted	admit=6561ms
91171	1789236176533	1	787	admit-refused	authority refusal LIMIT_EXCEEDED: aggregate admission capacity exhausted
91206	1789236176569	2	338	admit-ceiling	LIMIT_EXCEEDED: client unresolved admission ceiling
91225	1789236176588	2	542	admit-refused	authority refusal LIMIT_EXCEEDED: retained input, output or executor capacity
91235	1789236176597	2	545	admit-refused	authority refusal LIMIT_EXCEEDED: retained input, output or executor capacity
91245	1789236176608	2	527	admit-refused	authority refusal LIMIT_EXCEEDED: retained input, output or executor capacity
91375	1789236176737	1	814	admit-refused	authority refusal LIMIT_EXCEEDED: aggregate admission capacity exhausted
91435	1789236176798	1	811	admit-refused	authority refusal LIMIT_EXCEEDED: aggregate admission capacity exhausted
91452	1789236176814	0	816	admit-refused	authority refusal LIMIT_EXCEEDED: aggregate admission capacity exhausted
91457	1789236176820	0	645	admit-retried	succeeded after 10 refusals
91457	1789236176820	0	645	admitted	admit=28448ms
91479	1789236176842	0	837	admit-refused	authority refusal LIMIT_EXCEEDED: aggregate admission capacity exhausted
91479	1789236176842	1	808	admit-refused	authority refusal LIMIT_EXCEEDED: aggregate admission capacity exhausted
91509	1789236176872	1	784	admit-refused	authority refusal LIMIT_EXCEEDED: aggregate admission capacity exhausted
91565	1789236176928	0	840	admit-refused	authority refusal LIMIT_EXCEEDED: aggregate admission capacity exhausted
91634	1789236176996	2	542	admit-refused	authority refusal LIMIT_EXCEEDED: retained input, output or executor capacity
91653	1789236177016	2	539	admit-retried	succeeded after 1 refusals
91653	1789236177016	2	539	admitted	admit=1088ms
91668	1789236177030	1	787	admit-refused	authority refusal LIMIT_EXCEEDED: aggregate admission capacity exhausted
91739	1789236177101	0	792	admit-refused	authority refusal LIMIT_EXCEEDED: aggregate admission capacity exhausted
91764	1789236177127	0	840	admit-refused	authority refusal LIMIT_EXCEEDED: aggregate admission capacity exhausted
91845	1789236177208	2	548	admit-refused	authority refusal LIMIT_EXCEEDED: retained input, output or executor capacity
91921	1789236177284	1	814	admit-retried	succeeded after 3 refusals
91921	1789236177284	1	814	admitted	admit=1140ms
92050	1789236177412	2	548	admit-refused	authority refusal LIMIT_EXCEEDED: retained input, output or executor capacity
92098	1789236177460	0	840	admit-retried	succeeded after 2 refusals
92098	1789236177460	0	840	admitted	admit=640ms
92120	1789236177483	1	799	admit-retried	succeeded after 2 refusals
92120	1789236177483	1	799	admitted	admit=2934ms
92244	1789236177607	2	545	admit-refused	authority refusal LIMIT_EXCEEDED: retained input, output or executor capacity
92260	1789236177622	1	727	admit-ceiling	LIMIT_EXCEEDED: client unresolved admission ceiling
92300	1789236177662	1	820	admitted	admit=179ms
92318	1789236177681	0	828	admit-ceiling	LIMIT_EXCEEDED: client unresolved admission ceiling
92335	1789236177698	1	823	admit-ceiling	LIMIT_EXCEEDED: client unresolved admission ceiling
92366	1789236177729	1	811	admit-retried	succeeded after 4 refusals
92366	1789236177729	1	811	admitted	admit=1976ms
92374	1789236177737	1	817	admit-refused	authority refusal LIMIT_EXCEEDED: aggregate admission capacity exhausted
92379	1789236177741	1	808	admit-refused	authority refusal LIMIT_EXCEEDED: aggregate admission capacity exhausted
92423	1789236177785	0	837	admit-retried	succeeded after 4 refusals
92423	1789236177785	0	837	admitted	admit=2154ms
92447	1789236177809	2	545	admit-ceiling	LIMIT_EXCEEDED: client unresolved admission ceiling
92458	1789236177821	0	771	admit-ceiling	LIMIT_EXCEEDED: client unresolved admission ceiling
92469	1789236177832	1	787	admit-ceiling	LIMIT_EXCEEDED: client unresolved admission ceiling
92473	1789236177836	1	523	admit-ceiling	LIMIT_EXCEEDED: client unresolved admission ceiling
92476	1789236177838	1	817	admit-ceiling	LIMIT_EXCEEDED: client unresolved admission ceiling
92527	1789236177889	1	823	admit-refused	authority refusal LIMIT_EXCEEDED: aggregate admission capacity exhausted
92550	1789236177912	1	733	admit-refused	authority refusal LIMIT_EXCEEDED: aggregate admission capacity exhausted
92571	1789236177933	0	846	admit-refused	authority refusal LIMIT_EXCEEDED: aggregate admission capacity exhausted
92580	1789236177943	0	807	admit-retried	succeeded after 5 refusals
92581	1789236177943	0	807	admitted	admit=6383ms
92600	1789236177963	0	615	admit-refused	authority refusal LIMIT_EXCEEDED: aggregate admission capacity exhausted
92620	1789236177982	1	826	admit-refused	authority refusal LIMIT_EXCEEDED: aggregate admission capacity exhausted
92640	1789236178003	0	843	admit-refused	authority refusal LIMIT_EXCEEDED: aggregate admission capacity exhausted
92646	1789236178009	1	769	admit-refused	authority refusal LIMIT_EXCEEDED: aggregate admission capacity exhausted
92699	1789236178061	1	610	admit-refused	authority refusal LIMIT_EXCEEDED: aggregate admission capacity exhausted
92736	1789236178099	0	849	admitted	admit=155ms
92798	1789236178160	1	802	admit-refused	authority refusal LIMIT_EXCEEDED: aggregate admission capacity exhausted
92829	1789236178192	0	846	admit-refused	authority refusal LIMIT_EXCEEDED: aggregate admission capacity exhausted
92841	1789236178204	1	826	admit-refused	authority refusal LIMIT_EXCEEDED: aggregate admission capacity exhausted
92848	1789236178211	2	545	admit-ceiling	LIMIT_EXCEEDED: client unresolved admission ceiling
92884	1789236178247	0	852	admit-refused	authority refusal LIMIT_EXCEEDED: aggregate admission capacity exhausted
92911	1789236178273	2	14	admit-ceiling	LIMIT_EXCEEDED: client unresolved admission ceiling
92911	1789236178273	2	8	admit-ceiling	LIMIT_EXCEEDED: client unresolved admission ceiling
92917	1789236178279	1	817	admit-retried	succeeded after 2 refusals
92917	1789236178279	1	817	admitted	admit=995ms
93054	1789236178416	0	816	admit-ceiling	LIMIT_EXCEEDED: client unresolved admission ceiling
93092	1789236178454	1	700	admit-refused	authority refusal LIMIT_EXCEEDED: aggregate admission capacity exhausted
93103	1789236178465	2	542	admit-retried	succeeded after 3 refusals
93103	1789236178465	2	542	admitted	admit=2406ms
93105	1789236178467	2	41	admit-ceiling	LIMIT_EXCEEDED: client unresolved admission ceiling
93105	1789236178467	2	407	admit-ceiling	LIMIT_EXCEEDED: client unresolved admission ceiling
93133	1789236178495	2	551	admit-ceiling	LIMIT_EXCEEDED: client unresolved admission ceiling
93180	1789236178543	0	852	admit-refused	authority refusal LIMIT_EXCEEDED: aggregate admission capacity exhausted
93187	1789236178549	2	527	admit-retried	succeeded after 4 refusals
93187	1789236178549	2	527	admitted	admit=6042ms
93202	1789236178565	1	829	admitted	admit=285ms
93218	1789236178580	0	846	admit-refused	authority refusal LIMIT_EXCEEDED: aggregate admission capacity exhausted
93234	1789236178597	2	551	admit-ceiling	LIMIT_EXCEEDED: client unresolved admission ceiling
93318	1789236178680	0	843	admit-refused	authority refusal LIMIT_EXCEEDED: aggregate admission capacity exhausted
93320	1789236178683	2	548	admit-refused	authority refusal LIMIT_EXCEEDED: retained input, output or executor capacity
93335	1789236178698	2	530	admit-refused	authority refusal LIMIT_EXCEEDED: retained input, output or executor capacity
93350	1789236178712	2	326	admit-refused	authority refusal LIMIT_EXCEEDED: retained input, output or executor capacity
93358	1789236178721	2	554	admit-refused	authority refusal LIMIT_EXCEEDED: retained input, output or executor capacity
93392	1789236178754	1	832	admit-refused	authority refusal LIMIT_EXCEEDED: aggregate admission capacity exhausted
93405	1789236178767	1	826	admit-refused	authority refusal LIMIT_EXCEEDED: aggregate admission capacity exhausted
93455	1789236178817	0	852	admit-refused	authority refusal LIMIT_EXCEEDED: aggregate admission capacity exhausted
93518	1789236178881	0	567	admit-refused	authority refusal LIMIT_EXCEEDED: aggregate admission capacity exhausted
93573	1789236178936	1	823	admit-refused	authority refusal LIMIT_EXCEEDED: aggregate admission capacity exhausted
93600	1789236178963	0	843	admit-refused	authority refusal LIMIT_EXCEEDED: aggregate admission capacity exhausted
93650	1789236179012	2	545	admit-ceiling	LIMIT_EXCEEDED: client unresolved admission ceiling
93714	1789236179076	1	832	admit-retried	succeeded after 1 refusals
93714	1789236179076	1	832	admitted	admit=511ms
93722	1789236179084	2	548	admit-ceiling	LIMIT_EXCEEDED: client unresolved admission ceiling
93848	1789236179210	0	846	admit-retried	succeeded after 3 refusals
93848	1789236179210	0	846	admitted	admit=1425ms
93898	1789236179260	1	826	admit-refused	authority refusal LIMIT_EXCEEDED: aggregate admission capacity exhausted
93911	1789236179273	1	835	admit-refused	authority refusal LIMIT_EXCEEDED: aggregate admission capacity exhausted
93977	1789236179340	0	852	admit-refused	authority refusal LIMIT_EXCEEDED: aggregate admission capacity exhausted
93987	1789236179350	2	452	admit-retried	succeeded after 9 refusals
93987	1789236179350	2	452	admitted	admit=22781ms
94037	1789236179399	0	855	admit-refused	authority refusal LIMIT_EXCEEDED: aggregate admission capacity exhausted
94071	1789236179433	1	787	admit-ceiling	LIMIT_EXCEEDED: client unresolved admission ceiling
94162	1789236179525	2	11	admit-retried	succeeded after 23 refusals
94162	1789236179525	2	11	admitted	admit=93287ms
94182	1789236179544	0	843	admit-refused	authority refusal LIMIT_EXCEEDED: aggregate admission capacity exhausted
94198	1789236179561	1	823	admit-refused	authority refusal LIMIT_EXCEEDED: aggregate admission capacity exhausted
94199	1789236179561	2	476	admit-ceiling	LIMIT_EXCEEDED: client unresolved admission ceiling
94215	1789236179577	2	470	admit-ceiling	LIMIT_EXCEEDED: client unresolved admission ceiling
94253	1789236179616	2	29	admit-ceiling	LIMIT_EXCEEDED: client unresolved admission ceiling
94271	1789236179634	2	551	admit-refused	authority refusal LIMIT_EXCEEDED: retained input, output or executor capacity
94286	1789236179649	2	557	admit-refused	authority refusal LIMIT_EXCEEDED: retained input, output or executor capacity
94297	1789236179660	2	554	admit-refused	authority refusal LIMIT_EXCEEDED: retained input, output or executor capacity
94330	1789236179692	1	781	admit-refused	authority refusal LIMIT_EXCEEDED: aggregate admission capacity exhausted
94399	1789236179762	1	808	admit-refused	authority refusal LIMIT_EXCEEDED: aggregate admission capacity exhausted
94486	1789236179849	0	855	admit-retried	succeeded after 1 refusals
94486	1789236179849	0	855	admitted	admit=638ms
94642	1789236180004	0	858	admitted	admit=155ms
94673	1789236180036	2	551	admit-ceiling	LIMIT_EXCEEDED: client unresolved admission ceiling
94823	1789236180186	1	751	admit-refused	authority refusal LIMIT_EXCEEDED: aggregate admission capacity exhausted
94833	1789236180196	0	462	admit-refused	authority refusal LIMIT_EXCEEDED: aggregate admission capacity exhausted
94855	1789236180217	1	784	admit-retried	succeeded after 6 refusals
94855	1789236180217	1	784	admitted	admit=7668ms
94880	1789236180243	0	861	admit-refused	authority refusal LIMIT_EXCEEDED: aggregate admission capacity exhausted
95007	1789236180370	0	654	admit-ceiling	LIMIT_EXCEEDED: client unresolved admission ceiling
95056	1789236180419	1	838	admit-refused	authority refusal LIMIT_EXCEEDED: aggregate admission capacity exhausted
95062	1789236180425	1	826	admit-retried	succeeded after 4 refusals
95062	1789236180425	1	826	admitted	admit=2695ms
95094	1789236180457	0	843	admit-refused	authority refusal LIMIT_EXCEEDED: aggregate admission capacity exhausted
95109	1789236180472	0	108	admit-retried	succeeded after 21 refusals
95109	1789236180472	0	108	admitted	admit=91844ms
95187	1789236180550	1	823	admit-refused	authority refusal LIMIT_EXCEEDED: aggregate admission capacity exhausted
95245	1789236180608	1	841	admit-refused	authority refusal LIMIT_EXCEEDED: aggregate admission capacity exhausted
95252	1789236180614	2	545	admit-ceiling	LIMIT_EXCEEDED: client unresolved admission ceiling
95256	1789236180619	0	864	admit-refused	authority refusal LIMIT_EXCEEDED: aggregate admission capacity exhausted
95262	1789236180625	1	838	admit-refused	authority refusal LIMIT_EXCEEDED: aggregate admission capacity exhausted
95346	1789236180708	2	560	admitted	admit=1183ms
95489	1789236180851	2	557	admit-retried	succeeded after 1 refusals
95489	1789236180851	2	557	admitted	admit=1501ms
95524	1789236180887	2	566	admit-ceiling	LIMIT_EXCEEDED: client unresolved admission ceiling
95575	1789236180938	2	563	admit-refused	authority refusal LIMIT_EXCEEDED: retained input, output or executor capacity
95586	1789236180948	2	554	admit-refused	authority refusal LIMIT_EXCEEDED: retained input, output or executor capacity
95599	1789236180961	0	786	admit-ceiling	LIMIT_EXCEEDED: client unresolved admission ceiling
95638	1789236181001	0	828	admit-retried	succeeded after 6 refusals
95638	1789236181001	0	828	admitted	admit=7179ms
95643	1789236181005	1	838	admit-retried	succeeded after 2 refusals
95643	1789236181005	1	838	admitted	admit=787ms
95673	1789236181036	0	867	admit-ceiling	LIMIT_EXCEEDED: client unresolved admission ceiling
95706	1789236181069	2	551	admit-refused	authority refusal LIMIT_EXCEEDED: retained input, output or executor capacity
95713	1789236181076	1	679	admit-retried	succeeded after 9 refusals
95713	1789236181076	1	679	admitted	admit=23259ms
95715	1789236181078	2	548	admit-refused	authority refusal LIMIT_EXCEEDED: retained input, output or executor capacity
95754	1789236181116	0	606	admit-ceiling	LIMIT_EXCEEDED: client unresolved admission ceiling
95775	1789236181138	0	867	admit-ceiling	LIMIT_EXCEEDED: client unresolved admission ceiling
95801	1789236181163	1	835	admit-retried	succeeded after 1 refusals
95801	1789236181163	1	835	admitted	admit=2086ms
95816	1789236181179	1	847	admit-refused	authority refusal LIMIT_EXCEEDED: aggregate admission capacity exhausted
95823	1789236181186	0	756	admit-ceiling	LIMIT_EXCEEDED: client unresolved admission ceiling
95899	1789236181262	1	850	admit-refused	authority refusal LIMIT_EXCEEDED: aggregate admission capacity exhausted
95928	1789236181291	1	844	admit-refused	authority refusal LIMIT_EXCEEDED: aggregate admission capacity exhausted
95998	1789236181361	0	102	admit-retried	succeeded after 23 refusals
95998	1789236181361	0	102	admitted	admit=93563ms
96025	1789236181387	0	870	admit-ceiling	LIMIT_EXCEEDED: client unresolved admission ceiling
96030	1789236181393	1	844	admit-ceiling	LIMIT_EXCEEDED: client unresolved admission ceiling
96062	1789236181424	1	847	admit-refused	authority refusal LIMIT_EXCEEDED: aggregate admission capacity exhausted
96120	1789236181482	0	867	admit-retried	succeeded after 2 refusals
96120	1789236181482	0	867	admitted	admit=481ms
96151	1789236181513	0	870	admit-ceiling	LIMIT_EXCEEDED: client unresolved admission ceiling
96255	1789236181618	0	816	admit-ceiling	LIMIT_EXCEEDED: client unresolved admission ceiling
96264	1789236181627	1	847	admit-ceiling	LIMIT_EXCEEDED: client unresolved admission ceiling
96296	1789236181658	0	873	admitted	admit=175ms
96312	1789236181675	0	852	admit-refused	authority refusal LIMIT_EXCEEDED: aggregate admission capacity exhausted
96316	1789236181678	2	566	admit-retried	succeeded after 1 refusals
96316	1789236181679	2	566	admitted	admit=826ms
96347	1789236181709	1	850	admit-retried	succeeded after 1 refusals
96347	1789236181709	1	850	admitted	admit=545ms
96367	1789236181729	0	864	admit-refused	authority refusal LIMIT_EXCEEDED: aggregate admission capacity exhausted
96427	1789236181789	2	563	admit-retried	succeeded after 1 refusals
96427	1789236181789	2	563	admitted	admit=1080ms
96442	1789236181805	0	870	admit-refused	authority refusal LIMIT_EXCEEDED: aggregate admission capacity exhausted
96445	1789236181807	2	338	admit-refused	authority refusal LIMIT_EXCEEDED: retained input, output or executor capacity
96456	1789236181818	0	876	admit-refused	authority refusal LIMIT_EXCEEDED: aggregate admission capacity exhausted
96459	1789236181821	2	569	admit-refused	authority refusal LIMIT_EXCEEDED: retained input, output or executor capacity
96566	1789236181928	0	861	admit-retried	succeeded after 1 refusals
96566	1789236181928	0	861	admitted	admit=1923ms
96667	1789236182030	1	847	admit-ceiling	LIMIT_EXCEEDED: client unresolved admission ceiling
96736	1789236182098	0	864	admit-refused	authority refusal LIMIT_EXCEEDED: aggregate admission capacity exhausted
96769	1789236182132	2	530	admit-refused	authority refusal LIMIT_EXCEEDED: retained input, output or executor capacity
96784	1789236182147	2	569	admit-refused	authority refusal LIMIT_EXCEEDED: retained input, output or executor capacity
96788	1789236182150	0	876	admit-refused	authority refusal LIMIT_EXCEEDED: aggregate admission capacity exhausted
96788	1789236182151	2	554	admit-retried	succeeded after 3 refusals
96788	1789236182151	2	554	admitted	admit=3600ms
96789	1789236182151	1	823	admit-ceiling	LIMIT_EXCEEDED: client unresolved admission ceiling
96817	1789236182180	0	843	admit-refused	authority refusal LIMIT_EXCEEDED: aggregate admission capacity exhausted
96845	1789236182207	0	792	admit-refused	authority refusal LIMIT_EXCEEDED: aggregate admission capacity exhausted
96882	1789236182244	0	879	admit-refused	authority refusal LIMIT_EXCEEDED: aggregate admission capacity exhausted
96893	1789236182255	1	802	admit-retried	succeeded after 6 refusals
96893	1789236182255	1	802	admitted	admit=7457ms
96933	1789236182296	0	870	admit-refused	authority refusal LIMIT_EXCEEDED: aggregate admission capacity exhausted
97015	1789236182377	1	844	admit-retried	succeeded after 2 refusals
97015	1789236182377	1	844	admitted	admit=1371ms
97074	1789236182436	2	575	admit-refused	authority refusal LIMIT_EXCEEDED: retained input, output or executor capacity
97122	1789236182485	0	879	admit-retried	succeeded after 1 refusals
97122	1789236182485	0	879	admitted	admit=555ms
97128	1789236182491	0	876	admit-refused	authority refusal LIMIT_EXCEEDED: aggregate admission capacity exhausted
97247	1789236182609	1	859	admitted	admit=231ms
97249	1789236182612	2	569	admit-refused	authority refusal LIMIT_EXCEEDED: retained input, output or executor capacity
97252	1789236182615	0	864	admit-refused	authority refusal LIMIT_EXCEEDED: aggregate admission capacity exhausted
97278	1789236182641	1	856	admitted	admit=385ms
97314	1789236182677	1	787	admit-ceiling	LIMIT_EXCEEDED: client unresolved admission ceiling
97349	1789236182711	1	865	admit-ceiling	LIMIT_EXCEEDED: client unresolved admission ceiling
97445	1789236182808	1	841	admit-refused	authority refusal LIMIT_EXCEEDED: aggregate admission capacity exhausted
97455	1789236182818	1	862	admitted	admit=208ms
97491	1789236182853	1	847	admit-ceiling	LIMIT_EXCEEDED: client unresolved admission ceiling
97491	1789236182854	1	523	admit-ceiling	LIMIT_EXCEEDED: client unresolved admission ceiling
97551	1789236182914	1	733	admit-ceiling	LIMIT_EXCEEDED: client unresolved admission ceiling
97560	1789236182922	2	575	admit-refused	authority refusal LIMIT_EXCEEDED: retained input, output or executor capacity
97562	1789236182925	1	727	admit-refused	authority refusal LIMIT_EXCEEDED: aggregate admission capacity exhausted
97572	1789236182934	2	572	admitted	admit=1144ms
97586	1789236182948	2	551	admit-refused	authority refusal LIMIT_EXCEEDED: retained input, output or executor capacity
97589	1789236182951	1	868	admit-refused	authority refusal LIMIT_EXCEEDED: aggregate admission capacity exhausted
97601	1789236182963	2	548	admit-refused	authority refusal LIMIT_EXCEEDED: retained input, output or executor capacity
97614	1789236182976	0	876	admit-refused	authority refusal LIMIT_EXCEEDED: aggregate admission capacity exhausted
97619	1789236182982	0	771	admit-retried	succeeded after 7 refusals
97619	1789236182982	0	771	admitted	admit=16572ms
97647	1789236183010	1	769	admit-ceiling	LIMIT_EXCEEDED: client unresolved admission ceiling
97691	1789236183053	1	868	admit-ceiling	LIMIT_EXCEEDED: client unresolved admission ceiling
97700	1789236183063	1	610	admit-ceiling	LIMIT_EXCEEDED: client unresolved admission ceiling
97727	1789236183090	2	578	admit-refused	authority refusal LIMIT_EXCEEDED: retained input, output or executor capacity
97737	1789236183100	2	569	admit-refused	authority refusal LIMIT_EXCEEDED: retained input, output or executor capacity
97841	1789236183204	0	885	admit-refused	authority refusal LIMIT_EXCEEDED: aggregate admission capacity exhausted
97850	1789236183213	1	853	admitted	admit=1503ms
97855	1789236183217	0	870	admit-retried	succeeded after 4 refusals
97855	1789236183217	0	870	admitted	admit=1855ms
97876	1789236183238	0	615	admit-refused	authority refusal LIMIT_EXCEEDED: aggregate admission capacity exhausted
97892	1789236183254	1	868	admit-ceiling	LIMIT_EXCEEDED: client unresolved admission ceiling
98031	1789236183394	0	888	admit-refused	authority refusal LIMIT_EXCEEDED: aggregate admission capacity exhausted
98082	1789236183445	1	871	admitted	admit=231ms
98106	1789236183469	2	41	admit-ceiling	LIMIT_EXCEEDED: client unresolved admission ceiling
98106	1789236183469	2	407	admit-ceiling	LIMIT_EXCEEDED: client unresolved admission ceiling
98112	1789236183474	0	885	admit-refused	authority refusal LIMIT_EXCEEDED: aggregate admission capacity exhausted
98113	1789236183476	1	700	admit-ceiling	LIMIT_EXCEEDED: client unresolved admission ceiling
98142	1789236183505	0	852	admit-refused	authority refusal LIMIT_EXCEEDED: aggregate admission capacity exhausted
98171	1789236183533	0	864	admit-refused	authority refusal LIMIT_EXCEEDED: aggregate admission capacity exhausted
98207	1789236183570	0	888	admit-refused	authority refusal LIMIT_EXCEEDED: aggregate admission capacity exhausted
98218	1789236183581	1	865	admit-retried	succeeded after 1 refusals
98218	1789236183581	1	865	admitted	admit=939ms
98294	1789236183657	1	868	admit-ceiling	LIMIT_EXCEEDED: client unresolved admission ceiling
98352	1789236183715	2	326	admit-ceiling	LIMIT_EXCEEDED: client unresolved admission ceiling
98425	1789236183787	1	877	admit-refused	authority refusal LIMIT_EXCEEDED: aggregate admission capacity exhausted
98453	1789236183816	2	545	admit-ceiling	LIMIT_EXCEEDED: client unresolved admission ceiling
98521	1789236183883	0	567	admit-ceiling	LIMIT_EXCEEDED: client unresolved admission ceiling
98521	1789236183883	0	888	admit-refused	authority refusal LIMIT_EXCEEDED: aggregate admission capacity exhausted
98539	1789236183902	2	569	admit-ceiling	LIMIT_EXCEEDED: client unresolved admission ceiling
98862	1789236184225	2	575	admit-retried	succeeded after 2 refusals
98862	1789236184225	2	575	admitted	admit=2073ms
98952	1789236184315	2	8	admit-refused	authority refusal LIMIT_EXCEEDED: retained input, output or executor capacity
98975	1789236184337	2	578	admit-retried	succeeded after 1 refusals
98975	1789236184337	2	578	admitted	admit=1402ms
98991	1789236184354	2	14	admit-refused	authority refusal LIMIT_EXCEEDED: retained input, output or executor capacity
99072	1789236184435	1	808	admit-retried	succeeded after 6 refusals
99072	1789236184435	1	808	admitted	admit=8744ms
99083	1789236184445	0	885	admit-retried	succeeded after 2 refusals
99083	1789236184445	0	885	admitted	admit=1463ms
99096	1789236184458	2	581	admit-refused	authority refusal LIMIT_EXCEEDED: retained input, output or executor capacity
99118	1789236184480	1	847	admit-ceiling	LIMIT_EXCEEDED: client unresolved admission ceiling
99118	1789236184480	1	868	admit-ceiling	LIMIT_EXCEEDED: client unresolved admission ceiling
99121	1789236184484	0	888	admit-retried	succeeded after 3 refusals
99121	1789236184484	0	888	admitted	admit=1266ms
99226	1789236184589	0	876	admit-retried	succeeded after 4 refusals
99226	1789236184589	0	876	admitted	admit=2930ms
99254	1789236184617	2	29	admit-ceiling	LIMIT_EXCEEDED: client unresolved admission ceiling
99292	1789236184654	1	877	admit-retried	succeeded after 1 refusals
99292	1789236184654	1	877	admitted	admit=1073ms
99359	1789236184722	1	880	admitted	admit=286ms
99374	1789236184737	0	894	admit-refused	authority refusal LIMIT_EXCEEDED: aggregate admission capacity exhausted
99395	1789236184758	1	886	admit-ceiling	LIMIT_EXCEEDED: client unresolved admission ceiling
99401	1789236184763	0	897	admit-refused	authority refusal LIMIT_EXCEEDED: aggregate admission capacity exhausted
99497	1789236184860	1	886	admit-ceiling	LIMIT_EXCEEDED: client unresolved admission ceiling
99537	1789236184900	0	882	admitted	admit=2414ms
99548	1789236184910	1	781	admit-retried	succeeded after 7 refusals
99548	1789236184910	1	781	admitted	admit=12890ms
99549	1789236184911	0	894	admit-refused	authority refusal LIMIT_EXCEEDED: aggregate admission capacity exhausted
99699	1789236185061	1	886	admit-ceiling	LIMIT_EXCEEDED: client unresolved admission ceiling
99773	1789236185135	0	864	admit-ceiling	LIMIT_EXCEEDED: client unresolved admission ceiling
99814	1789236185176	0	894	admit-refused	authority refusal LIMIT_EXCEEDED: aggregate admission capacity exhausted
99826	1789236185188	1	751	admit-ceiling	LIMIT_EXCEEDED: client unresolved admission ceiling
99863	1789236185226	0	900	admit-refused	authority refusal LIMIT_EXCEEDED: aggregate admission capacity exhausted
99940	1789236185303	0	462	admit-refused	authority refusal LIMIT_EXCEEDED: aggregate admission capacity exhausted
99991	1789236185353	1	823	admit-ceiling	LIMIT_EXCEEDED: client unresolved admission ceiling
100019	1789236185382	0	843	admit-ceiling	LIMIT_EXCEEDED: client unresolved admission ceiling
100075	1789236185437	2	584	admitted	admit=1099ms
100121	1789236185483	1	883	admitted	admit=828ms
100122	1789236185485	1	874	admit-refused	authority refusal LIMIT_EXCEEDED: aggregate admission capacity exhausted
100142	1789236185504	2	569	admit-ceiling	LIMIT_EXCEEDED: client unresolved admission ceiling
100191	1789236185554	0	900	admit-retried	succeeded after 1 refusals
100191	1789236185554	0	900	admitted	admit=653ms
100224	1789236185587	1	874	admit-ceiling	LIMIT_EXCEEDED: client unresolved admission ceiling
100261	1789236185623	0	891	admitted	admit=1139ms
100269	1789236185632	0	897	admit-refused	authority refusal LIMIT_EXCEEDED: aggregate admission capacity exhausted
100287	1789236185650	2	476	admit-refused	authority refusal LIMIT_EXCEEDED: retained input, output or executor capacity
100290	1789236185653	1	889	admit-refused	authority refusal LIMIT_EXCEEDED: aggregate admission capacity exhausted
100309	1789236185672	2	581	admit-retried	succeeded after 1 refusals
100309	1789236185672	2	581	admitted	admit=1446ms
100327	1789236185689	2	470	admit-refused	authority refusal LIMIT_EXCEEDED: retained input, output or executor capacity
100337	1789236185699	2	587	admit-refused	authority refusal LIMIT_EXCEEDED: retained input, output or executor capacity
100377	1789236185740	1	886	admit-refused	authority refusal LIMIT_EXCEEDED: aggregate admission capacity exhausted
100455	1789236185817	0	894	admit-refused	authority refusal LIMIT_EXCEEDED: aggregate admission capacity exhausted
100459	1789236185822	0	903	admitted	admit=267ms
100476	1789236185839	1	841	admit-refused	authority refusal LIMIT_EXCEEDED: aggregate admission capacity exhausted
100520	1789236185883	1	892	admit-refused	authority refusal LIMIT_EXCEEDED: aggregate admission capacity exhausted
100580	1789236185943	0	909	admit-refused	authority refusal LIMIT_EXCEEDED: aggregate admission capacity exhausted
100605	1789236185968	1	874	admit-refused	authority refusal LIMIT_EXCEEDED: aggregate admission capacity exhausted
100629	1789236185991	0	897	admit-refused	authority refusal LIMIT_EXCEEDED: aggregate admission capacity exhausted
100722	1789236186084	1	889	admit-refused	authority refusal LIMIT_EXCEEDED: aggregate admission capacity exhausted
100755	1789236186118	0	606	admit-ceiling	LIMIT_EXCEEDED: client unresolved admission ceiling
100825	1789236186188	0	756	admit-ceiling	LIMIT_EXCEEDED: client unresolved admission ceiling
100878	1789236186240	1	892	admit-refused	authority refusal LIMIT_EXCEEDED: aggregate admission capacity exhausted
100900	1789236186262	0	786	admit-refused	authority refusal LIMIT_EXCEEDED: aggregate admission capacity exhausted
100907	1789236186269	0	906	admit-refused	authority refusal LIMIT_EXCEEDED: aggregate admission capacity exhausted
100913	1789236186276	1	868	admit-refused	authority refusal LIMIT_EXCEEDED: aggregate admission capacity exhausted
101007	1789236186369	0	909	admit-refused	authority refusal LIMIT_EXCEEDED: aggregate admission capacity exhausted
101017	1789236186379	1	889	admit-refused	authority refusal LIMIT_EXCEEDED: aggregate admission capacity exhausted
101041	1789236186403	1	841	admit-refused	authority refusal LIMIT_EXCEEDED: aggregate admission capacity exhausted
101094	1789236186457	2	590	admitted	admit=784ms
101159	1789236186522	2	551	admit-refused	authority refusal LIMIT_EXCEEDED: retained input, output or executor capacity
101172	1789236186534	2	548	admit-refused	authority refusal LIMIT_EXCEEDED: retained input, output or executor capacity
101185	1789236186547	1	892	admit-refused	authority refusal LIMIT_EXCEEDED: aggregate admission capacity exhausted
101218	1789236186581	2	587	admit-refused	authority refusal LIMIT_EXCEEDED: retained input, output or executor capacity
101234	1789236186596	2	593	admit-refused	authority refusal LIMIT_EXCEEDED: retained input, output or executor capacity
101257	1789236186620	0	894	admit-ceiling	LIMIT_EXCEEDED: client unresolved admission ceiling
101257	1789236186620	0	816	admit-ceiling	LIMIT_EXCEEDED: client unresolved admission ceiling
101291	1789236186653	1	874	admit-refused	authority refusal LIMIT_EXCEEDED: aggregate admission capacity exhausted
101297	1789236186660	1	886	admit-refused	authority refusal LIMIT_EXCEEDED: aggregate admission capacity exhausted
101325	1789236186687	0	909	admit-retried	succeeded after 2 refusals
101325	1789236186687	0	909	admitted	admit=864ms
101361	1789236186723	0	852	admit-ceiling	LIMIT_EXCEEDED: client unresolved admission ceiling
101673	1789236187036	0	912	admitted	admit=348ms
101684	1789236187046	1	892	admit-refused	authority refusal LIMIT_EXCEEDED: aggregate admission capacity exhausted
101688	1789236187051	1	889	admit-retried	succeeded after 3 refusals
101689	1789236187051	1	889	admitted	admit=2140ms
101826	1789236187189	2	338	admit-retried	succeeded after 15 refusals
101826	1789236187189	2	338	admitted	admit=52499ms
101846	1789236187208	0	792	admit-ceiling	LIMIT_EXCEEDED: client unresolved admission ceiling
101866	1789236187229	1	895	admitted	admit=177ms
101871	1789236187234	0	654	admit-refused	authority refusal LIMIT_EXCEEDED: aggregate admission capacity exhausted
101897	1789236187259	0	915	admitted	admit=223ms
101910	1789236187272	2	587	admit-refused	authority refusal LIMIT_EXCEEDED: retained input, output or executor capacity
101924	1789236187287	2	530	admit-refused	authority refusal LIMIT_EXCEEDED: retained input, output or executor capacity
101933	1789236187295	2	593	admit-retried	succeeded after 1 refusals
101933	1789236187295	2	593	admitted	admit=838ms
101946	1789236187309	2	596	admit-refused	authority refusal LIMIT_EXCEEDED: retained input, output or executor capacity
101980	1789236187342	1	898	admit-refused	authority refusal LIMIT_EXCEEDED: aggregate admission capacity exhausted
102012	1789236187375	0	918	admit-refused	authority refusal LIMIT_EXCEEDED: aggregate admission capacity exhausted
102017	1789236187380	0	906	admit-retried	succeeded after 1 refusals
102017	1789236187380	0	906	admitted	admit=1755ms
102047	1789236187410	1	841	admit-refused	authority refusal LIMIT_EXCEEDED: aggregate admission capacity exhausted
102169	1789236187531	2	599	admit-refused	authority refusal LIMIT_EXCEEDED: retained input, output or executor capacity
102177	1789236187539	2	596	admit-refused	authority refusal LIMIT_EXCEEDED: retained input, output or executor capacity
102195	1789236187557	0	921	admit-refused	authority refusal LIMIT_EXCEEDED: aggregate admission capacity exhausted
102222	1789236187585	0	918	admit-refused	authority refusal LIMIT_EXCEEDED: aggregate admission capacity exhausted
102257	1789236187619	1	874	admit-retried	succeeded after 4 refusals
102257	1789236187619	1	874	admitted	admit=4173ms
102423	1789236187785	1	901	admit-refused	authority refusal LIMIT_EXCEEDED: aggregate admission capacity exhausted
102445	1789236187808	1	847	admit-refused	authority refusal LIMIT_EXCEEDED: aggregate admission capacity exhausted
102476	1789236187839	1	787	admit-refused	authority refusal LIMIT_EXCEEDED: aggregate admission capacity exhausted
102487	1789236187850	0	921	admit-retried	succeeded after 1 refusals
102487	1789236187850	0	921	admitted	admit=469ms
102554	1789236187916	1	733	admit-ceiling	LIMIT_EXCEEDED: client unresolved admission ceiling
102564	1789236187927	1	727	admit-ceiling	LIMIT_EXCEEDED: client unresolved admission ceiling
102642	1789236188004	0	924	admitted	admit=154ms
102658	1789236188020	1	523	admit-refused	authority refusal LIMIT_EXCEEDED: aggregate admission capacity exhausted
102663	1789236188025	1	892	admit-retried	succeeded after 4 refusals
102663	1789236188025	1	892	admitted	admit=2541ms
102692	1789236188054	1	901	admit-refused	authority refusal LIMIT_EXCEEDED: aggregate admission capacity exhausted
102713	1789236188075	0	897	admit-refused	authority refusal LIMIT_EXCEEDED: aggregate admission capacity exhausted
102754	1789236188117	0	927	admit-refused	authority refusal LIMIT_EXCEEDED: aggregate admission capacity exhausted
102763	1789236188126	1	769	admit-refused	authority refusal LIMIT_EXCEEDED: aggregate admission capacity exhausted
102877	1789236188239	0	918	admit-refused	authority refusal LIMIT_EXCEEDED: aggregate admission capacity exhausted
102882	1789236188245	1	904	admitted	admit=218ms
102905	1789236188267	2	599	admit-retried	succeeded after 1 refusals
102905	1789236188267	2	599	admitted	admit=971ms
102920	1789236188283	1	886	admit-ceiling	LIMIT_EXCEEDED: client unresolved admission ceiling
102991	1789236188353	2	596	admit-refused	authority refusal LIMIT_EXCEEDED: retained input, output or executor capacity
103014	1789236188377	2	587	admit-retried	succeeded after 3 refusals
103014	1789236188377	2	587	admitted	admit=2938ms
103050	1789236188413	2	602	admit-refused	authority refusal LIMIT_EXCEEDED: retained input, output or executor capacity
103116	1789236188478	1	700	admit-ceiling	LIMIT_EXCEEDED: client unresolved admission ceiling
103186	1789236188549	1	901	admit-refused	authority refusal LIMIT_EXCEEDED: aggregate admission capacity exhausted
103278	1789236188641	0	918	admit-ceiling	LIMIT_EXCEEDED: client unresolved admission ceiling
103303	1789236188665	0	894	admit-refused	authority refusal LIMIT_EXCEEDED: aggregate admission capacity exhausted
103334	1789236188696	1	610	admit-refused	authority refusal LIMIT_EXCEEDED: aggregate admission capacity exhausted
103342	1789236188705	1	898	admit-refused	authority refusal LIMIT_EXCEEDED: aggregate admission capacity exhausted
103344	1789236188707	2	569	admit-ceiling	LIMIT_EXCEEDED: client unresolved admission ceiling
103354	1789236188717	2	326	admit-ceiling	LIMIT_EXCEEDED: client unresolved admission ceiling
103392	1789236188754	2	596	admit-ceiling	LIMIT_EXCEEDED: client unresolved admission ceiling
103455	1789236188818	2	545	admit-ceiling	LIMIT_EXCEEDED: client unresolved admission ceiling
103523	1789236188885	0	567	admit-ceiling	LIMIT_EXCEEDED: client unresolved admission ceiling
103553	1789236188915	1	907	admit-refused	authority refusal LIMIT_EXCEEDED: aggregate admission capacity exhausted
103702	1789236189065	1	901	admit-refused	authority refusal LIMIT_EXCEEDED: aggregate admission capacity exhausted
103728	1789236189091	1	898	admit-refused	authority refusal LIMIT_EXCEEDED: aggregate admission capacity exhausted
103753	1789236189116	1	907	admit-refused	authority refusal LIMIT_EXCEEDED: aggregate admission capacity exhausted
103872	1789236189234	2	605	admitted	admit=857ms
103946	1789236189308	2	407	admit-refused	authority refusal LIMIT_EXCEEDED: retained input, output or executor capacity
103958	1789236189321	2	41	admit-retried	succeeded after 25 refusals
103958	1789236189321	2	41	admitted	admit=103084ms
103960	1789236189323	2	602	admit-refused	authority refusal LIMIT_EXCEEDED: retained input, output or executor capacity
104004	1789236189366	0	927	admit-retried	succeeded after 1 refusals
104004	1789236189366	0	927	admitted	admit=1361ms
104041	1789236189403	2	608	admit-refused	authority refusal LIMIT_EXCEEDED: retained input, output or executor capacity
104056	1789236189419	2	8	admit-refused	authority refusal LIMIT_EXCEEDED: retained input, output or executor capacity
104085	1789236189448	0	615	admit-retried	succeeded after 13 refusals
104085	1789236189448	0	615	admitted	admit=44779ms
104121	1789236189483	0	933	admit-ceiling	LIMIT_EXCEEDED: client unresolved admission ceiling
104181	1789236189544	0	918	admit-refused	authority refusal LIMIT_EXCEEDED: aggregate admission capacity exhausted
104185	1789236189548	0	930	admitted	admit=181ms
104194	1789236189557	2	596	admit-ceiling	LIMIT_EXCEEDED: client unresolved admission ceiling
104216	1789236189578	1	907	admit-retried	succeeded after 2 refusals
104216	1789236189578	1	907	admitted	admit=1333ms
104256	1789236189619	2	29	admit-ceiling	LIMIT_EXCEEDED: client unresolved admission ceiling
104274	1789236189637	1	898	admit-refused	authority refusal LIMIT_EXCEEDED: aggregate admission capacity exhausted
104280	1789236189642	1	868	admit-retried	succeeded after 6 refusals
104280	1789236189642	1	868	admitted	admit=6823ms
104326	1789236189689	1	910	admit-refused	authority refusal LIMIT_EXCEEDED: aggregate admission capacity exhausted
104396	1789236189758	1	913	admit-refused	authority refusal LIMIT_EXCEEDED: aggregate admission capacity exhausted
104426	1789236189788	0	933	admit-refused	authority refusal LIMIT_EXCEEDED: aggregate admission capacity exhausted
104452	1789236189815	0	936	admit-refused	authority refusal LIMIT_EXCEEDED: aggregate admission capacity exhausted
104460	1789236189822	2	611	admit-refused	authority refusal LIMIT_EXCEEDED: retained input, output or executor capacity
104470	1789236189832	2	14	admit-refused	authority refusal LIMIT_EXCEEDED: retained input, output or executor capacity
104589	1789236189951	0	864	admit-refused	authority refusal LIMIT_EXCEEDED: aggregate admission capacity exhausted
104619	1789236189982	1	901	admit-refused	authority refusal LIMIT_EXCEEDED: aggregate admission capacity exhausted
104632	1789236189995	1	913	admit-refused	authority refusal LIMIT_EXCEEDED: aggregate admission capacity exhausted
104718	1789236190080	1	910	admit-refused	authority refusal LIMIT_EXCEEDED: aggregate admission capacity exhausted
104981	1789236190343	0	933	admit-retried	succeeded after 2 refusals
104981	1789236190343	0	933	admitted	admit=894ms
104992	1789236190355	1	823	admit-ceiling	LIMIT_EXCEEDED: client unresolved admission ceiling
105021	1789236190384	0	843	admit-ceiling	LIMIT_EXCEEDED: client unresolved admission ceiling
105037	1789236190400	1	910	admit-refused	authority refusal LIMIT_EXCEEDED: aggregate admission capacity exhausted
105097	1789236190460	0	939	admit-refused	authority refusal LIMIT_EXCEEDED: aggregate admission capacity exhausted
105098	1789236190460	1	751	admit-refused	authority refusal LIMIT_EXCEEDED: aggregate admission capacity exhausted
105108	1789236190471	0	897	admit-retried	succeeded after 4 refusals
105108	1789236190471	0	897	admitted	admit=5881ms
105134	1789236190496	1	913	admit-refused	authority refusal LIMIT_EXCEEDED: aggregate admission capacity exhausted
105158	1789236190521	1	898	admit-refused	authority refusal LIMIT_EXCEEDED: aggregate admission capacity exhausted
105168	1789236190531	0	936	admit-refused	authority refusal LIMIT_EXCEEDED: aggregate admission capacity exhausted
105322	1789236190685	0	942	admit-refused	authority refusal LIMIT_EXCEEDED: aggregate admission capacity exhausted
105326	1789236190689	0	939	admit-retried	succeeded after 1 refusals
105326	1789236190689	0	939	admitted	admit=345ms
105329	1789236190691	2	470	admit-ceiling	LIMIT_EXCEEDED: client unresolved admission ceiling
105432	1789236190794	2	608	admit-retried	succeeded after 1 refusals
105432	1789236190794	2	608	admitted	admit=1559ms
105462	1789236190825	0	945	admit-refused	authority refusal LIMIT_EXCEEDED: aggregate admission capacity exhausted
105504	1789236190866	0	942	admit-refused	authority refusal LIMIT_EXCEEDED: aggregate admission capacity exhausted
105544	1789236190906	2	602	admit-retried	succeeded after 2 refusals
105544	1789236190906	2	602	admitted	admit=2638ms
105622	1789236190985	2	476	admit-refused	authority refusal LIMIT_EXCEEDED: retained input, output or executor capacity
105633	1789236190995	2	611	admit-refused	authority refusal LIMIT_EXCEEDED: retained input, output or executor capacity
105683	1789236191046	1	913	admit-retried	succeeded after 3 refusals
105683	1789236191046	1	913	admitted	admit=1403ms
105750	1789236191112	1	910	admit-retried	succeeded after 3 refusals
105750	1789236191112	1	910	admitted	admit=1533ms
105757	1789236191119	0	606	admit-ceiling	LIMIT_EXCEEDED: client unresolved admission ceiling
105783	1789236191146	0	918	admit-ceiling	LIMIT_EXCEEDED: client unresolved admission ceiling
105799	1789236191161	1	916	admit-refused	authority refusal LIMIT_EXCEEDED: aggregate admission capacity exhausted
105820	1789236191183	0	945	admit-refused	authority refusal LIMIT_EXCEEDED: aggregate admission capacity exhausted
105820	1789236191183	1	841	admit-retried	succeeded after 5 refusals
105820	1789236191183	1	841	admitted	admit=10757ms
105831	1789236191193	0	942	admit-retried	succeeded after 2 refusals
105831	1789236191193	0	942	admitted	admit=721ms
105901	1789236191263	0	786	admit-ceiling	LIMIT_EXCEEDED: client unresolved admission ceiling
105940	1789236191303	0	948	admit-refused	authority refusal LIMIT_EXCEEDED: aggregate admission capacity exhausted
105982	1789236191345	1	922	admit-refused	authority refusal LIMIT_EXCEEDED: aggregate admission capacity exhausted
105997	1789236191360	0	936	admit-refused	authority refusal LIMIT_EXCEEDED: aggregate admission capacity exhausted
106008	1789236191370	1	919	admit-refused	authority refusal LIMIT_EXCEEDED: aggregate admission capacity exhausted
106019	1789236191381	0	756	admit-refused	authority refusal LIMIT_EXCEEDED: aggregate admission capacity exhausted
106035	1789236191397	1	916	admit-refused	authority refusal LIMIT_EXCEEDED: aggregate admission capacity exhausted
106058	1789236191421	0	462	admit-refused	authority refusal LIMIT_EXCEEDED: aggregate admission capacity exhausted
106107	1789236191470	0	945	admit-refused	authority refusal LIMIT_EXCEEDED: aggregate admission capacity exhausted
106132	1789236191494	0	948	admit-refused	authority refusal LIMIT_EXCEEDED: aggregate admission capacity exhausted
106161	1789236191523	2	551	admit-ceiling	LIMIT_EXCEEDED: client unresolved admission ceiling
106174	1789236191536	2	548	admit-ceiling	LIMIT_EXCEEDED: client unresolved admission ceiling
106233	1789236191595	1	886	admit-refused	authority refusal LIMIT_EXCEEDED: aggregate admission capacity exhausted
106273	1789236191636	1	919	admit-refused	authority refusal LIMIT_EXCEEDED: aggregate admission capacity exhausted
106304	1789236191667	1	922	admit-refused	authority refusal LIMIT_EXCEEDED: aggregate admission capacity exhausted
106319	1789236191681	2	614	admitted	admit=886ms
106330	1789236191692	1	901	admit-refused	authority refusal LIMIT_EXCEEDED: aggregate admission capacity exhausted
106437	1789236191800	1	916	admit-retried	succeeded after 2 refusals
106437	1789236191800	1	916	admitted	admit=753ms
106504	1789236191867	0	894	admit-ceiling	LIMIT_EXCEEDED: client unresolved admission ceiling
106509	1789236191871	0	945	admit-ceiling	LIMIT_EXCEEDED: client unresolved admission ceiling
106538	1789236191900	0	948	admit-refused	authority refusal LIMIT_EXCEEDED: aggregate admission capacity exhausted
106572	1789236191935	2	617	admitted	admit=1028ms
106600	1789236191962	2	596	admit-refused	authority refusal LIMIT_EXCEEDED: retained input, output or executor capacity
106603	1789236191966	0	816	admit-refused	authority refusal LIMIT_EXCEEDED: aggregate admission capacity exhausted
106615	1789236191977	2	620	admit-refused	authority refusal LIMIT_EXCEEDED: retained input, output or executor capacity
106673	1789236192035	2	611	admit-refused	authority refusal LIMIT_EXCEEDED: retained input, output or executor capacity
106682	1789236192044	1	925	admit-refused	authority refusal LIMIT_EXCEEDED: aggregate admission capacity exhausted
106685	1789236192048	1	919	admit-retried	succeeded after 2 refusals
106685	1789236192048	1	919	admitted	admit=935ms
106694	1789236192057	2	623	admit-refused	authority refusal LIMIT_EXCEEDED: retained input, output or executor capacity
106805	1789236192168	1	928	admit-refused	authority refusal LIMIT_EXCEEDED: aggregate admission capacity exhausted
106940	1789236192302	0	948	admit-ceiling	LIMIT_EXCEEDED: client unresolved admission ceiling
106998	1789236192361	0	852	admit-refused	authority refusal LIMIT_EXCEEDED: aggregate admission capacity exhausted
107022	1789236192385	0	792	admit-retried	succeeded after 9 refusals
107022	1789236192385	0	792	admitted	admit=22899ms
107094	1789236192456	1	898	admit-refused	authority refusal LIMIT_EXCEEDED: aggregate admission capacity exhausted
107121	1789236192483	1	928	admit-refused	authority refusal LIMIT_EXCEEDED: aggregate admission capacity exhausted
107136	1789236192499	0	951	admit-refused	authority refusal LIMIT_EXCEEDED: aggregate admission capacity exhausted
107145	1789236192508	0	654	admit-retried	succeeded after 12 refusals
107145	1789236192508	0	654	admitted	admit=43540ms
107150	1789236192513	1	925	admit-refused	authority refusal LIMIT_EXCEEDED: aggregate admission capacity exhausted
107271	1789236192634	0	954	admit-refused	authority refusal LIMIT_EXCEEDED: aggregate admission capacity exhausted
107303	1789236192665	2	620	admit-retried	succeeded after 1 refusals
107303	1789236192665	2	620	admitted	admit=983ms
107385	1789236192748	1	922	admit-retried	succeeded after 2 refusals
107385	1789236192748	1	922	admitted	admit=1564ms
107411	1789236192773	0	945	admit-refused	authority refusal LIMIT_EXCEEDED: aggregate admission capacity exhausted
107415	1789236192778	1	928	admit-refused	authority refusal LIMIT_EXCEEDED: aggregate admission capacity exhausted
107436	1789236192799	0	936	admit-refused	authority refusal LIMIT_EXCEEDED: aggregate admission capacity exhausted
107468	1789236192830	0	954	admit-refused	authority refusal LIMIT_EXCEEDED: aggregate admission capacity exhausted
107508	1789236192871	2	623	admit-retried	succeeded after 1 refusals
107508	1789236192871	2	623	admitted	admit=935ms
107531	1789236192893	2	626	admit-refused	authority refusal LIMIT_EXCEEDED: retained input, output or executor capacity
107554	1789236192917	1	847	admit-refused	authority refusal LIMIT_EXCEEDED: aggregate admission capacity exhausted
107566	1789236192928	1	727	admit-ceiling	LIMIT_EXCEEDED: client unresolved admission ceiling
107590	1789236192953	1	931	admit-refused	authority refusal LIMIT_EXCEEDED: aggregate admission capacity exhausted
107608	1789236192970	2	530	admit-refused	authority refusal LIMIT_EXCEEDED: retained input, output or executor capacity
107637	1789236193000	2	629	admit-refused	authority refusal LIMIT_EXCEEDED: retained input, output or executor capacity
107692	1789236193055	1	931	admit-ceiling	LIMIT_EXCEEDED: client unresolved admission ceiling
107723	1789236193086	1	787	admit-refused	authority refusal LIMIT_EXCEEDED: aggregate admission capacity exhausted
107748	1789236193110	1	523	admit-refused	authority refusal LIMIT_EXCEEDED: aggregate admission capacity exhausted
107894	1789236193257	1	931	admit-ceiling	LIMIT_EXCEEDED: client unresolved admission ceiling
107932	1789236193295	1	769	admit-retried	succeeded after 9 refusals
107932	1789236193295	1	769	admitted	admit=22362ms
107953	1789236193316	2	611	admit-retried	succeeded after 3 refusals
107953	1789236193316	2	611	admitted	admit=3994ms
107991	1789236193354	0	954	admit-retried	succeeded after 2 refusals
107991	1789236193354	0	954	admitted	admit=845ms
108028	1789236193391	1	928	admit-refused	authority refusal LIMIT_EXCEEDED: aggregate admission capacity exhausted
108074	1789236193437	1	733	admit-refused	authority refusal LIMIT_EXCEEDED: aggregate admission capacity exhausted
108094	1789236193456	0	951	admit-retried	succeeded after 1 refusals
108094	1789236193456	0	951	admitted	admit=1071ms
108100	1789236193462	1	934	admit-refused	authority refusal LIMIT_EXCEEDED: aggregate admission capacity exhausted
108250	1789236193613	0	957	admitted	admit=258ms
108253	1789236193615	2	629	admit-refused	authority refusal LIMIT_EXCEEDED: retained input, output or executor capacity
108265	1789236193627	2	626	admit-retried	succeeded after 1 refusals
108265	1789236193627	2	626	admitted	admit=961ms
108296	1789236193658	0	960	admit-refused	authority refusal LIMIT_EXCEEDED: aggregate admission capacity exhausted
108329	1789236193691	1	700	admit-retried	succeeded after 11 refusals
108329	1789236193691	1	700	admitted	admit=33080ms
108369	1789236193732	1	610	admit-ceiling	LIMIT_EXCEEDED: client unresolved admission ceiling
108385	1789236193748	0	963	admit-refused	authority refusal LIMIT_EXCEEDED: aggregate admission capacity exhausted
108416	1789236193779	1	934	admit-refused	authority refusal LIMIT_EXCEEDED: aggregate admission capacity exhausted
108455	1789236193818	2	629	admit-ceiling	LIMIT_EXCEEDED: client unresolved admission ceiling
108457	1789236193819	2	545	admit-ceiling	LIMIT_EXCEEDED: client unresolved admission ceiling
108496	1789236193858	0	960	admit-refused	authority refusal LIMIT_EXCEEDED: aggregate admission capacity exhausted
108521	1789236193884	2	632	admit-refused	authority refusal LIMIT_EXCEEDED: retained input, output or executor capacity
108535	1789236193898	2	635	admit-refused	authority refusal LIMIT_EXCEEDED: retained input, output or executor capacity
108548	1789236193910	2	569	admit-refused	authority refusal LIMIT_EXCEEDED: retained input, output or executor capacity
108563	1789236193926	2	326	admit-refused	authority refusal LIMIT_EXCEEDED: retained input, output or executor capacity
108626	1789236193989	0	963	admit-retried	succeeded after 1 refusals
108626	1789236193989	0	963	admitted	admit=375ms
108642	1789236194005	0	948	admit-refused	authority refusal LIMIT_EXCEEDED: aggregate admission capacity exhausted
108694	1789236194057	2	632	admit-refused	authority refusal LIMIT_EXCEEDED: retained input, output or executor capacity
108701	1789236194064	1	931	admit-retried	succeeded after 3 refusals
108702	1789236194064	1	931	admitted	admit=1315ms
108704	1789236194067	2	635	admit-refused	authority refusal LIMIT_EXCEEDED: retained input, output or executor capacity
108745	1789236194108	0	966	admit-refused	authority refusal LIMIT_EXCEEDED: aggregate admission capacity exhausted
108755	1789236194117	1	934	admit-retried	succeeded after 2 refusals
108755	1789236194117	1	934	admitted	admit=822ms
108831	1789236194193	1	928	admit-ceiling	LIMIT_EXCEEDED: client unresolved admission ceiling
108856	1789236194219	0	567	admit-refused	authority refusal LIMIT_EXCEEDED: aggregate admission capacity exhausted
108950	1789236194312	1	940	admit-refused	authority refusal LIMIT_EXCEEDED: aggregate admission capacity exhausted
109014	1789236194376	0	945	admit-ceiling	LIMIT_EXCEEDED: client unresolved admission ceiling
109058	1789236194420	2	8	admit-ceiling	LIMIT_EXCEEDED: client unresolved admission ceiling
109107	1789236194469	0	918	admit-retried	succeeded after 6 refusals
109107	1789236194469	0	918	admitted	admit=7209ms
109108	1789236194470	0	966	admit-refused	authority refusal LIMIT_EXCEEDED: aggregate admission capacity exhausted
109258	1789236194620	2	29	admit-ceiling	LIMIT_EXCEEDED: client unresolved admission ceiling
109357	1789236194719	1	940	admit-retried	succeeded after 1 refusals
109357	1789236194719	1	940	admitted	admit=654ms
109446	1789236194808	0	969	admit-refused	authority refusal LIMIT_EXCEEDED: aggregate admission capacity exhausted
109451	1789236194813	0	966	admit-retried	succeeded after 2 refusals
109451	1789236194813	0	966	admitted	admit=824ms
109477	1789236194840	2	629	admit-retried	succeeded after 3 refusals
109477	1789236194840	2	629	admitted	admit=1968ms
109513	1789236194875	2	638	admit-ceiling	LIMIT_EXCEEDED: client unresolved admission ceiling
109533	1789236194895	1	901	admit-ceiling	LIMIT_EXCEEDED: client unresolved admission ceiling
109567	1789236194930	0	936	admit-retried	succeeded after 4 refusals
109567	1789236194930	0	936	admitted	admit=5381ms
109587	1789236194949	2	632	admit-retried	succeeded after 2 refusals
109587	1789236194949	2	632	admitted	admit=1633ms
109599	1789236194962	2	635	admit-refused	authority refusal LIMIT_EXCEEDED: retained input, output or executor capacity
109608	1789236194970	0	864	admit-ceiling	LIMIT_EXCEEDED: client unresolved admission ceiling
109675	1789236195037	2	14	admit-refused	authority refusal LIMIT_EXCEEDED: retained input, output or executor capacity
109685	1789236195048	2	407	admit-refused	authority refusal LIMIT_EXCEEDED: retained input, output or executor capacity
109705	1789236195068	2	641	admit-refused	authority refusal LIMIT_EXCEEDED: retained input, output or executor capacity
109717	1789236195079	2	638	admit-refused	authority refusal LIMIT_EXCEEDED: retained input, output or executor capacity
109735	1789236195097	1	943	admitted	admit=979ms
109737	1789236195099	0	960	admit-refused	authority refusal LIMIT_EXCEEDED: aggregate admission capacity exhausted
109768	1789236195130	0	975	admit-refused	authority refusal LIMIT_EXCEEDED: aggregate admission capacity exhausted
109843	1789236195206	1	937	admitted	admit=1514ms
109989	1789236195351	0	975	admit-retried	succeeded after 1 refusals
109989	1789236195351	0	975	admitted	admit=420ms
109994	1789236195357	1	823	admit-ceiling	LIMIT_EXCEEDED: client unresolved admission ceiling
110123	1789236195486	1	949	admitted	admit=387ms
110137	1789236195499	1	946	admit-refused	authority refusal LIMIT_EXCEEDED: aggregate admission capacity exhausted
110138	1789236195501	0	960	admit-ceiling	LIMIT_EXCEEDED: client unresolved admission ceiling
110183	1789236195546	0	843	admit-refused	authority refusal LIMIT_EXCEEDED: aggregate admission capacity exhausted
110192	1789236195554	0	978	admitted	admit=202ms
110239	1789236195601	1	946	admit-ceiling	LIMIT_EXCEEDED: client unresolved admission ceiling
110294	1789236195656	1	955	admit-refused	authority refusal LIMIT_EXCEEDED: aggregate admission capacity exhausted
110330	1789236195692	2	470	admit-ceiling	LIMIT_EXCEEDED: client unresolved admission ceiling
110395	1789236195757	0	948	admit-refused	authority refusal LIMIT_EXCEEDED: aggregate admission capacity exhausted
110426	1789236195789	0	981	admit-refused	authority refusal LIMIT_EXCEEDED: aggregate admission capacity exhausted
110430	1789236195792	1	898	admit-retried	succeeded after 6 refusals
110430	1789236195792	1	898	admitted	admit=8563ms
110440	1789236195802	2	596	admit-retried	succeeded after 6 refusals
110440	1789236195802	2	596	admitted	admit=8612ms
110442	1789236195805	1	751	admit-refused	authority refusal LIMIT_EXCEEDED: aggregate admission capacity exhausted
110457	1789236195819	1	928	admit-ceiling	LIMIT_EXCEEDED: client unresolved admission ceiling
110457	1789236195820	1	946	admit-ceiling	LIMIT_EXCEEDED: client unresolved admission ceiling
110546	1789236195908	1	958	admit-refused	authority refusal LIMIT_EXCEEDED: aggregate admission capacity exhausted
110560	1789236195923	2	641	admit-retried	succeeded after 1 refusals
110560	1789236195923	2	641	admitted	admit=973ms
110599	1789236195962	2	638	admit-refused	authority refusal LIMIT_EXCEEDED: retained input, output or executor capacity
110603	1789236195966	1	952	admit-refused	authority refusal LIMIT_EXCEEDED: aggregate admission capacity exhausted
110645	1789236196007	2	644	admit-refused	authority refusal LIMIT_EXCEEDED: retained input, output or executor capacity
110690	1789236196052	0	981	admit-retried	succeeded after 1 refusals
110690	1789236196052	0	981	admitted	admit=497ms
110691	1789236196054	0	972	admit-refused	authority refusal LIMIT_EXCEEDED: aggregate admission capacity exhausted
110797	1789236196159	1	958	admit-refused	authority refusal LIMIT_EXCEEDED: aggregate admission capacity exhausted
110811	1789236196174	0	984	admit-refused	authority refusal LIMIT_EXCEEDED: aggregate admission capacity exhausted
110826	1789236196188	1	952	admit-refused	authority refusal LIMIT_EXCEEDED: aggregate admission capacity exhausted
110912	1789236196275	0	984	admit-ceiling	LIMIT_EXCEEDED: client unresolved admission ceiling
110941	1789236196303	0	960	admit-ceiling	LIMIT_EXCEEDED: client unresolved admission ceiling
110956	1789236196318	0	972	admit-refused	authority refusal LIMIT_EXCEEDED: aggregate admission capacity exhausted
111005	1789236196367	2	635	admit-retried	succeeded after 3 refusals
111005	1789236196367	2	635	admitted	admit=2739ms
111010	1789236196373	1	955	admit-retried	succeeded after 1 refusals
111010	1789236196373	1	955	admitted	admit=886ms
111011	1789236196374	1	946	admit-refused	authority refusal LIMIT_EXCEEDED: aggregate admission capacity exhausted
111041	1789236196403	2	650	admit-ceiling	LIMIT_EXCEEDED: client unresolved admission ceiling
111060	1789236196423	0	462	admit-ceiling	LIMIT_EXCEEDED: client unresolved admission ceiling
111114	1789236196477	0	984	admit-ceiling	LIMIT_EXCEEDED: client unresolved admission ceiling
111142	1789236196505	2	650	admit-ceiling	LIMIT_EXCEEDED: client unresolved admission ceiling
111157	1789236196519	0	972	admit-ceiling	LIMIT_EXCEEDED: client unresolved admission ceiling
111162	1789236196525	2	551	admit-ceiling	LIMIT_EXCEEDED: client unresolved admission ceiling
111175	1789236196538	2	548	admit-ceiling	LIMIT_EXCEEDED: client unresolved admission ceiling
111180	1789236196543	1	925	admit-retried	succeeded after 2 refusals
111180	1789236196543	1	925	admitted	admit=4742ms
111236	1789236196598	1	886	admit-ceiling	LIMIT_EXCEEDED: client unresolved admission ceiling
111251	1789236196614	1	961	admit-refused	authority refusal LIMIT_EXCEEDED: aggregate admission capacity exhausted
111313	1789236196676	2	476	admit-refused	authority refusal LIMIT_EXCEEDED: retained input, output or executor capacity
111331	1789236196694	2	647	admitted	admit=770ms
111464	1789236196826	1	961	admit-refused	authority refusal LIMIT_EXCEEDED: aggregate admission capacity exhausted
111506	1789236196869	0	894	admit-ceiling	LIMIT_EXCEEDED: client unresolved admission ceiling
111516	1789236196878	0	984	admit-ceiling	LIMIT_EXCEEDED: client unresolved admission ceiling
111548	1789236196911	2	644	admit-refused	authority refusal LIMIT_EXCEEDED: retained input, output or executor capacity
111558	1789236196921	0	972	admit-ceiling	LIMIT_EXCEEDED: client unresolved admission ceiling
111563	1789236196925	1	964	admitted	admit=382ms
111575	1789236196937	2	653	admit-refused	authority refusal LIMIT_EXCEEDED: retained input, output or executor capacity
111591	1789236196954	2	650	admit-refused	authority refusal LIMIT_EXCEEDED: retained input, output or executor capacity
111630	1789236196993	0	969	admit-retried	succeeded after 1 refusals
111630	1789236196993	0	969	admitted	admit=2522ms
111646	1789236197009	2	638	admit-refused	authority refusal LIMIT_EXCEEDED: retained input, output or executor capacity
111702	1789236197065	0	606	admit-retried	succeeded after 15 refusals
111702	1789236197065	0	606	admitted	admit=53201ms
111718	1789236197081	1	967	admit-refused	authority refusal LIMIT_EXCEEDED: aggregate admission capacity exhausted
111719	1789236197082	0	816	admit-refused	authority refusal LIMIT_EXCEEDED: aggregate admission capacity exhausted
111745	1789236197108	1	961	admit-refused	authority refusal LIMIT_EXCEEDED: aggregate admission capacity exhausted
111766	1789236197128	0	987	admit-refused	authority refusal LIMIT_EXCEEDED: aggregate admission capacity exhausted
111910	1789236197272	2	653	admit-refused	authority refusal LIMIT_EXCEEDED: retained input, output or executor capacity
111920	1789236197283	2	644	admit-refused	authority refusal LIMIT_EXCEEDED: retained input, output or executor capacity
111924	1789236197287	0	990	admit-refused	authority refusal LIMIT_EXCEEDED: aggregate admission capacity exhausted
112011	1789236197373	0	987	admit-retried	succeeded after 1 refusals
112011	1789236197373	0	987	admitted	admit=380ms
112046	1789236197409	0	990	admit-ceiling	LIMIT_EXCEEDED: client unresolved admission ceiling
112082	1789236197445	1	946	admit-retried	succeeded after 4 refusals
112082	1789236197445	1	946	admitted	admit=2725ms
112083	1789236197446	1	967	admit-refused	authority refusal LIMIT_EXCEEDED: aggregate admission capacity exhausted
112216	1789236197578	0	945	admit-ceiling	LIMIT_EXCEEDED: client unresolved admission ceiling
112242	1789236197605	0	756	admit-refused	authority refusal LIMIT_EXCEEDED: aggregate admission capacity exhausted
112286	1789236197648	1	967	admit-ceiling	LIMIT_EXCEEDED: client unresolved admission ceiling
112306	1789236197669	0	993	admit-refused	authority refusal LIMIT_EXCEEDED: aggregate admission capacity exhausted
112360	1789236197723	2	650	admit-retried	succeeded after 3 refusals
112360	1789236197723	2	650	admitted	admit=1354ms
112360	1789236197723	0	990	admit-refused	authority refusal LIMIT_EXCEEDED: aggregate admission capacity exhausted
112384	1789236197747	1	961	admit-retried	succeeded after 3 refusals
112384	1789236197747	1	961	admitted	admit=1373ms
112408	1789236197771	0	993	admit-ceiling	LIMIT_EXCEEDED: client unresolved admission ceiling
112442	1789236197804	2	644	admit-refused	authority refusal LIMIT_EXCEEDED: retained input, output or executor capacity
112457	1789236197820	2	656	admit-refused	authority refusal LIMIT_EXCEEDED: retained input, output or executor capacity
112460	1789236197823	1	952	admit-retried	succeeded after 2 refusals
112460	1789236197823	1	952	admitted	admit=2616ms
112465	1789236197828	2	653	admit-retried	succeeded after 2 refusals
112465	1789236197828	2	653	admitted	admit=1133ms
112478	1789236197841	2	638	admit-refused	authority refusal LIMIT_EXCEEDED: retained input, output or executor capacity
112509	1789236197872	2	659	admit-refused	authority refusal LIMIT_EXCEEDED: retained input, output or executor capacity
112511	1789236197873	1	973	admit-refused	authority refusal LIMIT_EXCEEDED: aggregate admission capacity exhausted
112523	1789236197886	0	984	admit-refused	authority refusal LIMIT_EXCEEDED: aggregate admission capacity exhausted
112547	1789236197910	1	970	admit-refused	authority refusal LIMIT_EXCEEDED: aggregate admission capacity exhausted
112590	1789236197953	1	976	admit-refused	authority refusal LIMIT_EXCEEDED: aggregate admission capacity exhausted
112610	1789236197972	0	993	admit-ceiling	LIMIT_EXCEEDED: client unresolved admission ceiling
112649	1789236198012	1	970	admit-ceiling	LIMIT_EXCEEDED: client unresolved admission ceiling
112649	1789236198012	2	656	admit-refused	authority refusal LIMIT_EXCEEDED: retained input, output or executor capacity
112657	1789236198019	1	958	admit-refused	authority refusal LIMIT_EXCEEDED: aggregate admission capacity exhausted
112676	1789236198039	2	530	admit-refused	authority refusal LIMIT_EXCEEDED: retained input, output or executor capacity
112690	1789236198053	0	972	admit-refused	authority refusal LIMIT_EXCEEDED: aggregate admission capacity exhausted
112691	1789236198053	2	659	admit-refused	authority refusal LIMIT_EXCEEDED: retained input, output or executor capacity
112693	1789236198055	1	976	admit-ceiling	LIMIT_EXCEEDED: client unresolved admission ceiling
112699	1789236198061	0	960	admit-retried	succeeded after 5 refusals
112699	1789236198061	0	960	admitted	admit=4604ms
112714	1789236198077	1	973	admit-refused	authority refusal LIMIT_EXCEEDED: aggregate admission capacity exhausted
112730	1789236198093	1	727	admit-refused	authority refusal LIMIT_EXCEEDED: aggregate admission capacity exhausted
112834	1789236198196	0	996	admit-refused	authority refusal LIMIT_EXCEEDED: aggregate admission capacity exhausted
112852	1789236198214	1	970	admit-ceiling	LIMIT_EXCEEDED: client unresolved admission ceiling
112860	1789236198222	0	990	admit-refused	authority refusal LIMIT_EXCEEDED: aggregate admission capacity exhausted
112894	1789236198256	1	976	admit-ceiling	LIMIT_EXCEEDED: client unresolved admission ceiling
112917	1789236198279	1	973	admit-ceiling	LIMIT_EXCEEDED: client unresolved admission ceiling
112921	1789236198284	0	786	admit-refused	authority refusal LIMIT_EXCEEDED: aggregate admission capacity exhausted
113038	1789236198401	1	967	admit-retried	succeeded after 3 refusals
113038	1789236198401	1	967	admitted	admit=1475ms
113044	1789236198406	0	996	admit-refused	authority refusal LIMIT_EXCEEDED: aggregate admission capacity exhausted
113076	1789236198439	1	958	admit-ceiling	LIMIT_EXCEEDED: client unresolved admission ceiling
113077	1789236198439	1	733	admit-ceiling	LIMIT_EXCEEDED: client unresolved admission ceiling
113147	1789236198509	1	979	admit-refused	authority refusal LIMIT_EXCEEDED: aggregate admission capacity exhausted
113254	1789236198617	1	970	admit-ceiling	LIMIT_EXCEEDED: client unresolved admission ceiling
113295	1789236198657	1	976	admit-ceiling	LIMIT_EXCEEDED: client unresolved admission ceiling
113318	1789236198680	1	973	admit-ceiling	LIMIT_EXCEEDED: client unresolved admission ceiling
113371	1789236198734	1	610	admit-ceiling	LIMIT_EXCEEDED: client unresolved admission ceiling
113380	1789236198743	0	996	admit-retried	succeeded after 2 refusals
113380	1789236198743	0	996	admitted	admit=681ms
113417	1789236198780	1	979	admit-retried	succeeded after 1 refusals
113417	1789236198780	1	979	admitted	admit=378ms
113550	1789236198913	2	569	admit-ceiling	LIMIT_EXCEEDED: client unresolved admission ceiling
113565	1789236198927	2	326	admit-ceiling	LIMIT_EXCEEDED: client unresolved admission ceiling
113588	1789236198951	1	847	admit-refused	authority refusal LIMIT_EXCEEDED: aggregate admission capacity exhausted
113661	1789236199023	0	990	admit-ceiling	LIMIT_EXCEEDED: client unresolved admission ceiling
113692	1789236199054	1	982	admitted	admit=274ms
113777	1789236199140	0	999	admit-refused	authority refusal LIMIT_EXCEEDED: aggregate admission capacity exhausted
113786	1789236199148	0	993	admit-retried	succeeded after 3 refusals
113786	1789236199148	0	993	admitted	admit=1774ms
113817	1789236199180	1	985	admit-refused	authority refusal LIMIT_EXCEEDED: aggregate admission capacity exhausted
113825	1789236199188	1	523	admit-refused	authority refusal LIMIT_EXCEEDED: aggregate admission capacity exhausted
113878	1789236199241	0	999	admit-ceiling	LIMIT_EXCEEDED: client unresolved admission ceiling
113997	1789236199360	0	567	admit-retried	succeeded after 16 refusals
113997	1789236199360	0	567	admitted	admit=60884ms
114024	1789236199387	1	985	admit-refused	authority refusal LIMIT_EXCEEDED: aggregate admission capacity exhausted
114054	1789236199416	1	958	admit-refused	authority refusal LIMIT_EXCEEDED: aggregate admission capacity exhausted
114067	1789236199430	2	656	admit-retried	succeeded after 2 refusals
114067	1789236199430	2	656	admitted	admit=1707ms
114080	1789236199443	0	999	admit-ceiling	LIMIT_EXCEEDED: client unresolved admission ceiling
114099	1789236199462	0	1002	admit-refused	authority refusal LIMIT_EXCEEDED: aggregate admission capacity exhausted
114102	1789236199464	1	928	admit-refused	authority refusal LIMIT_EXCEEDED: aggregate admission capacity exhausted
114104	1789236199466	2	662	admit-ceiling	LIMIT_EXCEEDED: client unresolved admission ceiling
114104	1789236199467	2	638	admit-ceiling	LIMIT_EXCEEDED: client unresolved admission ceiling
114182	1789236199545	2	659	admit-retried	succeeded after 2 refusals
114182	1789236199545	2	659	admitted	admit=1716ms
114201	1789236199564	0	1002	admit-ceiling	LIMIT_EXCEEDED: client unresolved admission ceiling
114216	1789236199579	2	662	admit-ceiling	LIMIT_EXCEEDED: client unresolved admission ceiling
114241	1789236199603	1	970	admit-retried	succeeded after 4 refusals
114241	1789236199603	1	970	admitted	admit=2158ms
114259	1789236199621	2	29	admit-ceiling	LIMIT_EXCEEDED: client unresolved admission ceiling
114275	1789236199637	1	988	admit-ceiling	LIMIT_EXCEEDED: client unresolved admission ceiling
114292	1789236199654	0	972	admit-ceiling	LIMIT_EXCEEDED: client unresolved admission ceiling
114378	1789236199740	1	988	admit-ceiling	LIMIT_EXCEEDED: client unresolved admission ceiling
114403	1789236199765	0	1002	admit-ceiling	LIMIT_EXCEEDED: client unresolved admission ceiling
114419	1789236199781	2	662	admit-ceiling	LIMIT_EXCEEDED: client unresolved admission ceiling
114482	1789236199845	0	999	admit-ceiling	LIMIT_EXCEEDED: client unresolved admission ceiling
114535	1789236199897	1	901	admit-ceiling	LIMIT_EXCEEDED: client unresolved admission ceiling
114560	1789236199923	1	973	admit-refused	authority refusal LIMIT_EXCEEDED: aggregate admission capacity exhausted
114568	1789236199931	0	1005	admitted	admit=570ms
114609	1789236199972	0	864	admit-ceiling	LIMIT_EXCEEDED: client unresolved admission ceiling
114630	1789236199993	2	8	admit-refused	authority refusal LIMIT_EXCEEDED: retained input, output or executor capacity
114640	1789236200003	2	644	admit-refused	authority refusal LIMIT_EXCEEDED: retained input, output or executor capacity
114664	1789236200026	1	988	admit-refused	authority refusal LIMIT_EXCEEDED: aggregate admission capacity exhausted
114677	1789236200039	1	985	admit-refused	authority refusal LIMIT_EXCEEDED: aggregate admission capacity exhausted
114820	1789236200183	2	662	admit-ceiling	LIMIT_EXCEEDED: client unresolved admission ceiling
114823	1789236200185	0	1008	admitted	admit=254ms
114859	1789236200221	0	1011	admit-ceiling	LIMIT_EXCEEDED: client unresolved admission ceiling
114928	1789236200291	1	976	admit-refused	authority refusal LIMIT_EXCEEDED: aggregate admission capacity exhausted
114938	1789236200301	2	545	admit-retried	succeeded after 9 refusals
114938	1789236200301	2	545	admitted	admit=23836ms
114960	1789236200323	0	1011	admit-ceiling	LIMIT_EXCEEDED: client unresolved admission ceiling
115084	1789236200447	0	852	admit-retried	succeeded after 8 refusals
115084	1789236200447	0	852	admitted	admit=22347ms
115138	1789236200500	1	823	admit-retried	succeeded after 9 refusals
115138	1789236200500	1	823	admitted	admit=22837ms
115159	1789236200521	0	1002	admit-retried	succeeded after 3 refusals
115159	1789236200521	0	1002	admitted	admit=1372ms
115197	1789236200559	0	1011	admit-ceiling	LIMIT_EXCEEDED: client unresolved admission ceiling
115197	1789236200559	0	843	admit-ceiling	LIMIT_EXCEEDED: client unresolved admission ceiling
115221	1789236200584	1	985	admit-retried	succeeded after 3 refusals
115221	1789236200584	1	985	admitted	admit=1529ms
115236	1789236200599	1	988	admit-refused	authority refusal LIMIT_EXCEEDED: aggregate admission capacity exhausted
115265	1789236200627	1	991	admit-refused	authority refusal LIMIT_EXCEEDED: aggregate admission capacity exhausted
115265	1789236200627	0	984	admit-refused	authority refusal LIMIT_EXCEEDED: aggregate admission capacity exhausted
115279	1789236200641	0	1014	admitted	admit=193ms
115315	1789236200677	0	999	admit-ceiling	LIMIT_EXCEEDED: client unresolved admission ceiling
115332	1789236200695	2	470	admit-ceiling	LIMIT_EXCEEDED: client unresolved admission ceiling
115344	1789236200706	1	994	admit-refused	authority refusal LIMIT_EXCEEDED: aggregate admission capacity exhausted
115359	1789236200721	0	990	admit-refused	authority refusal LIMIT_EXCEEDED: aggregate admission capacity exhausted
115406	1789236200769	0	1020	admit-refused	authority refusal LIMIT_EXCEEDED: aggregate admission capacity exhausted
115496	1789236200858	0	948	admit-refused	authority refusal LIMIT_EXCEEDED: aggregate admission capacity exhausted
115583	1789236200946	1	994	admit-refused	authority refusal LIMIT_EXCEEDED: aggregate admission capacity exhausted
115607	1789236200970	2	665	admitted	admit=1424ms
115640	1789236201002	2	662	admit-ceiling	LIMIT_EXCEEDED: client unresolved admission ceiling
115685	1789236201047	1	751	admit-retried	succeeded after 11 refusals
115685	1789236201047	1	751	admitted	admit=32946ms
115717	1789236201079	0	1017	admit-refused	authority refusal LIMIT_EXCEEDED: aggregate admission capacity exhausted
115721	1789236201083	0	1011	admit-retried	succeeded after 3 refusals
115721	1789236201083	0	1011	admitted	admit=897ms
115739	1789236201102	2	14	admit-refused	authority refusal LIMIT_EXCEEDED: retained input, output or executor capacity
115750	1789236201112	2	407	admit-refused	authority refusal LIMIT_EXCEEDED: retained input, output or executor capacity
115786	1789236201148	1	994	admit-ceiling	LIMIT_EXCEEDED: client unresolved admission ceiling
115846	1789236201209	2	668	admit-refused	authority refusal LIMIT_EXCEEDED: retained input, output or executor capacity
115862	1789236201225	1	997	admit-refused	authority refusal LIMIT_EXCEEDED: aggregate admission capacity exhausted
115884	1789236201247	0	1023	admit-refused	authority refusal LIMIT_EXCEEDED: aggregate admission capacity exhausted
115941	1789236201304	2	671	admit-refused	authority refusal LIMIT_EXCEEDED: retained input, output or executor capacity
115967	1789236201329	0	1017	admit-retried	succeeded after 1 refusals
115967	1789236201329	0	1017	admitted	admit=807ms
115967	1789236201329	1	991	admit-refused	authority refusal LIMIT_EXCEEDED: aggregate admission capacity exhausted
115971	1789236201333	1	958	admit-retried	succeeded after 5 refusals
115971	1789236201334	1	958	admitted	admit=5540ms
116002	1789236201364	2	668	admit-refused	authority refusal LIMIT_EXCEEDED: retained input, output or executor capacity
116143	1789236201506	1	988	admit-refused	authority refusal LIMIT_EXCEEDED: aggregate admission capacity exhausted
116168	1789236201531	1	991	admit-ceiling	LIMIT_EXCEEDED: client unresolved admission ceiling
116187	1789236201549	1	994	admit-ceiling	LIMIT_EXCEEDED: client unresolved admission ceiling
116192	1789236201555	0	462	admit-refused	authority refusal LIMIT_EXCEEDED: aggregate admission capacity exhausted
116228	1789236201591	1	1000	admit-refused	authority refusal LIMIT_EXCEEDED: aggregate admission capacity exhausted
116243	1789236201605	2	644	admit-ceiling	LIMIT_EXCEEDED: client unresolved admission ceiling
116315	1789236201678	2	476	admit-ceiling	LIMIT_EXCEEDED: client unresolved admission ceiling
116330	1789236201692	1	1000	admit-ceiling	LIMIT_EXCEEDED: client unresolved admission ceiling
116468	1789236201830	0	1020	admit-retried	succeeded after 1 refusals
116468	1789236201830	0	1020	admitted	admit=1188ms
116495	1789236201857	1	886	admit-retried	succeeded after 8 refusals
116495	1789236201857	1	886	admitted	admit=17134ms
116530	1789236201893	1	976	admit-ceiling	LIMIT_EXCEEDED: client unresolved admission ceiling
116532	1789236201894	1	1000	admit-ceiling	LIMIT_EXCEEDED: client unresolved admission ceiling
116570	1789236201933	1	991	admit-ceiling	LIMIT_EXCEEDED: client unresolved admission ceiling
116647	1789236202009	1	1003	admitted	admit=151ms
116695	1789236202058	1	973	admit-refused	authority refusal LIMIT_EXCEEDED: aggregate admission capacity exhausted
116799	1789236202162	0	1023	admit-refused	authority refusal LIMIT_EXCEEDED: aggregate admission capacity exhausted
116803	1789236202165	1	1006	admitted	admit=155ms
116825	1789236202187	0	816	admit-refused	authority refusal LIMIT_EXCEEDED: aggregate admission capacity exhausted
116965	1789236202328	2	671	admit-retried	succeeded after 1 refusals
116965	1789236202328	2	671	admitted	admit=1357ms
116989	1789236202351	1	994	admit-ceiling	LIMIT_EXCEEDED: client unresolved admission ceiling
117044	1789236202407	1	1000	admit-refused	authority refusal LIMIT_EXCEEDED: aggregate admission capacity exhausted
117080	1789236202442	0	999	admit-retried	succeeded after 5 refusals
117080	1789236202442	0	999	admitted	admit=3699ms
117242	1789236202604	2	662	admit-ceiling	LIMIT_EXCEEDED: client unresolved admission ceiling
117293	1789236202656	2	548	admit-refused	authority refusal LIMIT_EXCEEDED: retained input, output or executor capacity
117305	1789236202667	2	668	admit-refused	authority refusal LIMIT_EXCEEDED: retained input, output or executor capacity
117306	1789236202669	2	551	admit-retried	succeeded after 9 refusals
117306	1789236202669	1	1009	admitted	admit=503ms
117307	1789236202670	2	551	admitted	admit=24203ms
117319	1789236202682	2	674	admit-refused	authority refusal LIMIT_EXCEEDED: retained input, output or executor capacity
117387	1789236202749	2	638	admit-refused	authority refusal LIMIT_EXCEEDED: retained input, output or executor capacity
117394	1789236202757	2	677	admit-refused	authority refusal LIMIT_EXCEEDED: retained input, output or executor capacity
117428	1789236202791	0	945	admit-retried	succeeded after 7 refusals
117428	1789236202791	0	945	admitted	admit=12101ms
117445	1789236202807	0	756	admit-refused	authority refusal LIMIT_EXCEEDED: aggregate admission capacity exhausted
117465	1789236202828	1	787	admit-refused	authority refusal LIMIT_EXCEEDED: aggregate admission capacity exhausted
117469	1789236202832	1	1012	admitted	admit=161ms
117491	1789236202853	1	991	admit-refused	authority refusal LIMIT_EXCEEDED: aggregate admission capacity exhausted
117529	1789236202892	0	894	admit-refused	authority refusal LIMIT_EXCEEDED: aggregate admission capacity exhausted
117556	1789236202918	2	674	admit-refused	authority refusal LIMIT_EXCEEDED: retained input, output or executor capacity
117665	1789236203028	0	972	admit-refused	authority refusal LIMIT_EXCEEDED: aggregate admission capacity exhausted
117666	1789236203029	2	677	admit-refused	authority refusal LIMIT_EXCEEDED: retained input, output or executor capacity
117758	1789236203120	0	1023	admit-retried	succeeded after 2 refusals
117758	1789236203120	0	1023	admitted	admit=2036ms
117847	1789236203209	1	1000	admit-ceiling	LIMIT_EXCEEDED: client unresolved admission ceiling
117875	1789236203238	1	1015	admit-refused	authority refusal LIMIT_EXCEEDED: aggregate admission capacity exhausted
117900	1789236203263	1	727	admit-refused	authority refusal LIMIT_EXCEEDED: aggregate admission capacity exhausted
118149	1789236203511	0	786	admit-retried	succeeded after 11 refusals
118149	1789236203511	0	786	admitted	admit=34285ms
118373	1789236203735	1	610	admit-ceiling	LIMIT_EXCEEDED: client unresolved admission ceiling
118552	1789236203915	2	569	admit-ceiling	LIMIT_EXCEEDED: client unresolved admission ceiling
118567	1789236203929	2	326	admit-ceiling	LIMIT_EXCEEDED: client unresolved admission ceiling
118591	1789236203954	1	994	admit-ceiling	LIMIT_EXCEEDED: client unresolved admission ceiling
118591	1789236203954	1	847	admit-ceiling	LIMIT_EXCEEDED: client unresolved admission ceiling
118678	1789236204040	0	990	admit-retried	succeeded after 6 refusals
118678	1789236204040	0	990	admitted	admit=6975ms
118723	1789236204086	0	984	admit-retried	succeeded after 6 refusals
118723	1789236204086	0	984	admitted	admit=8032ms
118729	1789236204092	1	733	admit-retried	succeeded after 12 refusals
118729	1789236204092	1	733	admitted	admit=38324ms
118730	1789236204092	1	1015	admit-refused	authority refusal LIMIT_EXCEEDED: aggregate admission capacity exhausted
118827	1789236204190	2	530	admit-retried	succeeded after 10 refusals
118827	1789236204190	2	530	admitted	admit=30497ms
118931	1789236204293	2	674	admit-refused	authority refusal LIMIT_EXCEEDED: retained input, output or executor capacity
118931	1789236204294	1	1015	admit-ceiling	LIMIT_EXCEEDED: client unresolved admission ceiling
118945	1789236204308	2	677	admit-refused	authority refusal LIMIT_EXCEEDED: retained input, output or executor capacity
118953	1789236204316	2	668	admit-retried	succeeded after 3 refusals
118953	1789236204316	2	668	admitted	admit=4014ms
119070	1789236204432	1	997	admit-retried	succeeded after 1 refusals
119070	1789236204432	1	997	admitted	admit=3384ms
119097	1789236204459	2	680	admit-refused	authority refusal LIMIT_EXCEEDED: retained input, output or executor capacity
119105	1789236204468	1	991	admit-ceiling	LIMIT_EXCEEDED: client unresolved admission ceiling
119105	1789236204468	1	928	admit-ceiling	LIMIT_EXCEEDED: client unresolved admission ceiling
119136	1789236204498	2	683	admit-refused	authority refusal LIMIT_EXCEEDED: retained input, output or executor capacity
119261	1789236204624	1	1021	admitted	admit=191ms
119347	1789236204710	2	677	admit-ceiling	LIMIT_EXCEEDED: client unresolved admission ceiling
119410	1789236204772	1	1015	admit-refused	authority refusal LIMIT_EXCEEDED: aggregate admission capacity exhausted
119444	1789236204807	2	644	admit-ceiling	LIMIT_EXCEEDED: client unresolved admission ceiling
119532	1789236204895	1	1000	admit-refused	authority refusal LIMIT_EXCEEDED: aggregate admission capacity exhausted
119577	1789236204939	1	523	admit-refused	authority refusal LIMIT_EXCEEDED: aggregate admission capacity exhausted
119627	1789236204989	1	901	admit-refused	authority refusal LIMIT_EXCEEDED: aggregate admission capacity exhausted
119633	1789236204995	2	8	admit-ceiling	LIMIT_EXCEEDED: client unresolved admission ceiling
119852	1789236205215	0	864	admit-retried	succeeded after 9 refusals
119852	1789236205215	0	864	admitted	admit=24742ms
119897	1789236205259	1	988	admit-retried	succeeded after 5 refusals
119897	1789236205259	1	988	admitted	admit=5655ms
119957	1789236205319	1	1018	admit-refused	authority refusal LIMIT_EXCEEDED: aggregate admission capacity exhausted
119984	1789236205347	1	973	admit-refused	authority refusal LIMIT_EXCEEDED: aggregate admission capacity exhausted
120149	1789236205512	2	677	admit-ceiling	LIMIT_EXCEEDED: client unresolved admission ceiling
120174	1789236205537	1	1018	admit-refused	authority refusal LIMIT_EXCEEDED: aggregate admission capacity exhausted
120248	1789236205611	1	976	admit-refused	authority refusal LIMIT_EXCEEDED: aggregate admission capacity exhausted
120329	1789236205691	1	1015	admit-refused	authority refusal LIMIT_EXCEEDED: aggregate admission capacity exhausted
120335	1789236205697	2	470	admit-ceiling	LIMIT_EXCEEDED: client unresolved admission ceiling
120443	1789236205805	2	662	admit-ceiling	LIMIT_EXCEEDED: client unresolved admission ceiling
120558	1789236205921	1	1018	admit-refused	authority refusal LIMIT_EXCEEDED: aggregate admission capacity exhausted
120619	1789236205981	0	948	admit-retried	succeeded after 7 refusals
120619	1789236205981	0	948	admitted	admit=14787ms
120659	1789236206021	0	843	admit-retried	succeeded after 10 refusals
120659	1789236206021	0	843	admitted	admit=28560ms
120669	1789236206032	2	680	admit-retried	succeeded after 1 refusals
120669	1789236206032	2	680	admitted	admit=1841ms
120741	1789236206104	2	14	admit-ceiling	LIMIT_EXCEEDED: client unresolved admission ceiling
120751	1789236206114	2	407	admit-ceiling	LIMIT_EXCEEDED: client unresolved admission ceiling
120792	1789236206155	2	29	admit-refused	authority refusal LIMIT_EXCEEDED: retained input, output or executor capacity
120807	1789236206170	2	674	admit-refused	authority refusal LIMIT_EXCEEDED: retained input, output or executor capacity
120817	1789236206179	2	683	admit-retried	succeeded after 1 refusals
120817	1789236206179	2	683	admitted	admit=1863ms
120881	1789236206243	2	686	admit-refused	authority refusal LIMIT_EXCEEDED: retained input, output or executor capacity
121107	1789236206470	1	1018	admit-retried	succeeded after 3 refusals
121107	1789236206470	1	1018	admitted	admit=2377ms
121281	1789236206643	2	689	admitted	admit=463ms
121328	1789236206691	0	462	admit-retried	succeeded after 20 refusals
121328	1789236206691	0	462	admitted	admit=80016ms
121444	1789236206806	2	692	admit-refused	authority refusal LIMIT_EXCEEDED: retained input, output or executor capacity
121458	1789236206820	2	476	admit-refused	authority refusal LIMIT_EXCEEDED: retained input, output or executor capacity
121466	1789236206829	2	686	admit-retried	succeeded after 1 refusals
121466	1789236206829	2	686	admitted	admit=796ms
121653	1789236207015	2	695	admit-refused	authority refusal LIMIT_EXCEEDED: retained input, output or executor capacity
121663	1789236207026	2	692	admit-refused	authority refusal LIMIT_EXCEEDED: retained input, output or executor capacity
121690	1789236207052	2	674	admit-refused	authority refusal LIMIT_EXCEEDED: retained input, output or executor capacity
121958	1789236207320	0	816	admit-retried	succeeded after 11 refusals
121958	1789236207320	0	816	admitted	admit=34923ms
122096	1789236207459	1	1015	admit-retried	succeeded after 5 refusals
122096	1789236207459	1	1015	admitted	admit=4626ms
122203	1789236207565	2	677	admit-retried	succeeded after 5 refusals
122203	1789236207565	2	677	admitted	admit=4895ms
122315	1789236207677	2	695	admit-retried	succeeded after 1 refusals
122315	1789236207677	2	695	admitted	admit=848ms
122318	1789236207681	2	692	admit-refused	authority refusal LIMIT_EXCEEDED: retained input, output or executor capacity
122335	1789236207698	2	698	admit-refused	authority refusal LIMIT_EXCEEDED: retained input, output or executor capacity
122358	1789236207721	2	548	admit-refused	authority refusal LIMIT_EXCEEDED: retained input, output or executor capacity
122374	1789236207736	2	701	admit-refused	authority refusal LIMIT_EXCEEDED: retained input, output or executor capacity
122381	1789236207743	1	994	admit-retried	succeeded after 6 refusals
122381	1789236207743	1	994	admitted	admit=7159ms
122398	1789236207761	2	638	admit-refused	authority refusal LIMIT_EXCEEDED: retained input, output or executor capacity
122566	1789236207928	1	991	admit-retried	succeeded after 6 refusals
122566	1789236207928	1	991	admitted	admit=7427ms
122588	1789236207951	2	698	admit-refused	authority refusal LIMIT_EXCEEDED: retained input, output or executor capacity
122602	1789236207964	1	787	admit-retried	succeeded after 10 refusals
122602	1789236207964	1	787	admitted	admit=35180ms
122619	1789236207982	2	701	admit-refused	authority refusal LIMIT_EXCEEDED: retained input, output or executor capacity
122627	1789236207989	0	756	admit-retried	succeeded after 13 refusals
122627	1789236207989	0	756	admitted	admit=44169ms
122788	1789236208151	0	972	admit-retried	succeeded after 7 refusals
122788	1789236208151	0	972	admitted	admit=13337ms
122869	1789236208232	1	1000	admit-retried	succeeded after 6 refusals
122869	1789236208232	1	1000	admitted	admit=6898ms
122910	1789236208272	0	894	admit-retried	succeeded after 9 refusals
122910	1789236208272	0	894	admitted	admit=23788ms
122910	1789236208273	0	30	admit-refused	authority refusal LIMIT_EXCEEDED: metadata concurrency exhausted
122910	1789236208273	0	36	admit-refused	authority refusal LIMIT_EXCEEDED: metadata concurrency exhausted
122911	1789236208273	0	18	admit-refused	authority refusal LIMIT_EXCEEDED: metadata concurrency exhausted
122911	1789236208273	0	12	admit-refused	authority refusal LIMIT_EXCEEDED: metadata concurrency exhausted
122911	1789236208273	0	42	admit-refused	authority refusal LIMIT_EXCEEDED: metadata concurrency exhausted
122911	1789236208273	0	27	admit-refused	authority refusal LIMIT_EXCEEDED: metadata concurrency exhausted
122911	1789236208273	0	39	admit-refused	authority refusal LIMIT_EXCEEDED: metadata concurrency exhausted
122911	1789236208273	0	15	admit-refused	authority refusal LIMIT_EXCEEDED: metadata concurrency exhausted
122911	1789236208273	0	21	admit-refused	authority refusal LIMIT_EXCEEDED: metadata concurrency exhausted
122911	1789236208273	0	6	admit-refused	authority refusal LIMIT_EXCEEDED: metadata concurrency exhausted
122911	1789236208273	0	45	admit-refused	authority refusal LIMIT_EXCEEDED: metadata concurrency exhausted
122911	1789236208273	0	24	admit-refused	authority refusal LIMIT_EXCEEDED: metadata concurrency exhausted
122944	1789236208307	0	9	succeeded	attempt 1 watch=34ms
122980	1789236208343	0	3	succeeded	attempt 1 watch=70ms
123012	1789236208374	0	21	admit-refused	authority refusal LIMIT_EXCEEDED: metadata concurrency exhausted
123012	1789236208374	0	27	admit-refused	authority refusal LIMIT_EXCEEDED: metadata concurrency exhausted
123012	1789236208375	0	36	admit-refused	authority refusal LIMIT_EXCEEDED: metadata concurrency exhausted
123012	1789236208375	0	12	admit-refused	authority refusal LIMIT_EXCEEDED: metadata concurrency exhausted
123012	1789236208375	0	24	admit-refused	authority refusal LIMIT_EXCEEDED: metadata concurrency exhausted
123012	1789236208375	0	6	admit-refused	authority refusal LIMIT_EXCEEDED: metadata concurrency exhausted
123012	1789236208375	0	15	admit-refused	authority refusal LIMIT_EXCEEDED: metadata concurrency exhausted
123012	1789236208375	0	42	admit-refused	authority refusal LIMIT_EXCEEDED: metadata concurrency exhausted
123015	1789236208377	0	0	succeeded	attempt 1 watch=104ms
123052	1789236208414	0	33	succeeded	attempt 1 watch=141ms
123153	1789236208515	0	39	succeeded	attempt 1 watch=242ms
123190	1789236208552	0	18	succeeded	attempt 1 watch=279ms
123214	1789236208577	0	36	admit-refused	authority refusal LIMIT_EXCEEDED: metadata concurrency exhausted
123214	1789236208577	0	15	admit-refused	authority refusal LIMIT_EXCEEDED: metadata concurrency exhausted
123214	1789236208577	0	21	admit-refused	authority refusal LIMIT_EXCEEDED: metadata concurrency exhausted
123214	1789236208577	0	27	admit-refused	authority refusal LIMIT_EXCEEDED: metadata concurrency exhausted
123230	1789236208592	0	45	succeeded	attempt 1 watch=319ms
123266	1789236208628	0	30	succeeded	attempt 1 watch=355ms
123315	1789236208677	2	692	admit-retried	succeeded after 3 refusals
123315	1789236208677	2	692	admitted	admit=2033ms
123404	1789236208767	0	9	first-usable-output	
123404	1789236208767	0	9	chunk-verified	fetch=460ms
123420	1789236208782	2	698	admit-retried	succeeded after 2 refusals
123420	1789236208782	2	698	admitted	admit=1216ms
123427	1789236208790	2	701	admit-refused	authority refusal LIMIT_EXCEEDED: retained input, output or executor capacity
123435	1789236208798	0	42	succeeded	attempt 1 watch=525ms
123438	1789236208800	2	674	admit-refused	authority refusal LIMIT_EXCEEDED: retained input, output or executor capacity
123450	1789236208812	2	704	admit-refused	authority refusal LIMIT_EXCEEDED: retained input, output or executor capacity
123463	1789236208826	0	12	succeeded	attempt 1 watch=553ms
123476	1789236208838	0	3	chunk-verified	fetch=495ms
123502	1789236208865	0	24	succeeded	attempt 1 watch=592ms
123529	1789236208891	1	610	admit-retried	succeeded after 16 refusals
123529	1789236208891	1	610	admitted	admit=58939ms
123539	1789236208902	0	6	succeeded	attempt 1 watch=629ms
123647	1789236209010	0	48	succeeded	attempt 1 watch=242ms
123749	1789236209112	0	51	succeeded	attempt 1 watch=273ms
123819	1789236209181	0	30	admit-refused	stalled read ordinal 30
123823	1789236209186	0	0	chunk-verified	fetch=808ms
123829	1789236209192	2	701	admit-ceiling	LIMIT_EXCEEDED: client unresolved admission ceiling
123854	1789236209216	0	36	succeeded	attempt 1 watch=943ms
123858	1789236209221	0	45	chunk-verified	fetch=628ms
123884	1789236209247	0	33	chunk-verified	fetch=832ms
123889	1789236209251	0	15	succeeded	attempt 1 watch=978ms
123931	1789236209293	0	27	succeeded	attempt 1 watch=1020ms
123957	1789236209319	1	727	admit-retried	succeeded after 13 refusals
123957	1789236209319	1	727	admitted	admit=43968ms
123967	1789236209329	0	21	succeeded	attempt 1 watch=1056ms
124031	1789236209393	0	6	admit-refused	stalled read ordinal 6
124035	1789236209398	0	42	chunk-verified	fetch=600ms
124065	1789236209428	0	54	succeeded	attempt 1 watch=241ms
124120	1789236209483	0	12	chunk-verified	fetch=656ms
124136	1789236209498	0	57	succeeded	attempt 1 watch=277ms
124166	1789236209528	0	60	succeeded	attempt 1 watch=281ms
124186	1789236209548	0	18	chunk-verified	fetch=996ms
124250	1789236209613	0	24	chunk-verified	fetch=748ms
124271	1789236209633	2	707	admitted	admit=850ms
124307	1789236209670	0	63	succeeded	attempt 1 watch=272ms
124314	1789236209676	0	48	chunk-verified	fetch=666ms
124340	1789236209702	0	51	chunk-verified	fetch=590ms
124383	1789236209746	0	66	succeeded	attempt 1 watch=263ms
124419	1789236209781	0	36	chunk-verified	fetch=564ms
124446	1789236209809	2	644	admit-ceiling	LIMIT_EXCEEDED: client unresolved admission ceiling
124474	1789236209836	0	69	succeeded	attempt 1 watch=287ms
124513	1789236209876	0	72	succeeded	attempt 1 watch=262ms
124514	1789236209876	0	21	admit-refused	stalled read ordinal 21
124527	1789236209890	0	15	chunk-verified	fetch=638ms
124567	1789236209929	0	30	chunk-verified	fetch=1301ms
124582	1789236209944	0	75	succeeded	attempt 1 watch=268ms
124604	1789236209966	2	569	admit-refused	authority refusal LIMIT_EXCEEDED: retained input, output or executor capacity
124619	1789236209982	2	326	admit-refused	authority refusal LIMIT_EXCEEDED: retained input, output or executor capacity
124623	1789236209985	0	78	succeeded	attempt 1 watch=283ms
124632	1789236209995	2	704	admit-retried	succeeded after 1 refusals
124632	1789236209995	2	704	admitted	admit=1317ms
124635	1789236209998	2	710	admit-refused	authority refusal LIMIT_EXCEEDED: retained input, output or executor capacity
124660	1789236210022	0	57	admit-refused	stalled read ordinal 57
124688	1789236210051	0	81	succeeded	attempt 1 watch=269ms
124689	1789236210051	0	60	admit-refused	stalled read ordinal 60
124760	1789236210123	1	901	admit-retried	succeeded after 9 refusals
124760	1789236210123	1	901	admitted	admit=22503ms
124781	1789236210143	0	39	chunk-verified	fetch=1628ms
124795	1789236210158	0	84	succeeded	attempt 1 watch=267ms
124837	1789236210199	0	87	succeeded	attempt 1 watch=269ms
124850	1789236210213	2	701	admit-refused	authority refusal LIMIT_EXCEEDED: retained input, output or executor capacity
124872	1789236210234	0	63	chunk-verified	fetch=564ms
124895	1789236210257	2	713	admit-refused	authority refusal LIMIT_EXCEEDED: retained input, output or executor capacity
124911	1789236210273	2	8	admit-refused	authority refusal LIMIT_EXCEEDED: retained input, output or executor capacity
124924	1789236210287	0	72	admit-refused	stalled read ordinal 72
124927	1789236210289	2	710	admit-refused	authority refusal LIMIT_EXCEEDED: retained input, output or executor capacity
124934	1789236210296	0	66	chunk-verified	fetch=550ms
124955	1789236210317	0	69	chunk-verified	fetch=481ms
124959	1789236210322	0	90	succeeded	attempt 1 watch=178ms
125032	1789236210394	0	21	admit-refused	stalled read ordinal 21
125065	1789236210428	0	93	succeeded	attempt 1 watch=193ms
125066	1789236210429	0	78	admit-refused	stalled read ordinal 78
125066	1789236210429	0	81	admit-refused	stalled read ordinal 81
125067	1789236210429	0	57	admit-refused	stalled read ordinal 57
125090	1789236210453	0	75	chunk-verified	fetch=508ms
125100	1789236210463	0	96	succeeded	attempt 1 watch=166ms
125136	1789236210498	0	99	succeeded	attempt 1 watch=181ms
125136	1789236210499	1	523	admit-retried	succeeded after 18 refusals
125136	1789236210499	1	523	admitted	admit=70599ms
125145	1789236210508	0	27	chunk-verified	fetch=1214ms
125162	1789236210525	0	87	admit-refused	stalled read ordinal 87
125191	1789236210554	0	54	chunk-verified	fetch=1126ms
125221	1789236210583	0	84	chunk-verified	fetch=425ms
125232	1789236210595	0	102	succeeded	attempt 1 watch=142ms
125259	1789236210621	0	60	chunk-verified	fetch=1092ms
125337	1789236210699	0	105	succeeded	attempt 1 watch=191ms
125371	1789236210734	0	108	succeeded	attempt 1 watch=180ms
125381	1789236210744	1	847	admit-retried	succeeded after 10 refusals
125381	1789236210744	1	847	admitted	admit=29667ms
125407	1789236210769	0	111	succeeded	attempt 1 watch=186ms
125411	1789236210774	0	93	chunk-verified	fetch=345ms
125433	1789236210796	0	90	chunk-verified	fetch=474ms
125449	1789236210811	1	976	admit-retried	succeeded after 7 refusals
125449	1789236210811	1	976	admitted	admit=12987ms
125479	1789236210841	0	114	succeeded	attempt 1 watch=219ms
125484	1789236210847	0	72	chunk-verified	fetch=970ms
125515	1789236210878	0	81	admit-refused	stalled read ordinal 81
125547	1789236210910	1	973	admit-retried	succeeded after 7 refusals
125547	1789236210910	1	973	admitted	admit=13162ms
125550	1789236210913	0	96	chunk-verified	fetch=450ms
125576	1789236210939	0	99	chunk-verified	fetch=440ms
125596	1789236210958	0	6	chunk-verified	fetch=2056ms
125616	1789236210979	0	117	succeeded	attempt 1 watch=204ms
125633	1789236210995	0	78	chunk-verified	fetch=1010ms
125653	1789236211015	0	120	succeeded	attempt 1 watch=219ms
125693	1789236211056	0	102	chunk-verified	fetch=461ms
125718	1789236211081	0	123	succeeded	attempt 1 watch=234ms
125724	1789236211086	0	21	chunk-verified	fetch=1757ms
125743	1789236211106	2	14	admit-ceiling	LIMIT_EXCEEDED: client unresolved admission ceiling
125748	1789236211111	0	126	succeeded	attempt 1 watch=197ms
125753	1789236211116	2	407	admit-ceiling	LIMIT_EXCEEDED: client unresolved admission ceiling
125758	1789236211121	0	105	chunk-verified	fetch=421ms
125784	1789236211147	0	129	succeeded	attempt 1 watch=207ms
125784	1789236211147	0	57	chunk-verified	fetch=1648ms
125794	1789236211156	2	29	admit-ceiling	LIMIT_EXCEEDED: client unresolved admission ceiling
125814	1789236211177	0	108	chunk-verified	fetch=443ms
125818	1789236211180	0	132	succeeded	attempt 1 watch=221ms
125833	1789236211195	0	111	chunk-verified	fetch=425ms
125863	1789236211226	1	928	admit-retried	succeeded after 8 refusals
125863	1789236211226	1	928	admitted	admit=19176ms
125863	1789236211226	1	16	admit-refused	authority refusal LIMIT_EXCEEDED: metadata concurrency exhausted
125864	1789236211226	1	37	admit-refused	authority refusal LIMIT_EXCEEDED: metadata concurrency exhausted
125864	1789236211226	1	46	admit-refused	authority refusal LIMIT_EXCEEDED: metadata concurrency exhausted
125864	1789236211226	1	1	admit-refused	authority refusal LIMIT_EXCEEDED: metadata concurrency exhausted
125864	1789236211226	1	31	admit-refused	authority refusal LIMIT_EXCEEDED: metadata concurrency exhausted
125864	1789236211226	1	25	admit-refused	authority refusal LIMIT_EXCEEDED: metadata concurrency exhausted
125864	1789236211226	1	13	admit-refused	authority refusal LIMIT_EXCEEDED: metadata concurrency exhausted
125864	1789236211226	1	10	admit-refused	authority refusal LIMIT_EXCEEDED: metadata concurrency exhausted
125864	1789236211226	1	43	admit-refused	authority refusal LIMIT_EXCEEDED: metadata concurrency exhausted
125864	1789236211226	1	22	admit-refused	authority refusal LIMIT_EXCEEDED: metadata concurrency exhausted
125864	1789236211226	1	34	admit-refused	authority refusal LIMIT_EXCEEDED: metadata concurrency exhausted
125864	1789236211226	1	7	admit-refused	authority refusal LIMIT_EXCEEDED: metadata concurrency exhausted
125889	1789236211251	0	135	succeeded	attempt 1 watch=255ms
125899	1789236211261	1	4	succeeded	attempt 1 watch=35ms
125903	1789236211266	2	713	admit-retried	succeeded after 1 refusals
125904	1789236211266	2	713	admitted	admit=1270ms
125924	1789236211287	0	87	chunk-verified	fetch=1087ms
125936	1789236211299	1	19	succeeded	attempt 1 watch=72ms
125960	1789236211323	0	138	succeeded	attempt 1 watch=266ms
125964	1789236211327	1	16	admit-refused	authority refusal LIMIT_EXCEEDED: metadata concurrency exhausted
125964	1789236211327	1	10	admit-refused	authority refusal LIMIT_EXCEEDED: metadata concurrency exhausted
125964	1789236211327	1	1	admit-refused	authority refusal LIMIT_EXCEEDED: metadata concurrency exhausted
125964	1789236211327	1	22	admit-refused	authority refusal LIMIT_EXCEEDED: metadata concurrency exhausted
125964	1789236211327	1	43	admit-refused	authority refusal LIMIT_EXCEEDED: metadata concurrency exhausted
125964	1789236211327	1	37	admit-refused	authority refusal LIMIT_EXCEEDED: metadata concurrency exhausted
125964	1789236211327	1	13	admit-refused	authority refusal LIMIT_EXCEEDED: metadata concurrency exhausted
125966	1789236211329	0	114	chunk-verified	fetch=487ms
125971	1789236211333	1	40	succeeded	attempt 1 watch=107ms
126007	1789236211370	1	28	succeeded	attempt 1 watch=143ms
126029	1789236211392	2	710	admit-retried	succeeded after 2 refusals
126029	1789236211392	2	710	admitted	admit=1758ms
126035	1789236211397	0	141	succeeded	attempt 1 watch=310ms
126094	1789236211457	2	716	admit-refused	authority refusal LIMIT_EXCEEDED: retained input, output or executor capacity
126106	1789236211468	0	144	succeeded	attempt 1 watch=347ms
126122	1789236211484	1	31	succeeded	attempt 1 watch=258ms
126158	1789236211520	1	25	succeeded	attempt 1 watch=294ms
126166	1789236211528	1	37	admit-refused	authority refusal LIMIT_EXCEEDED: metadata concurrency exhausted
126166	1789236211528	1	43	admit-refused	authority refusal LIMIT_EXCEEDED: metadata concurrency exhausted
126166	1789236211528	1	22	admit-refused	authority refusal LIMIT_EXCEEDED: metadata concurrency exhausted
126180	1789236211542	0	147	succeeded	attempt 1 watch=395ms
126195	1789236211558	1	34	succeeded	attempt 1 watch=332ms
126210	1789236211572	2	719	admit-refused	authority refusal LIMIT_EXCEEDED: retained input, output or executor capacity
126218	1789236211580	0	150	succeeded	attempt 1 watch=403ms
126220	1789236211583	2	470	admit-refused	authority refusal LIMIT_EXCEEDED: retained input, output or executor capacity
126233	1789236211595	1	46	succeeded	attempt 1 watch=369ms
126269	1789236211632	1	7	succeeded	attempt 1 watch=405ms
126284	1789236211647	0	153	succeeded	attempt 1 watch=451ms
126326	1789236211688	0	117	chunk-verified	fetch=709ms
126352	1789236211714	0	156	succeeded	attempt 1 watch=427ms
126356	1789236211719	0	120	chunk-verified	fetch=703ms
126421	1789236211784	0	159	succeeded	attempt 1 watch=454ms
126431	1789236211794	0	81	chunk-verified	fetch=1742ms
126441	1789236211804	1	16	succeeded	attempt 1 watch=578ms
126459	1789236211822	2	476	admit-ceiling	LIMIT_EXCEEDED: client unresolved admission ceiling
126460	1789236211822	0	123	chunk-verified	fetch=741ms
126464	1789236211827	1	4	first-usable-output	
126464	1789236211827	1	4	chunk-verified	fetch=565ms
126476	1789236211838	1	1	succeeded	attempt 1 watch=612ms
126491	1789236211853	1	19	chunk-verified	fetch=554ms
126508	1789236211870	0	126	chunk-verified	fetch=759ms
126512	1789236211875	1	13	succeeded	attempt 1 watch=648ms
126542	1789236211904	0	129	chunk-verified	fetch=757ms
126552	1789236211914	1	10	succeeded	attempt 1 watch=688ms
126616	1789236211979	0	132	chunk-verified	fetch=798ms
126650	1789236212013	0	162	succeeded	attempt 1 watch=324ms
126650	1789236212013	0	135	chunk-verified	fetch=761ms
126653	1789236212015	2	719	admit-refused	authority refusal LIMIT_EXCEEDED: retained input, output or executor capacity
126666	1789236212028	2	662	admit-retried	succeeded after 7 refusals
126666	1789236212028	2	662	admitted	admit=12598ms
126690	1789236212053	2	701	admit-refused	authority refusal LIMIT_EXCEEDED: retained input, output or executor capacity
126725	1789236212088	0	165	succeeded	attempt 1 watch=368ms
126740	1789236212102	1	49	succeeded	attempt 1 watch=275ms
126754	1789236212117	1	40	chunk-verified	fetch=783ms
126764	1789236212127	0	138	chunk-verified	fetch=803ms
126796	1789236212159	0	168	succeeded	attempt 1 watch=365ms
126812	1789236212174	1	52	succeeded	attempt 1 watch=321ms
126826	1789236212189	0	171	succeeded	attempt 1 watch=366ms
126836	1789236212199	0	141	chunk-verified	fetch=801ms
126836	1789236212199	1	28	chunk-verified	fetch=829ms
126863	1789236212226	0	174	succeeded	attempt 1 watch=355ms
126868	1789236212230	0	144	chunk-verified	fetch=762ms
126899	1789236212262	0	177	succeeded	attempt 1 watch=357ms
126902	1789236212265	2	674	admit-refused	authority refusal LIMIT_EXCEEDED: retained input, output or executor capacity
126905	1789236212267	0	147	chunk-verified	fetch=724ms
126920	1789236212282	1	22	succeeded	attempt 1 watch=1056ms
126935	1789236212297	0	180	succeeded	attempt 1 watch=318ms
126939	1789236212302	0	150	chunk-verified	fetch=721ms
126942	1789236212305	2	722	admit-refused	authority refusal LIMIT_EXCEEDED: retained input, output or executor capacity
126951	1789236212314	2	719	admit-refused	authority refusal LIMIT_EXCEEDED: retained input, output or executor capacity
126955	1789236212318	0	153	chunk-verified	fetch=670ms
126959	1789236212322	1	37	succeeded	attempt 1 watch=1096ms
126970	1789236212332	0	183	succeeded	attempt 1 watch=319ms
126986	1789236212349	1	43	succeeded	attempt 1 watch=1123ms
126988	1789236212351	1	7	admit-refused	stalled read ordinal 7
126989	1789236212351	1	16	admit-refused	stalled read ordinal 16
127045	1789236212407	0	156	chunk-verified	fetch=693ms
127060	1789236212423	1	55	succeeded	attempt 1 watch=306ms
127065	1789236212427	1	34	chunk-verified	fetch=869ms
127076	1789236212438	0	159	chunk-verified	fetch=654ms
127076	1789236212438	0	186	succeeded	attempt 1 watch=311ms
127127	1789236212489	1	58	succeeded	attempt 1 watch=290ms
127127	1789236212490	1	10	admit-refused	stalled read ordinal 10
127132	1789236212495	1	1	chunk-verified	fetch=656ms
127185	1789236212548	0	189	succeeded	attempt 1 watch=348ms
127200	1789236212563	1	13	chunk-verified	fetch=687ms
127253	1789236212615	1	46	chunk-verified	fetch=1019ms
127258	1789236212621	0	192	succeeded	attempt 1 watch=389ms
127315	1789236212677	1	61	succeeded	attempt 1 watch=249ms
127320	1789236212683	0	195	succeeded	attempt 1 watch=415ms
127335	1789236212697	1	31	chunk-verified	fetch=1213ms
127357	1789236212720	1	52	chunk-verified	fetch=545ms
127382	1789236212745	0	198	succeeded	attempt 1 watch=442ms
127388	1789236212751	1	64	succeeded	attempt 1 watch=255ms
127400	1789236212762	2	638	admit-ceiling	LIMIT_EXCEEDED: client unresolved admission ceiling
127418	1789236212781	0	201	succeeded	attempt 1 watch=463ms
127423	1789236212785	1	22	chunk-verified	fetch=503ms
127428	1789236212791	1	67	succeeded	attempt 1 watch=228ms
127449	1789236212811	1	37	chunk-verified	fetch=489ms
127458	1789236212821	1	43	chunk-verified	fetch=472ms
127463	1789236212825	1	70	succeeded	attempt 1 watch=210ms
127489	1789236212851	0	204	succeeded	attempt 1 watch=443ms
127495	1789236212857	0	162	chunk-verified	fetch=844ms
127501	1789236212863	1	7	admit-refused	stalled read ordinal 7
127510	1789236212872	1	49	chunk-verified	fetch=770ms
127510	1789236212872	2	716	admit-retried	succeeded after 1 refusals
127510	1789236212872	2	716	admitted	admit=1605ms
127516	1789236212879	0	165	chunk-verified	fetch=791ms
127529	1789236212892	0	207	succeeded	attempt 1 watch=453ms
127541	1789236212903	1	73	succeeded	attempt 1 watch=205ms
127557	1789236212920	1	55	chunk-verified	fetch=496ms
127574	1789236212936	1	76	succeeded	attempt 1 watch=216ms
127594	1789236212957	1	58	chunk-verified	fetch=467ms
127620	1789236212983	0	168	chunk-verified	fetch=823ms
127620	1789236212983	1	16	chunk-verified	fetch=1178ms
127637	1789236212999	1	79	succeeded	attempt 1 watch=213ms
127653	1789236213015	0	171	chunk-verified	fetch=826ms
127665	1789236213028	2	719	admit-refused	authority refusal LIMIT_EXCEEDED: retained input, output or executor capacity
127673	1789236213035	0	174	chunk-verified	fetch=809ms
127697	1789236213060	0	177	chunk-verified	fetch=797ms
127700	1789236213062	2	548	admit-refused	authority refusal LIMIT_EXCEEDED: retained input, output or executor capacity
127708	1789236213071	1	82	succeeded	attempt 1 watch=259ms
127715	1789236213078	2	725	admit-refused	authority refusal LIMIT_EXCEEDED: retained input, output or executor capacity
127723	1789236213085	0	180	chunk-verified	fetch=787ms
127743	1789236213106	1	85	succeeded	attempt 1 watch=284ms
127797	1789236213159	0	183	chunk-verified	fetch=826ms
127807	1789236213169	1	10	chunk-verified	fetch=1254ms
127817	1789236213180	1	88	succeeded	attempt 1 watch=307ms
127823	1789236213186	1	61	chunk-verified	fetch=508ms
127828	1789236213190	0	210	succeeded	attempt 1 watch=332ms
127866	1789236213228	0	213	succeeded	attempt 1 watch=349ms
127892	1789236213255	1	91	succeeded	attempt 1 watch=334ms
127924	1789236213287	0	216	succeeded	attempt 1 watch=304ms
127935	1789236213298	0	186	chunk-verified	fetch=859ms
127955	1789236213318	0	189	chunk-verified	fetch=770ms
127960	1789236213322	1	94	succeeded	attempt 1 watch=365ms
127965	1789236213328	0	219	succeeded	attempt 1 watch=312ms
127980	1789236213342	0	192	chunk-verified	fetch=721ms
127996	1789236213358	1	97	succeeded	attempt 1 watch=375ms
128000	1789236213363	0	222	succeeded	attempt 1 watch=327ms
128030	1789236213393	0	225	succeeded	attempt 1 watch=333ms
128040	1789236213403	0	195	chunk-verified	fetch=719ms
128067	1789236213430	0	228	succeeded	attempt 1 watch=344ms
128073	1789236213435	0	198	chunk-verified	fetch=690ms
128087	1789236213450	1	67	chunk-verified	fetch=658ms
128107	1789236213469	0	231	succeeded	attempt 1 watch=310ms
128116	1789236213478	0	201	chunk-verified	fetch=697ms
128132	1789236213494	0	204	chunk-verified	fetch=643ms
128149	1789236213511	1	100	succeeded	attempt 1 watch=341ms
128154	1789236213517	1	70	chunk-verified	fetch=691ms
128220	1789236213582	1	103	succeeded	attempt 1 watch=396ms
128235	1789236213598	0	207	chunk-verified	fetch=706ms
128261	1789236213624	0	234	succeeded	attempt 1 watch=326ms
128307	1789236213670	0	237	succeeded	attempt 1 watch=352ms
128328	1789236213690	1	79	admit-refused	stalled read ordinal 79
128328	1789236213691	1	7	admit-refused	stalled read ordinal 7
128329	1789236213691	1	82	admit-refused	stalled read ordinal 82
128359	1789236213721	2	722	admit-retried	succeeded after 1 refusals
128359	1789236213721	2	722	admitted	admit=1692ms
128364	1789236213726	1	106	succeeded	attempt 1 watch=276ms
128364	1789236213727	1	85	admit-refused	stalled read ordinal 85
128384	1789236213747	0	240	succeeded	attempt 1 watch=404ms
128432	1789236213794	1	76	chunk-verified	fetch=857ms
128437	1789236213800	1	109	succeeded	attempt 1 watch=283ms
128473	1789236213836	1	91	admit-refused	stalled read ordinal 91
128474	1789236213837	1	94	admit-refused	stalled read ordinal 94
128474	1789236213837	1	97	admit-refused	stalled read ordinal 97
128490	1789236213852	0	243	succeeded	attempt 1 watch=449ms
128511	1789236213873	1	88	chunk-verified	fetch=693ms
128541	1789236213904	1	112	succeeded	attempt 1 watch=109ms
128566	1789236213929	0	246	succeeded	attempt 1 watch=493ms
128581	1789236213944	1	103	admit-refused	stalled read ordinal 103
128582	1789236213944	1	106	admit-refused	stalled read ordinal 106
128582	1789236213944	1	79	admit-refused	stalled read ordinal 79
128582	1789236213945	1	82	admit-refused	stalled read ordinal 82
128618	1789236213980	1	115	succeeded	attempt 1 watch=106ms
128639	1789236214002	0	249	succeeded	attempt 1 watch=523ms
128657	1789236214020	1	109	admit-refused	stalled read ordinal 109
128658	1789236214020	1	85	admit-refused	stalled read ordinal 85
128673	1789236214035	0	252	succeeded	attempt 1 watch=541ms
128683	1789236214045	1	100	chunk-verified	fetch=534ms
128694	1789236214056	1	91	admit-refused	stalled read ordinal 91
128694	1789236214057	1	94	admit-refused	stalled read ordinal 94
128694	1789236214057	1	97	admit-refused	stalled read ordinal 97
128708	1789236214070	0	255	succeeded	attempt 1 watch=472ms
128713	1789236214076	0	210	chunk-verified	fetch=885ms
128728	1789236214090	1	118	succeeded	attempt 1 watch=44ms
128728	1789236214091	1	115	admit-refused	stalled read ordinal 115
128728	1789236214091	1	106	admit-refused	stalled read ordinal 106
128728	1789236214091	1	103	admit-refused	stalled read ordinal 103
128733	1789236214096	0	213	chunk-verified	fetch=867ms
128753	1789236214116	0	216	chunk-verified	fetch=828ms
128764	1789236214127	1	118	admit-refused	stalled read ordinal 118
128764	1789236214127	1	7	admit-refused	stalled read ordinal 7
128765	1789236214127	1	109	admit-refused	stalled read ordinal 109
128784	1789236214146	1	73	chunk-verified	fetch=1243ms
128819	1789236214182	1	121	succeeded	attempt 1 watch=35ms
128819	1789236214182	0	219	chunk-verified	fetch=854ms
128829	1789236214192	1	64	chunk-verified	fetch=1441ms
128858	1789236214220	0	222	chunk-verified	fetch=857ms
128858	1789236214220	1	82	chunk-verified	fetch=1149ms
128873	1789236214236	0	225	chunk-verified	fetch=842ms
128894	1789236214257	0	228	chunk-verified	fetch=826ms
128904	1789236214267	1	124	succeeded	attempt 1 watch=75ms
128905	1789236214267	1	115	admit-refused	stalled read ordinal 115
128928	1789236214290	0	231	chunk-verified	fetch=820ms
128938	1789236214301	1	127	succeeded	attempt 1 watch=80ms
128971	1789236214333	1	118	admit-refused	stalled read ordinal 118
128971	1789236214334	1	91	admit-refused	stalled read ordinal 91
128979	1789236214342	1	121	chunk-verified	fetch=160ms
129006	1789236214369	1	94	admit-refused	stalled read ordinal 94
129006	1789236214369	1	97	admit-refused	stalled read ordinal 97
129007	1789236214369	1	124	admit-refused	stalled read ordinal 124
129007	1789236214370	1	103	admit-refused	stalled read ordinal 103
129008	1789236214370	1	106	admit-refused	stalled read ordinal 106
129019	1789236214381	0	258	succeeded	attempt 1 watch=305ms
129025	1789236214387	1	25	chunk-verified	fetch=2867ms
129040	1789236214402	1	130	succeeded	attempt 1 watch=60ms
129040	1789236214403	1	109	admit-refused	stalled read ordinal 109
129057	1789236214419	2	725	admit-retried	succeeded after 1 refusals
129057	1789236214419	2	725	admitted	admit=1546ms
129062	1789236214425	0	261	succeeded	attempt 1 watch=328ms
129067	1789236214430	1	112	chunk-verified	fetch=526ms
129083	1789236214446	1	133	succeeded	attempt 1 watch=58ms
129090	1789236214452	1	127	chunk-verified	fetch=151ms
129104	1789236214466	0	264	succeeded	attempt 1 watch=350ms
129104	1789236214466	0	234	chunk-verified	fetch=842ms
129130	1789236214493	1	85	chunk-verified	fetch=1386ms
129136	1789236214498	0	267	succeeded	attempt 1 watch=316ms
129150	1789236214512	0	237	chunk-verified	fetch=842ms
129173	1789236214535	1	136	succeeded	attempt 1 watch=105ms
129180	1789236214542	0	240	chunk-verified	fetch=795ms
129188	1789236214551	0	270	succeeded	attempt 1 watch=330ms
129204	1789236214566	0	243	chunk-verified	fetch=714ms
129204	1789236214566	1	79	chunk-verified	fetch=1567ms
129234	1789236214597	0	273	succeeded	attempt 1 watch=360ms
129260	1789236214623	0	276	succeeded	attempt 1 watch=366ms
129266	1789236214629	1	139	succeeded	attempt 1 watch=176ms
129272	1789236214634	0	246	chunk-verified	fetch=705ms
129301	1789236214663	0	279	succeeded	attempt 1 watch=373ms
129306	1789236214669	0	249	chunk-verified	fetch=667ms
129311	1789236214673	1	142	succeeded	attempt 1 watch=180ms
129311	1789236214673	1	130	chunk-verified	fetch=271ms
129342	1789236214704	0	255	chunk-verified	fetch=634ms
129361	1789236214723	0	252	chunk-verified	fetch=687ms
129386	1789236214749	1	145	succeeded	attempt 1 watch=182ms
129389	1789236214752	2	731	admit-refused	authority refusal LIMIT_EXCEEDED: retained input, output or executor capacity
129404	1789236214767	0	282	succeeded	attempt 1 watch=300ms
129429	1789236214792	2	728	admit-refused	authority refusal LIMIT_EXCEEDED: retained input, output or executor capacity
129464	1789236214827	2	719	admit-refused	authority refusal LIMIT_EXCEEDED: retained input, output or executor capacity
129467	1789236214829	1	124	chunk-verified	fetch=562ms
129492	1789236214855	1	118	chunk-verified	fetch=764ms
129492	1789236214855	1	148	succeeded	attempt 1 watch=181ms
129515	1789236214877	0	285	succeeded	attempt 1 watch=365ms
129539	1789236214902	1	136	chunk-verified	fetch=366ms
129549	1789236214912	0	288	succeeded	attempt 1 watch=369ms
129555	1789236214917	1	133	chunk-verified	fetch=471ms
129579	1789236214941	1	151	succeeded	attempt 1 watch=111ms
129584	1789236214947	1	139	chunk-verified	fetch=317ms
129599	1789236214962	1	142	chunk-verified	fetch=288ms
129615	1789236214977	1	154	succeeded	attempt 1 watch=122ms
129621	1789236214984	2	326	admit-ceiling	LIMIT_EXCEEDED: client unresolved admission ceiling
129636	1789236214999	0	291	succeeded	attempt 1 watch=432ms
129652	1789236215015	1	103	admit-refused	stalled read ordinal 103
129652	1789236215015	1	106	admit-refused	stalled read ordinal 106
129653	1789236215015	1	109	admit-refused	stalled read ordinal 109
129655	1789236215018	1	115	chunk-verified	fetch=1037ms
129686	1789236215049	1	157	succeeded	attempt 1 watch=146ms
129692	1789236215054	1	91	chunk-verified	fetch=1799ms
129722	1789236215085	1	160	succeeded	attempt 1 watch=167ms
129728	1789236215091	1	145	chunk-verified	fetch=341ms
129748	1789236215111	0	294	succeeded	attempt 1 watch=476ms
129748	1789236215111	1	97	chunk-verified	fetch=1752ms
129768	1789236215131	1	94	chunk-verified	fetch=1808ms
129800	1789236215162	1	163	succeeded	attempt 1 watch=215ms
129817	1789236215180	0	297	succeeded	attempt 1 watch=510ms
129834	1789236215197	1	166	succeeded	attempt 1 watch=234ms
129854	1789236215217	0	300	succeeded	attempt 1 watch=512ms
129859	1789236215222	0	258	chunk-verified	fetch=840ms
129886	1789236215248	0	303	succeeded	attempt 1 watch=524ms
129892	1789236215254	2	701	admit-ceiling	LIMIT_EXCEEDED: client unresolved admission ceiling
129900	1789236215263	1	169	succeeded	attempt 1 watch=244ms
129910	1789236215272	1	148	chunk-verified	fetch=417ms
129912	1789236215274	2	8	admit-ceiling	LIMIT_EXCEEDED: client unresolved admission ceiling
129925	1789236215288	0	261	chunk-verified	fetch=863ms
129960	1789236215322	0	264	chunk-verified	fetch=855ms
129975	1789236215338	1	172	succeeded	attempt 1 watch=283ms
129980	1789236215342	0	267	chunk-verified	fetch=843ms
130030	1789236215393	1	7	chunk-verified	fetch=3761ms
130036	1789236215398	0	270	chunk-verified	fetch=847ms
130046	1789236215409	1	175	succeeded	attempt 1 watch=317ms
130066	1789236215428	0	273	chunk-verified	fetch=831ms
130081	1789236215443	1	178	succeeded	attempt 1 watch=332ms
130086	1789236215449	0	276	chunk-verified	fetch=826ms
130107	1789236215469	0	279	chunk-verified	fetch=805ms
130121	1789236215483	1	181	succeeded	attempt 1 watch=352ms
130126	1789236215489	1	151	chunk-verified	fetch=547ms
130173	1789236215535	0	306	succeeded	attempt 1 watch=313ms
130230	1789236215592	1	154	chunk-verified	fetch=614ms
130250	1789236215612	0	309	succeeded	attempt 1 watch=324ms
130255	1789236215618	0	282	chunk-verified	fetch=850ms
130260	1789236215622	1	184	succeeded	attempt 1 watch=349ms
130284	1789236215646	0	312	succeeded	attempt 1 watch=323ms
130294	1789236215657	0	285	chunk-verified	fetch=779ms
130299	1789236215661	1	157	chunk-verified	fetch=612ms
130326	1789236215688	2	644	admit-retried	succeeded after 8 refusals
130326	1789236215688	0	315	succeeded	attempt 1 watch=346ms
130326	1789236215688	2	644	admitted	admit=19884ms
130330	1789236215693	1	187	succeeded	attempt 1 watch=299ms
130335	1789236215698	1	160	chunk-verified	fetch=613ms
130361	1789236215724	0	318	succeeded	attempt 1 watch=325ms
130367	1789236215729	0	288	chunk-verified	fetch=817ms
130390	1789236215753	0	291	chunk-verified	fetch=754ms
130396	1789236215758	0	321	succeeded	attempt 1 watch=329ms
130409	1789236215771	2	728	admit-refused	authority refusal LIMIT_EXCEEDED: retained input, output or executor capacity
130411	1789236215773	0	294	chunk-verified	fetch=662ms
130423	1789236215786	2	569	admit-refused	authority refusal LIMIT_EXCEEDED: retained input, output or executor capacity
130438	1789236215800	2	731	admit-retried	succeeded after 1 refusals
130438	1789236215800	2	731	admitted	admit=1380ms
130438	1789236215800	0	324	succeeded	attempt 1 watch=351ms
130455	1789236215818	2	734	admit-refused	authority refusal LIMIT_EXCEEDED: retained input, output or executor capacity
130478	1789236215841	0	297	chunk-verified	fetch=660ms
130478	1789236215841	0	327	succeeded	attempt 1 watch=371ms
130483	1789236215845	1	190	succeeded	attempt 1 watch=356ms
130519	1789236215881	0	300	chunk-verified	fetch=664ms
130519	1789236215881	1	193	succeeded	attempt 1 watch=289ms
130522	1789236215884	2	737	admit-refused	authority refusal LIMIT_EXCEEDED: retained input, output or executor capacity
130529	1789236215891	1	163	chunk-verified	fetch=729ms
130544	1789236215907	1	166	chunk-verified	fetch=710ms
130554	1789236215917	0	303	chunk-verified	fetch=668ms
130586	1789236215948	1	169	chunk-verified	fetch=685ms
130590	1789236215952	0	330	succeeded	attempt 1 watch=334ms
130595	1789236215958	1	196	succeeded	attempt 1 watch=296ms
130607	1789236215969	1	172	chunk-verified	fetch=631ms
130654	1789236216017	0	333	succeeded	attempt 1 watch=359ms
130654	1789236216017	1	199	succeeded	attempt 1 watch=318ms
130696	1789236216058	1	175	chunk-verified	fetch=649ms
130712	1789236216074	1	178	chunk-verified	fetch=631ms
130733	1789236216095	1	181	chunk-verified	fetch=612ms
130754	1789236216117	0	336	succeeded	attempt 1 watch=387ms
130755	1789236216117	2	407	admit-ceiling	LIMIT_EXCEEDED: client unresolved admission ceiling
130759	1789236216122	1	202	succeeded	attempt 1 watch=230ms
130790	1789236216152	0	339	succeeded	attempt 1 watch=399ms
130795	1789236216158	2	29	admit-ceiling	LIMIT_EXCEEDED: client unresolved admission ceiling
130795	1789236216158	1	205	succeeded	attempt 1 watch=251ms
130830	1789236216193	1	208	succeeded	attempt 1 watch=244ms
130836	1789236216198	1	184	chunk-verified	fetch=576ms
130861	1789236216223	0	342	succeeded	attempt 1 watch=449ms
130894	1789236216256	1	211	succeeded	attempt 1 watch=286ms
130923	1789236216286	0	345	succeeded	attempt 1 watch=445ms
130933	1789236216296	1	187	chunk-verified	fetch=603ms
130963	1789236216325	1	214	succeeded	attempt 1 watch=267ms
130967	1789236216330	1	106	chunk-verified	fetch=2603ms
130987	1789236216350	1	109	chunk-verified	fetch=2550ms
130993	1789236216355	0	348	succeeded	attempt 1 watch=473ms
130997	1789236216360	0	306	chunk-verified	fetch=824ms
131003	1789236216365	1	217	succeeded	attempt 1 watch=290ms
131007	1789236216369	1	190	chunk-verified	fetch=524ms
131027	1789236216390	0	351	succeeded	attempt 1 watch=472ms
131027	1789236216390	1	103	chunk-verified	fetch=2807ms
131033	1789236216395	0	309	chunk-verified	fetch=782ms
131037	1789236216400	1	220	succeeded	attempt 1 watch=304ms
131042	1789236216405	1	193	chunk-verified	fetch=523ms
131066	1789236216429	2	719	admit-ceiling	LIMIT_EXCEEDED: client unresolved admission ceiling
131104	1789236216466	0	312	chunk-verified	fetch=820ms
131138	1789236216501	0	315	chunk-verified	fetch=812ms
131160	1789236216522	0	318	chunk-verified	fetch=798ms
131175	1789236216537	1	223	succeeded	attempt 1 watch=338ms
131210	1789236216572	0	321	chunk-verified	fetch=814ms
131220	1789236216582	1	196	chunk-verified	fetch=624ms
131222	1789236216584	2	470	admit-ceiling	LIMIT_EXCEEDED: client unresolved admission ceiling
131244	1789236216607	0	324	chunk-verified	fetch=806ms
131249	1789236216612	1	226	succeeded	attempt 1 watch=316ms
131254	1789236216616	1	199	chunk-verified	fetch=599ms
131279	1789236216641	0	327	chunk-verified	fetch=800ms
131310	1789236216672	0	354	succeeded	attempt 1 watch=312ms
131320	1789236216683	1	229	succeeded	attempt 1 watch=353ms
131355	1789236216717	1	232	succeeded	attempt 1 watch=367ms
131387	1789236216749	0	357	succeeded	attempt 1 watch=354ms
131422	1789236216784	0	360	succeeded	attempt 1 watch=317ms
131427	1789236216790	1	235	succeeded	attempt 1 watch=420ms
131427	1789236216790	0	330	chunk-verified	fetch=837ms
131432	1789236216794	2	734	admit-retried	succeeded after 1 refusals
131432	1789236216794	2	734	admitted	admit=1105ms
131451	1789236216814	0	333	chunk-verified	fetch=797ms
131457	1789236216820	0	363	succeeded	attempt 1 watch=319ms
131461	1789236216823	1	238	succeeded	attempt 1 watch=433ms
131472	1789236216835	2	476	admit-ceiling	LIMIT_EXCEEDED: client unresolved admission ceiling
131474	1789236216837	2	728	admit-refused	authority refusal LIMIT_EXCEEDED: retained input, output or executor capacity
131477	1789236216839	0	336	chunk-verified	fetch=722ms
131491	1789236216853	2	737	admit-refused	authority refusal LIMIT_EXCEEDED: retained input, output or executor capacity
131492	1789236216855	0	366	succeeded	attempt 1 watch=332ms
131519	1789236216881	0	369	succeeded	attempt 1 watch=308ms
131524	1789236216887	0	339	chunk-verified	fetch=734ms
131540	1789236216902	1	241	succeeded	attempt 1 watch=497ms
131555	1789236216918	0	342	chunk-verified	fetch=694ms
131559	1789236216922	0	372	succeeded	attempt 1 watch=314ms
131575	1789236216937	0	345	chunk-verified	fetch=651ms
131585	1789236216947	1	202	chunk-verified	fetch=825ms
131600	1789236216962	0	375	succeeded	attempt 1 watch=321ms
131605	1789236216968	0	348	chunk-verified	fetch=612ms
131605	1789236216968	1	208	chunk-verified	fetch=774ms
131620	1789236216983	1	244	succeeded	attempt 1 watch=400ms
131626	1789236216988	1	211	chunk-verified	fetch=732ms
131660	1789236217023	1	205	chunk-verified	fetch=864ms
131681	1789236217043	0	351	chunk-verified	fetch=653ms
131691	1789236217054	1	247	succeeded	attempt 1 watch=437ms
131732	1789236217094	1	214	chunk-verified	fetch=769ms
131742	1789236217105	0	378	succeeded	attempt 1 watch=315ms
131773	1789236217135	0	381	succeeded	attempt 1 watch=321ms
131792	1789236217154	1	217	chunk-verified	fetch=789ms
131842	1789236217205	0	384	succeeded	attempt 1 watch=365ms
131864	1789236217227	1	220	chunk-verified	fetch=827ms
131894	1789236217257	1	250	succeeded	attempt 1 watch=309ms
131899	1789236217261	1	223	chunk-verified	fetch=723ms
131926	1789236217289	2	14	admit-retried	succeeded after 30 refusals
131926	1789236217289	2	14	admitted	admit=131052ms
131932	1789236217294	1	253	succeeded	attempt 1 watch=326ms
131952	1789236217315	0	387	succeeded	attempt 1 watch=428ms
131964	1789236217326	2	743	admit-ceiling	LIMIT_EXCEEDED: client unresolved admission ceiling
131989	1789236217351	0	390	succeeded	attempt 1 watch=433ms
132005	1789236217368	1	256	succeeded	attempt 1 watch=379ms
132036	1789236217398	1	259	succeeded	attempt 1 watch=375ms
132041	1789236217404	1	226	chunk-verified	fetch=791ms
132056	1789236217419	0	393	succeeded	attempt 1 watch=481ms
132067	1789236217430	2	743	admit-ceiling	LIMIT_EXCEEDED: client unresolved admission ceiling
132108	1789236217471	1	262	succeeded	attempt 1 watch=376ms
132114	1789236217477	1	229	chunk-verified	fetch=794ms
132130	1789236217493	0	396	succeeded	attempt 1 watch=524ms
132144	1789236217506	1	265	succeeded	attempt 1 watch=351ms
132149	1789236217512	1	232	chunk-verified	fetch=794ms
132164	1789236217526	0	399	succeeded	attempt 1 watch=482ms
132169	1789236217532	1	235	chunk-verified	fetch=741ms
132169	1789236217532	0	354	chunk-verified	fetch=859ms
132180	1789236217542	1	268	succeeded	attempt 1 watch=315ms
132189	1789236217552	1	238	chunk-verified	fetch=728ms
132194	1789236217557	0	357	chunk-verified	fetch=807ms
132215	1789236217578	0	360	chunk-verified	fetch=793ms
132225	1789236217588	1	241	chunk-verified	fetch=685ms
132256	1789236217618	1	271	succeeded	attempt 1 watch=356ms
132270	1789236217632	2	743	admit-ceiling	LIMIT_EXCEEDED: client unresolved admission ceiling
132276	1789236217639	0	363	chunk-verified	fetch=819ms
132313	1789236217675	0	366	chunk-verified	fetch=820ms
132332	1789236217694	0	369	chunk-verified	fetch=813ms
132336	1789236217699	1	244	chunk-verified	fetch=715ms
132387	1789236217750	0	372	chunk-verified	fetch=827ms
132401	1789236217763	2	638	admit-ceiling	LIMIT_EXCEEDED: client unresolved admission ceiling
132403	1789236217765	1	274	succeeded	attempt 1 watch=361ms
132427	1789236217789	0	375	chunk-verified	fetch=826ms
132449	1789236217811	1	247	chunk-verified	fetch=757ms
132479	1789236217842	1	277	succeeded	attempt 1 watch=364ms
132499	1789236217862	0	402	succeeded	attempt 1 watch=330ms
132531	1789236217893	0	405	succeeded	attempt 1 watch=336ms
132552	1789236217915	1	280	succeeded	attempt 1 watch=403ms
132568	1789236217930	0	408	succeeded	attempt 1 watch=352ms
132578	1789236217941	0	378	chunk-verified	fetch=836ms
132585	1789236217947	2	740	admitted	admit=1152ms
132589	1789236217952	1	283	succeeded	attempt 1 watch=420ms
132610	1789236217973	0	411	succeeded	attempt 1 watch=333ms
132610	1789236217973	0	381	chunk-verified	fetch=837ms
132639	1789236218002	2	737	admit-refused	authority refusal LIMIT_EXCEEDED: retained input, output or executor capacity
132648	1789236218011	0	414	succeeded	attempt 1 watch=335ms
132648	1789236218011	0	384	chunk-verified	fetch=805ms
132664	1789236218027	1	286	succeeded	attempt 1 watch=474ms
132679	1789236218042	0	417	succeeded	attempt 1 watch=347ms
132694	1789236218057	1	289	succeeded	attempt 1 watch=469ms
132701	1789236218063	2	548	admit-ceiling	LIMIT_EXCEEDED: client unresolved admission ceiling
132704	1789236218067	1	250	chunk-verified	fetch=809ms
132704	1789236218067	0	387	chunk-verified	fetch=751ms
132719	1789236218081	0	420	succeeded	attempt 1 watch=331ms
132725	1789236218087	0	390	chunk-verified	fetch=736ms
132755	1789236218118	0	423	succeeded	attempt 1 watch=328ms
132755	1789236218118	0	393	chunk-verified	fetch=699ms
132758	1789236218121	2	746	admit-refused	authority refusal LIMIT_EXCEEDED: retained input, output or executor capacity
132766	1789236218128	1	292	succeeded	attempt 1 watch=429ms
132771	1789236218134	1	253	chunk-verified	fetch=839ms
132774	1789236218137	2	728	admit-refused	authority refusal LIMIT_EXCEEDED: retained input, output or executor capacity
132786	1789236218149	0	396	chunk-verified	fetch=656ms
132789	1789236218152	2	674	admit-refused	authority refusal LIMIT_EXCEEDED: retained input, output or executor capacity
132796	1789236218159	1	256	chunk-verified	fetch=790ms
132804	1789236218167	2	743	admit-refused	authority refusal LIMIT_EXCEEDED: retained input, output or executor capacity
132807	1789236218169	1	259	chunk-verified	fetch=771ms
132823	1789236218185	0	399	chunk-verified	fetch=659ms
132834	1789236218196	1	262	chunk-verified	fetch=725ms
132838	1789236218201	1	295	succeeded	attempt 1 watch=389ms
132903	1789236218266	0	426	succeeded	attempt 1 watch=324ms
132914	1789236218276	1	265	chunk-verified	fetch=770ms
132941	1789236218304	0	429	succeeded	attempt 1 watch=331ms
132995	1789236218358	1	268	chunk-verified	fetch=815ms
133016	1789236218379	0	432	succeeded	attempt 1 watch=367ms
133047	1789236218409	1	298	succeeded	attempt 1 watch=342ms
133088	1789236218451	1	271	chunk-verified	fetch=832ms
133120	1789236218483	1	301	succeeded	attempt 1 watch=348ms
133127	1789236218489	0	435	succeeded	attempt 1 watch=422ms
133158	1789236218521	1	304	succeeded	attempt 1 watch=362ms
133191	1789236218554	0	438	succeeded	attempt 1 watch=466ms
133196	1789236218559	1	307	succeeded	attempt 1 watch=389ms
133207	1789236218569	1	274	chunk-verified	fetch=803ms
133227	1789236218590	0	441	succeeded	attempt 1 watch=472ms
133233	1789236218595	1	310	succeeded	attempt 1 watch=399ms
133303	1789236218665	0	444	succeeded	attempt 1 watch=516ms
133308	1789236218671	1	313	succeeded	attempt 1 watch=394ms
133313	1789236218675	1	280	chunk-verified	fetch=760ms
133339	1789236218701	0	447	succeeded	attempt 1 watch=516ms
133343	1789236218706	0	402	chunk-verified	fetch=843ms
133343	1789236218706	1	277	chunk-verified	fetch=864ms
133343	1789236218706	1	316	succeeded	attempt 1 watch=347ms
133368	1789236218731	1	283	chunk-verified	fetch=779ms
133373	1789236218736	0	405	chunk-verified	fetch=842ms
133387	1789236218750	1	289	chunk-verified	fetch=693ms
133397	1789236218760	0	408	chunk-verified	fetch=829ms
133405	1789236218767	1	286	chunk-verified	fetch=740ms
133416	1789236218778	1	292	chunk-verified	fetch=649ms
133420	1789236218783	1	319	succeeded	attempt 1 watch=331ms
133451	1789236218814	0	411	chunk-verified	fetch=841ms
133487	1789236218849	0	414	chunk-verified	fetch=838ms
133506	1789236218869	0	417	chunk-verified	fetch=827ms
133530	1789236218893	0	420	chunk-verified	fetch=811ms
133561	1789236218924	1	322	succeeded	attempt 1 watch=354ms
133596	1789236218958	0	423	chunk-verified	fetch=840ms
133641	1789236219004	1	295	chunk-verified	fetch=803ms
133662	1789236219025	0	450	succeeded	attempt 1 watch=318ms
133667	1789236219030	1	325	succeeded	attempt 1 watch=354ms
133693	1789236219056	1	328	succeeded	attempt 1 watch=350ms
133698	1789236219060	0	453	succeeded	attempt 1 watch=324ms
133704	1789236219067	0	426	chunk-verified	fetch=800ms
133737	1789236219099	0	456	succeeded	attempt 1 watch=339ms
133769	1789236219131	1	331	succeeded	attempt 1 watch=400ms
133773	1789236219136	0	429	chunk-verified	fetch=831ms
133779	1789236219141	0	459	succeeded	attempt 1 watch=327ms
133803	1789236219166	1	334	succeeded	attempt 1 watch=416ms
133810	1789236219172	1	298	chunk-verified	fetch=762ms
133814	1789236219177	0	462	succeeded	attempt 1 watch=327ms
133819	1789236219182	0	432	chunk-verified	fetch=803ms
133834	1789236219196	0	435	chunk-verified	fetch=707ms
133839	1789236219202	1	337	succeeded	attempt 1 watch=434ms
133850	1789236219213	0	465	succeeded	attempt 1 watch=343ms
133865	1789236219228	1	340	succeeded	attempt 1 watch=449ms
133881	1789236219244	0	468	succeeded	attempt 1 watch=350ms
133886	1789236219248	0	438	chunk-verified	fetch=694ms
133918	1789236219281	0	471	succeeded	attempt 1 watch=322ms
133928	1789236219290	0	441	chunk-verified	fetch=700ms
133942	1789236219305	1	301	chunk-verified	fetch=822ms
133953	1789236219316	0	444	chunk-verified	fetch=650ms
133968	1789236219330	1	304	chunk-verified	fetch=809ms
133973	1789236219335	1	343	succeeded	attempt 1 watch=331ms
133977	1789236219340	0	447	chunk-verified	fetch=638ms
133988	1789236219350	1	310	chunk-verified	fetch=754ms
134010	1789236219373	1	313	chunk-verified	fetch=701ms
134033	1789236219396	0	474	succeeded	attempt 1 watch=329ms
134050	1789236219412	1	307	chunk-verified	fetch=853ms
134089	1789236219452	1	316	chunk-verified	fetch=745ms
134110	1789236219473	0	477	succeeded	attempt 1 watch=336ms
134165	1789236219527	1	346	succeeded	attempt 1 watch=354ms
134220	1789236219583	0	480	succeeded	attempt 1 watch=400ms
134258	1789236219621	0	483	succeeded	attempt 1 watch=424ms
134275	1789236219637	1	349	succeeded	attempt 1 watch=332ms
134281	1789236219644	1	319	chunk-verified	fetch=861ms
134286	1789236219648	2	746	admit-retried	succeeded after 1 refusals
134286	1789236219648	2	746	admitted	admit=1700ms
134301	1789236219664	1	322	chunk-verified	fetch=739ms
134311	1789236219674	1	352	succeeded	attempt 1 watch=343ms
134327	1789236219689	2	749	admit-ceiling	LIMIT_EXCEEDED: client unresolved admission ceiling
134363	1789236219725	0	486	succeeded	attempt 1 watch=476ms
134379	1789236219742	1	355	succeeded	attempt 1 watch=391ms
134395	1789236219757	2	737	admit-retried	succeeded after 3 refusals
134395	1789236219757	2	737	admitted	admit=3956ms
134410	1789236219773	1	358	succeeded	attempt 1 watch=400ms
134420	1789236219782	1	325	chunk-verified	fetch=752ms
134431	1789236219794	0	489	succeeded	attempt 1 watch=503ms
134432	1789236219795	2	749	admit-ceiling	LIMIT_EXCEEDED: client unresolved admission ceiling
134439	1789236219801	2	719	admit-refused	authority refusal LIMIT_EXCEEDED: retained input, output or executor capacity
134446	1789236219808	1	361	succeeded	attempt 1 watch=395ms
134451	1789236219814	1	328	chunk-verified	fetch=757ms
134466	1789236219828	0	492	succeeded	attempt 1 watch=512ms
134471	1789236219834	0	450	chunk-verified	fetch=809ms
134481	1789236219844	1	364	succeeded	attempt 1 watch=392ms
134491	1789236219854	1	331	chunk-verified	fetch=722ms
134502	1789236219864	0	495	succeeded	attempt 1 watch=524ms
134521	1789236219884	1	334	chunk-verified	fetch=717ms
134542	1789236219905	0	453	chunk-verified	fetch=844ms
134550	1789236219913	2	752	admit-refused	authority refusal LIMIT_EXCEEDED: retained input, output or executor capacity
134558	1789236219921	1	337	chunk-verified	fetch=718ms
134573	1789236219935	0	456	chunk-verified	fetch=836ms
134594	1789236219956	1	367	succeeded	attempt 1 watch=312ms
134599	1789236219962	1	340	chunk-verified	fetch=733ms
134620	1789236219982	0	459	chunk-verified	fetch=841ms
134630	1789236219993	1	370	succeeded	attempt 1 watch=329ms
134652	1789236220015	2	752	admit-ceiling	LIMIT_EXCEEDED: client unresolved admission ceiling
134655	1789236220018	0	462	chunk-verified	fetch=841ms
134685	1789236220048	0	465	chunk-verified	fetch=834ms
134704	1789236220067	0	468	chunk-verified	fetch=823ms
134708	1789236220071	1	343	chunk-verified	fetch=735ms
134725	1789236220087	0	471	chunk-verified	fetch=806ms
134771	1789236220133	1	373	succeeded	attempt 1 watch=350ms
134786	1789236220149	0	498	succeeded	attempt 1 watch=315ms
134838	1789236220200	1	376	succeeded	attempt 1 watch=386ms
134854	1789236220217	2	752	admit-ceiling	LIMIT_EXCEEDED: client unresolved admission ceiling
134858	1789236220220	0	501	succeeded	attempt 1 watch=315ms
134862	1789236220225	0	474	chunk-verified	fetch=828ms
134892	1789236220254	0	504	succeeded	attempt 1 watch=319ms
134897	1789236220260	0	477	chunk-verified	fetch=787ms
134912	1789236220275	1	379	succeeded	attempt 1 watch=421ms
134928	1789236220290	0	507	succeeded	attempt 1 watch=307ms
134928	1789236220290	2	728	admit-retried	succeeded after 4 refusals
134928	1789236220290	2	728	admitted	admit=6568ms
134929	1789236220292	2	8	admit-ceiling	LIMIT_EXCEEDED: client unresolved admission ceiling
134932	1789236220295	0	480	chunk-verified	fetch=711ms
134948	1789236220310	1	382	succeeded	attempt 1 watch=426ms
134951	1789236220314	1	346	chunk-verified	fetch=786ms
134962	1789236220325	0	510	succeeded	attempt 1 watch=306ms
134962	1789236220325	2	755	admit-ceiling	LIMIT_EXCEEDED: client unresolved admission ceiling
134967	1789236220330	0	483	chunk-verified	fetch=709ms
134982	1789236220345	1	385	succeeded	attempt 1 watch=423ms
134988	1789236220350	1	349	chunk-verified	fetch=713ms
134998	1789236220361	0	486	chunk-verified	fetch=635ms
135003	1789236220366	0	513	succeeded	attempt 1 watch=318ms
135039	1789236220401	0	516	succeeded	attempt 1 watch=334ms
135055	1789236220417	1	388	succeeded	attempt 1 watch=455ms
135064	1789236220427	2	755	admit-ceiling	LIMIT_EXCEEDED: client unresolved admission ceiling
135069	1789236220431	0	519	succeeded	attempt 1 watch=343ms
135075	1789236220438	0	489	chunk-verified	fetch=643ms
135082	1789236220445	2	326	admit-refused	authority refusal LIMIT_EXCEEDED: retained input, output or executor capacity
135098	1789236220460	2	749	admit-refused	authority refusal LIMIT_EXCEEDED: retained input, output or executor capacity
135106	1789236220469	2	743	admit-retried	succeeded after 4 refusals
135106	1789236220469	2	743	admitted	admit=3179ms
135111	1789236220473	0	492	chunk-verified	fetch=644ms
135114	1789236220476	2	701	admit-refused	authority refusal LIMIT_EXCEEDED: retained input, output or executor capacity
135126	1789236220489	1	391	succeeded	attempt 1 watch=418ms
135136	1789236220499	1	352	chunk-verified	fetch=824ms
135147	1789236220510	0	495	chunk-verified	fetch=645ms
135155	1789236220518	2	758	admit-refused	authority refusal LIMIT_EXCEEDED: retained input, output or executor capacity
135167	1789236220530	1	355	chunk-verified	fetch=788ms
135178	1789236220540	0	522	succeeded	attempt 1 watch=315ms
135183	1789236220546	1	358	chunk-verified	fetch=772ms
135203	1789236220565	1	361	chunk-verified	fetch=757ms
135239	1789236220601	1	364	chunk-verified	fetch=757ms
135255	1789236220617	0	525	succeeded	attempt 1 watch=357ms
135297	1789236220659	1	394	succeeded	attempt 1 watch=345ms
135318	1789236220681	0	528	succeeded	attempt 1 watch=386ms
135356	1789236220719	1	397	succeeded	attempt 1 watch=368ms
135387	1789236220749	0	531	succeeded	attempt 1 watch=419ms
135403	1789236220766	1	367	chunk-verified	fetch=809ms
135424	1789236220787	0	534	succeeded	attempt 1 watch=426ms
135427	1789236220790	2	752	admit-refused	authority refusal LIMIT_EXCEEDED: retained input, output or executor capacity
135434	1789236220797	1	370	chunk-verified	fetch=804ms
135442	1789236220804	2	758	admit-refused	authority refusal LIMIT_EXCEEDED: retained input, output or executor capacity
135458	1789236220821	2	755	admit-refused	authority refusal LIMIT_EXCEEDED: retained input, output or executor capacity
135466	1789236220828	1	400	succeeded	attempt 1 watch=329ms
135502	1789236220865	1	403	succeeded	attempt 1 watch=334ms
135509	1789236220871	1	373	chunk-verified	fetch=738ms
135517	1789236220879	2	569	admit-refused	authority refusal LIMIT_EXCEEDED: retained input, output or executor capacity
135539	1789236220901	1	406	succeeded	attempt 1 watch=355ms
135551	1789236220914	2	749	admit-refused	authority refusal LIMIT_EXCEEDED: retained input, output or executor capacity
135569	1789236220932	0	537	succeeded	attempt 1 watch=494ms
135575	1789236220938	1	409	succeeded	attempt 1 watch=372ms
135579	1789236220942	1	376	chunk-verified	fetch=741ms
135606	1789236220968	0	540	succeeded	attempt 1 watch=495ms
135610	1789236220973	0	498	chunk-verified	fetch=823ms
135616	1789236220979	1	412	succeeded	attempt 1 watch=377ms
135621	1789236220983	1	379	chunk-verified	fetch=708ms
135637	1789236220999	0	501	chunk-verified	fetch=778ms
135641	1789236221004	0	543	succeeded	attempt 1 watch=493ms
135648	1789236221010	1	382	chunk-verified	fetch=700ms
135689	1789236221052	1	385	chunk-verified	fetch=706ms
135709	1789236221072	0	504	chunk-verified	fetch=817ms
135724	1789236221086	1	415	succeeded	attempt 1 watch=320ms
135729	1789236221092	1	388	chunk-verified	fetch=674ms
135749	1789236221112	0	507	chunk-verified	fetch=821ms
135764	1789236221126	1	418	succeeded	attempt 1 watch=329ms
135770	1789236221132	1	391	chunk-verified	fetch=643ms
135786	1789236221149	0	510	chunk-verified	fetch=824ms
135863	1789236221226	0	513	chunk-verified	fetch=860ms
135874	1789236221237	1	421	succeeded	attempt 1 watch=365ms
135885	1789236221247	0	516	chunk-verified	fetch=845ms
135919	1789236221281	0	519	chunk-verified	fetch=849ms
135934	1789236221297	0	546	succeeded	attempt 1 watch=323ms
135968	1789236221331	0	549	succeeded	attempt 1 watch=331ms
135990	1789236221353	1	424	succeeded	attempt 1 watch=410ms
136040	1789236221402	0	552	succeeded	attempt 1 watch=330ms
136050	1789236221413	0	522	chunk-verified	fetch=872ms
136061	1789236221423	1	427	succeeded	attempt 1 watch=439ms
136065	1789236221427	0	525	chunk-verified	fetch=810ms
136076	1789236221439	0	555	succeeded	attempt 1 watch=327ms
136091	1789236221454	1	430	succeeded	attempt 1 watch=443ms
136096	1789236221458	0	528	chunk-verified	fetch=777ms
136113	1789236221475	0	558	succeeded	attempt 1 watch=326ms
136118	1789236221481	0	531	chunk-verified	fetch=731ms
136134	1789236221497	1	433	succeeded	attempt 1 watch=445ms
136139	1789236221502	1	394	chunk-verified	fetch=842ms
136149	1789236221511	0	561	succeeded	attempt 1 watch=285ms
136159	1789236221521	0	534	chunk-verified	fetch=734ms
136166	1789236221528	1	397	chunk-verified	fetch=809ms
136188	1789236221551	0	564	succeeded	attempt 1 watch=303ms
136198	1789236221561	0	537	chunk-verified	fetch=629ms
136208	1789236221571	1	436	succeeded	attempt 1 watch=479ms
136223	1789236221585	2	470	admit-ceiling	LIMIT_EXCEEDED: client unresolved admission ceiling
136228	1789236221591	2	752	admit-ceiling	LIMIT_EXCEEDED: client unresolved admission ceiling
136229	1789236221592	0	567	succeeded	attempt 1 watch=310ms
136234	1789236221596	0	540	chunk-verified	fetch=628ms
136289	1789236221652	1	439	succeeded	attempt 1 watch=519ms
136327	1789236221689	1	400	chunk-verified	fetch=860ms
136360	1789236221723	0	543	chunk-verified	fetch=719ms
136367	1789236221729	1	406	chunk-verified	fetch=827ms
136389	1789236221751	2	758	admit-retried	succeeded after 2 refusals
136389	1789236221751	1	409	chunk-verified	fetch=813ms
136389	1789236221751	2	758	admitted	admit=1281ms
136393	1789236221756	0	570	succeeded	attempt 1 watch=342ms
136414	1789236221777	1	412	chunk-verified	fetch=797ms
136426	1789236221788	2	761	admit-ceiling	LIMIT_EXCEEDED: client unresolved admission ceiling
136436	1789236221799	0	573	succeeded	attempt 1 watch=371ms
136463	1789236221825	1	403	chunk-verified	fetch=960ms
136474	1789236221837	2	476	admit-ceiling	LIMIT_EXCEEDED: client unresolved admission ceiling
136506	1789236221869	1	442	succeeded	attempt 1 watch=367ms
136513	1789236221875	0	576	succeeded	attempt 1 watch=417ms
136528	1789236221890	2	761	admit-ceiling	LIMIT_EXCEEDED: client unresolved admission ceiling
136544	1789236221906	1	445	succeeded	attempt 1 watch=377ms
136585	1789236221948	1	415	chunk-verified	fetch=861ms
136585	1789236221948	0	579	succeeded	attempt 1 watch=467ms
136624	1789236221987	1	418	chunk-verified	fetch=860ms
136655	1789236222017	2	407	admit-retried	succeeded after 18 refusals
136655	1789236222017	2	407	admitted	admit=74224ms
136661	1789236222024	1	448	succeeded	attempt 1 watch=334ms
136666	1789236222029	1	421	chunk-verified	fetch=791ms
136672	1789236222034	0	582	succeeded	attempt 1 watch=512ms
136702	1789236222064	1	451	succeeded	attempt 1 watch=334ms
136708	1789236222070	1	424	chunk-verified	fetch=717ms
136730	1789236222092	2	761	admit-ceiling	LIMIT_EXCEEDED: client unresolved admission ceiling
136742	1789236222105	1	454	succeeded	attempt 1 watch=353ms
136747	1789236222109	0	585	succeeded	attempt 1 watch=548ms
136779	1789236222142	1	457	succeeded	attempt 1 watch=365ms
136786	1789236222148	1	427	chunk-verified	fetch=725ms
136808	1789236222171	2	29	admit-refused	authority refusal LIMIT_EXCEEDED: retained input, output or executor capacity
136817	1789236222179	1	460	succeeded	attempt 1 watch=353ms
136823	1789236222186	0	588	succeeded	attempt 1 watch=589ms
136826	1789236222188	2	749	admit-refused	authority refusal LIMIT_EXCEEDED: retained input, output or executor capacity
136828	1789236222191	1	430	chunk-verified	fetch=737ms
136862	1789236222224	1	433	chunk-verified	fetch=727ms
136862	1789236222224	0	591	succeeded	attempt 1 watch=501ms
136864	1789236222227	2	764	admit-refused	authority refusal LIMIT_EXCEEDED: retained input, output or executor capacity
136868	1789236222230	0	546	chunk-verified	fetch=933ms
136889	1789236222251	0	549	chunk-verified	fetch=920ms
136920	1789236222283	0	552	chunk-verified	fetch=880ms
136937	1789236222299	1	463	succeeded	attempt 1 watch=351ms
136941	1789236222303	1	436	chunk-verified	fetch=732ms
136971	1789236222333	0	555	chunk-verified	fetch=894ms
136976	1789236222339	1	466	succeeded	attempt 1 watch=352ms
136981	1789236222343	1	439	chunk-verified	fetch=691ms
137006	1789236222368	0	558	chunk-verified	fetch=892ms
137041	1789236222404	0	561	chunk-verified	fetch=892ms
137047	1789236222409	1	469	succeeded	attempt 1 watch=380ms
137076	1789236222439	0	564	chunk-verified	fetch=888ms
137110	1789236222473	0	567	chunk-verified	fetch=880ms
137116	1789236222478	1	472	succeeded	attempt 1 watch=408ms
137162	1789236222525	2	755	admit-retried	succeeded after 3 refusals
137162	1789236222525	2	755	admitted	admit=2233ms
137183	1789236222546	0	594	succeeded	attempt 1 watch=315ms
137219	1789236222582	0	597	succeeded	attempt 1 watch=330ms
137225	1789236222587	1	475	succeeded	attempt 1 watch=438ms
137248	1789236222611	2	764	admit-refused	authority refusal LIMIT_EXCEEDED: retained input, output or executor capacity
137256	1789236222619	0	600	succeeded	attempt 1 watch=335ms
137261	1789236222624	0	570	chunk-verified	fetch=868ms
137292	1789236222654	0	603	succeeded	attempt 1 watch=321ms
137297	1789236222659	0	573	chunk-verified	fetch=860ms
137297	1789236222659	1	478	succeeded	attempt 1 watch=467ms
137328	1789236222690	0	576	chunk-verified	fetch=815ms
137328	1789236222690	0	606	succeeded	attempt 1 watch=322ms
137333	1789236222696	1	481	succeeded	attempt 1 watch=471ms
137338	1789236222700	1	442	chunk-verified	fetch=831ms
137353	1789236222715	0	579	chunk-verified	fetch=767ms
137363	1789236222726	0	609	succeeded	attempt 1 watch=321ms
137368	1789236222730	0	582	chunk-verified	fetch=695ms
137379	1789236222742	1	445	chunk-verified	fetch=835ms
137400	1789236222762	0	612	succeeded	attempt 1 watch=323ms
137404	1789236222767	0	585	chunk-verified	fetch=657ms
137410	1789236222772	1	484	succeeded	attempt 1 watch=468ms
137436	1789236222798	0	615	succeeded	attempt 1 watch=325ms
137441	1789236222804	0	588	chunk-verified	fetch=617ms
137479	1789236222842	0	591	chunk-verified	fetch=617ms
137484	1789236222846	1	487	succeeded	attempt 1 watch=502ms
137525	1789236222888	1	448	chunk-verified	fetch=863ms
137559	1789236222922	1	451	chunk-verified	fetch=857ms
137580	1789236222942	0	618	succeeded	attempt 1 watch=318ms
137590	1789236222952	1	454	chunk-verified	fetch=847ms
137616	1789236222979	1	457	chunk-verified	fetch=837ms
137631	1789236222994	1	460	chunk-verified	fetch=814ms
137647	1789236223010	0	621	succeeded	attempt 1 watch=350ms
137680	1789236223042	0	624	succeeded	attempt 1 watch=352ms
137703	1789236223066	2	548	admit-ceiling	LIMIT_EXCEEDED: client unresolved admission ceiling
137704	1789236223066	1	490	succeeded	attempt 1 watch=366ms
137737	1789236223099	1	493	succeeded	attempt 1 watch=357ms
137741	1789236223104	1	463	chunk-verified	fetch=804ms
137762	1789236223124	0	627	succeeded	attempt 1 watch=408ms
137791	1789236223154	2	674	admit-ceiling	LIMIT_EXCEEDED: client unresolved admission ceiling
137807	1789236223170	1	466	chunk-verified	fetch=830ms
137830	1789236223193	2	752	admit-ceiling	LIMIT_EXCEEDED: client unresolved admission ceiling
137832	1789236223194	0	630	succeeded	attempt 1 watch=462ms
137837	1789236223200	1	496	succeeded	attempt 1 watch=311ms
137842	1789236223204	1	469	chunk-verified	fetch=794ms
137871	1789236223233	1	499	succeeded	attempt 1 watch=311ms
137876	1789236223238	1	472	chunk-verified	fetch=760ms
137903	1789236223266	0	633	succeeded	attempt 1 watch=499ms
137908	1789236223271	1	502	succeeded	attempt 1 watch=318ms
137919	1789236223281	1	475	chunk-verified	fetch=693ms
137945	1789236223307	1	505	succeeded	attempt 1 watch=328ms
137976	1789236223338	0	636	succeeded	attempt 1 watch=534ms
137980	1789236223343	1	508	succeeded	attempt 1 watch=348ms
137990	1789236223352	1	478	chunk-verified	fetch=693ms
138010	1789236223373	0	639	succeeded	attempt 1 watch=531ms
138016	1789236223378	0	594	chunk-verified	fetch=832ms
138020	1789236223383	1	481	chunk-verified	fetch=686ms
138046	1789236223408	0	597	chunk-verified	fetch=826ms
138086	1789236223448	2	761	admit-retried	succeeded after 3 refusals
138086	1789236223448	2	761	admitted	admit=1696ms
138086	1789236223448	0	600	chunk-verified	fetch=829ms
138091	1789236223454	1	511	succeeded	attempt 1 watch=349ms
138094	1789236223457	2	767	admit-refused	authority refusal LIMIT_EXCEEDED: retained input, output or executor capacity
138124	1789236223486	1	514	succeeded	attempt 1 watch=316ms
138129	1789236223492	0	603	chunk-verified	fetch=837ms
138134	1789236223496	1	484	chunk-verified	fetch=723ms
138154	1789236223517	1	487	chunk-verified	fetch=670ms
138164	1789236223526	0	606	chunk-verified	fetch=836ms
138195	1789236223557	1	517	succeeded	attempt 1 watch=353ms
138200	1789236223563	0	609	chunk-verified	fetch=837ms
138208	1789236223570	2	638	admit-refused	authority refusal LIMIT_EXCEEDED: retained input, output or executor capacity
138230	1789236223592	0	612	chunk-verified	fetch=830ms
138243	1789236223605	2	770	admit-refused	authority refusal LIMIT_EXCEEDED: retained input, output or executor capacity
138264	1789236223627	0	615	chunk-verified	fetch=828ms
138265	1789236223627	1	520	succeeded	attempt 1 watch=388ms
138326	1789236223689	0	642	succeeded	attempt 1 watch=310ms
138326	1789236223689	1	523	succeeded	attempt 1 watch=407ms
138363	1789236223726	0	645	succeeded	attempt 1 watch=317ms
138368	1789236223730	0	618	chunk-verified	fetch=787ms
138400	1789236223763	0	648	succeeded	attempt 1 watch=314ms
138400	1789236223763	0	621	chunk-verified	fetch=752ms
138432	1789236223794	1	526	succeeded	attempt 1 watch=442ms
138437	1789236223800	0	651	succeeded	attempt 1 watch=307ms
138447	1789236223810	0	624	chunk-verified	fetch=767ms
138466	1789236223829	1	529	succeeded	attempt 1 watch=446ms
138471	1789236223834	1	490	chunk-verified	fetch=767ms
138471	1789236223834	0	654	succeeded	attempt 1 watch=307ms
138481	1789236223843	0	627	chunk-verified	fetch=719ms
138507	1789236223869	0	657	succeeded	attempt 1 watch=306ms
138507	1789236223869	1	493	chunk-verified	fetch=769ms
138511	1789236223874	0	630	chunk-verified	fetch=679ms
138543	1789236223906	0	660	succeeded	attempt 1 watch=313ms
138553	1789236223915	0	633	chunk-verified	fetch=649ms
138574	1789236223936	1	532	succeeded	attempt 1 watch=439ms
138579	1789236223942	0	663	succeeded	attempt 1 watch=314ms
138583	1789236223946	0	636	chunk-verified	fetch=607ms
138611	1789236223973	1	535	succeeded	attempt 1 watch=456ms
138626	1789236223988	0	639	chunk-verified	fetch=615ms
138651	1789236224014	1	496	chunk-verified	fetch=814ms
138687	1789236224050	0	666	succeeded	attempt 1 watch=319ms
138687	1789236224050	1	499	chunk-verified	fetch=816ms
138722	1789236224085	0	669	succeeded	attempt 1 watch=321ms
138722	1789236224085	1	502	chunk-verified	fetch=813ms
138748	1789236224110	1	505	chunk-verified	fetch=803ms
138796	1789236224158	1	508	chunk-verified	fetch=815ms
138827	1789236224190	1	538	succeeded	attempt 1 watch=356ms
138833	1789236224196	0	672	succeeded	attempt 1 watch=386ms
138864	1789236224227	1	541	succeeded	attempt 1 watch=357ms
138869	1789236224231	1	511	chunk-verified	fetch=777ms
138905	1789236224267	1	514	chunk-verified	fetch=781ms
138905	1789236224267	0	675	succeeded	attempt 1 watch=424ms
138973	1789236224335	1	544	succeeded	attempt 1 watch=321ms
138978	1789236224341	1	517	chunk-verified	fetch=783ms
138978	1789236224341	0	678	succeeded	attempt 1 watch=467ms
139007	1789236224370	1	547	succeeded	attempt 1 watch=320ms
139012	1789236224374	1	520	chunk-verified	fetch=747ms
139030	1789236224392	2	767	admit-refused	authority refusal LIMIT_EXCEEDED: retained input, output or executor capacity
139044	1789236224406	1	550	succeeded	attempt 1 watch=321ms
139048	1789236224411	1	523	chunk-verified	fetch=721ms
139048	1789236224411	0	681	succeeded	attempt 1 watch=495ms
139058	1789236224420	2	764	admit-retried	succeeded after 2 refusals
139058	1789236224420	2	764	admitted	admit=2402ms
139079	1789236224441	1	553	succeeded	attempt 1 watch=330ms
139117	1789236224479	0	684	succeeded	attempt 1 watch=533ms
139121	1789236224484	1	556	succeeded	attempt 1 watch=325ms
139127	1789236224489	1	526	chunk-verified	fetch=694ms
139151	1789236224514	1	529	chunk-verified	fetch=684ms
139151	1789236224514	0	687	succeeded	attempt 1 watch=525ms
139157	1789236224519	0	642	chunk-verified	fetch=830ms
139192	1789236224555	0	645	chunk-verified	fetch=828ms
139229	1789236224592	1	559	succeeded	attempt 1 watch=360ms
139266	1789236224628	0	648	chunk-verified	fetch=865ms
139266	1789236224628	1	562	succeeded	attempt 1 watch=360ms
139270	1789236224633	1	532	chunk-verified	fetch=696ms
139290	1789236224653	0	651	chunk-verified	fetch=852ms
139310	1789236224673	1	535	chunk-verified	fetch=699ms
139310	1789236224673	0	654	chunk-verified	fetch=839ms
139337	1789236224700	1	565	succeeded	attempt 1 watch=359ms
139343	1789236224705	0	657	chunk-verified	fetch=836ms
139372	1789236224735	0	660	chunk-verified	fetch=829ms
139398	1789236224761	1	568	succeeded	attempt 1 watch=386ms
139404	1789236224766	0	663	chunk-verified	fetch=824ms
139440	1789236224803	2	719	admit-ceiling	LIMIT_EXCEEDED: client unresolved admission ceiling
139467	1789236224830	1	571	succeeded	attempt 1 watch=419ms
139473	1789236224835	0	690	succeeded	attempt 1 watch=315ms
139507	1789236224870	0	693	succeeded	attempt 1 watch=315ms
139512	1789236224875	0	666	chunk-verified	fetch=825ms
139549	1789236224911	0	696	succeeded	attempt 1 watch=283ms
139553	1789236224916	0	669	chunk-verified	fetch=831ms
139573	1789236224936	0	672	chunk-verified	fetch=739ms
139579	1789236224941	1	574	succeeded	attempt 1 watch=452ms
139589	1789236224951	0	699	succeeded	attempt 1 watch=298ms
139610	1789236224973	1	577	succeeded	attempt 1 watch=458ms
139624	1789236224987	0	702	succeeded	attempt 1 watch=313ms
139630	1789236224992	0	675	chunk-verified	fetch=724ms
139650	1789236225012	1	538	chunk-verified	fetch=822ms
139665	1789236225028	0	705	succeeded	attempt 1 watch=322ms
139676	1789236225038	1	541	chunk-verified	fetch=811ms
139676	1789236225038	0	678	chunk-verified	fetch=697ms
139700	1789236225062	0	708	succeeded	attempt 1 watch=327ms
139704	1789236225067	0	681	chunk-verified	fetch=656ms
139721	1789236225083	1	580	succeeded	attempt 1 watch=450ms
139736	1789236225098	0	711	succeeded	attempt 1 watch=331ms
139740	1789236225103	0	684	chunk-verified	fetch=623ms
139756	1789236225119	1	583	succeeded	attempt 1 watch=445ms
139761	1789236225124	1	544	chunk-verified	fetch=788ms
139782	1789236225144	0	687	chunk-verified	fetch=630ms
139827	1789236225190	1	547	chunk-verified	fetch=820ms
139844	1789236225206	0	714	succeeded	attempt 1 watch=331ms
139864	1789236225227	1	550	chunk-verified	fetch=820ms
139899	1789236225262	1	553	chunk-verified	fetch=820ms
139915	1789236225278	0	717	succeeded	attempt 1 watch=362ms
139920	1789236225282	1	556	chunk-verified	fetch=798ms
139931	1789236225294	2	8	admit-ceiling	LIMIT_EXCEEDED: client unresolved admission ceiling
139946	1789236225309	0	720	succeeded	attempt 1 watch=373ms
139966	1789236225329	1	586	succeeded	attempt 1 watch=316ms
139971	1789236225333	1	559	chunk-verified	fetch=741ms
140007	1789236225370	1	589	succeeded	attempt 1 watch=331ms
140044	1789236225406	1	562	chunk-verified	fetch=778ms
140059	1789236225421	0	723	succeeded	attempt 1 watch=429ms
140084	1789236225447	2	326	admit-ceiling	LIMIT_EXCEEDED: client unresolved admission ceiling
140105	1789236225468	1	592	succeeded	attempt 1 watch=343ms
140115	1789236225477	2	701	admit-ceiling	LIMIT_EXCEEDED: client unresolved admission ceiling
140120	1789236225483	0	726	succeeded	attempt 1 watch=444ms
140135	1789236225497	1	595	succeeded	attempt 1 watch=307ms
140140	1789236225503	1	565	chunk-verified	fetch=802ms
140172	1789236225534	1	598	succeeded	attempt 1 watch=307ms
140172	1789236225534	1	568	chunk-verified	fetch=773ms
140188	1789236225551	1	571	chunk-verified	fetch=720ms
140194	1789236225556	0	729	succeeded	attempt 1 watch=489ms
140215	1789236225577	1	601	succeeded	attempt 1 watch=315ms
140215	1789236225577	1	574	chunk-verified	fetch=636ms
140247	1789236225610	1	604	succeeded	attempt 1 watch=327ms
140264	1789236225627	0	732	succeeded	attempt 1 watch=523ms
140288	1789236225650	1	577	chunk-verified	fetch=677ms
140302	1789236225664	0	735	succeeded	attempt 1 watch=519ms
140309	1789236225671	0	690	chunk-verified	fetch=835ms
140324	1789236225686	1	607	succeeded	attempt 1 watch=353ms
140344	1789236225706	0	693	chunk-verified	fetch=836ms
140379	1789236225742	0	696	chunk-verified	fetch=830ms
140394	1789236225757	1	610	succeeded	attempt 1 watch=350ms
140400	1789236225762	1	580	chunk-verified	fetch=678ms
140431	1789236225794	1	583	chunk-verified	fetch=675ms
140451	1789236225813	0	699	chunk-verified	fetch=861ms
140472	1789236225834	0	702	chunk-verified	fetch=847ms
140487	1789236225850	0	705	chunk-verified	fetch=822ms
140504	1789236225867	1	613	succeeded	attempt 1 watch=364ms
140520	1789236225882	2	569	admit-ceiling	LIMIT_EXCEEDED: client unresolved admission ceiling
140522	1789236225884	0	708	chunk-verified	fetch=821ms
140538	1789236225901	1	616	succeeded	attempt 1 watch=366ms
140558	1789236225921	0	711	chunk-verified	fetch=822ms
140609	1789236225971	1	619	succeeded	attempt 1 watch=420ms
140623	1789236225986	0	738	succeeded	attempt 1 watch=314ms
140659	1789236226022	0	741	succeeded	attempt 1 watch=315ms
140664	1789236226026	0	714	chunk-verified	fetch=819ms
140680	1789236226042	1	622	succeeded	attempt 1 watch=464ms
140693	1789236226056	0	744	succeeded	attempt 1 watch=313ms
140699	1789236226061	0	717	chunk-verified	fetch=783ms
140729	1789236226092	0	747	succeeded	attempt 1 watch=278ms
140734	1789236226097	0	720	chunk-verified	fetch=787ms
140750	1789236226112	1	625	succeeded	attempt 1 watch=461ms
140754	1789236226117	1	586	chunk-verified	fetch=787ms
140754	1789236226117	0	723	chunk-verified	fetch=695ms
140767	1789236226130	2	770	admit-refused	authority refusal LIMIT_EXCEEDED: retained input, output or executor capacity
140770	1789236226132	0	750	succeeded	attempt 1 watch=298ms
140783	1789236226146	2	749	admit-refused	authority refusal LIMIT_EXCEEDED: retained input, output or executor capacity
140804	1789236226167	0	753	succeeded	attempt 1 watch=316ms
140810	1789236226172	0	726	chunk-verified	fetch=689ms
140824	1789236226187	1	589	chunk-verified	fetch=816ms
140832	1789236226195	2	767	admit-refused	authority refusal LIMIT_EXCEEDED: retained input, output or executor capacity
140840	1789236226202	0	756	succeeded	attempt 1 watch=317ms
140844	1789236226207	0	729	chunk-verified	fetch=650ms
140860	1789236226223	1	628	succeeded	attempt 1 watch=460ms
140860	1789236226223	2	773	admitted	admit=1801ms
140874	1789236226237	0	759	succeeded	attempt 1 watch=316ms
140880	1789236226242	0	732	chunk-verified	fetch=615ms
140894	1789236226257	1	631	succeeded	attempt 1 watch=462ms
140900	1789236226262	1	592	chunk-verified	fetch=794ms
140918	1789236226281	0	735	chunk-verified	fetch=616ms
140934	1789236226296	1	595	chunk-verified	fetch=799ms
140981	1789236226344	0	762	succeeded	attempt 1 watch=317ms
141005	1789236226368	1	598	chunk-verified	fetch=833ms
141042	1789236226404	1	601	chunk-verified	fetch=826ms
141056	1789236226419	0	765	succeeded	attempt 1 watch=357ms
141082	1789236226445	1	604	chunk-verified	fetch=835ms
141113	1789236226475	1	634	succeeded	attempt 1 watch=358ms
141127	1789236226490	0	768	succeeded	attempt 1 watch=393ms
141144	1789236226507	1	637	succeeded	attempt 1 watch=320ms
141154	1789236226517	1	607	chunk-verified	fetch=830ms
141165	1789236226527	0	771	succeeded	attempt 1 watch=410ms
141175	1789236226538	1	610	chunk-verified	fetch=780ms
141234	1789236226596	2	767	admit-ceiling	LIMIT_EXCEEDED: client unresolved admission ceiling
141246	1789236226609	1	640	succeeded	attempt 1 watch=346ms
141262	1789236226625	0	774	succeeded	attempt 1 watch=452ms
141278	1789236226640	1	643	succeeded	attempt 1 watch=343ms
141287	1789236226650	1	613	chunk-verified	fetch=783ms
141313	1789236226675	1	646	succeeded	attempt 1 watch=307ms
141317	1789236226680	1	616	chunk-verified	fetch=779ms
141338	1789236226700	0	777	succeeded	attempt 1 watch=493ms
141348	1789236226711	1	649	succeeded	attempt 1 watch=306ms
141354	1789236226716	1	619	chunk-verified	fetch=745ms
141368	1789236226730	1	622	chunk-verified	fetch=688ms
141383	1789236226746	1	652	succeeded	attempt 1 watch=301ms
141389	1789236226751	1	625	chunk-verified	fetch=639ms
141415	1789236226777	0	780	succeeded	attempt 1 watch=535ms
141451	1789236226813	0	783	succeeded	attempt 1 watch=532ms
141455	1789236226818	0	738	chunk-verified	fetch=831ms
141476	1789236226839	2	476	admit-ceiling	LIMIT_EXCEEDED: client unresolved admission ceiling
141491	1789236226854	0	741	chunk-verified	fetch=832ms
141491	1789236226854	1	655	succeeded	attempt 1 watch=336ms
141526	1789236226888	1	658	succeeded	attempt 1 watch=350ms
141526	1789236226888	0	744	chunk-verified	fetch=832ms
141562	1789236226925	0	747	chunk-verified	fetch=832ms
141566	1789236226929	1	631	chunk-verified	fetch=672ms
141587	1789236226949	1	628	chunk-verified	fetch=726ms
141629	1789236226991	0	750	chunk-verified	fetch=858ms
141639	1789236227001	1	661	succeeded	attempt 1 watch=351ms
141661	1789236227024	0	756	chunk-verified	fetch=821ms
141687	1789236227050	0	753	chunk-verified	fetch=883ms
141704	1789236227066	1	664	succeeded	attempt 1 watch=386ms
141713	1789236227076	0	759	chunk-verified	fetch=839ms
141757	1789236227119	0	786	succeeded	attempt 1 watch=301ms
141777	1789236227139	1	667	succeeded	attempt 1 watch=422ms
141797	1789236227159	0	789	succeeded	attempt 1 watch=305ms
141801	1789236227164	0	762	chunk-verified	fetch=819ms
141810	1789236227173	2	29	admit-ceiling	LIMIT_EXCEEDED: client unresolved admission ceiling
141817	1789236227180	1	670	succeeded	attempt 1 watch=449ms
141832	1789236227194	0	792	succeeded	attempt 1 watch=305ms
141837	1789236227199	0	765	chunk-verified	fetch=780ms
141869	1789236227231	0	795	succeeded	attempt 1 watch=306ms
141873	1789236227236	2	776	admitted	admit=1012ms
141879	1789236227241	0	768	chunk-verified	fetch=751ms
141890	1789236227252	1	673	succeeded	attempt 1 watch=500ms
141906	1789236227269	0	798	succeeded	attempt 1 watch=277ms
141916	1789236227279	0	771	chunk-verified	fetch=751ms
141937	1789236227300	1	634	chunk-verified	fetch=824ms
141941	1789236227304	0	801	succeeded	attempt 1 watch=280ms
141947	1789236227309	0	777	chunk-verified	fetch=609ms
141962	1789236227324	0	774	chunk-verified	fetch=699ms
141966	1789236227328	1	637	chunk-verified	fetch=821ms
141976	1789236227338	0	804	succeeded	attempt 1 watch=288ms
141981	1789236227343	0	780	chunk-verified	fetch=565ms
142009	1789236227372	1	640	chunk-verified	fetch=762ms
142009	1789236227372	0	807	succeeded	attempt 1 watch=295ms
142009	1789236227372	1	676	succeeded	attempt 1 watch=442ms
142041	1789236227403	2	770	admit-retried	succeeded after 2 refusals
142041	1789236227403	2	770	admitted	admit=3954ms
142051	1789236227413	0	783	chunk-verified	fetch=599ms
142051	1789236227413	1	679	succeeded	attempt 1 watch=463ms
142077	1789236227439	2	782	admit-ceiling	LIMIT_EXCEEDED: client unresolved admission ceiling
142097	1789236227459	1	643	chunk-verified	fetch=819ms
142118	1789236227480	0	810	succeeded	attempt 1 watch=316ms
142121	1789236227483	2	752	admit-refused	authority refusal LIMIT_EXCEEDED: retained input, output or executor capacity
142133	1789236227495	1	646	chunk-verified	fetch=820ms
142167	1789236227530	1	649	chunk-verified	fetch=818ms
142190	1789236227553	2	779	admit-refused	authority refusal LIMIT_EXCEEDED: retained input, output or executor capacity
142194	1789236227556	0	813	succeeded	attempt 1 watch=356ms
142235	1789236227598	2	767	admit-refused	authority refusal LIMIT_EXCEEDED: retained input, output or executor capacity
142243	1789236227605	1	652	chunk-verified	fetch=859ms
142265	1789236227627	0	816	succeeded	attempt 1 watch=385ms
142271	1789236227633	1	682	succeeded	attempt 1 watch=333ms
142276	1789236227639	1	655	chunk-verified	fetch=784ms
142309	1789236227671	1	685	succeeded	attempt 1 watch=342ms
142314	1789236227677	1	658	chunk-verified	fetch=788ms
142342	1789236227704	0	819	succeeded	attempt 1 watch=425ms
142346	1789236227708	1	688	succeeded	attempt 1 watch=336ms
142413	1789236227776	0	822	succeeded	attempt 1 watch=466ms
142450	1789236227813	0	825	succeeded	attempt 1 watch=488ms
142454	1789236227817	1	691	succeeded	attempt 1 watch=357ms
142464	1789236227827	1	661	chunk-verified	fetch=825ms
142492	1789236227854	1	694	succeeded	attempt 1 watch=358ms
142497	1789236227860	1	664	chunk-verified	fetch=793ms
142524	1789236227887	0	828	succeeded	attempt 1 watch=543ms
142529	1789236227892	1	697	succeeded	attempt 1 watch=362ms
142535	1789236227897	1	667	chunk-verified	fetch=757ms
142565	1789236227928	1	700	succeeded	attempt 1 watch=322ms
142569	1789236227932	1	670	chunk-verified	fetch=752ms
142595	1789236227957	0	831	succeeded	attempt 1 watch=544ms
142595	1789236227957	1	673	chunk-verified	fetch=705ms
142599	1789236227962	0	786	chunk-verified	fetch=842ms
142635	1789236227997	0	789	chunk-verified	fetch=838ms
142639	1789236228002	1	703	succeeded	attempt 1 watch=363ms
142670	1789236228032	0	792	chunk-verified	fetch=838ms
142705	1789236228067	0	795	chunk-verified	fetch=835ms
142709	1789236228071	1	706	succeeded	attempt 1 watch=394ms
142740	1789236228102	0	798	chunk-verified	fetch=833ms
142775	1789236228138	0	801	chunk-verified	fetch=833ms
142785	1789236228147	1	676	chunk-verified	fetch=775ms
142794	1789236228156	2	674	admit-ceiling	LIMIT_EXCEEDED: client unresolved admission ceiling
142801	1789236228164	1	679	chunk-verified	fetch=750ms
142816	1789236228178	1	709	succeeded	attempt 1 watch=351ms
142846	1789236228208	0	804	chunk-verified	fetch=870ms
142882	1789236228245	0	807	chunk-verified	fetch=873ms
142888	1789236228250	1	712	succeeded	attempt 1 watch=390ms
142915	1789236228277	0	834	succeeded	attempt 1 watch=315ms
142949	1789236228312	0	837	succeeded	attempt 1 watch=314ms
142955	1789236228317	0	810	chunk-verified	fetch=837ms
142959	1789236228322	1	715	succeeded	attempt 1 watch=424ms
142985	1789236228347	0	840	succeeded	attempt 1 watch=315ms
142990	1789236228353	0	813	chunk-verified	fetch=796ms
143019	1789236228381	0	843	succeeded	attempt 1 watch=314ms
143025	1789236228387	0	816	chunk-verified	fetch=760ms
143029	1789236228392	1	718	succeeded	attempt 1 watch=459ms
143055	1789236228418	0	846	succeeded	attempt 1 watch=315ms
143060	1789236228423	0	819	chunk-verified	fetch=718ms
143066	1789236228428	1	721	succeeded	attempt 1 watch=470ms
143092	1789236228454	0	849	succeeded	attempt 1 watch=316ms
143097	1789236228459	0	822	chunk-verified	fetch=683ms
143106	1789236228469	1	682	chunk-verified	fetch=835ms
143127	1789236228489	0	852	succeeded	attempt 1 watch=280ms
143133	1789236228495	0	825	chunk-verified	fetch=682ms
143142	1789236228505	1	685	chunk-verified	fetch=833ms
143153	1789236228515	0	828	chunk-verified	fetch=628ms
143163	1789236228525	0	855	succeeded	attempt 1 watch=280ms
143173	1789236228535	1	724	succeeded	attempt 1 watch=387ms
143173	1789236228535	0	831	chunk-verified	fetch=577ms
143177	1789236228540	1	688	chunk-verified	fetch=831ms
143203	1789236228565	1	691	chunk-verified	fetch=748ms
143207	1789236228570	1	727	succeeded	attempt 1 watch=405ms
143209	1789236228572	2	638	admit-ceiling	LIMIT_EXCEEDED: client unresolved admission ceiling
143269	1789236228631	0	858	succeeded	attempt 1 watch=313ms
143284	1789236228646	1	694	chunk-verified	fetch=791ms
143318	1789236228680	1	697	chunk-verified	fetch=788ms
143339	1789236228702	0	861	succeeded	attempt 1 watch=349ms
143344	1789236228707	1	700	chunk-verified	fetch=779ms
143400	1789236228762	0	864	succeeded	attempt 1 watch=374ms
143414	1789236228776	1	730	succeeded	attempt 1 watch=307ms
143424	1789236228786	1	703	chunk-verified	fetch=784ms
143445	1789236228807	1	733	succeeded	attempt 1 watch=302ms
143461	1789236228824	1	706	chunk-verified	fetch=752ms
143462	1789236228825	2	470	admit-retried	succeeded after 17 refusals
143462	1789236228825	2	470	admitted	admit=69178ms
143476	1789236228839	0	867	succeeded	attempt 1 watch=416ms
143523	1789236228886	1	736	succeeded	attempt 1 watch=346ms
143553	1789236228916	0	870	succeeded	attempt 1 watch=456ms
143559	1789236228922	1	739	succeeded	attempt 1 watch=356ms
143618	1789236228981	1	742	succeeded	attempt 1 watch=334ms
143623	1789236228985	0	873	succeeded	attempt 1 watch=489ms
143632	1789236228995	1	709	chunk-verified	fetch=816ms
143653	1789236229015	1	745	succeeded	attempt 1 watch=335ms
143653	1789236229015	1	712	chunk-verified	fetch=765ms
143668	1789236229031	0	876	succeeded	attempt 1 watch=515ms
143692	1789236229055	1	715	chunk-verified	fetch=733ms
143699	1789236229061	1	748	succeeded	attempt 1 watch=354ms
143742	1789236229104	1	718	chunk-verified	fetch=712ms
143742	1789236229104	0	879	succeeded	attempt 1 watch=569ms
143772	1789236229135	1	721	chunk-verified	fetch=706ms
143772	1789236229135	1	751	succeeded	attempt 1 watch=348ms
143782	1789236229144	0	834	chunk-verified	fetch=867ms
143802	1789236229165	0	837	chunk-verified	fetch=853ms
143819	1789236229181	0	840	chunk-verified	fetch=833ms
143837	1789236229200	2	767	admit-ceiling	LIMIT_EXCEEDED: client unresolved admission ceiling
143846	1789236229208	1	754	succeeded	attempt 1 watch=384ms
143856	1789236229218	0	843	chunk-verified	fetch=836ms
143886	1789236229249	1	724	chunk-verified	fetch=713ms
143896	1789236229258	0	846	chunk-verified	fetch=840ms
143928	1789236229291	0	849	chunk-verified	fetch=836ms
143959	1789236229322	1	727	chunk-verified	fetch=751ms
143969	1789236229331	0	852	chunk-verified	fetch=842ms
143985	1789236229348	2	749	admit-ceiling	LIMIT_EXCEEDED: client unresolved admission ceiling
143990	1789236229352	1	757	succeeded	attempt 1 watch=357ms
144026	1789236229389	0	855	chunk-verified	fetch=863ms
144057	1789236229419	0	882	succeeded	attempt 1 watch=274ms
144062	1789236229424	0	858	chunk-verified	fetch=792ms
144067	1789236229429	1	760	succeeded	attempt 1 watch=414ms
144093	1789236229456	0	885	succeeded	attempt 1 watch=291ms
144104	1789236229467	1	763	succeeded	attempt 1 watch=411ms
144129	1789236229492	0	888	succeeded	attempt 1 watch=310ms
144135	1789236229498	0	861	chunk-verified	fetch=795ms
144165	1789236229528	0	891	succeeded	attempt 1 watch=309ms
144170	1789236229532	0	864	chunk-verified	fetch=770ms
144175	1789236229538	1	766	succeeded	attempt 1 watch=433ms
144180	1789236229542	1	730	chunk-verified	fetch=766ms
144203	1789236229565	0	894	succeeded	attempt 1 watch=306ms
144207	1789236229570	1	769	succeeded	attempt 1 watch=434ms
144212	1789236229575	0	867	chunk-verified	fetch=735ms
144237	1789236229599	0	897	succeeded	attempt 1 watch=308ms
144243	1789236229605	0	870	chunk-verified	fetch=689ms
144272	1789236229634	0	900	succeeded	attempt 1 watch=302ms
144277	1789236229639	0	873	chunk-verified	fetch=653ms
144295	1789236229658	1	733	chunk-verified	fetch=850ms
144305	1789236229667	0	903	succeeded	attempt 1 watch=278ms
144312	1789236229674	0	876	chunk-verified	fetch=643ms
144317	1789236229679	1	772	succeeded	attempt 1 watch=430ms
144321	1789236229684	1	736	chunk-verified	fetch=798ms
144327	1789236229689	0	879	chunk-verified	fetch=584ms
144351	1789236229714	1	775	succeeded	attempt 1 watch=392ms
144357	1789236229719	1	739	chunk-verified	fetch=797ms
144382	1789236229744	0	906	succeeded	attempt 1 watch=320ms
144382	1789236229745	1	742	chunk-verified	fetch=763ms
144432	1789236229794	1	745	chunk-verified	fetch=778ms
144442	1789236229805	2	719	admit-ceiling	LIMIT_EXCEEDED: client unresolved admission ceiling
144476	1789236229838	2	779	admit-refused	authority refusal LIMIT_EXCEEDED: retained input, output or executor capacity
144492	1789236229855	2	548	admit-refused	authority refusal LIMIT_EXCEEDED: retained input, output or executor capacity
144494	1789236229856	0	909	succeeded	attempt 1 watch=358ms
144494	1789236229856	2	782	admit-retried	succeeded after 1 refusals
144494	1789236229856	2	782	admitted	admit=2452ms
144499	1789236229862	1	748	chunk-verified	fetch=800ms
144548	1789236229911	1	778	succeeded	attempt 1 watch=368ms
144563	1789236229926	0	912	succeeded	attempt 1 watch=393ms
144618	1789236229981	1	781	succeeded	attempt 1 watch=323ms
144628	1789236229991	1	751	chunk-verified	fetch=855ms
144639	1789236230002	0	915	succeeded	attempt 1 watch=426ms
144643	1789236230006	1	754	chunk-verified	fetch=797ms
144691	1789236230053	1	784	succeeded	attempt 1 watch=369ms
144712	1789236230075	0	918	succeeded	attempt 1 watch=469ms
144771	1789236230133	1	787	succeeded	attempt 1 watch=414ms
144791	1789236230154	0	921	succeeded	attempt 1 watch=514ms
144807	1789236230170	1	790	succeeded	attempt 1 watch=425ms
144811	1789236230173	2	785	admit-refused	authority refusal LIMIT_EXCEEDED: retained input, output or executor capacity
144828	1789236230191	2	788	admit-refused	authority refusal LIMIT_EXCEEDED: retained input, output or executor capacity
144840	1789236230202	1	793	succeeded	attempt 1 watch=407ms
144849	1789236230212	1	757	chunk-verified	fetch=859ms
144860	1789236230222	0	924	succeeded	attempt 1 watch=548ms
144874	1789236230236	1	796	succeeded	attempt 1 watch=374ms
144880	1789236230242	1	763	chunk-verified	fetch=775ms
144895	1789236230257	0	927	succeeded	attempt 1 watch=567ms
144911	1789236230273	1	760	chunk-verified	fetch=843ms
144931	1789236230293	1	766	chunk-verified	fetch=755ms
144934	1789236230297	0	882	chunk-verified	fetch=877ms
144950	1789236230312	1	769	chunk-verified	fetch=742ms
144970	1789236230332	0	885	chunk-verified	fetch=876ms
144984	1789236230346	1	799	succeeded	attempt 1 watch=355ms
144989	1789236230352	0	888	chunk-verified	fetch=860ms
145006	1789236230369	0	891	chunk-verified	fetch=840ms
145021	1789236230383	1	802	succeeded	attempt 1 watch=377ms
145041	1789236230404	0	894	chunk-verified	fetch=838ms
145062	1789236230425	1	772	chunk-verified	fetch=745ms
145078	1789236230440	0	897	chunk-verified	fetch=840ms
145086	1789236230449	2	326	admit-ceiling	LIMIT_EXCEEDED: client unresolved admission ceiling
145092	1789236230455	1	775	chunk-verified	fetch=740ms
145113	1789236230476	0	900	chunk-verified	fetch=841ms
145116	1789236230479	2	701	admit-ceiling	LIMIT_EXCEEDED: client unresolved admission ceiling
145150	1789236230512	0	903	chunk-verified	fetch=845ms
145195	1789236230558	1	805	succeeded	attempt 1 watch=345ms
145211	1789236230574	0	930	succeeded	attempt 1 watch=276ms
145216	1789236230579	0	906	chunk-verified	fetch=834ms
145247	1789236230609	0	933	succeeded	attempt 1 watch=277ms
145252	1789236230615	0	909	chunk-verified	fetch=758ms
145270	1789236230633	1	808	succeeded	attempt 1 watch=390ms
145285	1789236230648	0	936	succeeded	attempt 1 watch=296ms
145301	1789236230664	1	811	succeeded	attempt 1 watch=390ms
145308	1789236230670	1	778	chunk-verified	fetch=759ms
145324	1789236230687	0	939	succeeded	attempt 1 watch=317ms
145330	1789236230692	0	912	chunk-verified	fetch=766ms
145339	1789236230702	1	814	succeeded	attempt 1 watch=408ms
145359	1789236230722	0	942	succeeded	attempt 1 watch=317ms
145365	1789236230727	0	915	chunk-verified	fetch=725ms
145380	1789236230743	1	817	succeeded	attempt 1 watch=430ms
145385	1789236230748	1	781	chunk-verified	fetch=766ms
145397	1789236230759	0	945	succeeded	attempt 1 watch=318ms
145402	1789236230765	0	918	chunk-verified	fetch=689ms
145433	1789236230796	0	948	succeeded	attempt 1 watch=320ms
145440	1789236230802	0	921	chunk-verified	fetch=648ms
145470	1789236230832	0	951	succeeded	attempt 1 watch=319ms
145476	1789236230838	0	924	chunk-verified	fetch=616ms
145490	1789236230853	1	820	succeeded	attempt 1 watch=428ms
145495	1789236230858	1	784	chunk-verified	fetch=804ms
145511	1789236230873	0	927	chunk-verified	fetch=616ms
145521	1789236230883	2	569	admit-ceiling	LIMIT_EXCEEDED: client unresolved admission ceiling
145527	1789236230889	1	823	succeeded	attempt 1 watch=434ms
145532	1789236230894	1	787	chunk-verified	fetch=760ms
145548	1789236230910	0	954	succeeded	attempt 1 watch=331ms
145579	1789236230941	1	790	chunk-verified	fetch=771ms
145604	1789236230967	1	793	chunk-verified	fetch=764ms
145619	1789236230981	0	957	succeeded	attempt 1 watch=366ms
145635	1789236230997	1	796	chunk-verified	fetch=761ms
145668	1789236231030	1	826	succeeded	attempt 1 watch=360ms
145714	1789236231077	0	960	succeeded	attempt 1 watch=384ms
145763	1789236231125	1	829	succeeded	attempt 1 watch=377ms
145783	1789236231145	0	963	succeeded	attempt 1 watch=418ms
145803	1789236231166	1	799	chunk-verified	fetch=819ms
145824	1789236231186	1	802	chunk-verified	fetch=802ms
145834	1789236231197	1	832	succeeded	attempt 1 watch=338ms
145849	1789236231212	0	966	succeeded	attempt 1 watch=446ms
145900	1789236231262	1	835	succeeded	attempt 1 watch=367ms
145920	1789236231283	0	969	succeeded	attempt 1 watch=480ms
145936	1789236231299	1	838	succeeded	attempt 1 watch=357ms
145942	1789236231305	1	805	chunk-verified	fetch=747ms
145946	1789236231309	2	779	admit-retried	succeeded after 2 refusals
145946	1789236231309	2	779	admitted	admit=4073ms
145977	1789236231340	1	841	succeeded	attempt 1 watch=373ms
145983	1789236231346	1	808	chunk-verified	fetch=712ms
145993	1789236231355	0	972	succeeded	attempt 1 watch=516ms
146013	1789236231376	1	844	succeeded	attempt 1 watch=378ms
146020	1789236231382	1	811	chunk-verified	fetch=718ms
146035	1789236231398	0	975	succeeded	attempt 1 watch=524ms
146041	1789236231403	0	930	chunk-verified	fetch=829ms
146092	1789236231455	1	814	chunk-verified	fetch=752ms
146112	1789236231474	0	933	chunk-verified	fetch=864ms
146112	1789236231474	1	817	chunk-verified	fetch=731ms
146122	1789236231485	1	847	succeeded	attempt 1 watch=318ms
146127	1789236231489	1	820	chunk-verified	fetch=636ms
146148	1789236231510	0	936	chunk-verified	fetch=862ms
146163	1789236231526	1	850	succeeded	attempt 1 watch=339ms
146167	1789236231530	0	939	chunk-verified	fetch=843ms
146183	1789236231546	0	942	chunk-verified	fetch=824ms
146224	1789236231586	0	945	chunk-verified	fetch=826ms
146245	1789236231607	1	823	chunk-verified	fetch=717ms
146261	1789236231623	2	785	admit-retried	succeeded after 1 refusals
146261	1789236231623	2	785	admitted	admit=2798ms
146265	1789236231627	0	948	chunk-verified	fetch=831ms
146279	1789236231641	2	788	admit-refused	authority refusal LIMIT_EXCEEDED: retained input, output or executor capacity
146294	1789236231657	2	8	admit-refused	authority refusal LIMIT_EXCEEDED: retained input, output or executor capacity
146301	1789236231664	0	951	chunk-verified	fetch=831ms
146309	1789236231671	2	791	admit-refused	authority refusal LIMIT_EXCEEDED: retained input, output or executor capacity
146316	1789236231679	1	853	succeeded	attempt 1 watch=374ms
146365	1789236231727	0	978	succeeded	attempt 1 watch=323ms
146379	1789236231742	1	856	succeeded	attempt 1 watch=395ms
146399	1789236231762	0	981	succeeded	attempt 1 watch=287ms
146404	1789236231767	0	954	chunk-verified	fetch=856ms
146419	1789236231781	0	957	chunk-verified	fetch=799ms
146433	1789236231796	0	984	succeeded	attempt 1 watch=285ms
146437	1789236231800	0	960	chunk-verified	fetch=722ms
146448	1789236231810	1	859	succeeded	attempt 1 watch=427ms
146467	1789236231830	0	987	succeeded	attempt 1 watch=299ms
146476	1789236231839	2	794	admit-refused	authority refusal LIMIT_EXCEEDED: retained input, output or executor capacity
146483	1789236231846	1	862	succeeded	attempt 1 watch=391ms
146488	1789236231850	1	826	chunk-verified	fetch=820ms
146501	1789236231864	2	791	admit-refused	authority refusal LIMIT_EXCEEDED: retained input, output or executor capacity
146504	1789236231866	0	990	succeeded	attempt 1 watch=320ms
146508	1789236231871	1	829	chunk-verified	fetch=745ms
146514	1789236231876	0	963	chunk-verified	fetch=731ms
146525	1789236231887	1	865	succeeded	attempt 1 watch=412ms
146541	1789236231903	0	993	succeeded	attempt 1 watch=317ms
146546	1789236231909	0	966	chunk-verified	fetch=696ms
146578	1789236231940	0	996	succeeded	attempt 1 watch=312ms
146584	1789236231946	0	969	chunk-verified	fetch=663ms
146599	1789236231961	1	868	succeeded	attempt 1 watch=471ms
146616	1789236231978	0	999	succeeded	attempt 1 watch=314ms
146620	1789236231983	0	972	chunk-verified	fetch=627ms
146657	1789236232019	0	975	chunk-verified	fetch=621ms
146672	1789236232035	1	871	succeeded	attempt 1 watch=427ms
146676	1789236232039	1	832	chunk-verified	fetch=841ms
146702	1789236232065	1	835	chunk-verified	fetch=802ms
146723	1789236232085	0	1002	succeeded	attempt 1 watch=318ms
146738	1789236232100	1	838	chunk-verified	fetch=801ms
146758	1789236232120	1	841	chunk-verified	fetch=780ms
146758	1789236232120	0	1005	succeeded	attempt 1 watch=339ms
146782	1789236232144	1	844	chunk-verified	fetch=768ms
146812	1789236232175	2	29	admit-ceiling	LIMIT_EXCEEDED: client unresolved admission ceiling
146834	1789236232196	0	1008	succeeded	attempt 1 watch=396ms
146852	1789236232215	1	874	succeeded	attempt 1 watch=364ms
146894	1789236232257	1	877	succeeded	attempt 1 watch=385ms
146949	1789236232311	0	1011	succeeded	attempt 1 watch=435ms
146973	1789236232335	1	847	chunk-verified	fetch=850ms
147016	1789236232378	1	850	chunk-verified	fetch=852ms
147033	1789236232396	0	1014	succeeded	attempt 1 watch=487ms
147039	1789236232402	2	767	admit-ceiling	LIMIT_EXCEEDED: client unresolved admission ceiling
147057	1789236232420	1	880	succeeded	attempt 1 watch=380ms
147094	1789236232456	1	883	succeeded	attempt 1 watch=391ms
147112	1789236232474	0	1017	succeeded	attempt 1 watch=527ms
147122	1789236232484	2	752	admit-ceiling	LIMIT_EXCEEDED: client unresolved admission ceiling
147131	1789236232493	1	886	succeeded	attempt 1 watch=392ms
147138	1789236232501	1	853	chunk-verified	fetch=821ms
147179	1789236232541	1	889	succeeded	attempt 1 watch=420ms
147184	1789236232546	1	856	chunk-verified	fetch=804ms
147197	1789236232559	0	1020	succeeded	attempt 1 watch=576ms
147221	1789236232583	1	892	succeeded	attempt 1 watch=439ms
147227	1789236232589	1	859	chunk-verified	fetch=779ms
147244	1789236232607	0	1023	succeeded	attempt 1 watch=587ms
147250	1789236232613	0	978	chunk-verified	fetch=885ms
147268	1789236232631	1	862	chunk-verified	fetch=784ms
147291	1789236232654	0	981	chunk-verified	fetch=891ms
147339	1789236232702	1	895	succeeded	attempt 1 watch=366ms
147345	1789236232707	1	865	chunk-verified	fetch=820ms
147380	1789236232743	1	898	succeeded	attempt 1 watch=364ms
147386	1789236232748	1	871	chunk-verified	fetch=713ms
147386	1789236232748	0	984	chunk-verified	fetch=952ms
147409	1789236232772	1	868	chunk-verified	fetch=810ms
147421	1789236232784	0	987	chunk-verified	fetch=953ms
147441	1789236232803	0	990	chunk-verified	fetch=936ms
147459	1789236232822	0	993	chunk-verified	fetch=918ms
147467	1789236232829	2	476	admit-retried	succeeded after 18 refusals
147467	1789236232829	2	476	admitted	admit=72207ms
147502	1789236232864	0	996	chunk-verified	fetch=924ms
147537	1789236232900	0	999	chunk-verified	fetch=921ms
147553	1789236232916	1	901	succeeded	attempt 1 watch=414ms
147575	1789236232938	0	1014	admit-refused	stalled read ordinal 1014
147576	1789236232938	0	1017	admit-refused	stalled read ordinal 1017
147576	1789236232938	0	1020	admit-refused	stalled read ordinal 1020
147576	1789236232939	0	1023	admit-refused	stalled read ordinal 1023
147615	1789236232978	0	1002	chunk-verified	fetch=892ms
147635	1789236232997	0	1008	chunk-verified	fetch=801ms
147635	1789236232998	1	904	succeeded	attempt 1 watch=451ms
147665	1789236233027	0	1005	chunk-verified	fetch=906ms
147701	1789236233064	0	1011	chunk-verified	fetch=752ms
147706	1789236233068	1	907	succeeded	attempt 1 watch=478ms
147721	1789236233083	0	1020	chunk-verified	fetch=523ms
147735	1789236233097	0	1023	chunk-verified	fetch=490ms
147740	1789236233103	1	910	succeeded	attempt 1 watch=471ms
147744	1789236233107	1	874	chunk-verified	fetch=892ms
147754	1789236233117	0	1014	chunk-verified	fetch=720ms
147773	1789236233136	0	1017	chunk-verified	fetch=661ms
147779	1789236233141	1	877	chunk-verified	fetch=884ms
147793	1789236233156	2	794	admit-refused	authority refusal LIMIT_EXCEEDED: retained input, output or executor capacity
147809	1789236233171	2	791	admit-refused	authority refusal LIMIT_EXCEEDED: retained input, output or executor capacity
147810	1789236233173	1	913	succeeded	attempt 1 watch=465ms
147815	1789236233177	2	788	admit-retried	succeeded after 2 refusals
147815	1789236233177	2	788	admitted	admit=3320ms
147823	1789236233186	2	797	admit-refused	authority refusal LIMIT_EXCEEDED: retained input, output or executor capacity
147878	1789236233241	1	916	succeeded	attempt 1 watch=492ms
147886	1789236233249	2	674	admit-refused	authority refusal LIMIT_EXCEEDED: retained input, output or executor capacity
147914	1789236233277	1	919	succeeded	attempt 1 watch=504ms
147919	1789236233282	0	-1	scope-pages	2 pages
147922	1789236233285	2	800	admit-refused	authority refusal LIMIT_EXCEEDED: retained input, output or executor capacity
147953	1789236233315	1	880	chunk-verified	fetch=895ms
147967	1789236233330	1	883	chunk-verified	fetch=873ms
147982	1789236233344	1	886	chunk-verified	fetch=851ms
148009	1789236233371	1	889	chunk-verified	fetch=830ms
148013	1789236233376	0	-1	checkpoint	declared 342
148020	1789236233382	1	892	chunk-verified	fetch=798ms
148072	1789236233434	0	-1	complete	declared 342
148072	1789236233434	0	-1	commits	342 chunks
148088	1789236233451	1	922	succeeded	attempt 1 watch=344ms
148119	1789236233481	1	925	succeeded	attempt 1 watch=339ms
148133	1789236233495	1	895	chunk-verified	fetch=793ms
148154	1789236233516	0	-1	session-close	
148185	1789236233548	1	898	chunk-verified	fetch=804ms
148212	1789236233575	2	791	admit-ceiling	LIMIT_EXCEEDED: client unresolved admission ceiling
148239	1789236233601	1	928	succeeded	attempt 1 watch=285ms
148248	1789236233611	1	901	chunk-verified	fetch=695ms
148265	1789236233628	1	931	succeeded	attempt 1 watch=297ms
148299	1789236233661	1	934	succeeded	attempt 1 watch=316ms
148314	1789236233677	1	904	chunk-verified	fetch=679ms
148334	1789236233697	1	937	succeeded	attempt 1 watch=325ms
148363	1789236233725	1	940	succeeded	attempt 1 watch=342ms
148395	1789236233757	1	907	chunk-verified	fetch=689ms
148431	1789236233794	1	910	chunk-verified	fetch=691ms
148457	1789236233819	1	943	succeeded	attempt 1 watch=324ms
148495	1789236233857	1	946	succeeded	attempt 1 watch=309ms
148505	1789236233868	1	913	chunk-verified	fetch=694ms
148531	1789236233894	1	916	chunk-verified	fetch=653ms
148558	1789236233921	1	949	succeeded	attempt 1 watch=309ms
148563	1789236233925	1	919	chunk-verified	fetch=648ms
148655	1789236234018	1	952	succeeded	attempt 1 watch=341ms
148698	1789236234060	2	797	admit-retried	succeeded after 1 refusals
148698	1789236234060	2	797	admitted	admit=1230ms
148750	1789236234113	1	955	succeeded	attempt 1 watch=355ms
148757	1789236234120	1	922	chunk-verified	fetch=668ms
148788	1789236234150	1	958	succeeded	attempt 1 watch=356ms
148792	1789236234155	1	925	chunk-verified	fetch=673ms
148795	1789236234158	2	800	admit-refused	authority refusal LIMIT_EXCEEDED: retained input, output or executor capacity
148816	1789236234178	2	794	admit-retried	succeeded after 2 refusals
148816	1789236234178	2	794	admitted	admit=2554ms
148885	1789236234247	2	803	admit-refused	authority refusal LIMIT_EXCEEDED: retained input, output or executor capacity
148887	1789236234250	1	961	succeeded	attempt 1 watch=381ms
148923	1789236234286	1	964	succeeded	attempt 1 watch=391ms
148928	1789236234290	1	928	chunk-verified	fetch=688ms
148946	1789236234309	2	806	admit-refused	authority refusal LIMIT_EXCEEDED: retained input, output or executor capacity
148958	1789236234320	2	638	admit-refused	authority refusal LIMIT_EXCEEDED: retained input, output or executor capacity
148978	1789236234340	1	967	succeeded	attempt 1 watch=415ms
149020	1789236234382	1	931	chunk-verified	fetch=754ms
149046	1789236234409	1	937	chunk-verified	fetch=712ms
149048	1789236234411	2	806	admit-ceiling	LIMIT_EXCEEDED: client unresolved admission ceiling
149066	1789236234428	1	940	chunk-verified	fetch=702ms
149070	1789236234433	1	970	succeeded	attempt 1 watch=313ms
149102	1789236234464	1	934	chunk-verified	fetch=802ms
149128	1789236234491	1	973	succeeded	attempt 1 watch=336ms
149166	1789236234529	1	943	chunk-verified	fetch=709ms
149183	1789236234545	1	946	chunk-verified	fetch=688ms
149215	1789236234577	1	976	succeeded	attempt 1 watch=287ms
149250	1789236234613	2	806	admit-ceiling	LIMIT_EXCEEDED: client unresolved admission ceiling
149256	1789236234619	1	949	chunk-verified	fetch=698ms
149276	1789236234639	1	979	succeeded	attempt 1 watch=256ms
149282	1789236234644	1	952	chunk-verified	fetch=626ms
149313	1789236234675	1	982	succeeded	attempt 1 watch=266ms
149317	1789236234680	1	955	chunk-verified	fetch=566ms
149342	1789236234705	1	985	succeeded	attempt 1 watch=276ms
149388	1789236234750	1	988	succeeded	attempt 1 watch=285ms
149438	1789236234800	1	958	chunk-verified	fetch=649ms
149444	1789236234806	2	719	admit-ceiling	LIMIT_EXCEEDED: client unresolved admission ceiling
149458	1789236234820	1	991	succeeded	attempt 1 watch=291ms
149463	1789236234826	1	961	chunk-verified	fetch=575ms
149488	1789236234850	1	994	succeeded	attempt 1 watch=304ms
149494	1789236234857	2	548	admit-ceiling	LIMIT_EXCEEDED: client unresolved admission ceiling
149524	1789236234886	1	964	chunk-verified	fetch=600ms
149548	1789236234911	1	997	succeeded	attempt 1 watch=292ms
149554	1789236234917	1	967	chunk-verified	fetch=576ms
149596	1789236234958	1	1000	succeeded	attempt 1 watch=313ms
149653	1789236235015	2	806	admit-ceiling	LIMIT_EXCEEDED: client unresolved admission ceiling
149656	1789236235018	1	1003	succeeded	attempt 1 watch=338ms
149723	1789236235086	1	970	chunk-verified	fetch=653ms
149728	1789236235090	2	803	admit-retried	succeeded after 1 refusals
149728	1789236235090	2	803	admitted	admit=1029ms
149752	1789236235115	1	1006	succeeded	attempt 1 watch=314ms
149757	1789236235119	1	973	chunk-verified	fetch=628ms
149802	1789236235164	2	800	admit-refused	authority refusal LIMIT_EXCEEDED: retained input, output or executor capacity
149804	1789236235167	1	1009	succeeded	attempt 1 watch=341ms
149819	1789236235182	2	749	admit-retried	succeeded after 7 refusals
149819	1789236235182	2	749	admitted	admit=15533ms
149856	1789236235218	2	791	admit-refused	authority refusal LIMIT_EXCEEDED: retained input, output or executor capacity
149866	1789236235229	2	809	admit-refused	authority refusal LIMIT_EXCEEDED: retained input, output or executor capacity
149867	1789236235230	1	1012	succeeded	attempt 1 watch=343ms
149873	1789236235235	1	976	chunk-verified	fetch=657ms
149932	1789236235295	1	1015	succeeded	attempt 1 watch=378ms
149940	1789236235303	2	812	admit-refused	authority refusal LIMIT_EXCEEDED: retained input, output or executor capacity
149967	1789236235330	1	979	chunk-verified	fetch=690ms
149996	1789236235358	1	982	chunk-verified	fetch=683ms
150025	1789236235388	1	1018	succeeded	attempt 1 watch=301ms
150031	1789236235393	1	985	chunk-verified	fetch=688ms
150062	1789236235424	1	988	chunk-verified	fetch=674ms
150092	1789236235454	1	1021	succeeded	attempt 1 watch=334ms
150137	1789236235499	1	991	chunk-verified	fetch=679ms
150156	1789236235519	1	994	chunk-verified	fetch=668ms
150187	1789236235549	1	997	chunk-verified	fetch=638ms
150203	1789236235565	2	800	admit-ceiling	LIMIT_EXCEEDED: client unresolved admission ceiling
150223	1789236235585	1	1000	chunk-verified	fetch=627ms
150243	1789236235605	1	1003	chunk-verified	fetch=586ms
150250	1789236235613	1	1021	admit-refused	stalled read ordinal 1021
150262	1789236235625	1	1006	chunk-verified	fetch=509ms
150288	1789236235650	1	1009	chunk-verified	fetch=483ms
150306	1789236235668	1	1012	chunk-verified	fetch=438ms
150320	1789236235682	1	1015	chunk-verified	fetch=387ms
150335	1789236235697	1	1018	chunk-verified	fetch=309ms
150389	1789236235752	1	1021	chunk-verified	fetch=297ms
150455	1789236235817	2	806	admit-ceiling	LIMIT_EXCEEDED: client unresolved admission ceiling
150485	1789236235847	2	809	admit-retried	succeeded after 1 refusals
150485	1789236235847	2	809	admitted	admit=756ms
150522	1789236235884	1	-1	scope-pages	2 pages
150522	1789236235885	2	569	admit-ceiling	LIMIT_EXCEEDED: client unresolved admission ceiling
150551	1789236235913	2	812	admit-retried	succeeded after 1 refusals
150551	1789236235913	2	812	admitted	admit=730ms
150602	1789236235965	1	-1	checkpoint	declared 341
150613	1789236235975	2	326	admit-refused	authority refusal LIMIT_EXCEEDED: retained input, output or executor capacity
150622	1789236235985	2	701	admit-refused	authority refusal LIMIT_EXCEEDED: retained input, output or executor capacity
150638	1789236236001	2	815	admit-refused	authority refusal LIMIT_EXCEEDED: retained input, output or executor capacity
150648	1789236236011	2	818	admit-refused	authority refusal LIMIT_EXCEEDED: retained input, output or executor capacity
150664	1789236236027	1	-1	complete	declared 341
150664	1789236236027	1	-1	commits	341 chunks
150746	1789236236109	1	-1	session-close	
150897	1789236236259	2	815	admit-retried	succeeded after 1 refusals
150897	1789236236259	2	815	admitted	admit=411ms
150963	1789236236325	2	821	admit-refused	authority refusal LIMIT_EXCEEDED: retained input, output or executor capacity
150976	1789236236339	2	818	admit-retried	succeeded after 1 refusals
150976	1789236236339	2	818	admitted	admit=424ms
151056	1789236236419	2	824	admit-refused	authority refusal LIMIT_EXCEEDED: retained input, output or executor capacity
151065	1789236236427	2	800	admit-refused	authority refusal LIMIT_EXCEEDED: retained input, output or executor capacity
151088	1789236236450	2	821	admit-refused	authority refusal LIMIT_EXCEEDED: retained input, output or executor capacity
151277	1789236236640	2	824	admit-retried	succeeded after 1 refusals
151277	1789236236640	2	824	admitted	admit=300ms
151464	1789236236826	2	821	admit-refused	authority refusal LIMIT_EXCEEDED: retained input, output or executor capacity
151471	1789236236833	2	827	admitted	admit=193ms
151482	1789236236844	2	8	admit-refused	authority refusal LIMIT_EXCEEDED: retained input, output or executor capacity
151510	1789236236873	2	791	admit-refused	authority refusal LIMIT_EXCEEDED: retained input, output or executor capacity
151519	1789236236882	2	830	admit-refused	authority refusal LIMIT_EXCEEDED: retained input, output or executor capacity
151712	1789236237075	2	830	admit-retried	succeeded after 1 refusals
151712	1789236237075	2	830	admitted	admit=240ms
151911	1789236237273	2	833	admitted	admit=198ms
152056	1789236237419	2	806	admit-ceiling	LIMIT_EXCEEDED: client unresolved admission ceiling
152121	1789236237484	2	821	admit-retried	succeeded after 3 refusals
152121	1789236237484	2	821	admitted	admit=1224ms
152148	1789236237510	2	752	admit-ceiling	LIMIT_EXCEEDED: client unresolved admission ceiling
152182	1789236237545	2	767	admit-refused	authority refusal LIMIT_EXCEEDED: retained input, output or executor capacity
152189	1789236237552	2	29	admit-retried	succeeded after 34 refusals
152189	1789236237552	2	29	admitted	admit=151314ms
152192	1789236237555	2	836	admit-refused	authority refusal LIMIT_EXCEEDED: retained input, output or executor capacity
152203	1789236237566	2	839	admit-refused	authority refusal LIMIT_EXCEEDED: retained input, output or executor capacity
152316	1789236237679	2	842	admit-refused	authority refusal LIMIT_EXCEEDED: retained input, output or executor capacity
152325	1789236237688	2	836	admit-refused	authority refusal LIMIT_EXCEEDED: retained input, output or executor capacity
152333	1789236237696	2	839	admit-refused	authority refusal LIMIT_EXCEEDED: retained input, output or executor capacity
152682	1789236238045	2	842	admit-refused	authority refusal LIMIT_EXCEEDED: retained input, output or executor capacity
152692	1789236238054	2	836	admit-refused	authority refusal LIMIT_EXCEEDED: retained input, output or executor capacity
152700	1789236238062	2	839	admit-refused	authority refusal LIMIT_EXCEEDED: retained input, output or executor capacity
153101	1789236238464	2	839	admit-ceiling	LIMIT_EXCEEDED: client unresolved admission ceiling
153618	1789236238981	2	800	admit-refused	authority refusal LIMIT_EXCEEDED: retained input, output or executor capacity
153639	1789236239001	2	842	admit-refused	authority refusal LIMIT_EXCEEDED: retained input, output or executor capacity
153648	1789236239010	2	674	admit-refused	authority refusal LIMIT_EXCEEDED: retained input, output or executor capacity
153657	1789236239020	2	836	admit-refused	authority refusal LIMIT_EXCEEDED: retained input, output or executor capacity
154021	1789236239384	2	839	admit-retried	succeeded after 4 refusals
154021	1789236239384	2	839	admitted	admit=1899ms
154256	1789236239619	2	842	admit-retried	succeeded after 3 refusals
154256	1789236239619	2	842	admitted	admit=2066ms
154398	1789236239761	2	638	admit-retried	succeeded after 13 refusals
154398	1789236239761	2	638	admitted	admit=44920ms
154459	1789236239822	2	836	admit-ceiling	LIMIT_EXCEEDED: client unresolved admission ceiling
154479	1789236239841	2	848	admit-refused	authority refusal LIMIT_EXCEEDED: retained input, output or executor capacity
154489	1789236239852	2	845	admitted	admit=467ms
154492	1789236239855	2	851	admit-refused	authority refusal LIMIT_EXCEEDED: retained input, output or executor capacity
154507	1789236239869	2	719	admit-refused	authority refusal LIMIT_EXCEEDED: retained input, output or executor capacity
154531	1789236239893	2	854	admit-refused	authority refusal LIMIT_EXCEEDED: retained input, output or executor capacity
154539	1789236239901	2	548	admit-refused	authority refusal LIMIT_EXCEEDED: retained input, output or executor capacity
154594	1789236239956	2	848	admit-refused	authority refusal LIMIT_EXCEEDED: retained input, output or executor capacity
154605	1789236239968	2	851	admit-refused	authority refusal LIMIT_EXCEEDED: retained input, output or executor capacity
154645	1789236240008	2	854	admit-refused	authority refusal LIMIT_EXCEEDED: retained input, output or executor capacity
154741	1789236240104	2	791	admit-refused	authority refusal LIMIT_EXCEEDED: retained input, output or executor capacity
155139	1789236240501	2	848	admit-retried	succeeded after 2 refusals
155139	1789236240501	2	848	admitted	admit=881ms
155245	1789236240608	2	854	admit-refused	authority refusal LIMIT_EXCEEDED: retained input, output or executor capacity
155269	1789236240632	2	851	admit-retried	succeeded after 2 refusals
155269	1789236240632	2	851	admitted	admit=870ms
155389	1789236240751	2	857	admit-refused	authority refusal LIMIT_EXCEEDED: retained input, output or executor capacity
155402	1789236240765	2	806	admit-refused	authority refusal LIMIT_EXCEEDED: retained input, output or executor capacity
155414	1789236240776	2	860	admit-refused	authority refusal LIMIT_EXCEEDED: retained input, output or executor capacity
155624	1789236240986	2	701	admit-ceiling	LIMIT_EXCEEDED: client unresolved admission ceiling
155647	1789236241009	2	854	admit-ceiling	LIMIT_EXCEEDED: client unresolved admission ceiling
155762	1789236241124	2	860	admit-retried	succeeded after 1 refusals
155762	1789236241124	2	860	admitted	admit=491ms
155881	1789236241243	2	857	admit-retried	succeeded after 1 refusals
155881	1789236241243	2	857	admitted	admit=741ms
155969	1789236241331	2	569	admit-refused	authority refusal LIMIT_EXCEEDED: retained input, output or executor capacity
155987	1789236241349	2	863	admit-refused	authority refusal LIMIT_EXCEEDED: retained input, output or executor capacity
155997	1789236241359	2	866	admit-refused	authority refusal LIMIT_EXCEEDED: retained input, output or executor capacity
156030	1789236241392	2	326	admit-refused	authority refusal LIMIT_EXCEEDED: retained input, output or executor capacity
156248	1789236241611	2	836	admit-retried	succeeded after 5 refusals
156248	1789236241611	2	836	admitted	admit=4336ms
156323	1789236241686	2	863	admit-retried	succeeded after 1 refusals
156323	1789236241686	2	863	admitted	admit=561ms
156336	1789236241699	2	866	admit-refused	authority refusal LIMIT_EXCEEDED: retained input, output or executor capacity
156347	1789236241709	2	869	admit-refused	authority refusal LIMIT_EXCEEDED: retained input, output or executor capacity
156357	1789236241720	2	872	admit-refused	authority refusal LIMIT_EXCEEDED: retained input, output or executor capacity
156538	1789236241901	2	866	admit-ceiling	LIMIT_EXCEEDED: client unresolved admission ceiling
156717	1789236242079	2	872	admit-retried	succeeded after 1 refusals
156717	1789236242079	2	872	admitted	admit=393ms
156800	1789236242163	2	854	admit-refused	authority refusal LIMIT_EXCEEDED: retained input, output or executor capacity
156802	1789236242165	2	8	admit-retried	succeeded after 35 refusals
156802	1789236242165	2	8	admitted	admit=155927ms
156810	1789236242173	2	869	admit-refused	authority refusal LIMIT_EXCEEDED: retained input, output or executor capacity
156820	1789236242183	2	875	admit-refused	authority refusal LIMIT_EXCEEDED: retained input, output or executor capacity
156872	1789236242234	2	878	admit-refused	authority refusal LIMIT_EXCEEDED: retained input, output or executor capacity
156882	1789236242245	2	800	admit-refused	authority refusal LIMIT_EXCEEDED: retained input, output or executor capacity
156965	1789236242328	2	875	admit-refused	authority refusal LIMIT_EXCEEDED: retained input, output or executor capacity
156974	1789236242337	2	866	admit-refused	authority refusal LIMIT_EXCEEDED: retained input, output or executor capacity
157186	1789236242548	2	878	admit-retried	succeeded after 1 refusals
157186	1789236242548	2	878	admitted	admit=383ms
157216	1789236242579	2	881	admit-ceiling	LIMIT_EXCEEDED: client unresolved admission ceiling
157251	1789236242614	2	752	admit-refused	authority refusal LIMIT_EXCEEDED: retained input, output or executor capacity
157253	1789236242615	2	869	admit-retried	succeeded after 2 refusals
157253	1789236242615	2	869	admitted	admit=1004ms
157262	1789236242624	2	875	admit-refused	authority refusal LIMIT_EXCEEDED: retained input, output or executor capacity
157272	1789236242634	2	767	admit-refused	authority refusal LIMIT_EXCEEDED: retained input, output or executor capacity
157288	1789236242651	2	884	admit-refused	authority refusal LIMIT_EXCEEDED: retained input, output or executor capacity
157334	1789236242697	2	881	admit-refused	authority refusal LIMIT_EXCEEDED: retained input, output or executor capacity
157486	1789236242848	2	884	admit-refused	authority refusal LIMIT_EXCEEDED: retained input, output or executor capacity
157660	1789236243023	2	881	admit-refused	authority refusal LIMIT_EXCEEDED: retained input, output or executor capacity
157703	1789236243066	2	875	admit-refused	authority refusal LIMIT_EXCEEDED: retained input, output or executor capacity
157877	1789236243239	2	884	admit-retried	succeeded after 2 refusals
157877	1789236243239	2	884	admitted	admit=623ms
157948	1789236243311	2	866	admit-retried	succeeded after 4 refusals
157948	1789236243311	2	866	admitted	admit=2066ms
158010	1789236243372	2	887	admit-refused	authority refusal LIMIT_EXCEEDED: retained input, output or executor capacity
158019	1789236243381	2	890	admit-refused	authority refusal LIMIT_EXCEEDED: retained input, output or executor capacity
158255	1789236243618	2	881	admit-retried	succeeded after 3 refusals
158255	1789236243618	2	881	admitted	admit=1069ms
158340	1789236243703	2	887	admit-retried	succeeded after 1 refusals
158340	1789236243703	2	887	admitted	admit=463ms
158343	1789236243706	2	890	admit-refused	authority refusal LIMIT_EXCEEDED: retained input, output or executor capacity
158355	1789236243717	2	893	admit-refused	authority refusal LIMIT_EXCEEDED: retained input, output or executor capacity
158372	1789236243735	2	896	admit-refused	authority refusal LIMIT_EXCEEDED: retained input, output or executor capacity
158411	1789236243773	2	854	admit-refused	authority refusal LIMIT_EXCEEDED: retained input, output or executor capacity
158491	1789236243854	2	893	admit-refused	authority refusal LIMIT_EXCEEDED: retained input, output or executor capacity
158507	1789236243869	2	896	admit-refused	authority refusal LIMIT_EXCEEDED: retained input, output or executor capacity
158534	1789236243897	2	875	admit-refused	authority refusal LIMIT_EXCEEDED: retained input, output or executor capacity
158705	1789236244067	2	890	admit-retried	succeeded after 2 refusals
158705	1789236244067	2	890	admitted	admit=756ms
158925	1789236244287	2	674	admit-retried	succeeded after 12 refusals
158925	1789236244287	2	674	admitted	admit=41959ms
159015	1789236244378	2	896	admit-retried	succeeded after 2 refusals
159015	1789236244378	2	896	admitted	admit=674ms
159177	1789236244540	2	893	admit-refused	authority refusal LIMIT_EXCEEDED: retained input, output or executor capacity
159221	1789236244584	2	899	admit-refused	authority refusal LIMIT_EXCEEDED: retained input, output or executor capacity
159230	1789236244592	2	902	admit-refused	authority refusal LIMIT_EXCEEDED: retained input, output or executor capacity
159240	1789236244603	2	905	admit-refused	authority refusal LIMIT_EXCEEDED: retained input, output or executor capacity
159540	1789236244903	2	548	admit-ceiling	LIMIT_EXCEEDED: client unresolved admission ceiling
159602	1789236244965	2	899	admit-retried	succeeded after 1 refusals
159602	1789236244965	2	899	admitted	admit=897ms
159632	1789236244995	2	908	admit-ceiling	LIMIT_EXCEEDED: client unresolved admission ceiling
159659	1789236245021	2	905	admit-refused	authority refusal LIMIT_EXCEEDED: retained input, output or executor capacity
159668	1789236245031	2	719	admit-refused	authority refusal LIMIT_EXCEEDED: retained input, output or executor capacity
159671	1789236245033	2	902	admit-retried	succeeded after 1 refusals
159671	1789236245033	2	902	admitted	admit=745ms
159861	1789236245223	2	905	admit-ceiling	LIMIT_EXCEEDED: client unresolved admission ceiling
159929	1789236245292	2	893	admit-retried	succeeded after 3 refusals
159929	1789236245292	2	893	admitted	admit=1673ms
159987	1789236245349	2	908	admit-refused	authority refusal LIMIT_EXCEEDED: retained input, output or executor capacity
159998	1789236245360	2	791	admit-refused	authority refusal LIMIT_EXCEEDED: retained input, output or executor capacity
159999	1789236245361	2	911	admitted	admit=327ms
160009	1789236245372	2	914	admit-refused	authority refusal LIMIT_EXCEEDED: retained input, output or executor capacity
160048	1789236245411	2	917	admit-refused	authority refusal LIMIT_EXCEEDED: retained input, output or executor capacity
160262	1789236245625	2	905	admit-ceiling	LIMIT_EXCEEDED: client unresolved admission ceiling
160404	1789236245766	2	806	admit-ceiling	LIMIT_EXCEEDED: client unresolved admission ceiling
160471	1789236245833	2	914	admit-retried	succeeded after 1 refusals
160471	1789236245833	2	914	admitted	admit=541ms
160549	1789236245912	2	875	admit-retried	succeeded after 5 refusals
160549	1789236245912	2	875	admitted	admit=3832ms
160554	1789236245917	2	917	admit-refused	authority refusal LIMIT_EXCEEDED: retained input, output or executor capacity
160563	1789236245926	2	920	admit-refused	authority refusal LIMIT_EXCEEDED: retained input, output or executor capacity
160693	1789236246056	2	701	admit-refused	authority refusal LIMIT_EXCEEDED: retained input, output or executor capacity
160713	1789236246076	2	920	admit-refused	authority refusal LIMIT_EXCEEDED: retained input, output or executor capacity
160714	1789236246077	2	908	admit-retried	succeeded after 2 refusals
160714	1789236246077	2	908	admitted	admit=1111ms
160787	1789236246149	2	926	admit-refused	authority refusal LIMIT_EXCEEDED: retained input, output or executor capacity
160802	1789236246164	2	917	admit-refused	authority refusal LIMIT_EXCEEDED: retained input, output or executor capacity
160824	1789236246187	2	923	admit-refused	authority refusal LIMIT_EXCEEDED: retained input, output or executor capacity
161031	1789236246394	2	326	admit-ceiling	LIMIT_EXCEEDED: client unresolved admission ceiling
161064	1789236246427	2	905	admit-ceiling	LIMIT_EXCEEDED: client unresolved admission ceiling
161203	1789236246566	2	917	admit-ceiling	LIMIT_EXCEEDED: client unresolved admission ceiling
161613	1789236246975	2	854	admit-ceiling	LIMIT_EXCEEDED: client unresolved admission ceiling
161837	1789236247200	2	923	admit-retried	succeeded after 1 refusals
161837	1789236247200	2	923	admitted	admit=1287ms
161884	1789236247247	2	800	admit-ceiling	LIMIT_EXCEEDED: client unresolved admission ceiling
161955	1789236247318	2	920	admit-refused	authority refusal LIMIT_EXCEEDED: retained input, output or executor capacity
161967	1789236247329	2	926	admit-retried	succeeded after 1 refusals
161967	1789236247329	2	926	admitted	admit=1252ms
162025	1789236247387	2	569	admit-refused	authority refusal LIMIT_EXCEEDED: retained input, output or executor capacity
162033	1789236247395	2	929	admit-refused	authority refusal LIMIT_EXCEEDED: retained input, output or executor capacity
162273	1789236247636	2	767	admit-ceiling	LIMIT_EXCEEDED: client unresolved admission ceiling
162328	1789236247690	2	932	admit-refused	authority refusal LIMIT_EXCEEDED: retained input, output or executor capacity
162343	1789236247706	2	917	admit-refused	authority refusal LIMIT_EXCEEDED: retained input, output or executor capacity
162359	1789236247722	2	929	admit-refused	authority refusal LIMIT_EXCEEDED: retained input, output or executor capacity
162369	1789236247731	2	752	admit-refused	authority refusal LIMIT_EXCEEDED: retained input, output or executor capacity
162574	1789236247936	2	920	admit-refused	authority refusal LIMIT_EXCEEDED: retained input, output or executor capacity
162583	1789236247946	2	932	admit-refused	authority refusal LIMIT_EXCEEDED: retained input, output or executor capacity
162809	1789236248171	2	929	admit-retried	succeeded after 2 refusals
162809	1789236248171	2	929	admitted	admit=971ms
162901	1789236248263	2	905	admit-retried	succeeded after 5 refusals
162901	1789236248263	2	905	admitted	admit=3885ms
163067	1789236248430	2	938	admitted	admit=166ms
163080	1789236248443	2	935	admit-refused	authority refusal LIMIT_EXCEEDED: retained input, output or executor capacity
163136	1789236248498	2	932	admit-refused	authority refusal LIMIT_EXCEEDED: retained input, output or executor capacity
163145	1789236248508	2	941	admit-refused	authority refusal LIMIT_EXCEEDED: retained input, output or executor capacity
163329	1789236248692	2	935	admit-retried	succeeded after 1 refusals
163329	1789236248692	2	935	admitted	admit=519ms
163407	1789236248770	2	944	admit-refused	authority refusal LIMIT_EXCEEDED: retained input, output or executor capacity
163418	1789236248780	2	920	admit-refused	authority refusal LIMIT_EXCEEDED: retained input, output or executor capacity
163419	1789236248781	2	941	admit-retried	succeeded after 1 refusals
163419	1789236248781	2	941	admitted	admit=351ms
163444	1789236248807	2	947	admit-refused	authority refusal LIMIT_EXCEEDED: retained input, output or executor capacity
163527	1789236248889	2	944	admit-refused	authority refusal LIMIT_EXCEEDED: retained input, output or executor capacity
163569	1789236248932	2	932	admit-refused	authority refusal LIMIT_EXCEEDED: retained input, output or executor capacity
163578	1789236248941	2	947	admit-refused	authority refusal LIMIT_EXCEEDED: retained input, output or executor capacity
164534	1789236249896	2	944	admit-retried	succeeded after 2 refusals
164534	1789236249896	2	944	admitted	admit=1204ms
164561	1789236249924	2	548	admit-ceiling	LIMIT_EXCEEDED: client unresolved admission ceiling
164670	1789236250032	2	719	admit-ceiling	LIMIT_EXCEEDED: client unresolved admission ceiling
164707	1789236250070	2	917	admit-refused	authority refusal LIMIT_EXCEEDED: retained input, output or executor capacity
164719	1789236250081	2	947	admit-retried	succeeded after 2 refusals
164719	1789236250081	2	947	admitted	admit=1299ms
164850	1789236250213	2	932	admit-retried	succeeded after 4 refusals
164850	1789236250213	2	932	admitted	admit=2882ms
164952	1789236250314	2	956	admit-refused	authority refusal LIMIT_EXCEEDED: retained input, output or executor capacity
164965	1789236250327	2	950	admitted	admit=430ms
164993	1789236250355	2	953	admit-refused	authority refusal LIMIT_EXCEEDED: retained input, output or executor capacity
165011	1789236250374	2	959	admit-refused	authority refusal LIMIT_EXCEEDED: retained input, output or executor capacity
165020	1789236250382	2	791	admit-refused	authority refusal LIMIT_EXCEEDED: retained input, output or executor capacity
165031	1789236250393	2	920	admit-refused	authority refusal LIMIT_EXCEEDED: retained input, output or executor capacity
165089	1789236250452	2	956	admit-refused	authority refusal LIMIT_EXCEEDED: retained input, output or executor capacity
165103	1789236250466	2	953	admit-refused	authority refusal LIMIT_EXCEEDED: retained input, output or executor capacity
165123	1789236250485	2	959	admit-refused	authority refusal LIMIT_EXCEEDED: retained input, output or executor capacity
165404	1789236250767	2	956	admit-retried	succeeded after 2 refusals
165404	1789236250767	2	956	admitted	admit=553ms
165486	1789236250848	2	962	admit-refused	authority refusal LIMIT_EXCEEDED: retained input, output or executor capacity
165496	1789236250859	2	806	admit-refused	authority refusal LIMIT_EXCEEDED: retained input, output or executor capacity
165497	1789236250859	2	953	admit-retried	succeeded after 2 refusals
165497	1789236250859	2	953	admitted	admit=777ms
165525	1789236250888	2	959	admit-refused	authority refusal LIMIT_EXCEEDED: retained input, output or executor capacity
165537	1789236250899	2	965	admit-refused	authority refusal LIMIT_EXCEEDED: retained input, output or executor capacity
165596	1789236250958	2	962	admit-refused	authority refusal LIMIT_EXCEEDED: retained input, output or executor capacity
165649	1789236251011	2	965	admit-refused	authority refusal LIMIT_EXCEEDED: retained input, output or executor capacity
165721	1789236251084	2	701	admit-refused	authority refusal LIMIT_EXCEEDED: retained input, output or executor capacity
165893	1789236251256	2	962	admit-retried	succeeded after 2 refusals
165893	1789236251256	2	962	admitted	admit=488ms
165987	1789236251350	2	968	admit-refused	authority refusal LIMIT_EXCEEDED: retained input, output or executor capacity
165997	1789236251360	2	959	admit-refused	authority refusal LIMIT_EXCEEDED: retained input, output or executor capacity
165999	1789236251362	2	965	admit-retried	succeeded after 2 refusals
165999	1789236251362	2	965	admitted	admit=502ms
166025	1789236251387	2	971	admit-refused	authority refusal LIMIT_EXCEEDED: retained input, output or executor capacity
166042	1789236251404	2	326	admit-refused	authority refusal LIMIT_EXCEEDED: retained input, output or executor capacity
166098	1789236251461	2	968	admit-refused	authority refusal LIMIT_EXCEEDED: retained input, output or executor capacity
166200	1789236251563	2	971	admit-refused	authority refusal LIMIT_EXCEEDED: retained input, output or executor capacity
166335	1789236251698	2	968	admit-refused	authority refusal LIMIT_EXCEEDED: retained input, output or executor capacity
166522	1789236251885	2	971	admit-retried	succeeded after 2 refusals
166522	1789236251885	2	971	admitted	admit=522ms
166641	1789236252003	2	854	admit-refused	authority refusal LIMIT_EXCEEDED: retained input, output or executor capacity
166653	1789236252016	2	974	admitted	admit=130ms
166721	1789236252083	2	977	admit-refused	authority refusal LIMIT_EXCEEDED: retained input, output or executor capacity
166770	1789236252132	2	968	admit-refused	authority refusal LIMIT_EXCEEDED: retained input, output or executor capacity
166934	1789236252297	2	959	admit-retried	succeeded after 4 refusals
166934	1789236252297	2	959	admitted	admit=1969ms
166999	1789236252361	2	800	admit-refused	authority refusal LIMIT_EXCEEDED: retained input, output or executor capacity
167010	1789236252372	2	980	admit-refused	authority refusal LIMIT_EXCEEDED: retained input, output or executor capacity
167011	1789236252373	2	977	admit-retried	succeeded after 1 refusals
167011	1789236252373	2	977	admitted	admit=357ms
167037	1789236252400	2	983	admit-refused	authority refusal LIMIT_EXCEEDED: retained input, output or executor capacity
167046	1789236252409	2	569	admit-refused	authority refusal LIMIT_EXCEEDED: retained input, output or executor capacity
167121	1789236252484	2	980	admit-refused	authority refusal LIMIT_EXCEEDED: retained input, output or executor capacity
167148	1789236252511	2	983	admit-refused	authority refusal LIMIT_EXCEEDED: retained input, output or executor capacity
167371	1789236252733	2	767	admit-retried	succeeded after 10 refusals
167371	1789236252733	2	767	admitted	admit=30207ms
167512	1789236252875	2	983	admit-refused	authority refusal LIMIT_EXCEEDED: retained input, output or executor capacity
167514	1789236252877	2	980	admit-retried	succeeded after 2 refusals
167514	1789236252877	2	980	admitted	admit=579ms
167559	1789236252922	2	752	admit-refused	authority refusal LIMIT_EXCEEDED: retained input, output or executor capacity
167600	1789236252963	2	986	admit-refused	authority refusal LIMIT_EXCEEDED: retained input, output or executor capacity
167608	1789236252971	2	989	admit-refused	authority refusal LIMIT_EXCEEDED: retained input, output or executor capacity
167619	1789236252981	2	968	admit-refused	authority refusal LIMIT_EXCEEDED: retained input, output or executor capacity
167744	1789236253107	2	986	admit-refused	authority refusal LIMIT_EXCEEDED: retained input, output or executor capacity
167753	1789236253115	2	989	admit-refused	authority refusal LIMIT_EXCEEDED: retained input, output or executor capacity
167994	1789236253357	2	917	admit-refused	authority refusal LIMIT_EXCEEDED: SQLite file capacity exhausted
168045	1789236253407	2	983	admit-refused	authority refusal LIMIT_EXCEEDED: SQLite file capacity exhausted
168136	1789236253498	2	986	admit-refused	authority refusal LIMIT_EXCEEDED: SQLite file capacity exhausted
168179	1789236253542	2	989	admit-refused	authority refusal LIMIT_EXCEEDED: SQLite file capacity exhausted
168394	1789236253757	2	920	admit-refused	authority refusal LIMIT_EXCEEDED: SQLite file capacity exhausted
168576	1789236253939	2	986	admit-refused	authority refusal LIMIT_EXCEEDED: SQLite file capacity exhausted
168617	1789236253979	2	989	admit-refused	authority refusal LIMIT_EXCEEDED: SQLite file capacity exhausted
168975	1789236254337	2	983	admit-retried	succeeded after 4 refusals
168975	1789236254337	2	983	admitted	admit=1963ms
169122	1789236254484	2	992	admit-refused	authority refusal LIMIT_EXCEEDED: SQLite file capacity exhausted
169371	1789236254733	2	992	admit-refused	authority refusal LIMIT_EXCEEDED: SQLite file capacity exhausted
169418	1789236254781	2	968	admit-refused	authority refusal LIMIT_EXCEEDED: SQLite file capacity exhausted
169517	1789236254880	2	989	admit-refused	authority refusal LIMIT_EXCEEDED: SQLite file capacity exhausted
169534	1789236254896	2	986	admit-refused	authority refusal LIMIT_EXCEEDED: SQLite file capacity exhausted
169732	1789236255095	2	992	admit-refused	authority refusal LIMIT_EXCEEDED: SQLite file capacity exhausted
169793	1789236255156	2	548	admit-refused	authority refusal LIMIT_EXCEEDED: SQLite file capacity exhausted
169890	1789236255253	2	719	admit-refused	authority refusal LIMIT_EXCEEDED: SQLite file capacity exhausted
170108	1789236255471	2	791	admit-refused	authority refusal LIMIT_EXCEEDED: SQLite file capacity exhausted
170176	1789236255539	2	992	admit-refused	authority refusal LIMIT_EXCEEDED: SQLite file capacity exhausted
170593	1789236255956	2	806	admit-retried	succeeded after 9 refusals
170593	1789236255956	2	806	admitted	admit=21777ms
170679	1789236256041	2	995	admit-refused	authority refusal LIMIT_EXCEEDED: SQLite file capacity exhausted
170900	1789236256263	2	701	admit-refused	authority refusal LIMIT_EXCEEDED: SQLite file capacity exhausted
171009	1789236256371	2	995	admit-refused	authority refusal LIMIT_EXCEEDED: SQLite file capacity exhausted
171085	1789236256447	2	992	admit-refused	authority refusal LIMIT_EXCEEDED: SQLite file capacity exhausted
171176	1789236256539	2	326	admit-refused	authority refusal LIMIT_EXCEEDED: SQLite file capacity exhausted
171353	1789236256716	2	989	admit-refused	authority refusal LIMIT_EXCEEDED: SQLite file capacity exhausted
171377	1789236256739	2	986	admit-refused	authority refusal LIMIT_EXCEEDED: SQLite file capacity exhausted
171481	1789236256844	2	995	admit-refused	authority refusal LIMIT_EXCEEDED: SQLite file capacity exhausted
171711	1789236257074	2	854	admit-refused	authority refusal LIMIT_EXCEEDED: SQLite file capacity exhausted
171921	1789236257283	2	995	admit-refused	authority refusal LIMIT_EXCEEDED: SQLite file capacity exhausted
172068	1789236257430	2	800	admit-refused	authority refusal LIMIT_EXCEEDED: SQLite file capacity exhausted
172146	1789236257509	2	569	admit-refused	authority refusal LIMIT_EXCEEDED: SQLite file capacity exhausted
172985	1789236258348	2	968	admit-retried	succeeded after 6 refusals
172985	1789236258348	2	968	admitted	admit=7091ms
173013	1789236258376	2	917	admit-ceiling	LIMIT_EXCEEDED: client unresolved admission ceiling
173216	1789236258578	2	752	admit-retried	succeeded after 12 refusals
173216	1789236258578	2	752	admitted	admit=38820ms
173275	1789236258637	2	992	admit-retried	succeeded after 5 refusals
173275	1789236258637	2	992	admitted	admit=4299ms
173298	1789236258661	2	995	admit-refused	authority refusal LIMIT_EXCEEDED: SQLite file capacity exhausted
174011	1789236259373	2	998	admitted	admit=1024ms
174125	1789236259488	2	1001	admitted	admit=908ms
174238	1789236259601	2	920	admit-retried	succeeded after 7 refusals
174238	1789236259601	2	920	admitted	admit=13767ms
174563	1789236259925	2	1004	admitted	admit=1287ms
174593	1789236259956	2	1016	admit-ceiling	LIMIT_EXCEEDED: client unresolved admission ceiling
174594	1789236259956	2	986	admit-ceiling	LIMIT_EXCEEDED: client unresolved admission ceiling
174695	1789236260058	2	1016	admit-ceiling	LIMIT_EXCEEDED: client unresolved admission ceiling
174733	1789236260096	2	1007	admitted	admit=722ms
174796	1789236260158	2	548	admit-ceiling	LIMIT_EXCEEDED: client unresolved admission ceiling
174892	1789236260255	2	719	admit-ceiling	LIMIT_EXCEEDED: client unresolved admission ceiling
174897	1789236260259	2	1016	admit-ceiling	LIMIT_EXCEEDED: client unresolved admission ceiling
174899	1789236260262	2	995	admit-ceiling	LIMIT_EXCEEDED: client unresolved admission ceiling
174964	1789236260326	2	1010	admitted	admit=838ms
175056	1789236260419	2	1013	admitted	admit=817ms
175215	1789236260577	2	989	admit-retried	succeeded after 6 refusals
175215	1789236260577	2	989	admitted	admit=7699ms
175310	1789236260672	2	1019	admit-refused	authority refusal LIMIT_EXCEEDED: SQLite file capacity exhausted
175510	1789236260872	2	1022	admit-refused	authority refusal LIMIT_EXCEEDED: SQLite file capacity exhausted
175541	1789236260904	2	791	admit-refused	authority refusal LIMIT_EXCEEDED: SQLite file capacity exhausted
175603	1789236260966	2	1016	admit-refused	authority refusal LIMIT_EXCEEDED: SQLite file capacity exhausted
175675	1789236261038	2	1019	admit-refused	authority refusal LIMIT_EXCEEDED: SQLite file capacity exhausted
175760	1789236261122	2	1022	admit-refused	authority refusal LIMIT_EXCEEDED: SQLite file capacity exhausted
175975	1789236261338	2	1019	admit-retried	succeeded after 2 refusals
175975	1789236261338	2	1019	admitted	admit=1241ms
176003	1789236261365	2	701	admit-refused	authority refusal LIMIT_EXCEEDED: SQLite file capacity exhausted
176036	1789236261399	2	1022	admit-refused	authority refusal LIMIT_EXCEEDED: SQLite file capacity exhausted
176222	1789236261585	2	326	admit-refused	authority refusal LIMIT_EXCEEDED: SQLite file capacity exhausted
176447	1789236261809	2	1016	admit-refused	authority refusal LIMIT_EXCEEDED: SQLite file capacity exhausted
176484	1789236261846	2	1022	admit-refused	authority refusal LIMIT_EXCEEDED: SQLite file capacity exhausted
176909	1789236262272	2	854	admit-refused	authority refusal LIMIT_EXCEEDED: SQLite file capacity exhausted
177104	1789236262467	2	800	admit-refused	authority refusal LIMIT_EXCEEDED: SQLite file capacity exhausted
177188	1789236262551	2	569	admit-refused	authority refusal LIMIT_EXCEEDED: SQLite file capacity exhausted
177426	1789236262788	2	1022	admit-retried	succeeded after 4 refusals
177426	1789236262788	2	1022	admitted	admit=2461ms
178086	1789236263449	2	917	admit-refused	authority refusal LIMIT_EXCEEDED: SQLite file capacity exhausted
178173	1789236263535	2	1016	admit-refused	authority refusal LIMIT_EXCEEDED: SQLite file capacity exhausted
178237	1789236263600	2	995	admit-refused	authority refusal LIMIT_EXCEEDED: SQLite file capacity exhausted
179658	1789236265021	2	986	admit-refused	authority refusal LIMIT_EXCEEDED: SQLite file capacity exhausted
179842	1789236265204	2	548	admit-refused	authority refusal LIMIT_EXCEEDED: SQLite file capacity exhausted
179949	1789236265312	2	719	admit-refused	authority refusal LIMIT_EXCEEDED: SQLite file capacity exhausted
180623	1789236265986	2	791	admit-refused	authority refusal LIMIT_EXCEEDED: SQLite file capacity exhausted
181065	1789236266427	2	701	admit-refused	authority refusal LIMIT_EXCEEDED: SQLite file capacity exhausted
181279	1789236266641	2	326	admit-refused	authority refusal LIMIT_EXCEEDED: SQLite file capacity exhausted
181427	1789236266790	2	1016	admit-refused	authority refusal LIMIT_EXCEEDED: SQLite file capacity exhausted
182215	1789236267578	2	854	admit-retried	succeeded after 10 refusals
182215	1789236267578	2	854	admitted	admit=27725ms
182256	1789236267619	2	800	admit-refused	authority refusal LIMIT_EXCEEDED: SQLite file capacity exhausted
182371	1789236267733	2	569	admit-refused	authority refusal LIMIT_EXCEEDED: SQLite file capacity exhausted
183203	1789236268565	2	917	admit-refused	authority refusal LIMIT_EXCEEDED: SQLite file capacity exhausted
183348	1789236268711	2	995	admit-refused	authority refusal LIMIT_EXCEEDED: SQLite file capacity exhausted
184772	1789236270134	2	986	admit-retried	succeeded after 8 refusals
184772	1789236270134	2	986	admitted	admit=17400ms
184916	1789236270278	2	548	admit-retried	succeeded after 22 refusals
184916	1789236270278	2	548	admitted	admit=93262ms
184999	1789236270361	2	719	admit-refused	authority refusal LIMIT_EXCEEDED: SQLite file capacity exhausted
185686	1789236271048	2	791	admit-refused	authority refusal LIMIT_EXCEEDED: SQLite file capacity exhausted
186127	1789236271490	2	701	admit-refused	authority refusal LIMIT_EXCEEDED: SQLite file capacity exhausted
186421	1789236271784	2	326	admit-refused	authority refusal LIMIT_EXCEEDED: SQLite file capacity exhausted
186559	1789236271922	2	1016	admit-refused	authority refusal LIMIT_EXCEEDED: SQLite file capacity exhausted
187318	1789236272681	2	800	admit-refused	authority refusal LIMIT_EXCEEDED: SQLite file capacity exhausted
187435	1789236272798	2	569	admit-refused	authority refusal LIMIT_EXCEEDED: SQLite file capacity exhausted
188269	1789236273631	2	917	admit-refused	authority refusal LIMIT_EXCEEDED: SQLite file capacity exhausted
188386	1789236273748	2	995	admit-refused	authority refusal LIMIT_EXCEEDED: SQLite file capacity exhausted
190070	1789236275433	2	719	admit-refused	authority refusal LIMIT_EXCEEDED: SQLite file capacity exhausted
190761	1789236276124	2	791	admit-refused	authority refusal LIMIT_EXCEEDED: SQLite file capacity exhausted
191200	1789236276563	2	701	admit-refused	authority refusal LIMIT_EXCEEDED: SQLite file capacity exhausted
191505	1789236276868	2	326	admit-refused	authority refusal LIMIT_EXCEEDED: SQLite file capacity exhausted
191618	1789236276981	2	1016	admit-refused	authority refusal LIMIT_EXCEEDED: SQLite file capacity exhausted
192382	1789236277744	2	800	admit-refused	authority refusal LIMIT_EXCEEDED: SQLite file capacity exhausted
192483	1789236277845	2	569	admit-refused	authority refusal LIMIT_EXCEEDED: SQLite file capacity exhausted
193351	1789236278713	2	917	admit-refused	authority refusal LIMIT_EXCEEDED: SQLite file capacity exhausted
193468	1789236278830	2	995	admit-refused	authority refusal LIMIT_EXCEEDED: SQLite file capacity exhausted
195126	1789236280488	2	719	admit-refused	authority refusal LIMIT_EXCEEDED: SQLite file capacity exhausted
195810	1789236281173	2	791	admit-refused	authority refusal LIMIT_EXCEEDED: SQLite file capacity exhausted
196377	1789236281740	2	701	admit-refused	authority refusal LIMIT_EXCEEDED: SQLite file capacity exhausted
196576	1789236281939	2	326	admit-refused	authority refusal LIMIT_EXCEEDED: SQLite file capacity exhausted
196686	1789236282049	2	1016	admit-refused	authority refusal LIMIT_EXCEEDED: SQLite file capacity exhausted
197611	1789236282973	2	800	admit-refused	authority refusal LIMIT_EXCEEDED: SQLite file capacity exhausted
197658	1789236283020	2	569	admit-refused	authority refusal LIMIT_EXCEEDED: SQLite file capacity exhausted
198429	1789236283791	2	917	admit-refused	authority refusal LIMIT_EXCEEDED: SQLite file capacity exhausted
198541	1789236283904	2	995	admit-refused	authority refusal LIMIT_EXCEEDED: SQLite file capacity exhausted
200184	1789236285546	2	719	admit-refused	authority refusal LIMIT_EXCEEDED: SQLite file capacity exhausted
200891	1789236286254	2	791	admit-refused	authority refusal LIMIT_EXCEEDED: SQLite file capacity exhausted
201419	1789236286781	2	701	admit-refused	authority refusal LIMIT_EXCEEDED: SQLite file capacity exhausted
201617	1789236286980	2	326	admit-refused	authority refusal LIMIT_EXCEEDED: SQLite file capacity exhausted
201726	1789236287089	2	1016	admit-refused	authority refusal LIMIT_EXCEEDED: SQLite file capacity exhausted
202653	1789236288015	2	800	admit-refused	authority refusal LIMIT_EXCEEDED: SQLite file capacity exhausted
202700	1789236288063	2	569	admit-refused	authority refusal LIMIT_EXCEEDED: SQLite file capacity exhausted
203669	1789236289031	2	917	admit-refused	authority refusal LIMIT_EXCEEDED: SQLite file capacity exhausted
203697	1789236289059	2	995	admit-refused	authority refusal LIMIT_EXCEEDED: SQLite file capacity exhausted
205257	1789236290619	2	719	admit-refused	authority refusal LIMIT_EXCEEDED: SQLite file capacity exhausted
205987	1789236291350	2	791	admit-refused	authority refusal LIMIT_EXCEEDED: SQLite file capacity exhausted
206489	1789236291852	2	701	admit-refused	authority refusal LIMIT_EXCEEDED: SQLite file capacity exhausted
206667	1789236292030	2	326	admit-refused	authority refusal LIMIT_EXCEEDED: SQLite file capacity exhausted
206774	1789236292136	2	1016	admit-refused	authority refusal LIMIT_EXCEEDED: SQLite file capacity exhausted
207715	1789236293078	2	800	admit-refused	authority refusal LIMIT_EXCEEDED: SQLite file capacity exhausted
207791	1789236293154	2	569	admit-refused	authority refusal LIMIT_EXCEEDED: SQLite file capacity exhausted
208737	1789236294100	2	917	admit-refused	authority refusal LIMIT_EXCEEDED: SQLite file capacity exhausted
208801	1789236294164	2	995	admit-refused	authority refusal LIMIT_EXCEEDED: SQLite file capacity exhausted
210307	1789236295669	2	719	admit-refused	authority refusal LIMIT_EXCEEDED: SQLite file capacity exhausted
211049	1789236296411	2	791	admit-refused	authority refusal LIMIT_EXCEEDED: SQLite file capacity exhausted
211572	1789236296935	2	701	admit-refused	authority refusal LIMIT_EXCEEDED: SQLite file capacity exhausted
211738	1789236297100	2	326	admit-refused	authority refusal LIMIT_EXCEEDED: SQLite file capacity exhausted
211856	1789236297218	2	1016	admit-refused	authority refusal LIMIT_EXCEEDED: SQLite file capacity exhausted
212801	1789236298164	2	800	admit-refused	authority refusal LIMIT_EXCEEDED: SQLite file capacity exhausted
212846	1789236298208	2	569	admit-refused	authority refusal LIMIT_EXCEEDED: SQLite file capacity exhausted
213810	1789236299172	2	917	admit-refused	authority refusal LIMIT_EXCEEDED: SQLite file capacity exhausted
213876	1789236299239	2	995	admit-refused	authority refusal LIMIT_EXCEEDED: SQLite file capacity exhausted
215377	1789236300739	2	719	admit-refused	authority refusal LIMIT_EXCEEDED: SQLite file capacity exhausted
216109	1789236301471	2	791	admit-refused	authority refusal LIMIT_EXCEEDED: SQLite file capacity exhausted
216609	1789236301972	2	701	admit-refused	authority refusal LIMIT_EXCEEDED: SQLite file capacity exhausted
216783	1789236302146	2	326	admit-refused	authority refusal LIMIT_EXCEEDED: SQLite file capacity exhausted
216892	1789236302255	2	1016	admit-refused	authority refusal LIMIT_EXCEEDED: SQLite file capacity exhausted
217907	1789236303269	2	800	admit-refused	authority refusal LIMIT_EXCEEDED: SQLite file capacity exhausted
217970	1789236303332	2	569	admit-refused	authority refusal LIMIT_EXCEEDED: SQLite file capacity exhausted
218866	1789236304229	2	917	admit-refused	authority refusal LIMIT_EXCEEDED: SQLite file capacity exhausted
218923	1789236304286	2	995	admit-refused	authority refusal LIMIT_EXCEEDED: SQLite file capacity exhausted
220458	1789236305821	2	719	admit-refused	authority refusal LIMIT_EXCEEDED: SQLite file capacity exhausted
221192	1789236306555	2	791	admit-refused	authority refusal LIMIT_EXCEEDED: SQLite file capacity exhausted
221680	1789236307043	2	701	admit-refused	authority refusal LIMIT_EXCEEDED: SQLite file capacity exhausted
221865	1789236307228	2	326	admit-refused	authority refusal LIMIT_EXCEEDED: SQLite file capacity exhausted
221944	1789236307307	2	1016	admit-refused	authority refusal LIMIT_EXCEEDED: SQLite file capacity exhausted
222969	1789236308332	2	800	admit-refused	authority refusal LIMIT_EXCEEDED: SQLite file capacity exhausted
223008	1789236308371	2	569	admit-refused	authority refusal LIMIT_EXCEEDED: SQLite file capacity exhausted
223935	1789236309297	2	917	admit-refused	authority refusal LIMIT_EXCEEDED: SQLite file capacity exhausted
223994	1789236309356	2	995	admit-refused	authority refusal LIMIT_EXCEEDED: SQLite file capacity exhausted
225510	1789236310872	2	719	admit-refused	authority refusal LIMIT_EXCEEDED: SQLite file capacity exhausted
226263	1789236311625	2	791	admit-refused	authority refusal LIMIT_EXCEEDED: SQLite file capacity exhausted
226752	1789236312114	2	701	admit-refused	authority refusal LIMIT_EXCEEDED: SQLite file capacity exhausted
226917	1789236312280	2	326	admit-refused	authority refusal LIMIT_EXCEEDED: SQLite file capacity exhausted
227028	1789236312390	2	1016	admit-refused	authority refusal LIMIT_EXCEEDED: SQLite file capacity exhausted
228050	1789236313413	2	800	admit-refused	authority refusal LIMIT_EXCEEDED: SQLite file capacity exhausted
228085	1789236313448	2	569	admit-refused	authority refusal LIMIT_EXCEEDED: SQLite file capacity exhausted
229008	1789236314370	2	917	admit-refused	authority refusal LIMIT_EXCEEDED: SQLite file capacity exhausted
229085	1789236314448	2	995	admit-refused	authority refusal LIMIT_EXCEEDED: SQLite file capacity exhausted
230607	1789236315970	2	719	admit-refused	authority refusal LIMIT_EXCEEDED: SQLite file capacity exhausted
231305	1789236316667	2	791	admit-refused	authority refusal LIMIT_EXCEEDED: SQLite file capacity exhausted
231872	1789236317235	2	701	admit-refused	authority refusal LIMIT_EXCEEDED: SQLite file capacity exhausted
232098	1789236317461	2	326	admit-refused	authority refusal LIMIT_EXCEEDED: SQLite file capacity exhausted
232138	1789236317501	2	1016	admit-refused	authority refusal LIMIT_EXCEEDED: SQLite file capacity exhausted
233206	1789236318568	2	800	admit-refused	authority refusal LIMIT_EXCEEDED: SQLite file capacity exhausted
233248	1789236318611	2	569	admit-refused	authority refusal LIMIT_EXCEEDED: SQLite file capacity exhausted
234059	1789236319421	2	917	admit-refused	authority refusal LIMIT_EXCEEDED: SQLite file capacity exhausted
234134	1789236319497	2	995	admit-refused	authority refusal LIMIT_EXCEEDED: SQLite file capacity exhausted
235679	1789236321042	2	719	admit-refused	authority refusal LIMIT_EXCEEDED: SQLite file capacity exhausted
236382	1789236321744	2	791	admit-refused	authority refusal LIMIT_EXCEEDED: SQLite file capacity exhausted
236951	1789236322314	2	701	admit-refused	authority refusal LIMIT_EXCEEDED: SQLite file capacity exhausted
237139	1789236322501	2	326	admit-refused	authority refusal LIMIT_EXCEEDED: SQLite file capacity exhausted
237176	1789236322539	2	1016	admit-refused	authority refusal LIMIT_EXCEEDED: SQLite file capacity exhausted
238246	1789236323609	2	800	admit-refused	authority refusal LIMIT_EXCEEDED: SQLite file capacity exhausted
238286	1789236323648	2	569	admit-refused	authority refusal LIMIT_EXCEEDED: SQLite file capacity exhausted
239101	1789236324464	2	917	admit-refused	authority refusal LIMIT_EXCEEDED: SQLite file capacity exhausted
239171	1789236324533	2	995	admit-refused	authority refusal LIMIT_EXCEEDED: SQLite file capacity exhausted
240722	1789236326085	2	719	admit-refused	authority refusal LIMIT_EXCEEDED: SQLite file capacity exhausted
241471	1789236326834	2	791	admit-refused	authority refusal LIMIT_EXCEEDED: SQLite file capacity exhausted
241991	1789236327354	2	701	admit-refused	authority refusal LIMIT_EXCEEDED: SQLite file capacity exhausted
242186	1789236327549	2	326	admit-refused	authority refusal LIMIT_EXCEEDED: SQLite file capacity exhausted
242220	1789236327582	2	1016	admit-refused	authority refusal LIMIT_EXCEEDED: SQLite file capacity exhausted
243298	1789236328661	2	800	admit-refused	authority refusal LIMIT_EXCEEDED: SQLite file capacity exhausted
243333	1789236328695	2	569	admit-refused	authority refusal LIMIT_EXCEEDED: SQLite file capacity exhausted
244142	1789236329504	2	917	admit-refused	authority refusal LIMIT_EXCEEDED: SQLite file capacity exhausted
244219	1789236329581	2	995	admit-refused	authority refusal LIMIT_EXCEEDED: SQLite file capacity exhausted
245763	1789236331125	2	719	admit-refused	authority refusal LIMIT_EXCEEDED: SQLite file capacity exhausted
246533	1789236331895	2	791	admit-refused	authority refusal LIMIT_EXCEEDED: SQLite file capacity exhausted
247031	1789236332394	2	701	admit-refused	authority refusal LIMIT_EXCEEDED: SQLite file capacity exhausted
247234	1789236332596	2	326	admit-refused	authority refusal LIMIT_EXCEEDED: SQLite file capacity exhausted
247289	1789236332651	2	1016	admit-refused	authority refusal LIMIT_EXCEEDED: SQLite file capacity exhausted
248350	1789236333713	2	800	admit-refused	authority refusal LIMIT_EXCEEDED: SQLite file capacity exhausted
248387	1789236333749	2	569	admit-refused	authority refusal LIMIT_EXCEEDED: SQLite file capacity exhausted
249244	1789236334606	2	917	admit-refused	authority refusal LIMIT_EXCEEDED: SQLite file capacity exhausted
249288	1789236334651	2	995	admit-refused	authority refusal LIMIT_EXCEEDED: SQLite file capacity exhausted
250803	1789236336166	2	719	admit-refused	authority refusal LIMIT_EXCEEDED: SQLite file capacity exhausted
251594	1789236336956	2	791	admit-refused	authority refusal LIMIT_EXCEEDED: SQLite file capacity exhausted
252073	1789236337436	2	701	admit-refused	authority refusal LIMIT_EXCEEDED: SQLite file capacity exhausted
252274	1789236337637	2	326	admit-refused	authority refusal LIMIT_EXCEEDED: SQLite file capacity exhausted
252326	1789236337688	2	1016	admit-refused	authority refusal LIMIT_EXCEEDED: SQLite file capacity exhausted
253397	1789236338760	2	800	admit-refused	authority refusal LIMIT_EXCEEDED: SQLite file capacity exhausted
253433	1789236338795	2	569	admit-refused	authority refusal LIMIT_EXCEEDED: SQLite file capacity exhausted
254290	1789236339653	2	917	admit-refused	authority refusal LIMIT_EXCEEDED: SQLite file capacity exhausted
254325	1789236339687	2	995	admit-refused	authority refusal LIMIT_EXCEEDED: SQLite file capacity exhausted
255844	1789236341206	2	719	admit-refused	authority refusal LIMIT_EXCEEDED: SQLite file capacity exhausted
256656	1789236342018	2	791	admit-refused	authority refusal LIMIT_EXCEEDED: SQLite file capacity exhausted
257118	1789236342480	2	701	admit-refused	authority refusal LIMIT_EXCEEDED: SQLite file capacity exhausted
257320	1789236342683	2	326	admit-refused	authority refusal LIMIT_EXCEEDED: SQLite file capacity exhausted
257373	1789236342736	2	1016	admit-refused	authority refusal LIMIT_EXCEEDED: SQLite file capacity exhausted
258443	1789236343806	2	800	admit-refused	authority refusal LIMIT_EXCEEDED: SQLite file capacity exhausted
258477	1789236343840	2	569	admit-refused	authority refusal LIMIT_EXCEEDED: SQLite file capacity exhausted
259356	1789236344719	2	917	admit-refused	authority refusal LIMIT_EXCEEDED: SQLite file capacity exhausted
259382	1789236344745	2	995	admit-refused	authority refusal LIMIT_EXCEEDED: SQLite file capacity exhausted
260884	1789236346246	2	719	admit-refused	authority refusal LIMIT_EXCEEDED: SQLite file capacity exhausted
261717	1789236347079	2	791	admit-refused	authority refusal LIMIT_EXCEEDED: SQLite file capacity exhausted
262158	1789236347520	2	701	admit-refused	authority refusal LIMIT_EXCEEDED: SQLite file capacity exhausted
262370	1789236347733	2	326	admit-refused	authority refusal LIMIT_EXCEEDED: SQLite file capacity exhausted
262421	1789236347783	2	1016	admit-refused	authority refusal LIMIT_EXCEEDED: SQLite file capacity exhausted
263499	1789236348861	2	800	admit-refused	authority refusal LIMIT_EXCEEDED: SQLite file capacity exhausted
263534	1789236348897	2	569	admit-refused	authority refusal LIMIT_EXCEEDED: SQLite file capacity exhausted
264413	1789236349776	2	917	admit-refused	authority refusal LIMIT_EXCEEDED: SQLite file capacity exhausted
264438	1789236349800	2	995	admit-refused	authority refusal LIMIT_EXCEEDED: SQLite file capacity exhausted
265928	1789236351291	2	719	admit-refused	authority refusal LIMIT_EXCEEDED: SQLite file capacity exhausted
266780	1789236352142	2	791	admit-refused	authority refusal LIMIT_EXCEEDED: SQLite file capacity exhausted
267198	1789236352560	2	701	admit-refused	authority refusal LIMIT_EXCEEDED: SQLite file capacity exhausted
267418	1789236352781	2	326	admit-refused	authority refusal LIMIT_EXCEEDED: SQLite file capacity exhausted
267459	1789236352821	2	1016	admit-refused	authority refusal LIMIT_EXCEEDED: SQLite file capacity exhausted
268638	1789236354000	2	800	admit-refused	authority refusal LIMIT_EXCEEDED: SQLite file capacity exhausted
268682	1789236354045	2	569	admit-refused	authority refusal LIMIT_EXCEEDED: SQLite file capacity exhausted
269567	1789236354930	2	917	admit-refused	authority refusal LIMIT_EXCEEDED: SQLite file capacity exhausted
269585	1789236354948	2	995	admit-refused	authority refusal LIMIT_EXCEEDED: SQLite file capacity exhausted
270970	1789236356332	2	719	admit-refused	authority refusal LIMIT_EXCEEDED: SQLite file capacity exhausted
271840	1789236357203	2	791	admit-refused	authority refusal LIMIT_EXCEEDED: SQLite file capacity exhausted
272238	1789236357600	2	701	admit-refused	authority refusal LIMIT_EXCEEDED: SQLite file capacity exhausted
272461	1789236357823	2	326	admit-refused	authority refusal LIMIT_EXCEEDED: SQLite file capacity exhausted
272501	1789236357863	2	1016	admit-refused	authority refusal LIMIT_EXCEEDED: SQLite file capacity exhausted
273693	1789236359056	2	800	admit-refused	authority refusal LIMIT_EXCEEDED: SQLite file capacity exhausted
273811	1789236359173	2	569	admit-refused	authority refusal LIMIT_EXCEEDED: SQLite file capacity exhausted
274626	1789236359988	2	917	admit-refused	authority refusal LIMIT_EXCEEDED: SQLite file capacity exhausted
274649	1789236360012	2	995	admit-refused	authority refusal LIMIT_EXCEEDED: SQLite file capacity exhausted
276008	1789236361371	2	719	admit-refused	authority refusal LIMIT_EXCEEDED: SQLite file capacity exhausted
276912	1789236362275	2	791	admit-refused	authority refusal LIMIT_EXCEEDED: SQLite file capacity exhausted
277280	1789236362643	2	701	admit-refused	authority refusal LIMIT_EXCEEDED: SQLite file capacity exhausted
277510	1789236362873	2	326	admit-refused	authority refusal LIMIT_EXCEEDED: SQLite file capacity exhausted
277561	1789236362924	2	1016	admit-refused	authority refusal LIMIT_EXCEEDED: SQLite file capacity exhausted
278733	1789236364096	2	800	admit-refused	authority refusal LIMIT_EXCEEDED: SQLite file capacity exhausted
278848	1789236364210	2	569	admit-refused	authority refusal LIMIT_EXCEEDED: SQLite file capacity exhausted
279679	1789236365042	2	917	admit-refused	authority refusal LIMIT_EXCEEDED: SQLite file capacity exhausted
279704	1789236365067	2	995	admit-refused	authority refusal LIMIT_EXCEEDED: SQLite file capacity exhausted
281059	1789236366421	2	719	admit-refused	authority refusal LIMIT_EXCEEDED: SQLite file capacity exhausted
281987	1789236367350	2	791	admit-refused	authority refusal LIMIT_EXCEEDED: SQLite file capacity exhausted
282383	1789236367745	2	701	admit-refused	authority refusal LIMIT_EXCEEDED: SQLite file capacity exhausted
282552	1789236367915	2	326	admit-refused	authority refusal LIMIT_EXCEEDED: SQLite file capacity exhausted
282599	1789236367962	2	1016	admit-refused	authority refusal LIMIT_EXCEEDED: SQLite file capacity exhausted
283791	1789236369154	2	800	admit-refused	authority refusal LIMIT_EXCEEDED: SQLite file capacity exhausted
283891	1789236369254	2	569	admit-refused	authority refusal LIMIT_EXCEEDED: SQLite file capacity exhausted
284730	1789236370092	2	917	admit-refused	authority refusal LIMIT_EXCEEDED: SQLite file capacity exhausted
284755	1789236370118	2	995	admit-refused	authority refusal LIMIT_EXCEEDED: SQLite file capacity exhausted
286102	1789236371464	2	719	admit-refused	authority refusal LIMIT_EXCEEDED: SQLite file capacity exhausted
287048	1789236372411	2	791	admit-refused	authority refusal LIMIT_EXCEEDED: SQLite file capacity exhausted
287425	1789236372787	2	701	admit-refused	authority refusal LIMIT_EXCEEDED: SQLite file capacity exhausted
287595	1789236372958	2	326	admit-refused	authority refusal LIMIT_EXCEEDED: SQLite file capacity exhausted
287694	1789236373056	2	1016	admit-refused	authority refusal LIMIT_EXCEEDED: SQLite file capacity exhausted
288830	1789236374192	2	800	admit-refused	authority refusal LIMIT_EXCEEDED: SQLite file capacity exhausted
288955	1789236374318	2	569	admit-refused	authority refusal LIMIT_EXCEEDED: SQLite file capacity exhausted
289793	1789236375156	2	917	admit-refused	authority refusal LIMIT_EXCEEDED: SQLite file capacity exhausted
289833	1789236375196	2	995	admit-refused	authority refusal LIMIT_EXCEEDED: SQLite file capacity exhausted
291144	1789236376506	2	719	admit-refused	authority refusal LIMIT_EXCEEDED: SQLite file capacity exhausted
292108	1789236377470	2	791	admit-refused	authority refusal LIMIT_EXCEEDED: SQLite file capacity exhausted
292466	1789236377828	2	701	admit-refused	authority refusal LIMIT_EXCEEDED: SQLite file capacity exhausted
292633	1789236377996	2	326	admit-refused	authority refusal LIMIT_EXCEEDED: SQLite file capacity exhausted
292741	1789236378103	2	1016	admit-refused	authority refusal LIMIT_EXCEEDED: SQLite file capacity exhausted
293870	1789236379233	2	800	admit-refused	authority refusal LIMIT_EXCEEDED: SQLite file capacity exhausted
293992	1789236379355	2	569	admit-refused	authority refusal LIMIT_EXCEEDED: SQLite file capacity exhausted
294835	1789236380197	2	917	admit-refused	authority refusal LIMIT_EXCEEDED: SQLite file capacity exhausted
294871	1789236380234	2	995	admit-refused	authority refusal LIMIT_EXCEEDED: SQLite file capacity exhausted
296186	1789236381549	2	719	admit-refused	authority refusal LIMIT_EXCEEDED: SQLite file capacity exhausted
297174	1789236382536	2	791	admit-refused	authority refusal LIMIT_EXCEEDED: SQLite file capacity exhausted
297521	1789236382884	2	701	admit-refused	authority refusal LIMIT_EXCEEDED: SQLite file capacity exhausted
297675	1789236383037	2	326	admit-refused	authority refusal LIMIT_EXCEEDED: SQLite file capacity exhausted
297780	1789236383143	2	1016	admit-refused	authority refusal LIMIT_EXCEEDED: SQLite file capacity exhausted
298918	1789236384280	2	800	admit-refused	authority refusal LIMIT_EXCEEDED: SQLite file capacity exhausted
299034	1789236384397	2	569	admit-refused	authority refusal LIMIT_EXCEEDED: SQLite file capacity exhausted
299882	1789236385244	2	917	admit-refused	authority refusal LIMIT_EXCEEDED: SQLite file capacity exhausted
299938	1789236385300	2	995	admit-refused	authority refusal LIMIT_EXCEEDED: SQLite file capacity exhausted
301227	1789236386590	2	719	admit-refused	authority refusal LIMIT_EXCEEDED: SQLite file capacity exhausted
302236	1789236387598	2	791	admit-refused	authority refusal LIMIT_EXCEEDED: SQLite file capacity exhausted
302565	1789236387928	2	701	admit-refused	authority refusal LIMIT_EXCEEDED: SQLite file capacity exhausted
302714	1789236388077	2	326	admit-refused	authority refusal LIMIT_EXCEEDED: SQLite file capacity exhausted
302818	1789236388181	2	1016	admit-refused	authority refusal LIMIT_EXCEEDED: SQLite file capacity exhausted
303962	1789236389324	2	800	admit-refused	authority refusal LIMIT_EXCEEDED: SQLite file capacity exhausted
304078	1789236389440	2	569	admit-refused	authority refusal LIMIT_EXCEEDED: SQLite file capacity exhausted
304920	1789236390283	2	917	admit-refused	authority refusal LIMIT_EXCEEDED: SQLite file capacity exhausted
304974	1789236390337	2	995	admit-refused	authority refusal LIMIT_EXCEEDED: SQLite file capacity exhausted
306267	1789236391630	2	719	admit-refused	authority refusal LIMIT_EXCEEDED: SQLite file capacity exhausted
307302	1789236392665	2	791	admit-refused	authority refusal LIMIT_EXCEEDED: SQLite file capacity exhausted
307612	1789236392974	2	701	admit-refused	authority refusal LIMIT_EXCEEDED: SQLite file capacity exhausted
307753	1789236393115	2	326	admit-refused	authority refusal LIMIT_EXCEEDED: SQLite file capacity exhausted
307864	1789236393226	2	1016	admit-refused	authority refusal LIMIT_EXCEEDED: SQLite file capacity exhausted
309002	1789236394365	2	800	admit-refused	authority refusal LIMIT_EXCEEDED: SQLite file capacity exhausted
309115	1789236394477	2	569	admit-refused	authority refusal LIMIT_EXCEEDED: SQLite file capacity exhausted
309962	1789236395325	2	917	admit-refused	authority refusal LIMIT_EXCEEDED: SQLite file capacity exhausted
310016	1789236395379	2	995	admit-refused	authority refusal LIMIT_EXCEEDED: SQLite file capacity exhausted
311310	1789236396672	2	719	admit-refused	authority refusal LIMIT_EXCEEDED: SQLite file capacity exhausted
312364	1789236397726	2	791	admit-refused	authority refusal LIMIT_EXCEEDED: SQLite file capacity exhausted
312670	1789236398033	2	701	admit-refused	authority refusal LIMIT_EXCEEDED: SQLite file capacity exhausted
312791	1789236398153	2	326	admit-refused	authority refusal LIMIT_EXCEEDED: SQLite file capacity exhausted
312901	1789236398264	2	1016	admit-refused	authority refusal LIMIT_EXCEEDED: SQLite file capacity exhausted
314054	1789236399416	2	800	admit-refused	authority refusal LIMIT_EXCEEDED: SQLite file capacity exhausted
314157	1789236399520	2	569	admit-refused	authority refusal LIMIT_EXCEEDED: SQLite file capacity exhausted
315006	1789236400368	2	917	admit-refused	authority refusal LIMIT_EXCEEDED: SQLite file capacity exhausted
315078	1789236400440	2	995	admit-refused	authority refusal LIMIT_EXCEEDED: SQLite file capacity exhausted
316354	1789236401717	2	719	admit-refused	authority refusal LIMIT_EXCEEDED: SQLite file capacity exhausted
317474	1789236402837	2	791	admit-refused	authority refusal LIMIT_EXCEEDED: SQLite file capacity exhausted
317740	1789236403103	2	701	admit-refused	authority refusal LIMIT_EXCEEDED: SQLite file capacity exhausted
317845	1789236403208	2	326	admit-refused	authority refusal LIMIT_EXCEEDED: SQLite file capacity exhausted
317946	1789236403309	2	1016	admit-refused	authority refusal LIMIT_EXCEEDED: SQLite file capacity exhausted
319101	1789236404464	2	800	admit-refused	authority refusal LIMIT_EXCEEDED: SQLite file capacity exhausted
319212	1789236404574	2	569	admit-refused	authority refusal LIMIT_EXCEEDED: SQLite file capacity exhausted
320058	1789236405420	2	917	admit-refused	authority refusal LIMIT_EXCEEDED: SQLite file capacity exhausted
320121	1789236405484	2	995	admit-refused	authority refusal LIMIT_EXCEEDED: SQLite file capacity exhausted
321409	1789236406771	2	719	admit-refused	authority refusal LIMIT_EXCEEDED: SQLite file capacity exhausted
322551	1789236407913	2	791	admit-refused	authority refusal LIMIT_EXCEEDED: SQLite file capacity exhausted
322789	1789236408151	2	701	admit-refused	authority refusal LIMIT_EXCEEDED: SQLite file capacity exhausted
322977	1789236408340	2	326	admit-refused	authority refusal LIMIT_EXCEEDED: SQLite file capacity exhausted
323019	1789236408381	2	1016	admit-refused	authority refusal LIMIT_EXCEEDED: SQLite file capacity exhausted
324148	1789236409510	2	800	admit-refused	authority refusal LIMIT_EXCEEDED: SQLite file capacity exhausted
324253	1789236409615	2	569	admit-refused	authority refusal LIMIT_EXCEEDED: SQLite file capacity exhausted
325123	1789236410486	2	917	admit-refused	authority refusal LIMIT_EXCEEDED: SQLite file capacity exhausted
325175	1789236410538	2	995	admit-refused	authority refusal LIMIT_EXCEEDED: SQLite file capacity exhausted
326455	1789236411818	2	719	admit-refused	authority refusal LIMIT_EXCEEDED: SQLite file capacity exhausted
327624	1789236412986	2	791	admit-refused	authority refusal LIMIT_EXCEEDED: SQLite file capacity exhausted
327839	1789236413201	2	701	admit-refused	authority refusal LIMIT_EXCEEDED: SQLite file capacity exhausted
328018	1789236413381	2	326	admit-refused	authority refusal LIMIT_EXCEEDED: SQLite file capacity exhausted
328056	1789236413418	2	1016	admit-refused	authority refusal LIMIT_EXCEEDED: SQLite file capacity exhausted
329196	1789236414558	2	800	admit-refused	authority refusal LIMIT_EXCEEDED: SQLite file capacity exhausted
329295	1789236414658	2	569	admit-refused	authority refusal LIMIT_EXCEEDED: SQLite file capacity exhausted
330175	1789236415538	2	917	admit-refused	authority refusal LIMIT_EXCEEDED: SQLite file capacity exhausted
330218	1789236415581	2	995	admit-refused	authority refusal LIMIT_EXCEEDED: SQLite file capacity exhausted
331523	1789236416885	2	719	admit-refused	authority refusal LIMIT_EXCEEDED: SQLite file capacity exhausted
332684	1789236418047	2	791	admit-refused	authority refusal LIMIT_EXCEEDED: SQLite file capacity exhausted
332887	1789236418249	2	701	admit-refused	authority refusal LIMIT_EXCEEDED: SQLite file capacity exhausted
333070	1789236418433	2	326	admit-refused	authority refusal LIMIT_EXCEEDED: SQLite file capacity exhausted
333105	1789236418468	2	1016	admit-refused	authority refusal LIMIT_EXCEEDED: SQLite file capacity exhausted
334239	1789236419601	2	800	admit-refused	authority refusal LIMIT_EXCEEDED: SQLite file capacity exhausted
334345	1789236419707	2	569	admit-refused	authority refusal LIMIT_EXCEEDED: SQLite file capacity exhausted
335216	1789236420578	2	917	admit-refused	authority refusal LIMIT_EXCEEDED: SQLite file capacity exhausted
335255	1789236420618	2	995	admit-refused	authority refusal LIMIT_EXCEEDED: SQLite file capacity exhausted
336563	1789236421926	2	719	admit-refused	authority refusal LIMIT_EXCEEDED: SQLite file capacity exhausted
337746	1789236423108	2	791	admit-refused	authority refusal LIMIT_EXCEEDED: SQLite file capacity exhausted
337923	1789236423286	2	701	admit-refused	authority refusal LIMIT_EXCEEDED: SQLite file capacity exhausted
338128	1789236423490	2	326	admit-refused	authority refusal LIMIT_EXCEEDED: SQLite file capacity exhausted
338163	1789236423525	2	1016	admit-refused	authority refusal LIMIT_EXCEEDED: SQLite file capacity exhausted
339280	1789236424642	2	800	admit-refused	authority refusal LIMIT_EXCEEDED: SQLite file capacity exhausted
339382	1789236424745	2	569	admit-refused	authority refusal LIMIT_EXCEEDED: SQLite file capacity exhausted
340257	1789236425619	2	917	admit-refused	authority refusal LIMIT_EXCEEDED: SQLite file capacity exhausted
340298	1789236425660	2	995	admit-refused	authority refusal LIMIT_EXCEEDED: SQLite file capacity exhausted
341607	1789236426969	2	719	admit-refused	authority refusal LIMIT_EXCEEDED: SQLite file capacity exhausted
342806	1789236428168	2	791	admit-refused	authority refusal LIMIT_EXCEEDED: SQLite file capacity exhausted
342965	1789236428328	2	701	admit-refused	authority refusal LIMIT_EXCEEDED: SQLite file capacity exhausted
343175	1789236428537	2	326	admit-refused	authority refusal LIMIT_EXCEEDED: SQLite file capacity exhausted
343260	1789236428622	2	1016	admit-refused	authority refusal LIMIT_EXCEEDED: SQLite file capacity exhausted
344340	1789236429703	2	800	admit-refused	authority refusal LIMIT_EXCEEDED: SQLite file capacity exhausted
344421	1789236429783	2	569	admit-refused	authority refusal LIMIT_EXCEEDED: SQLite file capacity exhausted
345313	1789236430675	2	917	admit-refused	authority refusal LIMIT_EXCEEDED: SQLite file capacity exhausted
345406	1789236430769	2	995	admit-refused	authority refusal LIMIT_EXCEEDED: SQLite file capacity exhausted
346649	1789236432011	2	719	admit-refused	authority refusal LIMIT_EXCEEDED: SQLite file capacity exhausted
347893	1789236433256	2	791	admit-refused	authority refusal LIMIT_EXCEEDED: SQLite file capacity exhausted
348011	1789236433373	2	701	admit-refused	authority refusal LIMIT_EXCEEDED: SQLite file capacity exhausted
348225	1789236433588	2	326	admit-refused	authority refusal LIMIT_EXCEEDED: SQLite file capacity exhausted
348304	1789236433667	2	1016	admit-refused	authority refusal LIMIT_EXCEEDED: SQLite file capacity exhausted
349390	1789236434752	2	800	admit-refused	authority refusal LIMIT_EXCEEDED: SQLite file capacity exhausted
349477	1789236434840	2	569	admit-refused	authority refusal LIMIT_EXCEEDED: SQLite file capacity exhausted
350362	1789236435725	2	917	admit-refused	authority refusal LIMIT_EXCEEDED: SQLite file capacity exhausted
350483	1789236435846	2	995	admit-refused	authority refusal LIMIT_EXCEEDED: SQLite file capacity exhausted
351698	1789236437060	2	719	admit-refused	authority refusal LIMIT_EXCEEDED: SQLite file capacity exhausted
352997	1789236438359	2	791	admit-refused	authority refusal LIMIT_EXCEEDED: SQLite file capacity exhausted
353057	1789236438420	2	701	admit-refused	authority refusal LIMIT_EXCEEDED: SQLite file capacity exhausted
353276	1789236438638	2	326	admit-refused	authority refusal LIMIT_EXCEEDED: SQLite file capacity exhausted
353358	1789236438721	2	1016	admit-refused	authority refusal LIMIT_EXCEEDED: SQLite file capacity exhausted
354439	1789236439801	2	800	admit-refused	authority refusal LIMIT_EXCEEDED: SQLite file capacity exhausted
354526	1789236439889	2	569	admit-refused	authority refusal LIMIT_EXCEEDED: SQLite file capacity exhausted
355422	1789236440784	2	917	admit-refused	authority refusal LIMIT_EXCEEDED: SQLite file capacity exhausted
355526	1789236440888	2	995	admit-refused	authority refusal LIMIT_EXCEEDED: SQLite file capacity exhausted
356749	1789236442112	2	719	admit-refused	authority refusal LIMIT_EXCEEDED: SQLite file capacity exhausted
358110	1789236443473	2	791	admit-refused	authority refusal LIMIT_EXCEEDED: SQLite file capacity exhausted
358160	1789236443523	2	701	admit-refused	authority refusal LIMIT_EXCEEDED: SQLite file capacity exhausted
358324	1789236443686	2	326	admit-refused	authority refusal LIMIT_EXCEEDED: SQLite file capacity exhausted
358471	1789236443834	2	1016	admit-refused	authority refusal LIMIT_EXCEEDED: SQLite file capacity exhausted
359557	1789236444920	2	800	admit-refused	authority refusal LIMIT_EXCEEDED: SQLite file capacity exhausted
359588	1789236444951	2	569	admit-refused	authority refusal LIMIT_EXCEEDED: SQLite file capacity exhausted
360479	1789236445842	2	917	admit-refused	authority refusal LIMIT_EXCEEDED: SQLite file capacity exhausted
360640	1789236446002	2	995	admit-refused	authority refusal LIMIT_EXCEEDED: SQLite file capacity exhausted
361819	1789236447181	2	719	admit-refused	authority refusal LIMIT_EXCEEDED: SQLite file capacity exhausted
363248	1789236448611	2	791	admit-refused	authority refusal LIMIT_EXCEEDED: SQLite file capacity exhausted
363299	1789236448662	2	701	admit-refused	authority refusal LIMIT_EXCEEDED: SQLite file capacity exhausted
363370	1789236448732	2	326	admit-refused	authority refusal LIMIT_EXCEEDED: SQLite file capacity exhausted
363550	1789236448913	2	1016	admit-refused	authority refusal LIMIT_EXCEEDED: SQLite file capacity exhausted
364614	1789236449976	2	800	admit-refused	authority refusal LIMIT_EXCEEDED: SQLite file capacity exhausted
364656	1789236450019	2	569	admit-refused	authority refusal LIMIT_EXCEEDED: SQLite file capacity exhausted
365540	1789236450902	2	917	admit-refused	authority refusal LIMIT_EXCEEDED: SQLite file capacity exhausted
365685	1789236451047	2	995	admit-refused	authority refusal LIMIT_EXCEEDED: SQLite file capacity exhausted
366869	1789236452232	2	719	admit-refused	authority refusal LIMIT_EXCEEDED: SQLite file capacity exhausted
368339	1789236453701	2	791	admit-refused	authority refusal LIMIT_EXCEEDED: SQLite file capacity exhausted
368402	1789236453765	2	701	admit-refused	authority refusal LIMIT_EXCEEDED: SQLite file capacity exhausted
368452	1789236453815	2	326	admit-refused	authority refusal LIMIT_EXCEEDED: SQLite file capacity exhausted
368598	1789236453961	2	1016	admit-refused	authority refusal LIMIT_EXCEEDED: SQLite file capacity exhausted
369673	1789236455036	2	800	admit-refused	authority refusal LIMIT_EXCEEDED: SQLite file capacity exhausted
369739	1789236455101	2	569	admit-refused	authority refusal LIMIT_EXCEEDED: SQLite file capacity exhausted
370588	1789236455950	2	917	admit-refused	authority refusal LIMIT_EXCEEDED: SQLite file capacity exhausted
370766	1789236456128	2	995	admit-refused	authority refusal LIMIT_EXCEEDED: SQLite file capacity exhausted
371928	1789236457290	2	719	admit-refused	authority refusal LIMIT_EXCEEDED: SQLite file capacity exhausted
373418	1789236458780	2	791	admit-refused	authority refusal LIMIT_EXCEEDED: SQLite file capacity exhausted
373628	1789236458991	2	326	admit-refused	authority refusal LIMIT_EXCEEDED: SQLite file capacity exhausted
373649	1789236459012	2	701	admit-refused	authority refusal LIMIT_EXCEEDED: SQLite file capacity exhausted
373692	1789236459054	2	1016	admit-refused	authority refusal LIMIT_EXCEEDED: SQLite file capacity exhausted
374719	1789236460082	2	800	admit-refused	authority refusal LIMIT_EXCEEDED: SQLite file capacity exhausted
374784	1789236460147	2	569	admit-refused	authority refusal LIMIT_EXCEEDED: SQLite file capacity exhausted
375635	1789236460998	2	917	admit-refused	authority refusal LIMIT_EXCEEDED: SQLite file capacity exhausted
375815	1789236461178	2	995	admit-refused	authority refusal LIMIT_EXCEEDED: SQLite file capacity exhausted
376992	1789236462355	2	719	admit-refused	authority refusal LIMIT_EXCEEDED: SQLite file capacity exhausted
378501	1789236463864	2	791	admit-refused	authority refusal LIMIT_EXCEEDED: SQLite file capacity exhausted
378746	1789236464109	2	326	admit-refused	authority refusal LIMIT_EXCEEDED: SQLite file capacity exhausted
378767	1789236464129	2	701	admit-refused	authority refusal LIMIT_EXCEEDED: SQLite file capacity exhausted
378804	1789236464166	2	1016	admit-refused	authority refusal LIMIT_EXCEEDED: SQLite file capacity exhausted
379796	1789236465159	2	800	admit-refused	authority refusal LIMIT_EXCEEDED: SQLite file capacity exhausted
379838	1789236465201	2	569	admit-refused	authority refusal LIMIT_EXCEEDED: SQLite file capacity exhausted
380686	1789236466048	2	917	admit-refused	authority refusal LIMIT_EXCEEDED: SQLite file capacity exhausted
380872	1789236466235	2	995	admit-refused	authority refusal LIMIT_EXCEEDED: SQLite file capacity exhausted
382065	1789236467427	2	719	admit-refused	authority refusal LIMIT_EXCEEDED: SQLite file capacity exhausted
383581	1789236468943	2	791	admit-refused	authority refusal LIMIT_EXCEEDED: SQLite file capacity exhausted
383847	1789236469209	2	326	admit-refused	authority refusal LIMIT_EXCEEDED: SQLite file capacity exhausted
383884	1789236469246	2	701	admit-refused	authority refusal LIMIT_EXCEEDED: SQLite file capacity exhausted
383912	1789236469275	2	1016	admit-refused	authority refusal LIMIT_EXCEEDED: SQLite file capacity exhausted
384877	1789236470240	2	800	admit-refused	authority refusal LIMIT_EXCEEDED: SQLite file capacity exhausted
384921	1789236470283	2	569	admit-refused	authority refusal LIMIT_EXCEEDED: SQLite file capacity exhausted
385735	1789236471098	2	917	admit-refused	authority refusal LIMIT_EXCEEDED: SQLite file capacity exhausted
385929	1789236471291	2	995	admit-refused	authority refusal LIMIT_EXCEEDED: SQLite file capacity exhausted
387115	1789236472478	2	719	admit-refused	authority refusal LIMIT_EXCEEDED: SQLite file capacity exhausted
388663	1789236474026	2	791	admit-refused	authority refusal LIMIT_EXCEEDED: SQLite file capacity exhausted
388910	1789236474272	2	326	admit-refused	authority refusal LIMIT_EXCEEDED: SQLite file capacity exhausted
389014	1789236474376	2	701	admit-refused	authority refusal LIMIT_EXCEEDED: SQLite file capacity exhausted
389035	1789236474398	2	1016	admit-refused	authority refusal LIMIT_EXCEEDED: SQLite file capacity exhausted
389934	1789236475297	2	800	admit-refused	authority refusal LIMIT_EXCEEDED: SQLite file capacity exhausted
389977	1789236475340	2	569	admit-refused	authority refusal LIMIT_EXCEEDED: SQLite file capacity exhausted
390781	1789236476144	2	917	admit-refused	authority refusal LIMIT_EXCEEDED: SQLite file capacity exhausted
390978	1789236476341	2	995	admit-refused	authority refusal LIMIT_EXCEEDED: SQLite file capacity exhausted
392167	1789236477529	2	719	admit-refused	authority refusal LIMIT_EXCEEDED: SQLite file capacity exhausted
393745	1789236479107	2	791	admit-refused	authority refusal LIMIT_EXCEEDED: SQLite file capacity exhausted
393959	1789236479322	2	326	admit-refused	authority refusal LIMIT_EXCEEDED: SQLite file capacity exhausted
394082	1789236479445	2	701	admit-refused	authority refusal LIMIT_EXCEEDED: SQLite file capacity exhausted
394113	1789236479475	2	1016	admit-refused	authority refusal LIMIT_EXCEEDED: SQLite file capacity exhausted
395016	1789236480378	2	800	admit-refused	authority refusal LIMIT_EXCEEDED: SQLite file capacity exhausted
395042	1789236480405	2	569	admit-refused	authority refusal LIMIT_EXCEEDED: SQLite file capacity exhausted
395833	1789236481195	2	917	admit-refused	authority refusal LIMIT_EXCEEDED: SQLite file capacity exhausted
396098	1789236481460	2	995	admit-refused	authority refusal LIMIT_EXCEEDED: SQLite file capacity exhausted
397228	1789236482591	2	719	admit-refused	authority refusal LIMIT_EXCEEDED: SQLite file capacity exhausted
398833	1789236484195	2	791	admit-refused	authority refusal LIMIT_EXCEEDED: SQLite file capacity exhausted
399009	1789236484372	2	326	admit-refused	authority refusal LIMIT_EXCEEDED: SQLite file capacity exhausted
399135	1789236484498	2	701	admit-refused	authority refusal LIMIT_EXCEEDED: SQLite file capacity exhausted
399179	1789236484542	2	1016	admit-refused	authority refusal LIMIT_EXCEEDED: SQLite file capacity exhausted
400090	1789236485453	2	800	admit-refused	authority refusal LIMIT_EXCEEDED: SQLite file capacity exhausted
400129	1789236485491	2	569	admit-refused	authority refusal LIMIT_EXCEEDED: SQLite file capacity exhausted
400885	1789236486248	2	917	admit-refused	authority refusal LIMIT_EXCEEDED: SQLite file capacity exhausted
401155	1789236486518	2	995	admit-refused	authority refusal LIMIT_EXCEEDED: SQLite file capacity exhausted
402277	1789236487640	2	719	admit-refused	authority refusal LIMIT_EXCEEDED: SQLite file capacity exhausted
403894	1789236489257	2	791	admit-refused	authority refusal LIMIT_EXCEEDED: SQLite file capacity exhausted
404050	1789236489412	2	326	admit-refused	authority refusal LIMIT_EXCEEDED: SQLite file capacity exhausted
404173	1789236489535	2	701	admit-refused	authority refusal LIMIT_EXCEEDED: SQLite file capacity exhausted
404214	1789236489577	2	1016	admit-refused	authority refusal LIMIT_EXCEEDED: SQLite file capacity exhausted
405139	1789236490501	2	800	admit-refused	authority refusal LIMIT_EXCEEDED: SQLite file capacity exhausted
405184	1789236490546	2	569	admit-refused	authority refusal LIMIT_EXCEEDED: SQLite file capacity exhausted
405927	1789236491289	2	917	admit-refused	authority refusal LIMIT_EXCEEDED: SQLite file capacity exhausted
406212	1789236491575	2	995	admit-refused	authority refusal LIMIT_EXCEEDED: SQLite file capacity exhausted
407318	1789236492680	2	719	admit-refused	authority refusal LIMIT_EXCEEDED: SQLite file capacity exhausted
408963	1789236494326	2	791	admit-refused	authority refusal LIMIT_EXCEEDED: SQLite file capacity exhausted
409087	1789236494450	2	326	admit-refused	authority refusal LIMIT_EXCEEDED: SQLite file capacity exhausted
409211	1789236494574	2	701	admit-refused	authority refusal LIMIT_EXCEEDED: SQLite file capacity exhausted
409250	1789236494613	2	1016	admit-refused	authority refusal LIMIT_EXCEEDED: SQLite file capacity exhausted
410179	1789236495542	2	800	admit-refused	authority refusal LIMIT_EXCEEDED: SQLite file capacity exhausted
410221	1789236495583	2	569	admit-refused	authority refusal LIMIT_EXCEEDED: SQLite file capacity exhausted
411037	1789236496400	2	917	admit-refused	authority refusal LIMIT_EXCEEDED: SQLite file capacity exhausted
411253	1789236496616	2	995	admit-refused	authority refusal LIMIT_EXCEEDED: SQLite file capacity exhausted
412369	1789236497732	2	719	admit-refused	authority refusal LIMIT_EXCEEDED: SQLite file capacity exhausted
414024	1789236499386	2	791	admit-refused	authority refusal LIMIT_EXCEEDED: SQLite file capacity exhausted
414135	1789236499498	2	326	admit-refused	authority refusal LIMIT_EXCEEDED: SQLite file capacity exhausted
414259	1789236499621	2	701	admit-refused	authority refusal LIMIT_EXCEEDED: SQLite file capacity exhausted
414294	1789236499656	2	1016	admit-refused	authority refusal LIMIT_EXCEEDED: SQLite file capacity exhausted
415316	1789236500679	2	800	admit-refused	authority refusal LIMIT_EXCEEDED: SQLite file capacity exhausted
415343	1789236500706	2	569	admit-refused	authority refusal LIMIT_EXCEEDED: SQLite file capacity exhausted
416078	1789236501441	2	917	admit-refused	authority refusal LIMIT_EXCEEDED: SQLite file capacity exhausted
416299	1789236501662	2	995	admit-refused	authority refusal LIMIT_EXCEEDED: SQLite file capacity exhausted
417478	1789236502840	2	719	admit-refused	authority refusal LIMIT_EXCEEDED: SQLite file capacity exhausted
419085	1789236504447	2	791	admit-refused	authority refusal LIMIT_EXCEEDED: SQLite file capacity exhausted
419174	1789236504536	2	326	admit-refused	authority refusal LIMIT_EXCEEDED: SQLite file capacity exhausted
419308	1789236504670	2	701	admit-refused	authority refusal LIMIT_EXCEEDED: SQLite file capacity exhausted
419343	1789236504705	2	1016	admit-refused	authority refusal LIMIT_EXCEEDED: SQLite file capacity exhausted
420374	1789236505737	2	800	admit-refused	authority refusal LIMIT_EXCEEDED: SQLite file capacity exhausted
420414	1789236505777	2	569	admit-refused	authority refusal LIMIT_EXCEEDED: SQLite file capacity exhausted
421130	1789236506492	2	917	admit-refused	authority refusal LIMIT_EXCEEDED: SQLite file capacity exhausted
421361	1789236506724	2	995	admit-refused	authority refusal LIMIT_EXCEEDED: SQLite file capacity exhausted
422531	1789236507893	2	719	admit-refused	authority refusal LIMIT_EXCEEDED: SQLite file capacity exhausted
424163	1789236509526	2	791	admit-refused	authority refusal LIMIT_EXCEEDED: SQLite file capacity exhausted
424220	1789236509583	2	326	admit-refused	authority refusal LIMIT_EXCEEDED: SQLite file capacity exhausted
424360	1789236509722	2	701	admit-refused	authority refusal LIMIT_EXCEEDED: SQLite file capacity exhausted
424399	1789236509761	2	1016	admit-refused	authority refusal LIMIT_EXCEEDED: SQLite file capacity exhausted
425430	1789236510792	2	800	admit-refused	authority refusal LIMIT_EXCEEDED: SQLite file capacity exhausted
425497	1789236510860	2	569	admit-refused	authority refusal LIMIT_EXCEEDED: SQLite file capacity exhausted
426189	1789236511551	2	917	admit-refused	authority refusal LIMIT_EXCEEDED: SQLite file capacity exhausted
426403	1789236511766	2	995	admit-refused	authority refusal LIMIT_EXCEEDED: SQLite file capacity exhausted
427578	1789236512941	2	719	admit-refused	authority refusal LIMIT_EXCEEDED: SQLite file capacity exhausted
429315	1789236514678	2	791	admit-refused	authority refusal LIMIT_EXCEEDED: SQLite file capacity exhausted
429340	1789236514702	2	326	admit-refused	authority refusal LIMIT_EXCEEDED: SQLite file capacity exhausted
429402	1789236514764	2	701	admit-refused	authority refusal LIMIT_EXCEEDED: SQLite file capacity exhausted
429439	1789236514801	2	1016	admit-refused	authority refusal LIMIT_EXCEEDED: SQLite file capacity exhausted
430472	1789236515835	2	800	admit-refused	authority refusal LIMIT_EXCEEDED: SQLite file capacity exhausted
430534	1789236515897	2	569	admit-refused	authority refusal LIMIT_EXCEEDED: SQLite file capacity exhausted
431231	1789236516593	2	917	admit-refused	authority refusal LIMIT_EXCEEDED: SQLite file capacity exhausted
431477	1789236516839	2	995	admit-refused	authority refusal LIMIT_EXCEEDED: SQLite file capacity exhausted
432615	1789236517978	2	719	admit-refused	authority refusal LIMIT_EXCEEDED: SQLite file capacity exhausted
434386	1789236519749	2	791	admit-refused	authority refusal LIMIT_EXCEEDED: SQLite file capacity exhausted
434434	1789236519796	2	326	admit-refused	authority refusal LIMIT_EXCEEDED: SQLite file capacity exhausted
434495	1789236519857	2	701	admit-refused	authority refusal LIMIT_EXCEEDED: SQLite file capacity exhausted
434513	1789236519876	2	1016	admit-refused	authority refusal LIMIT_EXCEEDED: SQLite file capacity exhausted
435522	1789236520885	2	800	admit-refused	authority refusal LIMIT_EXCEEDED: SQLite file capacity exhausted
435576	1789236520939	2	569	admit-refused	authority refusal LIMIT_EXCEEDED: SQLite file capacity exhausted
436277	1789236521639	2	917	admit-refused	authority refusal LIMIT_EXCEEDED: SQLite file capacity exhausted
436519	1789236521881	2	995	admit-refused	authority refusal LIMIT_EXCEEDED: SQLite file capacity exhausted
437685	1789236523048	2	719	admit-refused	authority refusal LIMIT_EXCEEDED: SQLite file capacity exhausted
439448	1789236524811	2	791	admit-refused	authority refusal LIMIT_EXCEEDED: SQLite file capacity exhausted
439485	1789236524847	2	326	admit-refused	authority refusal LIMIT_EXCEEDED: SQLite file capacity exhausted
439541	1789236524904	2	701	admit-refused	authority refusal LIMIT_EXCEEDED: SQLite file capacity exhausted
439587	1789236524950	2	1016	admit-refused	authority refusal LIMIT_EXCEEDED: SQLite file capacity exhausted
440563	1789236525926	2	800	admit-refused	authority refusal LIMIT_EXCEEDED: SQLite file capacity exhausted
440636	1789236525999	2	569	admit-refused	authority refusal LIMIT_EXCEEDED: SQLite file capacity exhausted
441328	1789236526690	2	917	admit-refused	authority refusal LIMIT_EXCEEDED: SQLite file capacity exhausted
441560	1789236526923	2	995	admit-refused	authority refusal LIMIT_EXCEEDED: SQLite file capacity exhausted
442729	1789236528091	2	719	admit-refused	authority refusal LIMIT_EXCEEDED: SQLite file capacity exhausted
444510	1789236529872	2	791	admit-refused	authority refusal LIMIT_EXCEEDED: SQLite file capacity exhausted
444554	1789236529917	2	326	admit-refused	authority refusal LIMIT_EXCEEDED: SQLite file capacity exhausted
444601	1789236529963	2	701	admit-refused	authority refusal LIMIT_EXCEEDED: SQLite file capacity exhausted
444641	1789236530003	2	1016	admit-refused	authority refusal LIMIT_EXCEEDED: SQLite file capacity exhausted
445605	1789236530968	2	800	admit-refused	authority refusal LIMIT_EXCEEDED: SQLite file capacity exhausted
445674	1789236531037	2	569	admit-refused	authority refusal LIMIT_EXCEEDED: SQLite file capacity exhausted
446366	1789236531729	2	917	admit-refused	authority refusal LIMIT_EXCEEDED: SQLite file capacity exhausted
446603	1789236531966	2	995	admit-refused	authority refusal LIMIT_EXCEEDED: SQLite file capacity exhausted
447773	1789236533136	2	719	admit-refused	authority refusal LIMIT_EXCEEDED: SQLite file capacity exhausted
449612	1789236534974	2	791	admit-refused	authority refusal LIMIT_EXCEEDED: SQLite file capacity exhausted
449653	1789236535016	2	326	admit-refused	authority refusal LIMIT_EXCEEDED: SQLite file capacity exhausted
449677	1789236535040	2	701	admit-refused	authority refusal LIMIT_EXCEEDED: SQLite file capacity exhausted
449718	1789236535081	2	1016	admit-refused	authority refusal LIMIT_EXCEEDED: SQLite file capacity exhausted
450674	1789236536037	2	800	admit-refused	authority refusal LIMIT_EXCEEDED: SQLite file capacity exhausted
450715	1789236536078	2	569	admit-refused	authority refusal LIMIT_EXCEEDED: SQLite file capacity exhausted
451416	1789236536779	2	917	admit-refused	authority refusal LIMIT_EXCEEDED: SQLite file capacity exhausted
451659	1789236537022	2	995	admit-refused	authority refusal LIMIT_EXCEEDED: SQLite file capacity exhausted
452811	1789236538173	2	719	admit-refused	authority refusal LIMIT_EXCEEDED: SQLite file capacity exhausted
454672	1789236540035	2	791	admit-refused	authority refusal LIMIT_EXCEEDED: SQLite file capacity exhausted
454743	1789236540106	2	326	admit-refused	authority refusal LIMIT_EXCEEDED: SQLite file capacity exhausted
454766	1789236540129	2	701	admit-refused	authority refusal LIMIT_EXCEEDED: SQLite file capacity exhausted
454792	1789236540155	2	1016	admit-refused	authority refusal LIMIT_EXCEEDED: SQLite file capacity exhausted
455716	1789236541078	2	800	admit-refused	authority refusal LIMIT_EXCEEDED: SQLite file capacity exhausted
455774	1789236541137	2	569	admit-refused	authority refusal LIMIT_EXCEEDED: SQLite file capacity exhausted
456468	1789236541831	2	917	admit-refused	authority refusal LIMIT_EXCEEDED: SQLite file capacity exhausted
456701	1789236542063	2	995	admit-refused	authority refusal LIMIT_EXCEEDED: SQLite file capacity exhausted
457860	1789236543222	2	719	admit-refused	authority refusal LIMIT_EXCEEDED: SQLite file capacity exhausted
459733	1789236545095	2	791	admit-refused	authority refusal LIMIT_EXCEEDED: SQLite file capacity exhausted
459791	1789236545153	2	326	admit-refused	authority refusal LIMIT_EXCEEDED: SQLite file capacity exhausted
459830	1789236545193	2	701	admit-refused	authority refusal LIMIT_EXCEEDED: SQLite file capacity exhausted
459854	1789236545216	2	1016	admit-refused	authority refusal LIMIT_EXCEEDED: SQLite file capacity exhausted
460756	1789236546119	2	800	admit-refused	authority refusal LIMIT_EXCEEDED: SQLite file capacity exhausted
460811	1789236546174	2	569	admit-refused	authority refusal LIMIT_EXCEEDED: SQLite file capacity exhausted
461509	1789236546872	2	917	admit-refused	authority refusal LIMIT_EXCEEDED: SQLite file capacity exhausted
461747	1789236547109	2	995	admit-refused	authority refusal LIMIT_EXCEEDED: SQLite file capacity exhausted
462902	1789236548264	2	719	admit-refused	authority refusal LIMIT_EXCEEDED: SQLite file capacity exhausted
464803	1789236550166	2	791	admit-refused	authority refusal LIMIT_EXCEEDED: SQLite file capacity exhausted
464843	1789236550205	2	326	admit-refused	authority refusal LIMIT_EXCEEDED: SQLite file capacity exhausted
464886	1789236550249	2	701	admit-refused	authority refusal LIMIT_EXCEEDED: SQLite file capacity exhausted
464911	1789236550273	2	1016	admit-refused	authority refusal LIMIT_EXCEEDED: SQLite file capacity exhausted
465801	1789236551163	2	800	admit-refused	authority refusal LIMIT_EXCEEDED: SQLite file capacity exhausted
465859	1789236551222	2	569	admit-refused	authority refusal LIMIT_EXCEEDED: SQLite file capacity exhausted
466623	1789236551985	2	917	admit-refused	authority refusal LIMIT_EXCEEDED: SQLite file capacity exhausted
466794	1789236552157	2	995	admit-refused	authority refusal LIMIT_EXCEEDED: SQLite file capacity exhausted
467951	1789236553314	2	719	admit-refused	authority refusal LIMIT_EXCEEDED: SQLite file capacity exhausted
469863	1789236555225	2	791	admit-refused	authority refusal LIMIT_EXCEEDED: SQLite file capacity exhausted
469912	1789236555275	2	326	admit-refused	authority refusal LIMIT_EXCEEDED: SQLite file capacity exhausted
469951	1789236555314	2	701	admit-refused	authority refusal LIMIT_EXCEEDED: SQLite file capacity exhausted
469981	1789236555343	2	1016	admit-refused	authority refusal LIMIT_EXCEEDED: SQLite file capacity exhausted
470940	1789236556302	2	800	admit-refused	authority refusal LIMIT_EXCEEDED: SQLite file capacity exhausted
470965	1789236556328	2	569	admit-refused	authority refusal LIMIT_EXCEEDED: SQLite file capacity exhausted
471671	1789236557034	2	917	admit-refused	authority refusal LIMIT_EXCEEDED: SQLite file capacity exhausted
471836	1789236557198	2	995	admit-refused	authority refusal LIMIT_EXCEEDED: SQLite file capacity exhausted
473060	1789236558422	2	719	admit-refused	authority refusal LIMIT_EXCEEDED: SQLite file capacity exhausted
474925	1789236560288	2	791	admit-refused	authority refusal LIMIT_EXCEEDED: SQLite file capacity exhausted
474965	1789236560328	2	326	admit-refused	authority refusal LIMIT_EXCEEDED: SQLite file capacity exhausted
475005	1789236560368	2	701	admit-refused	authority refusal LIMIT_EXCEEDED: SQLite file capacity exhausted
475055	1789236560418	2	1016	admit-refused	authority refusal LIMIT_EXCEEDED: SQLite file capacity exhausted
475987	1789236561350	2	800	admit-refused	authority refusal LIMIT_EXCEEDED: SQLite file capacity exhausted
476032	1789236561395	2	569	admit-refused	authority refusal LIMIT_EXCEEDED: SQLite file capacity exhausted
476713	1789236562076	2	917	admit-refused	authority refusal LIMIT_EXCEEDED: SQLite file capacity exhausted
476884	1789236562247	2	995	admit-refused	authority refusal LIMIT_EXCEEDED: SQLite file capacity exhausted
478102	1789236563465	2	719	admit-refused	authority refusal LIMIT_EXCEEDED: SQLite file capacity exhausted
479992	1789236565355	2	791	admit-refused	authority refusal LIMIT_EXCEEDED: SQLite file capacity exhausted
480036	1789236565399	2	326	admit-refused	authority refusal LIMIT_EXCEEDED: SQLite file capacity exhausted
480066	1789236565428	2	701	admit-refused	authority refusal LIMIT_EXCEEDED: SQLite file capacity exhausted
480101	1789236565463	2	1016	admit-refused	authority refusal LIMIT_EXCEEDED: SQLite file capacity exhausted
481034	1789236566396	2	800	admit-refused	authority refusal LIMIT_EXCEEDED: SQLite file capacity exhausted
481069	1789236566431	2	569	admit-refused	authority refusal LIMIT_EXCEEDED: SQLite file capacity exhausted
481754	1789236567117	2	917	admit-refused	authority refusal LIMIT_EXCEEDED: SQLite file capacity exhausted
481941	1789236567304	2	995	admit-refused	authority refusal LIMIT_EXCEEDED: SQLite file capacity exhausted
483187	1789236568549	2	719	admit-refused	authority refusal LIMIT_EXCEEDED: SQLite file capacity exhausted
485080	1789236570443	2	791	admit-refused	authority refusal LIMIT_EXCEEDED: SQLite file capacity exhausted
485149	1789236570511	2	326	admit-refused	authority refusal LIMIT_EXCEEDED: SQLite file capacity exhausted
485174	1789236570536	2	701	admit-refused	authority refusal LIMIT_EXCEEDED: SQLite file capacity exhausted
485202	1789236570565	2	1016	admit-refused	authority refusal LIMIT_EXCEEDED: SQLite file capacity exhausted
486097	1789236571459	2	800	admit-refused	authority refusal LIMIT_EXCEEDED: SQLite file capacity exhausted
486133	1789236571496	2	569	admit-refused	authority refusal LIMIT_EXCEEDED: SQLite file capacity exhausted
486800	1789236572163	2	917	admit-refused	authority refusal LIMIT_EXCEEDED: SQLite file capacity exhausted
486985	1789236572347	2	995	admit-refused	authority refusal LIMIT_EXCEEDED: SQLite file capacity exhausted
488242	1789236573605	2	719	admit-refused	authority refusal LIMIT_EXCEEDED: SQLite file capacity exhausted
490282	1789236575645	2	791	admit-refused	authority refusal LIMIT_EXCEEDED: SQLite file capacity exhausted
490302	1789236575664	2	326	admit-refused	authority refusal LIMIT_EXCEEDED: SQLite file capacity exhausted
490327	1789236575690	2	701	admit-refused	authority refusal LIMIT_EXCEEDED: SQLite file capacity exhausted
490357	1789236575719	2	1016	admit-refused	authority refusal LIMIT_EXCEEDED: SQLite file capacity exhausted
491155	1789236576518	2	800	admit-refused	authority refusal LIMIT_EXCEEDED: SQLite file capacity exhausted
491254	1789236576616	2	569	admit-refused	authority refusal LIMIT_EXCEEDED: SQLite file capacity exhausted
491849	1789236577212	2	917	admit-refused	authority refusal LIMIT_EXCEEDED: SQLite file capacity exhausted
492036	1789236577398	2	995	admit-refused	authority refusal LIMIT_EXCEEDED: SQLite file capacity exhausted
493304	1789236578666	2	719	admit-refused	authority refusal LIMIT_EXCEEDED: SQLite file capacity exhausted
495414	1789236580776	2	791	admit-refused	authority refusal LIMIT_EXCEEDED: SQLite file capacity exhausted
495470	1789236580833	2	326	admit-refused	authority refusal LIMIT_EXCEEDED: SQLite file capacity exhausted
495555	1789236580918	2	701	admit-refused	authority refusal LIMIT_EXCEEDED: SQLite file capacity exhausted
495578	1789236580940	2	1016	admit-refused	authority refusal LIMIT_EXCEEDED: SQLite file capacity exhausted
496204	1789236581566	2	800	admit-refused	authority refusal LIMIT_EXCEEDED: SQLite file capacity exhausted
496292	1789236581655	2	569	admit-refused	authority refusal LIMIT_EXCEEDED: SQLite file capacity exhausted
496898	1789236582260	2	917	admit-refused	authority refusal LIMIT_EXCEEDED: SQLite file capacity exhausted
497088	1789236582450	2	995	admit-refused	authority refusal LIMIT_EXCEEDED: SQLite file capacity exhausted
498352	1789236583714	2	719	admit-refused	authority refusal LIMIT_EXCEEDED: SQLite file capacity exhausted
500486	1789236585849	2	791	admit-refused	authority refusal LIMIT_EXCEEDED: SQLite file capacity exhausted
500528	1789236585890	2	326	admit-refused	authority refusal LIMIT_EXCEEDED: SQLite file capacity exhausted
500609	1789236585972	2	701	admit-refused	authority refusal LIMIT_EXCEEDED: SQLite file capacity exhausted
500643	1789236586006	2	1016	admit-refused	authority refusal LIMIT_EXCEEDED: SQLite file capacity exhausted
501246	1789236586608	2	800	admit-refused	authority refusal LIMIT_EXCEEDED: SQLite file capacity exhausted
501330	1789236586692	2	569	admit-refused	authority refusal LIMIT_EXCEEDED: SQLite file capacity exhausted
501941	1789236587303	2	917	admit-refused	authority refusal LIMIT_EXCEEDED: SQLite file capacity exhausted
502125	1789236587487	2	995	admit-refused	authority refusal LIMIT_EXCEEDED: SQLite file capacity exhausted
503393	1789236588755	2	719	admit-refused	authority refusal LIMIT_EXCEEDED: SQLite file capacity exhausted
505547	1789236590910	2	791	admit-refused	authority refusal LIMIT_EXCEEDED: SQLite file capacity exhausted
505582	1789236590945	2	326	admit-refused	authority refusal LIMIT_EXCEEDED: SQLite file capacity exhausted
505668	1789236591030	2	701	admit-refused	authority refusal LIMIT_EXCEEDED: SQLite file capacity exhausted
505706	1789236591069	2	1016	admit-refused	authority refusal LIMIT_EXCEEDED: SQLite file capacity exhausted
506308	1789236591671	2	800	admit-refused	authority refusal LIMIT_EXCEEDED: SQLite file capacity exhausted
506372	1789236591734	2	569	admit-refused	authority refusal LIMIT_EXCEEDED: SQLite file capacity exhausted
506982	1789236592344	2	917	admit-refused	authority refusal LIMIT_EXCEEDED: SQLite file capacity exhausted
507165	1789236592528	2	995	admit-refused	authority refusal LIMIT_EXCEEDED: SQLite file capacity exhausted
508481	1789236593843	2	719	admit-refused	authority refusal LIMIT_EXCEEDED: SQLite file capacity exhausted
510611	1789236595973	2	791	admit-refused	authority refusal LIMIT_EXCEEDED: SQLite file capacity exhausted
510645	1789236596008	2	326	admit-refused	authority refusal LIMIT_EXCEEDED: SQLite file capacity exhausted
510704	1789236596066	2	701	admit-refused	authority refusal LIMIT_EXCEEDED: SQLite file capacity exhausted
510743	1789236596105	2	1016	admit-refused	authority refusal LIMIT_EXCEEDED: SQLite file capacity exhausted
511350	1789236596712	2	800	admit-refused	authority refusal LIMIT_EXCEEDED: SQLite file capacity exhausted
511410	1789236596772	2	569	admit-refused	authority refusal LIMIT_EXCEEDED: SQLite file capacity exhausted
512022	1789236597384	2	917	admit-refused	authority refusal LIMIT_EXCEEDED: SQLite file capacity exhausted
512214	1789236597577	2	995	admit-refused	authority refusal LIMIT_EXCEEDED: SQLite file capacity exhausted
513529	1789236598892	2	719	admit-refused	authority refusal LIMIT_EXCEEDED: SQLite file capacity exhausted
515693	1789236601056	2	791	admit-refused	authority refusal LIMIT_EXCEEDED: SQLite file capacity exhausted
515752	1789236601115	2	326	admit-refused	authority refusal LIMIT_EXCEEDED: SQLite file capacity exhausted
515781	1789236601144	2	701	admit-refused	authority refusal LIMIT_EXCEEDED: SQLite file capacity exhausted
515806	1789236601168	2	1016	admit-refused	authority refusal LIMIT_EXCEEDED: SQLite file capacity exhausted
516387	1789236601750	2	800	admit-refused	authority refusal LIMIT_EXCEEDED: SQLite file capacity exhausted
516451	1789236601814	2	569	admit-refused	authority refusal LIMIT_EXCEEDED: SQLite file capacity exhausted
517061	1789236602424	2	917	admit-refused	authority refusal LIMIT_EXCEEDED: SQLite file capacity exhausted
517256	1789236602618	2	995	admit-refused	authority refusal LIMIT_EXCEEDED: SQLite file capacity exhausted
518569	1789236603932	2	719	admit-refused	authority refusal LIMIT_EXCEEDED: SQLite file capacity exhausted
520768	1789236606131	2	791	admit-refused	authority refusal LIMIT_EXCEEDED: SQLite file capacity exhausted
520848	1789236606211	2	701	admit-refused	authority refusal LIMIT_EXCEEDED: SQLite file capacity exhausted
520867	1789236606230	2	326	admit-refused	authority refusal LIMIT_EXCEEDED: SQLite file capacity exhausted
520897	1789236606260	2	1016	admit-refused	authority refusal LIMIT_EXCEEDED: SQLite file capacity exhausted
521430	1789236606793	2	800	admit-refused	authority refusal LIMIT_EXCEEDED: SQLite file capacity exhausted
521502	1789236606864	2	569	admit-refused	authority refusal LIMIT_EXCEEDED: SQLite file capacity exhausted
522104	1789236607466	2	917	admit-refused	authority refusal LIMIT_EXCEEDED: SQLite file capacity exhausted
522355	1789236607718	2	995	admit-refused	authority refusal LIMIT_EXCEEDED: SQLite file capacity exhausted
523613	1789236608975	2	719	admit-refused	authority refusal LIMIT_EXCEEDED: SQLite file capacity exhausted
525829	1789236611191	2	791	admit-refused	authority refusal LIMIT_EXCEEDED: SQLite file capacity exhausted
525891	1789236611253	2	701	admit-refused	authority refusal LIMIT_EXCEEDED: SQLite file capacity exhausted
525972	1789236611335	2	1016	admit-refused	authority refusal LIMIT_EXCEEDED: SQLite file capacity exhausted
525993	1789236611356	2	326	admit-refused	authority refusal LIMIT_EXCEEDED: SQLite file capacity exhausted
526470	1789236611833	2	800	admit-refused	authority refusal LIMIT_EXCEEDED: SQLite file capacity exhausted
526610	1789236611973	2	569	admit-refused	authority refusal LIMIT_EXCEEDED: SQLite file capacity exhausted
527152	1789236612514	2	917	admit-refused	authority refusal LIMIT_EXCEEDED: SQLite file capacity exhausted
527396	1789236612758	2	995	admit-refused	authority refusal LIMIT_EXCEEDED: SQLite file capacity exhausted
528653	1789236614015	2	719	admit-refused	authority refusal LIMIT_EXCEEDED: SQLite file capacity exhausted
530952	1789236616314	2	791	admit-refused	authority refusal LIMIT_EXCEEDED: SQLite file capacity exhausted
530986	1789236616349	2	701	admit-refused	authority refusal LIMIT_EXCEEDED: SQLite file capacity exhausted
531046	1789236616409	2	1016	admit-refused	authority refusal LIMIT_EXCEEDED: SQLite file capacity exhausted
531070	1789236616433	2	326	admit-refused	authority refusal LIMIT_EXCEEDED: SQLite file capacity exhausted
531513	1789236616875	2	800	admit-refused	authority refusal LIMIT_EXCEEDED: SQLite file capacity exhausted
531648	1789236617010	2	569	admit-refused	authority refusal LIMIT_EXCEEDED: SQLite file capacity exhausted
532193	1789236617555	2	917	admit-refused	authority refusal LIMIT_EXCEEDED: SQLite file capacity exhausted
532437	1789236617799	2	995	admit-refused	authority refusal LIMIT_EXCEEDED: SQLite file capacity exhausted
533694	1789236619056	2	719	admit-refused	authority refusal LIMIT_EXCEEDED: SQLite file capacity exhausted
536012	1789236621374	2	791	admit-refused	authority refusal LIMIT_EXCEEDED: SQLite file capacity exhausted
536068	1789236621430	2	701	admit-refused	authority refusal LIMIT_EXCEEDED: SQLite file capacity exhausted
536122	1789236621485	2	1016	admit-refused	authority refusal LIMIT_EXCEEDED: SQLite file capacity exhausted
536146	1789236621509	2	326	admit-refused	authority refusal LIMIT_EXCEEDED: SQLite file capacity exhausted
536554	1789236621917	2	800	admit-refused	authority refusal LIMIT_EXCEEDED: SQLite file capacity exhausted
536687	1789236622049	2	569	admit-refused	authority refusal LIMIT_EXCEEDED: SQLite file capacity exhausted
537289	1789236622652	2	917	admit-refused	authority refusal LIMIT_EXCEEDED: SQLite file capacity exhausted
537476	1789236622839	2	995	admit-refused	authority refusal LIMIT_EXCEEDED: SQLite file capacity exhausted
538734	1789236624097	2	719	admit-refused	authority refusal LIMIT_EXCEEDED: SQLite file capacity exhausted
541083	1789236626446	2	791	admit-refused	authority refusal LIMIT_EXCEEDED: SQLite file capacity exhausted
541135	1789236626497	2	701	admit-refused	authority refusal LIMIT_EXCEEDED: SQLite file capacity exhausted
541178	1789236626540	2	1016	admit-refused	authority refusal LIMIT_EXCEEDED: SQLite file capacity exhausted
541202	1789236626565	2	326	admit-refused	authority refusal LIMIT_EXCEEDED: SQLite file capacity exhausted
541590	1789236626953	2	800	admit-refused	authority refusal LIMIT_EXCEEDED: SQLite file capacity exhausted
541724	1789236627086	2	569	admit-refused	authority refusal LIMIT_EXCEEDED: SQLite file capacity exhausted
542330	1789236627693	2	917	admit-refused	authority refusal LIMIT_EXCEEDED: SQLite file capacity exhausted
542518	1789236627880	2	995	admit-refused	authority refusal LIMIT_EXCEEDED: SQLite file capacity exhausted
543776	1789236629139	2	719	admit-refused	authority refusal LIMIT_EXCEEDED: SQLite file capacity exhausted
546144	1789236631507	2	791	admit-refused	authority refusal LIMIT_EXCEEDED: SQLite file capacity exhausted
546193	1789236631555	2	701	admit-refused	authority refusal LIMIT_EXCEEDED: SQLite file capacity exhausted
546288	1789236631651	2	326	admit-refused	authority refusal LIMIT_EXCEEDED: SQLite file capacity exhausted
546309	1789236631672	2	1016	admit-refused	authority refusal LIMIT_EXCEEDED: SQLite file capacity exhausted
546643	1789236632005	2	800	admit-refused	authority refusal LIMIT_EXCEEDED: SQLite file capacity exhausted
546767	1789236632129	2	569	admit-refused	authority refusal LIMIT_EXCEEDED: SQLite file capacity exhausted
547377	1789236632740	2	917	admit-refused	authority refusal LIMIT_EXCEEDED: SQLite file capacity exhausted
547565	1789236632927	2	995	admit-refused	authority refusal LIMIT_EXCEEDED: SQLite file capacity exhausted
548824	1789236634187	2	719	admit-refused	authority refusal LIMIT_EXCEEDED: SQLite file capacity exhausted
551219	1789236636581	2	791	admit-refused	authority refusal LIMIT_EXCEEDED: SQLite file capacity exhausted
551258	1789236636620	2	701	admit-refused	authority refusal LIMIT_EXCEEDED: SQLite file capacity exhausted
551338	1789236636701	2	326	admit-refused	authority refusal LIMIT_EXCEEDED: SQLite file capacity exhausted
551375	1789236636738	2	1016	admit-refused	authority refusal LIMIT_EXCEEDED: SQLite file capacity exhausted
551693	1789236637055	2	800	admit-refused	authority refusal LIMIT_EXCEEDED: SQLite file capacity exhausted
551811	1789236637174	2	569	admit-refused	authority refusal LIMIT_EXCEEDED: SQLite file capacity exhausted
552418	1789236637780	2	917	admit-refused	authority refusal LIMIT_EXCEEDED: SQLite file capacity exhausted
552606	1789236637968	2	995	admit-refused	authority refusal LIMIT_EXCEEDED: SQLite file capacity exhausted
553866	1789236639229	2	719	admit-refused	authority refusal LIMIT_EXCEEDED: SQLite file capacity exhausted
556307	1789236641670	2	791	admit-refused	authority refusal LIMIT_EXCEEDED: SQLite file capacity exhausted
556347	1789236641710	2	701	admit-refused	authority refusal LIMIT_EXCEEDED: SQLite file capacity exhausted
556464	1789236641826	2	326	admit-refused	authority refusal LIMIT_EXCEEDED: SQLite file capacity exhausted
556488	1789236641851	2	1016	admit-refused	authority refusal LIMIT_EXCEEDED: SQLite file capacity exhausted
556733	1789236642096	2	800	admit-refused	authority refusal LIMIT_EXCEEDED: SQLite file capacity exhausted
556849	1789236642211	2	569	admit-refused	authority refusal LIMIT_EXCEEDED: SQLite file capacity exhausted
557538	1789236642901	2	917	admit-refused	authority refusal LIMIT_EXCEEDED: SQLite file capacity exhausted
557680	1789236643043	2	995	admit-refused	authority refusal LIMIT_EXCEEDED: SQLite file capacity exhausted
558907	1789236644270	2	719	admit-refused	authority refusal LIMIT_EXCEEDED: SQLite file capacity exhausted
561371	1789236646734	2	791	admit-refused	authority refusal LIMIT_EXCEEDED: SQLite file capacity exhausted
561431	1789236646793	2	701	admit-refused	authority refusal LIMIT_EXCEEDED: SQLite file capacity exhausted
561508	1789236646870	2	326	admit-refused	authority refusal LIMIT_EXCEEDED: SQLite file capacity exhausted
561550	1789236646912	2	1016	admit-refused	authority refusal LIMIT_EXCEEDED: SQLite file capacity exhausted
561812	1789236647175	2	800	admit-refused	authority refusal LIMIT_EXCEEDED: SQLite file capacity exhausted
561894	1789236647256	2	569	admit-refused	authority refusal LIMIT_EXCEEDED: SQLite file capacity exhausted
562589	1789236647951	2	917	admit-refused	authority refusal LIMIT_EXCEEDED: SQLite file capacity exhausted
562718	1789236648081	2	995	admit-refused	authority refusal LIMIT_EXCEEDED: SQLite file capacity exhausted
563996	1789236649358	2	719	admit-refused	authority refusal LIMIT_EXCEEDED: SQLite file capacity exhausted
566433	1789236651795	2	791	admit-refused	authority refusal LIMIT_EXCEEDED: SQLite file capacity exhausted
566469	1789236651831	2	701	admit-refused	authority refusal LIMIT_EXCEEDED: SQLite file capacity exhausted
566544	1789236651906	2	326	admit-refused	authority refusal LIMIT_EXCEEDED: SQLite file capacity exhausted
566602	1789236651965	2	1016	admit-refused	authority refusal LIMIT_EXCEEDED: SQLite file capacity exhausted
566854	1789236652216	2	800	admit-refused	authority refusal LIMIT_EXCEEDED: SQLite file capacity exhausted
566942	1789236652304	2	569	admit-refused	authority refusal LIMIT_EXCEEDED: SQLite file capacity exhausted
567642	1789236653005	2	917	admit-refused	authority refusal LIMIT_EXCEEDED: SQLite file capacity exhausted
567756	1789236653118	2	995	admit-refused	authority refusal LIMIT_EXCEEDED: SQLite file capacity exhausted
569039	1789236654401	2	719	admit-refused	authority refusal LIMIT_EXCEEDED: SQLite file capacity exhausted
571493	1789236656856	2	791	admit-refused	authority refusal LIMIT_EXCEEDED: SQLite file capacity exhausted
571537	1789236656900	2	701	admit-refused	authority refusal LIMIT_EXCEEDED: SQLite file capacity exhausted
571582	1789236656945	2	326	admit-refused	authority refusal LIMIT_EXCEEDED: SQLite file capacity exhausted
571639	1789236657002	2	1016	admit-refused	authority refusal LIMIT_EXCEEDED: SQLite file capacity exhausted
571901	1789236657264	2	800	admit-refused	authority refusal LIMIT_EXCEEDED: SQLite file capacity exhausted
571980	1789236657342	2	569	admit-refused	authority refusal LIMIT_EXCEEDED: SQLite file capacity exhausted
572685	1789236658048	2	917	admit-refused	authority refusal LIMIT_EXCEEDED: SQLite file capacity exhausted
572800	1789236658163	2	995	admit-refused	authority refusal LIMIT_EXCEEDED: SQLite file capacity exhausted
574082	1789236659444	2	719	admit-refused	authority refusal LIMIT_EXCEEDED: SQLite file capacity exhausted
576576	1789236661938	2	791	admit-refused	authority refusal LIMIT_EXCEEDED: SQLite file capacity exhausted
576636	1789236661998	2	701	admit-refused	authority refusal LIMIT_EXCEEDED: SQLite file capacity exhausted
576665	1789236662027	2	326	admit-refused	authority refusal LIMIT_EXCEEDED: SQLite file capacity exhausted
576763	1789236662126	2	1016	admit-refused	authority refusal LIMIT_EXCEEDED: SQLite file capacity exhausted
576946	1789236662308	2	800	admit-refused	authority refusal LIMIT_EXCEEDED: SQLite file capacity exhausted
577021	1789236662384	2	569	admit-refused	authority refusal LIMIT_EXCEEDED: SQLite file capacity exhausted
577725	1789236663088	2	917	admit-refused	authority refusal LIMIT_EXCEEDED: SQLite file capacity exhausted
577837	1789236663200	2	995	admit-refused	authority refusal LIMIT_EXCEEDED: SQLite file capacity exhausted
579122	1789236664485	2	719	admit-refused	authority refusal LIMIT_EXCEEDED: SQLite file capacity exhausted
581638	1789236667000	2	791	admit-refused	authority refusal LIMIT_EXCEEDED: SQLite file capacity exhausted
581678	1789236667041	2	701	admit-refused	authority refusal LIMIT_EXCEEDED: SQLite file capacity exhausted
581735	1789236667098	2	326	admit-refused	authority refusal LIMIT_EXCEEDED: SQLite file capacity exhausted
581800	1789236667162	2	1016	admit-refused	authority refusal LIMIT_EXCEEDED: SQLite file capacity exhausted
582071	1789236667433	2	800	admit-refused	authority refusal LIMIT_EXCEEDED: SQLite file capacity exhausted
582110	1789236667472	2	569	admit-refused	authority refusal LIMIT_EXCEEDED: SQLite file capacity exhausted
582773	1789236668136	2	917	admit-refused	authority refusal LIMIT_EXCEEDED: SQLite file capacity exhausted
582881	1789236668243	2	995	admit-refused	authority refusal LIMIT_EXCEEDED: SQLite file capacity exhausted
584230	1789236669592	2	719	admit-refused	authority refusal LIMIT_EXCEEDED: SQLite file capacity exhausted
586699	1789236672061	2	791	admit-refused	authority refusal LIMIT_EXCEEDED: SQLite file capacity exhausted
586734	1789236672097	2	701	admit-refused	authority refusal LIMIT_EXCEEDED: SQLite file capacity exhausted
586771	1789236672134	2	326	admit-refused	authority refusal LIMIT_EXCEEDED: SQLite file capacity exhausted
586847	1789236672209	2	1016	admit-refused	authority refusal LIMIT_EXCEEDED: SQLite file capacity exhausted
587110	1789236672473	2	800	admit-refused	authority refusal LIMIT_EXCEEDED: SQLite file capacity exhausted
587146	1789236672508	2	569	admit-refused	authority refusal LIMIT_EXCEEDED: SQLite file capacity exhausted
587816	1789236673178	2	917	admit-refused	authority refusal LIMIT_EXCEEDED: SQLite file capacity exhausted
587925	1789236673287	2	995	admit-refused	authority refusal LIMIT_EXCEEDED: SQLite file capacity exhausted
589280	1789236674643	2	719	admit-refused	authority refusal LIMIT_EXCEEDED: SQLite file capacity exhausted
591758	1789236677121	2	791	admit-refused	authority refusal LIMIT_EXCEEDED: SQLite file capacity exhausted
591802	1789236677164	2	701	admit-refused	authority refusal LIMIT_EXCEEDED: SQLite file capacity exhausted
591826	1789236677189	2	326	admit-refused	authority refusal LIMIT_EXCEEDED: SQLite file capacity exhausted
591883	1789236677246	2	1016	admit-refused	authority refusal LIMIT_EXCEEDED: SQLite file capacity exhausted
592156	1789236677519	2	800	admit-refused	authority refusal LIMIT_EXCEEDED: SQLite file capacity exhausted
592190	1789236677553	2	569	admit-refused	authority refusal LIMIT_EXCEEDED: SQLite file capacity exhausted
592852	1789236678214	2	917	admit-refused	authority refusal LIMIT_EXCEEDED: SQLite file capacity exhausted
592961	1789236678324	2	995	admit-refused	authority refusal LIMIT_EXCEEDED: SQLite file capacity exhausted
594329	1789236679692	2	719	admit-refused	authority refusal LIMIT_EXCEEDED: SQLite file capacity exhausted
596829	1789236682191	2	791	admit-refused	authority refusal LIMIT_EXCEEDED: SQLite file capacity exhausted
596885	1789236682248	2	701	admit-refused	authority refusal LIMIT_EXCEEDED: SQLite file capacity exhausted
596904	1789236682266	2	326	admit-refused	authority refusal LIMIT_EXCEEDED: SQLite file capacity exhausted
597006	1789236682369	2	1016	admit-refused	authority refusal LIMIT_EXCEEDED: SQLite file capacity exhausted
597209	1789236682571	2	800	admit-refused	authority refusal LIMIT_EXCEEDED: SQLite file capacity exhausted
597245	1789236682607	2	569	admit-refused	authority refusal LIMIT_EXCEEDED: SQLite file capacity exhausted
597894	1789236683256	2	917	admit-refused	authority refusal LIMIT_EXCEEDED: SQLite file capacity exhausted
598000	1789236683363	2	995	admit-refused	authority refusal LIMIT_EXCEEDED: SQLite file capacity exhausted
599370	1789236684733	2	719	admit-refused	authority refusal LIMIT_EXCEEDED: SQLite file capacity exhausted
601894	1789236687257	2	791	admit-refused	authority refusal LIMIT_EXCEEDED: SQLite file capacity exhausted
601955	1789236687317	2	701	admit-refused	authority refusal LIMIT_EXCEEDED: SQLite file capacity exhausted
601990	1789236687352	2	326	admit-refused	authority refusal LIMIT_EXCEEDED: SQLite file capacity exhausted
602045	1789236687407	2	1016	admit-refused	authority refusal LIMIT_EXCEEDED: SQLite file capacity exhausted
602346	1789236687709	2	800	admit-refused	authority refusal LIMIT_EXCEEDED: SQLite file capacity exhausted
602372	1789236687734	2	569	admit-refused	authority refusal LIMIT_EXCEEDED: SQLite file capacity exhausted
602931	1789236688294	2	917	admit-refused	authority refusal LIMIT_EXCEEDED: SQLite file capacity exhausted
603039	1789236688401	2	995	admit-refused	authority refusal LIMIT_EXCEEDED: SQLite file capacity exhausted
604476	1789236689839	2	719	admit-refused	authority refusal LIMIT_EXCEEDED: SQLite file capacity exhausted
606964	1789236692327	2	791	admit-refused	authority refusal LIMIT_EXCEEDED: SQLite file capacity exhausted
607005	1789236692367	2	701	admit-refused	authority refusal LIMIT_EXCEEDED: SQLite file capacity exhausted
607040	1789236692403	2	326	admit-refused	authority refusal LIMIT_EXCEEDED: SQLite file capacity exhausted
607080	1789236692442	2	1016	admit-refused	authority refusal LIMIT_EXCEEDED: SQLite file capacity exhausted
607398	1789236692760	2	800	admit-refused	authority refusal LIMIT_EXCEEDED: SQLite file capacity exhausted
607423	1789236692786	2	569	admit-refused	authority refusal LIMIT_EXCEEDED: SQLite file capacity exhausted
608028	1789236693391	2	917	admit-refused	authority refusal LIMIT_EXCEEDED: SQLite file capacity exhausted
608076	1789236693438	2	995	admit-refused	authority refusal LIMIT_EXCEEDED: SQLite file capacity exhausted
609526	1789236694888	2	719	admit-refused	authority refusal LIMIT_EXCEEDED: SQLite file capacity exhausted
612023	1789236697386	2	791	admit-refused	authority refusal LIMIT_EXCEEDED: SQLite file capacity exhausted
612072	1789236697434	2	701	admit-refused	authority refusal LIMIT_EXCEEDED: SQLite file capacity exhausted
612108	1789236697471	2	326	admit-refused	authority refusal LIMIT_EXCEEDED: SQLite file capacity exhausted
612134	1789236697497	2	1016	admit-refused	authority refusal LIMIT_EXCEEDED: SQLite file capacity exhausted
612445	1789236697807	2	800	admit-refused	authority refusal LIMIT_EXCEEDED: SQLite file capacity exhausted
612479	1789236697841	2	569	admit-refused	authority refusal LIMIT_EXCEEDED: SQLite file capacity exhausted
613073	1789236698436	2	917	admit-refused	authority refusal LIMIT_EXCEEDED: SQLite file capacity exhausted
613117	1789236698479	2	995	admit-refused	authority refusal LIMIT_EXCEEDED: SQLite file capacity exhausted
614585	1789236699948	2	719	admit-refused	authority refusal LIMIT_EXCEEDED: SQLite file capacity exhausted
617084	1789236702447	2	791	admit-refused	authority refusal LIMIT_EXCEEDED: SQLite file capacity exhausted
617144	1789236702506	2	701	admit-refused	authority refusal LIMIT_EXCEEDED: SQLite file capacity exhausted
617177	1789236702540	2	326	admit-refused	authority refusal LIMIT_EXCEEDED: SQLite file capacity exhausted
617272	1789236702634	2	1016	admit-refused	authority refusal LIMIT_EXCEEDED: SQLite file capacity exhausted
617496	1789236702859	2	800	admit-refused	authority refusal LIMIT_EXCEEDED: SQLite file capacity exhausted
617531	1789236702893	2	569	admit-refused	authority refusal LIMIT_EXCEEDED: SQLite file capacity exhausted
618138	1789236703500	2	917	admit-refused	authority refusal LIMIT_EXCEEDED: SQLite file capacity exhausted
618171	1789236703534	2	995	admit-refused	authority refusal LIMIT_EXCEEDED: SQLite file capacity exhausted
619632	1789236704994	2	719	admit-refused	authority refusal LIMIT_EXCEEDED: SQLite file capacity exhausted
622146	1789236707508	2	791	admit-refused	authority refusal LIMIT_EXCEEDED: SQLite file capacity exhausted
622187	1789236707549	2	701	admit-refused	authority refusal LIMIT_EXCEEDED: SQLite file capacity exhausted
622221	1789236707584	2	326	admit-refused	authority refusal LIMIT_EXCEEDED: SQLite file capacity exhausted
622309	1789236707672	2	1016	admit-refused	authority refusal LIMIT_EXCEEDED: SQLite file capacity exhausted
622626	1789236707988	2	800	admit-refused	authority refusal LIMIT_EXCEEDED: SQLite file capacity exhausted
622644	1789236708006	2	569	admit-refused	authority refusal LIMIT_EXCEEDED: SQLite file capacity exhausted
623187	1789236708550	2	917	admit-refused	authority refusal LIMIT_EXCEEDED: SQLite file capacity exhausted
623222	1789236708585	2	995	admit-refused	authority refusal LIMIT_EXCEEDED: SQLite file capacity exhausted
624693	1789236710056	2	719	admit-refused	authority refusal LIMIT_EXCEEDED: SQLite file capacity exhausted
627215	1789236712578	2	791	admit-refused	authority refusal LIMIT_EXCEEDED: SQLite file capacity exhausted
627271	1789236712634	2	701	admit-refused	authority refusal LIMIT_EXCEEDED: SQLite file capacity exhausted
627295	1789236712658	2	326	admit-refused	authority refusal LIMIT_EXCEEDED: SQLite file capacity exhausted
627345	1789236712708	2	1016	admit-refused	authority refusal LIMIT_EXCEEDED: SQLite file capacity exhausted
627680	1789236713042	2	800	admit-refused	authority refusal LIMIT_EXCEEDED: SQLite file capacity exhausted
627704	1789236713067	2	569	admit-refused	authority refusal LIMIT_EXCEEDED: SQLite file capacity exhausted
628239	1789236713601	2	917	admit-refused	authority refusal LIMIT_EXCEEDED: SQLite file capacity exhausted
628275	1789236713637	2	995	admit-refused	authority refusal LIMIT_EXCEEDED: SQLite file capacity exhausted
629736	1789236715098	2	719	admit-refused	authority refusal LIMIT_EXCEEDED: SQLite file capacity exhausted
632285	1789236717648	2	791	admit-refused	authority refusal LIMIT_EXCEEDED: SQLite file capacity exhausted
632334	1789236717697	2	701	admit-refused	authority refusal LIMIT_EXCEEDED: SQLite file capacity exhausted
632364	1789236717727	2	326	admit-refused	authority refusal LIMIT_EXCEEDED: SQLite file capacity exhausted
632398	1789236717760	2	1016	admit-refused	authority refusal LIMIT_EXCEEDED: SQLite file capacity exhausted
632735	1789236718098	2	800	admit-refused	authority refusal LIMIT_EXCEEDED: SQLite file capacity exhausted
632760	1789236718123	2	569	admit-refused	authority refusal LIMIT_EXCEEDED: SQLite file capacity exhausted
633302	1789236718664	2	917	admit-refused	authority refusal LIMIT_EXCEEDED: SQLite file capacity exhausted
633329	1789236718692	2	995	admit-refused	authority refusal LIMIT_EXCEEDED: SQLite file capacity exhausted
634781	1789236720144	2	719	admit-refused	authority refusal LIMIT_EXCEEDED: SQLite file capacity exhausted
637346	1789236722708	2	791	admit-refused	authority refusal LIMIT_EXCEEDED: SQLite file capacity exhausted
637411	1789236722774	2	701	admit-refused	authority refusal LIMIT_EXCEEDED: SQLite file capacity exhausted
637448	1789236722811	2	326	admit-refused	authority refusal LIMIT_EXCEEDED: SQLite file capacity exhausted
637548	1789236722911	2	1016	admit-refused	authority refusal LIMIT_EXCEEDED: SQLite file capacity exhausted
637799	1789236723162	2	800	admit-refused	authority refusal LIMIT_EXCEEDED: SQLite file capacity exhausted
637823	1789236723186	2	569	admit-refused	authority refusal LIMIT_EXCEEDED: SQLite file capacity exhausted
638348	1789236723711	2	917	admit-refused	authority refusal LIMIT_EXCEEDED: SQLite file capacity exhausted
638382	1789236723744	2	995	admit-refused	authority refusal LIMIT_EXCEEDED: SQLite file capacity exhausted
639833	1789236725196	2	719	admit-refused	authority refusal LIMIT_EXCEEDED: SQLite file capacity exhausted
642413	1789236727775	2	791	admit-refused	authority refusal LIMIT_EXCEEDED: SQLite file capacity exhausted
642448	1789236727810	2	701	admit-refused	authority refusal LIMIT_EXCEEDED: SQLite file capacity exhausted
642485	1789236727848	2	326	admit-refused	authority refusal LIMIT_EXCEEDED: SQLite file capacity exhausted
642592	1789236727954	2	1016	admit-refused	authority refusal LIMIT_EXCEEDED: SQLite file capacity exhausted
642923	1789236728286	2	800	admit-refused	authority refusal LIMIT_EXCEEDED: SQLite file capacity exhausted
642942	1789236728305	2	569	admit-refused	authority refusal LIMIT_EXCEEDED: SQLite file capacity exhausted
643395	1789236728758	2	917	admit-refused	authority refusal LIMIT_EXCEEDED: SQLite file capacity exhausted
643429	1789236728791	2	995	admit-refused	authority refusal LIMIT_EXCEEDED: SQLite file capacity exhausted
644874	1789236730237	2	719	admit-refused	authority refusal LIMIT_EXCEEDED: SQLite file capacity exhausted
647481	1789236732844	2	791	admit-refused	authority refusal LIMIT_EXCEEDED: SQLite file capacity exhausted
647540	1789236732903	2	326	admit-refused	authority refusal LIMIT_EXCEEDED: SQLite file capacity exhausted
647559	1789236732921	2	701	admit-refused	authority refusal LIMIT_EXCEEDED: SQLite file capacity exhausted
647628	1789236732990	2	1016	admit-refused	authority refusal LIMIT_EXCEEDED: SQLite file capacity exhausted
647971	1789236733333	2	800	admit-refused	authority refusal LIMIT_EXCEEDED: SQLite file capacity exhausted
647995	1789236733358	2	569	admit-refused	authority refusal LIMIT_EXCEEDED: SQLite file capacity exhausted
648442	1789236733804	2	917	admit-refused	authority refusal LIMIT_EXCEEDED: SQLite file capacity exhausted
648476	1789236733839	2	995	admit-refused	authority refusal LIMIT_EXCEEDED: SQLite file capacity exhausted
649911	1789236735274	2	719	admit-refused	authority refusal LIMIT_EXCEEDED: SQLite file capacity exhausted
652561	1789236737923	2	791	admit-refused	authority refusal LIMIT_EXCEEDED: SQLite file capacity exhausted
652617	1789236737979	2	326	admit-refused	authority refusal LIMIT_EXCEEDED: SQLite file capacity exhausted
652645	1789236738007	2	701	admit-refused	authority refusal LIMIT_EXCEEDED: SQLite file capacity exhausted
652680	1789236738042	2	1016	admit-refused	authority refusal LIMIT_EXCEEDED: SQLite file capacity exhausted
653021	1789236738383	2	800	admit-refused	authority refusal LIMIT_EXCEEDED: SQLite file capacity exhausted
653045	1789236738408	2	569	admit-refused	authority refusal LIMIT_EXCEEDED: SQLite file capacity exhausted
653578	1789236738941	2	917	admit-refused	authority refusal LIMIT_EXCEEDED: SQLite file capacity exhausted
653603	1789236738965	2	995	admit-refused	authority refusal LIMIT_EXCEEDED: SQLite file capacity exhausted
654959	1789236740321	2	719	admit-refused	authority refusal LIMIT_EXCEEDED: SQLite file capacity exhausted
657626	1789236742989	2	791	admit-refused	authority refusal LIMIT_EXCEEDED: SQLite file capacity exhausted
657693	1789236743056	2	326	admit-refused	authority refusal LIMIT_EXCEEDED: SQLite file capacity exhausted
657748	1789236743111	2	1016	admit-refused	authority refusal LIMIT_EXCEEDED: SQLite file capacity exhausted
657767	1789236743129	2	701	admit-refused	authority refusal LIMIT_EXCEEDED: SQLite file capacity exhausted
658069	1789236743432	2	800	admit-refused	authority refusal LIMIT_EXCEEDED: SQLite file capacity exhausted
658104	1789236743467	2	569	admit-refused	authority refusal LIMIT_EXCEEDED: SQLite file capacity exhausted
658629	1789236743992	2	917	admit-refused	authority refusal LIMIT_EXCEEDED: SQLite file capacity exhausted
658654	1789236744016	2	995	admit-refused	authority refusal LIMIT_EXCEEDED: SQLite file capacity exhausted
659997	1789236745359	2	719	admit-refused	authority refusal LIMIT_EXCEEDED: SQLite file capacity exhausted
662687	1789236748049	2	791	admit-refused	authority refusal LIMIT_EXCEEDED: SQLite file capacity exhausted
662730	1789236748093	2	326	admit-refused	authority refusal LIMIT_EXCEEDED: SQLite file capacity exhausted
662794	1789236748156	2	1016	admit-refused	authority refusal LIMIT_EXCEEDED: SQLite file capacity exhausted
662834	1789236748197	2	701	admit-refused	authority refusal LIMIT_EXCEEDED: SQLite file capacity exhausted
663272	1789236748634	2	800	admit-refused	authority refusal LIMIT_EXCEEDED: SQLite file capacity exhausted
663300	1789236748663	2	569	admit-refused	authority refusal LIMIT_EXCEEDED: SQLite file capacity exhausted
663680	1789236749042	2	917	admit-refused	authority refusal LIMIT_EXCEEDED: SQLite file capacity exhausted
663705	1789236749067	2	995	admit-refused	authority refusal LIMIT_EXCEEDED: SQLite file capacity exhausted
665037	1789236750399	2	719	admit-refused	authority refusal LIMIT_EXCEEDED: SQLite file capacity exhausted
667749	1789236753111	2	791	admit-refused	authority refusal LIMIT_EXCEEDED: SQLite file capacity exhausted
667790	1789236753152	2	326	admit-refused	authority refusal LIMIT_EXCEEDED: SQLite file capacity exhausted
667834	1789236753197	2	1016	admit-refused	authority refusal LIMIT_EXCEEDED: SQLite file capacity exhausted
667871	1789236753233	2	701	admit-refused	authority refusal LIMIT_EXCEEDED: SQLite file capacity exhausted
668344	1789236753707	2	800	admit-refused	authority refusal LIMIT_EXCEEDED: SQLite file capacity exhausted
668379	1789236753741	2	569	admit-refused	authority refusal LIMIT_EXCEEDED: SQLite file capacity exhausted
668733	1789236754096	2	917	admit-refused	authority refusal LIMIT_EXCEEDED: SQLite file capacity exhausted
668762	1789236754125	2	995	admit-refused	authority refusal LIMIT_EXCEEDED: SQLite file capacity exhausted
670089	1789236755451	2	719	admit-refused	authority refusal LIMIT_EXCEEDED: SQLite file capacity exhausted
672818	1789236758181	2	791	admit-refused	authority refusal LIMIT_EXCEEDED: SQLite file capacity exhausted
672863	1789236758225	2	326	admit-refused	authority refusal LIMIT_EXCEEDED: SQLite file capacity exhausted
672898	1789236758261	2	1016	admit-refused	authority refusal LIMIT_EXCEEDED: SQLite file capacity exhausted
672929	1789236758291	2	701	admit-refused	authority refusal LIMIT_EXCEEDED: SQLite file capacity exhausted
673388	1789236758751	2	800	admit-refused	authority refusal LIMIT_EXCEEDED: SQLite file capacity exhausted
673422	1789236758785	2	569	admit-refused	authority refusal LIMIT_EXCEEDED: SQLite file capacity exhausted
673893	1789236759256	2	995	admit-refused	authority refusal LIMIT_EXCEEDED: SQLite file capacity exhausted
673911	1789236759273	2	917	admit-refused	authority refusal LIMIT_EXCEEDED: SQLite file capacity exhausted
675129	1789236760491	2	719	admit-refused	authority refusal LIMIT_EXCEEDED: SQLite file capacity exhausted
677876	1789236763239	2	791	admit-refused	authority refusal LIMIT_EXCEEDED: SQLite file capacity exhausted
677916	1789236763278	2	326	admit-refused	authority refusal LIMIT_EXCEEDED: SQLite file capacity exhausted
677976	1789236763338	2	1016	admit-refused	authority refusal LIMIT_EXCEEDED: SQLite file capacity exhausted
678002	1789236763364	2	701	admit-refused	authority refusal LIMIT_EXCEEDED: SQLite file capacity exhausted
678439	1789236763802	2	800	admit-refused	authority refusal LIMIT_EXCEEDED: SQLite file capacity exhausted
678474	1789236763836	2	569	admit-refused	authority refusal LIMIT_EXCEEDED: SQLite file capacity exhausted
678944	1789236764306	2	995	admit-refused	authority refusal LIMIT_EXCEEDED: SQLite file capacity exhausted
678990	1789236764353	2	917	admit-refused	authority refusal LIMIT_EXCEEDED: SQLite file capacity exhausted
680176	1789236765539	2	719	admit-refused	authority refusal LIMIT_EXCEEDED: SQLite file capacity exhausted
682937	1789236768300	2	791	admit-refused	authority refusal LIMIT_EXCEEDED: SQLite file capacity exhausted
682977	1789236768339	2	326	admit-refused	authority refusal LIMIT_EXCEEDED: SQLite file capacity exhausted
683023	1789236768385	2	1016	admit-refused	authority refusal LIMIT_EXCEEDED: SQLite file capacity exhausted
683056	1789236768419	2	701	admit-refused	authority refusal LIMIT_EXCEEDED: SQLite file capacity exhausted
683494	1789236768856	2	800	admit-refused	authority refusal LIMIT_EXCEEDED: SQLite file capacity exhausted
683528	1789236768890	2	569	admit-refused	authority refusal LIMIT_EXCEEDED: SQLite file capacity exhausted
683986	1789236769348	2	995	admit-refused	authority refusal LIMIT_EXCEEDED: SQLite file capacity exhausted
684028	1789236769391	2	917	admit-refused	authority refusal LIMIT_EXCEEDED: SQLite file capacity exhausted
685223	1789236770585	2	719	admit-refused	authority refusal LIMIT_EXCEEDED: SQLite file capacity exhausted
687999	1789236773361	2	791	admit-refused	authority refusal LIMIT_EXCEEDED: SQLite file capacity exhausted
688044	1789236773407	2	326	admit-refused	authority refusal LIMIT_EXCEEDED: SQLite file capacity exhausted
688088	1789236773450	2	1016	admit-refused	authority refusal LIMIT_EXCEEDED: SQLite file capacity exhausted
688113	1789236773475	2	701	admit-refused	authority refusal LIMIT_EXCEEDED: SQLite file capacity exhausted
688539	1789236773902	2	800	admit-refused	authority refusal LIMIT_EXCEEDED: SQLite file capacity exhausted
688573	1789236773935	2	569	admit-refused	authority refusal LIMIT_EXCEEDED: SQLite file capacity exhausted
689029	1789236774391	2	995	admit-refused	authority refusal LIMIT_EXCEEDED: SQLite file capacity exhausted
689071	1789236774434	2	917	admit-refused	authority refusal LIMIT_EXCEEDED: SQLite file capacity exhausted
690268	1789236775631	2	719	admit-refused	authority refusal LIMIT_EXCEEDED: SQLite file capacity exhausted
693198	1789236778561	2	326	admit-refused	authority refusal LIMIT_EXCEEDED: SQLite file capacity exhausted
693222	1789236778585	2	1016	admit-refused	authority refusal LIMIT_EXCEEDED: SQLite file capacity exhausted
693246	1789236778609	2	701	admit-refused	authority refusal LIMIT_EXCEEDED: SQLite file capacity exhausted
693286	1789236778648	2	791	admit-refused	authority refusal LIMIT_EXCEEDED: SQLite file capacity exhausted
693586	1789236778948	2	800	admit-refused	authority refusal LIMIT_EXCEEDED: SQLite file capacity exhausted
693620	1789236778982	2	569	admit-refused	authority refusal LIMIT_EXCEEDED: SQLite file capacity exhausted
694070	1789236779432	2	995	admit-refused	authority refusal LIMIT_EXCEEDED: SQLite file capacity exhausted
694131	1789236779494	2	917	admit-refused	authority refusal LIMIT_EXCEEDED: SQLite file capacity exhausted
695318	1789236780681	2	719	admit-refused	authority refusal LIMIT_EXCEEDED: SQLite file capacity exhausted
698270	1789236783633	2	326	admit-refused	authority refusal LIMIT_EXCEEDED: SQLite file capacity exhausted
698304	1789236783667	2	1016	admit-refused	authority refusal LIMIT_EXCEEDED: SQLite file capacity exhausted
698340	1789236783702	2	701	admit-refused	authority refusal LIMIT_EXCEEDED: SQLite file capacity exhausted
698386	1789236783748	2	791	admit-refused	authority refusal LIMIT_EXCEEDED: SQLite file capacity exhausted
698634	1789236783997	2	800	admit-refused	authority refusal LIMIT_EXCEEDED: SQLite file capacity exhausted
698669	1789236784031	2	569	admit-refused	authority refusal LIMIT_EXCEEDED: SQLite file capacity exhausted
699112	1789236784474	2	995	admit-refused	authority refusal LIMIT_EXCEEDED: SQLite file capacity exhausted
699175	1789236784537	2	917	admit-refused	authority refusal LIMIT_EXCEEDED: SQLite file capacity exhausted
700367	1789236785730	2	719	admit-refused	authority refusal LIMIT_EXCEEDED: SQLite file capacity exhausted
703317	1789236788680	2	326	admit-refused	authority refusal LIMIT_EXCEEDED: SQLite file capacity exhausted
703358	1789236788721	2	1016	admit-refused	authority refusal LIMIT_EXCEEDED: SQLite file capacity exhausted
703412	1789236788774	2	701	admit-refused	authority refusal LIMIT_EXCEEDED: SQLite file capacity exhausted
703468	1789236788830	2	791	admit-refused	authority refusal LIMIT_EXCEEDED: SQLite file capacity exhausted
703684	1789236789046	2	800	admit-refused	authority refusal LIMIT_EXCEEDED: SQLite file capacity exhausted
703736	1789236789098	2	569	admit-refused	authority refusal LIMIT_EXCEEDED: SQLite file capacity exhausted
704153	1789236789515	2	995	admit-refused	authority refusal LIMIT_EXCEEDED: SQLite file capacity exhausted
704213	1789236789575	2	917	admit-refused	authority refusal LIMIT_EXCEEDED: SQLite file capacity exhausted
705408	1789236790771	2	719	admit-refused	authority refusal LIMIT_EXCEEDED: SQLite file capacity exhausted
708358	1789236793721	2	326	admit-refused	authority refusal LIMIT_EXCEEDED: SQLite file capacity exhausted
708395	1789236793758	2	1016	admit-refused	authority refusal LIMIT_EXCEEDED: SQLite file capacity exhausted
708448	1789236793811	2	701	admit-refused	authority refusal LIMIT_EXCEEDED: SQLite file capacity exhausted
708531	1789236793893	2	791	admit-refused	authority refusal LIMIT_EXCEEDED: SQLite file capacity exhausted
708724	1789236794087	2	800	admit-refused	authority refusal LIMIT_EXCEEDED: SQLite file capacity exhausted
708772	1789236794135	2	569	admit-refused	authority refusal LIMIT_EXCEEDED: SQLite file capacity exhausted
709192	1789236794555	2	995	admit-refused	authority refusal LIMIT_EXCEEDED: SQLite file capacity exhausted
709261	1789236794623	2	917	admit-refused	authority refusal LIMIT_EXCEEDED: SQLite file capacity exhausted
710445	1789236795807	2	719	admit-refused	authority refusal LIMIT_EXCEEDED: SQLite file capacity exhausted
713437	1789236798800	2	326	admit-refused	authority refusal LIMIT_EXCEEDED: SQLite file capacity exhausted
713472	1789236798834	2	1016	admit-refused	authority refusal LIMIT_EXCEEDED: SQLite file capacity exhausted
713507	1789236798870	2	701	admit-refused	authority refusal LIMIT_EXCEEDED: SQLite file capacity exhausted
713589	1789236798951	2	791	admit-refused	authority refusal LIMIT_EXCEEDED: SQLite file capacity exhausted
713766	1789236799128	2	800	admit-refused	authority refusal LIMIT_EXCEEDED: SQLite file capacity exhausted
713815	1789236799177	2	569	admit-refused	authority refusal LIMIT_EXCEEDED: SQLite file capacity exhausted
714234	1789236799596	2	995	admit-refused	authority refusal LIMIT_EXCEEDED: SQLite file capacity exhausted
714299	1789236799661	2	917	admit-refused	authority refusal LIMIT_EXCEEDED: SQLite file capacity exhausted
715503	1789236800866	2	719	admit-refused	authority refusal LIMIT_EXCEEDED: SQLite file capacity exhausted
718485	1789236803848	2	326	admit-refused	authority refusal LIMIT_EXCEEDED: SQLite file capacity exhausted
718550	1789236803913	2	1016	admit-refused	authority refusal LIMIT_EXCEEDED: SQLite file capacity exhausted
718579	1789236803941	2	701	admit-refused	authority refusal LIMIT_EXCEEDED: SQLite file capacity exhausted
718647	1789236804010	2	791	admit-refused	authority refusal LIMIT_EXCEEDED: SQLite file capacity exhausted
718803	1789236804166	2	800	admit-refused	authority refusal LIMIT_EXCEEDED: SQLite file capacity exhausted
718873	1789236804235	2	569	admit-refused	authority refusal LIMIT_EXCEEDED: SQLite file capacity exhausted
719274	1789236804637	2	995	admit-refused	authority refusal LIMIT_EXCEEDED: SQLite file capacity exhausted
719341	1789236804704	2	917	admit-refused	authority refusal LIMIT_EXCEEDED: SQLite file capacity exhausted
720545	1789236805908	2	719	admit-refused	authority refusal LIMIT_EXCEEDED: SQLite file capacity exhausted
723528	1789236808891	2	326	admit-refused	authority refusal LIMIT_EXCEEDED: SQLite file capacity exhausted
723594	1789236808957	2	1016	admit-refused	authority refusal LIMIT_EXCEEDED: SQLite file capacity exhausted
723629	1789236808992	2	701	admit-refused	authority refusal LIMIT_EXCEEDED: SQLite file capacity exhausted
723711	1789236809074	2	791	admit-refused	authority refusal LIMIT_EXCEEDED: SQLite file capacity exhausted
723843	1789236809205	2	800	admit-refused	authority refusal LIMIT_EXCEEDED: SQLite file capacity exhausted
723910	1789236809272	2	569	admit-refused	authority refusal LIMIT_EXCEEDED: SQLite file capacity exhausted
724315	1789236809678	2	995	admit-refused	authority refusal LIMIT_EXCEEDED: SQLite file capacity exhausted
724401	1789236809764	2	917	admit-refused	authority refusal LIMIT_EXCEEDED: SQLite file capacity exhausted
725586	1789236810949	2	719	admit-refused	authority refusal LIMIT_EXCEEDED: SQLite file capacity exhausted
728573	1789236813935	2	326	admit-refused	authority refusal LIMIT_EXCEEDED: SQLite file capacity exhausted
728642	1789236814005	2	1016	admit-refused	authority refusal LIMIT_EXCEEDED: SQLite file capacity exhausted
728678	1789236814040	2	701	admit-refused	authority refusal LIMIT_EXCEEDED: SQLite file capacity exhausted
728770	1789236814132	2	791	admit-refused	authority refusal LIMIT_EXCEEDED: SQLite file capacity exhausted
728891	1789236814254	2	800	admit-refused	authority refusal LIMIT_EXCEEDED: SQLite file capacity exhausted
728948	1789236814311	2	569	admit-refused	authority refusal LIMIT_EXCEEDED: SQLite file capacity exhausted
729402	1789236814764	2	995	admit-refused	authority refusal LIMIT_EXCEEDED: SQLite file capacity exhausted
729439	1789236814801	2	917	admit-refused	authority refusal LIMIT_EXCEEDED: SQLite file capacity exhausted
730629	1789236815992	2	719	admit-refused	authority refusal LIMIT_EXCEEDED: SQLite file capacity exhausted
733701	1789236819064	2	326	admit-refused	authority refusal LIMIT_EXCEEDED: SQLite file capacity exhausted
733739	1789236819102	2	1016	admit-refused	authority refusal LIMIT_EXCEEDED: SQLite file capacity exhausted
733764	1789236819126	2	701	admit-refused	authority refusal LIMIT_EXCEEDED: SQLite file capacity exhausted
733832	1789236819195	2	791	admit-refused	authority refusal LIMIT_EXCEEDED: SQLite file capacity exhausted
733929	1789236819292	2	800	admit-refused	authority refusal LIMIT_EXCEEDED: SQLite file capacity exhausted
733987	1789236819349	2	569	admit-refused	authority refusal LIMIT_EXCEEDED: SQLite file capacity exhausted
734448	1789236819811	2	995	admit-refused	authority refusal LIMIT_EXCEEDED: SQLite file capacity exhausted
734488	1789236819851	2	917	admit-refused	authority refusal LIMIT_EXCEEDED: SQLite file capacity exhausted
735674	1789236821036	2	719	admit-refused	authority refusal LIMIT_EXCEEDED: SQLite file capacity exhausted
738749	1789236824111	2	326	admit-refused	authority refusal LIMIT_EXCEEDED: SQLite file capacity exhausted
738788	1789236824151	2	1016	admit-refused	authority refusal LIMIT_EXCEEDED: SQLite file capacity exhausted
738850	1789236824212	2	701	admit-refused	authority refusal LIMIT_EXCEEDED: SQLite file capacity exhausted
738909	1789236824272	2	791	admit-refused	authority refusal LIMIT_EXCEEDED: SQLite file capacity exhausted
739021	1789236824384	2	800	admit-refused	authority refusal LIMIT_EXCEEDED: SQLite file capacity exhausted
739046	1789236824409	2	569	admit-refused	authority refusal LIMIT_EXCEEDED: SQLite file capacity exhausted
739490	1789236824852	2	995	admit-refused	authority refusal LIMIT_EXCEEDED: SQLite file capacity exhausted
739541	1789236824904	2	917	admit-refused	authority refusal LIMIT_EXCEEDED: SQLite file capacity exhausted
740714	1789236826077	2	719	admit-refused	authority refusal LIMIT_EXCEEDED: SQLite file capacity exhausted
743801	1789236829164	2	326	admit-refused	authority refusal LIMIT_EXCEEDED: SQLite file capacity exhausted
743837	1789236829200	2	1016	admit-refused	authority refusal LIMIT_EXCEEDED: SQLite file capacity exhausted
743886	1789236829248	2	701	admit-refused	authority refusal LIMIT_EXCEEDED: SQLite file capacity exhausted
743967	1789236829330	2	791	admit-refused	authority refusal LIMIT_EXCEEDED: SQLite file capacity exhausted
744064	1789236829427	2	800	admit-refused	authority refusal LIMIT_EXCEEDED: SQLite file capacity exhausted
744105	1789236829468	2	569	admit-refused	authority refusal LIMIT_EXCEEDED: SQLite file capacity exhausted
744530	1789236829893	2	995	admit-refused	authority refusal LIMIT_EXCEEDED: SQLite file capacity exhausted
744578	1789236829941	2	917	admit-refused	authority refusal LIMIT_EXCEEDED: SQLite file capacity exhausted
745756	1789236831118	2	719	admit-refused	authority refusal LIMIT_EXCEEDED: SQLite file capacity exhausted
748848	1789236834211	2	326	admit-refused	authority refusal LIMIT_EXCEEDED: SQLite file capacity exhausted
748883	1789236834245	2	1016	admit-refused	authority refusal LIMIT_EXCEEDED: SQLite file capacity exhausted
748927	1789236834290	2	701	admit-refused	authority refusal LIMIT_EXCEEDED: SQLite file capacity exhausted
749026	1789236834389	2	791	admit-refused	authority refusal LIMIT_EXCEEDED: SQLite file capacity exhausted
749101	1789236834463	2	800	admit-refused	authority refusal LIMIT_EXCEEDED: SQLite file capacity exhausted
749163	1789236834526	2	569	admit-refused	authority refusal LIMIT_EXCEEDED: SQLite file capacity exhausted
749661	1789236835023	2	995	admit-refused	authority refusal LIMIT_EXCEEDED: SQLite file capacity exhausted
749685	1789236835048	2	917	admit-refused	authority refusal LIMIT_EXCEEDED: SQLite file capacity exhausted
750793	1789236836156	2	719	admit-refused	authority refusal LIMIT_EXCEEDED: SQLite file capacity exhausted
753920	1789236839283	2	326	admit-refused	authority refusal LIMIT_EXCEEDED: SQLite file capacity exhausted
753974	1789236839337	2	1016	admit-refused	authority refusal LIMIT_EXCEEDED: SQLite file capacity exhausted
754005	1789236839367	2	701	admit-refused	authority refusal LIMIT_EXCEEDED: SQLite file capacity exhausted
754083	1789236839446	2	791	admit-refused	authority refusal LIMIT_EXCEEDED: SQLite file capacity exhausted
754136	1789236839499	2	800	admit-refused	authority refusal LIMIT_EXCEEDED: SQLite file capacity exhausted
754201	1789236839564	2	569	admit-refused	authority refusal LIMIT_EXCEEDED: SQLite file capacity exhausted
754711	1789236840074	2	995	admit-refused	authority refusal LIMIT_EXCEEDED: SQLite file capacity exhausted
754735	1789236840098	2	917	admit-refused	authority refusal LIMIT_EXCEEDED: SQLite file capacity exhausted
755834	1789236841196	2	719	admit-refused	authority refusal LIMIT_EXCEEDED: SQLite file capacity exhausted
758960	1789236844323	2	326	admit-refused	authority refusal LIMIT_EXCEEDED: SQLite file capacity exhausted
759017	1789236844379	2	1016	admit-refused	authority refusal LIMIT_EXCEEDED: SQLite file capacity exhausted
759057	1789236844419	2	701	admit-refused	authority refusal LIMIT_EXCEEDED: SQLite file capacity exhausted
759158	1789236844520	2	791	admit-refused	authority refusal LIMIT_EXCEEDED: SQLite file capacity exhausted
759284	1789236844647	2	800	admit-refused	authority refusal LIMIT_EXCEEDED: SQLite file capacity exhausted
759310	1789236844672	2	569	admit-refused	authority refusal LIMIT_EXCEEDED: SQLite file capacity exhausted
759763	1789236845125	2	995	admit-refused	authority refusal LIMIT_EXCEEDED: SQLite file capacity exhausted
759787	1789236845150	2	917	admit-refused	authority refusal LIMIT_EXCEEDED: SQLite file capacity exhausted
760881	1789236846244	2	719	admit-refused	authority refusal LIMIT_EXCEEDED: SQLite file capacity exhausted
764002	1789236849365	2	326	admit-refused	authority refusal LIMIT_EXCEEDED: SQLite file capacity exhausted
764066	1789236849428	2	1016	admit-refused	authority refusal LIMIT_EXCEEDED: SQLite file capacity exhausted
764100	1789236849462	2	701	admit-refused	authority refusal LIMIT_EXCEEDED: SQLite file capacity exhausted
764221	1789236849584	2	791	admit-refused	authority refusal LIMIT_EXCEEDED: SQLite file capacity exhausted
764339	1789236849701	2	800	admit-refused	authority refusal LIMIT_EXCEEDED: SQLite file capacity exhausted
764364	1789236849726	2	569	admit-refused	authority refusal LIMIT_EXCEEDED: SQLite file capacity exhausted
764809	1789236850171	2	995	admit-refused	authority refusal LIMIT_EXCEEDED: SQLite file capacity exhausted
764844	1789236850206	2	917	admit-refused	authority refusal LIMIT_EXCEEDED: SQLite file capacity exhausted
765922	1789236851285	2	719	admit-refused	authority refusal LIMIT_EXCEEDED: SQLite file capacity exhausted
769043	1789236854405	2	326	admit-refused	authority refusal LIMIT_EXCEEDED: SQLite file capacity exhausted
769129	1789236854491	2	1016	admit-refused	authority refusal LIMIT_EXCEEDED: SQLite file capacity exhausted
769154	1789236854516	2	701	admit-refused	authority refusal LIMIT_EXCEEDED: SQLite file capacity exhausted
769279	1789236854641	2	791	admit-refused	authority refusal LIMIT_EXCEEDED: SQLite file capacity exhausted
769382	1789236854744	2	800	admit-refused	authority refusal LIMIT_EXCEEDED: SQLite file capacity exhausted
769417	1789236854780	2	569	admit-refused	authority refusal LIMIT_EXCEEDED: SQLite file capacity exhausted
769852	1789236855215	2	995	admit-refused	authority refusal LIMIT_EXCEEDED: SQLite file capacity exhausted
769887	1789236855249	2	917	admit-refused	authority refusal LIMIT_EXCEEDED: SQLite file capacity exhausted
770963	1789236856326	2	719	admit-refused	authority refusal LIMIT_EXCEEDED: SQLite file capacity exhausted
774083	1789236859445	2	326	admit-refused	authority refusal LIMIT_EXCEEDED: SQLite file capacity exhausted
774274	1789236859636	2	1016	admit-refused	authority refusal LIMIT_EXCEEDED: SQLite file capacity exhausted
774298	1789236859660	2	701	admit-refused	authority refusal LIMIT_EXCEEDED: SQLite file capacity exhausted
774352	1789236859715	2	791	admit-refused	authority refusal LIMIT_EXCEEDED: SQLite file capacity exhausted
774418	1789236859781	2	800	admit-refused	authority refusal LIMIT_EXCEEDED: SQLite file capacity exhausted
774455	1789236859817	2	569	admit-refused	authority refusal LIMIT_EXCEEDED: SQLite file capacity exhausted
774899	1789236860262	2	995	admit-refused	authority refusal LIMIT_EXCEEDED: SQLite file capacity exhausted
774955	1789236860318	2	917	admit-refused	authority refusal LIMIT_EXCEEDED: SQLite file capacity exhausted
776011	1789236861373	2	719	admit-refused	authority refusal LIMIT_EXCEEDED: SQLite file capacity exhausted
779126	1789236864489	2	326	admit-refused	authority refusal LIMIT_EXCEEDED: SQLite file capacity exhausted
779321	1789236864684	2	1016	admit-refused	authority refusal LIMIT_EXCEEDED: SQLite file capacity exhausted
779362	1789236864724	2	701	admit-refused	authority refusal LIMIT_EXCEEDED: SQLite file capacity exhausted
779426	1789236864788	2	791	admit-refused	authority refusal LIMIT_EXCEEDED: SQLite file capacity exhausted
779469	1789236864832	2	800	admit-refused	authority refusal LIMIT_EXCEEDED: SQLite file capacity exhausted
779504	1789236864866	2	569	admit-refused	authority refusal LIMIT_EXCEEDED: SQLite file capacity exhausted
779941	1789236865303	2	995	admit-refused	authority refusal LIMIT_EXCEEDED: SQLite file capacity exhausted
779994	1789236865356	2	917	admit-refused	authority refusal LIMIT_EXCEEDED: SQLite file capacity exhausted
781058	1789236866420	2	719	admit-refused	authority refusal LIMIT_EXCEEDED: SQLite file capacity exhausted
784168	1789236869530	2	326	admit-refused	authority refusal LIMIT_EXCEEDED: SQLite file capacity exhausted
784375	1789236869737	2	1016	admit-refused	authority refusal LIMIT_EXCEEDED: SQLite file capacity exhausted
784410	1789236869772	2	701	admit-refused	authority refusal LIMIT_EXCEEDED: SQLite file capacity exhausted
784486	1789236869849	2	791	admit-refused	authority refusal LIMIT_EXCEEDED: SQLite file capacity exhausted
784526	1789236869888	2	800	admit-refused	authority refusal LIMIT_EXCEEDED: SQLite file capacity exhausted
784571	1789236869933	2	569	admit-refused	authority refusal LIMIT_EXCEEDED: SQLite file capacity exhausted
784977	1789236870340	2	995	admit-refused	authority refusal LIMIT_EXCEEDED: SQLite file capacity exhausted
785034	1789236870397	2	917	admit-refused	authority refusal LIMIT_EXCEEDED: SQLite file capacity exhausted
786099	1789236871462	2	719	admit-refused	authority refusal LIMIT_EXCEEDED: SQLite file capacity exhausted
789207	1789236874569	2	326	admit-refused	authority refusal LIMIT_EXCEEDED: SQLite file capacity exhausted
789440	1789236874802	2	1016	admit-refused	authority refusal LIMIT_EXCEEDED: SQLite file capacity exhausted
789466	1789236874829	2	701	admit-refused	authority refusal LIMIT_EXCEEDED: SQLite file capacity exhausted
789553	1789236874916	2	791	admit-refused	authority refusal LIMIT_EXCEEDED: SQLite file capacity exhausted
789599	1789236874961	2	800	admit-refused	authority refusal LIMIT_EXCEEDED: SQLite file capacity exhausted
789628	1789236874990	2	569	admit-refused	authority refusal LIMIT_EXCEEDED: SQLite file capacity exhausted
790022	1789236875385	2	995	admit-refused	authority refusal LIMIT_EXCEEDED: SQLite file capacity exhausted
790100	1789236875463	2	917	admit-refused	authority refusal LIMIT_EXCEEDED: SQLite file capacity exhausted
791155	1789236876518	2	719	admit-refused	authority refusal LIMIT_EXCEEDED: SQLite file capacity exhausted
794256	1789236879618	2	326	admit-refused	authority refusal LIMIT_EXCEEDED: SQLite file capacity exhausted
794484	1789236879847	2	1016	admit-refused	authority refusal LIMIT_EXCEEDED: SQLite file capacity exhausted
794520	1789236879883	2	701	admit-refused	authority refusal LIMIT_EXCEEDED: SQLite file capacity exhausted
794622	1789236879985	2	791	admit-refused	authority refusal LIMIT_EXCEEDED: SQLite file capacity exhausted
794687	1789236880050	2	800	admit-refused	authority refusal LIMIT_EXCEEDED: SQLite file capacity exhausted
794706	1789236880069	2	569	admit-refused	authority refusal LIMIT_EXCEEDED: SQLite file capacity exhausted
795063	1789236880426	2	995	admit-refused	authority refusal LIMIT_EXCEEDED: SQLite file capacity exhausted
795138	1789236880501	2	917	admit-refused	authority refusal LIMIT_EXCEEDED: SQLite file capacity exhausted
796196	1789236881558	2	719	admit-refused	authority refusal LIMIT_EXCEEDED: SQLite file capacity exhausted
799300	1789236884662	2	326	admit-refused	authority refusal LIMIT_EXCEEDED: SQLite file capacity exhausted
799531	1789236884893	2	1016	admit-refused	authority refusal LIMIT_EXCEEDED: SQLite file capacity exhausted
799565	1789236884928	2	701	admit-refused	authority refusal LIMIT_EXCEEDED: SQLite file capacity exhausted
799768	1789236885131	2	791	admit-refused	authority refusal LIMIT_EXCEEDED: SQLite file capacity exhausted
799850	1789236885213	2	800	admit-refused	authority refusal LIMIT_EXCEEDED: SQLite file capacity exhausted
799872	1789236885234	2	569	admit-refused	authority refusal LIMIT_EXCEEDED: SQLite file capacity exhausted
800131	1789236885493	2	995	admit-refused	authority refusal LIMIT_EXCEEDED: SQLite file capacity exhausted
800176	1789236885538	2	917	admit-refused	authority refusal LIMIT_EXCEEDED: SQLite file capacity exhausted
801243	1789236886605	2	719	admit-refused	authority refusal LIMIT_EXCEEDED: SQLite file capacity exhausted
804340	1789236889703	2	326	admit-refused	authority refusal LIMIT_EXCEEDED: SQLite file capacity exhausted
804584	1789236889946	2	1016	admit-refused	authority refusal LIMIT_EXCEEDED: SQLite file capacity exhausted
804620	1789236889982	2	701	admit-refused	authority refusal LIMIT_EXCEEDED: SQLite file capacity exhausted
804807	1789236890169	2	791	admit-refused	authority refusal LIMIT_EXCEEDED: SQLite file capacity exhausted
804904	1789236890266	2	800	admit-refused	authority refusal LIMIT_EXCEEDED: SQLite file capacity exhausted
804944	1789236890306	2	569	admit-refused	authority refusal LIMIT_EXCEEDED: SQLite file capacity exhausted
805205	1789236890568	2	995	admit-refused	authority refusal LIMIT_EXCEEDED: SQLite file capacity exhausted
805256	1789236890619	2	917	admit-refused	authority refusal LIMIT_EXCEEDED: SQLite file capacity exhausted
806290	1789236891653	2	719	admit-refused	authority refusal LIMIT_EXCEEDED: SQLite file capacity exhausted
809393	1789236894755	2	326	admit-refused	authority refusal LIMIT_EXCEEDED: SQLite file capacity exhausted
809637	1789236895000	2	1016	admit-refused	authority refusal LIMIT_EXCEEDED: SQLite file capacity exhausted
809674	1789236895037	2	701	admit-refused	authority refusal LIMIT_EXCEEDED: SQLite file capacity exhausted
809852	1789236895214	2	791	admit-refused	authority refusal LIMIT_EXCEEDED: SQLite file capacity exhausted
809943	1789236895306	2	800	admit-refused	authority refusal LIMIT_EXCEEDED: SQLite file capacity exhausted
809983	1789236895345	2	569	admit-refused	authority refusal LIMIT_EXCEEDED: SQLite file capacity exhausted
810281	1789236895643	2	995	admit-refused	authority refusal LIMIT_EXCEEDED: SQLite file capacity exhausted
810317	1789236895679	2	917	admit-refused	authority refusal LIMIT_EXCEEDED: SQLite file capacity exhausted
811339	1789236896702	2	719	admit-refused	authority refusal LIMIT_EXCEEDED: SQLite file capacity exhausted
814443	1789236899806	2	326	admit-refused	authority refusal LIMIT_EXCEEDED: SQLite file capacity exhausted
814976	1789236900339	2	1016	admit-refused	authority refusal LIMIT_EXCEEDED: SQLite file capacity exhausted
815047	1789236900409	2	701	admit-refused	authority refusal LIMIT_EXCEEDED: SQLite file capacity exhausted
815082	1789236900444	2	791	admit-refused	authority refusal LIMIT_EXCEEDED: SQLite file capacity exhausted
815117	1789236900480	2	569	admit-refused	authority refusal LIMIT_EXCEEDED: SQLite file capacity exhausted
815139	1789236900501	2	800	admit-refused	authority refusal LIMIT_EXCEEDED: SQLite file capacity exhausted
815379	1789236900742	2	995	admit-refused	authority refusal LIMIT_EXCEEDED: SQLite file capacity exhausted
815409	1789236900771	2	917	admit-refused	authority refusal LIMIT_EXCEEDED: SQLite file capacity exhausted
816388	1789236901751	2	719	admit-refused	authority refusal LIMIT_EXCEEDED: SQLite file capacity exhausted
819490	1789236904853	2	326	admit-refused	authority refusal LIMIT_EXCEEDED: SQLite file capacity exhausted
820049	1789236905412	2	1016	admit-refused	authority refusal LIMIT_EXCEEDED: SQLite file capacity exhausted
820106	1789236905469	2	701	admit-refused	authority refusal LIMIT_EXCEEDED: SQLite file capacity exhausted
820176	1789236905538	2	791	admit-refused	authority refusal LIMIT_EXCEEDED: SQLite file capacity exhausted
820201	1789236905564	2	569	admit-refused	authority refusal LIMIT_EXCEEDED: SQLite file capacity exhausted
820290	1789236905653	2	800	admit-refused	authority refusal LIMIT_EXCEEDED: SQLite file capacity exhausted
820469	1789236905832	2	995	admit-refused	authority refusal LIMIT_EXCEEDED: SQLite file capacity exhausted
820506	1789236905869	2	917	admit-refused	authority refusal LIMIT_EXCEEDED: SQLite file capacity exhausted
821443	1789236906805	2	719	admit-refused	authority refusal LIMIT_EXCEEDED: SQLite file capacity exhausted
824541	1789236909904	2	326	admit-refused	authority refusal LIMIT_EXCEEDED: SQLite file capacity exhausted
825100	1789236910463	2	1016	admit-refused	authority refusal LIMIT_EXCEEDED: SQLite file capacity exhausted
825157	1789236910519	2	701	admit-refused	authority refusal LIMIT_EXCEEDED: SQLite file capacity exhausted
825233	1789236910596	2	791	admit-refused	authority refusal LIMIT_EXCEEDED: SQLite file capacity exhausted
825264	1789236910627	2	569	admit-refused	authority refusal LIMIT_EXCEEDED: SQLite file capacity exhausted
825333	1789236910695	2	800	admit-refused	authority refusal LIMIT_EXCEEDED: SQLite file capacity exhausted
825572	1789236910935	2	995	admit-refused	authority refusal LIMIT_EXCEEDED: SQLite file capacity exhausted
825605	1789236910967	2	917	admit-refused	authority refusal LIMIT_EXCEEDED: SQLite file capacity exhausted
826490	1789236911852	2	719	admit-refused	authority refusal LIMIT_EXCEEDED: SQLite file capacity exhausted
829583	1789236914945	2	326	admit-refused	authority refusal LIMIT_EXCEEDED: SQLite file capacity exhausted
830140	1789236915503	2	1016	admit-refused	authority refusal LIMIT_EXCEEDED: SQLite file capacity exhausted
830194	1789236915557	2	701	admit-refused	authority refusal LIMIT_EXCEEDED: SQLite file capacity exhausted
830276	1789236915639	2	791	admit-refused	authority refusal LIMIT_EXCEEDED: SQLite file capacity exhausted
830310	1789236915673	2	569	admit-refused	authority refusal LIMIT_EXCEEDED: SQLite file capacity exhausted
830385	1789236915747	2	800	admit-refused	authority refusal LIMIT_EXCEEDED: SQLite file capacity exhausted
830634	1789236915997	2	995	admit-refused	authority refusal LIMIT_EXCEEDED: SQLite file capacity exhausted
830691	1789236916053	2	917	admit-refused	authority refusal LIMIT_EXCEEDED: SQLite file capacity exhausted
831530	1789236916893	2	719	admit-refused	authority refusal LIMIT_EXCEEDED: SQLite file capacity exhausted
834626	1789236919988	2	326	admit-refused	authority refusal LIMIT_EXCEEDED: SQLite file capacity exhausted
835183	1789236920546	2	1016	admit-refused	authority refusal LIMIT_EXCEEDED: SQLite file capacity exhausted
835233	1789236920595	2	701	admit-refused	authority refusal LIMIT_EXCEEDED: SQLite file capacity exhausted
835383	1789236920745	2	791	admit-refused	authority refusal LIMIT_EXCEEDED: SQLite file capacity exhausted
835383	1789236920745	2	569	admit-refused	authority refusal LIMIT_EXCEEDED: SQLite file capacity exhausted
835421	1789236920784	2	800	admit-refused	authority refusal LIMIT_EXCEEDED: SQLite file capacity exhausted
835700	1789236921063	2	995	admit-refused	authority refusal LIMIT_EXCEEDED: SQLite file capacity exhausted
835734	1789236921096	2	917	admit-refused	authority refusal LIMIT_EXCEEDED: SQLite file capacity exhausted
836573	1789236921935	2	719	admit-refused	authority refusal LIMIT_EXCEEDED: SQLite file capacity exhausted
839664	1789236925026	2	326	admit-refused	authority refusal LIMIT_EXCEEDED: SQLite file capacity exhausted
840224	1789236925587	2	1016	admit-refused	authority refusal LIMIT_EXCEEDED: SQLite file capacity exhausted
840270	1789236925632	2	701	admit-refused	authority refusal LIMIT_EXCEEDED: SQLite file capacity exhausted
840459	1789236925821	2	791	admit-refused	authority refusal LIMIT_EXCEEDED: SQLite file capacity exhausted
840480	1789236925842	2	569	admit-refused	authority refusal LIMIT_EXCEEDED: SQLite file capacity exhausted
840503	1789236925866	2	800	admit-refused	authority refusal LIMIT_EXCEEDED: SQLite file capacity exhausted
840757	1789236926120	2	995	admit-refused	authority refusal LIMIT_EXCEEDED: SQLite file capacity exhausted
840791	1789236926154	2	917	admit-refused	authority refusal LIMIT_EXCEEDED: SQLite file capacity exhausted
841614	1789236926976	2	719	admit-refused	authority refusal LIMIT_EXCEEDED: SQLite file capacity exhausted
844706	1789236930068	2	326	admit-refused	authority refusal LIMIT_EXCEEDED: SQLite file capacity exhausted
845264	1789236930627	2	1016	admit-refused	authority refusal LIMIT_EXCEEDED: SQLite file capacity exhausted
845308	1789236930670	2	701	admit-refused	authority refusal LIMIT_EXCEEDED: SQLite file capacity exhausted
845520	1789236930883	2	791	admit-refused	authority refusal LIMIT_EXCEEDED: SQLite file capacity exhausted
845553	1789236930916	2	569	admit-refused	authority refusal LIMIT_EXCEEDED: SQLite file capacity exhausted
845583	1789236930946	2	800	admit-refused	authority refusal LIMIT_EXCEEDED: SQLite file capacity exhausted
845843	1789236931206	2	995	admit-refused	authority refusal LIMIT_EXCEEDED: SQLite file capacity exhausted
845868	1789236931231	2	917	admit-refused	authority refusal LIMIT_EXCEEDED: SQLite file capacity exhausted
846655	1789236932018	2	719	admit-refused	authority refusal LIMIT_EXCEEDED: SQLite file capacity exhausted
849746	1789236935108	2	326	admit-refused	authority refusal LIMIT_EXCEEDED: SQLite file capacity exhausted
850306	1789236935668	2	1016	admit-refused	authority refusal LIMIT_EXCEEDED: SQLite file capacity exhausted
850345	1789236935707	2	701	admit-refused	authority refusal LIMIT_EXCEEDED: SQLite file capacity exhausted
850567	1789236935929	2	791	admit-refused	authority refusal LIMIT_EXCEEDED: SQLite file capacity exhausted
850624	1789236935987	2	569	admit-refused	authority refusal LIMIT_EXCEEDED: SQLite file capacity exhausted
850661	1789236936023	2	800	admit-refused	authority refusal LIMIT_EXCEEDED: SQLite file capacity exhausted
850911	1789236936273	2	995	admit-refused	authority refusal LIMIT_EXCEEDED: SQLite file capacity exhausted
850967	1789236936329	2	917	admit-refused	authority refusal LIMIT_EXCEEDED: SQLite file capacity exhausted
851697	1789236937059	2	719	admit-refused	authority refusal LIMIT_EXCEEDED: SQLite file capacity exhausted
854789	1789236940152	2	326	admit-refused	authority refusal LIMIT_EXCEEDED: SQLite file capacity exhausted
855347	1789236940710	2	1016	admit-refused	authority refusal LIMIT_EXCEEDED: SQLite file capacity exhausted
855384	1789236940746	2	701	admit-refused	authority refusal LIMIT_EXCEEDED: SQLite file capacity exhausted
855605	1789236940968	2	791	admit-refused	authority refusal LIMIT_EXCEEDED: SQLite file capacity exhausted
855660	1789236941023	2	569	admit-refused	authority refusal LIMIT_EXCEEDED: SQLite file capacity exhausted
855697	1789236941059	2	800	admit-refused	authority refusal LIMIT_EXCEEDED: SQLite file capacity exhausted
855977	1789236941339	2	995	admit-refused	authority refusal LIMIT_EXCEEDED: SQLite file capacity exhausted
856013	1789236941375	2	917	admit-refused	authority refusal LIMIT_EXCEEDED: SQLite file capacity exhausted
856736	1789236942099	2	719	admit-refused	authority refusal LIMIT_EXCEEDED: SQLite file capacity exhausted
859827	1789236945190	2	326	admit-refused	authority refusal LIMIT_EXCEEDED: SQLite file capacity exhausted
860416	1789236945779	2	1016	admit-refused	authority refusal LIMIT_EXCEEDED: SQLite file capacity exhausted
860447	1789236945810	2	701	admit-refused	authority refusal LIMIT_EXCEEDED: SQLite file capacity exhausted
860655	1789236946018	2	791	admit-refused	authority refusal LIMIT_EXCEEDED: SQLite file capacity exhausted
860725	1789236946088	2	569	admit-refused	authority refusal LIMIT_EXCEEDED: SQLite file capacity exhausted
860765	1789236946128	2	800	admit-refused	authority refusal LIMIT_EXCEEDED: SQLite file capacity exhausted
861070	1789236946433	2	995	admit-refused	authority refusal LIMIT_EXCEEDED: SQLite file capacity exhausted
861114	1789236946476	2	917	admit-refused	authority refusal LIMIT_EXCEEDED: SQLite file capacity exhausted
861793	1789236947156	2	719	admit-refused	authority refusal LIMIT_EXCEEDED: SQLite file capacity exhausted
864878	1789236950240	2	326	admit-refused	authority refusal LIMIT_EXCEEDED: SQLite file capacity exhausted
865488	1789236950850	2	1016	admit-refused	authority refusal LIMIT_EXCEEDED: SQLite file capacity exhausted
865526	1789236950889	2	701	admit-refused	authority refusal LIMIT_EXCEEDED: SQLite file capacity exhausted
865706	1789236951068	2	791	admit-refused	authority refusal LIMIT_EXCEEDED: SQLite file capacity exhausted
865809	1789236951172	2	569	admit-refused	authority refusal LIMIT_EXCEEDED: SQLite file capacity exhausted
865835	1789236951198	2	800	admit-refused	authority refusal LIMIT_EXCEEDED: SQLite file capacity exhausted
866223	1789236951586	2	995	admit-refused	authority refusal LIMIT_EXCEEDED: SQLite file capacity exhausted
866279	1789236951642	2	917	admit-refused	authority refusal LIMIT_EXCEEDED: SQLite file capacity exhausted
866843	1789236952205	2	719	admit-refused	authority refusal LIMIT_EXCEEDED: SQLite file capacity exhausted
869930	1789236955293	2	326	admit-refused	authority refusal LIMIT_EXCEEDED: SQLite file capacity exhausted
870575	1789236955938	2	1016	admit-refused	authority refusal LIMIT_EXCEEDED: SQLite file capacity exhausted
870619	1789236955982	2	701	admit-refused	authority refusal LIMIT_EXCEEDED: SQLite file capacity exhausted
870752	1789236956114	2	791	admit-refused	authority refusal LIMIT_EXCEEDED: SQLite file capacity exhausted
870862	1789236956225	2	569	admit-refused	authority refusal LIMIT_EXCEEDED: SQLite file capacity exhausted
870931	1789236956293	2	800	admit-refused	authority refusal LIMIT_EXCEEDED: SQLite file capacity exhausted
871314	1789236956676	2	995	admit-refused	authority refusal LIMIT_EXCEEDED: SQLite file capacity exhausted
871364	1789236956726	2	917	admit-refused	authority refusal LIMIT_EXCEEDED: SQLite file capacity exhausted
871894	1789236957257	2	719	admit-refused	authority refusal LIMIT_EXCEEDED: SQLite file capacity exhausted
874981	1789236960344	2	326	admit-refused	authority refusal LIMIT_EXCEEDED: SQLite file capacity exhausted
875632	1789236960995	2	1016	admit-refused	authority refusal LIMIT_EXCEEDED: SQLite file capacity exhausted
875676	1789236961038	2	701	admit-refused	authority refusal LIMIT_EXCEEDED: SQLite file capacity exhausted
875798	1789236961161	2	791	admit-refused	authority refusal LIMIT_EXCEEDED: SQLite file capacity exhausted
875908	1789236961271	2	569	admit-refused	authority refusal LIMIT_EXCEEDED: SQLite file capacity exhausted
875977	1789236961339	2	800	admit-refused	authority refusal LIMIT_EXCEEDED: SQLite file capacity exhausted
876400	1789236961763	2	995	admit-refused	authority refusal LIMIT_EXCEEDED: SQLite file capacity exhausted
876445	1789236961807	2	917	admit-refused	authority refusal LIMIT_EXCEEDED: SQLite file capacity exhausted
876984	1789236962346	2	719	admit-refused	authority refusal LIMIT_EXCEEDED: SQLite file capacity exhausted
880041	1789236965403	2	326	admit-refused	authority refusal LIMIT_EXCEEDED: SQLite file capacity exhausted
880690	1789236966053	2	1016	admit-refused	authority refusal LIMIT_EXCEEDED: SQLite file capacity exhausted
880733	1789236966096	2	701	admit-refused	authority refusal LIMIT_EXCEEDED: SQLite file capacity exhausted
880862	1789236966224	2	791	admit-refused	authority refusal LIMIT_EXCEEDED: SQLite file capacity exhausted
880953	1789236966315	2	569	admit-refused	authority refusal LIMIT_EXCEEDED: SQLite file capacity exhausted
881031	1789236966393	2	800	admit-refused	authority refusal LIMIT_EXCEEDED: SQLite file capacity exhausted
881482	1789236966845	2	995	admit-refused	authority refusal LIMIT_EXCEEDED: SQLite file capacity exhausted
881526	1789236966888	2	917	admit-refused	authority refusal LIMIT_EXCEEDED: SQLite file capacity exhausted
882040	1789236967402	2	719	admit-refused	authority refusal LIMIT_EXCEEDED: SQLite file capacity exhausted
885090	1789236970453	2	326	admit-refused	authority refusal LIMIT_EXCEEDED: SQLite file capacity exhausted
885749	1789236971111	2	1016	admit-refused	authority refusal LIMIT_EXCEEDED: SQLite file capacity exhausted
885797	1789236971160	2	701	admit-refused	authority refusal LIMIT_EXCEEDED: SQLite file capacity exhausted
885908	1789236971270	2	791	admit-refused	authority refusal LIMIT_EXCEEDED: SQLite file capacity exhausted
886007	1789236971370	2	569	admit-refused	authority refusal LIMIT_EXCEEDED: SQLite file capacity exhausted
886076	1789236971439	2	800	admit-refused	authority refusal LIMIT_EXCEEDED: SQLite file capacity exhausted
886565	1789236971928	2	995	admit-refused	authority refusal LIMIT_EXCEEDED: SQLite file capacity exhausted
886673	1789236972035	2	917	admit-refused	authority refusal LIMIT_EXCEEDED: SQLite file capacity exhausted
887098	1789236972461	2	719	admit-refused	authority refusal LIMIT_EXCEEDED: SQLite file capacity exhausted
890166	1789236975528	2	326	admit-refused	authority refusal LIMIT_EXCEEDED: SQLite file capacity exhausted
890810	1789236976172	2	1016	admit-refused	authority refusal LIMIT_EXCEEDED: SQLite file capacity exhausted
890869	1789236976231	2	701	admit-refused	authority refusal LIMIT_EXCEEDED: SQLite file capacity exhausted
891007	1789236976369	2	791	admit-refused	authority refusal LIMIT_EXCEEDED: SQLite file capacity exhausted
891089	1789236976451	2	569	admit-refused	authority refusal LIMIT_EXCEEDED: SQLite file capacity exhausted
891132	1789236976495	2	800	admit-refused	authority refusal LIMIT_EXCEEDED: SQLite file capacity exhausted
891647	1789236977009	2	995	admit-refused	authority refusal LIMIT_EXCEEDED: SQLite file capacity exhausted
891721	1789236977083	2	917	admit-refused	authority refusal LIMIT_EXCEEDED: SQLite file capacity exhausted
892141	1789236977504	2	719	admit-refused	authority refusal LIMIT_EXCEEDED: SQLite file capacity exhausted
895238	1789236980600	2	326	admit-refused	authority refusal LIMIT_EXCEEDED: SQLite file capacity exhausted
895859	1789236981221	2	1016	admit-refused	authority refusal LIMIT_EXCEEDED: SQLite file capacity exhausted
895911	1789236981274	2	701	admit-refused	authority refusal LIMIT_EXCEEDED: SQLite file capacity exhausted
896070	1789236981433	2	791	admit-refused	authority refusal LIMIT_EXCEEDED: SQLite file capacity exhausted
896152	1789236981515	2	569	admit-refused	authority refusal LIMIT_EXCEEDED: SQLite file capacity exhausted
896203	1789236981566	2	800	admit-refused	authority refusal LIMIT_EXCEEDED: SQLite file capacity exhausted
896748	1789236982111	2	995	admit-refused	authority refusal LIMIT_EXCEEDED: SQLite file capacity exhausted
896801	1789236982163	2	917	admit-refused	authority refusal LIMIT_EXCEEDED: SQLite file capacity exhausted
897192	1789236982555	2	719	admit-refused	authority refusal LIMIT_EXCEEDED: SQLite file capacity exhausted
900310	1789236985672	2	326	admit-refused	authority refusal LIMIT_EXCEEDED: SQLite file capacity exhausted
900927	1789236986290	2	1016	admit-refused	authority refusal LIMIT_EXCEEDED: SQLite file capacity exhausted
900972	1789236986334	2	701	admit-refused	authority refusal LIMIT_EXCEEDED: SQLite file capacity exhausted
901117	1789236986479	2	791	admit-refused	authority refusal LIMIT_EXCEEDED: SQLite file capacity exhausted
901200	1789236986563	2	569	admit-refused	authority refusal LIMIT_EXCEEDED: SQLite file capacity exhausted
901246	1789236986609	2	800	admit-refused	authority refusal LIMIT_EXCEEDED: SQLite file capacity exhausted
901843	1789236987206	2	995	admit-refused	authority refusal LIMIT_EXCEEDED: SQLite file capacity exhausted
901888	1789236987251	2	917	admit-refused	authority refusal LIMIT_EXCEEDED: SQLite file capacity exhausted
902243	1789236987606	2	719	admit-refused	authority refusal LIMIT_EXCEEDED: SQLite file capacity exhausted
905361	1789236990723	2	326	admit-refused	authority refusal LIMIT_EXCEEDED: SQLite file capacity exhausted
906002	1789236991365	2	1016	admit-refused	authority refusal LIMIT_EXCEEDED: SQLite file capacity exhausted
906055	1789236991417	2	701	admit-refused	authority refusal LIMIT_EXCEEDED: SQLite file capacity exhausted
906163	1789236991525	2	791	admit-refused	authority refusal LIMIT_EXCEEDED: SQLite file capacity exhausted
906246	1789236991609	2	569	admit-refused	authority refusal LIMIT_EXCEEDED: SQLite file capacity exhausted
906325	1789236991688	2	800	admit-refused	authority refusal LIMIT_EXCEEDED: SQLite file capacity exhausted
906925	1789236992288	2	995	admit-refused	authority refusal LIMIT_EXCEEDED: SQLite file capacity exhausted
907083	1789236992446	2	917	admit-refused	authority refusal LIMIT_EXCEEDED: SQLite file capacity exhausted
907291	1789236992654	2	719	admit-refused	authority refusal LIMIT_EXCEEDED: SQLite file capacity exhausted
910408	1789236995771	2	326	admit-refused	authority refusal LIMIT_EXCEEDED: SQLite file capacity exhausted
911069	1789236996432	2	1016	admit-refused	authority refusal LIMIT_EXCEEDED: SQLite file capacity exhausted
911150	1789236996513	2	701	admit-refused	authority refusal LIMIT_EXCEEDED: SQLite file capacity exhausted
911209	1789236996571	2	791	admit-refused	authority refusal LIMIT_EXCEEDED: SQLite file capacity exhausted
911363	1789236996725	2	569	admit-refused	authority refusal LIMIT_EXCEEDED: SQLite file capacity exhausted
911393	1789236996756	2	800	admit-refused	authority refusal LIMIT_EXCEEDED: SQLite file capacity exhausted
912004	1789236997367	2	995	admit-refused	authority refusal LIMIT_EXCEEDED: SQLite file capacity exhausted
912127	1789236997490	2	917	admit-refused	authority refusal LIMIT_EXCEEDED: SQLite file capacity exhausted
912424	1789236997786	2	719	admit-refused	authority refusal LIMIT_EXCEEDED: SQLite file capacity exhausted
915459	1789237000821	2	326	admit-refused	authority refusal LIMIT_EXCEEDED: SQLite file capacity exhausted
916131	1789237001493	2	1016	admit-refused	authority refusal LIMIT_EXCEEDED: SQLite file capacity exhausted
916194	1789237001557	2	701	admit-refused	authority refusal LIMIT_EXCEEDED: SQLite file capacity exhausted
916256	1789237001618	2	791	admit-refused	authority refusal LIMIT_EXCEEDED: SQLite file capacity exhausted
916439	1789237001801	2	569	admit-refused	authority refusal LIMIT_EXCEEDED: SQLite file capacity exhausted
916468	1789237001830	2	800	admit-refused	authority refusal LIMIT_EXCEEDED: SQLite file capacity exhausted
917089	1789237002451	2	995	admit-refused	authority refusal LIMIT_EXCEEDED: SQLite file capacity exhausted
917172	1789237002535	2	917	admit-refused	authority refusal LIMIT_EXCEEDED: SQLite file capacity exhausted
917496	1789237002859	2	719	admit-refused	authority refusal LIMIT_EXCEEDED: SQLite file capacity exhausted
920501	1789237005863	2	326	admit-refused	authority refusal LIMIT_EXCEEDED: SQLite file capacity exhausted
921173	1789237006535	2	1016	admit-refused	authority refusal LIMIT_EXCEEDED: SQLite file capacity exhausted
921236	1789237006599	2	701	admit-refused	authority refusal LIMIT_EXCEEDED: SQLite file capacity exhausted
921292	1789237006654	2	791	admit-refused	authority refusal LIMIT_EXCEEDED: SQLite file capacity exhausted
921486	1789237006849	2	569	admit-refused	authority refusal LIMIT_EXCEEDED: SQLite file capacity exhausted
921522	1789237006885	2	800	admit-refused	authority refusal LIMIT_EXCEEDED: SQLite file capacity exhausted
922162	1789237007525	2	995	admit-refused	authority refusal LIMIT_EXCEEDED: SQLite file capacity exhausted
922211	1789237007573	2	917	admit-refused	authority refusal LIMIT_EXCEEDED: SQLite file capacity exhausted
922537	1789237007900	2	719	admit-refused	authority refusal LIMIT_EXCEEDED: SQLite file capacity exhausted
925543	1789237010905	2	326	admit-refused	authority refusal LIMIT_EXCEEDED: SQLite file capacity exhausted
926214	1789237011576	2	1016	admit-refused	authority refusal LIMIT_EXCEEDED: SQLite file capacity exhausted
926305	1789237011668	2	701	admit-refused	authority refusal LIMIT_EXCEEDED: SQLite file capacity exhausted
926398	1789237011761	2	791	admit-refused	authority refusal LIMIT_EXCEEDED: SQLite file capacity exhausted
926524	1789237011887	2	569	admit-refused	authority refusal LIMIT_EXCEEDED: SQLite file capacity exhausted
926558	1789237011921	2	800	admit-refused	authority refusal LIMIT_EXCEEDED: SQLite file capacity exhausted
927224	1789237012587	2	995	admit-refused	authority refusal LIMIT_EXCEEDED: SQLite file capacity exhausted
927259	1789237012622	2	917	admit-refused	authority refusal LIMIT_EXCEEDED: SQLite file capacity exhausted
927574	1789237012936	2	719	admit-refused	authority refusal LIMIT_EXCEEDED: SQLite file capacity exhausted
930639	1789237016001	2	326	admit-refused	authority refusal LIMIT_EXCEEDED: SQLite file capacity exhausted
931254	1789237016617	2	1016	admit-refused	authority refusal LIMIT_EXCEEDED: SQLite file capacity exhausted
931343	1789237016705	2	701	admit-refused	authority refusal LIMIT_EXCEEDED: SQLite file capacity exhausted
931451	1789237016814	2	791	admit-refused	authority refusal LIMIT_EXCEEDED: SQLite file capacity exhausted
931571	1789237016933	2	569	admit-refused	authority refusal LIMIT_EXCEEDED: SQLite file capacity exhausted
931605	1789237016968	2	800	admit-refused	authority refusal LIMIT_EXCEEDED: SQLite file capacity exhausted
932286	1789237017648	2	995	admit-refused	authority refusal LIMIT_EXCEEDED: SQLite file capacity exhausted
932322	1789237017684	2	917	admit-refused	authority refusal LIMIT_EXCEEDED: SQLite file capacity exhausted
932621	1789237017983	2	719	admit-refused	authority refusal LIMIT_EXCEEDED: SQLite file capacity exhausted
935684	1789237021047	2	326	admit-refused	authority refusal LIMIT_EXCEEDED: SQLite file capacity exhausted
936303	1789237021665	2	1016	admit-refused	authority refusal LIMIT_EXCEEDED: SQLite file capacity exhausted
936378	1789237021740	2	701	admit-refused	authority refusal LIMIT_EXCEEDED: SQLite file capacity exhausted
936490	1789237021852	2	791	admit-refused	authority refusal LIMIT_EXCEEDED: SQLite file capacity exhausted
936624	1789237021987	2	569	admit-refused	authority refusal LIMIT_EXCEEDED: SQLite file capacity exhausted
936659	1789237022022	2	800	admit-refused	authority refusal LIMIT_EXCEEDED: SQLite file capacity exhausted
937346	1789237022708	2	995	admit-refused	authority refusal LIMIT_EXCEEDED: SQLite file capacity exhausted
937386	1789237022748	2	917	admit-refused	authority refusal LIMIT_EXCEEDED: SQLite file capacity exhausted
937667	1789237023029	2	719	admit-refused	authority refusal LIMIT_EXCEEDED: SQLite file capacity exhausted
940735	1789237026098	2	326	admit-refused	authority refusal LIMIT_EXCEEDED: SQLite file capacity exhausted
941340	1789237026702	2	1016	admit-refused	authority refusal LIMIT_EXCEEDED: SQLite file capacity exhausted
941424	1789237026787	2	701	admit-refused	authority refusal LIMIT_EXCEEDED: SQLite file capacity exhausted
941532	1789237026894	2	791	admit-refused	authority refusal LIMIT_EXCEEDED: SQLite file capacity exhausted
941673	1789237027035	2	569	admit-refused	authority refusal LIMIT_EXCEEDED: SQLite file capacity exhausted
941707	1789237027070	2	800	admit-refused	authority refusal LIMIT_EXCEEDED: SQLite file capacity exhausted
942415	1789237027777	2	995	admit-refused	authority refusal LIMIT_EXCEEDED: SQLite file capacity exhausted
942456	1789237027818	2	917	admit-refused	authority refusal LIMIT_EXCEEDED: SQLite file capacity exhausted
942706	1789237028069	2	719	admit-refused	authority refusal LIMIT_EXCEEDED: SQLite file capacity exhausted
945777	1789237031139	2	326	admit-refused	authority refusal LIMIT_EXCEEDED: SQLite file capacity exhausted
946387	1789237031749	2	1016	admit-refused	authority refusal LIMIT_EXCEEDED: SQLite file capacity exhausted
946461	1789237031824	2	701	admit-refused	authority refusal LIMIT_EXCEEDED: SQLite file capacity exhausted
946596	1789237031959	2	791	admit-refused	authority refusal LIMIT_EXCEEDED: SQLite file capacity exhausted
946716	1789237032079	2	569	admit-refused	authority refusal LIMIT_EXCEEDED: SQLite file capacity exhausted
946756	1789237032119	2	800	admit-refused	authority refusal LIMIT_EXCEEDED: SQLite file capacity exhausted
947476	1789237032839	2	995	admit-refused	authority refusal LIMIT_EXCEEDED: SQLite file capacity exhausted
947512	1789237032874	2	917	admit-refused	authority refusal LIMIT_EXCEEDED: SQLite file capacity exhausted
947746	1789237033108	2	719	admit-refused	authority refusal LIMIT_EXCEEDED: SQLite file capacity exhausted
950818	1789237036180	2	326	admit-refused	authority refusal LIMIT_EXCEEDED: SQLite file capacity exhausted
951429	1789237036791	2	1016	admit-refused	authority refusal LIMIT_EXCEEDED: SQLite file capacity exhausted
951500	1789237036863	2	701	admit-refused	authority refusal LIMIT_EXCEEDED: SQLite file capacity exhausted
951634	1789237036996	2	791	admit-refused	authority refusal LIMIT_EXCEEDED: SQLite file capacity exhausted
951758	1789237037120	2	569	admit-refused	authority refusal LIMIT_EXCEEDED: SQLite file capacity exhausted
951792	1789237037154	2	800	admit-refused	authority refusal LIMIT_EXCEEDED: SQLite file capacity exhausted
952554	1789237037917	2	995	admit-refused	authority refusal LIMIT_EXCEEDED: SQLite file capacity exhausted
952587	1789237037950	2	917	admit-refused	authority refusal LIMIT_EXCEEDED: SQLite file capacity exhausted
952787	1789237038149	2	719	admit-refused	authority refusal LIMIT_EXCEEDED: SQLite file capacity exhausted
955859	1789237041221	2	326	admit-refused	authority refusal LIMIT_EXCEEDED: SQLite file capacity exhausted
956470	1789237041832	2	1016	admit-refused	authority refusal LIMIT_EXCEEDED: SQLite file capacity exhausted
956543	1789237041905	2	701	admit-refused	authority refusal LIMIT_EXCEEDED: SQLite file capacity exhausted
956673	1789237042035	2	791	admit-refused	authority refusal LIMIT_EXCEEDED: SQLite file capacity exhausted
956801	1789237042164	2	569	admit-refused	authority refusal LIMIT_EXCEEDED: SQLite file capacity exhausted
956852	1789237042214	2	800	admit-refused	authority refusal LIMIT_EXCEEDED: SQLite file capacity exhausted
957616	1789237042978	2	995	admit-refused	authority refusal LIMIT_EXCEEDED: SQLite file capacity exhausted
957655	1789237043018	2	917	admit-refused	authority refusal LIMIT_EXCEEDED: SQLite file capacity exhausted
957827	1789237043189	2	719	admit-refused	authority refusal LIMIT_EXCEEDED: SQLite file capacity exhausted
960904	1789237046266	2	326	admit-refused	authority refusal LIMIT_EXCEEDED: SQLite file capacity exhausted
961556	1789237046919	2	1016	admit-refused	authority refusal LIMIT_EXCEEDED: SQLite file capacity exhausted
961590	1789237046953	2	701	admit-refused	authority refusal LIMIT_EXCEEDED: SQLite file capacity exhausted
961711	1789237047074	2	791	admit-refused	authority refusal LIMIT_EXCEEDED: SQLite file capacity exhausted
961838	1789237047200	2	569	admit-refused	authority refusal LIMIT_EXCEEDED: SQLite file capacity exhausted
961891	1789237047254	2	800	admit-refused	authority refusal LIMIT_EXCEEDED: SQLite file capacity exhausted
962680	1789237048042	2	995	admit-refused	authority refusal LIMIT_EXCEEDED: SQLite file capacity exhausted
962726	1789237048089	2	917	admit-refused	authority refusal LIMIT_EXCEEDED: SQLite file capacity exhausted
962863	1789237048226	2	719	admit-refused	authority refusal LIMIT_EXCEEDED: SQLite file capacity exhausted
965943	1789237051305	2	326	admit-refused	authority refusal LIMIT_EXCEEDED: SQLite file capacity exhausted
966607	1789237051970	2	1016	admit-refused	authority refusal LIMIT_EXCEEDED: SQLite file capacity exhausted
966642	1789237052005	2	701	admit-refused	authority refusal LIMIT_EXCEEDED: SQLite file capacity exhausted
966748	1789237052111	2	791	admit-refused	authority refusal LIMIT_EXCEEDED: SQLite file capacity exhausted
966877	1789237052240	2	569	admit-refused	authority refusal LIMIT_EXCEEDED: SQLite file capacity exhausted
966929	1789237052291	2	800	admit-refused	authority refusal LIMIT_EXCEEDED: SQLite file capacity exhausted
967741	1789237053103	2	995	admit-refused	authority refusal LIMIT_EXCEEDED: SQLite file capacity exhausted
967776	1789237053139	2	917	admit-refused	authority refusal LIMIT_EXCEEDED: SQLite file capacity exhausted
967955	1789237053318	2	719	admit-refused	authority refusal LIMIT_EXCEEDED: SQLite file capacity exhausted
970990	1789237056352	2	326	admit-refused	authority refusal LIMIT_EXCEEDED: SQLite file capacity exhausted
971673	1789237057035	2	1016	admit-refused	authority refusal LIMIT_EXCEEDED: SQLite file capacity exhausted
971706	1789237057069	2	701	admit-refused	authority refusal LIMIT_EXCEEDED: SQLite file capacity exhausted
971786	1789237057148	2	791	admit-refused	authority refusal LIMIT_EXCEEDED: SQLite file capacity exhausted
971914	1789237057276	2	569	admit-refused	authority refusal LIMIT_EXCEEDED: SQLite file capacity exhausted
971971	1789237057334	2	800	admit-refused	authority refusal LIMIT_EXCEEDED: SQLite file capacity exhausted
972801	1789237058164	2	995	admit-refused	authority refusal LIMIT_EXCEEDED: SQLite file capacity exhausted
972836	1789237058199	2	917	admit-refused	authority refusal LIMIT_EXCEEDED: SQLite file capacity exhausted
973001	1789237058364	2	719	admit-refused	authority refusal LIMIT_EXCEEDED: SQLite file capacity exhausted
976040	1789237061403	2	326	admit-refused	authority refusal LIMIT_EXCEEDED: SQLite file capacity exhausted
976720	1789237062082	2	1016	admit-refused	authority refusal LIMIT_EXCEEDED: SQLite file capacity exhausted
976754	1789237062116	2	701	admit-refused	authority refusal LIMIT_EXCEEDED: SQLite file capacity exhausted
976827	1789237062190	2	791	admit-refused	authority refusal LIMIT_EXCEEDED: SQLite file capacity exhausted
976952	1789237062315	2	569	admit-refused	authority refusal LIMIT_EXCEEDED: SQLite file capacity exhausted
977010	1789237062372	2	800	admit-refused	authority refusal LIMIT_EXCEEDED: SQLite file capacity exhausted
977884	1789237063246	2	995	admit-refused	authority refusal LIMIT_EXCEEDED: SQLite file capacity exhausted
977908	1789237063270	2	917	admit-refused	authority refusal LIMIT_EXCEEDED: SQLite file capacity exhausted
978040	1789237063403	2	719	admit-refused	authority refusal LIMIT_EXCEEDED: SQLite file capacity exhausted
981082	1789237066445	2	326	admit-refused	authority refusal LIMIT_EXCEEDED: SQLite file capacity exhausted
981829	1789237067192	2	1016	admit-refused	authority refusal LIMIT_EXCEEDED: SQLite file capacity exhausted
981888	1789237067251	2	791	admit-refused	authority refusal LIMIT_EXCEEDED: SQLite file capacity exhausted
981907	1789237067270	2	701	admit-refused	authority refusal LIMIT_EXCEEDED: SQLite file capacity exhausted
981990	1789237067352	2	569	admit-refused	authority refusal LIMIT_EXCEEDED: SQLite file capacity exhausted
982047	1789237067409	2	800	admit-refused	authority refusal LIMIT_EXCEEDED: SQLite file capacity exhausted
982947	1789237068310	2	995	admit-refused	authority refusal LIMIT_EXCEEDED: SQLite file capacity exhausted
982999	1789237068361	2	917	admit-refused	authority refusal LIMIT_EXCEEDED: SQLite file capacity exhausted
983077	1789237068440	2	719	admit-refused	authority refusal LIMIT_EXCEEDED: SQLite file capacity exhausted
986128	1789237071490	2	326	admit-refused	authority refusal LIMIT_EXCEEDED: SQLite file capacity exhausted
986867	1789237072230	2	1016	admit-refused	authority refusal LIMIT_EXCEEDED: SQLite file capacity exhausted
986935	1789237072297	2	791	admit-refused	authority refusal LIMIT_EXCEEDED: SQLite file capacity exhausted
986960	1789237072322	2	701	admit-refused	authority refusal LIMIT_EXCEEDED: SQLite file capacity exhausted
987031	1789237072393	2	569	admit-refused	authority refusal LIMIT_EXCEEDED: SQLite file capacity exhausted
987172	1789237072534	2	800	admit-refused	authority refusal LIMIT_EXCEEDED: SQLite file capacity exhausted
988008	1789237073370	2	995	admit-refused	authority refusal LIMIT_EXCEEDED: SQLite file capacity exhausted
988042	1789237073405	2	917	admit-refused	authority refusal LIMIT_EXCEEDED: SQLite file capacity exhausted
988125	1789237073488	2	719	admit-refused	authority refusal LIMIT_EXCEEDED: SQLite file capacity exhausted
991168	1789237076531	2	326	admit-refused	authority refusal LIMIT_EXCEEDED: SQLite file capacity exhausted
991929	1789237077292	2	1016	admit-refused	authority refusal LIMIT_EXCEEDED: SQLite file capacity exhausted
991983	1789237077346	2	791	admit-refused	authority refusal LIMIT_EXCEEDED: SQLite file capacity exhausted
992017	1789237077380	2	701	admit-refused	authority refusal LIMIT_EXCEEDED: SQLite file capacity exhausted
992068	1789237077431	2	569	admit-refused	authority refusal LIMIT_EXCEEDED: SQLite file capacity exhausted
992208	1789237077571	2	800	admit-refused	authority refusal LIMIT_EXCEEDED: SQLite file capacity exhausted
993066	1789237078428	2	995	admit-refused	authority refusal LIMIT_EXCEEDED: SQLite file capacity exhausted
993100	1789237078463	2	917	admit-refused	authority refusal LIMIT_EXCEEDED: SQLite file capacity exhausted
993162	1789237078524	2	719	admit-refused	authority refusal LIMIT_EXCEEDED: SQLite file capacity exhausted
996210	1789237081573	2	326	admit-refused	authority refusal LIMIT_EXCEEDED: SQLite file capacity exhausted
996969	1789237082332	2	1016	admit-refused	authority refusal LIMIT_EXCEEDED: SQLite file capacity exhausted
997031	1789237082394	2	791	admit-refused	authority refusal LIMIT_EXCEEDED: SQLite file capacity exhausted
997088	1789237082451	2	701	admit-refused	authority refusal LIMIT_EXCEEDED: SQLite file capacity exhausted
997126	1789237082488	2	569	admit-refused	authority refusal LIMIT_EXCEEDED: SQLite file capacity exhausted
997246	1789237082608	2	800	admit-refused	authority refusal LIMIT_EXCEEDED: SQLite file capacity exhausted
998156	1789237083518	2	995	admit-refused	authority refusal LIMIT_EXCEEDED: SQLite file capacity exhausted
998190	1789237083553	2	917	admit-refused	authority refusal LIMIT_EXCEEDED: SQLite file capacity exhausted
998220	1789237083582	2	719	admit-refused	authority refusal LIMIT_EXCEEDED: SQLite file capacity exhausted
1001252	1789237086615	2	326	admit-refused	authority refusal LIMIT_EXCEEDED: SQLite file capacity exhausted
1002017	1789237087379	2	1016	admit-refused	authority refusal LIMIT_EXCEEDED: SQLite file capacity exhausted
1002158	1789237087521	2	791	admit-refused	authority refusal LIMIT_EXCEEDED: SQLite file capacity exhausted
1002182	1789237087544	2	701	admit-refused	authority refusal LIMIT_EXCEEDED: SQLite file capacity exhausted
1002239	1789237087602	2	569	admit-refused	authority refusal LIMIT_EXCEEDED: SQLite file capacity exhausted
1002284	1789237087647	2	800	admit-refused	authority refusal LIMIT_EXCEEDED: SQLite file capacity exhausted
1003246	1789237088608	2	995	admit-refused	authority refusal LIMIT_EXCEEDED: SQLite file capacity exhausted
1003292	1789237088655	2	917	admit-refused	authority refusal LIMIT_EXCEEDED: SQLite file capacity exhausted
1003318	1789237088680	2	719	admit-refused	authority refusal LIMIT_EXCEEDED: SQLite file capacity exhausted
1006366	1789237091729	2	326	admit-refused	authority refusal LIMIT_EXCEEDED: SQLite file capacity exhausted
1007069	1789237092431	2	1016	admit-refused	authority refusal LIMIT_EXCEEDED: SQLite file capacity exhausted
1007207	1789237092569	2	791	admit-refused	authority refusal LIMIT_EXCEEDED: SQLite file capacity exhausted
1007241	1789237092603	2	701	admit-refused	authority refusal LIMIT_EXCEEDED: SQLite file capacity exhausted
1007277	1789237092639	2	569	admit-refused	authority refusal LIMIT_EXCEEDED: SQLite file capacity exhausted
1007321	1789237092683	2	800	admit-refused	authority refusal LIMIT_EXCEEDED: SQLite file capacity exhausted
1008308	1789237093671	2	995	admit-refused	authority refusal LIMIT_EXCEEDED: SQLite file capacity exhausted
1008353	1789237093715	2	917	admit-refused	authority refusal LIMIT_EXCEEDED: SQLite file capacity exhausted
1008377	1789237093740	2	719	admit-refused	authority refusal LIMIT_EXCEEDED: SQLite file capacity exhausted
1011404	1789237096767	2	326	admit-refused	authority refusal LIMIT_EXCEEDED: SQLite file capacity exhausted
1012110	1789237097472	2	1016	admit-refused	authority refusal LIMIT_EXCEEDED: SQLite file capacity exhausted
1012251	1789237097614	2	791	admit-refused	authority refusal LIMIT_EXCEEDED: SQLite file capacity exhausted
1012302	1789237097664	2	701	admit-refused	authority refusal LIMIT_EXCEEDED: SQLite file capacity exhausted
1012349	1789237097712	2	569	admit-refused	authority refusal LIMIT_EXCEEDED: SQLite file capacity exhausted
1012385	1789237097747	2	800	admit-refused	authority refusal LIMIT_EXCEEDED: SQLite file capacity exhausted
1013376	1789237098738	2	995	admit-refused	authority refusal LIMIT_EXCEEDED: SQLite file capacity exhausted
1013429	1789237098792	2	917	admit-refused	authority refusal LIMIT_EXCEEDED: SQLite file capacity exhausted
1013453	1789237098815	2	719	admit-refused	authority refusal LIMIT_EXCEEDED: SQLite file capacity exhausted
1016445	1789237101807	2	326	admit-refused	authority refusal LIMIT_EXCEEDED: SQLite file capacity exhausted
1017145	1789237102507	2	1016	admit-refused	authority refusal LIMIT_EXCEEDED: SQLite file capacity exhausted
1017315	1789237102678	2	791	admit-refused	authority refusal LIMIT_EXCEEDED: SQLite file capacity exhausted
1017369	1789237102732	2	701	admit-refused	authority refusal LIMIT_EXCEEDED: SQLite file capacity exhausted
1017414	1789237102777	2	569	admit-refused	authority refusal LIMIT_EXCEEDED: SQLite file capacity exhausted
1017445	1789237102807	2	800	admit-refused	authority refusal LIMIT_EXCEEDED: SQLite file capacity exhausted
1018442	1789237103805	2	995	admit-refused	authority refusal LIMIT_EXCEEDED: SQLite file capacity exhausted
1018492	1789237103855	2	917	admit-refused	authority refusal LIMIT_EXCEEDED: SQLite file capacity exhausted
1018517	1789237103880	2	719	admit-refused	authority refusal LIMIT_EXCEEDED: SQLite file capacity exhausted
1021496	1789237106858	2	326	admit-refused	authority refusal LIMIT_EXCEEDED: SQLite file capacity exhausted
1022221	1789237107584	2	1016	admit-refused	authority refusal LIMIT_EXCEEDED: SQLite file capacity exhausted
1022447	1789237107809	2	791	admit-refused	authority refusal LIMIT_EXCEEDED: SQLite file capacity exhausted
1022478	1789237107840	2	701	admit-refused	authority refusal LIMIT_EXCEEDED: SQLite file capacity exhausted
1022543	1789237107906	2	569	admit-refused	authority refusal LIMIT_EXCEEDED: SQLite file capacity exhausted
1022575	1789237107937	2	800	admit-refused	authority refusal LIMIT_EXCEEDED: SQLite file capacity exhausted
1023645	1789237109008	2	719	admit-refused	authority refusal LIMIT_EXCEEDED: SQLite file capacity exhausted
1023699	1789237109062	2	995	admit-refused	authority refusal LIMIT_EXCEEDED: SQLite file capacity exhausted
1023718	1789237109081	2	917	admit-refused	authority refusal LIMIT_EXCEEDED: SQLite file capacity exhausted
1026544	1789237111906	2	326	admit-refused	authority refusal LIMIT_EXCEEDED: SQLite file capacity exhausted
1027269	1789237112632	2	1016	admit-refused	authority refusal LIMIT_EXCEEDED: SQLite file capacity exhausted
1027503	1789237112865	2	791	admit-refused	authority refusal LIMIT_EXCEEDED: SQLite file capacity exhausted
1027542	1789237112905	2	701	admit-refused	authority refusal LIMIT_EXCEEDED: SQLite file capacity exhausted
1027590	1789237112953	2	569	admit-refused	authority refusal LIMIT_EXCEEDED: SQLite file capacity exhausted
1027631	1789237112994	2	800	admit-refused	authority refusal LIMIT_EXCEEDED: SQLite file capacity exhausted
1028719	1789237114081	2	719	admit-refused	authority refusal LIMIT_EXCEEDED: SQLite file capacity exhausted
1028819	1789237114181	2	995	admit-refused	authority refusal LIMIT_EXCEEDED: SQLite file capacity exhausted
1028839	1789237114202	2	917	admit-refused	authority refusal LIMIT_EXCEEDED: SQLite file capacity exhausted
1031596	1789237116959	2	326	admit-refused	authority refusal LIMIT_EXCEEDED: SQLite file capacity exhausted
1032311	1789237117673	2	1016	admit-refused	authority refusal LIMIT_EXCEEDED: SQLite file capacity exhausted
1032544	1789237117906	2	791	admit-refused	authority refusal LIMIT_EXCEEDED: SQLite file capacity exhausted
1032579	1789237117942	2	701	admit-refused	authority refusal LIMIT_EXCEEDED: SQLite file capacity exhausted
1032627	1789237117989	2	569	admit-refused	authority refusal LIMIT_EXCEEDED: SQLite file capacity exhausted
1032669	1789237118031	2	800	admit-refused	authority refusal LIMIT_EXCEEDED: SQLite file capacity exhausted
1033769	1789237119132	2	719	admit-refused	authority refusal LIMIT_EXCEEDED: SQLite file capacity exhausted
1033902	1789237119265	2	995	admit-refused	authority refusal LIMIT_EXCEEDED: SQLite file capacity exhausted
1033929	1789237119292	2	917	admit-refused	authority refusal LIMIT_EXCEEDED: SQLite file capacity exhausted
1036647	1789237122010	2	326	admit-refused	authority refusal LIMIT_EXCEEDED: SQLite file capacity exhausted
1037371	1789237122733	2	1016	admit-refused	authority refusal LIMIT_EXCEEDED: SQLite file capacity exhausted
1037581	1789237122944	2	791	admit-refused	authority refusal LIMIT_EXCEEDED: SQLite file capacity exhausted
1037616	1789237122978	2	701	admit-refused	authority refusal LIMIT_EXCEEDED: SQLite file capacity exhausted
1037702	1789237123065	2	569	admit-refused	authority refusal LIMIT_EXCEEDED: SQLite file capacity exhausted
1037744	1789237123106	2	800	admit-refused	authority refusal LIMIT_EXCEEDED: SQLite file capacity exhausted
1038816	1789237124178	2	719	admit-refused	authority refusal LIMIT_EXCEEDED: SQLite file capacity exhausted
1038960	1789237124323	2	995	admit-refused	authority refusal LIMIT_EXCEEDED: SQLite file capacity exhausted
1038995	1789237124357	2	917	admit-refused	authority refusal LIMIT_EXCEEDED: SQLite file capacity exhausted
1041689	1789237127052	2	326	admit-refused	authority refusal LIMIT_EXCEEDED: SQLite file capacity exhausted
1042413	1789237127776	2	1016	admit-refused	authority refusal LIMIT_EXCEEDED: SQLite file capacity exhausted
1042628	1789237127990	2	791	admit-refused	authority refusal LIMIT_EXCEEDED: SQLite file capacity exhausted
1042661	1789237128023	2	701	admit-refused	authority refusal LIMIT_EXCEEDED: SQLite file capacity exhausted
1042739	1789237128102	2	569	admit-refused	authority refusal LIMIT_EXCEEDED: SQLite file capacity exhausted
1042779	1789237128141	2	800	admit-refused	authority refusal LIMIT_EXCEEDED: SQLite file capacity exhausted
1043935	1789237129298	2	719	admit-refused	authority refusal LIMIT_EXCEEDED: SQLite file capacity exhausted
1044016	1789237129379	2	995	admit-refused	authority refusal LIMIT_EXCEEDED: SQLite file capacity exhausted
1044051	1789237129413	2	917	admit-refused	authority refusal LIMIT_EXCEEDED: SQLite file capacity exhausted
1046737	1789237132099	2	326	admit-refused	authority refusal LIMIT_EXCEEDED: SQLite file capacity exhausted
1047454	1789237132816	2	1016	admit-refused	authority refusal LIMIT_EXCEEDED: SQLite file capacity exhausted
1047680	1789237133042	2	791	admit-refused	authority refusal LIMIT_EXCEEDED: SQLite file capacity exhausted
1047716	1789237133079	2	701	admit-refused	authority refusal LIMIT_EXCEEDED: SQLite file capacity exhausted
1047776	1789237133138	2	569	admit-refused	authority refusal LIMIT_EXCEEDED: SQLite file capacity exhausted
1047816	1789237133178	2	800	admit-refused	authority refusal LIMIT_EXCEEDED: SQLite file capacity exhausted
1048977	1789237134340	2	719	admit-refused	authority refusal LIMIT_EXCEEDED: SQLite file capacity exhausted
1049078	1789237134441	2	995	admit-refused	authority refusal LIMIT_EXCEEDED: SQLite file capacity exhausted
1049112	1789237134474	2	917	admit-refused	authority refusal LIMIT_EXCEEDED: SQLite file capacity exhausted
1051788	1789237137151	2	326	admit-refused	authority refusal LIMIT_EXCEEDED: SQLite file capacity exhausted
1052491	1789237137854	2	1016	admit-refused	authority refusal LIMIT_EXCEEDED: SQLite file capacity exhausted
1052726	1789237138089	2	791	admit-refused	authority refusal LIMIT_EXCEEDED: SQLite file capacity exhausted
1052761	1789237138123	2	701	admit-refused	authority refusal LIMIT_EXCEEDED: SQLite file capacity exhausted
1052826	1789237138189	2	569	admit-refused	authority refusal LIMIT_EXCEEDED: SQLite file capacity exhausted
1052868	1789237138230	2	800	admit-refused	authority refusal LIMIT_EXCEEDED: SQLite file capacity exhausted
1054019	1789237139381	2	719	admit-refused	authority refusal LIMIT_EXCEEDED: SQLite file capacity exhausted
1054140	1789237139503	2	995	admit-refused	authority refusal LIMIT_EXCEEDED: SQLite file capacity exhausted
1054191	1789237139553	2	917	admit-refused	authority refusal LIMIT_EXCEEDED: SQLite file capacity exhausted
1056829	1789237142192	2	326	admit-refused	authority refusal LIMIT_EXCEEDED: SQLite file capacity exhausted
1057534	1789237142896	2	1016	admit-refused	authority refusal LIMIT_EXCEEDED: SQLite file capacity exhausted
1057763	1789237143125	2	791	admit-refused	authority refusal LIMIT_EXCEEDED: SQLite file capacity exhausted
1057797	1789237143160	2	701	admit-refused	authority refusal LIMIT_EXCEEDED: SQLite file capacity exhausted
1057863	1789237143225	2	569	admit-refused	authority refusal LIMIT_EXCEEDED: SQLite file capacity exhausted
1057906	1789237143269	2	800	admit-refused	authority refusal LIMIT_EXCEEDED: SQLite file capacity exhausted
1059059	1789237144421	2	719	admit-refused	authority refusal LIMIT_EXCEEDED: SQLite file capacity exhausted
1059203	1789237144565	2	995	admit-refused	authority refusal LIMIT_EXCEEDED: SQLite file capacity exhausted
1059240	1789237144603	2	917	admit-refused	authority refusal LIMIT_EXCEEDED: SQLite file capacity exhausted
1061876	1789237147238	2	326	admit-refused	authority refusal LIMIT_EXCEEDED: SQLite file capacity exhausted
1062573	1789237147936	2	1016	admit-refused	authority refusal LIMIT_EXCEEDED: SQLite file capacity exhausted
1062818	1789237148181	2	791	admit-refused	authority refusal LIMIT_EXCEEDED: SQLite file capacity exhausted
1062853	1789237148215	2	701	admit-refused	authority refusal LIMIT_EXCEEDED: SQLite file capacity exhausted
1062906	1789237148269	2	569	admit-refused	authority refusal LIMIT_EXCEEDED: SQLite file capacity exhausted
1062942	1789237148305	2	800	admit-refused	authority refusal LIMIT_EXCEEDED: SQLite file capacity exhausted
1064160	1789237149522	2	719	admit-refused	authority refusal LIMIT_EXCEEDED: SQLite file capacity exhausted
1064263	1789237149625	2	995	admit-refused	authority refusal LIMIT_EXCEEDED: SQLite file capacity exhausted
1064297	1789237149660	2	917	admit-refused	authority refusal LIMIT_EXCEEDED: SQLite file capacity exhausted
1066929	1789237152291	2	326	admit-refused	authority refusal LIMIT_EXCEEDED: SQLite file capacity exhausted
1067621	1789237152984	2	1016	admit-refused	authority refusal LIMIT_EXCEEDED: SQLite file capacity exhausted
1067866	1789237153229	2	791	admit-refused	authority refusal LIMIT_EXCEEDED: SQLite file capacity exhausted
1067917	1789237153280	2	701	admit-refused	authority refusal LIMIT_EXCEEDED: SQLite file capacity exhausted
1067974	1789237153337	2	569	admit-refused	authority refusal LIMIT_EXCEEDED: SQLite file capacity exhausted
1067999	1789237153361	2	800	admit-refused	authority refusal LIMIT_EXCEEDED: SQLite file capacity exhausted
1069200	1789237154563	2	719	admit-refused	authority refusal LIMIT_EXCEEDED: SQLite file capacity exhausted
1069344	1789237154706	2	995	admit-refused	authority refusal LIMIT_EXCEEDED: SQLite file capacity exhausted
1069382	1789237154745	2	917	admit-refused	authority refusal LIMIT_EXCEEDED: SQLite file capacity exhausted
1071970	1789237157332	2	326	admit-refused	authority refusal LIMIT_EXCEEDED: SQLite file capacity exhausted
1072707	1789237158070	2	1016	admit-refused	authority refusal LIMIT_EXCEEDED: SQLite file capacity exhausted
1072910	1789237158272	2	791	admit-refused	authority refusal LIMIT_EXCEEDED: SQLite file capacity exhausted
1072960	1789237158323	2	701	admit-refused	authority refusal LIMIT_EXCEEDED: SQLite file capacity exhausted
1073022	1789237158385	2	569	admit-refused	authority refusal LIMIT_EXCEEDED: SQLite file capacity exhausted
1073057	1789237158420	2	800	admit-refused	authority refusal LIMIT_EXCEEDED: SQLite file capacity exhausted
1074246	1789237159608	2	719	admit-refused	authority refusal LIMIT_EXCEEDED: SQLite file capacity exhausted
1074400	1789237159763	2	995	admit-refused	authority refusal LIMIT_EXCEEDED: SQLite file capacity exhausted
1074440	1789237159803	2	917	admit-refused	authority refusal LIMIT_EXCEEDED: SQLite file capacity exhausted
1077008	1789237162371	2	326	admit-refused	authority refusal LIMIT_EXCEEDED: SQLite file capacity exhausted
1077748	1789237163110	2	1016	admit-refused	authority refusal LIMIT_EXCEEDED: SQLite file capacity exhausted
1078047	1789237163409	2	791	admit-refused	authority refusal LIMIT_EXCEEDED: SQLite file capacity exhausted
1078109	1789237163471	2	701	admit-refused	authority refusal LIMIT_EXCEEDED: SQLite file capacity exhausted
1078137	1789237163500	2	569	admit-refused	authority refusal LIMIT_EXCEEDED: SQLite file capacity exhausted
1078162	1789237163524	2	800	admit-refused	authority refusal LIMIT_EXCEEDED: SQLite file capacity exhausted
1079302	1789237164665	2	719	admit-refused	authority refusal LIMIT_EXCEEDED: SQLite file capacity exhausted
1079462	1789237164825	2	995	admit-refused	authority refusal LIMIT_EXCEEDED: SQLite file capacity exhausted
1079496	1789237164858	2	917	admit-refused	authority refusal LIMIT_EXCEEDED: SQLite file capacity exhausted
1082059	1789237167422	2	326	admit-refused	authority refusal LIMIT_EXCEEDED: SQLite file capacity exhausted
1082789	1789237168152	2	1016	admit-refused	authority refusal LIMIT_EXCEEDED: SQLite file capacity exhausted
1083093	1789237168455	2	791	admit-refused	authority refusal LIMIT_EXCEEDED: SQLite file capacity exhausted
1083155	1789237168518	2	701	admit-refused	authority refusal LIMIT_EXCEEDED: SQLite file capacity exhausted
1083265	1789237168627	2	569	admit-refused	authority refusal LIMIT_EXCEEDED: SQLite file capacity exhausted
1083283	1789237168646	2	800	admit-refused	authority refusal LIMIT_EXCEEDED: SQLite file capacity exhausted
1084344	1789237169707	2	719	admit-refused	authority refusal LIMIT_EXCEEDED: SQLite file capacity exhausted
1084520	1789237169882	2	995	admit-refused	authority refusal LIMIT_EXCEEDED: SQLite file capacity exhausted
1084559	1789237169921	2	917	admit-refused	authority refusal LIMIT_EXCEEDED: SQLite file capacity exhausted
1087100	1789237172462	2	326	admit-refused	authority refusal LIMIT_EXCEEDED: SQLite file capacity exhausted
1087830	1789237173192	2	1016	admit-refused	authority refusal LIMIT_EXCEEDED: SQLite file capacity exhausted
1088140	1789237173502	2	791	admit-refused	authority refusal LIMIT_EXCEEDED: SQLite file capacity exhausted
1088213	1789237173576	2	701	admit-refused	authority refusal LIMIT_EXCEEDED: SQLite file capacity exhausted
1088318	1789237173681	2	569	admit-refused	authority refusal LIMIT_EXCEEDED: SQLite file capacity exhausted
1088342	1789237173705	2	800	admit-refused	authority refusal LIMIT_EXCEEDED: SQLite file capacity exhausted
1089385	1789237174747	2	719	admit-refused	authority refusal LIMIT_EXCEEDED: SQLite file capacity exhausted
1089587	1789237174949	2	995	admit-refused	authority refusal LIMIT_EXCEEDED: SQLite file capacity exhausted
1089621	1789237174984	2	917	admit-refused	authority refusal LIMIT_EXCEEDED: SQLite file capacity exhausted
1092140	1789237177502	2	326	admit-refused	authority refusal LIMIT_EXCEEDED: SQLite file capacity exhausted
1092873	1789237178236	2	1016	admit-refused	authority refusal LIMIT_EXCEEDED: SQLite file capacity exhausted
1093180	1789237178543	2	791	admit-refused	authority refusal LIMIT_EXCEEDED: SQLite file capacity exhausted
1093251	1789237178614	2	701	admit-refused	authority refusal LIMIT_EXCEEDED: SQLite file capacity exhausted
1093389	1789237178751	2	569	admit-refused	authority refusal LIMIT_EXCEEDED: SQLite file capacity exhausted
1093414	1789237178776	2	800	admit-refused	authority refusal LIMIT_EXCEEDED: SQLite file capacity exhausted
1094427	1789237179790	2	719	admit-refused	authority refusal LIMIT_EXCEEDED: SQLite file capacity exhausted
1094648	1789237180010	2	995	admit-refused	authority refusal LIMIT_EXCEEDED: SQLite file capacity exhausted
1094683	1789237180045	2	917	admit-refused	authority refusal LIMIT_EXCEEDED: SQLite file capacity exhausted
1097225	1789237182588	2	326	admit-refused	authority refusal LIMIT_EXCEEDED: SQLite file capacity exhausted
1097910	1789237183273	2	1016	admit-refused	authority refusal LIMIT_EXCEEDED: SQLite file capacity exhausted
1098303	1789237183665	2	791	admit-refused	authority refusal LIMIT_EXCEEDED: SQLite file capacity exhausted
1098345	1789237183707	2	701	admit-refused	authority refusal LIMIT_EXCEEDED: SQLite file capacity exhausted
1098437	1789237183799	2	569	admit-refused	authority refusal LIMIT_EXCEEDED: SQLite file capacity exhausted
1098472	1789237183834	2	800	admit-refused	authority refusal LIMIT_EXCEEDED: SQLite file capacity exhausted
1099465	1789237184827	2	719	admit-refused	authority refusal LIMIT_EXCEEDED: SQLite file capacity exhausted
1099708	1789237185071	2	995	admit-refused	authority refusal LIMIT_EXCEEDED: SQLite file capacity exhausted
1099743	1789237185106	2	917	admit-refused	authority refusal LIMIT_EXCEEDED: SQLite file capacity exhausted
1102267	1789237187629	2	326	admit-refused	authority refusal LIMIT_EXCEEDED: SQLite file capacity exhausted
1102957	1789237188320	2	1016	admit-refused	authority refusal LIMIT_EXCEEDED: SQLite file capacity exhausted
1103366	1789237188728	2	791	admit-refused	authority refusal LIMIT_EXCEEDED: SQLite file capacity exhausted
1103403	1789237188765	2	701	admit-refused	authority refusal LIMIT_EXCEEDED: SQLite file capacity exhausted
1103472	1789237188835	2	569	admit-refused	authority refusal LIMIT_EXCEEDED: SQLite file capacity exhausted
1103507	1789237188870	2	800	admit-refused	authority refusal LIMIT_EXCEEDED: SQLite file capacity exhausted
1104517	1789237189879	2	719	admit-refused	authority refusal LIMIT_EXCEEDED: SQLite file capacity exhausted
1104767	1789237190130	2	995	admit-refused	authority refusal LIMIT_EXCEEDED: SQLite file capacity exhausted
1104802	1789237190164	2	917	admit-refused	authority refusal LIMIT_EXCEEDED: SQLite file capacity exhausted
1107311	1789237192673	2	326	admit-refused	authority refusal LIMIT_EXCEEDED: SQLite file capacity exhausted
1108001	1789237193364	2	1016	admit-refused	authority refusal LIMIT_EXCEEDED: SQLite file capacity exhausted
1108414	1789237193777	2	791	admit-refused	authority refusal LIMIT_EXCEEDED: SQLite file capacity exhausted
1108450	1789237193813	2	701	admit-refused	authority refusal LIMIT_EXCEEDED: SQLite file capacity exhausted
1108530	1789237193893	2	569	admit-refused	authority refusal LIMIT_EXCEEDED: SQLite file capacity exhausted
1108567	1789237193929	2	800	admit-refused	authority refusal LIMIT_EXCEEDED: SQLite file capacity exhausted
1109567	1789237194929	2	719	admit-refused	authority refusal LIMIT_EXCEEDED: SQLite file capacity exhausted
1109833	1789237195196	2	995	admit-refused	authority refusal LIMIT_EXCEEDED: SQLite file capacity exhausted
1109894	1789237195257	2	917	admit-refused	authority refusal LIMIT_EXCEEDED: SQLite file capacity exhausted
1112353	1789237197716	2	326	admit-refused	authority refusal LIMIT_EXCEEDED: SQLite file capacity exhausted
1113045	1789237198408	2	1016	admit-refused	authority refusal LIMIT_EXCEEDED: SQLite file capacity exhausted
1113472	1789237198834	2	791	admit-refused	authority refusal LIMIT_EXCEEDED: SQLite file capacity exhausted
1113506	1789237198869	2	701	admit-refused	authority refusal LIMIT_EXCEEDED: SQLite file capacity exhausted
1113568	1789237198930	2	569	admit-refused	authority refusal LIMIT_EXCEEDED: SQLite file capacity exhausted
1113602	1789237198965	2	800	admit-refused	authority refusal LIMIT_EXCEEDED: SQLite file capacity exhausted
1114608	1789237199971	2	719	admit-refused	authority refusal LIMIT_EXCEEDED: SQLite file capacity exhausted
1114897	1789237200259	2	995	admit-refused	authority refusal LIMIT_EXCEEDED: SQLite file capacity exhausted
1114932	1789237200295	2	917	admit-refused	authority refusal LIMIT_EXCEEDED: SQLite file capacity exhausted
1117476	1789237202839	2	326	admit-refused	authority refusal LIMIT_EXCEEDED: SQLite file capacity exhausted
1118086	1789237203448	2	1016	admit-refused	authority refusal LIMIT_EXCEEDED: SQLite file capacity exhausted
1118601	1789237203963	2	791	admit-refused	authority refusal LIMIT_EXCEEDED: SQLite file capacity exhausted
1118644	1789237204007	2	701	admit-refused	authority refusal LIMIT_EXCEEDED: SQLite file capacity exhausted
1118682	1789237204045	2	800	admit-refused	authority refusal LIMIT_EXCEEDED: SQLite file capacity exhausted
1118700	1789237204062	2	569	admit-refused	authority refusal LIMIT_EXCEEDED: SQLite file capacity exhausted
1119650	1789237205013	2	719	admit-refused	authority refusal LIMIT_EXCEEDED: SQLite file capacity exhausted
1119965	1789237205327	2	995	admit-refused	authority refusal LIMIT_EXCEEDED: SQLite file capacity exhausted
1119999	1789237205362	2	917	admit-refused	authority refusal LIMIT_EXCEEDED: SQLite file capacity exhausted
1122523	1789237207885	2	326	admit-refused	authority refusal LIMIT_EXCEEDED: SQLite file capacity exhausted
1123126	1789237208489	2	1016	admit-refused	authority refusal LIMIT_EXCEEDED: SQLite file capacity exhausted
1123668	1789237209030	2	791	admit-refused	authority refusal LIMIT_EXCEEDED: SQLite file capacity exhausted
1123718	1789237209080	2	701	admit-refused	authority refusal LIMIT_EXCEEDED: SQLite file capacity exhausted
1123757	1789237209119	2	800	admit-refused	authority refusal LIMIT_EXCEEDED: SQLite file capacity exhausted
1123781	1789237209143	2	569	admit-refused	authority refusal LIMIT_EXCEEDED: SQLite file capacity exhausted
1124708	1789237210071	2	719	admit-refused	authority refusal LIMIT_EXCEEDED: SQLite file capacity exhausted
1125041	1789237210404	2	995	admit-refused	authority refusal LIMIT_EXCEEDED: SQLite file capacity exhausted
1125077	1789237210440	2	917	admit-refused	authority refusal LIMIT_EXCEEDED: SQLite file capacity exhausted
1127564	1789237212927	2	326	admit-refused	authority refusal LIMIT_EXCEEDED: SQLite file capacity exhausted
1128164	1789237213527	2	1016	admit-refused	authority refusal LIMIT_EXCEEDED: SQLite file capacity exhausted
1128705	1789237214068	2	791	admit-refused	authority refusal LIMIT_EXCEEDED: SQLite file capacity exhausted
1128756	1789237214119	2	701	admit-refused	authority refusal LIMIT_EXCEEDED: SQLite file capacity exhausted
1128820	1789237214183	2	800	admit-refused	authority refusal LIMIT_EXCEEDED: SQLite file capacity exhausted
1128846	1789237214208	2	569	admit-refused	authority refusal LIMIT_EXCEEDED: SQLite file capacity exhausted
1129750	1789237215112	2	719	admit-refused	authority refusal LIMIT_EXCEEDED: SQLite file capacity exhausted
1130104	1789237215466	2	995	admit-refused	authority refusal LIMIT_EXCEEDED: SQLite file capacity exhausted
1130143	1789237215506	2	917	admit-refused	authority refusal LIMIT_EXCEEDED: SQLite file capacity exhausted
1132612	1789237217974	2	326	admit-refused	authority refusal LIMIT_EXCEEDED: SQLite file capacity exhausted
1133205	1789237218567	2	1016	admit-refused	authority refusal LIMIT_EXCEEDED: SQLite file capacity exhausted
1133744	1789237219107	2	791	admit-refused	authority refusal LIMIT_EXCEEDED: SQLite file capacity exhausted
1133793	1789237219155	2	701	admit-refused	authority refusal LIMIT_EXCEEDED: SQLite file capacity exhausted
1133862	1789237219225	2	800	admit-refused	authority refusal LIMIT_EXCEEDED: SQLite file capacity exhausted
1133897	1789237219260	2	569	admit-refused	authority refusal LIMIT_EXCEEDED: SQLite file capacity exhausted
1134790	1789237220153	2	719	admit-refused	authority refusal LIMIT_EXCEEDED: SQLite file capacity exhausted
1135165	1789237220528	2	995	admit-refused	authority refusal LIMIT_EXCEEDED: SQLite file capacity exhausted
1135201	1789237220563	2	917	admit-refused	authority refusal LIMIT_EXCEEDED: SQLite file capacity exhausted
1137653	1789237223016	2	326	admit-refused	authority refusal LIMIT_EXCEEDED: SQLite file capacity exhausted
1138246	1789237223608	2	1016	admit-refused	authority refusal LIMIT_EXCEEDED: SQLite file capacity exhausted
1138821	1789237224183	2	791	admit-refused	authority refusal LIMIT_EXCEEDED: SQLite file capacity exhausted
1138856	1789237224218	2	701	admit-refused	authority refusal LIMIT_EXCEEDED: SQLite file capacity exhausted
1138898	1789237224261	2	800	admit-refused	authority refusal LIMIT_EXCEEDED: SQLite file capacity exhausted
1138935	1789237224297	2	569	admit-refused	authority refusal LIMIT_EXCEEDED: SQLite file capacity exhausted
1139901	1789237225264	2	719	admit-refused	authority refusal LIMIT_EXCEEDED: SQLite file capacity exhausted
1140227	1789237225589	2	995	admit-refused	authority refusal LIMIT_EXCEEDED: SQLite file capacity exhausted
1140262	1789237225625	2	917	admit-refused	authority refusal LIMIT_EXCEEDED: SQLite file capacity exhausted
1142694	1789237228056	2	326	admit-refused	authority refusal LIMIT_EXCEEDED: SQLite file capacity exhausted
1143287	1789237228650	2	1016	admit-refused	authority refusal LIMIT_EXCEEDED: SQLite file capacity exhausted
1143870	1789237229233	2	791	admit-refused	authority refusal LIMIT_EXCEEDED: SQLite file capacity exhausted
1143926	1789237229288	2	701	admit-refused	authority refusal LIMIT_EXCEEDED: SQLite file capacity exhausted
1143977	1789237229340	2	800	admit-refused	authority refusal LIMIT_EXCEEDED: SQLite file capacity exhausted
1144001	1789237229363	2	569	admit-refused	authority refusal LIMIT_EXCEEDED: SQLite file capacity exhausted
1144967	1789237230329	2	719	admit-refused	authority refusal LIMIT_EXCEEDED: SQLite file capacity exhausted
1145295	1789237230657	2	995	admit-refused	authority refusal LIMIT_EXCEEDED: SQLite file capacity exhausted
1145330	1789237230693	2	917	admit-refused	authority refusal LIMIT_EXCEEDED: SQLite file capacity exhausted
1147736	1789237233099	2	326	admit-refused	authority refusal LIMIT_EXCEEDED: SQLite file capacity exhausted
1148399	1789237233761	2	1016	admit-refused	authority refusal LIMIT_EXCEEDED: SQLite file capacity exhausted
1148910	1789237234273	2	791	admit-refused	authority refusal LIMIT_EXCEEDED: SQLite file capacity exhausted
1148962	1789237234325	2	701	admit-refused	authority refusal LIMIT_EXCEEDED: SQLite file capacity exhausted
1149025	1789237234387	2	800	admit-refused	authority refusal LIMIT_EXCEEDED: SQLite file capacity exhausted
1149082	1789237234444	2	569	admit-refused	authority refusal LIMIT_EXCEEDED: SQLite file capacity exhausted
1150007	1789237235370	2	719	admit-refused	authority refusal LIMIT_EXCEEDED: SQLite file capacity exhausted
1150362	1789237235724	2	995	admit-refused	authority refusal LIMIT_EXCEEDED: SQLite file capacity exhausted
1150397	1789237235759	2	917	admit-refused	authority refusal LIMIT_EXCEEDED: SQLite file capacity exhausted
1152777	1789237238140	2	326	admit-refused	authority refusal LIMIT_EXCEEDED: SQLite file capacity exhausted
1153438	1789237238800	2	1016	admit-refused	authority refusal LIMIT_EXCEEDED: SQLite file capacity exhausted
1153952	1789237239315	2	791	admit-refused	authority refusal LIMIT_EXCEEDED: SQLite file capacity exhausted
1154010	1789237239373	2	701	admit-refused	authority refusal LIMIT_EXCEEDED: SQLite file capacity exhausted
1154062	1789237239425	2	800	admit-refused	authority refusal LIMIT_EXCEEDED: SQLite file capacity exhausted
1154119	1789237239482	2	569	admit-refused	authority refusal LIMIT_EXCEEDED: SQLite file capacity exhausted
1155053	1789237240416	2	719	admit-refused	authority refusal LIMIT_EXCEEDED: SQLite file capacity exhausted
1155433	1789237240795	2	995	admit-refused	authority refusal LIMIT_EXCEEDED: SQLite file capacity exhausted
1155468	1789237240830	2	917	admit-refused	authority refusal LIMIT_EXCEEDED: SQLite file capacity exhausted
1157814	1789237243176	2	326	admit-refused	authority refusal LIMIT_EXCEEDED: SQLite file capacity exhausted
1158484	1789237243847	2	1016	admit-refused	authority refusal LIMIT_EXCEEDED: SQLite file capacity exhausted
1159037	1789237244399	2	791	admit-refused	authority refusal LIMIT_EXCEEDED: SQLite file capacity exhausted
1159084	1789237244446	2	701	admit-refused	authority refusal LIMIT_EXCEEDED: SQLite file capacity exhausted
1159117	1789237244480	2	800	admit-refused	authority refusal LIMIT_EXCEEDED: SQLite file capacity exhausted
1159162	1789237244524	2	569	admit-refused	authority refusal LIMIT_EXCEEDED: SQLite file capacity exhausted
1160107	1789237245469	2	719	admit-refused	authority refusal LIMIT_EXCEEDED: SQLite file capacity exhausted
1160505	1789237245867	2	995	admit-refused	authority refusal LIMIT_EXCEEDED: SQLite file capacity exhausted
1160544	1789237245907	2	917	admit-refused	authority refusal LIMIT_EXCEEDED: SQLite file capacity exhausted
1162860	1789237248223	2	326	admit-refused	authority refusal LIMIT_EXCEEDED: SQLite file capacity exhausted
1163538	1789237248900	2	1016	admit-refused	authority refusal LIMIT_EXCEEDED: SQLite file capacity exhausted
1164078	1789237249440	2	791	admit-refused	authority refusal LIMIT_EXCEEDED: SQLite file capacity exhausted
1164126	1789237249489	2	701	admit-refused	authority refusal LIMIT_EXCEEDED: SQLite file capacity exhausted
1164161	1789237249524	2	800	admit-refused	authority refusal LIMIT_EXCEEDED: SQLite file capacity exhausted
1164220	1789237249582	2	569	admit-refused	authority refusal LIMIT_EXCEEDED: SQLite file capacity exhausted
1165157	1789237250519	2	719	admit-refused	authority refusal LIMIT_EXCEEDED: SQLite file capacity exhausted
1165574	1789237250937	2	995	admit-refused	authority refusal LIMIT_EXCEEDED: SQLite file capacity exhausted
1165615	1789237250977	2	917	admit-refused	authority refusal LIMIT_EXCEEDED: SQLite file capacity exhausted
1167901	1789237253263	2	326	admit-refused	authority refusal LIMIT_EXCEEDED: SQLite file capacity exhausted
1168631	1789237253994	2	1016	admit-refused	authority refusal LIMIT_EXCEEDED: SQLite file capacity exhausted
1169118	1789237254481	2	791	admit-refused	authority refusal LIMIT_EXCEEDED: SQLite file capacity exhausted
1169183	1789237254546	2	701	admit-refused	authority refusal LIMIT_EXCEEDED: SQLite file capacity exhausted
1169218	1789237254581	2	800	admit-refused	authority refusal LIMIT_EXCEEDED: SQLite file capacity exhausted
1169260	1789237254623	2	569	admit-refused	authority refusal LIMIT_EXCEEDED: SQLite file capacity exhausted
1170198	1789237255560	2	719	admit-refused	authority refusal LIMIT_EXCEEDED: SQLite file capacity exhausted
1170635	1789237255998	2	995	admit-refused	authority refusal LIMIT_EXCEEDED: SQLite file capacity exhausted
1170671	1789237256033	2	917	admit-refused	authority refusal LIMIT_EXCEEDED: SQLite file capacity exhausted
1172938	1789237258301	2	326	admit-refused	authority refusal LIMIT_EXCEEDED: SQLite file capacity exhausted
1173679	1789237259041	2	1016	admit-refused	authority refusal LIMIT_EXCEEDED: SQLite file capacity exhausted
1174200	1789237259563	2	791	admit-refused	authority refusal LIMIT_EXCEEDED: SQLite file capacity exhausted
1174252	1789237259615	2	701	admit-refused	authority refusal LIMIT_EXCEEDED: SQLite file capacity exhausted
1174298	1789237259661	2	800	admit-refused	authority refusal LIMIT_EXCEEDED: SQLite file capacity exhausted
1174325	1789237259688	2	569	admit-refused	authority refusal LIMIT_EXCEEDED: SQLite file capacity exhausted
1175246	1789237260608	2	719	admit-refused	authority refusal LIMIT_EXCEEDED: SQLite file capacity exhausted
1175724	1789237261087	2	995	admit-refused	authority refusal LIMIT_EXCEEDED: SQLite file capacity exhausted
1175752	1789237261114	2	917	admit-refused	authority refusal LIMIT_EXCEEDED: SQLite file capacity exhausted
1177992	1789237263355	2	326	admit-refused	authority refusal LIMIT_EXCEEDED: SQLite file capacity exhausted
1178728	1789237264090	2	1016	admit-refused	authority refusal LIMIT_EXCEEDED: SQLite file capacity exhausted
1179398	1789237264761	2	791	admit-refused	authority refusal LIMIT_EXCEEDED: SQLite file capacity exhausted
1179432	1789237264794	2	701	admit-refused	authority refusal LIMIT_EXCEEDED: SQLite file capacity exhausted
1179457	1789237264820	2	800	admit-refused	authority refusal LIMIT_EXCEEDED: SQLite file capacity exhausted
1179477	1789237264840	2	569	admit-refused	authority refusal LIMIT_EXCEEDED: SQLite file capacity exhausted
1180293	1789237265655	2	719	admit-refused	authority refusal LIMIT_EXCEEDED: SQLite file capacity exhausted
1180792	1789237266154	2	995	admit-refused	authority refusal LIMIT_EXCEEDED: SQLite file capacity exhausted
1180832	1789237266194	2	917	admit-refused	authority refusal LIMIT_EXCEEDED: SQLite file capacity exhausted
1183033	1789237268395	2	326	admit-refused	authority refusal LIMIT_EXCEEDED: SQLite file capacity exhausted
1183768	1789237269131	2	1016	admit-refused	authority refusal LIMIT_EXCEEDED: SQLite file capacity exhausted
1184443	1789237269806	2	791	admit-refused	authority refusal LIMIT_EXCEEDED: SQLite file capacity exhausted
1184509	1789237269871	2	701	admit-refused	authority refusal LIMIT_EXCEEDED: SQLite file capacity exhausted
1184560	1789237269922	2	569	admit-refused	authority refusal LIMIT_EXCEEDED: SQLite file capacity exhausted
1184577	1789237269940	2	800	admit-refused	authority refusal LIMIT_EXCEEDED: SQLite file capacity exhausted
1185334	1789237270696	2	719	admit-refused	authority refusal LIMIT_EXCEEDED: SQLite file capacity exhausted
1185865	1789237271228	2	995	admit-refused	authority refusal LIMIT_EXCEEDED: SQLite file capacity exhausted
1185905	1789237271268	2	917	admit-refused	authority refusal LIMIT_EXCEEDED: SQLite file capacity exhausted
1188081	1789237273444	2	326	admit-refused	authority refusal LIMIT_EXCEEDED: SQLite file capacity exhausted
1188809	1789237274172	2	1016	admit-refused	authority refusal LIMIT_EXCEEDED: SQLite file capacity exhausted
1189484	1789237274846	2	791	admit-refused	authority refusal LIMIT_EXCEEDED: SQLite file capacity exhausted
1189546	1789237274909	2	701	admit-refused	authority refusal LIMIT_EXCEEDED: SQLite file capacity exhausted
1189605	1789237274968	2	569	admit-refused	authority refusal LIMIT_EXCEEDED: SQLite file capacity exhausted
1189640	1789237275003	2	800	admit-refused	authority refusal LIMIT_EXCEEDED: SQLite file capacity exhausted
1190382	1789237275744	2	719	admit-refused	authority refusal LIMIT_EXCEEDED: SQLite file capacity exhausted
1190928	1789237276291	2	995	admit-refused	authority refusal LIMIT_EXCEEDED: SQLite file capacity exhausted
1191057	1789237276420	2	917	admit-refused	authority refusal LIMIT_EXCEEDED: SQLite file capacity exhausted
1193127	1789237278490	2	326	admit-refused	authority refusal LIMIT_EXCEEDED: SQLite file capacity exhausted
1193851	1789237279213	2	1016	admit-refused	authority refusal LIMIT_EXCEEDED: SQLite file capacity exhausted
1194526	1789237279888	2	791	admit-refused	authority refusal LIMIT_EXCEEDED: SQLite file capacity exhausted
1194588	1789237279951	2	701	admit-refused	authority refusal LIMIT_EXCEEDED: SQLite file capacity exhausted
1194653	1789237280016	2	569	admit-refused	authority refusal LIMIT_EXCEEDED: SQLite file capacity exhausted
1194687	1789237280050	2	800	admit-refused	authority refusal LIMIT_EXCEEDED: SQLite file capacity exhausted
1195420	1789237280782	2	719	admit-refused	authority refusal LIMIT_EXCEEDED: SQLite file capacity exhausted
1195999	1789237281362	2	995	admit-refused	authority refusal LIMIT_EXCEEDED: SQLite file capacity exhausted
1196094	1789237281457	2	917	admit-refused	authority refusal LIMIT_EXCEEDED: SQLite file capacity exhausted
1198168	1789237283530	2	326	admit-refused	authority refusal LIMIT_EXCEEDED: SQLite file capacity exhausted
1198895	1789237284257	2	1016	admit-refused	authority refusal LIMIT_EXCEEDED: SQLite file capacity exhausted
1199603	1789237284966	2	791	admit-refused	authority refusal LIMIT_EXCEEDED: SQLite file capacity exhausted
1199650	1789237285012	2	701	admit-refused	authority refusal LIMIT_EXCEEDED: SQLite file capacity exhausted
1199697	1789237285059	2	569	admit-refused	authority refusal LIMIT_EXCEEDED: SQLite file capacity exhausted
1199736	1789237285098	2	800	admit-refused	authority refusal LIMIT_EXCEEDED: SQLite file capacity exhausted
1200461	1789237285823	2	719	admit-refused	authority refusal LIMIT_EXCEEDED: SQLite file capacity exhausted
1201066	1789237286428	2	995	admit-refused	authority refusal LIMIT_EXCEEDED: SQLite file capacity exhausted
1201131	1789237286493	2	917	admit-refused	authority refusal LIMIT_EXCEEDED: SQLite file capacity exhausted
1203243	1789237288605	2	326	admit-refused	authority refusal LIMIT_EXCEEDED: SQLite file capacity exhausted
1203933	1789237289296	2	1016	admit-refused	authority refusal LIMIT_EXCEEDED: SQLite file capacity exhausted
1204645	1789237290008	2	791	admit-refused	authority refusal LIMIT_EXCEEDED: SQLite file capacity exhausted
1204688	1789237290050	2	701	admit-refused	authority refusal LIMIT_EXCEEDED: SQLite file capacity exhausted
1204735	1789237290098	2	569	admit-refused	authority refusal LIMIT_EXCEEDED: SQLite file capacity exhausted
1204791	1789237290154	2	800	admit-refused	authority refusal LIMIT_EXCEEDED: SQLite file capacity exhausted
1205503	1789237290865	2	719	admit-refused	authority refusal LIMIT_EXCEEDED: SQLite file capacity exhausted
1206130	1789237291492	2	995	admit-refused	authority refusal LIMIT_EXCEEDED: SQLite file capacity exhausted
1206185	1789237291547	2	917	admit-refused	authority refusal LIMIT_EXCEEDED: SQLite file capacity exhausted
1208283	1789237293646	2	326	admit-refused	authority refusal LIMIT_EXCEEDED: SQLite file capacity exhausted
1208974	1789237294337	2	1016	admit-refused	authority refusal LIMIT_EXCEEDED: SQLite file capacity exhausted
1209696	1789237295058	2	791	admit-refused	authority refusal LIMIT_EXCEEDED: SQLite file capacity exhausted
1209736	1789237295099	2	701	admit-refused	authority refusal LIMIT_EXCEEDED: SQLite file capacity exhausted
1209771	1789237295134	2	569	admit-refused	authority refusal LIMIT_EXCEEDED: SQLite file capacity exhausted
1209829	1789237295191	2	800	admit-refused	authority refusal LIMIT_EXCEEDED: SQLite file capacity exhausted
1210544	1789237295906	2	719	admit-refused	authority refusal LIMIT_EXCEEDED: SQLite file capacity exhausted
1211197	1789237296560	2	995	admit-refused	authority refusal LIMIT_EXCEEDED: SQLite file capacity exhausted
1211281	1789237296643	2	917	admit-refused	authority refusal LIMIT_EXCEEDED: SQLite file capacity exhausted
1213324	1789237298687	2	326	admit-refused	authority refusal LIMIT_EXCEEDED: SQLite file capacity exhausted
1214014	1789237299377	2	1016	admit-refused	authority refusal LIMIT_EXCEEDED: SQLite file capacity exhausted
1214763	1789237300125	2	791	admit-refused	authority refusal LIMIT_EXCEEDED: SQLite file capacity exhausted
1214796	1789237300158	2	701	admit-refused	authority refusal LIMIT_EXCEEDED: SQLite file capacity exhausted
1214829	1789237300192	2	569	admit-refused	authority refusal LIMIT_EXCEEDED: SQLite file capacity exhausted
1214871	1789237300233	2	800	admit-refused	authority refusal LIMIT_EXCEEDED: SQLite file capacity exhausted
1215594	1789237300957	2	719	admit-refused	authority refusal LIMIT_EXCEEDED: SQLite file capacity exhausted
1216262	1789237301625	2	995	admit-refused	authority refusal LIMIT_EXCEEDED: SQLite file capacity exhausted
1216318	1789237301680	2	917	admit-refused	authority refusal LIMIT_EXCEEDED: SQLite file capacity exhausted
1218365	1789237303728	2	326	admit-refused	authority refusal LIMIT_EXCEEDED: SQLite file capacity exhausted
1219056	1789237304418	2	1016	admit-refused	authority refusal LIMIT_EXCEEDED: SQLite file capacity exhausted
1219813	1789237305176	2	791	admit-refused	authority refusal LIMIT_EXCEEDED: SQLite file capacity exhausted
1219970	1789237305333	2	701	admit-refused	authority refusal LIMIT_EXCEEDED: SQLite file capacity exhausted
1220001	1789237305363	2	569	admit-refused	authority refusal LIMIT_EXCEEDED: SQLite file capacity exhausted
1220019	1789237305381	2	800	admit-refused	authority refusal LIMIT_EXCEEDED: SQLite file capacity exhausted
1220643	1789237306005	2	719	admit-refused	authority refusal LIMIT_EXCEEDED: SQLite file capacity exhausted
1221342	1789237306705	2	995	admit-refused	authority refusal LIMIT_EXCEEDED: SQLite file capacity exhausted
1221391	1789237306753	2	917	admit-refused	authority refusal LIMIT_EXCEEDED: SQLite file capacity exhausted
1223414	1789237308777	2	326	admit-refused	authority refusal LIMIT_EXCEEDED: SQLite file capacity exhausted
1224103	1789237309466	2	1016	admit-refused	authority refusal LIMIT_EXCEEDED: SQLite file capacity exhausted
1224859	1789237310222	2	791	admit-refused	authority refusal LIMIT_EXCEEDED: SQLite file capacity exhausted
1225050	1789237310413	2	701	admit-refused	authority refusal LIMIT_EXCEEDED: SQLite file capacity exhausted
1225089	1789237310452	2	569	admit-refused	authority refusal LIMIT_EXCEEDED: SQLite file capacity exhausted
1225120	1789237310482	2	800	admit-refused	authority refusal LIMIT_EXCEEDED: SQLite file capacity exhausted
1225689	1789237311052	2	719	admit-refused	authority refusal LIMIT_EXCEEDED: SQLite file capacity exhausted
1226426	1789237311788	2	995	admit-refused	authority refusal LIMIT_EXCEEDED: SQLite file capacity exhausted
1226473	1789237311835	2	917	admit-refused	authority refusal LIMIT_EXCEEDED: SQLite file capacity exhausted
1228455	1789237313818	2	326	admit-refused	authority refusal LIMIT_EXCEEDED: SQLite file capacity exhausted
1229152	1789237314515	2	1016	admit-refused	authority refusal LIMIT_EXCEEDED: SQLite file capacity exhausted
1229915	1789237315277	2	791	admit-refused	authority refusal LIMIT_EXCEEDED: SQLite file capacity exhausted
1230112	1789237315474	2	701	admit-refused	authority refusal LIMIT_EXCEEDED: SQLite file capacity exhausted
1230191	1789237315554	2	800	admit-refused	authority refusal LIMIT_EXCEEDED: SQLite file capacity exhausted
1230233	1789237315595	2	569	admit-refused	authority refusal LIMIT_EXCEEDED: SQLite file capacity exhausted
1230733	1789237316096	2	719	admit-refused	authority refusal LIMIT_EXCEEDED: SQLite file capacity exhausted
1231502	1789237316864	2	995	admit-refused	authority refusal LIMIT_EXCEEDED: SQLite file capacity exhausted
1231540	1789237316903	2	917	admit-refused	authority refusal LIMIT_EXCEEDED: SQLite file capacity exhausted
1233500	1789237318862	2	326	admit-refused	authority refusal LIMIT_EXCEEDED: SQLite file capacity exhausted
1234190	1789237319552	2	1016	admit-refused	authority refusal LIMIT_EXCEEDED: SQLite file capacity exhausted
1234956	1789237320319	2	791	admit-refused	authority refusal LIMIT_EXCEEDED: SQLite file capacity exhausted
1235157	1789237320520	2	701	admit-refused	authority refusal LIMIT_EXCEEDED: SQLite file capacity exhausted
1235232	1789237320594	2	800	admit-refused	authority refusal LIMIT_EXCEEDED: SQLite file capacity exhausted
1235272	1789237320634	2	569	admit-refused	authority refusal LIMIT_EXCEEDED: SQLite file capacity exhausted
1235775	1789237321138	2	719	admit-refused	authority refusal LIMIT_EXCEEDED: SQLite file capacity exhausted
1236569	1789237321932	2	995	admit-refused	authority refusal LIMIT_EXCEEDED: SQLite file capacity exhausted
1236603	1789237321966	2	917	admit-refused	authority refusal LIMIT_EXCEEDED: SQLite file capacity exhausted
1238542	1789237323905	2	326	admit-refused	authority refusal LIMIT_EXCEEDED: SQLite file capacity exhausted
1238542	1789237323905	2	326	admit-budget-out-send	authority refusal LIMIT_EXCEEDED: SQLite file capacity exhausted
