121	1789137350329	0	-1	session-open	workload-a
124	1789137350332	1	-1	session-open	workload-b
158	1789137350366	0	-1	declared	batch 0: 100 entities
166	1789137350374	1	-1	declared	batch 0: 100 entities
207	1789137350415	0	-1	declared	batch 1: 100 entities
207	1789137350415	2	-1	session-open	workload-c
217	1789137350424	1	-1	declared	batch 1: 100 entities
259	1789137350467	0	-1	declared	batch 2: 56 entities
265	1789137350472	1	-1	declared	batch 2: 56 entities
319	1789137350527	2	-1	declared	batch 0: 100 entities
447	1789137350654	2	-1	declared	batch 1: 100 entities
541	1789137350749	0	45	admit-ceiling	LIMIT_EXCEEDED: client unresolved admission ceiling
554	1789137350761	2	-1	declared	batch 2: 56 entities
579	1789137350786	1	19	admit-ceiling	LIMIT_EXCEEDED: client unresolved admission ceiling
601	1789137350809	1	13	admit-ceiling	LIMIT_EXCEEDED: client unresolved admission ceiling
629	1789137350836	1	25	admit-ceiling	LIMIT_EXCEEDED: client unresolved admission ceiling
712	1789137350920	1	40	admit-ceiling	LIMIT_EXCEEDED: client unresolved admission ceiling
753	1789137350961	1	43	admit-ceiling	LIMIT_EXCEEDED: client unresolved admission ceiling
753	1789137350961	0	39	admit-ceiling	LIMIT_EXCEEDED: client unresolved admission ceiling
786	1789137350994	2	14	admit-ceiling	LIMIT_EXCEEDED: client unresolved admission ceiling
813	1789137351021	2	26	admit-ceiling	LIMIT_EXCEEDED: client unresolved admission ceiling
820	1789137351028	0	3	admitted	admit=560ms
823	1789137351031	1	4	admitted	admit=557ms
840	1789137351048	2	20	admit-ceiling	LIMIT_EXCEEDED: client unresolved admission ceiling
846	1789137351053	1	46	admitted	admit=580ms
846	1789137351053	0	12	admitted	admit=585ms
866	1789137351073	1	7	admitted	admit=600ms
868	1789137351076	2	35	admit-ceiling	LIMIT_EXCEEDED: client unresolved admission ceiling
871	1789137351079	0	6	admitted	admit=610ms
893	1789137351101	2	29	admit-ceiling	LIMIT_EXCEEDED: client unresolved admission ceiling
893	1789137351101	1	10	admitted	admit=627ms
906	1789137351113	0	9	admitted	admit=645ms
926	1789137351133	1	1	admitted	admit=660ms
945	1789137351153	0	15	admitted	admit=684ms
958	1789137351166	2	44	admit-ceiling	LIMIT_EXCEEDED: client unresolved admission ceiling
963	1789137351171	1	16	admitted	admit=696ms
970	1789137351178	0	18	admitted	admit=709ms
983	1789137351191	1	37	admitted	admit=716ms
986	1789137351194	2	23	admit-ceiling	LIMIT_EXCEEDED: client unresolved admission ceiling
991	1789137351199	0	0	admitted	admit=730ms
1015	1789137351222	0	30	admitted	admit=753ms
1025	1789137351232	1	34	admitted	admit=757ms
1045	1789137351253	0	33	admitted	admit=783ms
1048	1789137351255	2	41	admit-ceiling	LIMIT_EXCEEDED: client unresolved admission ceiling
1055	1789137351262	1	22	admitted	admit=787ms
1057	1789137351264	1	25	admit-ceiling	LIMIT_EXCEEDED: client unresolved admission ceiling
1057	1789137351265	1	40	admit-ceiling	LIMIT_EXCEEDED: client unresolved admission ceiling
1058	1789137351265	1	43	admit-ceiling	LIMIT_EXCEEDED: client unresolved admission ceiling
1079	1789137351287	0	36	admitted	admit=817ms
1084	1789137351292	2	47	admit-ceiling	LIMIT_EXCEEDED: client unresolved admission ceiling
1096	1789137351304	1	49	admit-ceiling	LIMIT_EXCEEDED: client unresolved admission ceiling
1112	1789137351319	0	27	admitted	admit=849ms
1117	1789137351325	2	5	admitted	admit=563ms
1125	1789137351333	1	52	admit-ceiling	LIMIT_EXCEEDED: client unresolved admission ceiling
1141	1789137351349	0	24	admitted	admit=879ms
1146	1789137351354	2	2	admitted	admit=591ms
1154	1789137351361	1	55	admit-ceiling	LIMIT_EXCEEDED: client unresolved admission ceiling
1174	1789137351381	1	58	admit-ceiling	LIMIT_EXCEEDED: client unresolved admission ceiling
1176	1789137351384	2	17	admitted	admit=621ms
1176	1789137351384	0	42	admitted	admit=913ms
1215	1789137351423	1	61	admit-ceiling	LIMIT_EXCEEDED: client unresolved admission ceiling
1218	1789137351425	2	8	admitted	admit=663ms
1244	1789137351452	2	11	admitted	admit=689ms
1245	1789137351453	2	20	admit-ceiling	LIMIT_EXCEEDED: client unresolved admission ceiling
1246	1789137351453	2	35	admit-ceiling	LIMIT_EXCEEDED: client unresolved admission ceiling
1246	1789137351454	2	29	admit-ceiling	LIMIT_EXCEEDED: client unresolved admission ceiling
1246	1789137351454	2	44	admit-ceiling	LIMIT_EXCEEDED: client unresolved admission ceiling
1246	1789137351454	2	23	admit-ceiling	LIMIT_EXCEEDED: client unresolved admission ceiling
1248	1789137351455	2	41	admit-ceiling	LIMIT_EXCEEDED: client unresolved admission ceiling
1248	1789137351456	2	47	admit-ceiling	LIMIT_EXCEEDED: client unresolved admission ceiling
1252	1789137351460	0	51	admit-ceiling	LIMIT_EXCEEDED: client unresolved admission ceiling
1275	1789137351483	0	54	admit-ceiling	LIMIT_EXCEEDED: client unresolved admission ceiling
1277	1789137351485	1	67	admit-ceiling	LIMIT_EXCEEDED: client unresolved admission ceiling
1280	1789137351488	2	50	admit-ceiling	LIMIT_EXCEEDED: client unresolved admission ceiling
1305	1789137351512	1	70	admit-ceiling	LIMIT_EXCEEDED: client unresolved admission ceiling
1310	1789137351518	2	53	admit-ceiling	LIMIT_EXCEEDED: client unresolved admission ceiling
1336	1789137351544	1	13	admit-retried	succeeded after 1 refusals
1336	1789137351544	1	13	admitted	admit=1069ms
1341	1789137351549	2	56	admit-ceiling	LIMIT_EXCEEDED: client unresolved admission ceiling
1366	1789137351574	1	73	admit-ceiling	LIMIT_EXCEEDED: client unresolved admission ceiling
1368	1789137351576	1	49	admit-ceiling	LIMIT_EXCEEDED: client unresolved admission ceiling
1368	1789137351576	1	52	admit-ceiling	LIMIT_EXCEEDED: client unresolved admission ceiling
1369	1789137351576	0	63	admit-ceiling	LIMIT_EXCEEDED: client unresolved admission ceiling
1369	1789137351576	1	55	admit-ceiling	LIMIT_EXCEEDED: client unresolved admission ceiling
1369	1789137351577	1	25	admit-ceiling	LIMIT_EXCEEDED: client unresolved admission ceiling
1369	1789137351577	1	40	admit-ceiling	LIMIT_EXCEEDED: client unresolved admission ceiling
1369	1789137351577	1	43	admit-ceiling	LIMIT_EXCEEDED: client unresolved admission ceiling
1369	1789137351577	1	58	admit-ceiling	LIMIT_EXCEEDED: client unresolved admission ceiling
1369	1789137351577	1	61	admit-ceiling	LIMIT_EXCEEDED: client unresolved admission ceiling
1374	1789137351581	2	59	admit-ceiling	LIMIT_EXCEEDED: client unresolved admission ceiling
1396	1789137351604	1	76	admit-ceiling	LIMIT_EXCEEDED: client unresolved admission ceiling
1397	1789137351604	1	67	admit-ceiling	LIMIT_EXCEEDED: client unresolved admission ceiling
1399	1789137351606	0	66	admit-ceiling	LIMIT_EXCEEDED: client unresolved admission ceiling
1399	1789137351606	2	62	admit-ceiling	LIMIT_EXCEEDED: client unresolved admission ceiling
1400	1789137351607	2	50	admit-ceiling	LIMIT_EXCEEDED: client unresolved admission ceiling
1407	1789137351615	1	70	admit-ceiling	LIMIT_EXCEEDED: client unresolved admission ceiling
1433	1789137351641	2	32	admitted	admit=878ms
1456	1789137351663	2	65	admit-ceiling	LIMIT_EXCEEDED: client unresolved admission ceiling
1458	1789137351666	2	56	admit-ceiling	LIMIT_EXCEEDED: client unresolved admission ceiling
1459	1789137351666	2	35	admit-ceiling	LIMIT_EXCEEDED: client unresolved admission ceiling
1459	1789137351667	2	20	admit-ceiling	LIMIT_EXCEEDED: client unresolved admission ceiling
1459	1789137351667	2	44	admit-ceiling	LIMIT_EXCEEDED: client unresolved admission ceiling
1459	1789137351667	2	23	admit-ceiling	LIMIT_EXCEEDED: client unresolved admission ceiling
1459	1789137351667	2	29	admit-ceiling	LIMIT_EXCEEDED: client unresolved admission ceiling
1459	1789137351667	2	41	admit-ceiling	LIMIT_EXCEEDED: client unresolved admission ceiling
1460	1789137351667	2	47	admit-ceiling	LIMIT_EXCEEDED: client unresolved admission ceiling
1460	1789137351668	0	72	admit-ceiling	LIMIT_EXCEEDED: client unresolved admission ceiling
1468	1789137351676	1	73	admit-ceiling	LIMIT_EXCEEDED: client unresolved admission ceiling
1498	1789137351705	1	76	admit-ceiling	LIMIT_EXCEEDED: client unresolved admission ceiling
1501	1789137351708	0	75	admit-ceiling	LIMIT_EXCEEDED: client unresolved admission ceiling
1506	1789137351713	2	38	admitted	admit=949ms
1507	1789137351714	2	62	admit-ceiling	LIMIT_EXCEEDED: client unresolved admission ceiling
1533	1789137351741	2	68	admit-ceiling	LIMIT_EXCEEDED: client unresolved admission ceiling
1558	1789137351765	2	65	admit-ceiling	LIMIT_EXCEEDED: client unresolved admission ceiling
1565	1789137351773	0	81	admit-ceiling	LIMIT_EXCEEDED: client unresolved admission ceiling
1570	1789137351778	1	55	admit-ceiling	LIMIT_EXCEEDED: client unresolved admission ceiling
1571	1789137351778	1	52	admit-ceiling	LIMIT_EXCEEDED: client unresolved admission ceiling
1571	1789137351778	1	49	admit-ceiling	LIMIT_EXCEEDED: client unresolved admission ceiling
1571	1789137351779	1	58	admit-ceiling	LIMIT_EXCEEDED: client unresolved admission ceiling
1572	1789137351779	1	61	admit-ceiling	LIMIT_EXCEEDED: client unresolved admission ceiling
1595	1789137351803	0	84	admit-ceiling	LIMIT_EXCEEDED: client unresolved admission ceiling
1598	1789137351806	1	67	admit-ceiling	LIMIT_EXCEEDED: client unresolved admission ceiling
1601	1789137351809	2	50	admit-ceiling	LIMIT_EXCEEDED: client unresolved admission ceiling
1609	1789137351816	1	70	admit-ceiling	LIMIT_EXCEEDED: client unresolved admission ceiling
1625	1789137351832	0	45	admit-retried	succeeded after 1 refusals
1625	1789137351832	0	45	admitted	admit=1363ms
1635	1789137351843	2	68	admit-ceiling	LIMIT_EXCEEDED: client unresolved admission ceiling
1647	1789137351855	0	48	admitted	admit=505ms
1660	1789137351867	0	57	admitted	admit=482ms
1660	1789137351868	2	56	admit-ceiling	LIMIT_EXCEEDED: client unresolved admission ceiling
1670	1789137351877	1	73	admit-ceiling	LIMIT_EXCEEDED: client unresolved admission ceiling
1677	1789137351885	0	69	admitted	admit=498ms
1698	1789137351905	0	21	admitted	admit=1437ms
1699	1789137351906	1	76	admit-ceiling	LIMIT_EXCEEDED: client unresolved admission ceiling
1700	1789137351908	0	54	admit-ceiling	LIMIT_EXCEEDED: client unresolved admission ceiling
1700	1789137351908	0	63	admit-ceiling	LIMIT_EXCEEDED: client unresolved admission ceiling
1700	1789137351908	0	66	admit-ceiling	LIMIT_EXCEEDED: client unresolved admission ceiling
1701	1789137351908	0	72	admit-ceiling	LIMIT_EXCEEDED: client unresolved admission ceiling
1701	1789137351909	0	75	admit-ceiling	LIMIT_EXCEEDED: client unresolved admission ceiling
1702	1789137351909	0	81	admit-ceiling	LIMIT_EXCEEDED: client unresolved admission ceiling
1709	1789137351917	2	62	admit-ceiling	LIMIT_EXCEEDED: client unresolved admission ceiling
1728	1789137351935	2	14	admit-retried	succeeded after 1 refusals
1728	1789137351935	2	14	admitted	admit=1173ms
1733	1789137351940	0	87	admit-ceiling	LIMIT_EXCEEDED: client unresolved admission ceiling
1733	1789137351941	0	84	admit-ceiling	LIMIT_EXCEEDED: client unresolved admission ceiling
1755	1789137351962	0	90	admit-ceiling	LIMIT_EXCEEDED: client unresolved admission ceiling
1759	1789137351966	2	65	admit-ceiling	LIMIT_EXCEEDED: client unresolved admission ceiling
1772	1789137351979	1	43	admit-ceiling	LIMIT_EXCEEDED: client unresolved admission ceiling
1772	1789137351980	1	25	admit-ceiling	LIMIT_EXCEEDED: client unresolved admission ceiling
1772	1789137351980	1	40	admit-ceiling	LIMIT_EXCEEDED: client unresolved admission ceiling
1792	1789137352000	2	26	admit-retried	succeeded after 1 refusals
1792	1789137352000	2	26	admitted	admit=1237ms
1807	1789137352015	0	96	admit-ceiling	LIMIT_EXCEEDED: client unresolved admission ceiling
1837	1789137352045	2	68	admit-ceiling	LIMIT_EXCEEDED: client unresolved admission ceiling
1863	1789137352071	2	53	admit-retried	succeeded after 1 refusals
1863	1789137352071	2	53	admitted	admit=644ms
1865	1789137352073	0	51	admit-retried	succeeded after 1 refusals
1865	1789137352073	0	51	admitted	admit=688ms
1866	1789137352073	2	41	admit-ceiling	LIMIT_EXCEEDED: client unresolved admission ceiling
1866	1789137352073	2	47	admit-ceiling	LIMIT_EXCEEDED: client unresolved admission ceiling
1866	1789137352074	2	20	admit-ceiling	LIMIT_EXCEEDED: client unresolved admission ceiling
1866	1789137352074	2	44	admit-ceiling	LIMIT_EXCEEDED: client unresolved admission ceiling
1866	1789137352074	2	29	admit-ceiling	LIMIT_EXCEEDED: client unresolved admission ceiling
1866	1789137352074	2	23	admit-ceiling	LIMIT_EXCEEDED: client unresolved admission ceiling
1890	1789137352098	0	93	admitted	admit=192ms
1897	1789137352105	2	77	admit-ceiling	LIMIT_EXCEEDED: client unresolved admission ceiling
1915	1789137352123	0	60	admitted	admit=737ms
1938	1789137352146	1	28	admitted	admit=1672ms
1941	1789137352148	0	99	admitted	admit=241ms
1946	1789137352153	0	66	admit-ceiling	LIMIT_EXCEEDED: client unresolved admission ceiling
1946	1789137352153	0	54	admit-ceiling	LIMIT_EXCEEDED: client unresolved admission ceiling
1946	1789137352154	0	63	admit-ceiling	LIMIT_EXCEEDED: client unresolved admission ceiling
1946	1789137352154	0	75	admit-ceiling	LIMIT_EXCEEDED: client unresolved admission ceiling
1946	1789137352154	0	72	admit-ceiling	LIMIT_EXCEEDED: client unresolved admission ceiling
1946	1789137352154	0	81	admit-ceiling	LIMIT_EXCEEDED: client unresolved admission ceiling
1947	1789137352154	0	96	admit-ceiling	LIMIT_EXCEEDED: client unresolved admission ceiling
1970	1789137352178	0	102	admit-ceiling	LIMIT_EXCEEDED: client unresolved admission ceiling
1970	1789137352178	0	84	admit-ceiling	LIMIT_EXCEEDED: client unresolved admission ceiling
1973	1789137352181	1	52	admit-ceiling	LIMIT_EXCEEDED: client unresolved admission ceiling
1973	1789137352181	1	55	admit-ceiling	LIMIT_EXCEEDED: client unresolved admission ceiling
1974	1789137352181	1	58	admit-ceiling	LIMIT_EXCEEDED: client unresolved admission ceiling
1974	1789137352181	1	61	admit-ceiling	LIMIT_EXCEEDED: client unresolved admission ceiling
1974	1789137352181	1	49	admit-ceiling	LIMIT_EXCEEDED: client unresolved admission ceiling
1998	1789137352206	2	77	admit-ceiling	LIMIT_EXCEEDED: client unresolved admission ceiling
2000	1789137352208	1	67	admit-ceiling	LIMIT_EXCEEDED: client unresolved admission ceiling
2002	1789137352209	0	105	admit-ceiling	LIMIT_EXCEEDED: client unresolved admission ceiling
2010	1789137352217	0	39	admit-refused	authority refusal LIMIT_EXCEEDED: aggregate admission capacity exhausted
2011	1789137352218	1	70	admit-ceiling	LIMIT_EXCEEDED: client unresolved admission ceiling
2020	1789137352228	0	90	admit-refused	authority refusal LIMIT_EXCEEDED: aggregate admission capacity exhausted
2034	1789137352242	2	59	admit-retried	succeeded after 1 refusals
2034	1789137352242	2	59	admitted	admit=789ms
2050	1789137352258	0	87	admit-refused	authority refusal LIMIT_EXCEEDED: aggregate admission capacity exhausted
2059	1789137352267	1	79	admitted	admit=121ms
2060	1789137352267	2	80	admit-ceiling	LIMIT_EXCEEDED: client unresolved admission ceiling
2062	1789137352270	2	56	admit-ceiling	LIMIT_EXCEEDED: client unresolved admission ceiling
2086	1789137352294	1	73	admit-ceiling	LIMIT_EXCEEDED: client unresolved admission ceiling
2100	1789137352307	1	76	admit-ceiling	LIMIT_EXCEEDED: client unresolved admission ceiling
2103	1789137352311	0	105	admit-ceiling	LIMIT_EXCEEDED: client unresolved admission ceiling
2112	1789137352319	2	62	admit-ceiling	LIMIT_EXCEEDED: client unresolved admission ceiling
2143	1789137352351	0	111	admitted	admit=200ms
2158	1789137352366	2	71	admitted	admit=430ms
2166	1789137352374	0	96	admit-ceiling	LIMIT_EXCEEDED: client unresolved admission ceiling
2181	1789137352388	2	65	admit-ceiling	LIMIT_EXCEEDED: client unresolved admission ceiling
2181	1789137352389	2	80	admit-ceiling	LIMIT_EXCEEDED: client unresolved admission ceiling
2200	1789137352408	2	77	admit-ceiling	LIMIT_EXCEEDED: client unresolved admission ceiling
2212	1789137352420	0	39	admit-ceiling	LIMIT_EXCEEDED: client unresolved admission ceiling
2217	1789137352425	0	114	admit-refused	authority refusal LIMIT_EXCEEDED: aggregate admission capacity exhausted
2237	1789137352445	1	82	admitted	admit=177ms
2252	1789137352459	0	87	admit-ceiling	LIMIT_EXCEEDED: client unresolved admission ceiling
2263	1789137352471	2	74	admitted	admit=470ms
2300	1789137352508	0	90	admit-retried	succeeded after 2 refusals
2300	1789137352508	0	90	admitted	admit=602ms
2306	1789137352514	0	108	admit-refused	authority refusal LIMIT_EXCEEDED: aggregate admission capacity exhausted
2323	1789137352531	2	35	admit-retried	succeeded after 3 refusals
2323	1789137352531	2	35	admitted	admit=1768ms
2325	1789137352532	0	114	admit-ceiling	LIMIT_EXCEEDED: client unresolved admission ceiling
2349	1789137352557	0	66	admit-ceiling	LIMIT_EXCEEDED: client unresolved admission ceiling
2349	1789137352557	0	81	admit-ceiling	LIMIT_EXCEEDED: client unresolved admission ceiling
2349	1789137352557	0	63	admit-ceiling	LIMIT_EXCEEDED: client unresolved admission ceiling
2349	1789137352557	0	54	admit-ceiling	LIMIT_EXCEEDED: client unresolved admission ceiling
2349	1789137352557	0	75	admit-ceiling	LIMIT_EXCEEDED: client unresolved admission ceiling
2350	1789137352557	0	72	admit-ceiling	LIMIT_EXCEEDED: client unresolved admission ceiling
2353	1789137352561	2	89	admit-ceiling	LIMIT_EXCEEDED: client unresolved admission ceiling
2372	1789137352579	0	105	admit-refused	authority refusal LIMIT_EXCEEDED: aggregate admission capacity exhausted
2384	1789137352591	2	80	admit-ceiling	LIMIT_EXCEEDED: client unresolved admission ceiling
2408	1789137352615	0	108	admit-ceiling	LIMIT_EXCEEDED: client unresolved admission ceiling
2450	1789137352658	0	117	admit-refused	authority refusal LIMIT_EXCEEDED: aggregate admission capacity exhausted
2458	1789137352666	0	84	admit-refused	authority refusal LIMIT_EXCEEDED: aggregate admission capacity exhausted
2460	1789137352667	2	50	admit-retried	succeeded after 3 refusals
2460	1789137352667	2	50	admitted	admit=1241ms
2474	1789137352682	2	92	admit-ceiling	LIMIT_EXCEEDED: client unresolved admission ceiling
2569	1789137352776	0	96	admit-ceiling	LIMIT_EXCEEDED: client unresolved admission ceiling
2572	1789137352779	1	85	admitted	admit=333ms
2576	1789137352784	2	92	admit-ceiling	LIMIT_EXCEEDED: client unresolved admission ceiling
2593	1789137352801	1	25	admit-ceiling	LIMIT_EXCEEDED: client unresolved admission ceiling
2593	1789137352801	1	40	admit-ceiling	LIMIT_EXCEEDED: client unresolved admission ceiling
2593	1789137352801	1	43	admit-ceiling	LIMIT_EXCEEDED: client unresolved admission ceiling
2609	1789137352817	2	83	admitted	admit=450ms
2610	1789137352817	0	108	admit-ceiling	LIMIT_EXCEEDED: client unresolved admission ceiling
2613	1789137352821	0	39	admit-ceiling	LIMIT_EXCEEDED: client unresolved admission ceiling
2637	1789137352845	2	95	admit-ceiling	LIMIT_EXCEEDED: client unresolved admission ceiling
2654	1789137352861	0	87	admit-ceiling	LIMIT_EXCEEDED: client unresolved admission ceiling
2655	1789137352862	2	68	admit-retried	succeeded after 3 refusals
2655	1789137352862	2	68	admitted	admit=1148ms
2671	1789137352878	0	114	admit-refused	authority refusal LIMIT_EXCEEDED: aggregate admission capacity exhausted
2672	1789137352880	2	41	admit-ceiling	LIMIT_EXCEEDED: client unresolved admission ceiling
2672	1789137352880	2	47	admit-ceiling	LIMIT_EXCEEDED: client unresolved admission ceiling
2672	1789137352880	2	23	admit-ceiling	LIMIT_EXCEEDED: client unresolved admission ceiling
2672	1789137352880	2	29	admit-ceiling	LIMIT_EXCEEDED: client unresolved admission ceiling
2673	1789137352880	2	44	admit-ceiling	LIMIT_EXCEEDED: client unresolved admission ceiling
2673	1789137352880	2	20	admit-ceiling	LIMIT_EXCEEDED: client unresolved admission ceiling
2694	1789137352901	0	117	admit-refused	authority refusal LIMIT_EXCEEDED: aggregate admission capacity exhausted
2711	1789137352919	1	88	admitted	admit=139ms
2711	1789137352919	2	86	admitted	admit=447ms
2739	1789137352947	2	95	admit-ceiling	LIMIT_EXCEEDED: client unresolved admission ceiling
2753	1789137352960	0	102	admit-refused	authority refusal LIMIT_EXCEEDED: aggregate admission capacity exhausted
2776	1789137352984	1	61	admit-ceiling	LIMIT_EXCEEDED: client unresolved admission ceiling
2776	1789137352984	1	55	admit-ceiling	LIMIT_EXCEEDED: client unresolved admission ceiling
2776	1789137352984	1	52	admit-ceiling	LIMIT_EXCEEDED: client unresolved admission ceiling
2776	1789137352984	1	58	admit-ceiling	LIMIT_EXCEEDED: client unresolved admission ceiling
2777	1789137352984	1	49	admit-ceiling	LIMIT_EXCEEDED: client unresolved admission ceiling
2778	1789137352986	2	92	admit-ceiling	LIMIT_EXCEEDED: client unresolved admission ceiling
2785	1789137352992	2	80	admit-ceiling	LIMIT_EXCEEDED: client unresolved admission ceiling
2802	1789137353009	1	67	admit-ceiling	LIMIT_EXCEEDED: client unresolved admission ceiling
2826	1789137353034	1	91	admitted	admit=113ms
2835	1789137353043	0	105	admit-refused	authority refusal LIMIT_EXCEEDED: aggregate admission capacity exhausted
2845	1789137353052	1	64	admitted	admit=1818ms
2864	1789137353072	2	56	admit-ceiling	LIMIT_EXCEEDED: client unresolved admission ceiling
2903	1789137353111	1	97	admit-ceiling	LIMIT_EXCEEDED: client unresolved admission ceiling
2904	1789137353112	1	73	admit-ceiling	LIMIT_EXCEEDED: client unresolved admission ceiling
2905	1789137353112	1	76	admit-ceiling	LIMIT_EXCEEDED: client unresolved admission ceiling
2916	1789137353124	2	89	admit-retried	succeeded after 1 refusals
2916	1789137353124	2	89	admitted	admit=592ms
2939	1789137353146	2	104	admit-ceiling	LIMIT_EXCEEDED: client unresolved admission ceiling
2941	1789137353149	2	95	admit-ceiling	LIMIT_EXCEEDED: client unresolved admission ceiling
2959	1789137353166	0	117	admit-retried	succeeded after 2 refusals
2959	1789137353167	0	117	admitted	admit=657ms
2964	1789137353172	2	77	admit-retried	succeeded after 3 refusals
2964	1789137353172	2	77	admitted	admit=1099ms
2987	1789137353194	1	31	admitted	admit=2720ms
2999	1789137353207	2	65	admit-ceiling	LIMIT_EXCEEDED: client unresolved admission ceiling
3014	1789137353222	1	97	admit-ceiling	LIMIT_EXCEEDED: client unresolved admission ceiling
3040	1789137353248	2	104	admit-ceiling	LIMIT_EXCEEDED: client unresolved admission ceiling
3072	1789137353280	0	102	admit-refused	authority refusal LIMIT_EXCEEDED: aggregate admission capacity exhausted
3076	1789137353284	0	108	admit-retried	succeeded after 3 refusals
3076	1789137353284	0	108	admitted	admit=1134ms
3100	1789137353307	2	98	admitted	admit=444ms
3146	1789137353353	0	123	admit-refused	authority refusal LIMIT_EXCEEDED: aggregate admission capacity exhausted
3154	1789137353361	0	120	admitted	admit=194ms
3157	1789137353364	0	63	admit-ceiling	LIMIT_EXCEEDED: client unresolved admission ceiling
3157	1789137353365	0	54	admit-ceiling	LIMIT_EXCEEDED: client unresolved admission ceiling
3157	1789137353365	0	75	admit-ceiling	LIMIT_EXCEEDED: client unresolved admission ceiling
3157	1789137353365	0	81	admit-ceiling	LIMIT_EXCEEDED: client unresolved admission ceiling
3178	1789137353386	2	107	admit-refused	authority refusal LIMIT_EXCEEDED: retained input, output or executor capacity
3188	1789137353395	1	94	admitted	admit=342ms
3193	1789137353401	0	126	admit-ceiling	LIMIT_EXCEEDED: client unresolved admission ceiling
3199	1789137353407	2	110	admit-refused	authority refusal LIMIT_EXCEEDED: retained input, output or executor capacity
3208	1789137353415	2	101	admitted	admit=495ms
3220	1789137353428	1	100	admitted	admit=232ms
3247	1789137353455	0	123	admit-ceiling	LIMIT_EXCEEDED: client unresolved admission ceiling
3255	1789137353462	0	66	admit-refused	authority refusal LIMIT_EXCEEDED: aggregate admission capacity exhausted
3265	1789137353473	1	106	admit-ceiling	LIMIT_EXCEEDED: client unresolved admission ceiling
3280	1789137353488	2	107	admit-ceiling	LIMIT_EXCEEDED: client unresolved admission ceiling
3295	1789137353503	0	126	admit-ceiling	LIMIT_EXCEEDED: client unresolved admission ceiling
3302	1789137353509	2	110	admit-ceiling	LIMIT_EXCEEDED: client unresolved admission ceiling
3305	1789137353513	0	72	admit-refused	authority refusal LIMIT_EXCEEDED: aggregate admission capacity exhausted
3305	1789137353513	2	92	admit-refused	authority refusal LIMIT_EXCEEDED: retained input, output or executor capacity
3310	1789137353517	1	19	admit-retried	succeeded after 1 refusals
3310	1789137353517	1	19	admitted	admit=3043ms
3313	1789137353521	0	84	admit-refused	authority refusal LIMIT_EXCEEDED: aggregate admission capacity exhausted
3327	1789137353535	1	97	admit-retried	succeeded after 2 refusals
3327	1789137353535	1	97	admitted	admit=482ms
3382	1789137353589	1	106	admit-ceiling	LIMIT_EXCEEDED: client unresolved admission ceiling
3394	1789137353602	0	78	admit-refused	authority refusal LIMIT_EXCEEDED: aggregate admission capacity exhausted
3415	1789137353622	1	103	admitted	admit=194ms
3456	1789137353663	0	87	admit-ceiling	LIMIT_EXCEEDED: client unresolved admission ceiling
3458	1789137353665	1	112	admitted	admit=129ms
3474	1789137353681	0	102	admit-ceiling	LIMIT_EXCEEDED: client unresolved admission ceiling
3483	1789137353691	2	107	admit-ceiling	LIMIT_EXCEEDED: client unresolved admission ceiling
3484	1789137353692	0	96	admit-refused	authority refusal LIMIT_EXCEEDED: aggregate admission capacity exhausted
3493	1789137353700	1	109	admitted	admit=165ms
3496	1789137353704	0	126	admit-ceiling	LIMIT_EXCEEDED: client unresolved admission ceiling
3503	1789137353710	2	110	admit-ceiling	LIMIT_EXCEEDED: client unresolved admission ceiling
3546	1789137353754	0	78	admit-refused	authority refusal LIMIT_EXCEEDED: aggregate admission capacity exhausted
3557	1789137353764	0	123	admit-refused	authority refusal LIMIT_EXCEEDED: aggregate admission capacity exhausted
3568	1789137353776	1	70	admit-retried	succeeded after 4 refusals
3568	1789137353776	1	70	admitted	admit=2512ms
3576	1789137353783	2	62	admit-retried	succeeded after 4 refusals
3576	1789137353783	2	62	admitted	admit=2329ms
3599	1789137353806	2	80	admit-ceiling	LIMIT_EXCEEDED: client unresolved admission ceiling
3609	1789137353817	0	39	admit-refused	authority refusal LIMIT_EXCEEDED: aggregate admission capacity exhausted
3622	1789137353830	1	118	admitted	admit=129ms
3643	1789137353851	0	114	admit-refused	authority refusal LIMIT_EXCEEDED: aggregate admission capacity exhausted
3645	1789137353852	1	121	admitted	admit=151ms
3670	1789137353878	0	105	admit-refused	authority refusal LIMIT_EXCEEDED: aggregate admission capacity exhausted
3706	1789137353913	1	124	admitted	admit=136ms
3726	1789137353934	1	106	admit-retried	succeeded after 2 refusals
3726	1789137353934	1	106	admitted	admit=505ms
3749	1789137353957	1	127	admitted	admit=104ms
3769	1789137353977	1	130	admitted	admit=123ms
3798	1789137354005	2	104	admit-refused	authority refusal LIMIT_EXCEEDED: retained input, output or executor capacity
3804	1789137354012	2	113	admitted	admit=595ms
3812	1789137354019	2	95	admit-refused	authority refusal LIMIT_EXCEEDED: retained input, output or executor capacity
3869	1789137354076	2	119	admit-refused	authority refusal LIMIT_EXCEEDED: retained input, output or executor capacity
3874	1789137354082	1	136	admit-refused	authority refusal LIMIT_EXCEEDED: aggregate admission capacity exhausted
3876	1789137354083	1	115	admitted	admit=460ms
3926	1789137354134	1	133	admitted	admit=199ms
3966	1789137354173	0	126	admit-retried	succeeded after 3 refusals
3966	1789137354173	0	126	admitted	admit=810ms
3976	1789137354183	1	136	admit-ceiling	LIMIT_EXCEEDED: client unresolved admission ceiling
4002	1789137354210	2	116	admitted	admit=426ms
4018	1789137354225	1	145	admit-refused	authority refusal LIMIT_EXCEEDED: aggregate admission capacity exhausted
4032	1789137354239	1	148	admitted	admit=104ms
4045	1789137354253	1	142	admit-refused	authority refusal LIMIT_EXCEEDED: aggregate admission capacity exhausted
4047	1789137354255	0	123	admit-refused	authority refusal LIMIT_EXCEEDED: aggregate admission capacity exhausted
4055	1789137354263	0	129	admit-refused	authority refusal LIMIT_EXCEEDED: aggregate admission capacity exhausted
4056	1789137354264	0	78	admit-retried	succeeded after 2 refusals
4056	1789137354264	0	78	admitted	admit=2877ms
4107	1789137354315	2	92	admit-ceiling	LIMIT_EXCEEDED: client unresolved admission ceiling
4114	1789137354322	1	151	admitted	admit=81ms
4177	1789137354384	1	136	admit-ceiling	LIMIT_EXCEEDED: client unresolved admission ceiling
4188	1789137354395	0	132	admitted	admit=130ms
4196	1789137354404	1	43	admit-ceiling	LIMIT_EXCEEDED: client unresolved admission ceiling
4196	1789137354404	1	25	admit-ceiling	LIMIT_EXCEEDED: client unresolved admission ceiling
4196	1789137354404	1	40	admit-ceiling	LIMIT_EXCEEDED: client unresolved admission ceiling
4199	1789137354407	2	104	admit-ceiling	LIMIT_EXCEEDED: client unresolved admission ceiling
4210	1789137354418	1	154	admit-refused	authority refusal LIMIT_EXCEEDED: aggregate admission capacity exhausted
4219	1789137354426	1	142	admit-refused	authority refusal LIMIT_EXCEEDED: aggregate admission capacity exhausted
4273	1789137354481	1	145	admit-retried	succeeded after 1 refusals
4273	1789137354481	1	145	admitted	admit=346ms
4277	1789137354484	2	41	admit-ceiling	LIMIT_EXCEEDED: client unresolved admission ceiling
4277	1789137354485	2	44	admit-ceiling	LIMIT_EXCEEDED: client unresolved admission ceiling
4277	1789137354485	2	47	admit-ceiling	LIMIT_EXCEEDED: client unresolved admission ceiling
4277	1789137354485	2	23	admit-ceiling	LIMIT_EXCEEDED: client unresolved admission ceiling
4277	1789137354485	2	29	admit-ceiling	LIMIT_EXCEEDED: client unresolved admission ceiling
4278	1789137354485	2	20	admit-ceiling	LIMIT_EXCEEDED: client unresolved admission ceiling
4286	1789137354494	2	110	admit-refused	authority refusal LIMIT_EXCEEDED: retained input, output or executor capacity
4309	1789137354517	2	107	admit-retried	succeeded after 3 refusals
4309	1789137354517	2	107	admitted	admit=1345ms
4366	1789137354574	1	157	admit-refused	authority refusal LIMIT_EXCEEDED: aggregate admission capacity exhausted
4380	1789137354588	1	58	admit-ceiling	LIMIT_EXCEEDED: client unresolved admission ceiling
4380	1789137354588	1	49	admit-ceiling	LIMIT_EXCEEDED: client unresolved admission ceiling
4381	1789137354588	1	52	admit-ceiling	LIMIT_EXCEEDED: client unresolved admission ceiling
4403	1789137354611	1	67	admit-ceiling	LIMIT_EXCEEDED: client unresolved admission ceiling
4420	1789137354628	1	142	admit-ceiling	LIMIT_EXCEEDED: client unresolved admission ceiling
4443	1789137354651	1	61	admit-retried	succeeded after 5 refusals
4443	1789137354651	1	61	admitted	admit=3417ms
4468	1789137354675	1	157	admit-ceiling	LIMIT_EXCEEDED: client unresolved admission ceiling
4487	1789137354695	0	102	admit-retried	succeeded after 4 refusals
4487	1789137354695	0	102	admitted	admit=2571ms
4497	1789137354705	2	119	admit-retried	succeeded after 1 refusals
4497	1789137354705	2	119	admitted	admit=692ms
4506	1789137354713	1	76	admit-ceiling	LIMIT_EXCEEDED: client unresolved admission ceiling
4506	1789137354714	1	73	admit-ceiling	LIMIT_EXCEEDED: client unresolved admission ceiling
4510	1789137354718	0	135	admitted	admit=321ms
4514	1789137354721	1	160	admit-refused	authority refusal LIMIT_EXCEEDED: aggregate admission capacity exhausted
4526	1789137354733	1	139	admit-refused	authority refusal LIMIT_EXCEEDED: aggregate admission capacity exhausted
4533	1789137354740	0	114	admit-retried	succeeded after 4 refusals
4533	1789137354740	0	114	admitted	admit=2388ms
4540	1789137354748	2	56	admit-refused	authority refusal LIMIT_EXCEEDED: retained input, output or executor capacity
4544	1789137354752	2	128	admit-refused	authority refusal LIMIT_EXCEEDED: retained input, output or executor capacity
4556	1789137354764	2	122	admitted	admit=552ms
4567	1789137354775	2	125	admit-refused	authority refusal LIMIT_EXCEEDED: retained input, output or executor capacity
4628	1789137354835	1	139	admit-ceiling	LIMIT_EXCEEDED: client unresolved admission ceiling
4632	1789137354840	2	131	admit-refused	authority refusal LIMIT_EXCEEDED: retained input, output or executor capacity
4660	1789137354867	0	138	admit-refused	authority refusal LIMIT_EXCEEDED: aggregate admission capacity exhausted
4664	1789137354871	0	129	admit-retried	succeeded after 1 refusals
4664	1789137354871	0	129	admitted	admit=697ms
4667	1789137354875	2	65	admit-refused	authority refusal LIMIT_EXCEEDED: retained input, output or executor capacity
4672	1789137354879	2	95	admit-refused	authority refusal LIMIT_EXCEEDED: retained input, output or executor capacity
4675	1789137354883	1	160	admit-refused	authority refusal LIMIT_EXCEEDED: aggregate admission capacity exhausted
4684	1789137354892	1	136	admit-retried	succeeded after 3 refusals
4684	1789137354892	1	136	admitted	admit=934ms
4687	1789137354895	2	128	admit-refused	authority refusal LIMIT_EXCEEDED: retained input, output or executor capacity
4690	1789137354898	0	144	admit-refused	authority refusal LIMIT_EXCEEDED: aggregate admission capacity exhausted
4696	1789137354904	2	125	admit-refused	authority refusal LIMIT_EXCEEDED: retained input, output or executor capacity
4779	1789137354986	0	141	admitted	admit=245ms
4782	1789137354989	0	75	admit-ceiling	LIMIT_EXCEEDED: client unresolved admission ceiling
4782	1789137354990	0	138	admit-ceiling	LIMIT_EXCEEDED: client unresolved admission ceiling
4798	1789137355006	0	150	admit-ceiling	LIMIT_EXCEEDED: client unresolved admission ceiling
4799	1789137355007	0	144	admit-ceiling	LIMIT_EXCEEDED: client unresolved admission ceiling
4822	1789137355030	1	142	admit-ceiling	LIMIT_EXCEEDED: client unresolved admission ceiling
4849	1789137355057	0	123	admit-ceiling	LIMIT_EXCEEDED: client unresolved admission ceiling
4850	1789137355058	1	55	admit-refused	authority refusal LIMIT_EXCEEDED: aggregate admission capacity exhausted
4856	1789137355063	0	66	admit-ceiling	LIMIT_EXCEEDED: client unresolved admission ceiling
4856	1789137355064	1	163	admitted	admit=171ms
4887	1789137355095	1	160	admit-ceiling	LIMIT_EXCEEDED: client unresolved admission ceiling
4891	1789137355099	0	63	admit-retried	succeeded after 5 refusals
4891	1789137355099	0	63	admitted	admit=3713ms
4924	1789137355132	0	150	admit-ceiling	LIMIT_EXCEEDED: client unresolved admission ceiling
4925	1789137355132	0	72	admit-ceiling	LIMIT_EXCEEDED: client unresolved admission ceiling
4925	1789137355132	0	84	admit-ceiling	LIMIT_EXCEEDED: client unresolved admission ceiling
4961	1789137355168	0	54	admit-refused	authority refusal LIMIT_EXCEEDED: aggregate admission capacity exhausted
4968	1789137355176	0	153	admit-refused	authority refusal LIMIT_EXCEEDED: aggregate admission capacity exhausted
5011	1789137355218	0	138	admit-refused	authority refusal LIMIT_EXCEEDED: aggregate admission capacity exhausted
5016	1789137355223	1	139	admit-refused	authority refusal LIMIT_EXCEEDED: aggregate admission capacity exhausted
5049	1789137355257	2	131	admit-retried	succeeded after 1 refusals
5049	1789137355257	2	131	admitted	admit=492ms
5055	1789137355262	0	147	admit-refused	authority refusal LIMIT_EXCEEDED: aggregate admission capacity exhausted
5086	1789137355294	0	96	admit-ceiling	LIMIT_EXCEEDED: client unresolved admission ceiling
5088	1789137355295	2	110	admit-ceiling	LIMIT_EXCEEDED: client unresolved admission ceiling
5114	1789137355321	0	144	admit-refused	authority refusal LIMIT_EXCEEDED: aggregate admission capacity exhausted
5119	1789137355327	0	153	admit-refused	authority refusal LIMIT_EXCEEDED: aggregate admission capacity exhausted
5126	1789137355334	0	87	admit-refused	authority refusal LIMIT_EXCEEDED: aggregate admission capacity exhausted
5172	1789137355380	2	128	admit-retried	succeeded after 2 refusals
5172	1789137355380	2	128	admitted	admit=674ms
5200	1789137355408	2	80	admit-ceiling	LIMIT_EXCEEDED: client unresolved admission ceiling
5245	1789137355453	2	125	admit-retried	succeeded after 2 refusals
5245	1789137355453	2	125	admitted	admit=935ms
5254	1789137355462	0	147	admit-refused	authority refusal LIMIT_EXCEEDED: aggregate admission capacity exhausted
5322	1789137355529	0	153	admit-ceiling	LIMIT_EXCEEDED: client unresolved admission ceiling
5369	1789137355576	1	160	admit-retried	succeeded after 3 refusals
5369	1789137355576	1	160	admitted	admit=925ms
5377	1789137355584	2	134	admit-refused	authority refusal LIMIT_EXCEEDED: retained input, output or executor capacity
5388	1789137355596	2	104	admit-retried	succeeded after 4 refusals
5388	1789137355596	2	104	admitted	admit=2471ms
5413	1789137355621	0	138	admit-ceiling	LIMIT_EXCEEDED: client unresolved admission ceiling
5418	1789137355626	1	139	admit-ceiling	LIMIT_EXCEEDED: client unresolved admission ceiling
5456	1789137355664	0	147	admit-ceiling	LIMIT_EXCEEDED: client unresolved admission ceiling
5474	1789137355682	1	169	admitted	admit=105ms
5515	1789137355723	0	144	admit-ceiling	LIMIT_EXCEEDED: client unresolved admission ceiling
5570	1789137355778	1	172	admitted	admit=95ms
5584	1789137355791	2	134	admit-refused	authority refusal LIMIT_EXCEEDED: retained input, output or executor capacity
5593	1789137355801	2	140	admit-refused	authority refusal LIMIT_EXCEEDED: retained input, output or executor capacity
5609	1789137355817	2	137	admitted	admit=436ms
5624	1789137355832	1	142	admit-ceiling	LIMIT_EXCEEDED: client unresolved admission ceiling
5723	1789137355931	0	153	admit-ceiling	LIMIT_EXCEEDED: client unresolved admission ceiling
5732	1789137355940	2	146	admit-refused	authority refusal LIMIT_EXCEEDED: retained input, output or executor capacity
5742	1789137355950	2	140	admit-refused	authority refusal LIMIT_EXCEEDED: retained input, output or executor capacity
5747	1789137355954	2	92	admit-refused	authority refusal LIMIT_EXCEEDED: retained input, output or executor capacity
5751	1789137355959	2	143	admitted	admit=362ms
5859	1789137356066	0	147	admit-ceiling	LIMIT_EXCEEDED: client unresolved admission ceiling
5985	1789137356192	1	157	admit-retried	succeeded after 2 refusals
5985	1789137356192	1	157	admitted	admit=1710ms
6061	1789137356269	1	178	admitted	admit=76ms
6215	1789137356423	0	138	admit-ceiling	LIMIT_EXCEEDED: client unresolved admission ceiling
6220	1789137356428	1	139	admit-ceiling	LIMIT_EXCEEDED: client unresolved admission ceiling
6273	1789137356481	2	95	admit-ceiling	LIMIT_EXCEEDED: client unresolved admission ceiling
6317	1789137356525	0	144	admit-ceiling	LIMIT_EXCEEDED: client unresolved admission ceiling
6416	1789137356624	2	134	admit-retried	succeeded after 2 refusals
6416	1789137356624	2	134	admitted	admit=1366ms
6452	1789137356659	0	123	admit-ceiling	LIMIT_EXCEEDED: client unresolved admission ceiling
6456	1789137356664	2	149	admitted	admit=704ms
6464	1789137356672	2	152	admit-refused	authority refusal LIMIT_EXCEEDED: retained input, output or executor capacity
6469	1789137356676	2	146	admit-refused	authority refusal LIMIT_EXCEEDED: retained input, output or executor capacity
6514	1789137356721	0	39	admit-retried	succeeded after 5 refusals
6514	1789137356721	0	39	admitted	admit=6251ms
6530	1789137356737	0	153	admit-ceiling	LIMIT_EXCEEDED: client unresolved admission ceiling
6550	1789137356757	2	155	admit-refused	authority refusal LIMIT_EXCEEDED: retained input, output or executor capacity
6613	1789137356821	0	156	admitted	admit=99ms
6647	1789137356855	2	152	admit-refused	authority refusal LIMIT_EXCEEDED: retained input, output or executor capacity
6660	1789137356868	0	147	admit-ceiling	LIMIT_EXCEEDED: client unresolved admission ceiling
6668	1789137356876	2	140	admit-retried	succeeded after 2 refusals
6668	1789137356876	2	140	admitted	admit=1422ms
6692	1789137356900	2	155	admit-refused	authority refusal LIMIT_EXCEEDED: retained input, output or executor capacity
6695	1789137356903	2	146	admit-refused	authority refusal LIMIT_EXCEEDED: retained input, output or executor capacity
6767	1789137356974	0	105	admit-retried	succeeded after 5 refusals
6767	1789137356974	0	105	admitted	admit=4825ms
6851	1789137357059	0	162	admitted	admit=83ms
6873	1789137357081	1	181	admitted	admit=811ms
6970	1789137357177	0	165	admitted	admit=118ms
7024	1789137357231	1	166	admitted	admit=2167ms
7077	1789137357284	2	158	admitted	admit=407ms
7085	1789137357293	2	110	admit-refused	authority refusal LIMIT_EXCEEDED: retained input, output or executor capacity
7106	1789137357314	0	168	admitted	admit=136ms
7106	1789137357314	1	175	admitted	admit=1535ms
7129	1789137357336	0	150	admit-retried	succeeded after 2 refusals
7129	1789137357336	0	150	admitted	admit=2348ms
7186	1789137357393	1	187	admitted	admit=161ms
7218	1789137357426	1	190	admitted	admit=111ms
7225	1789137357433	0	171	admitted	admit=96ms
7238	1789137357446	1	154	admit-retried	succeeded after 1 refusals
7238	1789137357446	1	154	admitted	admit=3123ms
7290	1789137357498	0	174	admitted	admit=160ms
7327	1789137357534	2	152	admit-retried	succeeded after 2 refusals
7327	1789137357534	2	152	admitted	admit=909ms
7329	1789137357537	1	199	admit-ceiling	LIMIT_EXCEEDED: client unresolved admission ceiling
7359	1789137357567	0	177	admitted	admit=133ms
7367	1789137357575	2	164	admit-refused	authority refusal LIMIT_EXCEEDED: retained input, output or executor capacity
7377	1789137357585	1	142	admit-retried	succeeded after 5 refusals
7377	1789137357585	1	142	admitted	admit=3607ms
7383	1789137357590	2	155	admit-retried	succeeded after 2 refusals
7383	1789137357590	2	155	admitted	admit=926ms
7399	1789137357606	1	25	admit-ceiling	LIMIT_EXCEEDED: client unresolved admission ceiling
7399	1789137357606	1	40	admit-ceiling	LIMIT_EXCEEDED: client unresolved admission ceiling
7399	1789137357607	1	43	admit-ceiling	LIMIT_EXCEEDED: client unresolved admission ceiling
7404	1789137357611	2	161	admit-refused	authority refusal LIMIT_EXCEEDED: retained input, output or executor capacity
7409	1789137357617	2	146	admit-refused	authority refusal LIMIT_EXCEEDED: retained input, output or executor capacity
7419	1789137357626	2	167	admit-refused	authority refusal LIMIT_EXCEEDED: retained input, output or executor capacity
7431	1789137357639	1	199	admit-ceiling	LIMIT_EXCEEDED: client unresolved admission ceiling
7468	1789137357676	0	183	admitted	admit=108ms
7474	1789137357681	2	164	admit-refused	authority refusal LIMIT_EXCEEDED: retained input, output or executor capacity
7480	1789137357688	2	47	admit-ceiling	LIMIT_EXCEEDED: client unresolved admission ceiling
7480	1789137357688	2	29	admit-ceiling	LIMIT_EXCEEDED: client unresolved admission ceiling
7506	1789137357714	2	161	admit-ceiling	LIMIT_EXCEEDED: client unresolved admission ceiling
7521	1789137357729	2	167	admit-ceiling	LIMIT_EXCEEDED: client unresolved admission ceiling
7543	1789137357750	2	41	admit-refused	authority refusal LIMIT_EXCEEDED: retained input, output or executor capacity
7544	1789137357752	2	20	admit-refused	authority refusal LIMIT_EXCEEDED: retained input, output or executor capacity
7547	1789137357754	2	44	admit-refused	authority refusal LIMIT_EXCEEDED: retained input, output or executor capacity
7549	1789137357757	2	23	admit-refused	authority refusal LIMIT_EXCEEDED: retained input, output or executor capacity
7573	1789137357781	0	186	admitted	admit=105ms
7598	1789137357806	1	196	admitted	admit=359ms
7600	1789137357807	1	58	admit-ceiling	LIMIT_EXCEEDED: client unresolved admission ceiling
7600	1789137357808	1	49	admit-ceiling	LIMIT_EXCEEDED: client unresolved admission ceiling
7633	1789137357841	1	205	admit-ceiling	LIMIT_EXCEEDED: client unresolved admission ceiling
7634	1789137357842	1	67	admit-ceiling	LIMIT_EXCEEDED: client unresolved admission ceiling
7634	1789137357842	1	199	admit-ceiling	LIMIT_EXCEEDED: client unresolved admission ceiling
7676	1789137357883	1	193	admitted	admit=457ms
7696	1789137357904	0	189	admitted	admit=122ms
7723	1789137357931	1	52	admit-retried	succeeded after 6 refusals
7723	1789137357931	1	52	admitted	admit=6697ms
7725	1789137357933	1	76	admit-ceiling	LIMIT_EXCEEDED: client unresolved admission ceiling
7728	1789137357935	0	81	admit-retried	succeeded after 5 refusals
7728	1789137357935	0	81	admitted	admit=6548ms
7757	1789137357965	1	211	admit-ceiling	LIMIT_EXCEEDED: client unresolved admission ceiling
7758	1789137357966	1	205	admit-ceiling	LIMIT_EXCEEDED: client unresolved admission ceiling
7784	1789137357992	2	164	admit-retried	succeeded after 2 refusals
7784	1789137357992	2	164	admitted	admit=457ms
7804	1789137358012	1	73	admit-retried	succeeded after 6 refusals
7804	1789137358012	1	73	admitted	admit=6747ms
7817	1789137358024	0	138	admit-ceiling	LIMIT_EXCEEDED: client unresolved admission ceiling
7829	1789137358037	1	139	admit-ceiling	LIMIT_EXCEEDED: client unresolved admission ceiling
7870	1789137358077	2	65	admit-ceiling	LIMIT_EXCEEDED: client unresolved admission ceiling
7871	1789137358079	0	192	admitted	admit=143ms
7881	1789137358088	1	208	admitted	admit=204ms
7898	1789137358105	1	214	admitted	admit=93ms
7919	1789137358127	0	144	admit-ceiling	LIMIT_EXCEEDED: client unresolved admission ceiling
7952	1789137358160	1	220	admit-ceiling	LIMIT_EXCEEDED: client unresolved admission ceiling
7960	1789137358168	1	205	admit-ceiling	LIMIT_EXCEEDED: client unresolved admission ceiling
7987	1789137358195	0	195	admitted	admit=259ms
7992	1789137358200	1	184	admitted	admit=1118ms
8020	1789137358227	0	201	admit-ceiling	LIMIT_EXCEEDED: client unresolved admission ceiling
8025	1789137358232	2	161	admit-retried	succeeded after 2 refusals
8025	1789137358232	2	161	admitted	admit=947ms
8029	1789137358237	1	217	admitted	admit=131ms
8057	1789137358264	0	66	admit-ceiling	LIMIT_EXCEEDED: client unresolved admission ceiling
8111	1789137358318	1	202	admitted	admit=732ms
8111	1789137358319	1	55	admit-ceiling	LIMIT_EXCEEDED: client unresolved admission ceiling
8111	1789137358319	1	220	admit-ceiling	LIMIT_EXCEEDED: client unresolved admission ceiling
8113	1789137358321	0	198	admitted	admit=241ms
8140	1789137358348	1	229	admit-ceiling	LIMIT_EXCEEDED: client unresolved admission ceiling
8142	1789137358349	0	201	admit-ceiling	LIMIT_EXCEEDED: client unresolved admission ceiling
8142	1789137358350	0	84	admit-ceiling	LIMIT_EXCEEDED: client unresolved admission ceiling
8142	1789137358350	0	72	admit-ceiling	LIMIT_EXCEEDED: client unresolved admission ceiling
8142	1789137358350	0	153	admit-ceiling	LIMIT_EXCEEDED: client unresolved admission ceiling
8167	1789137358375	2	167	admit-retried	succeeded after 2 refusals
8167	1789137358375	2	167	admitted	admit=784ms
8180	1789137358387	1	223	admitted	admit=187ms
8185	1789137358392	0	75	admit-retried	succeeded after 6 refusals
8185	1789137358392	0	75	admitted	admit=7005ms
8208	1789137358416	2	170	admit-refused	authority refusal LIMIT_EXCEEDED: retained input, output or executor capacity
8214	1789137358421	2	173	admit-refused	authority refusal LIMIT_EXCEEDED: retained input, output or executor capacity
8215	1789137358423	0	207	admit-ceiling	LIMIT_EXCEEDED: client unresolved admission ceiling
8219	1789137358426	2	176	admit-refused	authority refusal LIMIT_EXCEEDED: retained input, output or executor capacity
8223	1789137358430	1	226	admit-refused	authority refusal LIMIT_EXCEEDED: aggregate admission capacity exhausted
8232	1789137358440	1	211	admit-retried	succeeded after 1 refusals
8232	1789137358440	1	211	admitted	admit=508ms
8235	1789137358443	2	56	admit-retried	succeeded after 6 refusals
8235	1789137358443	2	56	admitted	admit=7016ms
8239	1789137358447	1	199	admit-refused	authority refusal LIMIT_EXCEEDED: aggregate admission capacity exhausted
8241	1789137358449	2	146	admit-refused	authority refusal LIMIT_EXCEEDED: retained input, output or executor capacity
8260	1789137358468	2	179	admit-refused	authority refusal LIMIT_EXCEEDED: retained input, output or executor capacity
8262	1789137358470	0	147	admit-ceiling	LIMIT_EXCEEDED: client unresolved admission ceiling
8297	1789137358505	0	54	admit-retried	succeeded after 6 refusals
8297	1789137358505	0	54	admitted	admit=7119ms
8324	1789137358532	1	226	admit-ceiling	LIMIT_EXCEEDED: client unresolved admission ceiling
8329	1789137358537	0	210	admit-ceiling	LIMIT_EXCEEDED: client unresolved admission ceiling
8330	1789137358538	0	207	admit-ceiling	LIMIT_EXCEEDED: client unresolved admission ceiling
8330	1789137358538	0	87	admit-ceiling	LIMIT_EXCEEDED: client unresolved admission ceiling
8344	1789137358552	0	201	admit-ceiling	LIMIT_EXCEEDED: client unresolved admission ceiling
8360	1789137358568	0	96	admit-retried	succeeded after 6 refusals
8360	1789137358568	0	96	admitted	admit=6661ms
8361	1789137358569	2	170	admit-refused	authority refusal LIMIT_EXCEEDED: retained input, output or executor capacity
8363	1789137358571	2	173	admit-refused	authority refusal LIMIT_EXCEEDED: retained input, output or executor capacity
8373	1789137358581	2	176	admit-refused	authority refusal LIMIT_EXCEEDED: retained input, output or executor capacity
8383	1789137358590	1	220	admit-retried	succeeded after 2 refusals
8383	1789137358590	1	220	admitted	admit=484ms
8386	1789137358594	2	179	admit-refused	authority refusal LIMIT_EXCEEDED: retained input, output or executor capacity
8417	1789137358625	1	238	admit-ceiling	LIMIT_EXCEEDED: client unresolved admission ceiling
8431	1789137358638	2	80	admit-refused	authority refusal LIMIT_EXCEEDED: retained input, output or executor capacity
8431	1789137358639	0	210	admit-ceiling	LIMIT_EXCEEDED: client unresolved admission ceiling
8431	1789137358639	1	235	admit-refused	authority refusal LIMIT_EXCEEDED: aggregate admission capacity exhausted
8458	1789137358665	0	213	admitted	admit=97ms
8470	1789137358678	1	229	admit-refused	authority refusal LIMIT_EXCEEDED: aggregate admission capacity exhausted
8532	1789137358739	0	207	admit-ceiling	LIMIT_EXCEEDED: client unresolved admission ceiling
8533	1789137358741	1	235	admit-ceiling	LIMIT_EXCEEDED: client unresolved admission ceiling
8570	1789137358778	0	216	admitted	admit=112ms
8633	1789137358841	0	210	admit-ceiling	LIMIT_EXCEEDED: client unresolved admission ceiling
8663	1789137358871	0	219	admitted	admit=92ms
8672	1789137358880	1	229	admit-ceiling	LIMIT_EXCEEDED: client unresolved admission ceiling
8717	1789137358925	1	232	admitted	admit=537ms
8740	1789137358947	0	180	admitted	admit=1449ms
8752	1789137358960	1	235	admit-ceiling	LIMIT_EXCEEDED: client unresolved admission ceiling
8786	1789137358994	0	222	admitted	admit=122ms
8809	1789137359016	0	228	admit-ceiling	LIMIT_EXCEEDED: client unresolved admission ceiling
8819	1789137359026	1	226	admit-retried	succeeded after 2 refusals
8819	1789137359026	1	226	admitted	admit=788ms
8854	1789137359061	0	204	admitted	admit=740ms
8896	1789137359104	0	225	admitted	admit=156ms
8912	1789137359120	1	241	admit-refused	authority refusal LIMIT_EXCEEDED: aggregate admission capacity exhausted
8917	1789137359124	1	238	admit-refused	authority refusal LIMIT_EXCEEDED: aggregate admission capacity exhausted
8918	1789137359126	2	170	admit-retried	succeeded after 2 refusals
8918	1789137359126	2	170	admitted	admit=1133ms
8923	1789137359131	1	244	admitted	admit=104ms
8951	1789137359159	0	201	admit-retried	succeeded after 3 refusals
8951	1789137359159	0	201	admitted	admit=963ms
8976	1789137359184	2	173	admit-retried	succeeded after 2 refusals
8976	1789137359184	2	173	admitted	admit=951ms
8980	1789137359187	2	176	admit-refused	authority refusal LIMIT_EXCEEDED: retained input, output or executor capacity
8984	1789137359191	0	231	admitted	admit=129ms
9000	1789137359207	2	179	admit-refused	authority refusal LIMIT_EXCEEDED: retained input, output or executor capacity
9005	1789137359212	2	182	admit-refused	authority refusal LIMIT_EXCEEDED: retained input, output or executor capacity
9016	1789137359224	0	237	admit-ceiling	LIMIT_EXCEEDED: client unresolved admission ceiling
9034	1789137359242	0	240	admit-ceiling	LIMIT_EXCEEDED: client unresolved admission ceiling
9035	1789137359243	0	210	admit-ceiling	LIMIT_EXCEEDED: client unresolved admission ceiling
9057	1789137359265	0	228	admit-refused	authority refusal LIMIT_EXCEEDED: aggregate admission capacity exhausted
9074	1789137359282	1	229	admit-ceiling	LIMIT_EXCEEDED: client unresolved admission ceiling
9112	1789137359319	2	92	admit-refused	authority refusal LIMIT_EXCEEDED: retained input, output or executor capacity
9119	1789137359326	1	238	admit-ceiling	LIMIT_EXCEEDED: client unresolved admission ceiling
9136	1789137359344	0	240	admit-ceiling	LIMIT_EXCEEDED: client unresolved admission ceiling
9147	1789137359355	2	185	admit-refused	authority refusal LIMIT_EXCEEDED: retained input, output or executor capacity
9150	1789137359357	2	182	admit-refused	authority refusal LIMIT_EXCEEDED: retained input, output or executor capacity
9154	1789137359361	1	235	admit-ceiling	LIMIT_EXCEEDED: client unresolved admission ceiling
9171	1789137359379	0	237	admit-refused	authority refusal LIMIT_EXCEEDED: aggregate admission capacity exhausted
9179	1789137359387	1	205	admit-retried	succeeded after 3 refusals
9179	1789137359387	1	205	admitted	admit=1580ms
9253	1789137359461	1	199	admit-refused	authority refusal LIMIT_EXCEEDED: aggregate admission capacity exhausted
9254	1789137359462	1	250	admitted	admit=74ms
9279	1789137359486	0	234	admit-refused	authority refusal LIMIT_EXCEEDED: aggregate admission capacity exhausted
9297	1789137359505	0	228	admit-refused	authority refusal LIMIT_EXCEEDED: aggregate admission capacity exhausted
9301	1789137359508	0	207	admit-retried	succeeded after 3 refusals
9301	1789137359508	0	207	admitted	admit=1115ms
9364	1789137359572	1	253	admit-refused	authority refusal LIMIT_EXCEEDED: aggregate admission capacity exhausted
9382	1789137359590	0	234	admit-ceiling	LIMIT_EXCEEDED: client unresolved admission ceiling
9392	1789137359600	1	241	admit-refused	authority refusal LIMIT_EXCEEDED: aggregate admission capacity exhausted
9404	1789137359611	0	243	admit-refused	authority refusal LIMIT_EXCEEDED: aggregate admission capacity exhausted
9448	1789137359655	2	185	admit-retried	succeeded after 1 refusals
9448	1789137359655	2	185	admitted	admit=470ms
9475	1789137359682	2	95	admit-ceiling	LIMIT_EXCEEDED: client unresolved admission ceiling
9493	1789137359701	0	159	admit-refused	authority refusal LIMIT_EXCEEDED: aggregate admission capacity exhausted
9501	1789137359708	0	237	admit-refused	authority refusal LIMIT_EXCEEDED: aggregate admission capacity exhausted
9543	1789137359751	0	243	admit-refused	authority refusal LIMIT_EXCEEDED: aggregate admission capacity exhausted
9622	1789137359830	2	182	admit-retried	succeeded after 2 refusals
9622	1789137359830	2	182	admitted	admit=703ms
9662	1789137359869	2	176	admit-refused	authority refusal LIMIT_EXCEEDED: retained input, output or executor capacity
9699	1789137359907	0	228	admit-ceiling	LIMIT_EXCEEDED: client unresolved admission ceiling
9712	1789137359919	1	241	admit-retried	succeeded after 2 refusals
9712	1789137359919	1	241	admitted	admit=994ms
9745	1789137359953	0	243	admit-ceiling	LIMIT_EXCEEDED: client unresolved admission ceiling
9755	1789137359963	0	159	admit-refused	authority refusal LIMIT_EXCEEDED: aggregate admission capacity exhausted
9766	1789137359973	0	234	admit-refused	authority refusal LIMIT_EXCEEDED: aggregate admission capacity exhausted
9768	1789137359976	0	240	admit-refused	authority refusal LIMIT_EXCEEDED: aggregate admission capacity exhausted
9785	1789137359992	1	256	admitted	admit=72ms
9830	1789137360037	2	179	admit-retried	succeeded after 3 refusals
9830	1789137360037	2	179	admitted	admit=1594ms
9840	1789137360047	1	238	admit-retried	succeeded after 3 refusals
9840	1789137360047	1	238	admitted	admit=1456ms
9851	1789137360059	1	253	admit-refused	authority refusal LIMIT_EXCEEDED: aggregate admission capacity exhausted
9884	1789137360092	2	194	admit-refused	authority refusal LIMIT_EXCEEDED: retained input, output or executor capacity
9887	1789137360094	2	146	admit-refused	authority refusal LIMIT_EXCEEDED: retained input, output or executor capacity
9904	1789137360112	2	188	admitted	admit=455ms
9944	1789137360152	1	262	admit-refused	authority refusal LIMIT_EXCEEDED: aggregate admission capacity exhausted
9950	1789137360158	1	229	admit-retried	succeeded after 4 refusals
9950	1789137360158	1	229	admitted	admit=1838ms
9971	1789137360179	2	191	admit-refused	authority refusal LIMIT_EXCEEDED: retained input, output or executor capacity
9976	1789137360184	2	197	admit-refused	authority refusal LIMIT_EXCEEDED: retained input, output or executor capacity
9992	1789137360200	0	210	admit-retried	succeeded after 4 refusals
9992	1789137360200	0	210	admitted	admit=1694ms
10041	1789137360248	2	194	admit-refused	authority refusal LIMIT_EXCEEDED: retained input, output or executor capacity
10045	1789137360252	0	159	admit-retried	succeeded after 2 refusals
10045	1789137360252	0	159	admitted	admit=3430ms
10046	1789137360253	1	262	admit-ceiling	LIMIT_EXCEEDED: client unresolved admission ceiling
10052	1789137360260	1	253	admit-ceiling	LIMIT_EXCEEDED: client unresolved admission ceiling
10054	1789137360261	1	235	admit-refused	authority refusal LIMIT_EXCEEDED: aggregate admission capacity exhausted
10107	1789137360315	0	249	admit-refused	authority refusal LIMIT_EXCEEDED: aggregate admission capacity exhausted
10115	1789137360322	0	246	admit-refused	authority refusal LIMIT_EXCEEDED: aggregate admission capacity exhausted
10131	1789137360339	1	265	admitted	admit=180ms
10171	1789137360378	0	240	admit-ceiling	LIMIT_EXCEEDED: client unresolved admission ceiling
10209	1789137360416	0	249	admit-ceiling	LIMIT_EXCEEDED: client unresolved admission ceiling
10217	1789137360425	0	246	admit-ceiling	LIMIT_EXCEEDED: client unresolved admission ceiling
10229	1789137360436	1	268	admitted	admit=97ms
10261	1789137360468	0	234	admit-retried	succeeded after 3 refusals
10261	1789137360468	0	234	admitted	admit=1363ms
10262	1789137360470	0	243	admit-refused	authority refusal LIMIT_EXCEEDED: aggregate admission capacity exhausted
10317	1789137360525	1	271	admit-refused	authority refusal LIMIT_EXCEEDED: aggregate admission capacity exhausted
10327	1789137360535	1	262	admit-refused	authority refusal LIMIT_EXCEEDED: aggregate admission capacity exhausted
10331	1789137360538	2	191	admit-retried	succeeded after 1 refusals
10331	1789137360538	2	191	admitted	admit=708ms
10378	1789137360586	2	197	admit-retried	succeeded after 1 refusals
10378	1789137360586	2	197	admitted	admit=473ms
10394	1789137360602	2	110	admit-refused	authority refusal LIMIT_EXCEEDED: retained input, output or executor capacity
10402	1789137360609	2	200	admit-refused	authority refusal LIMIT_EXCEEDED: retained input, output or executor capacity
10403	1789137360611	0	237	admit-retried	succeeded after 3 refusals
10403	1789137360611	0	237	admitted	admit=1419ms
10425	1789137360633	0	252	admit-refused	authority refusal LIMIT_EXCEEDED: aggregate admission capacity exhausted
10456	1789137360664	1	247	admitted	admit=1532ms
10461	1789137360669	0	123	admit-refused	authority refusal LIMIT_EXCEEDED: aggregate admission capacity exhausted
10522	1789137360730	1	271	admit-retried	succeeded after 1 refusals
10522	1789137360730	1	271	admitted	admit=293ms
10527	1789137360734	0	252	admit-ceiling	LIMIT_EXCEEDED: client unresolved admission ceiling
10532	1789137360740	0	249	admit-refused	authority refusal LIMIT_EXCEEDED: aggregate admission capacity exhausted
10580	1789137360788	2	194	admit-retried	succeeded after 2 refusals
10580	1789137360788	2	194	admitted	admit=750ms
10593	1789137360800	0	255	admit-refused	authority refusal LIMIT_EXCEEDED: aggregate admission capacity exhausted
10608	1789137360816	1	253	admit-refused	authority refusal LIMIT_EXCEEDED: aggregate admission capacity exhausted
10654	1789137360861	2	203	admitted	admit=275ms
10667	1789137360875	0	246	admit-refused	authority refusal LIMIT_EXCEEDED: aggregate admission capacity exhausted
10734	1789137360941	0	255	admit-refused	authority refusal LIMIT_EXCEEDED: aggregate admission capacity exhausted
10746	1789137360954	2	206	admit-refused	authority refusal LIMIT_EXCEEDED: retained input, output or executor capacity
10764	1789137360971	2	176	admit-refused	authority refusal LIMIT_EXCEEDED: retained input, output or executor capacity
10766	1789137360974	2	209	admit-refused	authority refusal LIMIT_EXCEEDED: retained input, output or executor capacity
10788	1789137360995	2	200	admit-refused	authority refusal LIMIT_EXCEEDED: retained input, output or executor capacity
10790	1789137360998	0	252	admit-retried	succeeded after 2 refusals
10790	1789137360998	0	252	admitted	admit=529ms
10817	1789137361025	1	262	admit-retried	succeeded after 3 refusals
10817	1789137361025	1	262	admitted	admit=977ms
10876	1789137361084	1	277	admitted	admit=353ms
10890	1789137361098	0	258	admit-refused	authority refusal LIMIT_EXCEEDED: aggregate admission capacity exhausted
10899	1789137361107	1	283	admit-ceiling	LIMIT_EXCEEDED: client unresolved admission ceiling
10992	1789137361200	0	258	admit-ceiling	LIMIT_EXCEEDED: client unresolved admission ceiling
11016	1789137361224	0	240	admit-refused	authority refusal LIMIT_EXCEEDED: aggregate admission capacity exhausted
11020	1789137361228	1	280	admitted	admit=202ms
11033	1789137361240	0	255	admit-retried	succeeded after 2 refusals
11033	1789137361240	0	255	admitted	admit=628ms
11040	1789137361247	0	249	admit-refused	authority refusal LIMIT_EXCEEDED: aggregate admission capacity exhausted
11046	1789137361253	1	286	admit-ceiling	LIMIT_EXCEEDED: client unresolved admission ceiling
11046	1789137361254	1	139	admit-ceiling	LIMIT_EXCEEDED: client unresolved admission ceiling
11069	1789137361277	0	246	admit-ceiling	LIMIT_EXCEEDED: client unresolved admission ceiling
11109	1789137361317	2	206	admit-retried	succeeded after 1 refusals
11109	1789137361317	2	206	admitted	admit=528ms
11133	1789137361340	0	138	admit-retried	succeeded after 6 refusals
11133	1789137361341	0	138	admitted	admit=6622ms
11140	1789137361347	0	243	admit-refused	authority refusal LIMIT_EXCEEDED: aggregate admission capacity exhausted
11147	1789137361355	1	286	admit-ceiling	LIMIT_EXCEEDED: client unresolved admission ceiling
11152	1789137361360	0	261	admit-refused	authority refusal LIMIT_EXCEEDED: aggregate admission capacity exhausted
11157	1789137361365	2	200	admit-refused	authority refusal LIMIT_EXCEEDED: retained input, output or executor capacity
11175	1789137361382	2	212	admit-refused	authority refusal LIMIT_EXCEEDED: retained input, output or executor capacity
11181	1789137361388	0	144	admit-refused	authority refusal LIMIT_EXCEEDED: aggregate admission capacity exhausted
11184	1789137361392	2	209	admit-retried	succeeded after 1 refusals
11184	1789137361392	2	209	admitted	admit=529ms
11193	1789137361401	1	283	admit-refused	authority refusal LIMIT_EXCEEDED: aggregate admission capacity exhausted
11206	1789137361414	1	259	admit-refused	authority refusal LIMIT_EXCEEDED: aggregate admission capacity exhausted
11226	1789137361434	0	258	admit-refused	authority refusal LIMIT_EXCEEDED: aggregate admission capacity exhausted
11234	1789137361442	1	199	admit-refused	authority refusal LIMIT_EXCEEDED: aggregate admission capacity exhausted
11277	1789137361484	0	228	admit-refused	authority refusal LIMIT_EXCEEDED: aggregate admission capacity exhausted
11336	1789137361544	0	261	admit-retried	succeeded after 1 refusals
11336	1789137361544	0	261	admitted	admit=303ms
11410	1789137361617	1	253	admit-ceiling	LIMIT_EXCEEDED: client unresolved admission ceiling
11420	1789137361627	0	153	admit-refused	authority refusal LIMIT_EXCEEDED: aggregate admission capacity exhausted
11434	1789137361641	2	215	admitted	admit=249ms
11461	1789137361669	0	267	admit-refused	authority refusal LIMIT_EXCEEDED: aggregate admission capacity exhausted
11480	1789137361688	1	286	admit-retried	succeeded after 2 refusals
11480	1789137361688	1	286	admitted	admit=459ms
11528	1789137361736	0	147	admit-retried	succeeded after 6 refusals
11528	1789137361736	0	147	admitted	admit=6864ms
11598	1789137361806	2	212	admit-retried	succeeded after 1 refusals
11598	1789137361806	2	212	admitted	admit=488ms
11612	1789137361820	0	270	admit-refused	authority refusal LIMIT_EXCEEDED: aggregate admission capacity exhausted
11613	1789137361820	1	283	admit-refused	authority refusal LIMIT_EXCEEDED: aggregate admission capacity exhausted
11616	1789137361824	1	289	admitted	admit=135ms
11626	1789137361833	0	267	admit-refused	authority refusal LIMIT_EXCEEDED: aggregate admission capacity exhausted
11724	1789137361932	2	218	admitted	admit=289ms
11799	1789137362007	1	235	admit-retried	succeeded after 5 refusals
11799	1789137362007	1	235	admitted	admit=3566ms
11804	1789137362012	0	270	admit-retried	succeeded after 1 refusals
11804	1789137362012	0	270	admitted	admit=275ms
11811	1789137362019	1	292	admit-refused	authority refusal LIMIT_EXCEEDED: aggregate admission capacity exhausted
11842	1789137362049	0	249	admit-ceiling	LIMIT_EXCEEDED: client unresolved admission ceiling
11871	1789137362079	0	246	admit-ceiling	LIMIT_EXCEEDED: client unresolved admission ceiling
11872	1789137362079	2	221	admit-refused	authority refusal LIMIT_EXCEEDED: retained input, output or executor capacity
11876	1789137362084	2	224	admit-refused	authority refusal LIMIT_EXCEEDED: retained input, output or executor capacity
11886	1789137362094	2	200	admit-retried	succeeded after 3 refusals
11886	1789137362094	2	200	admitted	admit=1554ms
11893	1789137362101	0	273	admit-refused	authority refusal LIMIT_EXCEEDED: aggregate admission capacity exhausted
11894	1789137362102	1	295	admitted	admit=94ms
12002	1789137362210	1	292	admit-retried	succeeded after 1 refusals
12002	1789137362210	1	292	admitted	admit=385ms
12024	1789137362231	2	227	admit-refused	authority refusal LIMIT_EXCEEDED: retained input, output or executor capacity
12026	1789137362234	2	221	admit-refused	authority refusal LIMIT_EXCEEDED: retained input, output or executor capacity
12030	1789137362237	0	264	admit-refused	authority refusal LIMIT_EXCEEDED: aggregate admission capacity exhausted
12031	1789137362239	1	283	admit-ceiling	LIMIT_EXCEEDED: client unresolved admission ceiling
12062	1789137362270	1	301	admit-refused	authority refusal LIMIT_EXCEEDED: aggregate admission capacity exhausted
12067	1789137362274	2	224	admit-refused	authority refusal LIMIT_EXCEEDED: retained input, output or executor capacity
12068	1789137362276	1	298	admitted	admit=173ms
12075	1789137362283	1	259	admit-refused	authority refusal LIMIT_EXCEEDED: aggregate admission capacity exhausted
12108	1789137362316	0	273	admit-refused	authority refusal LIMIT_EXCEEDED: aggregate admission capacity exhausted
12219	1789137362427	1	301	admit-refused	authority refusal LIMIT_EXCEEDED: aggregate admission capacity exhausted
12226	1789137362433	0	264	admit-retried	succeeded after 1 refusals
12226	1789137362433	0	264	admitted	admit=1092ms
12345	1789137362553	0	273	admit-refused	authority refusal LIMIT_EXCEEDED: aggregate admission capacity exhausted
12348	1789137362556	0	267	admit-retried	succeeded after 2 refusals
12348	1789137362556	0	267	admitted	admit=1011ms
12355	1789137362563	0	276	admit-refused	authority refusal LIMIT_EXCEEDED: aggregate admission capacity exhausted
12374	1789137362582	1	259	admit-retried	succeeded after 2 refusals
12374	1789137362582	1	259	admitted	admit=2589ms
12401	1789137362608	1	43	admit-ceiling	LIMIT_EXCEEDED: client unresolved admission ceiling
12401	1789137362609	1	40	admit-ceiling	LIMIT_EXCEEDED: client unresolved admission ceiling
12412	1789137362620	2	227	admit-retried	succeeded after 1 refusals
12412	1789137362620	2	227	admitted	admit=525ms
12421	1789137362629	1	301	admit-ceiling	LIMIT_EXCEEDED: client unresolved admission ceiling
12449	1789137362657	1	307	admit-refused	authority refusal LIMIT_EXCEEDED: aggregate admission capacity exhausted
12465	1789137362673	1	25	admit-refused	authority refusal LIMIT_EXCEEDED: aggregate admission capacity exhausted
12474	1789137362681	0	279	admitted	admit=124ms
12482	1789137362690	2	29	admit-ceiling	LIMIT_EXCEEDED: client unresolved admission ceiling
12482	1789137362690	2	47	admit-ceiling	LIMIT_EXCEEDED: client unresolved admission ceiling
12537	1789137362745	0	282	admit-refused	authority refusal LIMIT_EXCEEDED: aggregate admission capacity exhausted
12544	1789137362752	2	41	admit-ceiling	LIMIT_EXCEEDED: client unresolved admission ceiling
12546	1789137362753	2	20	admit-ceiling	LIMIT_EXCEEDED: client unresolved admission ceiling
12548	1789137362756	2	44	admit-ceiling	LIMIT_EXCEEDED: client unresolved admission ceiling
12551	1789137362759	2	23	admit-ceiling	LIMIT_EXCEEDED: client unresolved admission ceiling
12554	1789137362761	0	276	admit-retried	succeeded after 1 refusals
12554	1789137362761	0	276	admitted	admit=327ms
12602	1789137362810	1	49	admit-ceiling	LIMIT_EXCEEDED: client unresolved admission ceiling
12631	1789137362839	0	285	admit-refused	authority refusal LIMIT_EXCEEDED: aggregate admission capacity exhausted
12636	1789137362844	1	67	admit-ceiling	LIMIT_EXCEEDED: client unresolved admission ceiling
12671	1789137362878	1	58	admit-retried	succeeded after 7 refusals
12671	1789137362878	1	58	admitted	admit=11645ms
12690	1789137362898	0	282	admit-refused	authority refusal LIMIT_EXCEEDED: aggregate admission capacity exhausted
12704	1789137362912	0	240	admit-retried	succeeded after 5 refusals
12704	1789137362912	0	240	admitted	admit=3719ms
12727	1789137362935	1	310	admit-refused	authority refusal LIMIT_EXCEEDED: aggregate admission capacity exhausted
12747	1789137362955	0	273	admit-ceiling	LIMIT_EXCEEDED: client unresolved admission ceiling
12751	1789137362958	1	307	admit-retried	succeeded after 1 refusals
12751	1789137362958	1	307	admitted	admit=376ms
12806	1789137363013	1	76	admit-refused	authority refusal LIMIT_EXCEEDED: aggregate admission capacity exhausted
12808	1789137363015	0	288	admit-refused	authority refusal LIMIT_EXCEEDED: aggregate admission capacity exhausted
12829	1789137363036	1	310	admit-ceiling	LIMIT_EXCEEDED: client unresolved admission ceiling
12833	1789137363041	1	283	admit-ceiling	LIMIT_EXCEEDED: client unresolved admission ceiling
12858	1789137363065	1	301	admit-refused	authority refusal LIMIT_EXCEEDED: aggregate admission capacity exhausted
12861	1789137363068	1	313	admit-refused	authority refusal LIMIT_EXCEEDED: aggregate admission capacity exhausted
12876	1789137363084	2	221	admit-retried	succeeded after 2 refusals
12876	1789137363084	2	221	admitted	admit=1277ms
12886	1789137363094	1	304	admit-refused	authority refusal LIMIT_EXCEEDED: aggregate admission capacity exhausted
12892	1789137363099	0	282	admit-ceiling	LIMIT_EXCEEDED: client unresolved admission ceiling
12904	1789137363112	2	233	admit-ceiling	LIMIT_EXCEEDED: client unresolved admission ceiling
12910	1789137363118	0	288	admit-ceiling	LIMIT_EXCEEDED: client unresolved admission ceiling
12942	1789137363150	0	285	admit-retried	succeeded after 1 refusals
12942	1789137363150	0	285	admitted	admit=388ms
12963	1789137363171	1	274	admit-refused	authority refusal LIMIT_EXCEEDED: aggregate admission capacity exhausted
12977	1789137363185	2	224	admit-retried	succeeded after 2 refusals
12977	1789137363185	2	224	admitted	admit=1252ms
13005	1789137363213	2	233	admit-ceiling	LIMIT_EXCEEDED: client unresolved admission ceiling
13065	1789137363273	1	274	admit-ceiling	LIMIT_EXCEEDED: client unresolved admission ceiling
13068	1789137363276	0	291	admitted	admit=125ms
13089	1789137363296	2	146	admit-ceiling	LIMIT_EXCEEDED: client unresolved admission ceiling
13097	1789137363304	0	294	admit-ceiling	LIMIT_EXCEEDED: client unresolved admission ceiling
13117	1789137363325	1	304	admit-refused	authority refusal LIMIT_EXCEEDED: aggregate admission capacity exhausted
13123	1789137363330	0	66	admit-retried	succeeded after 7 refusals
13123	1789137363330	0	66	admitted	admit=11944ms
13125	1789137363333	1	253	admit-retried	succeeded after 5 refusals
13125	1789137363333	1	253	admitted	admit=3870ms
13142	1789137363350	0	243	admit-refused	authority refusal LIMIT_EXCEEDED: aggregate admission capacity exhausted
13157	1789137363365	1	313	admit-refused	authority refusal LIMIT_EXCEEDED: aggregate admission capacity exhausted
13166	1789137363374	0	72	admit-ceiling	LIMIT_EXCEEDED: client unresolved admission ceiling
13166	1789137363374	0	84	admit-ceiling	LIMIT_EXCEEDED: client unresolved admission ceiling
13172	1789137363380	0	228	admit-refused	authority refusal LIMIT_EXCEEDED: aggregate admission capacity exhausted
13186	1789137363394	1	310	admit-refused	authority refusal LIMIT_EXCEEDED: aggregate admission capacity exhausted
13207	1789137363414	2	233	admit-ceiling	LIMIT_EXCEEDED: client unresolved admission ceiling
13217	1789137363425	0	288	admit-refused	authority refusal LIMIT_EXCEEDED: aggregate admission capacity exhausted
13242	1789137363449	0	294	admit-refused	authority refusal LIMIT_EXCEEDED: aggregate admission capacity exhausted
13263	1789137363470	1	316	admit-refused	authority refusal LIMIT_EXCEEDED: aggregate admission capacity exhausted
13269	1789137363476	2	230	admit-refused	authority refusal LIMIT_EXCEEDED: retained input, output or executor capacity
13294	1789137363501	2	65	admit-refused	authority refusal LIMIT_EXCEEDED: retained input, output or executor capacity
13295	1789137363503	2	176	admit-retried	succeeded after 5 refusals
13295	1789137363503	2	176	admitted	admit=5127ms
13314	1789137363522	2	236	admit-refused	authority refusal LIMIT_EXCEEDED: retained input, output or executor capacity
13321	1789137363529	2	239	admit-refused	authority refusal LIMIT_EXCEEDED: retained input, output or executor capacity
13331	1789137363538	1	274	admit-retried	succeeded after 2 refusals
13331	1789137363538	1	274	admitted	admit=2873ms
13364	1789137363572	1	316	admit-ceiling	LIMIT_EXCEEDED: client unresolved admission ceiling
13375	1789137363583	2	230	admit-refused	authority refusal LIMIT_EXCEEDED: retained input, output or executor capacity
13387	1789137363594	0	282	admit-retried	succeeded after 3 refusals
13387	1789137363594	0	282	admitted	admit=912ms
13389	1789137363596	1	304	admit-refused	authority refusal LIMIT_EXCEEDED: aggregate admission capacity exhausted
13437	1789137363644	0	258	admit-retried	succeeded after 3 refusals
13437	1789137363644	0	258	admitted	admit=2646ms
13457	1789137363665	0	249	admit-ceiling	LIMIT_EXCEEDED: client unresolved admission ceiling
13457	1789137363665	0	294	admit-ceiling	LIMIT_EXCEEDED: client unresolved admission ceiling
13473	1789137363681	0	246	admit-ceiling	LIMIT_EXCEEDED: client unresolved admission ceiling
13503	1789137363711	1	313	admit-retried	succeeded after 2 refusals
13503	1789137363711	1	313	admitted	admit=751ms
13504	1789137363712	2	236	admit-refused	authority refusal LIMIT_EXCEEDED: retained input, output or executor capacity
13508	1789137363716	2	239	admit-refused	authority refusal LIMIT_EXCEEDED: retained input, output or executor capacity
13511	1789137363718	2	80	admit-refused	authority refusal LIMIT_EXCEEDED: retained input, output or executor capacity
13520	1789137363728	1	319	admit-refused	authority refusal LIMIT_EXCEEDED: aggregate admission capacity exhausted
13549	1789137363757	0	273	admit-ceiling	LIMIT_EXCEEDED: client unresolved admission ceiling
13619	1789137363827	0	288	admit-ceiling	LIMIT_EXCEEDED: client unresolved admission ceiling
13622	1789137363830	1	319	admit-ceiling	LIMIT_EXCEEDED: client unresolved admission ceiling
13659	1789137363867	1	316	admit-retried	succeeded after 2 refusals
13659	1789137363867	1	316	admitted	admit=533ms
13692	1789137363900	0	297	admitted	admit=568ms
13692	1789137363900	1	325	admit-ceiling	LIMIT_EXCEEDED: client unresolved admission ceiling
13717	1789137363925	1	301	admit-refused	authority refusal LIMIT_EXCEEDED: aggregate admission capacity exhausted
13738	1789137363945	2	230	admit-retried	succeeded after 2 refusals
13738	1789137363945	2	230	admitted	admit=1325ms
13750	1789137363958	1	310	admit-refused	authority refusal LIMIT_EXCEEDED: aggregate admission capacity exhausted
13824	1789137364032	1	319	admit-ceiling	LIMIT_EXCEEDED: client unresolved admission ceiling
13825	1789137364033	2	236	admit-refused	authority refusal LIMIT_EXCEEDED: retained input, output or executor capacity
13828	1789137364036	2	239	admit-refused	authority refusal LIMIT_EXCEEDED: retained input, output or executor capacity
13830	1789137364038	2	242	admit-refused	authority refusal LIMIT_EXCEEDED: retained input, output or executor capacity
13844	1789137364052	1	325	admit-refused	authority refusal LIMIT_EXCEEDED: aggregate admission capacity exhausted
13845	1789137364052	2	233	admit-retried	succeeded after 3 refusals
13845	1789137364052	2	233	admitted	admit=967ms
13859	1789137364067	0	294	admit-ceiling	LIMIT_EXCEEDED: client unresolved admission ceiling
13940	1789137364148	0	303	admitted	admit=502ms
14027	1789137364234	2	245	admitted	admit=181ms
14049	1789137364257	0	87	admit-retried	succeeded after 7 refusals
14049	1789137364257	0	87	admitted	admit=12371ms
14134	1789137364342	0	309	admitted	admit=193ms
14167	1789137364375	2	242	admit-retried	succeeded after 1 refusals
14167	1789137364375	2	242	admitted	admit=429ms
14188	1789137364395	0	312	admitted	admit=138ms
14227	1789137364434	1	319	admit-ceiling	LIMIT_EXCEEDED: client unresolved admission ceiling
14229	1789137364437	2	239	admit-ceiling	LIMIT_EXCEEDED: client unresolved admission ceiling
14261	1789137364469	1	322	admitted	admit=757ms
14281	1789137364489	0	315	admitted	admit=146ms
14309	1789137364517	0	318	admitted	admit=121ms
14376	1789137364583	1	328	admitted	admit=114ms
14386	1789137364594	2	248	admitted	admit=359ms
14421	1789137364629	0	288	admit-ceiling	LIMIT_EXCEEDED: client unresolved admission ceiling
14435	1789137364643	1	283	admit-ceiling	LIMIT_EXCEEDED: client unresolved admission ceiling
14436	1789137364643	1	199	admit-ceiling	LIMIT_EXCEEDED: client unresolved admission ceiling
14466	1789137364674	2	92	admit-retried	succeeded after 7 refusals
14466	1789137364674	2	92	admitted	admit=12005ms
14482	1789137364690	2	95	admit-ceiling	LIMIT_EXCEEDED: client unresolved admission ceiling
14502	1789137364710	0	321	admitted	admit=192ms
14513	1789137364720	1	304	admit-retried	succeeded after 3 refusals
14513	1789137364720	1	304	admitted	admit=2444ms
14561	1789137364769	1	325	admit-retried	succeeded after 2 refusals
14561	1789137364769	1	325	admitted	admit=901ms
14586	1789137364794	1	334	admit-refused	authority refusal LIMIT_EXCEEDED: aggregate admission capacity exhausted
14593	1789137364801	2	254	admit-refused	authority refusal LIMIT_EXCEEDED: retained input, output or executor capacity
14612	1789137364820	1	331	admitted	admit=236ms
14615	1789137364823	0	327	admitted	admit=112ms
14619	1789137364826	2	257	admit-refused	authority refusal LIMIT_EXCEEDED: retained input, output or executor capacity
14632	1789137364840	2	251	admit-refused	authority refusal LIMIT_EXCEEDED: retained input, output or executor capacity
14659	1789137364867	1	337	admit-refused	authority refusal LIMIT_EXCEEDED: aggregate admission capacity exhausted
14661	1789137364868	1	310	admit-retried	succeeded after 4 refusals
14661	1789137364868	1	310	admitted	admit=1989ms
14661	1789137364869	0	294	admit-ceiling	LIMIT_EXCEEDED: client unresolved admission ceiling
14713	1789137364921	1	340	admit-refused	authority refusal LIMIT_EXCEEDED: aggregate admission capacity exhausted
14726	1789137364933	2	236	admit-retried	succeeded after 3 refusals
14726	1789137364933	2	236	admitted	admit=1748ms
14730	1789137364938	1	55	admit-refused	authority refusal LIMIT_EXCEEDED: aggregate admission capacity exhausted
14736	1789137364943	0	324	admit-refused	authority refusal LIMIT_EXCEEDED: aggregate admission capacity exhausted
14736	1789137364944	0	330	admitted	admit=120ms
14748	1789137364956	1	334	admit-refused	authority refusal LIMIT_EXCEEDED: aggregate admission capacity exhausted
14770	1789137364978	1	343	admit-refused	authority refusal LIMIT_EXCEEDED: aggregate admission capacity exhausted
14825	1789137365033	2	254	admit-refused	authority refusal LIMIT_EXCEEDED: retained input, output or executor capacity
14999	1789137365207	1	337	admit-refused	authority refusal LIMIT_EXCEEDED: aggregate admission capacity exhausted
15020	1789137365228	1	334	admit-refused	authority refusal LIMIT_EXCEEDED: aggregate admission capacity exhausted
15031	1789137365239	2	239	admit-ceiling	LIMIT_EXCEEDED: client unresolved admission ceiling
15057	1789137365265	1	340	admit-refused	authority refusal LIMIT_EXCEEDED: aggregate admission capacity exhausted
15067	1789137365274	1	319	admit-refused	authority refusal LIMIT_EXCEEDED: aggregate admission capacity exhausted
15108	1789137365315	0	306	admitted	admit=1415ms
15109	1789137365316	2	260	admit-refused	authority refusal LIMIT_EXCEEDED: retained input, output or executor capacity
15125	1789137365332	1	343	admit-refused	authority refusal LIMIT_EXCEEDED: aggregate admission capacity exhausted
15130	1789137365338	2	257	admit-retried	succeeded after 1 refusals
15130	1789137365338	2	257	admitted	admit=663ms
15131	1789137365339	2	251	admit-refused	authority refusal LIMIT_EXCEEDED: retained input, output or executor capacity
15151	1789137365358	0	273	admit-ceiling	LIMIT_EXCEEDED: client unresolved admission ceiling
15263	1789137365471	0	336	admitted	admit=155ms
15334	1789137365541	1	337	admit-retried	succeeded after 2 refusals
15334	1789137365542	1	337	admitted	admit=772ms
15350	1789137365558	1	340	admit-retried	succeeded after 2 refusals
15350	1789137365558	1	340	admitted	admit=737ms
15396	1789137365603	2	110	admit-ceiling	LIMIT_EXCEEDED: client unresolved admission ceiling
15407	1789137365615	1	301	admit-refused	authority refusal LIMIT_EXCEEDED: aggregate admission capacity exhausted
15414	1789137365622	2	254	admit-retried	succeeded after 2 refusals
15414	1789137365622	2	254	admitted	admit=1027ms
15463	1789137365671	0	123	admit-ceiling	LIMIT_EXCEEDED: client unresolved admission ceiling
15475	1789137365683	1	334	admit-refused	authority refusal LIMIT_EXCEEDED: aggregate admission capacity exhausted
15478	1789137365686	1	346	admit-refused	authority refusal LIMIT_EXCEEDED: aggregate admission capacity exhausted
15497	1789137365705	0	300	admitted	admit=2110ms
15616	1789137365824	0	342	admitted	admit=118ms
15626	1789137365834	1	343	admit-retried	succeeded after 2 refusals
15626	1789137365834	1	343	admitted	admit=965ms
15684	1789137365892	1	346	admit-retried	succeeded after 1 refusals
15684	1789137365892	1	346	admitted	admit=333ms
15715	1789137365923	2	263	admitted	admit=585ms
15715	1789137365923	1	352	admit-refused	authority refusal LIMIT_EXCEEDED: aggregate admission capacity exhausted
15764	1789137365972	0	345	admitted	admit=147ms
15781	1789137365989	1	355	admit-refused	authority refusal LIMIT_EXCEEDED: aggregate admission capacity exhausted
15812	1789137366020	2	260	admit-retried	succeeded after 1 refusals
15812	1789137366020	2	260	admitted	admit=1086ms
15832	1789137366040	2	251	admit-refused	authority refusal LIMIT_EXCEEDED: retained input, output or executor capacity
15837	1789137366044	2	269	admit-refused	authority refusal LIMIT_EXCEEDED: retained input, output or executor capacity
15871	1789137366079	0	348	admitted	admit=106ms
15934	1789137366142	2	272	admit-refused	authority refusal LIMIT_EXCEEDED: retained input, output or executor capacity
15953	1789137366161	0	351	admitted	admit=81ms
16018	1789137366225	1	355	admit-retried	succeeded after 1 refusals
16018	1789137366225	1	355	admitted	admit=333ms
16019	1789137366227	2	269	admit-refused	authority refusal LIMIT_EXCEEDED: retained input, output or executor capacity
16023	1789137366231	0	288	admit-ceiling	LIMIT_EXCEEDED: client unresolved admission ceiling
16033	1789137366241	2	266	admitted	admit=618ms
16056	1789137366263	0	354	admitted	admit=102ms
16082	1789137366289	0	339	admitted	admit=818ms
16110	1789137366317	1	358	admit-refused	authority refusal LIMIT_EXCEEDED: aggregate admission capacity exhausted
16131	1789137366339	1	139	admit-retried	succeeded after 7 refusals
16131	1789137366339	1	139	admitted	admit=12361ms
16134	1789137366341	1	352	admit-refused	authority refusal LIMIT_EXCEEDED: aggregate admission capacity exhausted
16167	1789137366375	0	360	admit-refused	authority refusal LIMIT_EXCEEDED: aggregate admission capacity exhausted
16178	1789137366386	0	357	admitted	admit=96ms
16212	1789137366420	2	275	admit-refused	authority refusal LIMIT_EXCEEDED: retained input, output or executor capacity
16215	1789137366423	2	272	admit-refused	authority refusal LIMIT_EXCEEDED: retained input, output or executor capacity
16263	1789137366471	0	294	admit-ceiling	LIMIT_EXCEEDED: client unresolved admission ceiling
16269	1789137366477	0	360	admit-ceiling	LIMIT_EXCEEDED: client unresolved admission ceiling
16299	1789137366507	2	269	admit-refused	authority refusal LIMIT_EXCEEDED: retained input, output or executor capacity
16301	1789137366509	2	251	admit-refused	authority refusal LIMIT_EXCEEDED: retained input, output or executor capacity
16342	1789137366550	1	358	admit-retried	succeeded after 1 refusals
16342	1789137366550	1	358	admitted	admit=324ms
16344	1789137366551	0	243	admit-ceiling	LIMIT_EXCEEDED: client unresolved admission ceiling
16364	1789137366571	1	364	admit-ceiling	LIMIT_EXCEEDED: client unresolved admission ceiling
16365	1789137366573	2	275	admit-refused	authority refusal LIMIT_EXCEEDED: retained input, output or executor capacity
16371	1789137366578	1	334	admit-refused	authority refusal LIMIT_EXCEEDED: aggregate admission capacity exhausted
16374	1789137366582	0	228	admit-ceiling	LIMIT_EXCEEDED: client unresolved admission ceiling
16421	1789137366628	0	153	admit-ceiling	LIMIT_EXCEEDED: client unresolved admission ceiling
16453	1789137366661	0	324	admit-refused	authority refusal LIMIT_EXCEEDED: aggregate admission capacity exhausted
16459	1789137366667	0	333	admitted	admit=1722ms
16514	1789137366722	1	364	admit-refused	authority refusal LIMIT_EXCEEDED: aggregate admission capacity exhausted
16530	1789137366738	1	352	admit-retried	succeeded after 2 refusals
16530	1789137366738	1	352	admitted	admit=903ms
16580	1789137366788	0	366	admitted	admit=120ms
16591	1789137366798	2	272	admit-retried	succeeded after 2 refusals
16591	1789137366798	2	272	admitted	admit=778ms
16625	1789137366833	0	360	admit-refused	authority refusal LIMIT_EXCEEDED: aggregate admission capacity exhausted
16627	1789137366835	1	367	admit-refused	authority refusal LIMIT_EXCEEDED: aggregate admission capacity exhausted
16658	1789137366866	0	249	admit-ceiling	LIMIT_EXCEEDED: client unresolved admission ceiling
16722	1789137366930	1	349	admit-refused	authority refusal LIMIT_EXCEEDED: aggregate admission capacity exhausted
16799	1789137367007	0	369	admitted	admit=218ms
16824	1789137367032	1	349	admit-ceiling	LIMIT_EXCEEDED: client unresolved admission ceiling
16834	1789137367042	0	372	admit-ceiling	LIMIT_EXCEEDED: client unresolved admission ceiling
16847	1789137367055	1	364	admit-refused	authority refusal LIMIT_EXCEEDED: aggregate admission capacity exhausted
16854	1789137367062	1	367	admit-refused	authority refusal LIMIT_EXCEEDED: aggregate admission capacity exhausted
16871	1789137367079	1	319	admit-refused	authority refusal LIMIT_EXCEEDED: aggregate admission capacity exhausted
16936	1789137367144	0	372	admit-ceiling	LIMIT_EXCEEDED: client unresolved admission ceiling
16955	1789137367163	2	278	admitted	admit=364ms
17008	1789137367216	0	246	admit-retried	succeeded after 6 refusals
17008	1789137367216	0	246	admitted	admit=7015ms
17013	1789137367220	1	361	admit-refused	authority refusal LIMIT_EXCEEDED: aggregate admission capacity exhausted
17022	1789137367229	2	275	admit-retried	succeeded after 2 refusals
17022	1789137367229	2	275	admitted	admit=988ms
17041	1789137367249	0	360	admit-ceiling	LIMIT_EXCEEDED: client unresolved admission ceiling
17077	1789137367285	2	281	admit-refused	authority refusal LIMIT_EXCEEDED: retained input, output or executor capacity
17086	1789137367293	1	349	admit-refused	authority refusal LIMIT_EXCEEDED: aggregate admission capacity exhausted
17103	1789137367311	2	239	admit-retried	succeeded after 5 refusals
17103	1789137367311	2	239	admitted	admit=3808ms
17111	1789137367319	1	367	admit-refused	authority refusal LIMIT_EXCEEDED: aggregate admission capacity exhausted
17149	1789137367356	2	284	admit-refused	authority refusal LIMIT_EXCEEDED: retained input, output or executor capacity
17154	1789137367362	0	375	admitted	admit=145ms
17183	1789137367391	0	378	admit-ceiling	LIMIT_EXCEEDED: client unresolved admission ceiling
17233	1789137367441	0	372	admit-retried	succeeded after 2 refusals
17233	1789137367441	0	372	admitted	admit=433ms
17250	1789137367457	2	284	admit-ceiling	LIMIT_EXCEEDED: client unresolved admission ceiling
17279	1789137367487	0	324	admit-refused	authority refusal LIMIT_EXCEEDED: aggregate admission capacity exhausted
17312	1789137367519	2	269	admit-retried	succeeded after 3 refusals
17312	1789137367519	2	269	admitted	admit=1596ms
17321	1789137367529	0	381	admit-refused	authority refusal LIMIT_EXCEEDED: aggregate admission capacity exhausted
17349	1789137367557	0	144	admit-refused	authority refusal LIMIT_EXCEEDED: aggregate admission capacity exhausted
17352	1789137367559	1	364	admit-retried	succeeded after 3 refusals
17352	1789137367559	1	364	admitted	admit=1008ms
17375	1789137367583	0	378	admit-refused	authority refusal LIMIT_EXCEEDED: aggregate admission capacity exhausted
17453	1789137367660	2	284	admit-ceiling	LIMIT_EXCEEDED: client unresolved admission ceiling
17453	1789137367661	1	43	admit-refused	authority refusal LIMIT_EXCEEDED: aggregate admission capacity exhausted
17462	1789137367669	1	40	admit-refused	authority refusal LIMIT_EXCEEDED: aggregate admission capacity exhausted
17471	1789137367679	1	370	admitted	admit=118ms
17485	1789137367692	2	29	admit-ceiling	LIMIT_EXCEEDED: client unresolved admission ceiling
17485	1789137367692	2	47	admit-ceiling	LIMIT_EXCEEDED: client unresolved admission ceiling
17492	1789137367700	2	287	admit-refused	authority refusal LIMIT_EXCEEDED: retained input, output or executor capacity
17513	1789137367720	2	251	admit-retried	succeeded after 4 refusals
17513	1789137367720	2	251	admitted	admit=3344ms
17513	1789137367720	0	381	admit-retried	succeeded after 1 refusals
17513	1789137367720	0	381	admitted	admit=278ms
17513	1789137367721	1	367	admit-ceiling	LIMIT_EXCEEDED: client unresolved admission ceiling
17535	1789137367743	2	281	admit-refused	authority refusal LIMIT_EXCEEDED: retained input, output or executor capacity
17537	1789137367745	1	361	admit-refused	authority refusal LIMIT_EXCEEDED: aggregate admission capacity exhausted
17550	1789137367758	2	44	admit-ceiling	LIMIT_EXCEEDED: client unresolved admission ceiling
17553	1789137367760	2	23	admit-ceiling	LIMIT_EXCEEDED: client unresolved admission ceiling
17563	1789137367771	0	363	admit-refused	authority refusal LIMIT_EXCEEDED: aggregate admission capacity exhausted
17583	1789137367791	1	373	admit-refused	authority refusal LIMIT_EXCEEDED: aggregate admission capacity exhausted
17584	1789137367791	2	293	admit-refused	authority refusal LIMIT_EXCEEDED: retained input, output or executor capacity
17587	1789137367795	2	41	admit-refused	authority refusal LIMIT_EXCEEDED: retained input, output or executor capacity
17589	1789137367797	2	20	admit-refused	authority refusal LIMIT_EXCEEDED: retained input, output or executor capacity
17590	1789137367798	1	349	admit-refused	authority refusal LIMIT_EXCEEDED: aggregate admission capacity exhausted
17594	1789137367802	1	25	admit-refused	authority refusal LIMIT_EXCEEDED: aggregate admission capacity exhausted
17650	1789137367857	0	384	admitted	admit=136ms
17652	1789137367860	0	378	admit-refused	authority refusal LIMIT_EXCEEDED: aggregate admission capacity exhausted
17701	1789137367908	1	49	admit-refused	authority refusal LIMIT_EXCEEDED: aggregate admission capacity exhausted
17738	1789137367946	0	387	admit-refused	authority refusal LIMIT_EXCEEDED: aggregate admission capacity exhausted
17759	1789137367967	0	324	admit-refused	authority refusal LIMIT_EXCEEDED: aggregate admission capacity exhausted
17776	1789137367984	0	363	admit-refused	authority refusal LIMIT_EXCEEDED: aggregate admission capacity exhausted
17777	1789137367985	2	290	admitted	admit=464ms
17800	1789137368008	1	361	admit-refused	authority refusal LIMIT_EXCEEDED: aggregate admission capacity exhausted
17801	1789137368008	1	373	admit-retried	succeeded after 1 refusals
17801	1789137368008	1	373	admitted	admit=329ms
17816	1789137368024	1	67	admit-refused	authority refusal LIMIT_EXCEEDED: aggregate admission capacity exhausted
17854	1789137368062	2	284	admit-ceiling	LIMIT_EXCEEDED: client unresolved admission ceiling
17884	1789137368092	1	376	admit-refused	authority refusal LIMIT_EXCEEDED: aggregate admission capacity exhausted
17896	1789137368103	1	76	admit-refused	authority refusal LIMIT_EXCEEDED: aggregate admission capacity exhausted
18020	1789137368228	1	334	admit-refused	authority refusal LIMIT_EXCEEDED: aggregate admission capacity exhausted
18028	1789137368235	0	387	admit-refused	authority refusal LIMIT_EXCEEDED: aggregate admission capacity exhausted
18031	1789137368239	1	376	admit-refused	authority refusal LIMIT_EXCEEDED: aggregate admission capacity exhausted
18110	1789137368317	2	287	admit-retried	succeeded after 1 refusals
18110	1789137368317	2	287	admitted	admit=1005ms
18114	1789137368321	2	293	admit-refused	authority refusal LIMIT_EXCEEDED: retained input, output or executor capacity
18116	1789137368324	2	281	admit-refused	authority refusal LIMIT_EXCEEDED: retained input, output or executor capacity
18137	1789137368345	2	296	admit-refused	authority refusal LIMIT_EXCEEDED: retained input, output or executor capacity
18139	1789137368346	2	146	admit-refused	authority refusal LIMIT_EXCEEDED: retained input, output or executor capacity
18168	1789137368376	0	72	admit-ceiling	LIMIT_EXCEEDED: client unresolved admission ceiling
18177	1789137368385	2	299	admit-refused	authority refusal LIMIT_EXCEEDED: retained input, output or executor capacity
18188	1789137368396	0	378	admit-refused	authority refusal LIMIT_EXCEEDED: aggregate admission capacity exhausted
18287	1789137368494	1	376	admit-refused	authority refusal LIMIT_EXCEEDED: aggregate admission capacity exhausted
18290	1789137368497	0	84	admit-refused	authority refusal LIMIT_EXCEEDED: aggregate admission capacity exhausted
18296	1789137368504	1	361	admit-retried	succeeded after 3 refusals
18296	1789137368504	1	361	admitted	admit=2164ms
18308	1789137368516	0	387	admit-refused	authority refusal LIMIT_EXCEEDED: aggregate admission capacity exhausted
18437	1789137368645	1	367	admit-refused	authority refusal LIMIT_EXCEEDED: aggregate admission capacity exhausted
18449	1789137368657	1	349	admit-refused	authority refusal LIMIT_EXCEEDED: aggregate admission capacity exhausted
18450	1789137368657	1	379	admitted	admit=153ms
18453	1789137368661	0	273	admit-retried	succeeded after 6 refusals
18453	1789137368661	0	273	admitted	admit=6648ms
18513	1789137368720	2	80	admit-ceiling	LIMIT_EXCEEDED: client unresolved admission ceiling
18518	1789137368725	2	281	admit-ceiling	LIMIT_EXCEEDED: client unresolved admission ceiling
18535	1789137368743	1	382	admit-refused	authority refusal LIMIT_EXCEEDED: aggregate admission capacity exhausted
18595	1789137368802	0	390	admitted	admit=141ms
18646	1789137368854	0	324	admit-retried	succeeded after 4 refusals
18646	1789137368854	0	324	admitted	admit=4336ms
18661	1789137368869	2	65	admit-retried	succeeded after 8 refusals
18661	1789137368869	2	65	admitted	admit=17227ms
18675	1789137368882	0	393	admit-refused	authority refusal LIMIT_EXCEEDED: aggregate admission capacity exhausted
18692	1789137368899	2	302	admit-ceiling	LIMIT_EXCEEDED: client unresolved admission ceiling
18717	1789137368924	1	301	admit-retried	succeeded after 6 refusals
18717	1789137368924	1	301	admitted	admit=6714ms
18732	1789137368940	0	396	admit-refused	authority refusal LIMIT_EXCEEDED: aggregate admission capacity exhausted
18741	1789137368949	2	296	admit-retried	succeeded after 1 refusals
18741	1789137368949	2	296	admitted	admit=964ms
18746	1789137368954	0	360	admit-refused	authority refusal LIMIT_EXCEEDED: aggregate admission capacity exhausted
18767	1789137368974	0	387	admit-refused	authority refusal LIMIT_EXCEEDED: aggregate admission capacity exhausted
18780	1789137368988	1	382	admit-retried	succeeded after 1 refusals
18780	1789137368988	1	382	admitted	admit=329ms
18795	1789137369003	2	302	admit-ceiling	LIMIT_EXCEEDED: client unresolved admission ceiling
18835	1789137369043	2	293	admit-refused	authority refusal LIMIT_EXCEEDED: retained input, output or executor capacity
18838	1789137369046	2	284	admit-refused	authority refusal LIMIT_EXCEEDED: retained input, output or executor capacity
18862	1789137369070	2	299	admit-retried	succeeded after 1 refusals
18862	1789137369070	2	299	admitted	admit=752ms
18876	1789137369083	0	396	admit-refused	authority refusal LIMIT_EXCEEDED: aggregate admission capacity exhausted
18876	1789137369084	0	393	admit-retried	succeeded after 1 refusals
18876	1789137369084	0	393	admitted	admit=280ms
18909	1789137369117	1	388	admitted	admit=129ms
18990	1789137369198	0	399	admit-refused	authority refusal LIMIT_EXCEEDED: aggregate admission capacity exhausted
19021	1789137369229	1	391	admitted	admit=111ms
19077	1789137369285	2	305	admitted	admit=335ms
19097	1789137369305	0	378	admit-retried	succeeded after 4 refusals
19097	1789137369305	0	378	admitted	admit=1943ms
19102	1789137369309	2	302	admit-refused	authority refusal LIMIT_EXCEEDED: retained input, output or executor capacity
19148	1789137369356	1	394	admitted	admit=126ms
19202	1789137369410	0	402	admit-refused	authority refusal LIMIT_EXCEEDED: aggregate admission capacity exhausted
19202	1789137369410	0	396	admit-retried	succeeded after 2 refusals
19202	1789137369410	0	396	admitted	admit=555ms
19215	1789137369423	0	399	admit-refused	authority refusal LIMIT_EXCEEDED: aggregate admission capacity exhausted
19260	1789137369468	1	397	admitted	admit=111ms
19283	1789137369490	2	308	admitted	admit=419ms
19360	1789137369568	1	400	admit-refused	authority refusal LIMIT_EXCEEDED: aggregate admission capacity exhausted
19365	1789137369573	2	293	admit-refused	authority refusal LIMIT_EXCEEDED: retained input, output or executor capacity
19367	1789137369575	2	314	admit-refused	authority refusal LIMIT_EXCEEDED: retained input, output or executor capacity
19370	1789137369577	2	281	admit-refused	authority refusal LIMIT_EXCEEDED: retained input, output or executor capacity
19371	1789137369578	0	405	admit-refused	authority refusal LIMIT_EXCEEDED: aggregate admission capacity exhausted
19382	1789137369589	0	402	admit-refused	authority refusal LIMIT_EXCEEDED: aggregate admission capacity exhausted
19385	1789137369592	2	311	admitted	admit=307ms
19443	1789137369650	2	317	admit-refused	authority refusal LIMIT_EXCEEDED: retained input, output or executor capacity
19462	1789137369670	1	400	admit-ceiling	LIMIT_EXCEEDED: client unresolved admission ceiling
19490	1789137369698	0	399	admit-retried	succeeded after 2 refusals
19490	1789137369698	0	399	admitted	admit=613ms
19514	1789137369721	2	314	admit-refused	authority refusal LIMIT_EXCEEDED: retained input, output or executor capacity
19526	1789137369734	0	408	admit-ceiling	LIMIT_EXCEEDED: client unresolved admission ceiling
19526	1789137369734	1	376	admit-retried	succeeded after 3 refusals
19526	1789137369734	1	376	admitted	admit=1725ms
19569	1789137369777	0	387	admit-ceiling	LIMIT_EXCEEDED: client unresolved admission ceiling
19603	1789137369810	0	405	admit-retried	succeeded after 1 refusals
19603	1789137369810	0	405	admitted	admit=399ms
19638	1789137369845	0	411	admit-ceiling	LIMIT_EXCEEDED: client unresolved admission ceiling
19638	1789137369846	0	408	admit-ceiling	LIMIT_EXCEEDED: client unresolved admission ceiling
19661	1789137369869	1	199	admit-retried	succeeded after 7 refusals
19661	1789137369869	1	199	admitted	admit=12422ms
19680	1789137369888	1	400	admit-ceiling	LIMIT_EXCEEDED: client unresolved admission ceiling
19710	1789137369918	0	402	admit-retried	succeeded after 2 refusals
19710	1789137369918	0	402	admitted	admit=611ms
19732	1789137369940	1	55	admit-ceiling	LIMIT_EXCEEDED: client unresolved admission ceiling
19740	1789137369948	0	411	admit-ceiling	LIMIT_EXCEEDED: client unresolved admission ceiling
19817	1789137370025	2	95	admit-retried	succeeded after 8 refusals
19817	1789137370025	2	95	admitted	admit=17207ms
19840	1789137370048	0	408	admit-ceiling	LIMIT_EXCEEDED: client unresolved admission ceiling
19922	1789137370130	2	314	admit-refused	authority refusal LIMIT_EXCEEDED: retained input, output or executor capacity
19941	1789137370149	2	302	admit-retried	succeeded after 3 refusals
19941	1789137370149	2	302	admitted	admit=1279ms
19943	1789137370150	0	411	admit-ceiling	LIMIT_EXCEEDED: client unresolved admission ceiling
19968	1789137370176	0	414	admit-refused	authority refusal LIMIT_EXCEEDED: aggregate admission capacity exhausted
20003	1789137370211	2	317	admit-refused	authority refusal LIMIT_EXCEEDED: retained input, output or executor capacity
20008	1789137370216	2	320	admit-refused	authority refusal LIMIT_EXCEEDED: retained input, output or executor capacity
20032	1789137370240	2	323	admit-refused	authority refusal LIMIT_EXCEEDED: retained input, output or executor capacity
20039	1789137370247	1	367	admit-ceiling	LIMIT_EXCEEDED: client unresolved admission ceiling
20051	1789137370259	1	349	admit-ceiling	LIMIT_EXCEEDED: client unresolved admission ceiling
20073	1789137370280	1	319	admit-ceiling	LIMIT_EXCEEDED: client unresolved admission ceiling
20081	1789137370289	1	400	admit-ceiling	LIMIT_EXCEEDED: client unresolved admission ceiling
20199	1789137370407	0	414	admit-refused	authority refusal LIMIT_EXCEEDED: aggregate admission capacity exhausted
20212	1789137370419	0	363	admit-retried	succeeded after 2 refusals
20212	1789137370419	0	363	admitted	admit=4033ms
20297	1789137370504	0	408	admit-refused	authority refusal LIMIT_EXCEEDED: aggregate admission capacity exhausted
20300	1789137370507	1	283	admit-retried	succeeded after 6 refusals
20300	1789137370507	1	283	admitted	admit=9423ms
20305	1789137370513	0	417	admitted	admit=93ms
20324	1789137370532	2	314	admit-ceiling	LIMIT_EXCEEDED: client unresolved admission ceiling
20348	1789137370555	0	360	admit-ceiling	LIMIT_EXCEEDED: client unresolved admission ceiling
20383	1789137370591	0	420	admit-refused	authority refusal LIMIT_EXCEEDED: aggregate admission capacity exhausted
20396	1789137370604	0	294	admit-refused	authority refusal LIMIT_EXCEEDED: aggregate admission capacity exhausted
20397	1789137370605	2	110	admit-ceiling	LIMIT_EXCEEDED: client unresolved admission ceiling
20409	1789137370617	0	411	admit-refused	authority refusal LIMIT_EXCEEDED: aggregate admission capacity exhausted
20417	1789137370625	1	409	admitted	admit=117ms
20435	1789137370643	2	320	admit-retried	succeeded after 1 refusals
20435	1789137370643	2	320	admitted	admit=617ms
20470	1789137370677	2	284	admit-ceiling	LIMIT_EXCEEDED: client unresolved admission ceiling
20513	1789137370721	0	414	admit-refused	authority refusal LIMIT_EXCEEDED: aggregate admission capacity exhausted
20560	1789137370768	1	385	admitted	admit=1843ms
20588	1789137370795	2	326	admit-refused	authority refusal LIMIT_EXCEEDED: retained input, output or executor capacity
20613	1789137370820	2	323	admit-retried	succeeded after 1 refusals
20613	1789137370820	2	323	admitted	admit=671ms
20634	1789137370842	2	293	admit-refused	authority refusal LIMIT_EXCEEDED: retained input, output or executor capacity
20637	1789137370844	2	317	admit-refused	authority refusal LIMIT_EXCEEDED: retained input, output or executor capacity
20665	1789137370873	0	420	admit-refused	authority refusal LIMIT_EXCEEDED: aggregate admission capacity exhausted
20685	1789137370893	1	415	admitted	admit=124ms
20704	1789137370912	2	329	admit-refused	authority refusal LIMIT_EXCEEDED: retained input, output or executor capacity
20759	1789137370967	1	403	admitted	admit=1232ms
20785	1789137370993	1	418	admitted	admit=99ms
20789	1789137370997	0	288	admit-refused	authority refusal LIMIT_EXCEEDED: aggregate admission capacity exhausted
20860	1789137371067	1	421	admitted	admit=100ms
20890	1789137371098	1	400	admit-ceiling	LIMIT_EXCEEDED: client unresolved admission ceiling
20924	1789137371132	1	424	admitted	admit=138ms
20959	1789137371167	1	406	admit-refused	authority refusal LIMIT_EXCEEDED: aggregate admission capacity exhausted
20973	1789137371180	1	412	admitted	admit=555ms
21001	1789137371208	1	427	admitted	admit=140ms
21036	1789137371244	2	326	admit-retried	succeeded after 1 refusals
21036	1789137371244	2	326	admitted	admit=600ms
21042	1789137371249	1	430	admit-refused	authority refusal LIMIT_EXCEEDED: aggregate admission capacity exhausted
21052	1789137371260	0	414	admit-refused	authority refusal LIMIT_EXCEEDED: aggregate admission capacity exhausted
21054	1789137371262	0	420	admit-retried	succeeded after 2 refusals
21054	1789137371262	0	420	admitted	admit=748ms
21126	1789137371333	2	314	admit-ceiling	LIMIT_EXCEEDED: client unresolved admission ceiling
21135	1789137371343	0	423	admit-refused	authority refusal LIMIT_EXCEEDED: aggregate admission capacity exhausted
21180	1789137371388	0	123	admit-refused	authority refusal LIMIT_EXCEEDED: aggregate admission capacity exhausted
21192	1789137371400	1	433	admit-refused	authority refusal LIMIT_EXCEEDED: aggregate admission capacity exhausted
21212	1789137371420	2	329	admit-retried	succeeded after 1 refusals
21212	1789137371420	2	329	admitted	admit=598ms
21294	1789137371501	1	433	admit-ceiling	LIMIT_EXCEEDED: client unresolved admission ceiling
21318	1789137371526	0	411	admit-refused	authority refusal LIMIT_EXCEEDED: aggregate admission capacity exhausted
21321	1789137371528	0	387	admit-retried	succeeded after 5 refusals
21321	1789137371528	0	387	admitted	admit=3670ms
21349	1789137371557	0	423	admit-refused	authority refusal LIMIT_EXCEEDED: aggregate admission capacity exhausted
21364	1789137371572	1	430	admit-retried	succeeded after 1 refusals
21364	1789137371572	1	430	admitted	admit=439ms
21381	1789137371589	2	335	admit-refused	authority refusal LIMIT_EXCEEDED: retained input, output or executor capacity
21405	1789137371613	2	317	admit-retried	succeeded after 3 refusals
21405	1789137371613	2	317	admitted	admit=2019ms
21418	1789137371626	0	426	admit-refused	authority refusal LIMIT_EXCEEDED: aggregate admission capacity exhausted
21441	1789137371649	1	439	admit-refused	authority refusal LIMIT_EXCEEDED: aggregate admission capacity exhausted
21454	1789137371662	1	436	admit-refused	authority refusal LIMIT_EXCEEDED: aggregate admission capacity exhausted
21474	1789137371682	0	228	admit-refused	authority refusal LIMIT_EXCEEDED: aggregate admission capacity exhausted
21482	1789137371689	2	281	admit-refused	authority refusal LIMIT_EXCEEDED: retained input, output or executor capacity
21483	1789137371691	0	153	admit-retried	succeeded after 8 refusals
21483	1789137371691	0	153	admitted	admit=16591ms
21492	1789137371699	0	243	admit-refused	authority refusal LIMIT_EXCEEDED: aggregate admission capacity exhausted
21499	1789137371707	1	334	admit-refused	authority refusal LIMIT_EXCEEDED: aggregate admission capacity exhausted
21563	1789137371771	2	338	admit-refused	authority refusal LIMIT_EXCEEDED: retained input, output or executor capacity
21576	1789137371784	2	332	admitted	admit=539ms
21615	1789137371822	0	423	admit-refused	authority refusal LIMIT_EXCEEDED: aggregate admission capacity exhausted
21620	1789137371828	1	433	admit-refused	authority refusal LIMIT_EXCEEDED: aggregate admission capacity exhausted
21625	1789137371833	1	439	admit-refused	authority refusal LIMIT_EXCEEDED: aggregate admission capacity exhausted
21631	1789137371839	0	429	admit-refused	authority refusal LIMIT_EXCEEDED: aggregate admission capacity exhausted
21637	1789137371844	1	436	admit-refused	authority refusal LIMIT_EXCEEDED: aggregate admission capacity exhausted
21641	1789137371848	0	426	admit-refused	authority refusal LIMIT_EXCEEDED: aggregate admission capacity exhausted
21642	1789137371850	2	335	admit-refused	authority refusal LIMIT_EXCEEDED: retained input, output or executor capacity
21683	1789137371891	2	341	admit-refused	authority refusal LIMIT_EXCEEDED: retained input, output or executor capacity
21771	1789137371979	0	249	admit-retried	succeeded after 7 refusals
21771	1789137371979	0	249	admitted	admit=11726ms
21815	1789137372022	0	429	admit-retried	succeeded after 1 refusals
21815	1789137372023	0	429	admitted	admit=331ms
21846	1789137372054	2	338	admit-retried	succeeded after 1 refusals
21846	1789137372054	2	338	admitted	admit=441ms
21854	1789137372062	0	414	admit-ceiling	LIMIT_EXCEEDED: client unresolved admission ceiling
21929	1789137372137	0	426	admit-refused	authority refusal LIMIT_EXCEEDED: aggregate admission capacity exhausted
21931	1789137372139	0	435	admitted	admit=116ms
21984	1789137372191	1	436	admit-retried	succeeded after 2 refusals
21984	1789137372191	1	436	admitted	admit=982ms
21991	1789137372199	2	341	admit-retried	succeeded after 1 refusals
21992	1789137372199	2	341	admitted	admit=415ms
22030	1789137372238	1	439	admit-retried	succeeded after 2 refusals
22030	1789137372238	1	439	admitted	admit=665ms
22045	1789137372253	0	432	admitted	admit=273ms
22060	1789137372267	2	344	admit-refused	authority refusal LIMIT_EXCEEDED: retained input, output or executor capacity
22100	1789137372307	0	438	admit-refused	authority refusal LIMIT_EXCEEDED: aggregate admission capacity exhausted
22109	1789137372316	1	433	admit-refused	authority refusal LIMIT_EXCEEDED: aggregate admission capacity exhausted
22142	1789137372350	0	423	admit-refused	authority refusal LIMIT_EXCEEDED: aggregate admission capacity exhausted
22150	1789137372358	0	441	admitted	admit=104ms
22159	1789137372367	1	445	admitted	admit=128ms
22208	1789137372416	2	335	admit-retried	succeeded after 2 refusals
22208	1789137372416	2	335	admitted	admit=995ms
22233	1789137372441	0	444	admit-refused	authority refusal LIMIT_EXCEEDED: aggregate admission capacity exhausted
22239	1789137372446	1	448	admit-refused	authority refusal LIMIT_EXCEEDED: aggregate admission capacity exhausted
22242	1789137372450	0	438	admit-refused	authority refusal LIMIT_EXCEEDED: aggregate admission capacity exhausted
22317	1789137372524	2	350	admit-refused	authority refusal LIMIT_EXCEEDED: retained input, output or executor capacity
22320	1789137372528	2	347	admitted	admit=328ms
22322	1789137372529	2	293	admit-refused	authority refusal LIMIT_EXCEEDED: retained input, output or executor capacity
22340	1789137372548	2	344	admit-refused	authority refusal LIMIT_EXCEEDED: retained input, output or executor capacity
22389	1789137372597	2	353	admit-refused	authority refusal LIMIT_EXCEEDED: retained input, output or executor capacity
22413	1789137372620	0	144	admit-refused	authority refusal LIMIT_EXCEEDED: aggregate admission capacity exhausted
22418	1789137372626	0	426	admit-retried	succeeded after 3 refusals
22418	1789137372626	0	426	admitted	admit=1097ms
22431	1789137372639	0	444	admit-refused	authority refusal LIMIT_EXCEEDED: aggregate admission capacity exhausted
22453	1789137372661	1	448	admit-retried	succeeded after 1 refusals
22453	1789137372661	1	448	admitted	admit=293ms
22475	1789137372682	1	40	admit-ceiling	LIMIT_EXCEEDED: client unresolved admission ceiling
22492	1789137372699	1	400	admit-ceiling	LIMIT_EXCEEDED: client unresolved admission ceiling
22497	1789137372705	0	408	admit-refused	authority refusal LIMIT_EXCEEDED: aggregate admission capacity exhausted
22506	1789137372713	0	438	admit-refused	authority refusal LIMIT_EXCEEDED: aggregate admission capacity exhausted
22525	1789137372732	0	447	admit-refused	authority refusal LIMIT_EXCEEDED: aggregate admission capacity exhausted
22542	1789137372750	2	344	admit-ceiling	LIMIT_EXCEEDED: client unresolved admission ceiling
22552	1789137372760	2	44	admit-ceiling	LIMIT_EXCEEDED: client unresolved admission ceiling
22554	1789137372761	2	23	admit-ceiling	LIMIT_EXCEEDED: client unresolved admission ceiling
22559	1789137372767	1	43	admit-retried	succeeded after 9 refusals
22559	1789137372767	1	43	admitted	admit=22291ms
22596	1789137372804	1	25	admit-ceiling	LIMIT_EXCEEDED: client unresolved admission ceiling
22600	1789137372808	2	350	admit-retried	succeeded after 1 refusals
22600	1789137372808	2	350	admitted	admit=392ms
22602	1789137372809	2	20	admit-ceiling	LIMIT_EXCEEDED: client unresolved admission ceiling
22628	1789137372836	2	356	admit-ceiling	LIMIT_EXCEEDED: client unresolved admission ceiling
22674	1789137372882	1	454	admitted	admit=115ms
22702	1789137372910	1	49	admit-ceiling	LIMIT_EXCEEDED: client unresolved admission ceiling
22722	1789137372930	0	444	admit-retried	succeeded after 2 refusals
22722	1789137372930	0	444	admitted	admit=571ms
22727	1789137372934	2	314	admit-ceiling	LIMIT_EXCEEDED: client unresolved admission ceiling
22730	1789137372938	2	356	admit-ceiling	LIMIT_EXCEEDED: client unresolved admission ceiling
22774	1789137372981	0	447	admit-retried	succeeded after 1 refusals
22774	1789137372981	0	447	admitted	admit=355ms
22776	1789137372984	1	457	admitted	admit=101ms
22782	1789137372990	1	451	admit-refused	authority refusal LIMIT_EXCEEDED: aggregate admission capacity exhausted
22805	1789137373012	0	450	admit-refused	authority refusal LIMIT_EXCEEDED: aggregate admission capacity exhausted
22868	1789137373076	0	453	admit-refused	authority refusal LIMIT_EXCEEDED: aggregate admission capacity exhausted
22886	1789137373093	1	460	admitted	admit=109ms
22886	1789137373093	1	67	admit-refused	authority refusal LIMIT_EXCEEDED: aggregate admission capacity exhausted
22914	1789137373121	1	76	admit-ceiling	LIMIT_EXCEEDED: client unresolved admission ceiling
22914	1789137373121	1	433	admit-ceiling	LIMIT_EXCEEDED: client unresolved admission ceiling
22932	1789137373139	2	356	admit-ceiling	LIMIT_EXCEEDED: client unresolved admission ceiling
22944	1789137373151	2	344	admit-ceiling	LIMIT_EXCEEDED: client unresolved admission ceiling
22967	1789137373175	1	451	admit-refused	authority refusal LIMIT_EXCEEDED: aggregate admission capacity exhausted
22971	1789137373179	0	453	admit-ceiling	LIMIT_EXCEEDED: client unresolved admission ceiling
22984	1789137373191	1	463	admit-refused	authority refusal LIMIT_EXCEEDED: aggregate admission capacity exhausted
22997	1789137373204	0	450	admit-retried	succeeded after 1 refusals
22997	1789137373204	0	450	admitted	admit=274ms
22997	1789137373204	0	411	admit-refused	authority refusal LIMIT_EXCEEDED: aggregate admission capacity exhausted
23015	1789137373223	0	438	admit-refused	authority refusal LIMIT_EXCEEDED: aggregate admission capacity exhausted
23058	1789137373266	2	47	admit-retried	succeeded after 9 refusals
23058	1789137373266	2	47	admitted	admit=22502ms
23131	1789137373338	2	29	admit-retried	succeeded after 9 refusals
23131	1789137373338	2	29	admitted	admit=22575ms
23175	1789137373383	2	353	admit-retried	succeeded after 1 refusals
23175	1789137373383	2	353	admitted	admit=854ms
23200	1789137373408	2	365	admit-ceiling	LIMIT_EXCEEDED: client unresolved admission ceiling
23211	1789137373418	2	359	admit-refused	authority refusal LIMIT_EXCEEDED: retained input, output or executor capacity
23216	1789137373424	2	362	admit-refused	authority refusal LIMIT_EXCEEDED: retained input, output or executor capacity
23220	1789137373428	2	41	admit-refused	authority refusal LIMIT_EXCEEDED: retained input, output or executor capacity
23223	1789137373430	2	146	admit-refused	authority refusal LIMIT_EXCEEDED: retained input, output or executor capacity
23224	1789137373432	1	451	admit-refused	authority refusal LIMIT_EXCEEDED: aggregate admission capacity exhausted
23236	1789137373444	1	463	admit-retried	succeeded after 1 refusals
23236	1789137373444	1	463	admitted	admit=350ms
23264	1789137373472	1	349	admit-ceiling	LIMIT_EXCEEDED: client unresolved admission ceiling
23291	1789137373499	0	84	admit-ceiling	LIMIT_EXCEEDED: client unresolved admission ceiling
23339	1789137373547	2	365	admit-refused	authority refusal LIMIT_EXCEEDED: retained input, output or executor capacity
23344	1789137373551	2	359	admit-refused	authority refusal LIMIT_EXCEEDED: retained input, output or executor capacity
23348	1789137373556	2	362	admit-refused	authority refusal LIMIT_EXCEEDED: retained input, output or executor capacity
23350	1789137373557	2	356	admit-refused	authority refusal LIMIT_EXCEEDED: retained input, output or executor capacity
23361	1789137373569	0	72	admit-refused	authority refusal LIMIT_EXCEEDED: aggregate admission capacity exhausted
23440	1789137373648	1	367	admit-retried	succeeded after 6 refusals
23440	1789137373648	1	367	admitted	admit=6909ms
23448	1789137373656	1	406	admit-refused	authority refusal LIMIT_EXCEEDED: aggregate admission capacity exhausted
23490	1789137373698	0	456	admit-refused	authority refusal LIMIT_EXCEEDED: aggregate admission capacity exhausted
23501	1789137373709	1	442	admit-refused	authority refusal LIMIT_EXCEEDED: aggregate admission capacity exhausted
23511	1789137373719	1	469	admit-refused	authority refusal LIMIT_EXCEEDED: aggregate admission capacity exhausted
23584	1789137373792	2	80	admit-refused	authority refusal LIMIT_EXCEEDED: retained input, output or executor capacity
23589	1789137373797	2	365	admit-refused	authority refusal LIMIT_EXCEEDED: retained input, output or executor capacity
23592	1789137373799	0	456	admit-ceiling	LIMIT_EXCEEDED: client unresolved admission ceiling
23593	1789137373801	2	359	admit-refused	authority refusal LIMIT_EXCEEDED: retained input, output or executor capacity
23597	1789137373805	2	362	admit-refused	authority refusal LIMIT_EXCEEDED: retained input, output or executor capacity
23650	1789137373858	1	406	admit-ceiling	LIMIT_EXCEEDED: client unresolved admission ceiling
23690	1789137373898	1	442	admit-retried	succeeded after 1 refusals
23690	1789137373898	1	442	admitted	admit=1705ms
23726	1789137373933	1	451	admit-retried	succeeded after 3 refusals
23726	1789137373933	1	451	admitted	admit=1272ms
23767	1789137373975	1	472	admit-refused	authority refusal LIMIT_EXCEEDED: aggregate admission capacity exhausted
23773	1789137373981	1	469	admit-refused	authority refusal LIMIT_EXCEEDED: aggregate admission capacity exhausted
23783	1789137373991	1	475	admit-refused	authority refusal LIMIT_EXCEEDED: aggregate admission capacity exhausted
23787	1789137373994	2	284	admit-refused	authority refusal LIMIT_EXCEEDED: retained input, output or executor capacity
23794	1789137374001	0	456	admit-ceiling	LIMIT_EXCEEDED: client unresolved admission ceiling
23817	1789137374024	0	438	admit-ceiling	LIMIT_EXCEEDED: client unresolved admission ceiling
23831	1789137374039	2	344	admit-refused	authority refusal LIMIT_EXCEEDED: retained input, output or executor capacity
23870	1789137374078	1	466	admitted	admit=633ms
24044	1789137374252	1	475	admit-refused	authority refusal LIMIT_EXCEEDED: aggregate admission capacity exhausted
24094	1789137374302	0	453	admit-retried	succeeded after 2 refusals
24094	1789137374302	0	453	admitted	admit=1320ms
24125	1789137374333	0	408	admit-ceiling	LIMIT_EXCEEDED: client unresolved admission ceiling
24149	1789137374357	1	406	admit-retried	succeeded after 3 refusals
24149	1789137374357	1	406	admitted	admit=4487ms
24198	1789137374405	1	472	admit-refused	authority refusal LIMIT_EXCEEDED: aggregate admission capacity exhausted
24200	1789137374408	0	414	admit-retried	succeeded after 5 refusals
24200	1789137374408	0	414	admitted	admit=4489ms
24205	1789137374413	2	365	admit-retried	succeeded after 3 refusals
24205	1789137374413	2	365	admitted	admit=1029ms
24221	1789137374429	0	459	admitted	admit=126ms
24221	1789137374429	1	481	admit-refused	authority refusal LIMIT_EXCEEDED: aggregate admission capacity exhausted
24265	1789137374472	0	465	admit-ceiling	LIMIT_EXCEEDED: client unresolved admission ceiling
24300	1789137374508	1	475	admit-refused	authority refusal LIMIT_EXCEEDED: aggregate admission capacity exhausted
24303	1789137374511	0	456	admit-refused	authority refusal LIMIT_EXCEEDED: aggregate admission capacity exhausted
24322	1789137374529	0	360	admit-refused	authority refusal LIMIT_EXCEEDED: aggregate admission capacity exhausted
24334	1789137374541	2	359	admit-retried	succeeded after 3 refusals
24334	1789137374541	2	359	admitted	admit=1274ms
24369	1789137374576	2	362	admit-retried	succeeded after 3 refusals
24369	1789137374577	2	362	admitted	admit=1237ms
24382	1789137374589	1	469	admit-retried	succeeded after 2 refusals
24382	1789137374590	1	469	admitted	admit=941ms
24387	1789137374595	1	481	admit-refused	authority refusal LIMIT_EXCEEDED: aggregate admission capacity exhausted
24400	1789137374608	1	478	admit-refused	authority refusal LIMIT_EXCEEDED: aggregate admission capacity exhausted
24402	1789137374610	0	462	admitted	admit=180ms
24469	1789137374677	0	465	admit-retried	succeeded after 1 refusals
24469	1789137374677	0	465	admitted	admit=247ms
24477	1789137374685	0	468	admit-refused	authority refusal LIMIT_EXCEEDED: aggregate admission capacity exhausted
24477	1789137374685	1	472	admit-refused	authority refusal LIMIT_EXCEEDED: aggregate admission capacity exhausted
24551	1789137374758	1	484	admit-refused	authority refusal LIMIT_EXCEEDED: aggregate admission capacity exhausted
24552	1789137374759	0	471	admit-refused	authority refusal LIMIT_EXCEEDED: aggregate admission capacity exhausted
24562	1789137374770	2	356	admit-retried	succeeded after 4 refusals
24562	1789137374770	2	356	admitted	admit=1960ms
24570	1789137374778	1	478	admit-refused	authority refusal LIMIT_EXCEEDED: aggregate admission capacity exhausted
24588	1789137374796	1	433	admit-refused	authority refusal LIMIT_EXCEEDED: aggregate admission capacity exhausted
24635	1789137374842	0	468	admit-refused	authority refusal LIMIT_EXCEEDED: aggregate admission capacity exhausted
24651	1789137374859	2	368	admitted	admit=445ms
24661	1789137374869	1	481	admit-retried	succeeded after 2 refusals
24661	1789137374869	1	481	admitted	admit=512ms
24683	1789137374891	2	281	admit-ceiling	LIMIT_EXCEEDED: client unresolved admission ceiling
24708	1789137374915	2	374	admit-refused	authority refusal LIMIT_EXCEEDED: retained input, output or executor capacity
24713	1789137374920	2	380	admit-refused	authority refusal LIMIT_EXCEEDED: retained input, output or executor capacity
24727	1789137374935	2	371	admitted	admit=392ms
24729	1789137374936	1	484	admit-refused	authority refusal LIMIT_EXCEEDED: aggregate admission capacity exhausted
24748	1789137374955	0	471	admit-retried	succeeded after 1 refusals
24748	1789137374955	0	471	admitted	admit=278ms
24777	1789137374984	1	475	admit-refused	authority refusal LIMIT_EXCEEDED: aggregate admission capacity exhausted
24788	1789137374996	1	55	admit-refused	authority refusal LIMIT_EXCEEDED: aggregate admission capacity exhausted
24798	1789137375006	2	377	admit-refused	authority refusal LIMIT_EXCEEDED: retained input, output or executor capacity
24800	1789137375008	2	383	admit-refused	authority refusal LIMIT_EXCEEDED: retained input, output or executor capacity
24810	1789137375018	1	478	admit-refused	authority refusal LIMIT_EXCEEDED: aggregate admission capacity exhausted
24829	1789137375037	2	374	admit-refused	authority refusal LIMIT_EXCEEDED: retained input, output or executor capacity
24831	1789137375038	0	423	admit-refused	authority refusal LIMIT_EXCEEDED: aggregate admission capacity exhausted
24845	1789137375053	0	474	admit-refused	authority refusal LIMIT_EXCEEDED: aggregate admission capacity exhausted
24899	1789137375107	2	380	admit-refused	authority refusal LIMIT_EXCEEDED: retained input, output or executor capacity
24900	1789137375108	0	468	admit-retried	succeeded after 2 refusals
24900	1789137375108	0	468	admitted	admit=497ms
24999	1789137375207	1	472	admit-retried	succeeded after 3 refusals
24999	1789137375207	1	472	admitted	admit=1308ms
25000	1789137375207	1	484	admit-refused	authority refusal LIMIT_EXCEEDED: aggregate admission capacity exhausted
25007	1789137375215	0	474	admit-refused	authority refusal LIMIT_EXCEEDED: aggregate admission capacity exhausted
25139	1789137375347	0	477	admitted	admit=238ms
25142	1789137375350	1	319	admit-refused	authority refusal LIMIT_EXCEEDED: aggregate admission capacity exhausted
25163	1789137375371	1	490	admitted	admit=164ms
25206	1789137375413	0	456	admit-retried	succeeded after 4 refusals
25206	1789137375413	0	456	admitted	admit=2208ms
25208	1789137375416	2	377	admit-retried	succeeded after 1 refusals
25208	1789137375416	2	377	admitted	admit=646ms
25223	1789137375430	0	480	admit-refused	authority refusal LIMIT_EXCEEDED: aggregate admission capacity exhausted
25272	1789137375480	2	383	admit-retried	succeeded after 1 refusals
25272	1789137375480	2	383	admitted	admit=544ms
25272	1789137375480	1	478	admit-refused	authority refusal LIMIT_EXCEEDED: aggregate admission capacity exhausted
25297	1789137375505	2	380	admit-refused	authority refusal LIMIT_EXCEEDED: retained input, output or executor capacity
25323	1789137375530	0	483	admit-refused	authority refusal LIMIT_EXCEEDED: aggregate admission capacity exhausted
25397	1789137375605	0	480	admit-retried	succeeded after 1 refusals
25397	1789137375605	0	480	admitted	admit=257ms
25409	1789137375617	0	474	admit-refused	authority refusal LIMIT_EXCEEDED: aggregate admission capacity exhausted
25450	1789137375657	2	374	admit-retried	succeeded after 2 refusals
25450	1789137375657	2	374	admitted	admit=1080ms
25460	1789137375667	0	294	admit-refused	authority refusal LIMIT_EXCEEDED: aggregate admission capacity exhausted
25477	1789137375685	2	392	admit-ceiling	LIMIT_EXCEEDED: client unresolved admission ceiling
25501	1789137375709	1	493	admit-refused	authority refusal LIMIT_EXCEEDED: aggregate admission capacity exhausted
25507	1789137375714	0	438	admit-refused	authority refusal LIMIT_EXCEEDED: aggregate admission capacity exhausted
25523	1789137375731	0	486	admit-refused	authority refusal LIMIT_EXCEEDED: aggregate admission capacity exhausted
25524	1789137375731	2	293	admit-ceiling	LIMIT_EXCEEDED: client unresolved admission ceiling
25532	1789137375740	0	483	admit-refused	authority refusal LIMIT_EXCEEDED: aggregate admission capacity exhausted
25561	1789137375769	2	389	admit-refused	authority refusal LIMIT_EXCEEDED: retained input, output or executor capacity
25573	1789137375781	2	386	admitted	admit=364ms
25635	1789137375843	2	395	admit-refused	authority refusal LIMIT_EXCEEDED: retained input, output or executor capacity
25638	1789137375845	2	392	admit-refused	authority refusal LIMIT_EXCEEDED: retained input, output or executor capacity
25659	1789137375867	1	475	admit-refused	authority refusal LIMIT_EXCEEDED: aggregate admission capacity exhausted
25679	1789137375887	0	486	admit-refused	authority refusal LIMIT_EXCEEDED: aggregate admission capacity exhausted
25737	1789137375944	2	395	admit-ceiling	LIMIT_EXCEEDED: client unresolved admission ceiling
25750	1789137375958	2	389	admit-refused	authority refusal LIMIT_EXCEEDED: retained input, output or executor capacity
25753	1789137375961	2	344	admit-refused	authority refusal LIMIT_EXCEEDED: retained input, output or executor capacity
25760	1789137375967	1	493	admit-refused	authority refusal LIMIT_EXCEEDED: aggregate admission capacity exhausted
25766	1789137375974	2	380	admit-refused	authority refusal LIMIT_EXCEEDED: retained input, output or executor capacity
25770	1789137375977	2	110	admit-retried	succeeded after 9 refusals
25770	1789137375977	2	110	admitted	admit=22669ms
25782	1789137375990	1	400	admit-refused	authority refusal LIMIT_EXCEEDED: aggregate admission capacity exhausted
25788	1789137375996	1	484	admit-refused	authority refusal LIMIT_EXCEEDED: aggregate admission capacity exhausted
25802	1789137376010	0	483	admit-retried	succeeded after 2 refusals
25802	1789137376010	0	483	admitted	admit=596ms
25884	1789137376091	0	489	admit-refused	authority refusal LIMIT_EXCEEDED: aggregate admission capacity exhausted
25889	1789137376096	0	288	admit-retried	succeeded after 7 refusals
25889	1789137376097	0	288	admitted	admit=13184ms
25952	1789137376159	2	389	admit-ceiling	LIMIT_EXCEEDED: client unresolved admission ceiling
25961	1789137376169	0	474	admit-refused	authority refusal LIMIT_EXCEEDED: aggregate admission capacity exhausted
26026	1789137376233	0	486	admit-retried	succeeded after 2 refusals
26026	1789137376233	0	486	admitted	admit=627ms
26075	1789137376283	0	489	admit-refused	authority refusal LIMIT_EXCEEDED: aggregate admission capacity exhausted
26216	1789137376424	2	398	admit-refused	authority refusal LIMIT_EXCEEDED: retained input, output or executor capacity
26238	1789137376446	2	395	admit-retried	succeeded after 2 refusals
26238	1789137376446	2	395	admitted	admit=665ms
26262	1789137376470	1	478	admit-retried	succeeded after 4 refusals
26262	1789137376470	1	478	admitted	admit=2391ms
26277	1789137376485	0	489	admit-ceiling	LIMIT_EXCEEDED: client unresolved admission ceiling
26327	1789137376535	0	411	admit-retried	succeeded after 6 refusals
26327	1789137376535	0	411	admitted	admit=6724ms
26342	1789137376550	2	314	admit-refused	authority refusal LIMIT_EXCEEDED: retained input, output or executor capacity
26350	1789137376558	2	401	admit-refused	authority refusal LIMIT_EXCEEDED: retained input, output or executor capacity
26355	1789137376563	2	398	admit-refused	authority refusal LIMIT_EXCEEDED: retained input, output or executor capacity
26364	1789137376571	2	392	admit-retried	succeeded after 2 refusals
26364	1789137376571	2	392	admitted	admit=913ms
26378	1789137376586	2	389	admit-refused	authority refusal LIMIT_EXCEEDED: retained input, output or executor capacity
26416	1789137376624	0	498	admitted	admit=88ms
26438	1789137376645	0	423	admit-ceiling	LIMIT_EXCEEDED: client unresolved admission ceiling
26476	1789137376684	0	228	admit-ceiling	LIMIT_EXCEEDED: client unresolved admission ceiling
26494	1789137376701	0	243	admit-ceiling	LIMIT_EXCEEDED: client unresolved admission ceiling
26517	1789137376725	0	501	admitted	admit=100ms
26549	1789137376756	1	496	admitted	admit=286ms
26577	1789137376785	1	487	admitted	admit=1914ms
26600	1789137376807	2	404	admitted	admit=235ms
26624	1789137376832	2	398	admit-refused	authority refusal LIMIT_EXCEEDED: retained input, output or executor capacity
26627	1789137376834	2	380	admit-refused	authority refusal LIMIT_EXCEEDED: retained input, output or executor capacity
26656	1789137376864	1	334	admit-retried	succeeded after 7 refusals
26656	1789137376864	1	334	admitted	admit=12143ms
26672	1789137376880	0	495	admitted	admit=646ms
26688	1789137376895	1	505	admit-ceiling	LIMIT_EXCEEDED: client unresolved admission ceiling
26734	1789137376942	0	123	admit-retried	succeeded after 9 refusals
26734	1789137376942	0	123	admitted	admit=23657ms
26740	1789137376947	1	499	admitted	admit=162ms
26766	1789137376974	0	510	admit-ceiling	LIMIT_EXCEEDED: client unresolved admission ceiling
26767	1789137376974	0	474	admit-ceiling	LIMIT_EXCEEDED: client unresolved admission ceiling
26790	1789137376997	1	505	admit-ceiling	LIMIT_EXCEEDED: client unresolved admission ceiling
26812	1789137377019	2	401	admit-retried	succeeded after 1 refusals
26812	1789137377019	2	401	admitted	admit=573ms
26820	1789137377028	0	489	admit-refused	authority refusal LIMIT_EXCEEDED: aggregate admission capacity exhausted
26835	1789137377043	1	508	admitted	admit=95ms
26950	1789137377158	1	511	admitted	admit=114ms
26954	1789137377162	2	410	admit-refused	authority refusal LIMIT_EXCEEDED: retained input, output or executor capacity
26970	1789137377178	2	407	admitted	admit=369ms
26992	1789137377200	1	505	admit-ceiling	LIMIT_EXCEEDED: client unresolved admission ceiling
27045	1789137377252	1	502	admitted	admit=467ms
27046	1789137377253	1	484	admit-refused	authority refusal LIMIT_EXCEEDED: aggregate admission capacity exhausted
27143	1789137377350	2	413	admitted	admit=172ms
27143	1789137377351	1	493	admit-refused	authority refusal LIMIT_EXCEEDED: aggregate admission capacity exhausted
27173	1789137377381	0	510	admit-retried	succeeded after 1 refusals
27173	1789137377381	0	510	admitted	admit=438ms
27195	1789137377403	2	416	admit-refused	authority refusal LIMIT_EXCEEDED: retained input, output or executor capacity
27199	1789137377406	2	398	admit-retried	succeeded after 3 refusals
27199	1789137377406	2	398	admitted	admit=1428ms
27203	1789137377411	2	410	admit-refused	authority refusal LIMIT_EXCEEDED: retained input, output or executor capacity
27208	1789137377416	2	389	admit-refused	authority refusal LIMIT_EXCEEDED: retained input, output or executor capacity
27219	1789137377427	1	517	admit-refused	authority refusal LIMIT_EXCEEDED: aggregate admission capacity exhausted
27222	1789137377430	2	419	admit-refused	authority refusal LIMIT_EXCEEDED: retained input, output or executor capacity
27247	1789137377454	1	514	admit-refused	authority refusal LIMIT_EXCEEDED: aggregate admission capacity exhausted
27257	1789137377465	0	513	admitted	admit=83ms
27327	1789137377534	0	408	admit-ceiling	LIMIT_EXCEEDED: client unresolved admission ceiling
27348	1789137377555	1	475	admit-refused	authority refusal LIMIT_EXCEEDED: aggregate admission capacity exhausted
27367	1789137377575	1	517	admit-refused	authority refusal LIMIT_EXCEEDED: aggregate admission capacity exhausted
27398	1789137377606	2	416	admit-refused	authority refusal LIMIT_EXCEEDED: retained input, output or executor capacity
27402	1789137377610	0	492	admitted	admit=1512ms
27406	1789137377614	2	419	admit-refused	authority refusal LIMIT_EXCEEDED: retained input, output or executor capacity
27433	1789137377641	0	144	admit-ceiling	LIMIT_EXCEEDED: client unresolved admission ceiling
27460	1789137377667	1	505	admit-refused	authority refusal LIMIT_EXCEEDED: aggregate admission capacity exhausted
27466	1789137377674	2	410	admit-refused	authority refusal LIMIT_EXCEEDED: retained input, output or executor capacity
27495	1789137377703	0	519	admitted	admit=92ms
27498	1789137377705	1	514	admit-refused	authority refusal LIMIT_EXCEEDED: aggregate admission capacity exhausted
27528	1789137377736	0	516	admit-refused	authority refusal LIMIT_EXCEEDED: aggregate admission capacity exhausted
27530	1789137377738	1	40	admit-refused	authority refusal LIMIT_EXCEEDED: aggregate admission capacity exhausted
27544	1789137377752	0	522	admit-refused	authority refusal LIMIT_EXCEEDED: aggregate admission capacity exhausted
27603	1789137377811	1	493	admit-refused	authority refusal LIMIT_EXCEEDED: aggregate admission capacity exhausted
27608	1789137377816	2	419	admit-ceiling	LIMIT_EXCEEDED: client unresolved admission ceiling
27624	1789137377832	1	517	admit-refused	authority refusal LIMIT_EXCEEDED: aggregate admission capacity exhausted
27639	1789137377847	0	504	admitted	admit=1121ms
27677	1789137377884	0	522	admit-ceiling	LIMIT_EXCEEDED: client unresolved admission ceiling
27698	1789137377905	0	516	admit-refused	authority refusal LIMIT_EXCEEDED: aggregate admission capacity exhausted
27728	1789137377936	0	525	admit-refused	authority refusal LIMIT_EXCEEDED: aggregate admission capacity exhausted
27784	1789137377992	1	514	admit-retried	succeeded after 2 refusals
27784	1789137377992	1	514	admitted	admit=833ms
27820	1789137378028	0	507	admitted	admit=1147ms
27851	1789137378058	1	49	admit-retried	succeeded after 10 refusals
27851	1789137378058	1	49	admitted	admit=26867ms
27868	1789137378076	2	410	admit-ceiling	LIMIT_EXCEEDED: client unresolved admission ceiling
27887	1789137378094	1	67	admit-ceiling	LIMIT_EXCEEDED: client unresolved admission ceiling
27900	1789137378108	0	516	admit-ceiling	LIMIT_EXCEEDED: client unresolved admission ceiling
27915	1789137378123	1	76	admit-ceiling	LIMIT_EXCEEDED: client unresolved admission ceiling
27935	1789137378143	0	528	admit-refused	authority refusal LIMIT_EXCEEDED: aggregate admission capacity exhausted
27948	1789137378156	1	523	admit-refused	authority refusal LIMIT_EXCEEDED: aggregate admission capacity exhausted
27951	1789137378159	0	522	admit-refused	authority refusal LIMIT_EXCEEDED: aggregate admission capacity exhausted
28010	1789137378218	2	419	admit-ceiling	LIMIT_EXCEEDED: client unresolved admission ceiling
28032	1789137378239	0	489	admit-retried	succeeded after 4 refusals
28032	1789137378239	0	489	admitted	admit=2229ms
28049	1789137378257	1	523	admit-ceiling	LIMIT_EXCEEDED: client unresolved admission ceiling
28120	1789137378328	1	517	admit-retried	succeeded after 3 refusals
28120	1789137378328	1	517	admitted	admit=1075ms
28121	1789137378329	0	525	admit-refused	authority refusal LIMIT_EXCEEDED: aggregate admission capacity exhausted
28136	1789137378343	0	531	admit-refused	authority refusal LIMIT_EXCEEDED: aggregate admission capacity exhausted
28152	1789137378360	0	528	admit-refused	authority refusal LIMIT_EXCEEDED: aggregate admission capacity exhausted
28223	1789137378430	2	41	admit-ceiling	LIMIT_EXCEEDED: client unresolved admission ceiling
28225	1789137378433	2	146	admit-ceiling	LIMIT_EXCEEDED: client unresolved admission ceiling
28229	1789137378436	2	380	admit-ceiling	LIMIT_EXCEEDED: client unresolved admission ceiling
28267	1789137378474	1	433	admit-retried	succeeded after 6 refusals
28267	1789137378474	1	433	admitted	admit=7265ms
28268	1789137378476	1	505	admit-ceiling	LIMIT_EXCEEDED: client unresolved admission ceiling
28268	1789137378476	1	349	admit-ceiling	LIMIT_EXCEEDED: client unresolved admission ceiling
28309	1789137378516	0	531	admit-retried	succeeded after 1 refusals
28309	1789137378516	0	531	admitted	admit=276ms
28311	1789137378519	2	44	admit-retried	succeeded after 10 refusals
28311	1789137378519	2	44	admitted	admit=27755ms
28314	1789137378521	1	526	admitted	admit=193ms
28339	1789137378547	1	532	admit-ceiling	LIMIT_EXCEEDED: client unresolved admission ceiling
28354	1789137378561	0	522	admit-ceiling	LIMIT_EXCEEDED: client unresolved admission ceiling
28354	1789137378561	0	528	admit-ceiling	LIMIT_EXCEEDED: client unresolved admission ceiling
28363	1789137378570	0	72	admit-ceiling	LIMIT_EXCEEDED: client unresolved admission ceiling
28363	1789137378570	1	529	admit-refused	authority refusal LIMIT_EXCEEDED: aggregate admission capacity exhausted
28368	1789137378576	0	474	admit-ceiling	LIMIT_EXCEEDED: client unresolved admission ceiling
28378	1789137378585	1	523	admit-retried	succeeded after 2 refusals
28378	1789137378585	1	523	admitted	admit=526ms
28378	1789137378585	2	23	admit-retried	succeeded after 10 refusals
28378	1789137378585	2	23	admitted	admit=27822ms
28413	1789137378620	2	416	admit-refused	authority refusal LIMIT_EXCEEDED: retained input, output or executor capacity
28415	1789137378623	2	422	admit-refused	authority refusal LIMIT_EXCEEDED: retained input, output or executor capacity
28417	1789137378625	2	20	admit-refused	authority refusal LIMIT_EXCEEDED: retained input, output or executor capacity
28433	1789137378641	0	84	admit-refused	authority refusal LIMIT_EXCEEDED: aggregate admission capacity exhausted
28437	1789137378645	0	516	admit-retried	succeeded after 3 refusals
28437	1789137378645	0	516	admitted	admit=1179ms
28441	1789137378648	1	532	admit-ceiling	LIMIT_EXCEEDED: client unresolved admission ceiling
28464	1789137378671	1	529	admit-ceiling	LIMIT_EXCEEDED: client unresolved admission ceiling
28469	1789137378676	1	535	admit-refused	authority refusal LIMIT_EXCEEDED: aggregate admission capacity exhausted
28471	1789137378679	0	534	admit-refused	authority refusal LIMIT_EXCEEDED: aggregate admission capacity exhausted
28483	1789137378691	1	493	admit-refused	authority refusal LIMIT_EXCEEDED: aggregate admission capacity exhausted
28499	1789137378707	1	520	admit-refused	authority refusal LIMIT_EXCEEDED: aggregate admission capacity exhausted
28512	1789137378720	0	525	admit-retried	succeeded after 2 refusals
28512	1789137378720	0	525	admitted	admit=872ms
28512	1789137378720	0	537	admit-refused	authority refusal LIMIT_EXCEEDED: aggregate admission capacity exhausted
28626	1789137378834	0	540	admit-refused	authority refusal LIMIT_EXCEEDED: aggregate admission capacity exhausted
28643	1789137378850	0	534	admit-refused	authority refusal LIMIT_EXCEEDED: aggregate admission capacity exhausted
28647	1789137378854	1	484	admit-ceiling	LIMIT_EXCEEDED: client unresolved admission ceiling
28666	1789137378874	1	529	admit-ceiling	LIMIT_EXCEEDED: client unresolved admission ceiling
28696	1789137378904	2	425	admitted	admit=317ms
28748	1789137378956	2	422	admit-retried	succeeded after 1 refusals
28748	1789137378956	2	422	admitted	admit=436ms
28788	1789137378995	2	410	admit-refused	authority refusal LIMIT_EXCEEDED: retained input, output or executor capacity
28792	1789137379000	2	428	admit-refused	authority refusal LIMIT_EXCEEDED: retained input, output or executor capacity
28812	1789137379019	2	419	admit-ceiling	LIMIT_EXCEEDED: client unresolved admission ceiling
28814	1789137379022	2	416	admit-ceiling	LIMIT_EXCEEDED: client unresolved admission ceiling
28816	1789137379023	0	438	admit-retried	succeeded after 6 refusals
28816	1789137379023	0	438	admitted	admit=6884ms
28848	1789137379056	0	528	admit-refused	authority refusal LIMIT_EXCEEDED: aggregate admission capacity exhausted
28858	1789137379066	0	540	admit-retried	succeeded after 1 refusals
28858	1789137379066	0	540	admitted	admit=345ms
28887	1789137379094	1	532	admit-retried	succeeded after 2 refusals
28887	1789137379094	1	532	admitted	admit=572ms
28894	1789137379102	2	428	admit-ceiling	LIMIT_EXCEEDED: client unresolved admission ceiling
28901	1789137379109	0	543	admit-refused	authority refusal LIMIT_EXCEEDED: aggregate admission capacity exhausted
28932	1789137379139	0	534	admit-refused	authority refusal LIMIT_EXCEEDED: aggregate admission capacity exhausted
28936	1789137379144	1	25	admit-retried	succeeded after 10 refusals
28936	1789137379144	1	25	admitted	admit=28669ms
28948	1789137379155	0	546	admit-refused	authority refusal LIMIT_EXCEEDED: aggregate admission capacity exhausted
28955	1789137379162	2	344	admit-ceiling	LIMIT_EXCEEDED: client unresolved admission ceiling
28988	1789137379196	2	80	admit-retried	succeeded after 10 refusals
28988	1789137379196	2	80	admitted	admit=26953ms
29005	1789137379213	1	538	admitted	admit=118ms
29067	1789137379274	0	543	admit-refused	authority refusal LIMIT_EXCEEDED: aggregate admission capacity exhausted
29069	1789137379276	1	529	admit-ceiling	LIMIT_EXCEEDED: client unresolved admission ceiling
29091	1789137379299	1	541	admit-refused	authority refusal LIMIT_EXCEEDED: aggregate admission capacity exhausted
29097	1789137379305	2	428	admit-ceiling	LIMIT_EXCEEDED: client unresolved admission ceiling
29130	1789137379338	0	546	admit-retried	succeeded after 1 refusals
29130	1789137379338	0	546	admitted	admit=271ms
29157	1789137379365	1	544	admitted	admit=151ms
29178	1789137379385	2	434	admit-refused	authority refusal LIMIT_EXCEEDED: retained input, output or executor capacity
29191	1789137379399	2	284	admit-retried	succeeded after 7 refusals
29191	1789137379399	2	284	admitted	admit=12169ms
29222	1789137379429	2	431	admit-refused	authority refusal LIMIT_EXCEEDED: retained input, output or executor capacity
29226	1789137379434	2	389	admit-refused	authority refusal LIMIT_EXCEEDED: retained input, output or executor capacity
29230	1789137379438	0	549	admit-refused	authority refusal LIMIT_EXCEEDED: aggregate admission capacity exhausted
29244	1789137379452	0	522	admit-refused	authority refusal LIMIT_EXCEEDED: aggregate admission capacity exhausted
29255	1789137379463	1	547	admit-refused	authority refusal LIMIT_EXCEEDED: aggregate admission capacity exhausted
29273	1789137379481	2	437	admit-refused	authority refusal LIMIT_EXCEEDED: retained input, output or executor capacity
29332	1789137379540	0	534	admit-ceiling	LIMIT_EXCEEDED: client unresolved admission ceiling
29359	1789137379567	1	541	admit-retried	succeeded after 1 refusals
29359	1789137379567	1	541	admitted	admit=422ms
29383	1789137379590	0	543	admit-refused	authority refusal LIMIT_EXCEEDED: aggregate admission capacity exhausted
29401	1789137379609	0	360	admit-refused	authority refusal LIMIT_EXCEEDED: aggregate admission capacity exhausted
29429	1789137379636	0	549	admit-refused	authority refusal LIMIT_EXCEEDED: aggregate admission capacity exhausted
29474	1789137379682	1	550	admitted	admit=113ms
29510	1789137379718	1	547	admit-refused	authority refusal LIMIT_EXCEEDED: aggregate admission capacity exhausted
29570	1789137379778	2	434	admit-retried	succeeded after 1 refusals
29570	1789137379778	2	434	admitted	admit=581ms
29627	1789137379834	2	431	admit-retried	succeeded after 1 refusals
29627	1789137379834	2	431	admitted	admit=877ms
29635	1789137379842	1	553	admitted	admit=160ms
29644	1789137379851	2	428	admit-refused	authority refusal LIMIT_EXCEEDED: retained input, output or executor capacity
29648	1789137379856	2	437	admit-refused	authority refusal LIMIT_EXCEEDED: retained input, output or executor capacity
29654	1789137379861	2	440	admit-refused	authority refusal LIMIT_EXCEEDED: retained input, output or executor capacity
29734	1789137379942	1	556	admitted	admit=99ms
29768	1789137379976	0	549	admit-retried	succeeded after 2 refusals
29768	1789137379976	0	549	admitted	admit=637ms
29790	1789137379997	1	55	admit-ceiling	LIMIT_EXCEEDED: client unresolved admission ceiling
29799	1789137380006	0	528	admit-retried	succeeded after 4 refusals
29799	1789137380006	0	528	admitted	admit=1977ms
29837	1789137380045	0	555	admit-ceiling	LIMIT_EXCEEDED: client unresolved admission ceiling
29850	1789137380058	2	437	admit-ceiling	LIMIT_EXCEEDED: client unresolved admission ceiling
29871	1789137380079	1	529	admit-ceiling	LIMIT_EXCEEDED: client unresolved admission ceiling
29871	1789137380079	1	505	admit-ceiling	LIMIT_EXCEEDED: client unresolved admission ceiling
29899	1789137380106	1	547	admit-refused	authority refusal LIMIT_EXCEEDED: aggregate admission capacity exhausted
29900	1789137380108	1	559	admitted	admit=165ms
29911	1789137380118	0	552	admitted	admit=111ms
29939	1789137380146	0	555	admit-ceiling	LIMIT_EXCEEDED: client unresolved admission ceiling
29950	1789137380158	2	416	admit-retried	succeeded after 4 refusals
29950	1789137380158	2	416	admitted	admit=2807ms
30010	1789137380218	2	443	admitted	admit=383ms
30012	1789137380220	2	281	admit-refused	authority refusal LIMIT_EXCEEDED: retained input, output or executor capacity
30012	1789137380220	0	423	admit-refused	authority refusal LIMIT_EXCEEDED: aggregate admission capacity exhausted
30029	1789137380236	0	558	admitted	admit=117ms
30034	1789137380242	1	562	admitted	admit=133ms
30036	1789137380243	2	446	admit-refused	authority refusal LIMIT_EXCEEDED: retained input, output or executor capacity
30086	1789137380294	2	440	admit-refused	authority refusal LIMIT_EXCEEDED: retained input, output or executor capacity
30092	1789137380299	2	449	admit-refused	authority refusal LIMIT_EXCEEDED: retained input, output or executor capacity
30124	1789137380332	1	565	admit-refused	authority refusal LIMIT_EXCEEDED: aggregate admission capacity exhausted
30140	1789137380347	0	555	admit-ceiling	LIMIT_EXCEEDED: client unresolved admission ceiling
30157	1789137380365	1	493	admit-refused	authority refusal LIMIT_EXCEEDED: aggregate admission capacity exhausted
30257	1789137380465	2	446	admit-retried	succeeded after 1 refusals
30257	1789137380465	2	446	admitted	admit=306ms
30267	1789137380475	0	561	admit-refused	authority refusal LIMIT_EXCEEDED: aggregate admission capacity exhausted
30308	1789137380515	1	565	admit-retried	succeeded after 1 refusals
30308	1789137380515	1	565	admitted	admit=273ms
30333	1789137380541	1	568	admit-ceiling	LIMIT_EXCEEDED: client unresolved admission ceiling
30366	1789137380574	1	547	admit-refused	authority refusal LIMIT_EXCEEDED: aggregate admission capacity exhausted
30368	1789137380576	1	319	admit-retried	succeeded after 8 refusals
30368	1789137380576	1	319	admitted	admit=17036ms
30390	1789137380597	2	410	admit-ceiling	LIMIT_EXCEEDED: client unresolved admission ceiling
30413	1789137380621	2	419	admit-ceiling	LIMIT_EXCEEDED: client unresolved admission ceiling
30419	1789137380626	0	534	admit-refused	authority refusal LIMIT_EXCEEDED: aggregate admission capacity exhausted
30436	1789137380644	0	561	admit-refused	authority refusal LIMIT_EXCEEDED: aggregate admission capacity exhausted
30446	1789137380654	2	428	admit-ceiling	LIMIT_EXCEEDED: client unresolved admission ceiling
30446	1789137380654	1	571	admit-refused	authority refusal LIMIT_EXCEEDED: aggregate admission capacity exhausted
30487	1789137380694	2	449	admit-retried	succeeded after 1 refusals
30487	1789137380694	2	449	admitted	admit=476ms
30503	1789137380711	1	568	admit-refused	authority refusal LIMIT_EXCEEDED: aggregate admission capacity exhausted
30525	1789137380733	2	293	admit-ceiling	LIMIT_EXCEEDED: client unresolved admission ceiling
30551	1789137380759	2	437	admit-refused	authority refusal LIMIT_EXCEEDED: retained input, output or executor capacity
30555	1789137380763	1	535	admit-retried	succeeded after 1 refusals
30555	1789137380763	1	535	admitted	admit=2176ms
30591	1789137380799	2	455	admit-refused	authority refusal LIMIT_EXCEEDED: retained input, output or executor capacity
30638	1789137380846	0	561	admit-ceiling	LIMIT_EXCEEDED: client unresolved admission ceiling
30648	1789137380856	1	475	admit-refused	authority refusal LIMIT_EXCEEDED: aggregate admission capacity exhausted
30662	1789137380870	1	574	admit-refused	authority refusal LIMIT_EXCEEDED: aggregate admission capacity exhausted
30687	1789137380895	1	571	admit-refused	authority refusal LIMIT_EXCEEDED: aggregate admission capacity exhausted
30694	1789137380902	0	537	admit-retried	succeeded after 1 refusals
30694	1789137380902	0	537	admitted	admit=2256ms
30699	1789137380907	2	452	admitted	admit=441ms
30704	1789137380912	0	294	admit-refused	authority refusal LIMIT_EXCEEDED: aggregate admission capacity exhausted
30769	1789137380977	0	555	admit-refused	authority refusal LIMIT_EXCEEDED: aggregate admission capacity exhausted
30788	1789137380995	0	564	admit-refused	authority refusal LIMIT_EXCEEDED: aggregate admission capacity exhausted
30789	1789137380997	2	455	admit-refused	authority refusal LIMIT_EXCEEDED: retained input, output or executor capacity
30795	1789137381003	2	458	admit-refused	authority refusal LIMIT_EXCEEDED: retained input, output or executor capacity
30816	1789137381023	1	568	admit-retried	succeeded after 2 refusals
30816	1789137381023	2	440	admit-retried	succeeded after 2 refusals
30816	1789137381023	1	568	admitted	admit=507ms
30816	1789137381023	2	440	admitted	admit=1244ms
30839	1789137381046	1	574	admit-refused	authority refusal LIMIT_EXCEEDED: aggregate admission capacity exhausted
30862	1789137381069	2	461	admit-refused	authority refusal LIMIT_EXCEEDED: retained input, output or executor capacity
30913	1789137381121	0	522	admit-refused	authority refusal LIMIT_EXCEEDED: aggregate admission capacity exhausted
30916	1789137381124	1	400	admit-refused	authority refusal LIMIT_EXCEEDED: aggregate admission capacity exhausted
30934	1789137381141	1	577	admit-refused	authority refusal LIMIT_EXCEEDED: aggregate admission capacity exhausted
30947	1789137381155	1	571	admit-refused	authority refusal LIMIT_EXCEEDED: aggregate admission capacity exhausted
30972	1789137381180	0	564	admit-refused	authority refusal LIMIT_EXCEEDED: aggregate admission capacity exhausted
31030	1789137381238	2	458	admit-retried	succeeded after 1 refusals
31030	1789137381238	2	458	admitted	admit=329ms
31149	1789137381357	1	574	admit-retried	succeeded after 2 refusals
31149	1789137381357	1	574	admitted	admit=593ms
31215	1789137381423	1	577	admit-retried	succeeded after 1 refusals
31215	1789137381423	1	577	admitted	admit=399ms
31218	1789137381426	2	461	admit-refused	authority refusal LIMIT_EXCEEDED: retained input, output or executor capacity
31251	1789137381458	2	455	admit-retried	succeeded after 2 refusals
31251	1789137381458	2	455	admitted	admit=763ms
31293	1789137381501	0	543	admit-refused	authority refusal LIMIT_EXCEEDED: aggregate admission capacity exhausted
31298	1789137381505	0	564	admit-retried	succeeded after 2 refusals
31298	1789137381505	0	564	admitted	admit=603ms
31304	1789137381511	1	580	admit-refused	authority refusal LIMIT_EXCEEDED: aggregate admission capacity exhausted
31314	1789137381522	0	561	admit-refused	authority refusal LIMIT_EXCEEDED: aggregate admission capacity exhausted
31357	1789137381565	0	567	admit-refused	authority refusal LIMIT_EXCEEDED: aggregate admission capacity exhausted
31406	1789137381613	1	580	admit-ceiling	LIMIT_EXCEEDED: client unresolved admission ceiling
31428	1789137381636	2	464	admitted	admit=397ms
31450	1789137381657	2	470	admit-ceiling	LIMIT_EXCEEDED: client unresolved admission ceiling
31450	1789137381658	2	380	admit-ceiling	LIMIT_EXCEEDED: client unresolved admission ceiling
31473	1789137381681	1	529	admit-ceiling	LIMIT_EXCEEDED: client unresolved admission ceiling
31492	1789137381699	1	583	admit-refused	authority refusal LIMIT_EXCEEDED: aggregate admission capacity exhausted
31551	1789137381758	2	470	admit-ceiling	LIMIT_EXCEEDED: client unresolved admission ceiling
31560	1789137381768	0	228	admit-refused	authority refusal LIMIT_EXCEEDED: aggregate admission capacity exhausted
31564	1789137381772	0	567	admit-retried	succeeded after 1 refusals
31564	1789137381772	0	567	admitted	admit=266ms
31576	1789137381784	0	243	admit-refused	authority refusal LIMIT_EXCEEDED: aggregate admission capacity exhausted
31607	1789137381815	1	580	admit-ceiling	LIMIT_EXCEEDED: client unresolved admission ceiling
31674	1789137381882	0	474	admit-refused	authority refusal LIMIT_EXCEEDED: aggregate admission capacity exhausted
31678	1789137381886	1	583	admit-refused	authority refusal LIMIT_EXCEEDED: aggregate admission capacity exhausted
31694	1789137381902	0	570	admit-refused	authority refusal LIMIT_EXCEEDED: aggregate admission capacity exhausted
31713	1789137381920	1	547	admit-refused	authority refusal LIMIT_EXCEEDED: aggregate admission capacity exhausted
31772	1789137381980	2	467	admitted	admit=520ms
31797	1789137382005	2	473	admit-ceiling	LIMIT_EXCEEDED: client unresolved admission ceiling
31826	1789137382034	1	520	admit-refused	authority refusal LIMIT_EXCEEDED: aggregate admission capacity exhausted
31900	1789137382107	2	473	admit-ceiling	LIMIT_EXCEEDED: client unresolved admission ceiling
31909	1789137382117	1	484	admit-refused	authority refusal LIMIT_EXCEEDED: aggregate admission capacity exhausted
31939	1789137382146	1	583	admit-refused	authority refusal LIMIT_EXCEEDED: aggregate admission capacity exhausted
31939	1789137382147	2	314	admit-refused	authority refusal LIMIT_EXCEEDED: retained input, output or executor capacity
31955	1789137382163	2	437	admit-refused	authority refusal LIMIT_EXCEEDED: retained input, output or executor capacity
31957	1789137382165	2	470	admit-refused	authority refusal LIMIT_EXCEEDED: retained input, output or executor capacity
32020	1789137382227	0	555	admit-retried	succeeded after 4 refusals
32020	1789137382227	0	555	admitted	admit=2220ms
32097	1789137382304	2	461	admit-retried	succeeded after 2 refusals
32097	1789137382304	2	461	admitted	admit=1280ms
32117	1789137382324	0	561	admit-ceiling	LIMIT_EXCEEDED: client unresolved admission ceiling
32144	1789137382352	1	520	admit-retried	succeeded after 2 refusals
32144	1789137382352	1	520	admitted	admit=4359ms
32212	1789137382419	1	586	admit-refused	authority refusal LIMIT_EXCEEDED: aggregate admission capacity exhausted
32245	1789137382453	0	573	admitted	admit=224ms
32329	1789137382537	0	408	admit-ceiling	LIMIT_EXCEEDED: client unresolved admission ceiling
32336	1789137382543	0	543	admit-refused	authority refusal LIMIT_EXCEEDED: aggregate admission capacity exhausted
32389	1789137382596	1	571	admit-retried	succeeded after 3 refusals
32389	1789137382596	1	571	admitted	admit=2020ms
32393	1789137382601	2	470	admit-refused	authority refusal LIMIT_EXCEEDED: retained input, output or executor capacity
32402	1789137382609	2	428	admit-retried	succeeded after 5 refusals
32402	1789137382609	2	428	admitted	admit=3704ms
32413	1789137382621	1	583	admit-refused	authority refusal LIMIT_EXCEEDED: aggregate admission capacity exhausted
32481	1789137382689	1	586	admit-retried	succeeded after 1 refusals
32481	1789137382689	1	586	admitted	admit=336ms
32509	1789137382717	1	580	admit-refused	authority refusal LIMIT_EXCEEDED: aggregate admission capacity exhausted
32522	1789137382730	1	589	admitted	admit=133ms
32559	1789137382766	2	473	admit-refused	authority refusal LIMIT_EXCEEDED: retained input, output or executor capacity
32561	1789137382769	1	592	admit-refused	authority refusal LIMIT_EXCEEDED: aggregate admission capacity exhausted
32585	1789137382792	0	144	admit-retried	succeeded after 10 refusals
32585	1789137382792	0	144	admitted	admit=28051ms
32590	1789137382798	2	476	admitted	admit=493ms
32647	1789137382854	1	40	admit-refused	authority refusal LIMIT_EXCEEDED: aggregate admission capacity exhausted
32716	1789137382924	0	579	admitted	admit=131ms
32718	1789137382926	2	389	admit-refused	authority refusal LIMIT_EXCEEDED: retained input, output or executor capacity
32725	1789137382933	1	592	admit-refused	authority refusal LIMIT_EXCEEDED: aggregate admission capacity exhausted
32729	1789137382936	1	595	admit-refused	authority refusal LIMIT_EXCEEDED: aggregate admission capacity exhausted
32737	1789137382945	2	479	admitted	admit=335ms
32832	1789137383040	0	582	admitted	admit=115ms
32888	1789137383096	2	485	admit-refused	authority refusal LIMIT_EXCEEDED: retained input, output or executor capacity
32896	1789137383104	2	482	admit-refused	authority refusal LIMIT_EXCEEDED: retained input, output or executor capacity
32996	1789137383203	1	595	admit-retried	succeeded after 1 refusals
32996	1789137383203	1	595	admitted	admit=473ms
33038	1789137383246	1	67	admit-retried	succeeded after 11 refusals
33038	1789137383246	1	67	admitted	admit=31983ms
33073	1789137383280	1	505	admit-ceiling	LIMIT_EXCEEDED: client unresolved admission ceiling
33077	1789137383284	0	585	admitted	admit=244ms
33111	1789137383319	1	76	admit-refused	authority refusal LIMIT_EXCEEDED: aggregate admission capacity exhausted
33135	1789137383343	1	592	admit-refused	authority refusal LIMIT_EXCEEDED: aggregate admission capacity exhausted
33147	1789137383354	1	598	admit-refused	authority refusal LIMIT_EXCEEDED: aggregate admission capacity exhausted
33175	1789137383383	0	588	admitted	admit=97ms
33234	1789137383442	2	473	admit-retried	succeeded after 3 refusals
33234	1789137383442	2	473	admitted	admit=1461ms
33236	1789137383443	2	146	admit-ceiling	LIMIT_EXCEEDED: client unresolved admission ceiling
33255	1789137383463	2	488	admit-ceiling	LIMIT_EXCEEDED: client unresolved admission ceiling
33259	1789137383467	1	601	admit-refused	authority refusal LIMIT_EXCEEDED: aggregate admission capacity exhausted
33282	1789137383490	2	485	admit-retried	succeeded after 1 refusals
33282	1789137383490	2	485	admitted	admit=544ms
33284	1789137383492	2	482	admit-refused	authority refusal LIMIT_EXCEEDED: retained input, output or executor capacity
33289	1789137383497	2	470	admit-refused	authority refusal LIMIT_EXCEEDED: retained input, output or executor capacity
33292	1789137383500	2	41	admit-refused	authority refusal LIMIT_EXCEEDED: retained input, output or executor capacity
33309	1789137383516	0	591	admitted	admit=133ms
33314	1789137383522	1	547	admit-ceiling	LIMIT_EXCEEDED: client unresolved admission ceiling
33349	1789137383556	1	349	admit-refused	authority refusal LIMIT_EXCEEDED: aggregate admission capacity exhausted
33360	1789137383568	1	598	admit-retried	succeeded after 1 refusals
33360	1789137383568	1	598	admitted	admit=364ms
33363	1789137383571	0	72	admit-ceiling	LIMIT_EXCEEDED: client unresolved admission ceiling
33381	1789137383589	1	604	admit-ceiling	LIMIT_EXCEEDED: client unresolved admission ceiling
33433	1789137383641	1	583	admit-refused	authority refusal LIMIT_EXCEEDED: aggregate admission capacity exhausted
33435	1789137383643	0	84	admit-ceiling	LIMIT_EXCEEDED: client unresolved admission ceiling
33447	1789137383655	1	493	admit-refused	authority refusal LIMIT_EXCEEDED: aggregate admission capacity exhausted
33459	1789137383666	1	601	admit-refused	authority refusal LIMIT_EXCEEDED: aggregate admission capacity exhausted
33466	1789137383673	0	594	admitted	admit=156ms
33531	1789137383739	2	491	admitted	admit=248ms
33557	1789137383764	2	488	admit-refused	authority refusal LIMIT_EXCEEDED: retained input, output or executor capacity
33562	1789137383770	2	482	admit-refused	authority refusal LIMIT_EXCEEDED: retained input, output or executor capacity
33570	1789137383777	1	604	admit-refused	authority refusal LIMIT_EXCEEDED: aggregate admission capacity exhausted
33578	1789137383786	0	597	admitted	admit=111ms
33587	1789137383795	1	592	admit-refused	authority refusal LIMIT_EXCEEDED: aggregate admission capacity exhausted
33615	1789137383822	2	419	admit-ceiling	LIMIT_EXCEEDED: client unresolved admission ceiling
33625	1789137383833	0	576	admitted	admit=1379ms
33687	1789137383895	0	600	admitted	admit=109ms
33718	1789137383925	0	570	admit-refused	authority refusal LIMIT_EXCEEDED: aggregate admission capacity exhausted
33731	1789137383939	2	20	admit-retried	succeeded after 11 refusals
33731	1789137383939	2	20	admitted	admit=33175ms
33744	1789137383951	1	601	admit-retried	succeeded after 2 refusals
33744	1789137383951	1	601	admitted	admit=704ms
33769	1789137383976	0	603	admit-refused	authority refusal LIMIT_EXCEEDED: aggregate admission capacity exhausted
33773	1789137383981	2	488	admit-ceiling	LIMIT_EXCEEDED: client unresolved admission ceiling
33786	1789137383993	0	606	admit-refused	authority refusal LIMIT_EXCEEDED: aggregate admission capacity exhausted
33799	1789137384007	0	561	admit-refused	authority refusal LIMIT_EXCEEDED: aggregate admission capacity exhausted
33811	1789137384018	2	437	admit-retried	succeeded after 5 refusals
33811	1789137384018	2	437	admitted	admit=4618ms
33813	1789137384020	2	494	admit-refused	authority refusal LIMIT_EXCEEDED: retained input, output or executor capacity
33816	1789137384024	2	497	admit-refused	authority refusal LIMIT_EXCEEDED: retained input, output or executor capacity
33821	1789137384029	2	410	admit-refused	authority refusal LIMIT_EXCEEDED: retained input, output or executor capacity
33843	1789137384050	2	500	admit-refused	authority refusal LIMIT_EXCEEDED: retained input, output or executor capacity
33854	1789137384061	1	604	admit-refused	authority refusal LIMIT_EXCEEDED: aggregate admission capacity exhausted
33913	1789137384121	1	580	admit-refused	authority refusal LIMIT_EXCEEDED: aggregate admission capacity exhausted
33937	1789137384144	0	543	admit-ceiling	LIMIT_EXCEEDED: client unresolved admission ceiling
33964	1789137384172	2	482	admit-ceiling	LIMIT_EXCEEDED: client unresolved admission ceiling
33977	1789137384185	0	570	admit-refused	authority refusal LIMIT_EXCEEDED: aggregate admission capacity exhausted
33979	1789137384187	0	603	admit-retried	succeeded after 1 refusals
33979	1789137384187	0	603	admitted	admit=353ms
33997	1789137384204	2	497	admit-refused	authority refusal LIMIT_EXCEEDED: retained input, output or executor capacity
33999	1789137384207	2	500	admit-refused	authority refusal LIMIT_EXCEEDED: retained input, output or executor capacity
34004	1789137384212	2	344	admit-refused	authority refusal LIMIT_EXCEEDED: retained input, output or executor capacity
34021	1789137384229	2	494	admit-retried	succeeded after 1 refusals
34021	1789137384229	2	494	admitted	admit=489ms
34061	1789137384269	0	609	admit-refused	authority refusal LIMIT_EXCEEDED: aggregate admission capacity exhausted
34068	1789137384275	2	503	admit-refused	authority refusal LIMIT_EXCEEDED: retained input, output or executor capacity
34091	1789137384298	0	606	admit-refused	authority refusal LIMIT_EXCEEDED: aggregate admission capacity exhausted
34108	1789137384315	1	607	admitted	admit=363ms
34109	1789137384317	0	534	admit-refused	authority refusal LIMIT_EXCEEDED: aggregate admission capacity exhausted
34216	1789137384424	0	522	admit-retried	succeeded after 6 refusals
34216	1789137384424	0	522	admitted	admit=6720ms
34235	1789137384443	1	610	admit-refused	authority refusal LIMIT_EXCEEDED: aggregate admission capacity exhausted
34302	1789137384509	0	612	admit-refused	authority refusal LIMIT_EXCEEDED: aggregate admission capacity exhausted
34317	1789137384525	0	609	admit-refused	authority refusal LIMIT_EXCEEDED: aggregate admission capacity exhausted
34330	1789137384538	1	604	admit-refused	authority refusal LIMIT_EXCEEDED: aggregate admission capacity exhausted
34381	1789137384588	0	606	admit-retried	succeeded after 2 refusals
34381	1789137384589	0	606	admitted	admit=692ms
34462	1789137384669	1	610	admit-retried	succeeded after 1 refusals
34462	1789137384669	1	610	admitted	admit=353ms
34493	1789137384701	0	570	admit-refused	authority refusal LIMIT_EXCEEDED: aggregate admission capacity exhausted
34509	1789137384716	0	360	admit-refused	authority refusal LIMIT_EXCEEDED: aggregate admission capacity exhausted
34542	1789137384750	1	613	admit-refused	authority refusal LIMIT_EXCEEDED: aggregate admission capacity exhausted
34586	1789137384794	0	609	admit-retried	succeeded after 2 refusals
34586	1789137384794	0	609	admitted	admit=606ms
34632	1789137384840	1	592	admit-retried	succeeded after 4 refusals
34632	1789137384840	1	592	admitted	admit=2150ms
34743	1789137384951	1	613	admit-refused	authority refusal LIMIT_EXCEEDED: aggregate admission capacity exhausted
34755	1789137384963	1	529	admit-refused	authority refusal LIMIT_EXCEEDED: aggregate admission capacity exhausted
34766	1789137384974	2	482	admit-ceiling	LIMIT_EXCEEDED: client unresolved admission ceiling
34775	1789137384983	0	618	admit-refused	authority refusal LIMIT_EXCEEDED: aggregate admission capacity exhausted
34889	1789137385096	1	55	admit-refused	authority refusal LIMIT_EXCEEDED: aggregate admission capacity exhausted
34891	1789137385099	2	470	admit-ceiling	LIMIT_EXCEEDED: client unresolved admission ceiling
34967	1789137385175	1	616	admit-refused	authority refusal LIMIT_EXCEEDED: aggregate admission capacity exhausted
34986	1789137385194	1	613	admit-refused	authority refusal LIMIT_EXCEEDED: aggregate admission capacity exhausted
35015	1789137385222	2	281	admit-ceiling	LIMIT_EXCEEDED: client unresolved admission ceiling
35093	1789137385301	2	488	admit-retried	succeeded after 3 refusals
35094	1789137385301	2	488	admitted	admit=1858ms
35127	1789137385334	2	497	admit-refused	authority refusal LIMIT_EXCEEDED: retained input, output or executor capacity
35134	1789137385342	2	500	admit-refused	authority refusal LIMIT_EXCEEDED: retained input, output or executor capacity
35145	1789137385353	0	423	admit-retried	succeeded after 7 refusals
35145	1789137385353	2	503	admit-retried	succeeded after 1 refusals
35145	1789137385353	0	423	admitted	admit=14090ms
35145	1789137385353	2	503	admitted	admit=1123ms
35153	1789137385361	2	506	admit-refused	authority refusal LIMIT_EXCEEDED: retained input, output or executor capacity
35171	1789137385378	1	583	admit-refused	authority refusal LIMIT_EXCEEDED: aggregate admission capacity exhausted
35208	1789137385415	1	604	admit-refused	authority refusal LIMIT_EXCEEDED: aggregate admission capacity exhausted
35238	1789137385445	1	616	admit-refused	authority refusal LIMIT_EXCEEDED: aggregate admission capacity exhausted
35252	1789137385460	2	509	admit-refused	authority refusal LIMIT_EXCEEDED: retained input, output or executor capacity
35289	1789137385497	0	621	admitted	admit=143ms
35317	1789137385525	0	570	admit-ceiling	LIMIT_EXCEEDED: client unresolved admission ceiling
35410	1789137385618	0	624	admitted	admit=120ms
35433	1789137385641	2	506	admit-retried	succeeded after 1 refusals
35433	1789137385641	2	506	admitted	admit=339ms
35482	1789137385690	0	618	admit-retried	succeeded after 1 refusals
35482	1789137385690	0	618	admitted	admit=896ms
35519	1789137385726	1	616	admit-refused	authority refusal LIMIT_EXCEEDED: aggregate admission capacity exhausted
35522	1789137385729	1	613	admit-retried	succeeded after 3 refusals
35522	1789137385729	1	613	admitted	admit=1059ms
35536	1789137385743	2	500	admit-ceiling	LIMIT_EXCEEDED: client unresolved admission ceiling
35591	1789137385799	0	630	admit-refused	authority refusal LIMIT_EXCEEDED: aggregate admission capacity exhausted
35609	1789137385817	1	619	admitted	admit=86ms
35663	1789137385871	0	612	admit-retried	succeeded after 1 refusals
35663	1789137385871	0	612	admitted	admit=1446ms
35677	1789137385885	0	627	admit-refused	authority refusal LIMIT_EXCEEDED: aggregate admission capacity exhausted
35724	1789137385932	2	509	admit-retried	succeeded after 1 refusals
35724	1789137385932	2	509	admitted	admit=578ms
35750	1789137385957	1	580	admit-retried	succeeded after 5 refusals
35750	1789137385957	1	580	admitted	admit=4600ms
35763	1789137385971	0	633	admit-refused	authority refusal LIMIT_EXCEEDED: aggregate admission capacity exhausted
35817	1789137386025	0	294	admit-refused	authority refusal LIMIT_EXCEEDED: aggregate admission capacity exhausted
35818	1789137386026	1	625	admit-refused	authority refusal LIMIT_EXCEEDED: aggregate admission capacity exhausted
35834	1789137386042	0	615	admit-refused	authority refusal LIMIT_EXCEEDED: aggregate admission capacity exhausted
35837	1789137386045	1	475	admit-refused	authority refusal LIMIT_EXCEEDED: aggregate admission capacity exhausted
35848	1789137386055	0	627	admit-refused	authority refusal LIMIT_EXCEEDED: aggregate admission capacity exhausted
35858	1789137386065	2	515	admit-refused	authority refusal LIMIT_EXCEEDED: retained input, output or executor capacity
35861	1789137386069	2	293	admit-refused	authority refusal LIMIT_EXCEEDED: retained input, output or executor capacity
35867	1789137386074	2	497	admit-refused	authority refusal LIMIT_EXCEEDED: retained input, output or executor capacity
35869	1789137386077	2	512	admitted	admit=435ms
35976	1789137386183	0	633	admit-retried	succeeded after 1 refusals
35976	1789137386183	0	633	admitted	admit=312ms
36040	1789137386248	0	615	admit-refused	authority refusal LIMIT_EXCEEDED: aggregate admission capacity exhausted
36050	1789137386258	1	622	admitted	admit=441ms
36055	1789137386263	2	515	admit-refused	authority refusal LIMIT_EXCEEDED: retained input, output or executor capacity
36067	1789137386275	0	636	admit-refused	authority refusal LIMIT_EXCEEDED: aggregate admission capacity exhausted
36074	1789137386281	2	518	admitted	admit=204ms
36099	1789137386306	1	400	admit-refused	authority refusal LIMIT_EXCEEDED: aggregate admission capacity exhausted
36110	1789137386317	1	625	admit-retried	succeeded after 1 refusals
36110	1789137386317	1	625	admitted	admit=359ms
36113	1789137386321	0	627	admit-refused	authority refusal LIMIT_EXCEEDED: aggregate admission capacity exhausted
36150	1789137386358	1	628	admit-refused	authority refusal LIMIT_EXCEEDED: aggregate admission capacity exhausted
36217	1789137386424	0	630	admit-refused	authority refusal LIMIT_EXCEEDED: aggregate admission capacity exhausted
36232	1789137386440	2	521	admitted	admit=157ms
36233	1789137386441	0	636	admit-refused	authority refusal LIMIT_EXCEEDED: aggregate admission capacity exhausted
36287	1789137386494	1	631	admit-refused	authority refusal LIMIT_EXCEEDED: aggregate admission capacity exhausted
36317	1789137386525	1	628	admit-refused	authority refusal LIMIT_EXCEEDED: aggregate admission capacity exhausted
36369	1789137386577	0	615	admit-retried	succeeded after 2 refusals
36369	1789137386577	0	615	admitted	admit=1987ms
36452	1789137386660	2	380	admit-ceiling	LIMIT_EXCEEDED: client unresolved admission ceiling
36498	1789137386706	2	524	admitted	admit=265ms
36498	1789137386706	1	631	admit-retried	succeeded after 1 refusals
36498	1789137386706	1	631	admitted	admit=388ms
36548	1789137386755	0	636	admit-refused	authority refusal LIMIT_EXCEEDED: aggregate admission capacity exhausted
36565	1789137386773	2	515	admit-retried	succeeded after 2 refusals
36565	1789137386773	2	515	admitted	admit=841ms
36568	1789137386776	0	639	admitted	admit=198ms
36589	1789137386797	0	243	admit-ceiling	LIMIT_EXCEEDED: client unresolved admission ceiling
36625	1789137386832	0	627	admit-refused	authority refusal LIMIT_EXCEEDED: aggregate admission capacity exhausted
36650	1789137386858	0	228	admit-refused	authority refusal LIMIT_EXCEEDED: aggregate admission capacity exhausted
36673	1789137386881	1	547	admit-retried	succeeded after 6 refusals
36673	1789137386881	1	547	admitted	admit=7515ms
36685	1789137386893	2	500	admit-refused	authority refusal LIMIT_EXCEEDED: retained input, output or executor capacity
36693	1789137386900	2	530	admit-refused	authority refusal LIMIT_EXCEEDED: retained input, output or executor capacity
36701	1789137386909	2	482	admit-retried	succeeded after 5 refusals
36701	1789137386909	2	482	admitted	admit=4110ms
36736	1789137386944	0	630	admit-refused	authority refusal LIMIT_EXCEEDED: aggregate admission capacity exhausted
36737	1789137386945	2	527	admit-refused	authority refusal LIMIT_EXCEEDED: retained input, output or executor capacity
36742	1789137386950	2	497	admit-refused	authority refusal LIMIT_EXCEEDED: retained input, output or executor capacity
36746	1789137386954	1	616	admit-refused	authority refusal LIMIT_EXCEEDED: aggregate admission capacity exhausted
36747	1789137386954	2	533	admit-refused	authority refusal LIMIT_EXCEEDED: retained input, output or executor capacity
36760	1789137386968	1	637	admit-refused	authority refusal LIMIT_EXCEEDED: aggregate admission capacity exhausted
36779	1789137386987	0	474	admit-refused	authority refusal LIMIT_EXCEEDED: aggregate admission capacity exhausted
36836	1789137387044	2	530	admit-refused	authority refusal LIMIT_EXCEEDED: retained input, output or executor capacity
36911	1789137387119	1	484	admit-ceiling	LIMIT_EXCEEDED: client unresolved admission ceiling
36912	1789137387119	2	527	admit-refused	authority refusal LIMIT_EXCEEDED: retained input, output or executor capacity
36916	1789137387123	2	533	admit-refused	authority refusal LIMIT_EXCEEDED: retained input, output or executor capacity
36937	1789137387145	1	604	admit-retried	succeeded after 5 refusals
36937	1789137387145	1	604	admitted	admit=3576ms
36987	1789137387194	1	637	admit-refused	authority refusal LIMIT_EXCEEDED: aggregate admission capacity exhausted
37013	1789137387221	0	642	admit-refused	authority refusal LIMIT_EXCEEDED: aggregate admission capacity exhausted
37025	1789137387232	1	640	admit-refused	authority refusal LIMIT_EXCEEDED: aggregate admission capacity exhausted
37045	1789137387252	0	570	admit-refused	authority refusal LIMIT_EXCEEDED: aggregate admission capacity exhausted
37056	1789137387264	0	636	admit-refused	authority refusal LIMIT_EXCEEDED: aggregate admission capacity exhausted
37076	1789137387284	0	561	admit-refused	authority refusal LIMIT_EXCEEDED: aggregate admission capacity exhausted
37082	1789137387290	1	634	admit-refused	authority refusal LIMIT_EXCEEDED: aggregate admission capacity exhausted
37166	1789137387374	2	314	admit-retried	succeeded after 8 refusals
37166	1789137387374	2	314	admitted	admit=17883ms
37246	1789137387454	1	640	admit-retried	succeeded after 1 refusals
37246	1789137387454	1	640	admitted	admit=308ms
37280	1789137387488	0	543	admit-refused	authority refusal LIMIT_EXCEEDED: aggregate admission capacity exhausted
37284	1789137387492	2	530	admit-retried	succeeded after 2 refusals
37284	1789137387492	2	530	admitted	admit=718ms
37301	1789137387509	0	642	admit-refused	authority refusal LIMIT_EXCEEDED: aggregate admission capacity exhausted
37312	1789137387520	1	643	admit-refused	authority refusal LIMIT_EXCEEDED: aggregate admission capacity exhausted
37340	1789137387548	2	536	admit-refused	authority refusal LIMIT_EXCEEDED: retained input, output or executor capacity
37371	1789137387579	0	630	admit-refused	authority refusal LIMIT_EXCEEDED: aggregate admission capacity exhausted
37384	1789137387591	2	539	admit-refused	authority refusal LIMIT_EXCEEDED: retained input, output or executor capacity
37401	1789137387609	0	534	admit-refused	authority refusal LIMIT_EXCEEDED: aggregate admission capacity exhausted
37413	1789137387621	1	637	admit-retried	succeeded after 2 refusals
37413	1789137387621	1	637	admitted	admit=739ms
37486	1789137387693	0	627	admit-refused	authority refusal LIMIT_EXCEEDED: aggregate admission capacity exhausted
37512	1789137387719	1	643	admit-retried	succeeded after 1 refusals
37512	1789137387719	1	643	admitted	admit=265ms
37514	1789137387721	1	646	admit-refused	authority refusal LIMIT_EXCEEDED: aggregate admission capacity exhausted
37529	1789137387737	2	536	admit-refused	authority refusal LIMIT_EXCEEDED: retained input, output or executor capacity
37577	1789137387784	0	642	admit-refused	authority refusal LIMIT_EXCEEDED: aggregate admission capacity exhausted
37585	1789137387793	2	527	admit-refused	authority refusal LIMIT_EXCEEDED: retained input, output or executor capacity
37588	1789137387795	2	533	admit-refused	authority refusal LIMIT_EXCEEDED: retained input, output or executor capacity
37599	1789137387806	1	634	admit-refused	authority refusal LIMIT_EXCEEDED: aggregate admission capacity exhausted
37606	1789137387813	2	539	admit-refused	authority refusal LIMIT_EXCEEDED: retained input, output or executor capacity
37611	1789137387819	1	616	admit-refused	authority refusal LIMIT_EXCEEDED: aggregate admission capacity exhausted
37614	1789137387822	0	408	admit-refused	authority refusal LIMIT_EXCEEDED: aggregate admission capacity exhausted
37636	1789137387843	1	649	admit-refused	authority refusal LIMIT_EXCEEDED: aggregate admission capacity exhausted
37688	1789137387895	1	646	admit-retried	succeeded after 1 refusals
37688	1789137387896	1	646	admitted	admit=274ms
37705	1789137387913	1	40	admit-refused	authority refusal LIMIT_EXCEEDED: aggregate admission capacity exhausted
37763	1789137387970	1	652	admit-refused	authority refusal LIMIT_EXCEEDED: aggregate admission capacity exhausted
37786	1789137387994	1	649	admit-refused	authority refusal LIMIT_EXCEEDED: aggregate admission capacity exhausted
37945	1789137388152	0	636	admit-retried	succeeded after 4 refusals
37945	1789137388152	0	636	admitted	admit=1968ms
37989	1789137388196	2	533	admit-ceiling	LIMIT_EXCEEDED: client unresolved admission ceiling
38015	1789137388222	1	634	admit-retried	succeeded after 2 refusals
38015	1789137388222	1	634	admitted	admit=1515ms
38076	1789137388283	1	505	admit-ceiling	LIMIT_EXCEEDED: client unresolved admission ceiling
38085	1789137388293	0	645	admitted	admit=140ms
38093	1789137388301	2	470	admit-ceiling	LIMIT_EXCEEDED: client unresolved admission ceiling
38105	1789137388313	1	655	admit-refused	authority refusal LIMIT_EXCEEDED: aggregate admission capacity exhausted
38117	1789137388324	1	649	admit-retried	succeeded after 2 refusals
38117	1789137388324	1	649	admitted	admit=604ms
38132	1789137388340	2	536	admit-retried	succeeded after 2 refusals
38132	1789137388340	2	536	admitted	admit=965ms
38166	1789137388373	2	539	admit-refused	authority refusal LIMIT_EXCEEDED: retained input, output or executor capacity
38185	1789137388393	2	542	admit-refused	authority refusal LIMIT_EXCEEDED: retained input, output or executor capacity
38186	1789137388394	2	389	admit-retried	succeeded after 7 refusals
38186	1789137388394	2	389	admitted	admit=12913ms
38191	1789137388399	2	527	admit-refused	authority refusal LIMIT_EXCEEDED: retained input, output or executor capacity
38207	1789137388415	1	655	admit-ceiling	LIMIT_EXCEEDED: client unresolved admission ceiling
38208	1789137388416	1	76	admit-refused	authority refusal LIMIT_EXCEEDED: aggregate admission capacity exhausted
38212	1789137388420	0	648	admitted	admit=126ms
38224	1789137388431	1	658	admit-refused	authority refusal LIMIT_EXCEEDED: aggregate admission capacity exhausted
38247	1789137388455	2	545	admit-refused	authority refusal LIMIT_EXCEEDED: retained input, output or executor capacity
38252	1789137388460	2	146	admit-refused	authority refusal LIMIT_EXCEEDED: retained input, output or executor capacity
38268	1789137388476	0	630	admit-retried	succeeded after 4 refusals
38268	1789137388476	0	630	admitted	admit=2785ms
38278	1789137388486	0	651	admit-refused	authority refusal LIMIT_EXCEEDED: aggregate admission capacity exhausted
38283	1789137388490	0	642	admit-refused	authority refusal LIMIT_EXCEEDED: aggregate admission capacity exhausted
38296	1789137388504	1	628	admit-retried	succeeded after 2 refusals
38296	1789137388504	1	628	admitted	admit=2245ms
38349	1789137388557	2	545	admit-ceiling	LIMIT_EXCEEDED: client unresolved admission ceiling
38373	1789137388581	1	583	admit-ceiling	LIMIT_EXCEEDED: client unresolved admission ceiling
38409	1789137388617	1	655	admit-ceiling	LIMIT_EXCEEDED: client unresolved admission ceiling
38438	1789137388646	1	349	admit-refused	authority refusal LIMIT_EXCEEDED: aggregate admission capacity exhausted
38446	1789137388653	1	661	admit-refused	authority refusal LIMIT_EXCEEDED: aggregate admission capacity exhausted
38478	1789137388686	1	652	admit-refused	authority refusal LIMIT_EXCEEDED: aggregate admission capacity exhausted
38479	1789137388686	0	651	admit-refused	authority refusal LIMIT_EXCEEDED: aggregate admission capacity exhausted
38481	1789137388688	0	654	admitted	admit=212ms
38498	1789137388706	0	84	admit-refused	authority refusal LIMIT_EXCEEDED: aggregate admission capacity exhausted
38500	1789137388708	1	493	admit-refused	authority refusal LIMIT_EXCEEDED: aggregate admission capacity exhausted
38532	1789137388740	2	41	admit-retried	succeeded after 12 refusals
38532	1789137388740	2	41	admitted	admit=37976ms
38551	1789137388758	2	545	admit-ceiling	LIMIT_EXCEEDED: client unresolved admission ceiling
38567	1789137388774	2	539	admit-ceiling	LIMIT_EXCEEDED: client unresolved admission ceiling
38579	1789137388787	0	657	admitted	admit=98ms
38586	1789137388794	2	500	admit-refused	authority refusal LIMIT_EXCEEDED: retained input, output or executor capacity
38605	1789137388813	2	542	admit-retried	succeeded after 1 refusals
38605	1789137388813	2	542	admitted	admit=473ms
38644	1789137388852	2	548	admit-refused	authority refusal LIMIT_EXCEEDED: retained input, output or executor capacity
38653	1789137388860	2	497	admit-refused	authority refusal LIMIT_EXCEEDED: retained input, output or executor capacity
38667	1789137388874	0	660	admit-refused	authority refusal LIMIT_EXCEEDED: aggregate admission capacity exhausted
38670	1789137388878	2	551	admit-refused	authority refusal LIMIT_EXCEEDED: retained input, output or executor capacity
38675	1789137388883	2	419	admit-refused	authority refusal LIMIT_EXCEEDED: retained input, output or executor capacity
38736	1789137388944	1	652	admit-refused	authority refusal LIMIT_EXCEEDED: aggregate admission capacity exhausted
38739	1789137388947	1	661	admit-retried	succeeded after 1 refusals
38739	1789137388947	1	661	admitted	admit=442ms
38768	1789137388975	0	651	admit-retried	succeeded after 2 refusals
38768	1789137388975	0	651	admitted	admit=555ms
38843	1789137389051	0	660	admit-refused	authority refusal LIMIT_EXCEEDED: aggregate admission capacity exhausted
38861	1789137389068	0	663	admit-refused	authority refusal LIMIT_EXCEEDED: aggregate admission capacity exhausted
38899	1789137389107	2	548	admit-retried	succeeded after 1 refusals
38899	1789137389107	2	548	admitted	admit=366ms
38936	1789137389144	1	655	admit-refused	authority refusal LIMIT_EXCEEDED: aggregate admission capacity exhausted
38959	1789137389166	2	551	admit-retried	succeeded after 1 refusals
38959	1789137389166	2	551	admitted	admit=353ms
38961	1789137389168	2	554	admit-refused	authority refusal LIMIT_EXCEEDED: retained input, output or executor capacity
38993	1789137389200	2	527	admit-ceiling	LIMIT_EXCEEDED: client unresolved admission ceiling
39005	1789137389213	2	344	admit-ceiling	LIMIT_EXCEEDED: client unresolved admission ceiling
39010	1789137389217	2	533	admit-refused	authority refusal LIMIT_EXCEEDED: retained input, output or executor capacity
39012	1789137389220	2	545	admit-refused	authority refusal LIMIT_EXCEEDED: retained input, output or executor capacity
39034	1789137389242	0	663	admit-retried	succeeded after 1 refusals
39034	1789137389242	0	663	admitted	admit=266ms
39088	1789137389296	0	627	admit-ceiling	LIMIT_EXCEEDED: client unresolved admission ceiling
39150	1789137389358	0	642	admit-refused	authority refusal LIMIT_EXCEEDED: aggregate admission capacity exhausted
39160	1789137389368	0	666	admitted	admit=126ms
39200	1789137389407	0	660	admit-refused	authority refusal LIMIT_EXCEEDED: aggregate admission capacity exhausted
39236	1789137389444	2	557	admit-refused	authority refusal LIMIT_EXCEEDED: retained input, output or executor capacity
39240	1789137389448	1	658	admit-retried	succeeded after 1 refusals
39240	1789137389448	1	658	admitted	admit=1122ms
39252	1789137389460	2	410	admit-refused	authority refusal LIMIT_EXCEEDED: retained input, output or executor capacity
39255	1789137389462	2	554	admit-refused	authority refusal LIMIT_EXCEEDED: retained input, output or executor capacity
39276	1789137389483	0	669	admitted	admit=114ms
39347	1789137389554	0	672	admit-refused	authority refusal LIMIT_EXCEEDED: aggregate admission capacity exhausted
39347	1789137389555	1	664	admitted	admit=607ms
39377	1789137389585	1	667	admitted	admit=137ms
39407	1789137389614	0	72	admit-retried	succeeded after 12 refusals
39407	1789137389614	0	72	admitted	admit=38227ms
39422	1789137389630	1	616	admit-retried	succeeded after 5 refusals
39422	1789137389630	1	616	admitted	admit=4789ms
39468	1789137389676	1	670	admitted	admit=120ms
39477	1789137389685	1	673	admit-refused	authority refusal LIMIT_EXCEEDED: aggregate admission capacity exhausted
39505	1789137389713	0	672	admit-refused	authority refusal LIMIT_EXCEEDED: aggregate admission capacity exhausted
39522	1789137389730	0	675	admit-refused	authority refusal LIMIT_EXCEEDED: aggregate admission capacity exhausted
39535	1789137389743	1	679	admit-refused	authority refusal LIMIT_EXCEEDED: aggregate admission capacity exhausted
39558	1789137389765	1	676	admit-refused	authority refusal LIMIT_EXCEEDED: aggregate admission capacity exhausted
39574	1789137389782	0	360	admit-refused	authority refusal LIMIT_EXCEEDED: aggregate admission capacity exhausted
39636	1789137389844	1	673	admit-refused	authority refusal LIMIT_EXCEEDED: aggregate admission capacity exhausted
39645	1789137389853	1	652	admit-refused	authority refusal LIMIT_EXCEEDED: aggregate admission capacity exhausted
39667	1789137389874	2	557	admit-retried	succeeded after 1 refusals
39667	1789137389874	2	557	admitted	admit=707ms
39676	1789137389884	0	675	admit-refused	authority refusal LIMIT_EXCEEDED: aggregate admission capacity exhausted
39690	1789137389898	0	660	admit-retried	succeeded after 3 refusals
39690	1789137389898	0	660	admitted	admit=1110ms
39726	1789137389933	2	554	admit-refused	authority refusal LIMIT_EXCEEDED: retained input, output or executor capacity
39734	1789137389942	1	679	admit-retried	succeeded after 1 refusals
39734	1789137389942	1	679	admitted	admit=265ms
39747	1789137389955	2	539	admit-retried	succeeded after 4 refusals
39747	1789137389955	2	539	admitted	admit=2462ms
39824	1789137390031	0	672	admit-refused	authority refusal LIMIT_EXCEEDED: aggregate admission capacity exhausted
39838	1789137390046	1	673	admit-ceiling	LIMIT_EXCEEDED: client unresolved admission ceiling
39840	1789137390048	0	678	admit-refused	authority refusal LIMIT_EXCEEDED: aggregate admission capacity exhausted
39887	1789137390095	1	655	admit-refused	authority refusal LIMIT_EXCEEDED: aggregate admission capacity exhausted
39979	1789137390187	1	55	admit-refused	authority refusal LIMIT_EXCEEDED: aggregate admission capacity exhausted
40009	1789137390217	0	675	admit-refused	authority refusal LIMIT_EXCEEDED: aggregate admission capacity exhausted
40023	1789137390231	0	678	admit-retried	succeeded after 1 refusals
40023	1789137390231	0	678	admitted	admit=332ms
40107	1789137390315	2	560	admitted	admit=440ms
40134	1789137390341	1	529	admit-retried	succeeded after 7 refusals
40134	1789137390341	1	529	admitted	admit=11866ms
40142	1789137390350	2	554	admit-ceiling	LIMIT_EXCEEDED: client unresolved admission ceiling
40147	1789137390354	0	681	admitted	admit=123ms
40177	1789137390385	2	545	admit-refused	authority refusal LIMIT_EXCEEDED: retained input, output or executor capacity
40183	1789137390390	2	563	admitted	admit=435ms
40187	1789137390395	2	566	admit-refused	authority refusal LIMIT_EXCEEDED: retained input, output or executor capacity
40210	1789137390418	1	682	admit-refused	authority refusal LIMIT_EXCEEDED: aggregate admission capacity exhausted
40288	1789137390496	0	684	admitted	admit=141ms
40309	1789137390517	2	566	admit-refused	authority refusal LIMIT_EXCEEDED: retained input, output or executor capacity
40310	1789137390518	0	672	admit-refused	authority refusal LIMIT_EXCEEDED: aggregate admission capacity exhausted
40333	1789137390540	2	281	admit-retried	succeeded after 9 refusals
40333	1789137390540	2	281	admitted	admit=23376ms
40333	1789137390540	2	569	admit-refused	authority refusal LIMIT_EXCEEDED: retained input, output or executor capacity
40334	1789137390542	0	570	admit-refused	authority refusal LIMIT_EXCEEDED: aggregate admission capacity exhausted
40351	1789137390558	1	673	admit-refused	authority refusal LIMIT_EXCEEDED: aggregate admission capacity exhausted
40355	1789137390563	2	572	admit-refused	authority refusal LIMIT_EXCEEDED: retained input, output or executor capacity
40359	1789137390567	1	685	admit-refused	authority refusal LIMIT_EXCEEDED: aggregate admission capacity exhausted
40360	1789137390568	0	687	admit-refused	authority refusal LIMIT_EXCEEDED: aggregate admission capacity exhausted
40371	1789137390579	1	682	admit-refused	authority refusal LIMIT_EXCEEDED: aggregate admission capacity exhausted
40458	1789137390666	2	569	admit-refused	authority refusal LIMIT_EXCEEDED: retained input, output or executor capacity
40523	1789137390730	1	685	admit-refused	authority refusal LIMIT_EXCEEDED: aggregate admission capacity exhausted
40543	1789137390751	1	676	admit-refused	authority refusal LIMIT_EXCEEDED: aggregate admission capacity exhausted
40596	1789137390804	1	652	admit-refused	authority refusal LIMIT_EXCEEDED: aggregate admission capacity exhausted
40634	1789137390842	1	682	admit-refused	authority refusal LIMIT_EXCEEDED: aggregate admission capacity exhausted
40642	1789137390850	2	572	admit-retried	succeeded after 1 refusals
40642	1789137390850	2	572	admitted	admit=309ms
40661	1789137390868	2	569	admit-ceiling	LIMIT_EXCEEDED: client unresolved admission ceiling
40677	1789137390885	2	527	admit-refused	authority refusal LIMIT_EXCEEDED: retained input, output or executor capacity
40680	1789137390887	2	533	admit-refused	authority refusal LIMIT_EXCEEDED: retained input, output or executor capacity
40693	1789137390900	2	566	admit-retried	succeeded after 2 refusals
40693	1789137390900	2	566	admitted	admit=585ms
40717	1789137390924	2	575	admit-refused	authority refusal LIMIT_EXCEEDED: retained input, output or executor capacity
40722	1789137390930	0	675	admit-retried	succeeded after 3 refusals
40722	1789137390930	0	675	admitted	admit=1315ms
40727	1789137390935	2	578	admit-refused	authority refusal LIMIT_EXCEEDED: retained input, output or executor capacity
40853	1789137391060	1	676	admit-retried	succeeded after 2 refusals
40853	1789137391061	1	676	admitted	admit=1430ms
40875	1789137391082	0	690	admitted	admit=151ms
40915	1789137391123	1	475	admit-refused	authority refusal LIMIT_EXCEEDED: aggregate admission capacity exhausted
40924	1789137391131	0	294	admit-retried	succeeded after 10 refusals
40924	1789137391131	0	294	admitted	admit=27855ms
40926	1789137391134	1	685	admit-retried	succeeded after 2 refusals
40926	1789137391134	1	685	admitted	admit=792ms
40940	1789137391147	1	688	admit-refused	authority refusal LIMIT_EXCEEDED: aggregate admission capacity exhausted
40997	1789137391204	0	642	admit-retried	succeeded after 5 refusals
40997	1789137391204	0	642	admitted	admit=4427ms
41061	1789137391269	2	569	admit-ceiling	LIMIT_EXCEEDED: client unresolved admission ceiling
41088	1789137391295	0	693	admit-refused	authority refusal LIMIT_EXCEEDED: aggregate admission capacity exhausted
41123	1789137391330	2	575	admit-retried	succeeded after 1 refusals
41123	1789137391330	2	575	admitted	admit=479ms
41152	1789137391359	1	682	admit-refused	authority refusal LIMIT_EXCEEDED: aggregate admission capacity exhausted
41173	1789137391381	2	578	admit-retried	succeeded after 1 refusals
41173	1789137391381	2	578	admitted	admit=480ms
41181	1789137391388	1	400	admit-refused	authority refusal LIMIT_EXCEEDED: aggregate admission capacity exhausted
41186	1789137391393	1	688	admit-refused	authority refusal LIMIT_EXCEEDED: aggregate admission capacity exhausted
41206	1789137391414	0	672	admit-retried	succeeded after 4 refusals
41206	1789137391414	0	672	admitted	admit=1930ms
41222	1789137391430	1	673	admit-refused	authority refusal LIMIT_EXCEEDED: aggregate admission capacity exhausted
41243	1789137391450	0	702	admit-ceiling	LIMIT_EXCEEDED: client unresolved admission ceiling
41266	1789137391474	0	693	admit-refused	authority refusal LIMIT_EXCEEDED: aggregate admission capacity exhausted
41381	1789137391589	2	584	admit-refused	authority refusal LIMIT_EXCEEDED: retained input, output or executor capacity
41389	1789137391597	0	696	admitted	admit=465ms
41404	1789137391612	0	702	admit-refused	authority refusal LIMIT_EXCEEDED: aggregate admission capacity exhausted
41411	1789137391618	2	293	admit-retried	succeeded after 9 refusals
41411	1789137391618	2	293	admitted	admit=23897ms
41467	1789137391674	2	587	admit-refused	authority refusal LIMIT_EXCEEDED: retained input, output or executor capacity
41483	1789137391691	2	380	admit-refused	authority refusal LIMIT_EXCEEDED: retained input, output or executor capacity
41489	1789137391696	2	554	admit-refused	authority refusal LIMIT_EXCEEDED: retained input, output or executor capacity
41494	1789137391702	1	688	admit-retried	succeeded after 2 refusals
41494	1789137391702	1	688	admitted	admit=640ms
41511	1789137391719	2	581	admit-refused	authority refusal LIMIT_EXCEEDED: retained input, output or executor capacity
41562	1789137391769	2	584	admit-refused	authority refusal LIMIT_EXCEEDED: retained input, output or executor capacity
41565	1789137391773	0	705	admitted	admit=175ms
41591	1789137391798	0	243	admit-ceiling	LIMIT_EXCEEDED: client unresolved admission ceiling
41606	1789137391813	0	702	admit-ceiling	LIMIT_EXCEEDED: client unresolved admission ceiling
41624	1789137391832	1	655	admit-retried	succeeded after 5 refusals
41624	1789137391832	1	655	admitted	admit=3608ms
41648	1789137391856	0	693	admit-refused	authority refusal LIMIT_EXCEEDED: aggregate admission capacity exhausted
41666	1789137391874	0	708	admitted	admit=101ms
41697	1789137391905	1	697	admit-refused	authority refusal LIMIT_EXCEEDED: aggregate admission capacity exhausted
41744	1789137391951	0	711	admit-refused	authority refusal LIMIT_EXCEEDED: aggregate admission capacity exhausted
41750	1789137391958	0	699	admitted	admit=753ms
41782	1789137391989	2	587	admit-retried	succeeded after 1 refusals
41782	1789137391989	2	587	admitted	admit=370ms
41813	1789137392020	2	500	admit-ceiling	LIMIT_EXCEEDED: client unresolved admission ceiling
41824	1789137392032	0	228	admit-refused	authority refusal LIMIT_EXCEEDED: aggregate admission capacity exhausted
41854	1789137392062	2	497	admit-ceiling	LIMIT_EXCEEDED: client unresolved admission ceiling
41863	1789137392070	2	569	admit-ceiling	LIMIT_EXCEEDED: client unresolved admission ceiling
41879	1789137392087	1	697	admit-retried	succeeded after 1 refusals
41879	1789137392087	1	697	admitted	admit=254ms
41885	1789137392093	0	474	admit-refused	authority refusal LIMIT_EXCEEDED: aggregate admission capacity exhausted
41889	1789137392097	2	584	admit-refused	authority refusal LIMIT_EXCEEDED: retained input, output or executor capacity
41897	1789137392104	2	545	admit-refused	authority refusal LIMIT_EXCEEDED: retained input, output or executor capacity
41902	1789137392110	2	590	admit-refused	authority refusal LIMIT_EXCEEDED: retained input, output or executor capacity
41907	1789137392114	0	714	admit-refused	authority refusal LIMIT_EXCEEDED: aggregate admission capacity exhausted
41910	1789137392118	2	581	admit-retried	succeeded after 1 refusals
41910	1789137392118	2	581	admitted	admit=786ms
41953	1789137392161	1	682	admit-ceiling	LIMIT_EXCEEDED: client unresolved admission ceiling
42000	1789137392208	1	484	admit-retried	succeeded after 8 refusals
42000	1789137392208	1	484	admitted	admit=17617ms
42016	1789137392224	1	700	admit-refused	authority refusal LIMIT_EXCEEDED: aggregate admission capacity exhausted
42050	1789137392258	0	693	admit-ceiling	LIMIT_EXCEEDED: client unresolved admission ceiling
42079	1789137392286	0	561	admit-ceiling	LIMIT_EXCEEDED: client unresolved admission ceiling
42081	1789137392289	0	702	admit-refused	authority refusal LIMIT_EXCEEDED: aggregate admission capacity exhausted
42099	1789137392307	0	714	admit-refused	authority refusal LIMIT_EXCEEDED: aggregate admission capacity exhausted
42188	1789137392395	1	700	admit-retried	succeeded after 1 refusals
42188	1789137392395	1	700	admitted	admit=308ms
42227	1789137392434	1	703	admitted	admit=226ms
42245	1789137392452	1	709	admit-ceiling	LIMIT_EXCEEDED: client unresolved admission ceiling
42301	1789137392509	0	714	admit-ceiling	LIMIT_EXCEEDED: client unresolved admission ceiling
42324	1789137392532	1	694	admit-refused	authority refusal LIMIT_EXCEEDED: aggregate admission capacity exhausted
42329	1789137392536	2	593	admitted	admit=418ms
42342	1789137392549	0	687	admit-retried	succeeded after 1 refusals
42342	1789137392549	0	687	admitted	admit=2052ms
42372	1789137392580	2	584	admit-refused	authority refusal LIMIT_EXCEEDED: retained input, output or executor capacity
42396	1789137392604	2	590	admit-retried	succeeded after 1 refusals
42396	1789137392604	2	590	admitted	admit=613ms
42403	1789137392611	0	534	admit-ceiling	LIMIT_EXCEEDED: client unresolved admission ceiling
42404	1789137392612	2	596	admit-refused	authority refusal LIMIT_EXCEEDED: retained input, output or executor capacity
42426	1789137392633	0	543	admit-refused	authority refusal LIMIT_EXCEEDED: aggregate admission capacity exhausted
42443	1789137392650	1	709	admit-retried	succeeded after 1 refusals
42443	1789137392650	1	709	admitted	admit=215ms
42466	1789137392673	1	712	admit-ceiling	LIMIT_EXCEEDED: client unresolved admission ceiling
42516	1789137392723	1	706	admitted	admit=327ms
42518	1789137392725	1	694	admit-refused	authority refusal LIMIT_EXCEEDED: aggregate admission capacity exhausted
42625	1789137392833	1	712	admit-refused	authority refusal LIMIT_EXCEEDED: aggregate admission capacity exhausted
42630	1789137392838	1	715	admit-refused	authority refusal LIMIT_EXCEEDED: aggregate admission capacity exhausted
42685	1789137392892	0	717	admitted	admit=342ms
42703	1789137392911	0	714	admit-ceiling	LIMIT_EXCEEDED: client unresolved admission ceiling
42714	1789137392921	2	599	admitted	admit=316ms
42732	1789137392939	1	715	admit-ceiling	LIMIT_EXCEEDED: client unresolved admission ceiling
42739	1789137392946	2	596	admit-refused	authority refusal LIMIT_EXCEEDED: retained input, output or executor capacity
42754	1789137392962	0	408	admit-retried	succeeded after 9 refusals
42754	1789137392962	0	408	admitted	admit=23263ms
42824	1789137393032	1	40	admit-retried	succeeded after 13 refusals
42824	1789137393032	1	40	admitted	admit=42556ms
42837	1789137393045	1	718	admit-ceiling	LIMIT_EXCEEDED: client unresolved admission ceiling
42838	1789137393046	1	712	admit-ceiling	LIMIT_EXCEEDED: client unresolved admission ceiling
42852	1789137393060	0	693	admit-ceiling	LIMIT_EXCEEDED: client unresolved admission ceiling
42866	1789137393073	1	691	admit-refused	authority refusal LIMIT_EXCEEDED: aggregate admission capacity exhausted
42876	1789137393084	1	694	admit-retried	succeeded after 2 refusals
42876	1789137393084	1	694	admitted	admit=1381ms
42883	1789137393091	0	702	admit-ceiling	LIMIT_EXCEEDED: client unresolved admission ceiling
42909	1789137393117	1	673	admit-refused	authority refusal LIMIT_EXCEEDED: aggregate admission capacity exhausted
42910	1789137393117	0	723	admit-refused	authority refusal LIMIT_EXCEEDED: aggregate admission capacity exhausted
42928	1789137393136	2	602	admitted	admit=214ms
42968	1789137393176	1	691	admit-ceiling	LIMIT_EXCEEDED: client unresolved admission ceiling
42998	1789137393205	0	720	admit-refused	authority refusal LIMIT_EXCEEDED: aggregate admission capacity exhausted
43039	1789137393246	1	715	admit-retried	succeeded after 2 refusals
43039	1789137393246	1	715	admitted	admit=522ms
43047	1789137393254	1	718	admit-refused	authority refusal LIMIT_EXCEEDED: aggregate admission capacity exhausted
43129	1789137393337	2	605	admitted	admit=200ms
43146	1789137393353	0	723	admit-refused	authority refusal LIMIT_EXCEEDED: aggregate admission capacity exhausted
43152	1789137393360	1	724	admit-refused	authority refusal LIMIT_EXCEEDED: aggregate admission capacity exhausted
43154	1789137393362	0	711	admit-refused	authority refusal LIMIT_EXCEEDED: aggregate admission capacity exhausted
43174	1789137393382	2	584	admit-ceiling	LIMIT_EXCEEDED: client unresolved admission ceiling
43182	1789137393390	0	720	admit-refused	authority refusal LIMIT_EXCEEDED: aggregate admission capacity exhausted
43186	1789137393394	2	554	admit-refused	authority refusal LIMIT_EXCEEDED: retained input, output or executor capacity
43189	1789137393397	2	470	admit-refused	authority refusal LIMIT_EXCEEDED: retained input, output or executor capacity
43192	1789137393400	2	608	admit-refused	authority refusal LIMIT_EXCEEDED: retained input, output or executor capacity
43196	1789137393404	1	505	admit-refused	authority refusal LIMIT_EXCEEDED: aggregate admission capacity exhausted
43198	1789137393405	2	596	admit-retried	succeeded after 2 refusals
43198	1789137393405	2	596	admitted	admit=868ms
43228	1789137393436	2	611	admit-refused	authority refusal LIMIT_EXCEEDED: retained input, output or executor capacity
43240	1789137393448	1	712	admit-ceiling	LIMIT_EXCEEDED: client unresolved admission ceiling
43270	1789137393478	1	76	admit-refused	authority refusal LIMIT_EXCEEDED: aggregate admission capacity exhausted
43275	1789137393483	1	691	admit-retried	succeeded after 2 refusals
43275	1789137393483	1	691	admitted	admit=2348ms
43285	1789137393493	0	627	admit-refused	authority refusal LIMIT_EXCEEDED: aggregate admission capacity exhausted
43298	1789137393506	1	727	admit-ceiling	LIMIT_EXCEEDED: client unresolved admission ceiling
43335	1789137393543	1	718	admit-refused	authority refusal LIMIT_EXCEEDED: aggregate admission capacity exhausted
43339	1789137393546	2	608	admit-refused	authority refusal LIMIT_EXCEEDED: retained input, output or executor capacity
43344	1789137393552	2	611	admit-refused	authority refusal LIMIT_EXCEEDED: retained input, output or executor capacity
43350	1789137393557	2	146	admit-retried	succeeded after 12 refusals
43350	1789137393557	2	146	admitted	admit=37740ms
43401	1789137393608	1	727	admit-ceiling	LIMIT_EXCEEDED: client unresolved admission ceiling
43419	1789137393627	2	614	admit-refused	authority refusal LIMIT_EXCEEDED: retained input, output or executor capacity
43423	1789137393631	1	724	admit-refused	authority refusal LIMIT_EXCEEDED: aggregate admission capacity exhausted
43450	1789137393657	1	583	admit-refused	authority refusal LIMIT_EXCEEDED: aggregate admission capacity exhausted
43482	1789137393690	1	721	admit-refused	authority refusal LIMIT_EXCEEDED: aggregate admission capacity exhausted
43500	1789137393707	1	349	admit-refused	authority refusal LIMIT_EXCEEDED: aggregate admission capacity exhausted
43505	1789137393713	0	714	admit-ceiling	LIMIT_EXCEEDED: client unresolved admission ceiling
43510	1789137393718	0	720	admit-refused	authority refusal LIMIT_EXCEEDED: aggregate admission capacity exhausted
43600	1789137393808	2	569	admit-retried	succeeded after 5 refusals
43600	1789137393808	2	569	admitted	admit=3416ms
43602	1789137393809	1	727	admit-ceiling	LIMIT_EXCEEDED: client unresolved admission ceiling
43615	1789137393822	0	84	admit-refused	authority refusal LIMIT_EXCEEDED: aggregate admission capacity exhausted
43617	1789137393825	1	682	admit-refused	authority refusal LIMIT_EXCEEDED: aggregate admission capacity exhausted
43660	1789137393868	0	711	admit-refused	authority refusal LIMIT_EXCEEDED: aggregate admission capacity exhausted
43677	1789137393885	2	419	admit-ceiling	LIMIT_EXCEEDED: client unresolved admission ceiling
43689	1789137393897	1	493	admit-retried	succeeded after 8 refusals
43689	1789137393897	1	493	admitted	admit=18525ms
43720	1789137393928	1	724	admit-retried	succeeded after 2 refusals
43720	1789137393928	1	724	admitted	admit=681ms
43745	1789137393952	1	718	admit-ceiling	LIMIT_EXCEEDED: client unresolved admission ceiling
43763	1789137393971	0	723	admit-refused	authority refusal LIMIT_EXCEEDED: aggregate admission capacity exhausted
43770	1789137393977	1	730	admit-refused	authority refusal LIMIT_EXCEEDED: aggregate admission capacity exhausted
43798	1789137394005	1	733	admit-refused	authority refusal LIMIT_EXCEEDED: aggregate admission capacity exhausted
43809	1789137394016	2	614	admit-retried	succeeded after 1 refusals
43809	1789137394016	2	614	admitted	admit=458ms
43839	1789137394047	2	611	admit-refused	authority refusal LIMIT_EXCEEDED: retained input, output or executor capacity
43855	1789137394063	2	608	admit-retried	succeeded after 2 refusals
43855	1789137394063	2	608	admitted	admit=725ms
43871	1789137394078	2	620	admit-refused	authority refusal LIMIT_EXCEEDED: retained input, output or executor capacity
43876	1789137394084	2	617	admit-refused	authority refusal LIMIT_EXCEEDED: retained input, output or executor capacity
43902	1789137394110	2	623	admit-refused	authority refusal LIMIT_EXCEEDED: retained input, output or executor capacity
43937	1789137394145	2	527	admit-refused	authority refusal LIMIT_EXCEEDED: retained input, output or executor capacity
43943	1789137394150	2	533	admit-refused	authority refusal LIMIT_EXCEEDED: retained input, output or executor capacity
43994	1789137394202	1	733	admit-retried	succeeded after 1 refusals
43994	1789137394202	1	733	admitted	admit=273ms
44016	1789137394223	1	727	admit-ceiling	LIMIT_EXCEEDED: client unresolved admission ceiling
44031	1789137394238	0	720	admit-retried	succeeded after 3 refusals
44031	1789137394238	0	720	admitted	admit=1345ms
44043	1789137394250	1	712	admit-ceiling	LIMIT_EXCEEDED: client unresolved admission ceiling
44096	1789137394303	1	736	admit-refused	authority refusal LIMIT_EXCEEDED: aggregate admission capacity exhausted
44103	1789137394311	1	730	admit-refused	authority refusal LIMIT_EXCEEDED: aggregate admission capacity exhausted
44137	1789137394345	0	726	admitted	admit=105ms
44199	1789137394407	0	711	admit-refused	authority refusal LIMIT_EXCEEDED: aggregate admission capacity exhausted
44227	1789137394435	0	729	admit-refused	authority refusal LIMIT_EXCEEDED: aggregate admission capacity exhausted
44241	1789137394449	2	611	admit-ceiling	LIMIT_EXCEEDED: client unresolved admission ceiling
44246	1789137394454	2	617	admit-refused	authority refusal LIMIT_EXCEEDED: retained input, output or executor capacity
44254	1789137394462	2	620	admit-retried	succeeded after 1 refusals
44254	1789137394462	2	620	admitted	admit=445ms
44256	1789137394464	0	723	admit-refused	authority refusal LIMIT_EXCEEDED: aggregate admission capacity exhausted
44281	1789137394489	1	736	admit-retried	succeeded after 1 refusals
44281	1789137394489	1	736	admitted	admit=286ms
44310	1789137394517	2	344	admit-refused	authority refusal LIMIT_EXCEEDED: retained input, output or executor capacity
44343	1789137394550	2	410	admit-refused	authority refusal LIMIT_EXCEEDED: retained input, output or executor capacity
44397	1789137394604	0	729	admit-retried	succeeded after 1 refusals
44397	1789137394604	0	729	admitted	admit=259ms
44434	1789137394642	1	739	admitted	admit=152ms
44489	1789137394697	1	730	admit-retried	succeeded after 2 refusals
44489	1789137394697	1	730	admitted	admit=799ms
44529	1789137394736	2	623	admit-retried	succeeded after 1 refusals
44529	1789137394736	2	623	admitted	admit=672ms
44532	1789137394740	0	693	admit-refused	authority refusal LIMIT_EXCEEDED: aggregate admission capacity exhausted
44546	1789137394754	1	718	admit-ceiling	LIMIT_EXCEEDED: client unresolved admission ceiling
44549	1789137394757	0	702	admit-refused	authority refusal LIMIT_EXCEEDED: aggregate admission capacity exhausted
44620	1789137394828	0	732	admit-refused	authority refusal LIMIT_EXCEEDED: aggregate admission capacity exhausted
44682	1789137394890	0	360	admit-retried	succeeded after 10 refusals
44682	1789137394890	0	360	admitted	admit=28600ms
44790	1789137394998	2	626	admitted	admit=535ms
44793	1789137395000	2	617	admit-refused	authority refusal LIMIT_EXCEEDED: retained input, output or executor capacity
44798	1789137395006	2	629	admit-refused	authority refusal LIMIT_EXCEEDED: retained input, output or executor capacity
44816	1789137395024	1	745	admit-refused	authority refusal LIMIT_EXCEEDED: aggregate admission capacity exhausted
44817	1789137395024	0	732	admit-retried	succeeded after 1 refusals
44817	1789137395024	0	732	admitted	admit=419ms
44840	1789137395048	2	584	admit-refused	authority refusal LIMIT_EXCEEDED: retained input, output or executor capacity
44848	1789137395056	2	632	admit-refused	authority refusal LIMIT_EXCEEDED: retained input, output or executor capacity
44877	1789137395085	1	721	admit-refused	authority refusal LIMIT_EXCEEDED: aggregate admission capacity exhausted
44906	1789137395113	1	742	admit-refused	authority refusal LIMIT_EXCEEDED: aggregate admission capacity exhausted
44913	1789137395121	2	629	admit-refused	authority refusal LIMIT_EXCEEDED: retained input, output or executor capacity
44944	1789137395152	1	727	admit-refused	authority refusal LIMIT_EXCEEDED: aggregate admission capacity exhausted
44947	1789137395155	0	738	admitted	admit=130ms
44984	1789137395192	2	632	admit-refused	authority refusal LIMIT_EXCEEDED: retained input, output or executor capacity
45028	1789137395235	1	745	admit-refused	authority refusal LIMIT_EXCEEDED: aggregate admission capacity exhausted
45055	1789137395262	2	611	admit-refused	authority refusal LIMIT_EXCEEDED: retained input, output or executor capacity
45102	1789137395310	0	711	admit-refused	authority refusal LIMIT_EXCEEDED: aggregate admission capacity exhausted
45105	1789137395313	0	741	admitted	admit=157ms
45113	1789137395321	1	742	admit-retried	succeeded after 1 refusals
45113	1789137395321	1	742	admitted	admit=678ms
45128	1789137395336	1	652	admit-refused	authority refusal LIMIT_EXCEEDED: aggregate admission capacity exhausted
45136	1789137395343	2	545	admit-refused	authority refusal LIMIT_EXCEEDED: retained input, output or executor capacity
45138	1789137395346	2	629	admit-refused	authority refusal LIMIT_EXCEEDED: retained input, output or executor capacity
45148	1789137395356	0	723	admit-refused	authority refusal LIMIT_EXCEEDED: aggregate admission capacity exhausted
45158	1789137395365	1	721	admit-refused	authority refusal LIMIT_EXCEEDED: aggregate admission capacity exhausted
45185	1789137395393	1	748	admit-refused	authority refusal LIMIT_EXCEEDED: aggregate admission capacity exhausted
45213	1789137395420	2	632	admit-refused	authority refusal LIMIT_EXCEEDED: retained input, output or executor capacity
45218	1789137395426	2	617	admit-refused	authority refusal LIMIT_EXCEEDED: retained input, output or executor capacity
45341	1789137395549	1	745	admit-refused	authority refusal LIMIT_EXCEEDED: aggregate admission capacity exhausted
45351	1789137395559	0	714	admit-retried	succeeded after 5 refusals
45351	1789137395559	0	714	admitted	admit=3600ms
45372	1789137395580	1	748	admit-retried	succeeded after 1 refusals
45372	1789137395580	1	748	admitted	admit=258ms
45440	1789137395648	0	747	admit-refused	authority refusal LIMIT_EXCEEDED: aggregate admission capacity exhausted
45463	1789137395670	1	751	admit-refused	authority refusal LIMIT_EXCEEDED: aggregate admission capacity exhausted
45556	1789137395764	0	570	admit-retried	succeeded after 7 refusals
45556	1789137395764	0	570	admitted	admit=13991ms
45647	1789137395855	0	750	admit-refused	authority refusal LIMIT_EXCEEDED: aggregate admission capacity exhausted
45675	1789137395883	2	629	admit-retried	succeeded after 3 refusals
45675	1789137395883	2	629	admitted	admit=1145ms
45697	1789137395905	0	735	admit-refused	authority refusal LIMIT_EXCEEDED: aggregate admission capacity exhausted
45731	1789137395938	0	747	admit-refused	authority refusal LIMIT_EXCEEDED: aggregate admission capacity exhausted
45743	1789137395950	1	745	admit-ceiling	LIMIT_EXCEEDED: client unresolved admission ceiling
45748	1789137395956	2	635	admit-refused	authority refusal LIMIT_EXCEEDED: retained input, output or executor capacity
45764	1789137395972	2	632	admit-retried	succeeded after 3 refusals
45764	1789137395972	2	632	admitted	admit=973ms
45791	1789137395999	1	712	admit-retried	succeeded after 5 refusals
45791	1789137395999	1	712	admitted	admit=3347ms
45793	1789137396001	1	721	admit-refused	authority refusal LIMIT_EXCEEDED: aggregate admission capacity exhausted
45807	1789137396015	0	750	admit-refused	authority refusal LIMIT_EXCEEDED: aggregate admission capacity exhausted
45818	1789137396025	2	638	admit-refused	authority refusal LIMIT_EXCEEDED: retained input, output or executor capacity
45983	1789137396191	1	754	admit-refused	authority refusal LIMIT_EXCEEDED: aggregate admission capacity exhausted
46049	1789137396257	2	635	admit-retried	succeeded after 1 refusals
46049	1789137396257	2	635	admitted	admit=373ms
46055	1789137396262	0	747	admit-retried	succeeded after 2 refusals
46055	1789137396262	0	747	admitted	admit=702ms
46066	1789137396274	1	475	admit-refused	authority refusal LIMIT_EXCEEDED: aggregate admission capacity exhausted
46089	1789137396296	2	617	admit-refused	authority refusal LIMIT_EXCEEDED: retained input, output or executor capacity
46093	1789137396301	2	641	admit-refused	authority refusal LIMIT_EXCEEDED: retained input, output or executor capacity
46095	1789137396302	1	55	admit-refused	authority refusal LIMIT_EXCEEDED: aggregate admission capacity exhausted
46101	1789137396308	2	638	admit-retried	succeeded after 1 refusals
46101	1789137396308	2	638	admitted	admit=336ms
46124	1789137396332	0	735	admit-retried	succeeded after 1 refusals
46124	1789137396332	0	735	admitted	admit=1441ms
46129	1789137396337	2	644	admit-refused	authority refusal LIMIT_EXCEEDED: retained input, output or executor capacity
46136	1789137396344	0	753	admit-refused	authority refusal LIMIT_EXCEEDED: aggregate admission capacity exhausted
46171	1789137396378	0	750	admit-refused	authority refusal LIMIT_EXCEEDED: aggregate admission capacity exhausted
46187	1789137396395	1	754	admit-retried	succeeded after 1 refusals
46187	1789137396395	1	754	admitted	admit=395ms
46215	1789137396423	0	756	admit-refused	authority refusal LIMIT_EXCEEDED: aggregate admission capacity exhausted
46216	1789137396424	1	757	admit-ceiling	LIMIT_EXCEEDED: client unresolved admission ceiling
46226	1789137396434	2	641	admit-refused	authority refusal LIMIT_EXCEEDED: retained input, output or executor capacity
46241	1789137396449	1	718	admit-refused	authority refusal LIMIT_EXCEEDED: aggregate admission capacity exhausted
46258	1789137396465	2	644	admit-refused	authority refusal LIMIT_EXCEEDED: retained input, output or executor capacity
46263	1789137396471	1	673	admit-refused	authority refusal LIMIT_EXCEEDED: aggregate admission capacity exhausted
46279	1789137396487	1	400	admit-refused	authority refusal LIMIT_EXCEEDED: aggregate admission capacity exhausted
46291	1789137396499	0	753	admit-refused	authority refusal LIMIT_EXCEEDED: aggregate admission capacity exhausted
46373	1789137396581	1	757	admit-refused	authority refusal LIMIT_EXCEEDED: aggregate admission capacity exhausted
46388	1789137396596	0	756	admit-retried	succeeded after 1 refusals
46388	1789137396596	0	756	admitted	admit=263ms
46471	1789137396679	2	554	admit-retried	succeeded after 6 refusals
46471	1789137396679	2	554	admitted	admit=7572ms
46531	1789137396739	0	759	admitted	admit=143ms
46534	1789137396741	0	744	admit-refused	authority refusal LIMIT_EXCEEDED: aggregate admission capacity exhausted
46560	1789137396767	0	753	admit-refused	authority refusal LIMIT_EXCEEDED: aggregate admission capacity exhausted
46595	1789137396803	1	721	admit-ceiling	LIMIT_EXCEEDED: client unresolved admission ceiling
46618	1789137396826	0	762	admit-refused	authority refusal LIMIT_EXCEEDED: aggregate admission capacity exhausted
46656	1789137396864	1	751	admit-refused	authority refusal LIMIT_EXCEEDED: aggregate admission capacity exhausted
46657	1789137396865	2	611	admit-ceiling	LIMIT_EXCEEDED: client unresolved admission ceiling
46675	1789137396883	1	727	admit-refused	authority refusal LIMIT_EXCEEDED: aggregate admission capacity exhausted
46699	1789137396906	2	641	admit-retried	succeeded after 2 refusals
46699	1789137396906	2	641	admitted	admit=649ms
46720	1789137396928	0	762	admit-ceiling	LIMIT_EXCEEDED: client unresolved admission ceiling
46725	1789137396932	0	744	admit-refused	authority refusal LIMIT_EXCEEDED: aggregate admission capacity exhausted
46730	1789137396938	1	757	admit-refused	authority refusal LIMIT_EXCEEDED: aggregate admission capacity exhausted
46738	1789137396946	2	644	admit-refused	authority refusal LIMIT_EXCEEDED: retained input, output or executor capacity
46749	1789137396957	0	711	admit-refused	authority refusal LIMIT_EXCEEDED: aggregate admission capacity exhausted
46751	1789137396959	1	745	admit-refused	authority refusal LIMIT_EXCEEDED: aggregate admission capacity exhausted
46762	1789137396969	0	243	admit-refused	authority refusal LIMIT_EXCEEDED: aggregate admission capacity exhausted
46797	1789137397005	0	723	admit-refused	authority refusal LIMIT_EXCEEDED: aggregate admission capacity exhausted
46815	1789137397022	2	647	admitted	admit=342ms
46871	1789137397078	2	500	admit-refused	authority refusal LIMIT_EXCEEDED: retained input, output or executor capacity
46880	1789137397088	2	653	admit-refused	authority refusal LIMIT_EXCEEDED: retained input, output or executor capacity
46888	1789137397096	2	380	admit-retried	succeeded after 9 refusals
46889	1789137397096	2	380	admitted	admit=22237ms
46926	1789137397134	0	744	admit-ceiling	LIMIT_EXCEEDED: client unresolved admission ceiling
46952	1789137397159	1	682	admit-retried	succeeded after 6 refusals
46952	1789137397159	1	682	admitted	admit=7217ms
46960	1789137397168	0	474	admit-refused	authority refusal LIMIT_EXCEEDED: aggregate admission capacity exhausted
46983	1789137397190	2	497	admit-refused	authority refusal LIMIT_EXCEEDED: retained input, output or executor capacity
46988	1789137397195	2	650	admit-refused	authority refusal LIMIT_EXCEEDED: retained input, output or executor capacity
46993	1789137397201	2	656	admit-refused	authority refusal LIMIT_EXCEEDED: retained input, output or executor capacity
47021	1789137397228	0	762	admit-refused	authority refusal LIMIT_EXCEEDED: aggregate admission capacity exhausted
47043	1789137397250	0	753	admit-refused	authority refusal LIMIT_EXCEEDED: aggregate admission capacity exhausted
47047	1789137397254	2	653	admit-refused	authority refusal LIMIT_EXCEEDED: retained input, output or executor capacity
47050	1789137397258	1	760	admit-refused	authority refusal LIMIT_EXCEEDED: aggregate admission capacity exhausted
47204	1789137397411	0	561	admit-retried	succeeded after 8 refusals
47204	1789137397411	0	561	admitted	admit=17174ms
47221	1789137397429	1	760	admit-refused	authority refusal LIMIT_EXCEEDED: aggregate admission capacity exhausted
47234	1789137397442	1	757	admit-retried	succeeded after 3 refusals
47234	1789137397442	1	757	admitted	admit=1046ms
47262	1789137397470	1	751	admit-refused	authority refusal LIMIT_EXCEEDED: aggregate admission capacity exhausted
47307	1789137397514	1	763	admit-refused	authority refusal LIMIT_EXCEEDED: aggregate admission capacity exhausted
47317	1789137397524	0	765	admitted	admit=112ms
47382	1789137397589	0	744	admit-refused	authority refusal LIMIT_EXCEEDED: aggregate admission capacity exhausted
47427	1789137397635	0	543	admit-ceiling	LIMIT_EXCEEDED: client unresolved admission ceiling
47535	1789137397743	0	228	admit-refused	authority refusal LIMIT_EXCEEDED: aggregate admission capacity exhausted
47541	1789137397749	0	534	admit-refused	authority refusal LIMIT_EXCEEDED: aggregate admission capacity exhausted
47546	1789137397754	2	656	admit-retried	succeeded after 1 refusals
47546	1789137397754	2	656	admitted	admit=657ms
47562	1789137397770	0	762	admit-retried	succeeded after 3 refusals
47563	1789137397770	0	762	admitted	admit=1030ms
47568	1789137397775	2	644	admit-refused	authority refusal LIMIT_EXCEEDED: retained input, output or executor capacity
47587	1789137397795	0	750	admit-refused	authority refusal LIMIT_EXCEEDED: aggregate admission capacity exhausted
47591	1789137397799	1	760	admit-retried	succeeded after 2 refusals
47591	1789137397799	1	760	admitted	admit=639ms
47610	1789137397818	2	653	admit-refused	authority refusal LIMIT_EXCEEDED: retained input, output or executor capacity
47616	1789137397823	1	763	admit-refused	authority refusal LIMIT_EXCEEDED: aggregate admission capacity exhausted
47618	1789137397825	2	650	admit-retried	succeeded after 1 refusals
47618	1789137397825	2	650	admitted	admit=918ms
47638	1789137397846	2	659	admit-refused	authority refusal LIMIT_EXCEEDED: retained input, output or executor capacity
47693	1789137397901	1	766	admit-refused	authority refusal LIMIT_EXCEEDED: aggregate admission capacity exhausted
47721	1789137397929	1	751	admit-refused	authority refusal LIMIT_EXCEEDED: aggregate admission capacity exhausted
47890	1789137398097	0	702	admit-retried	succeeded after 6 refusals
47890	1789137398097	0	702	admitted	admit=6682ms
47918	1789137398126	1	763	admit-retried	succeeded after 2 refusals
47918	1789137398126	1	763	admitted	admit=683ms
47961	1789137398168	1	766	admit-refused	authority refusal LIMIT_EXCEEDED: aggregate admission capacity exhausted
47976	1789137398183	2	662	admitted	admit=357ms
48014	1789137398221	2	617	admit-retried	succeeded after 5 refusals
48014	1789137398221	2	617	admitted	admit=4413ms
48042	1789137398250	2	584	admit-ceiling	LIMIT_EXCEEDED: client unresolved admission ceiling
48083	1789137398291	2	665	admit-refused	authority refusal LIMIT_EXCEEDED: retained input, output or executor capacity
48088	1789137398296	2	653	admit-refused	authority refusal LIMIT_EXCEEDED: retained input, output or executor capacity
48093	1789137398301	2	668	admit-refused	authority refusal LIMIT_EXCEEDED: retained input, output or executor capacity
48125	1789137398333	2	659	admit-refused	authority refusal LIMIT_EXCEEDED: retained input, output or executor capacity
48275	1789137398482	1	766	admit-retried	succeeded after 2 refusals
48275	1789137398482	1	766	admitted	admit=683ms
48319	1789137398526	1	505	admit-retried	succeeded after 9 refusals
48319	1789137398526	1	505	admitted	admit=21661ms
48344	1789137398552	2	665	admit-retried	succeeded after 1 refusals
48344	1789137398552	2	665	admitted	admit=367ms
48369	1789137398576	2	644	admit-ceiling	LIMIT_EXCEEDED: client unresolved admission ceiling
48381	1789137398588	0	693	admit-retried	succeeded after 6 refusals
48381	1789137398588	0	693	admitted	admit=7505ms
48402	1789137398610	0	627	admit-retried	succeeded after 7 refusals
48402	1789137398610	0	627	admitted	admit=12991ms
48405	1789137398613	2	470	admit-refused	authority refusal LIMIT_EXCEEDED: retained input, output or executor capacity
48408	1789137398615	2	659	admit-refused	authority refusal LIMIT_EXCEEDED: retained input, output or executor capacity
48425	1789137398632	2	668	admit-retried	succeeded after 1 refusals
48425	1789137398632	2	668	admitted	admit=410ms
48427	1789137398635	1	76	admit-refused	authority refusal LIMIT_EXCEEDED: aggregate admission capacity exhausted
48430	1789137398638	1	652	admit-retried	succeeded after 6 refusals
48430	1789137398638	1	652	admitted	admit=10741ms
48451	1789137398658	2	671	admit-refused	authority refusal LIMIT_EXCEEDED: retained input, output or executor capacity
48477	1789137398685	0	750	admit-retried	succeeded after 4 refusals
48477	1789137398685	0	750	admitted	admit=2920ms
48486	1789137398693	2	674	admit-refused	authority refusal LIMIT_EXCEEDED: retained input, output or executor capacity
48523	1789137398731	1	751	admit-ceiling	LIMIT_EXCEEDED: client unresolved admission ceiling
48538	1789137398746	0	753	admit-refused	authority refusal LIMIT_EXCEEDED: aggregate admission capacity exhausted
48544	1789137398752	1	583	admit-retried	succeeded after 8 refusals
48544	1789137398752	1	583	admitted	admit=17328ms
48560	1789137398767	1	721	admit-refused	authority refusal LIMIT_EXCEEDED: aggregate admission capacity exhausted
48565	1789137398772	1	349	admit-refused	authority refusal LIMIT_EXCEEDED: aggregate admission capacity exhausted
48577	1789137398785	1	745	admit-refused	authority refusal LIMIT_EXCEEDED: aggregate admission capacity exhausted
48703	1789137398911	2	671	admit-retried	succeeded after 1 refusals
48703	1789137398911	2	671	admitted	admit=358ms
48794	1789137399001	2	419	admit-refused	authority refusal LIMIT_EXCEEDED: retained input, output or executor capacity
48796	1789137399004	2	674	admit-retried	succeeded after 1 refusals
48796	1789137399004	2	674	admitted	admit=370ms
48801	1789137399009	2	677	admit-refused	authority refusal LIMIT_EXCEEDED: retained input, output or executor capacity
48809	1789137399017	0	744	admit-retried	succeeded after 4 refusals
48809	1789137399017	0	744	admitted	admit=3703ms
48861	1789137399069	2	680	admit-refused	authority refusal LIMIT_EXCEEDED: retained input, output or executor capacity
48866	1789137399074	2	659	admit-refused	authority refusal LIMIT_EXCEEDED: retained input, output or executor capacity
48866	1789137399074	0	84	admit-retried	succeeded after 14 refusals
48866	1789137399074	0	84	admitted	admit=47687ms
48963	1789137399170	2	680	admit-ceiling	LIMIT_EXCEEDED: client unresolved admission ceiling
49036	1789137399243	2	677	admit-retried	succeeded after 1 refusals
49036	1789137399243	2	677	admitted	admit=332ms
49091	1789137399299	2	527	admit-refused	authority refusal LIMIT_EXCEEDED: retained input, output or executor capacity
49096	1789137399304	2	683	admit-refused	authority refusal LIMIT_EXCEEDED: retained input, output or executor capacity
49097	1789137399304	2	653	admit-retried	succeeded after 4 refusals
49097	1789137399304	2	653	admitted	admit=2281ms
49115	1789137399323	2	533	admit-refused	authority refusal LIMIT_EXCEEDED: retained input, output or executor capacity
49124	1789137399331	2	686	admit-refused	authority refusal LIMIT_EXCEEDED: retained input, output or executor capacity
49169	1789137399377	2	680	admit-refused	authority refusal LIMIT_EXCEEDED: retained input, output or executor capacity
49203	1789137399411	2	683	admit-refused	authority refusal LIMIT_EXCEEDED: retained input, output or executor capacity
49239	1789137399447	2	686	admit-refused	authority refusal LIMIT_EXCEEDED: retained input, output or executor capacity
49399	1789137399606	2	344	admit-retried	succeeded after 10 refusals
49399	1789137399606	2	344	admitted	admit=27551ms
49474	1789137399681	2	689	admit-refused	authority refusal LIMIT_EXCEEDED: retained input, output or executor capacity
49482	1789137399689	2	683	admit-refused	authority refusal LIMIT_EXCEEDED: retained input, output or executor capacity
49484	1789137399692	2	410	admit-retried	succeeded after 9 refusals
49484	1789137399692	2	410	admitted	admit=22672ms
49492	1789137399700	2	686	admit-refused	authority refusal LIMIT_EXCEEDED: retained input, output or executor capacity
49523	1789137399731	1	718	admit-retried	succeeded after 6 refusals
49523	1789137399731	1	718	admitted	admit=6698ms
49537	1789137399745	2	692	admit-refused	authority refusal LIMIT_EXCEEDED: retained input, output or executor capacity
49680	1789137399887	2	680	admit-retried	succeeded after 3 refusals
49680	1789137399887	2	680	admitted	admit=883ms
49722	1789137399930	2	692	admit-refused	authority refusal LIMIT_EXCEEDED: retained input, output or executor capacity
49734	1789137399942	2	689	admit-retried	succeeded after 1 refusals
49734	1789137399942	2	689	admitted	admit=335ms
49734	1789137399942	2	659	admit-refused	authority refusal LIMIT_EXCEEDED: retained input, output or executor capacity
49739	1789137399947	2	695	admit-refused	authority refusal LIMIT_EXCEEDED: retained input, output or executor capacity
49894	1789137400102	2	686	admit-ceiling	LIMIT_EXCEEDED: client unresolved admission ceiling
49916	1789137400123	2	698	admit-refused	authority refusal LIMIT_EXCEEDED: retained input, output or executor capacity
49919	1789137400127	2	695	admit-refused	authority refusal LIMIT_EXCEEDED: retained input, output or executor capacity
49924	1789137400132	2	611	admit-refused	authority refusal LIMIT_EXCEEDED: retained input, output or executor capacity
49966	1789137400174	2	683	admit-refused	authority refusal LIMIT_EXCEEDED: retained input, output or executor capacity
50043	1789137400251	0	711	admit-retried	succeeded after 6 refusals
50043	1789137400251	0	711	admitted	admit=8376ms
50070	1789137400277	2	692	admit-refused	authority refusal LIMIT_EXCEEDED: retained input, output or executor capacity
50078	1789137400286	1	727	admit-retried	succeeded after 6 refusals
50078	1789137400286	1	727	admitted	admit=6802ms
50089	1789137400297	2	644	admit-refused	authority refusal LIMIT_EXCEEDED: retained input, output or executor capacity
50095	1789137400303	2	698	admit-refused	authority refusal LIMIT_EXCEEDED: retained input, output or executor capacity
50101	1789137400309	0	723	admit-retried	succeeded after 6 refusals
50101	1789137400309	0	723	admitted	admit=7346ms
50215	1789137400423	1	751	admit-retried	succeeded after 5 refusals
50215	1789137400423	1	751	admitted	admit=4842ms
50229	1789137400437	2	695	admit-refused	authority refusal LIMIT_EXCEEDED: retained input, output or executor capacity
50235	1789137400443	2	545	admit-refused	authority refusal LIMIT_EXCEEDED: retained input, output or executor capacity
50251	1789137400458	0	753	admit-retried	succeeded after 5 refusals
50251	1789137400458	0	753	admitted	admit=4195ms
50465	1789137400673	2	698	admit-retried	succeeded after 2 refusals
50465	1789137400673	2	698	admitted	admit=730ms
50623	1789137400830	2	692	admit-refused	authority refusal LIMIT_EXCEEDED: retained input, output or executor capacity
50639	1789137400847	2	701	admitted	admit=173ms
50666	1789137400874	2	695	admit-refused	authority refusal LIMIT_EXCEEDED: retained input, output or executor capacity
50779	1789137400986	2	704	admitted	admit=138ms
50834	1789137401042	2	707	admit-refused	authority refusal LIMIT_EXCEEDED: retained input, output or executor capacity
50851	1789137401059	2	686	admit-retried	succeeded after 4 refusals
50851	1789137401059	2	686	admitted	admit=1753ms
50853	1789137401061	2	683	admit-refused	authority refusal LIMIT_EXCEEDED: retained input, output or executor capacity
50878	1789137401086	2	710	admit-refused	authority refusal LIMIT_EXCEEDED: retained input, output or executor capacity
50957	1789137401164	2	707	admit-refused	authority refusal LIMIT_EXCEEDED: retained input, output or executor capacity
51052	1789137401260	2	710	admit-retried	succeeded after 1 refusals
51052	1789137401260	2	710	admitted	admit=200ms
51153	1789137401361	2	713	admitted	admit=100ms
51177	1789137401384	2	716	admit-refused	authority refusal LIMIT_EXCEEDED: retained input, output or executor capacity
51182	1789137401390	2	707	admit-refused	authority refusal LIMIT_EXCEEDED: retained input, output or executor capacity
51182	1789137401390	1	55	admit-retried	succeeded after 14 refusals
51182	1789137401390	1	55	admitted	admit=50156ms
51209	1789137401416	1	475	admit-retried	succeeded after 10 refusals
51209	1789137401416	1	475	admitted	admit=27482ms
51317	1789137401525	2	716	admit-refused	authority refusal LIMIT_EXCEEDED: retained input, output or executor capacity
51357	1789137401565	1	673	admit-retried	succeeded after 7 refusals
51357	1789137401565	1	673	admitted	admit=11979ms
51360	1789137401568	2	659	admit-refused	authority refusal LIMIT_EXCEEDED: retained input, output or executor capacity
51380	1789137401588	1	400	admit-retried	succeeded after 11 refusals
51380	1789137401588	1	400	admitted	admit=32119ms
51495	1789137401703	2	692	admit-retried	succeeded after 4 refusals
51495	1789137401703	2	692	admitted	admit=2010ms
51563	1789137401771	2	719	admit-refused	authority refusal LIMIT_EXCEEDED: retained input, output or executor capacity
51569	1789137401776	2	716	admit-refused	authority refusal LIMIT_EXCEEDED: retained input, output or executor capacity
51572	1789137401780	2	695	admit-retried	succeeded after 4 refusals
51572	1789137401780	2	695	admitted	admit=1891ms
51621	1789137401828	2	722	admit-refused	authority refusal LIMIT_EXCEEDED: retained input, output or executor capacity
51625	1789137401832	2	707	admit-refused	authority refusal LIMIT_EXCEEDED: retained input, output or executor capacity
51713	1789137401921	2	719	admit-refused	authority refusal LIMIT_EXCEEDED: retained input, output or executor capacity
51749	1789137401956	2	722	admit-refused	authority refusal LIMIT_EXCEEDED: retained input, output or executor capacity
51830	1789137402038	0	243	admit-retried	succeeded after 13 refusals
51830	1789137402038	0	243	admitted	admit=42528ms
51884	1789137402092	1	745	admit-retried	succeeded after 6 refusals
51885	1789137402092	1	745	admitted	admit=7394ms
51911	1789137402118	1	721	admit-retried	succeeded after 6 refusals
51911	1789137402118	1	721	admitted	admit=9034ms
51984	1789137402191	2	497	admit-ceiling	LIMIT_EXCEEDED: client unresolved admission ceiling
52036	1789137402244	0	474	admit-retried	succeeded after 10 refusals
52036	1789137402244	0	474	admitted	admit=27287ms
52076	1789137402283	2	500	admit-retried	succeeded after 8 refusals
52076	1789137402283	2	500	admitted	admit=18264ms
52149	1789137402357	2	722	admit-retried	succeeded after 2 refusals
52149	1789137402357	2	722	admitted	admit=577ms
52186	1789137402393	2	719	admit-refused	authority refusal LIMIT_EXCEEDED: retained input, output or executor capacity
52189	1789137402396	2	725	admit-refused	authority refusal LIMIT_EXCEEDED: retained input, output or executor capacity
52192	1789137402399	2	728	admit-refused	authority refusal LIMIT_EXCEEDED: retained input, output or executor capacity
52301	1789137402509	2	725	admit-refused	authority refusal LIMIT_EXCEEDED: retained input, output or executor capacity
52304	1789137402512	2	728	admit-refused	authority refusal LIMIT_EXCEEDED: retained input, output or executor capacity
52307	1789137402515	2	716	admit-refused	authority refusal LIMIT_EXCEEDED: retained input, output or executor capacity
52502	1789137402710	0	543	admit-retried	succeeded after 9 refusals
52502	1789137402710	0	543	admitted	admit=23686ms
52508	1789137402716	2	707	admit-retried	succeeded after 4 refusals
52508	1789137402716	2	707	admitted	admit=1729ms
52584	1789137402791	2	683	admit-retried	succeeded after 5 refusals
52584	1789137402791	2	683	admitted	admit=3547ms
52588	1789137402795	2	725	admit-refused	authority refusal LIMIT_EXCEEDED: retained input, output or executor capacity
52592	1789137402800	2	728	admit-refused	authority refusal LIMIT_EXCEEDED: retained input, output or executor capacity
52598	1789137402805	2	731	admit-refused	authority refusal LIMIT_EXCEEDED: retained input, output or executor capacity
52603	1789137402810	2	734	admit-refused	authority refusal LIMIT_EXCEEDED: retained input, output or executor capacity
52605	1789137402813	2	719	admit-refused	authority refusal LIMIT_EXCEEDED: retained input, output or executor capacity
52621	1789137402829	0	534	admit-retried	succeeded after 9 refusals
52621	1789137402829	0	534	admitted	admit=24311ms
52676	1789137402884	0	228	admit-retried	succeeded after 13 refusals
52676	1789137402884	0	228	admitted	admit=43889ms
52676	1789137402884	0	18	admit-refused	authority refusal LIMIT_EXCEEDED: metadata concurrency exhausted
52676	1789137402884	0	45	admit-refused	authority refusal LIMIT_EXCEEDED: metadata concurrency exhausted
52676	1789137402884	0	6	admit-refused	authority refusal LIMIT_EXCEEDED: metadata concurrency exhausted
52676	1789137402884	0	24	admit-refused	authority refusal LIMIT_EXCEEDED: metadata concurrency exhausted
52677	1789137402884	0	21	admit-refused	authority refusal LIMIT_EXCEEDED: metadata concurrency exhausted
52677	1789137402884	0	33	admit-refused	authority refusal LIMIT_EXCEEDED: metadata concurrency exhausted
52677	1789137402884	0	9	admit-refused	authority refusal LIMIT_EXCEEDED: metadata concurrency exhausted
52677	1789137402884	0	30	admit-refused	authority refusal LIMIT_EXCEEDED: metadata concurrency exhausted
52677	1789137402884	0	27	admit-refused	authority refusal LIMIT_EXCEEDED: metadata concurrency exhausted
52677	1789137402884	0	42	admit-refused	authority refusal LIMIT_EXCEEDED: metadata concurrency exhausted
52677	1789137402884	0	15	admit-refused	authority refusal LIMIT_EXCEEDED: metadata concurrency exhausted
52677	1789137402884	0	36	admit-refused	authority refusal LIMIT_EXCEEDED: metadata concurrency exhausted
52694	1789137402902	0	3	succeeded	attempt 1 watch=17ms
52714	1789137402922	0	12	succeeded	attempt 1 watch=38ms
52733	1789137402941	0	0	succeeded	attempt 1 watch=57ms
52755	1789137402963	0	39	succeeded	attempt 1 watch=79ms
52778	1789137402985	0	15	admit-refused	authority refusal LIMIT_EXCEEDED: metadata concurrency exhausted
52778	1789137402985	0	27	admit-refused	authority refusal LIMIT_EXCEEDED: metadata concurrency exhausted
52778	1789137402985	0	30	admit-refused	authority refusal LIMIT_EXCEEDED: metadata concurrency exhausted
52778	1789137402985	0	21	admit-refused	authority refusal LIMIT_EXCEEDED: metadata concurrency exhausted
52778	1789137402985	0	36	admit-refused	authority refusal LIMIT_EXCEEDED: metadata concurrency exhausted
52778	1789137402985	0	45	admit-refused	authority refusal LIMIT_EXCEEDED: metadata concurrency exhausted
52778	1789137402986	0	6	admit-refused	authority refusal LIMIT_EXCEEDED: metadata concurrency exhausted
52811	1789137403018	2	731	admit-retried	succeeded after 1 refusals
52811	1789137403018	2	731	admitted	admit=301ms
52842	1789137403050	2	737	admit-refused	authority refusal LIMIT_EXCEEDED: retained input, output or executor capacity
52862	1789137403070	0	18	succeeded	attempt 1 watch=186ms
52865	1789137403072	2	734	admit-retried	succeeded after 1 refusals
52865	1789137403072	2	734	admitted	admit=280ms
52885	1789137403092	0	9	succeeded	attempt 1 watch=208ms
52893	1789137403101	2	740	admit-refused	authority refusal LIMIT_EXCEEDED: retained input, output or executor capacity
52902	1789137403109	0	42	succeeded	attempt 1 watch=225ms
52915	1789137403123	0	33	succeeded	attempt 1 watch=239ms
52926	1789137403134	0	24	succeeded	attempt 1 watch=250ms
52949	1789137403157	2	737	admit-refused	authority refusal LIMIT_EXCEEDED: retained input, output or executor capacity
52958	1789137403166	0	39	first-usable-output	
52958	1789137403166	0	39	chunk-verified	fetch=202ms
52973	1789137403180	0	12	chunk-verified	fetch=258ms
52978	1789137403186	0	21	admit-refused	authority refusal LIMIT_EXCEEDED: metadata concurrency exhausted
52987	1789137403195	0	0	chunk-verified	fetch=254ms
53021	1789137403229	2	725	admit-refused	authority refusal LIMIT_EXCEEDED: retained input, output or executor capacity
53027	1789137403235	2	728	admit-refused	authority refusal LIMIT_EXCEEDED: retained input, output or executor capacity
53027	1789137403235	0	48	succeeded	attempt 1 watch=68ms
53030	1789137403238	2	740	admit-refused	authority refusal LIMIT_EXCEEDED: retained input, output or executor capacity
53040	1789137403248	0	18	chunk-verified	fetch=178ms
53054	1789137403262	0	51	succeeded	attempt 1 watch=81ms
53063	1789137403271	0	9	chunk-verified	fetch=178ms
53068	1789137403276	2	584	admit-refused	authority refusal LIMIT_EXCEEDED: retained input, output or executor capacity
53079	1789137403286	0	36	succeeded	attempt 1 watch=402ms
53087	1789137403294	0	42	chunk-verified	fetch=185ms
53095	1789137403303	0	15	succeeded	attempt 1 watch=418ms
53120	1789137403327	0	27	succeeded	attempt 1 watch=443ms
53134	1789137403342	0	30	succeeded	attempt 1 watch=458ms
53147	1789137403354	0	45	succeeded	attempt 1 watch=470ms
53164	1789137403372	0	6	succeeded	attempt 1 watch=488ms
53176	1789137403384	0	54	succeeded	attempt 1 watch=188ms
53198	1789137403405	0	33	chunk-verified	fetch=282ms
53208	1789137403416	0	24	chunk-verified	fetch=282ms
53214	1789137403422	0	57	succeeded	attempt 1 watch=173ms
53234	1789137403441	2	716	admit-retried	succeeded after 4 refusals
53234	1789137403441	2	716	admitted	admit=2080ms
53265	1789137403473	0	60	succeeded	attempt 1 watch=202ms
53291	1789137403499	0	3	chunk-verified	fetch=597ms
53309	1789137403516	0	63	succeeded	attempt 1 watch=221ms
53311	1789137403519	2	740	admit-refused	authority refusal LIMIT_EXCEEDED: retained input, output or executor capacity
53317	1789137403525	2	743	admit-refused	authority refusal LIMIT_EXCEEDED: retained input, output or executor capacity
53323	1789137403531	2	644	admit-refused	authority refusal LIMIT_EXCEEDED: retained input, output or executor capacity
53326	1789137403533	2	737	admit-retried	succeeded after 2 refusals
53326	1789137403533	2	737	admitted	admit=514ms
53349	1789137403556	2	746	admit-refused	authority refusal LIMIT_EXCEEDED: retained input, output or executor capacity
53398	1789137403606	0	66	succeeded	attempt 1 watch=200ms
53410	1789137403617	0	48	chunk-verified	fetch=382ms
53413	1789137403620	0	69	succeeded	attempt 1 watch=204ms
53424	1789137403632	2	719	admit-refused	authority refusal LIMIT_EXCEEDED: retained input, output or executor capacity
53430	1789137403638	2	470	admit-refused	authority refusal LIMIT_EXCEEDED: retained input, output or executor capacity
53465	1789137403673	0	51	chunk-verified	fetch=410ms
53482	1789137403690	0	72	succeeded	attempt 1 watch=191ms
53491	1789137403698	2	743	admit-refused	authority refusal LIMIT_EXCEEDED: retained input, output or executor capacity
53493	1789137403701	0	36	chunk-verified	fetch=414ms
53503	1789137403711	0	6	admit-refused	stalled read ordinal 6
53514	1789137403721	1	76	admit-retried	succeeded after 15 refusals
53514	1789137403721	1	76	admitted	admit=52146ms
53524	1789137403732	0	21	succeeded	attempt 1 watch=848ms
53527	1789137403734	0	15	chunk-verified	fetch=431ms
53538	1789137403746	0	27	chunk-verified	fetch=418ms
53538	1789137403746	2	746	admit-refused	authority refusal LIMIT_EXCEEDED: retained input, output or executor capacity
53547	1789137403754	0	54	chunk-verified	fetch=370ms
53553	1789137403761	0	75	succeeded	attempt 1 watch=143ms
53561	1789137403769	0	30	chunk-verified	fetch=427ms
53590	1789137403798	0	45	chunk-verified	fetch=443ms
53605	1789137403813	0	57	chunk-verified	fetch=391ms
53608	1789137403816	0	78	succeeded	attempt 1 watch=142ms
53642	1789137403850	0	81	succeeded	attempt 1 watch=149ms
53656	1789137403864	0	60	chunk-verified	fetch=390ms
53668	1789137403875	0	63	chunk-verified	fetch=359ms
53674	1789137403881	0	84	succeeded	attempt 1 watch=146ms
53693	1789137403901	0	87	succeeded	attempt 1 watch=154ms
53707	1789137403915	1	349	admit-retried	succeeded after 12 refusals
53707	1789137403915	1	349	admitted	admit=38356ms
53708	1789137403915	1	46	admit-refused	authority refusal LIMIT_EXCEEDED: metadata concurrency exhausted
53708	1789137403915	1	43	admit-refused	authority refusal LIMIT_EXCEEDED: metadata concurrency exhausted
53708	1789137403916	1	7	admit-refused	authority refusal LIMIT_EXCEEDED: metadata concurrency exhausted
53708	1789137403916	1	37	admit-refused	authority refusal LIMIT_EXCEEDED: metadata concurrency exhausted
53708	1789137403916	1	10	admit-refused	authority refusal LIMIT_EXCEEDED: metadata concurrency exhausted
53708	1789137403916	1	40	admit-refused	authority refusal LIMIT_EXCEEDED: metadata concurrency exhausted
53708	1789137403916	1	31	admit-refused	authority refusal LIMIT_EXCEEDED: metadata concurrency exhausted
53708	1789137403916	1	16	admit-refused	authority refusal LIMIT_EXCEEDED: metadata concurrency exhausted
53708	1789137403916	1	13	admit-refused	authority refusal LIMIT_EXCEEDED: metadata concurrency exhausted
53708	1789137403916	1	34	admit-refused	authority refusal LIMIT_EXCEEDED: metadata concurrency exhausted
53708	1789137403916	1	25	admit-refused	authority refusal LIMIT_EXCEEDED: metadata concurrency exhausted
53713	1789137403921	0	90	succeeded	attempt 1 watch=166ms
53724	1789137403932	0	66	chunk-verified	fetch=326ms
53738	1789137403946	1	4	succeeded	attempt 1 watch=31ms
53772	1789137403980	1	22	succeeded	attempt 1 watch=65ms
53776	1789137403984	0	93	succeeded	attempt 1 watch=214ms
53798	1789137404005	1	28	succeeded	attempt 1 watch=90ms
53806	1789137404013	0	96	succeeded	attempt 1 watch=215ms
53806	1789137404013	0	69	chunk-verified	fetch=393ms
53809	1789137404017	1	13	admit-refused	authority refusal LIMIT_EXCEEDED: metadata concurrency exhausted
53809	1789137404017	1	37	admit-refused	authority refusal LIMIT_EXCEEDED: metadata concurrency exhausted
53809	1789137404017	1	16	admit-refused	authority refusal LIMIT_EXCEEDED: metadata concurrency exhausted
53809	1789137404017	1	34	admit-refused	authority refusal LIMIT_EXCEEDED: metadata concurrency exhausted
53809	1789137404017	1	31	admit-refused	authority refusal LIMIT_EXCEEDED: metadata concurrency exhausted
53809	1789137404017	1	43	admit-refused	authority refusal LIMIT_EXCEEDED: metadata concurrency exhausted
53817	1789137404024	1	1	succeeded	attempt 1 watch=109ms
53823	1789137404031	2	725	admit-ceiling	LIMIT_EXCEEDED: client unresolved admission ceiling
53828	1789137404036	0	99	succeeded	attempt 1 watch=223ms
53829	1789137404037	2	728	admit-ceiling	LIMIT_EXCEEDED: client unresolved admission ceiling
53839	1789137404047	1	19	succeeded	attempt 1 watch=131ms
53877	1789137404084	0	72	chunk-verified	fetch=394ms
53897	1789137404104	0	102	succeeded	attempt 1 watch=240ms
53925	1789137404133	1	46	succeeded	attempt 1 watch=217ms
53928	1789137404135	0	21	chunk-verified	fetch=403ms
53932	1789137404139	0	105	succeeded	attempt 1 watch=263ms
53957	1789137404164	1	25	succeeded	attempt 1 watch=249ms
53979	1789137404186	1	10	succeeded	attempt 1 watch=271ms
54006	1789137404213	1	7	succeeded	attempt 1 watch=298ms
54011	1789137404218	1	37	admit-refused	authority refusal LIMIT_EXCEEDED: metadata concurrency exhausted
54011	1789137404218	1	13	admit-refused	authority refusal LIMIT_EXCEEDED: metadata concurrency exhausted
54026	1789137404234	0	108	succeeded	attempt 1 watch=301ms
54034	1789137404241	1	40	succeeded	attempt 1 watch=326ms
54059	1789137404267	0	75	chunk-verified	fetch=505ms
54090	1789137404298	0	111	succeeded	attempt 1 watch=284ms
54092	1789137404300	2	527	admit-ceiling	LIMIT_EXCEEDED: client unresolved admission ceiling
54093	1789137404301	0	6	chunk-verified	fetch=929ms
54117	1789137404324	2	533	admit-ceiling	LIMIT_EXCEEDED: client unresolved admission ceiling
54143	1789137404351	1	22	first-usable-output	
54143	1789137404351	1	22	chunk-verified	fetch=370ms
54151	1789137404359	1	4	chunk-verified	fetch=412ms
54180	1789137404388	0	114	succeeded	attempt 1 watch=303ms
54183	1789137404391	0	78	chunk-verified	fetch=575ms
54211	1789137404419	0	81	chunk-verified	fetch=568ms
54225	1789137404432	1	43	succeeded	attempt 1 watch=517ms
54228	1789137404435	1	28	chunk-verified	fetch=429ms
54236	1789137404444	0	117	succeeded	attempt 1 watch=308ms
54256	1789137404464	1	31	succeeded	attempt 1 watch=548ms
54284	1789137404492	1	34	succeeded	attempt 1 watch=576ms
54301	1789137404509	0	84	chunk-verified	fetch=627ms
54307	1789137404515	0	120	succeeded	attempt 1 watch=247ms
54313	1789137404520	1	16	succeeded	attempt 1 watch=605ms
54319	1789137404526	0	87	chunk-verified	fetch=625ms
54324	1789137404532	0	93	chunk-verified	fetch=547ms
54349	1789137404556	0	90	chunk-verified	fetch=635ms
54365	1789137404573	1	49	succeeded	attempt 1 watch=221ms
54365	1789137404573	1	1	chunk-verified	fetch=548ms
54368	1789137404575	0	123	succeeded	attempt 1 watch=274ms
54384	1789137404592	1	19	chunk-verified	fetch=545ms
54396	1789137404603	1	46	chunk-verified	fetch=470ms
54396	1789137404603	1	52	succeeded	attempt 1 watch=244ms
54398	1789137404606	0	96	chunk-verified	fetch=592ms
54421	1789137404629	0	99	chunk-verified	fetch=592ms
54423	1789137404631	1	25	chunk-verified	fetch=466ms
54432	1789137404640	1	10	chunk-verified	fetch=453ms
54435	1789137404642	2	743	admit-retried	succeeded after 2 refusals
54435	1789137404642	2	743	admitted	admit=1200ms
54435	1789137404642	0	126	succeeded	attempt 1 watch=251ms
54445	1789137404653	1	7	chunk-verified	fetch=439ms
54454	1789137404661	0	129	succeeded	attempt 1 watch=242ms
54462	1789137404670	1	55	succeeded	attempt 1 watch=234ms
54468	1789137404675	0	102	chunk-verified	fetch=571ms
54500	1789137404708	0	132	succeeded	attempt 1 watch=199ms
54502	1789137404710	0	108	chunk-verified	fetch=476ms
54505	1789137404713	2	740	admit-retried	succeeded after 3 refusals
54505	1789137404713	2	740	admitted	admit=1640ms
54524	1789137404732	2	419	admit-refused	authority refusal LIMIT_EXCEEDED: retained input, output or executor capacity
54525	1789137404732	0	105	chunk-verified	fetch=592ms
54530	1789137404738	2	746	admit-refused	authority refusal LIMIT_EXCEEDED: retained input, output or executor capacity
54539	1789137404747	2	749	admit-refused	authority refusal LIMIT_EXCEEDED: retained input, output or executor capacity
54561	1789137404769	1	40	chunk-verified	fetch=527ms
54567	1789137404775	1	58	succeeded	attempt 1 watch=202ms
54567	1789137404775	0	135	succeeded	attempt 1 watch=248ms
54587	1789137404795	0	138	succeeded	attempt 1 watch=263ms
54598	1789137404806	1	61	succeeded	attempt 1 watch=213ms
54601	1789137404808	0	141	succeeded	attempt 1 watch=252ms
54617	1789137404825	0	111	chunk-verified	fetch=526ms
54620	1789137404828	1	64	succeeded	attempt 1 watch=224ms
54637	1789137404844	0	144	succeeded	attempt 1 watch=238ms
54650	1789137404858	1	13	succeeded	attempt 1 watch=942ms
54659	1789137404866	0	147	succeeded	attempt 1 watch=237ms
54678	1789137404885	1	37	succeeded	attempt 1 watch=970ms
54678	1789137404885	0	114	chunk-verified	fetch=497ms
54705	1789137404913	1	67	succeeded	attempt 1 watch=282ms
54725	1789137404932	1	70	succeeded	attempt 1 watch=292ms
54727	1789137404935	1	43	chunk-verified	fetch=502ms
54738	1789137404946	0	150	succeeded	attempt 1 watch=270ms
54741	1789137404949	1	73	succeeded	attempt 1 watch=295ms
54771	1789137404978	0	117	chunk-verified	fetch=534ms
54786	1789137404994	1	31	chunk-verified	fetch=529ms
54789	1789137404996	1	76	succeeded	attempt 1 watch=227ms
54794	1789137405001	0	153	succeeded	attempt 1 watch=291ms
54797	1789137405004	1	34	chunk-verified	fetch=512ms
54810	1789137405017	0	156	succeeded	attempt 1 watch=285ms
54823	1789137405031	1	16	chunk-verified	fetch=510ms
54836	1789137405044	1	49	chunk-verified	fetch=471ms
54842	1789137405050	0	120	chunk-verified	fetch=535ms
54886	1789137405094	1	52	chunk-verified	fetch=490ms
54889	1789137405096	2	659	admit-retried	succeeded after 6 refusals
54889	1789137405096	2	659	admitted	admit=7341ms
54905	1789137405113	0	159	succeeded	attempt 1 watch=288ms
54932	1789137405140	2	746	admit-ceiling	LIMIT_EXCEEDED: client unresolved admission ceiling
54938	1789137405146	0	123	chunk-verified	fetch=570ms
54960	1789137405167	1	79	succeeded	attempt 1 watch=232ms
54971	1789137405178	0	162	succeeded	attempt 1 watch=293ms
54998	1789137405206	1	55	chunk-verified	fetch=536ms
55004	1789137405211	0	126	chunk-verified	fetch=569ms
55007	1789137405214	1	82	succeeded	attempt 1 watch=220ms
55009	1789137405217	0	129	chunk-verified	fetch=555ms
55032	1789137405239	0	132	chunk-verified	fetch=531ms
55034	1789137405242	0	165	succeeded	attempt 1 watch=263ms
55040	1789137405248	2	752	admitted	admit=534ms
55051	1789137405259	2	755	admit-refused	authority refusal LIMIT_EXCEEDED: retained input, output or executor capacity
55059	1789137405267	2	611	admit-refused	authority refusal LIMIT_EXCEEDED: retained input, output or executor capacity
55062	1789137405269	1	85	succeeded	attempt 1 watch=265ms
55086	1789137405294	1	88	succeeded	attempt 1 watch=262ms
55092	1789137405299	1	58	chunk-verified	fetch=524ms
55105	1789137405313	2	719	admit-refused	authority refusal LIMIT_EXCEEDED: retained input, output or executor capacity
55111	1789137405318	1	91	succeeded	attempt 1 watch=274ms
55114	1789137405321	2	749	admit-refused	authority refusal LIMIT_EXCEEDED: retained input, output or executor capacity
55114	1789137405321	1	61	chunk-verified	fetch=515ms
55116	1789137405324	0	168	succeeded	attempt 1 watch=274ms
55119	1789137405326	2	758	admit-refused	authority refusal LIMIT_EXCEEDED: retained input, output or executor capacity
55125	1789137405332	0	135	chunk-verified	fetch=557ms
55144	1789137405352	1	94	succeeded	attempt 1 watch=258ms
55147	1789137405354	1	64	chunk-verified	fetch=526ms
55147	1789137405354	0	138	chunk-verified	fetch=559ms
55160	1789137405368	0	141	chunk-verified	fetch=559ms
55166	1789137405374	1	13	chunk-verified	fetch=515ms
55186	1789137405394	0	171	succeeded	attempt 1 watch=248ms
55186	1789137405394	0	144	chunk-verified	fetch=549ms
55189	1789137405397	1	37	chunk-verified	fetch=511ms
55195	1789137405402	1	67	chunk-verified	fetch=489ms
55208	1789137405416	1	97	succeeded	attempt 1 watch=210ms
55211	1789137405419	1	70	chunk-verified	fetch=486ms
55214	1789137405421	0	147	chunk-verified	fetch=555ms
55219	1789137405427	1	73	chunk-verified	fetch=477ms
55229	1789137405437	0	174	succeeded	attempt 1 watch=225ms
55250	1789137405458	0	150	chunk-verified	fetch=512ms
55256	1789137405463	0	177	succeeded	attempt 1 watch=246ms
55266	1789137405474	1	76	chunk-verified	fetch=477ms
55280	1789137405488	0	180	succeeded	attempt 1 watch=248ms
55310	1789137405518	1	100	succeeded	attempt 1 watch=218ms
55332	1789137405539	2	755	admit-retried	succeeded after 1 refusals
55332	1789137405539	2	755	admitted	admit=442ms
55342	1789137405550	0	153	chunk-verified	fetch=548ms
55362	1789137405569	0	156	chunk-verified	fetch=551ms
55364	1789137405572	0	183	succeeded	attempt 1 watch=239ms
55373	1789137405580	1	103	succeeded	attempt 1 watch=258ms
55386	1789137405593	0	186	succeeded	attempt 1 watch=238ms
55389	1789137405597	2	749	admit-refused	authority refusal LIMIT_EXCEEDED: retained input, output or executor capacity
55394	1789137405601	2	761	admit-refused	authority refusal LIMIT_EXCEEDED: retained input, output or executor capacity
55405	1789137405612	0	189	succeeded	attempt 1 watch=244ms
55407	1789137405615	2	758	admit-retried	succeeded after 1 refusals
55407	1789137405615	2	758	admitted	admit=366ms
55415	1789137405623	0	159	chunk-verified	fetch=510ms
55416	1789137405624	2	545	admit-refused	authority refusal LIMIT_EXCEEDED: retained input, output or executor capacity
55431	1789137405639	1	106	succeeded	attempt 1 watch=284ms
55434	1789137405642	0	192	succeeded	attempt 1 watch=247ms
55442	1789137405650	2	764	admit-refused	authority refusal LIMIT_EXCEEDED: retained input, output or executor capacity
55448	1789137405655	2	725	admit-refused	authority refusal LIMIT_EXCEEDED: retained input, output or executor capacity
55451	1789137405658	1	109	succeeded	attempt 1 watch=284ms
55454	1789137405661	2	728	admit-refused	authority refusal LIMIT_EXCEEDED: retained input, output or executor capacity
55464	1789137405672	0	195	succeeded	attempt 1 watch=250ms
55467	1789137405675	1	112	succeeded	attempt 1 watch=278ms
55476	1789137405683	1	79	chunk-verified	fetch=516ms
55478	1789137405686	0	162	chunk-verified	fetch=507ms
55487	1789137405694	1	115	succeeded	attempt 1 watch=291ms
55504	1789137405711	0	198	succeeded	attempt 1 watch=253ms
55525	1789137405733	1	118	succeeded	attempt 1 watch=313ms
55540	1789137405748	2	761	admit-refused	authority refusal LIMIT_EXCEEDED: retained input, output or executor capacity
55546	1789137405754	1	121	succeeded	attempt 1 watch=327ms
55571	1789137405779	1	124	succeeded	attempt 1 watch=304ms
55571	1789137405779	0	201	succeeded	attempt 1 watch=228ms
55573	1789137405781	2	764	admit-refused	authority refusal LIMIT_EXCEEDED: retained input, output or executor capacity
55574	1789137405781	0	165	chunk-verified	fetch=539ms
55576	1789137405784	1	82	chunk-verified	fetch=569ms
55592	1789137405800	0	204	succeeded	attempt 1 watch=230ms
55595	1789137405803	1	85	chunk-verified	fetch=533ms
55603	1789137405811	0	168	chunk-verified	fetch=487ms
55623	1789137405830	1	88	chunk-verified	fetch=536ms
55631	1789137405839	1	91	chunk-verified	fetch=520ms
55652	1789137405860	1	94	chunk-verified	fetch=508ms
55677	1789137405885	0	207	succeeded	attempt 1 watch=261ms
55718	1789137405926	0	171	chunk-verified	fetch=531ms
55721	1789137405929	1	127	succeeded	attempt 1 watch=245ms
55738	1789137405945	0	210	succeeded	attempt 1 watch=259ms
55779	1789137405987	1	97	chunk-verified	fetch=571ms
55785	1789137405992	0	174	chunk-verified	fetch=555ms
55804	1789137406011	0	177	chunk-verified	fetch=547ms
55814	1789137406022	0	180	chunk-verified	fetch=534ms
55817	1789137406025	0	213	succeeded	attempt 1 watch=243ms
55837	1789137406045	1	130	succeeded	attempt 1 watch=260ms
55859	1789137406067	1	133	succeeded	attempt 1 watch=264ms
55867	1789137406075	0	216	succeeded	attempt 1 watch=264ms
55867	1789137406075	2	746	admit-retried	succeeded after 4 refusals
55867	1789137406075	2	746	admitted	admit=2541ms
55883	1789137406091	1	136	succeeded	attempt 1 watch=260ms
55896	1789137406104	1	100	chunk-verified	fetch=586ms
55901	1789137406109	0	183	chunk-verified	fetch=536ms
55920	1789137406128	1	139	succeeded	attempt 1 watch=289ms
55925	1789137406133	1	103	chunk-verified	fetch=552ms
55931	1789137406138	0	219	succeeded	attempt 1 watch=212ms
55933	1789137406141	2	761	admit-retried	succeeded after 2 refusals
55933	1789137406141	2	761	admitted	admit=601ms
55936	1789137406144	0	186	chunk-verified	fetch=550ms
55955	1789137406162	1	142	succeeded	attempt 1 watch=302ms
55957	1789137406165	0	192	chunk-verified	fetch=523ms
55971	1789137406178	0	195	chunk-verified	fetch=506ms
55979	1789137406186	0	222	succeeded	attempt 1 watch=193ms
55984	1789137406191	0	189	chunk-verified	fetch=579ms
55984	1789137406192	2	767	admit-refused	authority refusal LIMIT_EXCEEDED: retained input, output or executor capacity
55991	1789137406199	1	106	chunk-verified	fetch=560ms
55991	1789137406199	0	198	chunk-verified	fetch=487ms
56005	1789137406213	1	109	chunk-verified	fetch=554ms
56005	1789137406213	0	225	succeeded	attempt 1 watch=201ms
56006	1789137406213	2	764	admit-refused	authority refusal LIMIT_EXCEEDED: retained input, output or executor capacity
56016	1789137406224	0	201	chunk-verified	fetch=445ms
56019	1789137406227	1	112	chunk-verified	fetch=551ms
56024	1789137406232	1	145	succeeded	attempt 1 watch=244ms
56027	1789137406235	1	115	chunk-verified	fetch=540ms
56035	1789137406243	0	228	succeeded	attempt 1 watch=220ms
56054	1789137406262	1	121	chunk-verified	fetch=507ms
56060	1789137406267	1	124	chunk-verified	fetch=488ms
56071	1789137406278	1	118	chunk-verified	fetch=545ms
56090	1789137406298	0	204	chunk-verified	fetch=497ms
56109	1789137406317	0	231	succeeded	attempt 1 watch=207ms
56110	1789137406317	2	749	admit-refused	authority refusal LIMIT_EXCEEDED: retained input, output or executor capacity
56120	1789137406328	0	207	chunk-verified	fetch=442ms
56133	1789137406341	1	148	succeeded	attempt 1 watch=236ms
56155	1789137406363	0	234	succeeded	attempt 1 watch=218ms
56188	1789137406396	0	237	succeeded	attempt 1 watch=231ms
56188	1789137406396	0	210	chunk-verified	fetch=450ms
56191	1789137406399	1	151	succeeded	attempt 1 watch=265ms
56205	1789137406413	0	240	succeeded	attempt 1 watch=234ms
56230	1789137406438	1	127	chunk-verified	fetch=509ms
56235	1789137406442	1	154	succeeded	attempt 1 watch=243ms
56253	1789137406461	0	243	succeeded	attempt 1 watch=269ms
56256	1789137406463	1	157	succeeded	attempt 1 watch=250ms
56274	1789137406482	0	246	succeeded	attempt 1 watch=282ms
56280	1789137406487	1	160	succeeded	attempt 1 watch=260ms
56321	1789137406528	2	767	admit-retried	succeeded after 1 refusals
56321	1789137406528	2	767	admitted	admit=452ms
56329	1789137406537	0	249	succeeded	attempt 1 watch=312ms
56335	1789137406542	1	163	succeeded	attempt 1 watch=307ms
56362	1789137406570	1	166	succeeded	attempt 1 watch=307ms
56373	1789137406581	0	252	succeeded	attempt 1 watch=283ms
56384	1789137406592	1	169	succeeded	attempt 1 watch=324ms
56387	1789137406595	0	213	chunk-verified	fetch=570ms
56398	1789137406606	0	216	chunk-verified	fetch=530ms
56404	1789137406611	1	172	succeeded	attempt 1 watch=332ms
56404	1789137406611	0	255	succeeded	attempt 1 watch=283ms
56412	1789137406620	1	130	chunk-verified	fetch=574ms
56427	1789137406635	0	219	chunk-verified	fetch=496ms
56430	1789137406637	1	133	chunk-verified	fetch=570ms
56445	1789137406653	1	136	chunk-verified	fetch=561ms
56458	1789137406666	1	139	chunk-verified	fetch=538ms
56475	1789137406682	0	258	succeeded	attempt 1 watch=286ms
56494	1789137406702	1	175	succeeded	attempt 1 watch=264ms
56497	1789137406705	1	142	chunk-verified	fetch=542ms
56522	1789137406730	0	222	chunk-verified	fetch=543ms
56562	1789137406770	0	225	chunk-verified	fetch=556ms
56575	1789137406783	1	145	chunk-verified	fetch=551ms
56578	1789137406786	0	228	chunk-verified	fetch=542ms
56594	1789137406802	0	261	succeeded	attempt 1 watch=207ms
56616	1789137406824	0	264	succeeded	attempt 1 watch=217ms
56617	1789137406825	0	231	chunk-verified	fetch=508ms
56635	1789137406843	1	178	succeeded	attempt 1 watch=223ms
56638	1789137406846	0	267	succeeded	attempt 1 watch=211ms
56664	1789137406872	0	234	chunk-verified	fetch=508ms
56667	1789137406874	1	181	succeeded	attempt 1 watch=236ms
56667	1789137406874	0	237	chunk-verified	fetch=478ms
56669	1789137406877	1	148	chunk-verified	fetch=536ms
56685	1789137406893	1	184	succeeded	attempt 1 watch=240ms
56693	1789137406900	0	270	succeeded	attempt 1 watch=170ms
56707	1789137406914	0	240	chunk-verified	fetch=501ms
56712	1789137406920	1	187	succeeded	attempt 1 watch=253ms
56719	1789137406927	0	273	succeeded	attempt 1 watch=157ms
56719	1789137406927	0	243	chunk-verified	fetch=466ms
56722	1789137406930	1	151	chunk-verified	fetch=530ms
56749	1789137406957	0	246	chunk-verified	fetch=474ms
56755	1789137406962	0	276	succeeded	attempt 1 watch=176ms
56768	1789137406976	0	249	chunk-verified	fetch=438ms
56781	1789137406989	1	190	succeeded	attempt 1 watch=284ms
56792	1789137406999	0	252	chunk-verified	fetch=418ms
56813	1789137407021	1	193	succeeded	attempt 1 watch=237ms
56814	1789137407021	1	169	admit-refused	stalled read ordinal 169
56814	1789137407022	1	172	admit-refused	stalled read ordinal 172
56818	1789137407026	1	154	chunk-verified	fetch=583ms
56832	1789137407039	1	157	chunk-verified	fetch=576ms
56837	1789137407045	0	279	succeeded	attempt 1 watch=220ms
56845	1789137407053	1	163	chunk-verified	fetch=510ms
56869	1789137407076	1	166	chunk-verified	fetch=506ms
56869	1789137407076	0	255	chunk-verified	fetch=464ms
56877	1789137407084	1	196	succeeded	attempt 1 watch=207ms
56887	1789137407094	0	282	succeeded	attempt 1 watch=222ms
56892	1789137407100	1	160	chunk-verified	fetch=612ms
56903	1789137407111	0	285	succeeded	attempt 1 watch=236ms
56911	1789137407118	2	764	admit-retried	succeeded after 3 refusals
56911	1789137407118	2	764	admitted	admit=1503ms
56913	1789137407121	0	258	chunk-verified	fetch=438ms
56948	1789137407155	0	288	succeeded	attempt 1 watch=241ms
56950	1789137407158	1	199	succeeded	attempt 1 watch=228ms
56964	1789137407172	0	291	succeeded	attempt 1 watch=244ms
56980	1789137407188	1	175	chunk-verified	fetch=486ms
57002	1789137407210	0	294	succeeded	attempt 1 watch=252ms
57007	1789137407215	1	202	succeeded	attempt 1 watch=188ms
57020	1789137407228	1	205	succeeded	attempt 1 watch=188ms
57036	1789137407244	1	208	succeeded	attempt 1 watch=190ms
57038	1789137407246	0	297	succeeded	attempt 1 watch=270ms
57052	1789137407259	1	178	chunk-verified	fetch=416ms
57067	1789137407275	1	211	succeeded	attempt 1 watch=198ms
57067	1789137407275	1	181	chunk-verified	fetch=400ms
57070	1789137407278	0	261	chunk-verified	fetch=475ms
57073	1789137407280	0	300	succeeded	attempt 1 watch=280ms
57100	1789137407308	0	264	chunk-verified	fetch=483ms
57108	1789137407315	1	214	succeeded	attempt 1 watch=215ms
57115	1789137407323	0	303	succeeded	attempt 1 watch=246ms
57123	1789137407330	0	267	chunk-verified	fetch=484ms
57157	1789137407364	1	184	chunk-verified	fetch=471ms
57162	1789137407369	1	187	chunk-verified	fetch=449ms
57179	1789137407387	1	217	succeeded	attempt 1 watch=198ms
57182	1789137407390	1	190	chunk-verified	fetch=400ms
57194	1789137407402	0	306	succeeded	attempt 1 watch=280ms
57203	1789137407411	1	193	chunk-verified	fetch=389ms
57229	1789137407437	0	270	chunk-verified	fetch=536ms
57258	1789137407466	0	273	chunk-verified	fetch=539ms
57283	1789137407490	1	220	succeeded	attempt 1 watch=230ms
57285	1789137407493	0	276	chunk-verified	fetch=530ms
57285	1789137407493	2	749	admit-retried	succeeded after 4 refusals
57285	1789137407493	2	749	admitted	admit=2850ms
57304	1789137407511	0	309	succeeded	attempt 1 watch=233ms
57307	1789137407514	1	223	succeeded	attempt 1 watch=239ms
57354	1789137407562	0	279	chunk-verified	fetch=517ms
57357	1789137407565	0	312	succeeded	attempt 1 watch=257ms
57360	1789137407567	1	196	chunk-verified	fetch=483ms
57375	1789137407583	1	226	succeeded	attempt 1 watch=218ms
57389	1789137407597	1	169	chunk-verified	fetch=1004ms
57394	1789137407602	2	497	admit-retried	succeeded after 9 refusals
57394	1789137407602	2	497	admitted	admit=23663ms
57408	1789137407615	1	172	chunk-verified	fetch=1003ms
57410	1789137407618	1	229	succeeded	attempt 1 watch=248ms
57418	1789137407626	0	315	succeeded	attempt 1 watch=295ms
57435	1789137407642	1	199	chunk-verified	fetch=484ms
57443	1789137407650	1	232	succeeded	attempt 1 watch=260ms
57446	1789137407653	0	282	chunk-verified	fetch=558ms
57469	1789137407676	0	288	chunk-verified	fetch=521ms
57471	1789137407679	0	318	succeeded	attempt 1 watch=241ms
57471	1789137407679	1	202	chunk-verified	fetch=464ms
57471	1789137407679	1	235	succeeded	attempt 1 watch=268ms
57481	1789137407689	0	285	chunk-verified	fetch=578ms
57495	1789137407702	0	321	succeeded	attempt 1 watch=236ms
57497	1789137407705	1	205	chunk-verified	fetch=476ms
57508	1789137407715	0	291	chunk-verified	fetch=543ms
57521	1789137407728	0	294	chunk-verified	fetch=518ms
57523	1789137407731	1	208	chunk-verified	fetch=487ms
57529	1789137407737	0	324	succeeded	attempt 1 watch=243ms
57532	1789137407739	0	297	chunk-verified	fetch=493ms
57548	1789137407755	1	238	succeeded	attempt 1 watch=188ms
57561	1789137407769	1	214	chunk-verified	fetch=453ms
57574	1789137407782	1	211	chunk-verified	fetch=506ms
57584	1789137407792	0	327	succeeded	attempt 1 watch=229ms
57590	1789137407797	0	300	chunk-verified	fetch=516ms
57592	1789137407800	1	241	succeeded	attempt 1 watch=203ms
57614	1789137407822	1	244	succeeded	attempt 1 watch=206ms
57628	1789137407836	0	303	chunk-verified	fetch=513ms
57636	1789137407844	0	330	succeeded	attempt 1 watch=190ms
57641	1789137407849	0	306	chunk-verified	fetch=446ms
57654	1789137407862	1	247	succeeded	attempt 1 watch=219ms
57659	1789137407867	0	333	succeeded	attempt 1 watch=190ms
57662	1789137407870	1	217	chunk-verified	fetch=482ms
57705	1789137407913	0	336	succeeded	attempt 1 watch=223ms
57705	1789137407913	1	250	succeeded	attempt 1 watch=233ms
57735	1789137407943	1	253	succeeded	attempt 1 watch=237ms
57748	1789137407956	0	339	succeeded	attempt 1 watch=240ms
57751	1789137407958	1	220	chunk-verified	fetch=468ms
57759	1789137407966	1	256	succeeded	attempt 1 watch=235ms
57761	1789137407969	0	342	succeeded	attempt 1 watch=240ms
57761	1789137407969	1	223	chunk-verified	fetch=454ms
57796	1789137408004	1	259	succeeded	attempt 1 watch=235ms
57799	1789137408006	0	345	succeeded	attempt 1 watch=266ms
57820	1789137408028	0	309	chunk-verified	fetch=516ms
57823	1789137408031	1	262	succeeded	attempt 1 watch=249ms
57826	1789137408034	1	226	chunk-verified	fetch=450ms
57839	1789137408047	0	348	succeeded	attempt 1 watch=249ms
57869	1789137408077	0	351	succeeded	attempt 1 watch=241ms
57872	1789137408080	0	312	chunk-verified	fetch=514ms
57894	1789137408102	1	229	chunk-verified	fetch=484ms
57894	1789137408102	0	315	chunk-verified	fetch=476ms
57905	1789137408113	0	354	succeeded	attempt 1 watch=263ms
57916	1789137408124	1	265	succeeded	attempt 1 watch=253ms
57945	1789137408152	0	318	chunk-verified	fetch=473ms
57950	1789137408158	1	232	chunk-verified	fetch=507ms
57963	1789137408170	0	321	chunk-verified	fetch=468ms
57965	1789137408173	1	235	chunk-verified	fetch=494ms
57988	1789137408195	1	268	succeeded	attempt 1 watch=236ms
58014	1789137408221	0	324	chunk-verified	fetch=484ms
58023	1789137408230	0	357	succeeded	attempt 1 watch=202ms
58031	1789137408239	1	271	succeeded	attempt 1 watch=269ms
58034	1789137408241	0	327	chunk-verified	fetch=449ms
58058	1789137408266	1	238	chunk-verified	fetch=510ms
58090	1789137408298	0	360	succeeded	attempt 1 watch=217ms
58112	1789137408319	0	330	chunk-verified	fetch=475ms
58115	1789137408322	0	363	succeeded	attempt 1 watch=220ms
58115	1789137408322	1	274	succeeded	attempt 1 watch=288ms
58142	1789137408350	1	241	chunk-verified	fetch=549ms
58148	1789137408356	1	277	succeeded	attempt 1 watch=253ms
58168	1789137408376	1	244	chunk-verified	fetch=554ms
58177	1789137408385	0	333	chunk-verified	fetch=517ms
58177	1789137408385	0	366	succeeded	attempt 1 watch=232ms
58180	1789137408388	1	247	chunk-verified	fetch=526ms
58194	1789137408402	0	336	chunk-verified	fetch=488ms
58199	1789137408407	1	280	succeeded	attempt 1 watch=249ms
58209	1789137408416	0	369	succeeded	attempt 1 watch=245ms
58212	1789137408419	1	250	chunk-verified	fetch=506ms
58226	1789137408434	1	283	succeeded	attempt 1 watch=260ms
58229	1789137408437	1	253	chunk-verified	fetch=494ms
58240	1789137408447	0	339	chunk-verified	fetch=491ms
58240	1789137408448	0	372	succeeded	attempt 1 watch=226ms
58251	1789137408458	0	342	chunk-verified	fetch=489ms
58272	1789137408480	1	256	chunk-verified	fetch=513ms
58272	1789137408480	0	345	chunk-verified	fetch=473ms
58275	1789137408483	2	584	admit-retried	succeeded after 8 refusals
58275	1789137408483	2	584	admitted	admit=17101ms
58286	1789137408494	1	286	succeeded	attempt 1 watch=228ms
58289	1789137408497	0	375	succeeded	attempt 1 watch=255ms
58313	1789137408520	0	348	chunk-verified	fetch=473ms
58316	1789137408523	1	259	chunk-verified	fetch=519ms
58330	1789137408538	1	262	chunk-verified	fetch=506ms
58330	1789137408538	0	351	chunk-verified	fetch=460ms
58333	1789137408540	1	289	succeeded	attempt 1 watch=190ms
58338	1789137408546	0	378	succeeded	attempt 1 watch=226ms
58378	1789137408586	1	292	succeeded	attempt 1 watch=209ms
58381	1789137408589	0	354	chunk-verified	fetch=475ms
58381	1789137408589	0	381	succeeded	attempt 1 watch=203ms
58400	1789137408608	1	295	succeeded	attempt 1 watch=219ms
58408	1789137408615	1	265	chunk-verified	fetch=491ms
58421	1789137408629	0	384	succeeded	attempt 1 watch=227ms
58448	1789137408655	1	298	succeeded	attempt 1 watch=235ms
58453	1789137408661	2	719	admit-retried	succeeded after 6 refusals
58453	1789137408661	2	719	admitted	admit=6957ms
58471	1789137408679	0	387	succeeded	attempt 1 watch=231ms
58504	1789137408712	1	301	succeeded	attempt 1 watch=275ms
58509	1789137408717	0	390	succeeded	attempt 1 watch=258ms
58523	1789137408730	2	644	admit-retried	succeeded after 7 refusals
58523	1789137408730	2	644	admitted	admit=12421ms
58536	1789137408744	1	304	succeeded	attempt 1 watch=263ms
58541	1789137408749	0	393	succeeded	attempt 1 watch=268ms
58541	1789137408749	0	357	chunk-verified	fetch=518ms
58546	1789137408754	1	268	chunk-verified	fetch=558ms
58557	1789137408765	1	271	chunk-verified	fetch=525ms
58596	1789137408804	1	307	succeeded	attempt 1 watch=280ms
58599	1789137408807	0	396	succeeded	attempt 1 watch=286ms
58602	1789137408810	1	274	chunk-verified	fetch=487ms
58605	1789137408813	0	360	chunk-verified	fetch=514ms
58622	1789137408830	1	310	succeeded	attempt 1 watch=292ms
58625	1789137408833	0	399	succeeded	attempt 1 watch=295ms
58668	1789137408876	1	277	chunk-verified	fetch=520ms
58679	1789137408886	0	363	chunk-verified	fetch=564ms
58679	1789137408886	0	402	succeeded	attempt 1 watch=297ms
58700	1789137408907	1	313	succeeded	attempt 1 watch=292ms
58734	1789137408942	0	366	chunk-verified	fetch=556ms
58737	1789137408945	1	280	chunk-verified	fetch=537ms
58748	1789137408956	1	283	chunk-verified	fetch=521ms
58760	1789137408968	0	369	chunk-verified	fetch=551ms
58785	1789137408992	0	372	chunk-verified	fetch=544ms
58788	1789137408995	1	316	succeeded	attempt 1 watch=241ms
58801	1789137409009	1	319	succeeded	attempt 1 watch=244ms
58806	1789137409014	0	405	succeeded	attempt 1 watch=264ms
58840	1789137409047	1	322	succeeded	attempt 1 watch=237ms
58840	1789137409047	1	286	chunk-verified	fetch=553ms
58850	1789137409057	0	375	chunk-verified	fetch=560ms
58863	1789137409071	0	408	succeeded	attempt 1 watch=258ms
58887	1789137409095	1	289	chunk-verified	fetch=554ms
58890	1789137409098	1	325	succeeded	attempt 1 watch=221ms
58908	1789137409116	1	292	chunk-verified	fetch=529ms
58920	1789137409127	0	378	chunk-verified	fetch=581ms
58928	1789137409136	1	295	chunk-verified	fetch=528ms
58940	1789137409147	1	328	succeeded	attempt 1 watch=202ms
58947	1789137409155	0	411	succeeded	attempt 1 watch=268ms
58950	1789137409158	1	298	chunk-verified	fetch=502ms
58963	1789137409171	0	414	succeeded	attempt 1 watch=229ms
58963	1789137409171	1	331	succeeded	attempt 1 watch=214ms
58971	1789137409179	0	381	chunk-verified	fetch=590ms
58980	1789137409187	0	417	succeeded	attempt 1 watch=219ms
58989	1789137409197	0	387	chunk-verified	fetch=518ms
58999	1789137409207	1	301	chunk-verified	fetch=494ms
59006	1789137409214	0	420	succeeded	attempt 1 watch=221ms
59011	1789137409219	0	390	chunk-verified	fetch=502ms
59013	1789137409221	1	304	chunk-verified	fetch=477ms
59023	1789137409231	0	384	chunk-verified	fetch=602ms
59043	1789137409250	1	307	chunk-verified	fetch=446ms
59052	1789137409259	0	423	succeeded	attempt 1 watch=201ms
59060	1789137409267	1	334	succeeded	attempt 1 watch=219ms
59063	1789137409270	0	393	chunk-verified	fetch=521ms
59077	1789137409285	2	470	admit-retried	succeeded after 10 refusals
59077	1789137409285	2	470	admitted	admit=27648ms
59080	1789137409288	0	396	chunk-verified	fetch=481ms
59086	1789137409294	1	337	succeeded	attempt 1 watch=198ms
59094	1789137409301	1	310	chunk-verified	fetch=471ms
59096	1789137409304	0	426	succeeded	attempt 1 watch=176ms
59104	1789137409312	0	399	chunk-verified	fetch=478ms
59119	1789137409327	0	402	chunk-verified	fetch=440ms
59123	1789137409330	1	340	succeeded	attempt 1 watch=214ms
59152	1789137409360	1	313	chunk-verified	fetch=452ms
59155	1789137409363	1	343	succeeded	attempt 1 watch=226ms
59176	1789137409384	0	429	succeeded	attempt 1 watch=204ms
59205	1789137409413	1	346	succeeded	attempt 1 watch=254ms
59214	1789137409422	0	432	succeeded	attempt 1 watch=224ms
59236	1789137409444	1	349	succeeded	attempt 1 watch=236ms
59249	1789137409456	1	316	chunk-verified	fetch=460ms
59256	1789137409464	0	435	succeeded	attempt 1 watch=245ms
59261	1789137409469	1	352	succeeded	attempt 1 watch=248ms
59274	1789137409482	1	319	chunk-verified	fetch=472ms
59279	1789137409487	0	438	succeeded	attempt 1 watch=255ms
59284	1789137409492	1	355	succeeded	attempt 1 watch=241ms
59294	1789137409502	1	322	chunk-verified	fetch=454ms
59307	1789137409515	0	405	chunk-verified	fetch=501ms
59307	1789137409515	2	725	admit-retried	succeeded after 6 refusals
59307	1789137409515	2	725	admitted	admit=7231ms
59332	1789137409539	0	441	succeeded	attempt 1 watch=269ms
59359	1789137409566	0	408	chunk-verified	fetch=495ms
59359	1789137409566	0	444	succeeded	attempt 1 watch=278ms
59359	1789137409566	2	728	admit-retried	succeeded after 6 refusals
59359	1789137409566	2	728	admitted	admit=7208ms
59365	1789137409572	1	358	succeeded	attempt 1 watch=270ms
59395	1789137409602	1	325	chunk-verified	fetch=504ms
59405	1789137409613	1	361	succeeded	attempt 1 watch=253ms
59408	1789137409616	0	447	succeeded	attempt 1 watch=303ms
59428	1789137409636	0	450	succeeded	attempt 1 watch=308ms
59431	1789137409638	0	411	chunk-verified	fetch=483ms
59452	1789137409659	1	328	chunk-verified	fetch=511ms
59457	1789137409664	0	414	chunk-verified	fetch=493ms
59483	1789137409691	1	331	chunk-verified	fetch=520ms
59486	1789137409694	0	417	chunk-verified	fetch=506ms
59512	1789137409720	0	420	chunk-verified	fetch=505ms
59512	1789137409720	1	364	succeeded	attempt 1 watch=263ms
59538	1789137409746	0	453	succeeded	attempt 1 watch=231ms
59547	1789137409754	1	367	succeeded	attempt 1 watch=272ms
59560	1789137409768	0	423	chunk-verified	fetch=508ms
59580	1789137409787	0	456	succeeded	attempt 1 watch=221ms
59590	1789137409798	1	370	succeeded	attempt 1 watch=295ms
59627	1789137409834	1	334	chunk-verified	fetch=566ms
59637	1789137409845	1	373	succeeded	attempt 1 watch=242ms
59643	1789137409850	2	527	admit-retried	succeeded after 9 refusals
59643	1789137409850	2	527	admitted	admit=23144ms
59646	1789137409854	0	426	chunk-verified	fetch=550ms
59668	1789137409876	1	337	chunk-verified	fetch=582ms
59686	1789137409894	1	340	chunk-verified	fetch=563ms
59689	1789137409897	1	376	succeeded	attempt 1 watch=237ms
59692	1789137409900	0	459	succeeded	attempt 1 watch=261ms
59707	1789137409915	1	343	chunk-verified	fetch=552ms
59717	1789137409925	2	533	admit-retried	succeeded after 9 refusals
59717	1789137409925	2	533	admitted	admit=23015ms
59722	1789137409929	1	346	chunk-verified	fetch=516ms
59722	1789137409929	1	379	succeeded	attempt 1 watch=238ms
59726	1789137409934	0	462	succeeded	attempt 1 watch=269ms
59726	1789137409934	0	429	chunk-verified	fetch=549ms
59755	1789137409962	0	465	succeeded	attempt 1 watch=268ms
59757	1789137409965	0	432	chunk-verified	fetch=542ms
59757	1789137409965	1	349	chunk-verified	fetch=521ms
59771	1789137409979	0	468	succeeded	attempt 1 watch=258ms
59780	1789137409987	1	352	chunk-verified	fetch=518ms
59783	1789137409990	0	435	chunk-verified	fetch=526ms
59803	1789137410011	0	438	chunk-verified	fetch=523ms
59803	1789137410011	1	355	chunk-verified	fetch=518ms
59827	1789137410035	0	471	succeeded	attempt 1 watch=267ms
59829	1789137410037	0	441	chunk-verified	fetch=497ms
59837	1789137410045	1	382	succeeded	attempt 1 watch=210ms
59840	1789137410047	1	358	chunk-verified	fetch=474ms
59875	1789137410083	0	444	chunk-verified	fetch=516ms
59875	1789137410083	0	474	succeeded	attempt 1 watch=228ms
59886	1789137410094	1	385	succeeded	attempt 1 watch=217ms
59899	1789137410107	0	447	chunk-verified	fetch=491ms
59909	1789137410116	2	419	admit-retried	succeeded after 11 refusals
59909	1789137410116	2	419	admitted	admit=32709ms
59913	1789137410121	0	450	chunk-verified	fetch=485ms
59922	1789137410129	1	361	chunk-verified	fetch=516ms
59922	1789137410129	1	388	succeeded	attempt 1 watch=235ms
59932	1789137410139	0	477	succeeded	attempt 1 watch=205ms
59949	1789137410157	1	391	succeeded	attempt 1 watch=241ms
59958	1789137410166	1	394	succeeded	attempt 1 watch=236ms
59977	1789137410185	0	480	succeeded	attempt 1 watch=220ms
60001	1789137410209	1	397	succeeded	attempt 1 watch=244ms
60004	1789137410212	1	364	chunk-verified	fetch=491ms
60017	1789137410224	0	483	succeeded	attempt 1 watch=234ms
60024	1789137410231	1	400	succeeded	attempt 1 watch=244ms
60026	1789137410234	1	367	chunk-verified	fetch=479ms
60040	1789137410248	1	403	succeeded	attempt 1 watch=237ms
60043	1789137410250	0	486	succeeded	attempt 1 watch=239ms
60050	1789137410258	0	453	chunk-verified	fetch=511ms
60066	1789137410274	1	370	chunk-verified	fetch=476ms
60083	1789137410291	0	489	succeeded	attempt 1 watch=253ms
60086	1789137410294	1	406	succeeded	attempt 1 watch=246ms
60118	1789137410326	0	456	chunk-verified	fetch=538ms
60121	1789137410329	1	373	chunk-verified	fetch=483ms
60124	1789137410332	0	492	succeeded	attempt 1 watch=249ms
60143	1789137410351	0	495	succeeded	attempt 1 watch=243ms
60146	1789137410353	1	409	succeeded	attempt 1 watch=223ms
60171	1789137410379	0	459	chunk-verified	fetch=479ms
60174	1789137410381	1	376	chunk-verified	fetch=484ms
60174	1789137410381	0	498	succeeded	attempt 1 watch=260ms
60229	1789137410437	0	462	chunk-verified	fetch=502ms
60231	1789137410439	1	379	chunk-verified	fetch=509ms
60248	1789137410456	1	412	succeeded	attempt 1 watch=244ms
60257	1789137410464	0	465	chunk-verified	fetch=502ms
60262	1789137410470	0	468	chunk-verified	fetch=491ms
60294	1789137410501	1	415	succeeded	attempt 1 watch=267ms
60299	1789137410507	0	501	succeeded	attempt 1 watch=248ms
60329	1789137410537	0	471	chunk-verified	fetch=502ms
60346	1789137410554	1	418	succeeded	attempt 1 watch=280ms
60346	1789137410554	1	382	chunk-verified	fetch=509ms
60348	1789137410556	0	504	succeeded	attempt 1 watch=230ms
60348	1789137410556	0	474	chunk-verified	fetch=473ms
60384	1789137410592	1	421	succeeded	attempt 1 watch=263ms
60402	1789137410609	1	385	chunk-verified	fetch=515ms
60410	1789137410618	0	507	succeeded	attempt 1 watch=239ms
60425	1789137410633	1	388	chunk-verified	fetch=503ms
60433	1789137410641	1	424	succeeded	attempt 1 watch=259ms
60451	1789137410658	1	391	chunk-verified	fetch=501ms
60466	1789137410673	2	611	admit-retried	succeeded after 8 refusals
60466	1789137410673	2	611	admitted	admit=17268ms
60468	1789137410676	0	477	chunk-verified	fetch=536ms
60471	1789137410679	0	510	succeeded	attempt 1 watch=241ms
60471	1789137410679	1	427	succeeded	attempt 1 watch=239ms
60476	1789137410684	1	394	chunk-verified	fetch=517ms
60485	1789137410693	1	397	chunk-verified	fetch=483ms
60490	1789137410697	0	480	chunk-verified	fetch=512ms
60499	1789137410707	0	483	chunk-verified	fetch=482ms
60504	1789137410712	0	513	succeeded	attempt 1 watch=247ms
60531	1789137410739	1	400	chunk-verified	fetch=507ms
60534	1789137410742	0	516	succeeded	attempt 1 watch=271ms
60563	1789137410771	1	403	chunk-verified	fetch=522ms
60566	1789137410774	0	486	chunk-verified	fetch=523ms
60580	1789137410787	0	519	succeeded	attempt 1 watch=250ms
60583	1789137410790	1	430	succeeded	attempt 1 watch=236ms
60598	1789137410805	0	489	chunk-verified	fetch=514ms
60603	1789137410811	0	522	succeeded	attempt 1 watch=254ms
60608	1789137410816	1	406	chunk-verified	fetch=522ms
60626	1789137410834	1	433	succeeded	attempt 1 watch=224ms
60647	1789137410855	1	436	succeeded	attempt 1 watch=222ms
60652	1789137410860	0	492	chunk-verified	fetch=527ms
60655	1789137410863	1	409	chunk-verified	fetch=509ms
60660	1789137410868	2	545	admit-retried	succeeded after 9 refusals
60660	1789137410868	2	545	admitted	admit=22473ms
60674	1789137410881	0	525	succeeded	attempt 1 watch=205ms
60679	1789137410887	0	498	chunk-verified	fetch=505ms
60693	1789137410901	2	8	succeeded	attempt 1 watch=33ms
60704	1789137410912	1	439	succeeded	attempt 1 watch=253ms
60704	1789137410912	0	495	chunk-verified	fetch=561ms
60716	1789137410924	2	2	succeeded	attempt 1 watch=55ms
60731	1789137410939	0	528	succeeded	attempt 1 watch=241ms
60736	1789137410944	2	5	succeeded	attempt 1 watch=76ms
60744	1789137410952	1	442	succeeded	attempt 1 watch=268ms
60752	1789137410960	0	531	succeeded	attempt 1 watch=252ms
60752	1789137410960	2	17	succeeded	attempt 1 watch=92ms
60755	1789137410963	1	445	succeeded	attempt 1 watch=269ms
60775	1789137410983	2	11	succeeded	attempt 1 watch=114ms
60782	1789137410990	1	412	chunk-verified	fetch=534ms
60782	1789137410990	1	448	succeeded	attempt 1 watch=251ms
60790	1789137410997	1	415	chunk-verified	fetch=496ms
60802	1789137411010	2	14	succeeded	attempt 1 watch=141ms
60807	1789137411015	1	418	chunk-verified	fetch=461ms
60810	1789137411018	1	451	succeeded	attempt 1 watch=247ms
60830	1789137411038	2	47	succeeded	attempt 1 watch=170ms
60833	1789137411041	0	501	chunk-verified	fetch=534ms
60839	1789137411047	0	534	succeeded	attempt 1 watch=273ms
60851	1789137411058	2	44	succeeded	attempt 1 watch=190ms
60856	1789137411064	1	454	succeeded	attempt 1 watch=247ms
60864	1789137411072	1	421	chunk-verified	fetch=479ms
60866	1789137411074	2	20	succeeded	attempt 1 watch=206ms
60889	1789137411097	0	537	succeeded	attempt 1 watch=291ms
60897	1789137411105	2	23	succeeded	attempt 1 watch=236ms
60934	1789137411142	2	29	succeeded	attempt 1 watch=274ms
60942	1789137411149	0	504	chunk-verified	fetch=593ms
60952	1789137411159	1	457	succeeded	attempt 1 watch=296ms
60952	1789137411159	0	540	succeeded	attempt 1 watch=299ms
60967	1789137411174	2	32	succeeded	attempt 1 watch=306ms
60981	1789137411189	0	507	chunk-verified	fetch=570ms
60984	1789137411192	1	424	chunk-verified	fetch=550ms
60990	1789137411198	2	26	succeeded	attempt 1 watch=330ms
61004	1789137411212	0	543	succeeded	attempt 1 watch=324ms
61019	1789137411227	2	41	succeeded	attempt 1 watch=358ms
61024	1789137411232	1	427	chunk-verified	fetch=552ms
61034	1789137411242	0	546	succeeded	attempt 1 watch=329ms
61034	1789137411242	0	510	chunk-verified	fetch=563ms
61045	1789137411252	2	35	succeeded	attempt 1 watch=384ms
61060	1789137411268	1	460	succeeded	attempt 1 watch=277ms
61068	1789137411276	2	38	succeeded	attempt 1 watch=407ms
61102	1789137411310	0	549	succeeded	attempt 1 watch=269ms
61107	1789137411315	0	513	chunk-verified	fetch=603ms
61126	1789137411334	1	463	succeeded	attempt 1 watch=336ms
61126	1789137411334	0	516	chunk-verified	fetch=592ms
61157	1789137411365	0	519	chunk-verified	fetch=577ms
61160	1789137411368	1	466	succeeded	attempt 1 watch=352ms
61176	1789137411384	0	552	succeeded	attempt 1 watch=234ms
61186	1789137411394	0	522	chunk-verified	fetch=582ms
61218	1789137411425	1	430	chunk-verified	fetch=635ms
61247	1789137411455	0	555	succeeded	attempt 1 watch=265ms
61252	1789137411460	1	469	succeeded	attempt 1 watch=388ms
61255	1789137411463	0	525	chunk-verified	fetch=581ms
61284	1789137411492	1	433	chunk-verified	fetch=658ms
61308	1789137411516	1	472	succeeded	attempt 1 watch=323ms
61311	1789137411518	0	558	succeeded	attempt 1 watch=276ms
61319	1789137411526	1	436	chunk-verified	fetch=671ms
61332	1789137411539	1	475	succeeded	attempt 1 watch=307ms
61334	1789137411542	1	439	chunk-verified	fetch=630ms
61347	1789137411554	1	442	chunk-verified	fetch=602ms
61368	1789137411575	1	445	chunk-verified	fetch=612ms
61377	1789137411585	0	528	chunk-verified	fetch=646ms
61388	1789137411596	0	531	chunk-verified	fetch=636ms
61397	1789137411605	1	448	chunk-verified	fetch=614ms
61406	1789137411613	0	561	succeeded	attempt 1 watch=298ms
61429	1789137411637	0	564	succeeded	attempt 1 watch=302ms
61445	1789137411653	1	478	succeeded	attempt 1 watch=227ms
61460	1789137411668	0	567	succeeded	attempt 1 watch=302ms
61460	1789137411668	1	451	chunk-verified	fetch=649ms
61465	1789137411673	0	534	chunk-verified	fetch=625ms
61481	1789137411688	1	454	chunk-verified	fetch=624ms
61483	1789137411691	0	537	chunk-verified	fetch=593ms
61498	1789137411706	1	481	succeeded	attempt 1 watch=213ms
61501	1789137411708	1	457	chunk-verified	fetch=549ms
61513	1789137411721	0	570	succeeded	attempt 1 watch=327ms
61526	1789137411733	2	11	admit-refused	stalled read ordinal 11
61526	1789137411733	2	14	admit-refused	stalled read ordinal 14
61526	1789137411733	2	47	admit-refused	stalled read ordinal 47
61526	1789137411733	2	44	admit-refused	stalled read ordinal 44
61526	1789137411733	2	20	admit-refused	stalled read ordinal 20
61526	1789137411734	2	23	admit-refused	stalled read ordinal 23
61526	1789137411734	2	29	admit-refused	stalled read ordinal 29
61526	1789137411734	2	32	admit-refused	stalled read ordinal 32
61526	1789137411734	2	26	admit-refused	stalled read ordinal 26
61527	1789137411734	2	41	admit-refused	stalled read ordinal 41
61527	1789137411735	2	35	admit-refused	stalled read ordinal 35
61527	1789137411735	2	38	admit-refused	stalled read ordinal 38
61532	1789137411739	1	484	succeeded	attempt 1 watch=212ms
61540	1789137411748	0	540	chunk-verified	fetch=588ms
61564	1789137411771	2	17	first-usable-output	
61564	1789137411771	2	17	chunk-verified	fetch=811ms
61564	1789137411771	0	573	succeeded	attempt 1 watch=308ms
61580	1789137411788	1	487	succeeded	attempt 1 watch=245ms
61588	1789137411796	2	5	chunk-verified	fetch=851ms
61594	1789137411801	2	50	succeeded	attempt 1 watch=30ms
61596	1789137411804	0	543	chunk-verified	fetch=591ms
61604	1789137411812	1	490	succeeded	attempt 1 watch=257ms
61613	1789137411821	2	2	chunk-verified	fetch=897ms
61616	1789137411823	2	53	succeeded	attempt 1 watch=27ms
61625	1789137411833	0	546	chunk-verified	fetch=591ms
61625	1789137411833	0	576	succeeded	attempt 1 watch=247ms
61628	1789137411835	1	493	succeeded	attempt 1 watch=259ms
61639	1789137411847	2	8	chunk-verified	fetch=945ms
61641	1789137411849	0	549	chunk-verified	fetch=538ms
61649	1789137411856	1	460	chunk-verified	fetch=588ms
61653	1789137411861	0	579	succeeded	attempt 1 watch=265ms
61661	1789137411868	1	496	succeeded	attempt 1 watch=263ms
61666	1789137411874	2	56	succeeded	attempt 1 watch=52ms
61706	1789137411913	1	466	chunk-verified	fetch=545ms
61723	1789137411930	1	499	succeeded	attempt 1 watch=262ms
61725	1789137411933	1	463	chunk-verified	fetch=598ms
61725	1789137411933	2	59	succeeded	attempt 1 watch=86ms
61743	1789137411951	1	502	succeeded	attempt 1 watch=262ms
61750	1789137411958	2	47	admit-refused	stalled read ordinal 47
61750	1789137411958	2	44	admit-refused	stalled read ordinal 44
61750	1789137411958	2	11	admit-refused	stalled read ordinal 11
61750	1789137411958	2	23	admit-refused	stalled read ordinal 23
61751	1789137411958	2	41	admit-refused	stalled read ordinal 41
61751	1789137411959	2	32	admit-refused	stalled read ordinal 32
61751	1789137411959	1	469	chunk-verified	fetch=498ms
61751	1789137411959	2	26	admit-refused	stalled read ordinal 26
61751	1789137411959	2	29	admit-refused	stalled read ordinal 29
61752	1789137411959	2	38	admit-refused	stalled read ordinal 38
61752	1789137411960	2	35	admit-refused	stalled read ordinal 35
61761	1789137411969	0	582	succeeded	attempt 1 watch=296ms
61778	1789137411986	2	50	chunk-verified	fetch=184ms
61779	1789137411986	2	56	admit-refused	stalled read ordinal 56
61779	1789137411987	2	59	admit-refused	stalled read ordinal 59
61780	1789137411988	0	585	succeeded	attempt 1 watch=297ms
61790	1789137411998	1	505	succeeded	attempt 1 watch=289ms
61808	1789137412016	2	62	succeeded	attempt 1 watch=30ms
61811	1789137412019	0	552	chunk-verified	fetch=634ms
61831	1789137412039	1	472	chunk-verified	fetch=522ms
61837	1789137412045	2	62	admit-refused	stalled read ordinal 62
61842	1789137412050	2	53	chunk-verified	fetch=226ms
61854	1789137412062	0	588	succeeded	attempt 1 watch=313ms
61854	1789137412062	1	475	chunk-verified	fetch=522ms
61857	1789137412064	0	555	chunk-verified	fetch=609ms
61873	1789137412081	2	20	chunk-verified	fetch=1006ms
61881	1789137412088	2	65	succeeded	attempt 1 watch=38ms
61896	1789137412103	2	14	chunk-verified	fetch=1093ms
61908	1789137412116	2	68	succeeded	attempt 1 watch=35ms
61913	1789137412121	0	591	succeeded	attempt 1 watch=317ms
61945	1789137412153	1	508	succeeded	attempt 1 watch=296ms
61945	1789137412153	0	558	chunk-verified	fetch=634ms
61973	1789137412180	0	594	succeeded	attempt 1 watch=347ms
61975	1789137412183	2	71	succeeded	attempt 1 watch=79ms
61976	1789137412183	2	59	admit-refused	stalled read ordinal 59
61996	1789137412203	0	597	succeeded	attempt 1 watch=354ms
61999	1789137412207	2	65	admit-refused	stalled read ordinal 65
62001	1789137412209	1	511	succeeded	attempt 1 watch=295ms
62007	1789137412215	1	478	chunk-verified	fetch=561ms
62036	1789137412244	2	11	admit-refused	stalled read ordinal 11
62036	1789137412244	2	23	admit-refused	stalled read ordinal 23
62036	1789137412244	2	41	admit-refused	stalled read ordinal 41
62037	1789137412244	2	47	admit-refused	stalled read ordinal 47
62037	1789137412245	2	32	admit-refused	stalled read ordinal 32
62037	1789137412245	2	38	admit-refused	stalled read ordinal 38
62037	1789137412245	2	26	admit-refused	stalled read ordinal 26
62038	1789137412245	2	29	admit-refused	stalled read ordinal 29
62038	1789137412245	2	35	admit-refused	stalled read ordinal 35
62038	1789137412246	2	71	admit-refused	stalled read ordinal 71
62065	1789137412273	1	514	succeeded	attempt 1 watch=339ms
62068	1789137412275	0	561	chunk-verified	fetch=661ms
62083	1789137412290	0	564	chunk-verified	fetch=653ms
62101	1789137412309	1	517	succeeded	attempt 1 watch=350ms
62102	1789137412309	2	65	admit-refused	stalled read ordinal 65
62111	1789137412319	0	600	succeeded	attempt 1 watch=300ms
62114	1789137412321	0	567	chunk-verified	fetch=653ms
62119	1789137412326	2	56	chunk-verified	fetch=452ms
62147	1789137412355	0	570	chunk-verified	fetch=633ms
62147	1789137412355	1	481	chunk-verified	fetch=648ms
62156	1789137412363	2	74	succeeded	attempt 1 watch=36ms
62157	1789137412364	2	71	admit-refused	stalled read ordinal 71
62167	1789137412375	1	520	succeeded	attempt 1 watch=336ms
62177	1789137412384	2	74	admit-refused	stalled read ordinal 74
62179	1789137412387	2	59	admit-refused	stalled read ordinal 59
62181	1789137412389	0	603	succeeded	attempt 1 watch=324ms
62185	1789137412392	1	484	chunk-verified	fetch=652ms
62190	1789137412397	1	523	succeeded	attempt 1 watch=335ms
62212	1789137412420	1	487	chunk-verified	fetch=632ms
62215	1789137412423	0	573	chunk-verified	fetch=651ms
62225	1789137412433	1	490	chunk-verified	fetch=621ms
62226	1789137412433	2	68	chunk-verified	fetch=317ms
62240	1789137412448	0	576	chunk-verified	fetch=614ms
62243	1789137412451	0	606	succeeded	attempt 1 watch=297ms
62248	1789137412455	1	493	chunk-verified	fetch=620ms
62250	1789137412458	2	62	chunk-verified	fetch=441ms
62255	1789137412463	2	77	succeeded	attempt 1 watch=29ms
62263	1789137412471	1	496	chunk-verified	fetch=602ms
62269	1789137412476	1	526	succeeded	attempt 1 watch=261ms
62273	1789137412481	2	80	succeeded	attempt 1 watch=23ms
62276	1789137412484	2	44	chunk-verified	fetch=1425ms
62302	1789137412510	1	499	chunk-verified	fetch=579ms
62326	1789137412533	0	609	succeeded	attempt 1 watch=257ms
62334	1789137412541	0	579	chunk-verified	fetch=680ms
62339	1789137412546	1	502	chunk-verified	fetch=595ms
62351	1789137412559	1	529	succeeded	attempt 1 watch=204ms
62356	1789137412564	0	582	chunk-verified	fetch=594ms
62359	1789137412566	2	83	succeeded	attempt 1 watch=82ms
62359	1789137412566	0	612	succeeded	attempt 1 watch=275ms
62361	1789137412569	1	505	chunk-verified	fetch=570ms
62390	1789137412597	2	71	admit-refused	stalled read ordinal 71
62390	1789137412598	2	83	admit-refused	stalled read ordinal 83
62391	1789137412599	0	585	chunk-verified	fetch=610ms
62408	1789137412616	0	615	succeeded	attempt 1 watch=294ms
62411	1789137412618	1	532	succeeded	attempt 1 watch=226ms
62418	1789137412626	2	77	chunk-verified	fetch=162ms
62429	1789137412637	0	618	succeeded	attempt 1 watch=282ms
62438	1789137412645	2	80	chunk-verified	fetch=164ms
62449	1789137412657	2	86	succeeded	attempt 1 watch=30ms
62463	1789137412671	0	588	chunk-verified	fetch=609ms
62466	1789137412673	1	535	succeeded	attempt 1 watch=253ms
62468	1789137412676	2	74	chunk-verified	fetch=312ms
62471	1789137412678	1	508	chunk-verified	fetch=525ms
62481	1789137412689	0	621	succeeded	attempt 1 watch=265ms
62481	1789137412689	2	89	succeeded	attempt 1 watch=43ms
62483	1789137412691	2	47	admit-refused	stalled read ordinal 47
62483	1789137412691	0	591	chunk-verified	fetch=570ms
62491	1789137412699	1	538	succeeded	attempt 1 watch=265ms
62504	1789137412711	0	624	succeeded	attempt 1 watch=263ms
62510	1789137412718	2	41	admit-refused	stalled read ordinal 41
62510	1789137412718	2	11	admit-refused	stalled read ordinal 11
62510	1789137412718	2	23	admit-refused	stalled read ordinal 23
62511	1789137412718	2	38	admit-refused	stalled read ordinal 38
62511	1789137412719	2	32	admit-refused	stalled read ordinal 32
62519	1789137412727	1	541	succeeded	attempt 1 watch=271ms
62522	1789137412729	1	511	chunk-verified	fetch=520ms
62544	1789137412751	1	544	succeeded	attempt 1 watch=280ms
62549	1789137412756	2	92	succeeded	attempt 1 watch=80ms
62549	1789137412757	2	29	admit-refused	stalled read ordinal 29
62550	1789137412757	2	26	admit-refused	stalled read ordinal 26
62550	1789137412758	2	35	admit-refused	stalled read ordinal 35
62569	1789137412776	0	594	chunk-verified	fetch=595ms
62583	1789137412791	0	597	chunk-verified	fetch=587ms
62587	1789137412795	2	86	admit-refused	stalled read ordinal 86
62591	1789137412799	0	627	succeeded	attempt 1 watch=257ms
62609	1789137412816	1	547	succeeded	attempt 1 watch=306ms
62610	1789137412818	2	89	admit-refused	stalled read ordinal 89
62610	1789137412818	2	83	admit-refused	stalled read ordinal 83
62610	1789137412818	2	92	admit-refused	stalled read ordinal 92
62610	1789137412818	2	59	admit-refused	stalled read ordinal 59
62612	1789137412819	0	630	succeeded	attempt 1 watch=255ms
62612	1789137412819	1	514	chunk-verified	fetch=546ms
62632	1789137412840	1	550	succeeded	attempt 1 watch=293ms
62632	1789137412840	2	65	chunk-verified	fetch=751ms
62640	1789137412848	1	517	chunk-verified	fetch=538ms
62653	1789137412861	0	633	succeeded	attempt 1 watch=261ms
62658	1789137412866	2	95	succeeded	attempt 1 watch=25ms
62688	1789137412895	1	553	succeeded	attempt 1 watch=326ms
62688	1789137412895	0	600	chunk-verified	fetch=576ms
62726	1789137412934	1	520	chunk-verified	fetch=558ms
62732	1789137412939	0	636	succeeded	attempt 1 watch=268ms
62737	1789137412945	0	603	chunk-verified	fetch=555ms
62752	1789137412959	1	523	chunk-verified	fetch=561ms
62757	1789137412965	1	556	succeeded	attempt 1 watch=286ms
62776	1789137412984	0	639	succeeded	attempt 1 watch=292ms
62792	1789137413000	2	71	admit-refused	stalled read ordinal 71
62793	1789137413000	2	95	chunk-verified	fetch=134ms
62813	1789137413021	0	642	succeeded	attempt 1 watch=244ms
62815	1789137413023	1	559	succeeded	attempt 1 watch=293ms
62816	1789137413023	2	86	chunk-verified	fetch=366ms
62818	1789137413026	2	98	succeeded	attempt 1 watch=25ms
62826	1789137413033	0	606	chunk-verified	fetch=582ms
62846	1789137413053	0	645	succeeded	attempt 1 watch=262ms
62850	1789137413058	0	609	chunk-verified	fetch=524ms
62850	1789137413058	2	92	chunk-verified	fetch=301ms
62853	1789137413061	2	101	succeeded	attempt 1 watch=37ms
62854	1789137413061	2	83	admit-refused	stalled read ordinal 83
62871	1789137413078	1	526	chunk-verified	fetch=602ms
62882	1789137413090	2	89	chunk-verified	fetch=401ms
62898	1789137413106	1	562	succeeded	attempt 1 watch=286ms
62915	1789137413123	2	104	succeeded	attempt 1 watch=64ms
62938	1789137413146	0	612	chunk-verified	fetch=579ms
62953	1789137413161	0	648	succeeded	attempt 1 watch=265ms
62953	1789137413161	1	565	succeeded	attempt 1 watch=313ms
62956	1789137413164	0	615	chunk-verified	fetch=547ms
62970	1789137413177	2	107	succeeded	attempt 1 watch=87ms
62984	1789137413192	0	618	chunk-verified	fetch=555ms
62987	1789137413194	1	529	chunk-verified	fetch=635ms
62997	1789137413204	0	651	succeeded	attempt 1 watch=259ms
63013	1789137413221	1	532	chunk-verified	fetch=602ms
63016	1789137413224	1	568	succeeded	attempt 1 watch=290ms
63030	1789137413237	0	621	chunk-verified	fetch=548ms
63041	1789137413249	1	535	chunk-verified	fetch=575ms
63044	1789137413252	1	571	succeeded	attempt 1 watch=292ms
63061	1789137413269	0	624	chunk-verified	fetch=557ms
63069	1789137413277	0	654	succeeded	attempt 1 watch=243ms
63096	1789137413304	1	538	chunk-verified	fetch=605ms
63104	1789137413312	2	98	chunk-verified	fetch=286ms
63110	1789137413317	1	541	chunk-verified	fetch=590ms
63122	1789137413330	1	574	succeeded	attempt 1 watch=251ms
63125	1789137413332	0	657	succeeded	attempt 1 watch=274ms
63125	1789137413332	1	544	chunk-verified	fetch=580ms
63140	1789137413348	2	110	succeeded	attempt 1 watch=35ms
63145	1789137413353	2	101	chunk-verified	fetch=291ms
63162	1789137413370	1	547	chunk-verified	fetch=553ms
63165	1789137413372	0	627	chunk-verified	fetch=573ms
63167	1789137413375	0	660	succeeded	attempt 1 watch=229ms
63175	1789137413382	2	104	chunk-verified	fetch=259ms
63199	1789137413407	0	630	chunk-verified	fetch=587ms
63199	1789137413407	1	550	chunk-verified	fetch=566ms
63213	1789137413421	2	107	chunk-verified	fetch=243ms
63216	1789137413424	0	633	chunk-verified	fetch=563ms
63227	1789137413435	0	663	succeeded	attempt 1 watch=271ms
63232	1789137413440	2	113	succeeded	attempt 1 watch=87ms
63233	1789137413440	1	577	succeeded	attempt 1 watch=246ms
63235	1789137413443	1	553	chunk-verified	fetch=547ms
63253	1789137413461	0	666	succeeded	attempt 1 watch=268ms
63253	1789137413461	1	580	succeeded	attempt 1 watch=239ms
63256	1789137413463	0	636	chunk-verified	fetch=524ms
63261	1789137413469	2	116	succeeded	attempt 1 watch=86ms
63280	1789137413487	2	119	succeeded	attempt 1 watch=66ms
63289	1789137413497	1	583	succeeded	attempt 1 watch=248ms
63304	1789137413511	0	669	succeeded	attempt 1 watch=274ms
63334	1789137413541	0	639	chunk-verified	fetch=557ms
63340	1789137413547	1	556	chunk-verified	fetch=582ms
63345	1789137413553	0	672	succeeded	attempt 1 watch=284ms
63348	1789137413556	1	586	succeeded	attempt 1 watch=251ms
63357	1789137413564	0	642	chunk-verified	fetch=543ms
63374	1789137413581	1	559	chunk-verified	fetch=558ms
63376	1789137413584	2	110	chunk-verified	fetch=236ms
63379	1789137413587	1	589	succeeded	attempt 1 watch=269ms
63415	1789137413622	2	122	succeeded	attempt 1 watch=38ms
63415	1789137413623	2	47	admit-refused	stalled read ordinal 47
63415	1789137413623	2	38	admit-refused	stalled read ordinal 38
63416	1789137413623	2	41	admit-refused	stalled read ordinal 41
63416	1789137413624	2	23	admit-refused	stalled read ordinal 23
63416	1789137413624	2	11	admit-refused	stalled read ordinal 11
63416	1789137413624	2	32	admit-refused	stalled read ordinal 32
63417	1789137413624	2	26	admit-refused	stalled read ordinal 26
63417	1789137413624	2	29	admit-refused	stalled read ordinal 29
63417	1789137413625	0	645	chunk-verified	fetch=571ms
63417	1789137413625	2	35	admit-refused	stalled read ordinal 35
63427	1789137413635	1	592	succeeded	attempt 1 watch=302ms
63444	1789137413652	2	59	admit-refused	stalled read ordinal 59
63444	1789137413652	2	122	admit-refused	stalled read ordinal 122
63467	1789137413674	0	675	succeeded	attempt 1 watch=301ms
63476	1789137413684	1	562	chunk-verified	fetch=578ms
63479	1789137413686	1	595	succeeded	attempt 1 watch=316ms
63505	1789137413712	1	598	succeeded	attempt 1 watch=305ms
63505	1789137413712	1	565	chunk-verified	fetch=551ms
63513	1789137413721	2	113	chunk-verified	fetch=280ms
63519	1789137413727	0	678	succeeded	attempt 1 watch=319ms
63527	1789137413735	0	648	chunk-verified	fetch=574ms
63542	1789137413749	2	83	chunk-verified	fetch=1183ms
63545	1789137413753	0	681	succeeded	attempt 1 watch=329ms
63548	1789137413756	2	125	succeeded	attempt 1 watch=34ms
63553	1789137413761	1	601	succeeded	attempt 1 watch=317ms
63561	1789137413769	2	116	chunk-verified	fetch=299ms
63580	1789137413787	2	128	succeeded	attempt 1 watch=37ms
63606	1789137413813	1	568	chunk-verified	fetch=589ms
63628	1789137413835	1	604	succeeded	attempt 1 watch=288ms
63630	1789137413838	0	684	succeeded	attempt 1 watch=374ms
63630	1789137413838	1	571	chunk-verified	fetch=586ms
63642	1789137413850	2	131	succeeded	attempt 1 watch=81ms
63643	1789137413851	2	122	admit-refused	stalled read ordinal 122
63660	1789137413867	0	651	chunk-verified	fetch=662ms
63680	1789137413888	2	119	chunk-verified	fetch=400ms
63683	1789137413891	0	687	succeeded	attempt 1 watch=349ms
63691	1789137413899	1	607	succeeded	attempt 1 watch=317ms
63734	1789137413942	2	134	succeeded	attempt 1 watch=54ms
63745	1789137413953	0	690	succeeded	attempt 1 watch=388ms
63745	1789137413953	1	574	chunk-verified	fetch=623ms
63771	1789137413979	2	125	chunk-verified	fetch=223ms
63777	1789137413984	0	654	chunk-verified	fetch=707ms
63795	1789137414003	1	610	succeeded	attempt 1 watch=319ms
63798	1789137414006	0	693	succeeded	attempt 1 watch=381ms
63807	1789137414015	0	657	chunk-verified	fetch=682ms
63827	1789137414035	2	137	succeeded	attempt 1 watch=55ms
63828	1789137414036	2	134	admit-refused	stalled read ordinal 134
63854	1789137414062	2	137	admit-refused	stalled read ordinal 137
63854	1789137414062	2	122	admit-refused	stalled read ordinal 122
63863	1789137414071	0	660	chunk-verified	fetch=695ms
63877	1789137414085	1	613	succeeded	attempt 1 watch=372ms
63882	1789137414090	0	696	succeeded	attempt 1 watch=354ms
63911	1789137414118	2	128	chunk-verified	fetch=331ms
63940	1789137414147	2	140	succeeded	attempt 1 watch=29ms
63941	1789137414148	2	134	admit-refused	stalled read ordinal 134
63942	1789137414150	2	71	chunk-verified	fetch=1967ms
63942	1789137414150	1	577	chunk-verified	fetch=709ms
63968	1789137414175	1	616	succeeded	attempt 1 watch=362ms
63973	1789137414180	1	580	chunk-verified	fetch=719ms
63973	1789137414180	0	663	chunk-verified	fetch=745ms
63973	1789137414180	0	666	chunk-verified	fetch=719ms
63975	1789137414183	2	131	chunk-verified	fetch=332ms
63987	1789137414195	1	583	chunk-verified	fetch=697ms
63992	1789137414200	0	699	succeeded	attempt 1 watch=332ms
63995	1789137414202	2	143	succeeded	attempt 1 watch=52ms
64012	1789137414220	2	146	succeeded	attempt 1 watch=36ms
64015	1789137414222	1	619	succeeded	attempt 1 watch=384ms
64025	1789137414232	0	669	chunk-verified	fetch=720ms
64052	1789137414260	0	672	chunk-verified	fetch=706ms
64055	1789137414262	1	586	chunk-verified	fetch=706ms
64073	1789137414281	1	622	succeeded	attempt 1 watch=327ms
64078	1789137414286	0	702	succeeded	attempt 1 watch=301ms
64081	1789137414289	1	589	chunk-verified	fetch=701ms
64102	1789137414309	1	592	chunk-verified	fetch=674ms
64107	1789137414314	2	140	chunk-verified	fetch=166ms
64121	1789137414329	1	595	chunk-verified	fetch=642ms
64124	1789137414331	0	705	succeeded	attempt 1 watch=316ms
64138	1789137414346	2	137	chunk-verified	fetch=310ms
64141	1789137414348	2	149	succeeded	attempt 1 watch=33ms
64143	1789137414351	1	598	chunk-verified	fetch=638ms
64161	1789137414369	0	708	succeeded	attempt 1 watch=297ms
64164	1789137414372	1	625	succeeded	attempt 1 watch=221ms
64164	1789137414372	1	601	chunk-verified	fetch=610ms
64164	1789137414372	0	675	chunk-verified	fetch=697ms
64175	1789137414383	2	152	succeeded	attempt 1 watch=36ms
64186	1789137414394	0	678	chunk-verified	fetch=667ms
64224	1789137414431	2	149	admit-refused	stalled read ordinal 149
64224	1789137414431	2	134	admit-refused	stalled read ordinal 134
64224	1789137414431	2	152	admit-refused	stalled read ordinal 152
64226	1789137414433	1	628	succeeded	attempt 1 watch=252ms
64228	1789137414436	0	714	succeeded	attempt 1 watch=255ms
64233	1789137414441	0	681	chunk-verified	fetch=688ms
64244	1789137414452	0	684	chunk-verified	fetch=613ms
64254	1789137414462	1	631	succeeded	attempt 1 watch=267ms
64257	1789137414464	2	122	admit-refused	stalled read ordinal 122
64259	1789137414467	2	143	chunk-verified	fetch=264ms
64264	1789137414472	0	711	succeeded	attempt 1 watch=291ms
64286	1789137414494	2	146	chunk-verified	fetch=274ms
64291	1789137414499	1	604	chunk-verified	fetch=663ms
64294	1789137414502	2	155	succeeded	attempt 1 watch=34ms
64325	1789137414533	0	717	succeeded	attempt 1 watch=300ms
64325	1789137414533	1	634	succeeded	attempt 1 watch=270ms
64328	1789137414536	2	158	succeeded	attempt 1 watch=41ms
64328	1789137414536	1	607	chunk-verified	fetch=636ms
64328	1789137414536	0	687	chunk-verified	fetch=644ms
64345	1789137414552	0	720	succeeded	attempt 1 watch=292ms
64375	1789137414582	1	637	succeeded	attempt 1 watch=293ms
64375	1789137414582	0	690	chunk-verified	fetch=629ms
64407	1789137414615	1	640	succeeded	attempt 1 watch=305ms
64407	1789137414615	1	610	chunk-verified	fetch=611ms
64407	1789137414615	0	693	chunk-verified	fetch=608ms
64431	1789137414639	1	643	succeeded	attempt 1 watch=310ms
64436	1789137414644	2	155	chunk-verified	fetch=142ms
64444	1789137414652	0	723	succeeded	attempt 1 watch=279ms
64467	1789137414675	1	646	succeeded	attempt 1 watch=324ms
64468	1789137414675	2	161	succeeded	attempt 1 watch=31ms
64471	1789137414678	2	149	chunk-verified	fetch=330ms
64473	1789137414681	1	613	chunk-verified	fetch=596ms
64482	1789137414689	0	726	succeeded	attempt 1 watch=295ms
64496	1789137414704	2	152	chunk-verified	fetch=321ms
64523	1789137414731	2	158	chunk-verified	fetch=194ms
64526	1789137414734	0	696	chunk-verified	fetch=643ms
64528	1789137414736	2	164	succeeded	attempt 1 watch=57ms
64531	1789137414739	0	729	succeeded	attempt 1 watch=297ms
64534	1789137414741	1	649	succeeded	attempt 1 watch=369ms
64550	1789137414757	0	732	succeeded	attempt 1 watch=305ms
64552	1789137414760	2	167	succeeded	attempt 1 watch=56ms
64558	1789137414765	1	616	chunk-verified	fetch=589ms
64570	1789137414778	2	161	chunk-verified	fetch=102ms
64578	1789137414785	2	170	succeeded	attempt 1 watch=54ms
64603	1789137414811	1	652	succeeded	attempt 1 watch=311ms
64603	1789137414811	0	699	chunk-verified	fetch=611ms
64605	1789137414813	1	619	chunk-verified	fetch=590ms
64624	1789137414832	0	735	succeeded	attempt 1 watch=296ms
64633	1789137414840	2	173	succeeded	attempt 1 watch=62ms
64650	1789137414857	1	655	succeeded	attempt 1 watch=321ms
64671	1789137414879	0	702	chunk-verified	fetch=593ms
64679	1789137414887	0	738	succeeded	attempt 1 watch=304ms
64681	1789137414888	2	173	admit-refused	stalled read ordinal 173
64682	1789137414889	1	622	chunk-verified	fetch=608ms
64695	1789137414903	2	164	chunk-verified	fetch=166ms
64710	1789137414917	1	658	succeeded	attempt 1 watch=302ms
64712	1789137414920	0	705	chunk-verified	fetch=588ms
64720	1789137414927	0	741	succeeded	attempt 1 watch=312ms
64732	1789137414940	2	167	chunk-verified	fetch=179ms
64735	1789137414942	2	176	succeeded	attempt 1 watch=39ms
64754	1789137414962	2	170	chunk-verified	fetch=176ms
64767	1789137414974	0	708	chunk-verified	fetch=605ms
64778	1789137414985	2	179	succeeded	attempt 1 watch=45ms
64789	1789137414996	2	134	chunk-verified	fetch=1054ms
64814	1789137415022	0	714	chunk-verified	fetch=586ms
64817	1789137415025	0	744	succeeded	attempt 1 watch=291ms
64822	1789137415030	2	182	succeeded	attempt 1 watch=68ms
64825	1789137415033	1	661	succeeded	attempt 1 watch=351ms
64852	1789137415059	1	625	chunk-verified	fetch=687ms
64872	1789137415080	1	664	succeeded	attempt 1 watch=314ms
64884	1789137415092	1	628	chunk-verified	fetch=658ms
64887	1789137415095	2	185	succeeded	attempt 1 watch=98ms
64894	1789137415102	0	747	succeeded	attempt 1 watch=291ms
64894	1789137415102	0	711	chunk-verified	fetch=630ms
64921	1789137415128	1	631	chunk-verified	fetch=666ms
64929	1789137415137	0	717	chunk-verified	fetch=603ms
64932	1789137415139	2	176	chunk-verified	fetch=197ms
64935	1789137415142	1	667	succeeded	attempt 1 watch=329ms
64966	1789137415174	0	750	succeeded	attempt 1 watch=294ms
64969	1789137415177	0	720	chunk-verified	fetch=624ms
64969	1789137415177	1	634	chunk-verified	fetch=643ms
64979	1789137415187	2	179	chunk-verified	fetch=201ms
64995	1789137415203	1	670	succeeded	attempt 1 watch=313ms
64995	1789137415203	1	637	chunk-verified	fetch=620ms
65000	1789137415208	2	173	chunk-verified	fetch=367ms
65000	1789137415208	2	188	succeeded	attempt 1 watch=68ms
65019	1789137415227	0	753	succeeded	attempt 1 watch=306ms
65028	1789137415235	2	182	chunk-verified	fetch=205ms
65028	1789137415235	2	191	succeeded	attempt 1 watch=48ms
65049	1789137415256	2	185	chunk-verified	fetch=161ms
65054	1789137415261	1	646	chunk-verified	fetch=586ms
65054	1789137415261	2	194	succeeded	attempt 1 watch=53ms
65065	1789137415273	1	640	chunk-verified	fetch=658ms
65078	1789137415286	1	673	succeeded	attempt 1 watch=226ms
65081	1789137415289	0	723	chunk-verified	fetch=637ms
65087	1789137415294	0	756	succeeded	attempt 1 watch=320ms
65092	1789137415300	1	649	chunk-verified	fetch=558ms
65114	1789137415321	2	197	succeeded	attempt 1 watch=86ms
65115	1789137415322	1	643	chunk-verified	fetch=683ms
65117	1789137415325	0	759	succeeded	attempt 1 watch=302ms
65125	1789137415333	0	726	chunk-verified	fetch=643ms
65131	1789137415338	1	676	succeeded	attempt 1 watch=246ms
65150	1789137415357	1	679	succeeded	attempt 1 watch=229ms
65163	1789137415371	2	200	succeeded	attempt 1 watch=114ms
65171	1789137415378	1	652	chunk-verified	fetch=567ms
65186	1789137415394	0	762	succeeded	attempt 1 watch=291ms
65189	1789137415396	0	729	chunk-verified	fetch=657ms
65209	1789137415417	0	732	chunk-verified	fetch=659ms
65211	1789137415419	2	38	admit-refused	stalled read ordinal 38
65211	1789137415419	2	11	admit-refused	stalled read ordinal 11
65212	1789137415419	2	47	admit-refused	stalled read ordinal 47
65212	1789137415419	2	32	admit-refused	stalled read ordinal 32
65212	1789137415420	2	35	admit-refused	stalled read ordinal 35
65212	1789137415420	2	29	admit-refused	stalled read ordinal 29
65228	1789137415436	1	682	succeeded	attempt 1 watch=259ms
65245	1789137415453	1	655	chunk-verified	fetch=595ms
65245	1789137415453	2	191	admit-refused	stalled read ordinal 191
65245	1789137415453	2	59	admit-refused	stalled read ordinal 59
65253	1789137415461	0	765	succeeded	attempt 1 watch=324ms
65267	1789137415475	2	194	admit-refused	stalled read ordinal 194
65268	1789137415475	2	122	admit-refused	stalled read ordinal 122
65268	1789137415476	2	197	admit-refused	stalled read ordinal 197
65268	1789137415476	2	200	admit-refused	stalled read ordinal 200
65282	1789137415490	1	685	succeeded	attempt 1 watch=287ms
65288	1789137415495	0	735	chunk-verified	fetch=663ms
65295	1789137415503	2	188	chunk-verified	fetch=294ms
65308	1789137415516	1	688	succeeded	attempt 1 watch=254ms
65311	1789137415518	0	738	chunk-verified	fetch=631ms
65320	1789137415528	1	658	chunk-verified	fetch=610ms
65333	1789137415540	2	203	succeeded	attempt 1 watch=37ms
65340	1789137415548	2	41	chunk-verified	fetch=4321ms
65350	1789137415558	0	741	chunk-verified	fetch=630ms
65350	1789137415558	1	661	chunk-verified	fetch=525ms
65353	1789137415560	1	691	succeeded	attempt 1 watch=287ms
65374	1789137415582	2	26	chunk-verified	fetch=4383ms
65401	1789137415609	2	206	succeeded	attempt 1 watch=61ms
65401	1789137415609	2	23	chunk-verified	fetch=4504ms
65402	1789137415610	2	203	admit-refused	stalled read ordinal 203
65413	1789137415620	0	744	chunk-verified	fetch=595ms
65415	1789137415623	1	694	succeeded	attempt 1 watch=322ms
65428	1789137415636	2	209	succeeded	attempt 1 watch=54ms
65433	1789137415640	0	762	admit-refused	stalled read ordinal 762
65433	1789137415641	0	765	admit-refused	stalled read ordinal 765
65436	1789137415644	1	697	succeeded	attempt 1 watch=321ms
65449	1789137415657	0	747	chunk-verified	fetch=554ms
65455	1789137415662	1	664	chunk-verified	fetch=582ms
65460	1789137415668	2	212	succeeded	attempt 1 watch=58ms
65483	1789137415691	0	750	chunk-verified	fetch=516ms
65488	1789137415696	2	191	chunk-verified	fetch=460ms
65491	1789137415699	0	753	chunk-verified	fetch=471ms
65499	1789137415707	0	756	chunk-verified	fetch=412ms
65517	1789137415725	0	759	chunk-verified	fetch=400ms
65523	1789137415731	1	700	succeeded	attempt 1 watch=352ms
65548	1789137415755	1	667	chunk-verified	fetch=613ms
65567	1789137415774	2	215	succeeded	attempt 1 watch=78ms
65567	1789137415774	1	703	succeeded	attempt 1 watch=321ms
65568	1789137415776	2	209	admit-refused	stalled read ordinal 209
65568	1789137415776	2	212	admit-refused	stalled read ordinal 212
65568	1789137415776	2	203	admit-refused	stalled read ordinal 203
65569	1789137415777	2	197	chunk-verified	fetch=455ms
65582	1789137415790	0	765	chunk-verified	fetch=328ms
65605	1789137415813	0	762	chunk-verified	fetch=418ms
65605	1789137415813	2	200	chunk-verified	fetch=441ms
65613	1789137415821	1	670	chunk-verified	fetch=617ms
65626	1789137415834	2	218	succeeded	attempt 1 watch=56ms
65627	1789137415834	2	215	admit-refused	stalled read ordinal 215
65629	1789137415836	2	194	chunk-verified	fetch=575ms
65649	1789137415857	1	706	succeeded	attempt 1 watch=328ms
65652	1789137415860	2	221	succeeded	attempt 1 watch=47ms
65679	1789137415886	1	709	succeeded	attempt 1 watch=328ms
65687	1789137415894	0	-1	scope-pages	1 pages
65698	1789137415905	2	224	succeeded	attempt 1 watch=68ms
65735	1789137415943	1	673	chunk-verified	fetch=657ms
65738	1789137415946	2	206	chunk-verified	fetch=336ms
65742	1789137415949	2	209	admit-refused	stalled read ordinal 209
65759	1789137415967	0	-1	checkpoint	declared 256
65767	1789137415975	2	227	succeeded	attempt 1 watch=29ms
65768	1789137415976	2	224	admit-refused	stalled read ordinal 224
65768	1789137415976	2	215	admit-refused	stalled read ordinal 215
65773	1789137415980	1	712	succeeded	attempt 1 watch=317ms
65797	1789137416005	2	203	admit-refused	stalled read ordinal 203
65802	1789137416010	1	679	chunk-verified	fetch=652ms
65805	1789137416013	2	218	chunk-verified	fetch=178ms
65806	1789137416014	0	-1	complete	declared 256
65807	1789137416014	0	-1	commits	256 chunks
65820	1789137416028	2	230	succeeded	attempt 1 watch=15ms
65823	1789137416031	1	715	succeeded	attempt 1 watch=275ms
65829	1789137416036	1	676	chunk-verified	fetch=697ms
65829	1789137416036	2	221	chunk-verified	fetch=176ms
65837	1789137416045	1	682	chunk-verified	fetch=608ms
65854	1789137416062	2	212	chunk-verified	fetch=393ms
65875	1789137416083	2	233	succeeded	attempt 1 watch=46ms
65876	1789137416083	2	230	admit-refused	stalled read ordinal 230
65878	1789137416086	1	685	chunk-verified	fetch=595ms
65881	1789137416089	1	718	succeeded	attempt 1 watch=267ms
65886	1789137416094	0	-1	session-close	
65894	1789137416102	2	236	succeeded	attempt 1 watch=40ms
65913	1789137416120	1	688	chunk-verified	fetch=604ms
65921	1789137416129	2	227	chunk-verified	fetch=153ms
65954	1789137416162	1	721	succeeded	attempt 1 watch=218ms
65954	1789137416162	1	691	chunk-verified	fetch=601ms
65980	1789137416188	2	239	succeeded	attempt 1 watch=58ms
65980	1789137416188	1	694	chunk-verified	fetch=564ms
65982	1789137416190	2	209	admit-refused	stalled read ordinal 209
65988	1789137416196	1	697	chunk-verified	fetch=552ms
66003	1789137416210	2	230	admit-refused	stalled read ordinal 230
66003	1789137416211	2	239	admit-refused	stalled read ordinal 239
66005	1789137416212	1	724	succeeded	attempt 1 watch=202ms
66005	1789137416212	1	700	chunk-verified	fetch=481ms
66024	1789137416232	2	224	chunk-verified	fetch=326ms
66034	1789137416242	1	727	succeeded	attempt 1 watch=205ms
66050	1789137416258	2	242	succeeded	attempt 1 watch=25ms
66050	1789137416258	2	233	chunk-verified	fetch=174ms
66056	1789137416263	1	730	succeeded	attempt 1 watch=218ms
66069	1789137416277	2	236	chunk-verified	fetch=174ms
66074	1789137416282	2	245	succeeded	attempt 1 watch=24ms
66074	1789137416282	1	733	succeeded	attempt 1 watch=195ms
66085	1789137416292	1	703	chunk-verified	fetch=518ms
66117	1789137416324	2	248	succeeded	attempt 1 watch=47ms
66122	1789137416330	1	736	succeeded	attempt 1 watch=209ms
66125	1789137416333	1	706	chunk-verified	fetch=476ms
66138	1789137416346	1	739	succeeded	attempt 1 watch=184ms
66142	1789137416349	2	242	admit-refused	stalled read ordinal 242
66155	1789137416362	1	709	chunk-verified	fetch=475ms
66163	1789137416371	2	245	admit-refused	stalled read ordinal 245
66163	1789137416371	2	239	admit-refused	stalled read ordinal 239
66164	1789137416371	2	248	admit-refused	stalled read ordinal 248
66176	1789137416384	1	742	succeeded	attempt 1 watch=196ms
66186	1789137416394	1	712	chunk-verified	fetch=413ms
66194	1789137416402	1	745	succeeded	attempt 1 watch=206ms
66200	1789137416408	2	203	admit-refused	stalled read ordinal 203
66206	1789137416413	2	230	admit-refused	stalled read ordinal 230
66219	1789137416427	1	748	succeeded	attempt 1 watch=214ms
66245	1789137416453	2	242	admit-refused	stalled read ordinal 242
66248	1789137416455	1	715	chunk-verified	fetch=424ms
66267	1789137416474	2	248	admit-refused	stalled read ordinal 248
66267	1789137416474	2	245	admit-refused	stalled read ordinal 245
66283	1789137416490	1	751	succeeded	attempt 1 watch=197ms
66308	1789137416516	1	754	succeeded	attempt 1 watch=182ms
66311	1789137416518	1	718	chunk-verified	fetch=429ms
66338	1789137416545	1	757	succeeded	attempt 1 watch=183ms
66364	1789137416572	1	721	chunk-verified	fetch=409ms
66366	1789137416573	2	239	admit-refused	stalled read ordinal 239
66366	1789137416574	1	760	succeeded	attempt 1 watch=179ms
66385	1789137416592	2	209	admit-refused	stalled read ordinal 209
66408	1789137416616	1	724	chunk-verified	fetch=403ms
66411	1789137416619	1	763	succeeded	attempt 1 watch=163ms
66420	1789137416628	1	727	chunk-verified	fetch=385ms
66437	1789137416644	1	730	chunk-verified	fetch=380ms
66445	1789137416653	1	733	chunk-verified	fetch=370ms
66449	1789137416656	2	242	admit-refused	stalled read ordinal 242
66456	1789137416663	1	736	chunk-verified	fetch=333ms
66461	1789137416669	1	766	succeeded	attempt 1 watch=150ms
66469	1789137416677	2	248	admit-refused	stalled read ordinal 248
66469	1789137416677	2	245	admit-refused	stalled read ordinal 245
66492	1789137416700	1	739	chunk-verified	fetch=353ms
66497	1789137416705	1	742	chunk-verified	fetch=320ms
66522	1789137416730	1	745	chunk-verified	fetch=328ms
66531	1789137416739	1	763	admit-refused	stalled read ordinal 763
66531	1789137416739	1	766	admit-refused	stalled read ordinal 766
66535	1789137416743	1	748	chunk-verified	fetch=315ms
66545	1789137416753	1	751	chunk-verified	fetch=262ms
66555	1789137416762	1	757	chunk-verified	fetch=216ms
66561	1789137416769	2	215	chunk-verified	fetch=994ms
66569	1789137416777	1	760	chunk-verified	fetch=202ms
66575	1789137416782	2	251	succeeded	attempt 1 watch=13ms
66606	1789137416814	1	754	chunk-verified	fetch=298ms
66634	1789137416842	2	251	chunk-verified	fetch=59ms
66642	1789137416849	2	230	chunk-verified	fetch=821ms
66655	1789137416863	1	763	chunk-verified	fetch=243ms
66657	1789137416865	2	254	succeeded	attempt 1 watch=23ms
66668	1789137416875	1	766	chunk-verified	fetch=206ms
66676	1789137416883	2	257	succeeded	attempt 1 watch=33ms
66722	1789137416929	1	-1	scope-pages	1 pages
66751	1789137416959	2	254	chunk-verified	fetch=93ms
66759	1789137416967	2	257	chunk-verified	fetch=83ms
66765	1789137416972	2	260	succeeded	attempt 1 watch=13ms
66781	1789137416989	1	-1	checkpoint	declared 256
66781	1789137416989	2	263	succeeded	attempt 1 watch=21ms
66810	1789137417018	2	263	admit-refused	stalled read ordinal 263
66828	1789137417036	1	-1	complete	declared 256
66828	1789137417036	1	-1	commits	256 chunks
66853	1789137417060	2	242	admit-refused	stalled read ordinal 242
66870	1789137417078	2	122	admit-refused	stalled read ordinal 122
66872	1789137417079	2	248	admit-refused	stalled read ordinal 248
66872	1789137417080	2	245	admit-refused	stalled read ordinal 245
66907	1789137417115	1	-1	session-close	
66914	1789137417122	2	263	admit-refused	stalled read ordinal 263
66966	1789137417173	2	260	chunk-verified	fetch=200ms
66973	1789137417181	2	239	chunk-verified	fetch=992ms
66978	1789137417186	2	266	succeeded	attempt 1 watch=12ms
66987	1789137417195	2	269	succeeded	attempt 1 watch=14ms
67020	1789137417228	2	266	chunk-verified	fetch=41ms
67030	1789137417237	2	272	succeeded	attempt 1 watch=9ms
67072	1789137417280	2	269	chunk-verified	fetch=85ms
67081	1789137417288	2	203	chunk-verified	fetch=1747ms
67089	1789137417297	2	275	succeeded	attempt 1 watch=16ms
67098	1789137417306	2	272	chunk-verified	fetch=68ms
67103	1789137417311	2	278	succeeded	attempt 1 watch=22ms
67121	1789137417329	2	281	succeeded	attempt 1 watch=23ms
67156	1789137417364	2	275	chunk-verified	fetch=67ms
67164	1789137417372	2	278	chunk-verified	fetch=60ms
67175	1789137417383	2	284	succeeded	attempt 1 watch=18ms
67186	1789137417394	2	263	chunk-verified	fetch=404ms
67189	1789137417397	2	287	succeeded	attempt 1 watch=24ms
67194	1789137417402	2	281	chunk-verified	fetch=72ms
67208	1789137417416	2	290	succeeded	attempt 1 watch=22ms
67226	1789137417434	2	293	succeeded	attempt 1 watch=32ms
67249	1789137417457	2	293	admit-refused	stalled read ordinal 293
67253	1789137417461	2	284	chunk-verified	fetch=78ms
67265	1789137417473	2	296	succeeded	attempt 1 watch=12ms
67273	1789137417481	2	209	chunk-verified	fetch=1844ms
67294	1789137417501	2	287	chunk-verified	fetch=104ms
67297	1789137417504	2	299	succeeded	attempt 1 watch=23ms
67304	1789137417512	2	290	chunk-verified	fetch=95ms
67315	1789137417522	2	302	succeeded	attempt 1 watch=21ms
67327	1789137417535	2	296	chunk-verified	fetch=61ms
67338	1789137417546	2	305	succeeded	attempt 1 watch=34ms
67356	1789137417564	2	308	succeeded	attempt 1 watch=29ms
67379	1789137417587	2	308	admit-refused	stalled read ordinal 308
67384	1789137417591	2	299	chunk-verified	fetch=87ms
67393	1789137417601	2	311	succeeded	attempt 1 watch=9ms
67401	1789137417609	2	302	chunk-verified	fetch=86ms
67420	1789137417628	2	305	chunk-verified	fetch=81ms
67426	1789137417634	2	314	succeeded	attempt 1 watch=24ms
67436	1789137417643	2	293	chunk-verified	fetch=209ms
67444	1789137417651	2	317	succeeded	attempt 1 watch=23ms
67462	1789137417670	2	311	chunk-verified	fetch=69ms
67468	1789137417676	2	320	succeeded	attempt 1 watch=32ms
67485	1789137417693	2	323	succeeded	attempt 1 watch=22ms
67498	1789137417705	2	314	chunk-verified	fetch=71ms
67517	1789137417725	2	326	succeeded	attempt 1 watch=19ms
67525	1789137417733	2	317	chunk-verified	fetch=81ms
67541	1789137417749	2	320	chunk-verified	fetch=73ms
67549	1789137417757	2	329	succeeded	attempt 1 watch=23ms
67552	1789137417759	2	308	chunk-verified	fetch=195ms
67562	1789137417770	2	332	succeeded	attempt 1 watch=21ms
67573	1789137417780	2	323	chunk-verified	fetch=87ms
67580	1789137417788	2	326	chunk-verified	fetch=63ms
67586	1789137417793	2	335	succeeded	attempt 1 watch=34ms
67602	1789137417810	2	338	succeeded	attempt 1 watch=29ms
67610	1789137417818	2	341	succeeded	attempt 1 watch=29ms
67626	1789137417834	2	329	chunk-verified	fetch=77ms
67649	1789137417856	2	332	chunk-verified	fetch=86ms
67654	1789137417862	2	344	succeeded	attempt 1 watch=28ms
67666	1789137417873	2	347	succeeded	attempt 1 watch=16ms
67676	1789137417884	2	335	chunk-verified	fetch=90ms
67695	1789137417903	2	338	chunk-verified	fetch=93ms
67701	1789137417908	2	341	chunk-verified	fetch=90ms
67708	1789137417916	2	350	succeeded	attempt 1 watch=32ms
67720	1789137417928	2	353	succeeded	attempt 1 watch=24ms
67721	1789137417929	2	245	admit-refused	stalled read ordinal 245
67738	1789137417946	2	344	chunk-verified	fetch=84ms
67738	1789137417946	2	356	succeeded	attempt 1 watch=37ms
67760	1789137417968	2	242	chunk-verified	fetch=1709ms
67777	1789137417985	2	347	chunk-verified	fetch=111ms
67783	1789137417991	2	359	succeeded	attempt 1 watch=44ms
67792	1789137417999	2	248	chunk-verified	fetch=1675ms
67804	1789137418011	2	362	succeeded	attempt 1 watch=43ms
67815	1789137418023	2	365	succeeded	attempt 1 watch=37ms
67823	1789137418031	2	350	chunk-verified	fetch=114ms
67839	1789137418047	2	353	chunk-verified	fetch=118ms
67842	1789137418050	2	368	succeeded	attempt 1 watch=50ms
67875	1789137418083	2	356	chunk-verified	fetch=136ms
67880	1789137418088	2	371	succeeded	attempt 1 watch=56ms
67892	1789137418099	2	374	succeeded	attempt 1 watch=52ms
67911	1789137418118	2	359	chunk-verified	fetch=127ms
67916	1789137418124	2	377	succeeded	attempt 1 watch=41ms
67933	1789137418140	2	362	chunk-verified	fetch=128ms
67954	1789137418162	2	380	succeeded	attempt 1 watch=43ms
67962	1789137418170	2	365	chunk-verified	fetch=147ms
67978	1789137418186	2	368	chunk-verified	fetch=136ms
67986	1789137418194	2	383	succeeded	attempt 1 watch=53ms
68000	1789137418207	2	371	chunk-verified	fetch=119ms
68010	1789137418218	2	386	succeeded	attempt 1 watch=47ms
68021	1789137418228	2	374	chunk-verified	fetch=129ms
68028	1789137418236	2	389	succeeded	attempt 1 watch=50ms
68048	1789137418255	2	377	chunk-verified	fetch=131ms
68053	1789137418261	2	392	succeeded	attempt 1 watch=53ms
68072	1789137418280	2	380	chunk-verified	fetch=117ms
68077	1789137418285	2	395	succeeded	attempt 1 watch=56ms
68098	1789137418305	2	398	succeeded	attempt 1 watch=49ms
68117	1789137418324	2	383	chunk-verified	fetch=130ms
68123	1789137418330	2	401	succeeded	attempt 1 watch=50ms
68149	1789137418356	2	404	succeeded	attempt 1 watch=31ms
68157	1789137418365	2	395	admit-refused	stalled read ordinal 395
68157	1789137418365	2	398	admit-refused	stalled read ordinal 398
68166	1789137418374	2	401	admit-refused	stalled read ordinal 401
68166	1789137418374	2	404	admit-refused	stalled read ordinal 404
68185	1789137418393	2	386	chunk-verified	fetch=175ms
68193	1789137418401	2	389	chunk-verified	fetch=164ms
68201	1789137418409	2	407	succeeded	attempt 1 watch=15ms
68212	1789137418420	2	392	chunk-verified	fetch=159ms
68215	1789137418423	2	410	succeeded	attempt 1 watch=21ms
68232	1789137418440	2	413	succeeded	attempt 1 watch=19ms
68250	1789137418458	2	410	admit-refused	stalled read ordinal 410
68250	1789137418458	2	413	admit-refused	stalled read ordinal 413
68269	1789137418477	2	404	admit-refused	stalled read ordinal 404
68273	1789137418481	2	407	chunk-verified	fetch=71ms
68282	1789137418490	2	416	succeeded	attempt 1 watch=9ms
68292	1789137418499	2	416	admit-refused	stalled read ordinal 416
68314	1789137418521	2	395	chunk-verified	fetch=236ms
68328	1789137418536	2	419	succeeded	attempt 1 watch=14ms
68333	1789137418541	2	398	chunk-verified	fetch=235ms
68352	1789137418559	2	422	succeeded	attempt 1 watch=18ms
68352	1789137418559	2	401	chunk-verified	fetch=228ms
68361	1789137418569	2	425	succeeded	attempt 1 watch=9ms
68387	1789137418595	2	425	admit-refused	stalled read ordinal 425
68392	1789137418599	2	419	chunk-verified	fetch=63ms
68404	1789137418611	2	428	succeeded	attempt 1 watch=12ms
68404	1789137418612	2	416	admit-refused	stalled read ordinal 416
68412	1789137418619	2	410	chunk-verified	fetch=196ms
68431	1789137418638	2	413	chunk-verified	fetch=198ms
68436	1789137418644	2	431	succeeded	attempt 1 watch=24ms
68451	1789137418659	2	434	succeeded	attempt 1 watch=20ms
68453	1789137418661	2	422	chunk-verified	fetch=101ms
68462	1789137418669	2	11	admit-refused	stalled read ordinal 11
68462	1789137418670	2	29	admit-refused	stalled read ordinal 29
68462	1789137418670	2	35	admit-refused	stalled read ordinal 35
68462	1789137418670	2	32	admit-refused	stalled read ordinal 32
68489	1789137418697	2	437	succeeded	attempt 1 watch=35ms
68490	1789137418697	2	59	admit-refused	stalled read ordinal 59
68490	1789137418698	2	434	admit-refused	stalled read ordinal 434
68492	1789137418699	2	428	chunk-verified	fetch=88ms
68503	1789137418711	2	404	admit-refused	stalled read ordinal 404
68503	1789137418711	2	425	admit-refused	stalled read ordinal 425
68510	1789137418718	2	38	chunk-verified	fetch=7442ms
68518	1789137418726	2	440	succeeded	attempt 1 watch=26ms
68519	1789137418726	2	437	admit-refused	stalled read ordinal 437
68532	1789137418740	2	47	chunk-verified	fetch=7701ms
68535	1789137418743	2	443	succeeded	attempt 1 watch=24ms
68549	1789137418756	2	431	chunk-verified	fetch=112ms
68558	1789137418765	2	446	succeeded	attempt 1 watch=25ms
68575	1789137418783	2	449	succeeded	attempt 1 watch=26ms
68596	1789137418804	2	434	admit-refused	stalled read ordinal 434
68600	1789137418807	2	440	chunk-verified	fetch=81ms
68608	1789137418816	2	452	succeeded	attempt 1 watch=8ms
68609	1789137418817	2	416	admit-refused	stalled read ordinal 416
68618	1789137418826	2	452	admit-refused	stalled read ordinal 452
68622	1789137418829	2	437	admit-refused	stalled read ordinal 437
68645	1789137418853	2	443	chunk-verified	fetch=109ms
68648	1789137418856	2	446	chunk-verified	fetch=90ms
68659	1789137418866	2	455	succeeded	attempt 1 watch=13ms
68669	1789137418877	2	449	chunk-verified	fetch=93ms
68675	1789137418882	2	458	succeeded	attempt 1 watch=26ms
68692	1789137418899	2	461	succeeded	attempt 1 watch=22ms
68720	1789137418928	2	452	admit-refused	stalled read ordinal 452
68728	1789137418936	2	455	chunk-verified	fetch=69ms
68731	1789137418938	2	458	chunk-verified	fetch=55ms
68743	1789137418951	2	464	succeeded	attempt 1 watch=15ms
68749	1789137418956	2	461	chunk-verified	fetch=56ms
68756	1789137418964	2	467	succeeded	attempt 1 watch=25ms
68762	1789137418969	2	425	chunk-verified	fetch=400ms
68775	1789137418983	2	470	succeeded	attempt 1 watch=26ms
68792	1789137419000	2	473	succeeded	attempt 1 watch=30ms
68813	1789137419021	2	434	admit-refused	stalled read ordinal 434
68818	1789137419025	2	464	chunk-verified	fetch=74ms
68834	1789137419042	2	476	succeeded	attempt 1 watch=16ms
68842	1789137419050	2	467	chunk-verified	fetch=86ms
68859	1789137419067	2	470	chunk-verified	fetch=83ms
68864	1789137419072	2	479	succeeded	attempt 1 watch=21ms
68872	1789137419080	2	473	chunk-verified	fetch=79ms
68882	1789137419090	2	482	succeeded	attempt 1 watch=23ms
68896	1789137419103	2	437	chunk-verified	fetch=406ms
68901	1789137419109	2	476	chunk-verified	fetch=66ms
68909	1789137419117	2	485	succeeded	attempt 1 watch=37ms
68927	1789137419134	2	488	succeeded	attempt 1 watch=30ms
68936	1789137419143	2	491	succeeded	attempt 1 watch=34ms
68955	1789137419163	2	479	chunk-verified	fetch=90ms
68980	1789137419187	2	482	chunk-verified	fetch=97ms
68987	1789137419195	2	494	succeeded	attempt 1 watch=32ms
68988	1789137419196	2	491	admit-refused	stalled read ordinal 491
68998	1789137419206	2	404	chunk-verified	fetch=849ms
69006	1789137419214	2	497	succeeded	attempt 1 watch=26ms
69016	1789137419223	2	485	chunk-verified	fetch=106ms
69037	1789137419245	2	452	chunk-verified	fetch=428ms
69042	1789137419250	2	500	succeeded	attempt 1 watch=44ms
69045	1789137419253	2	488	chunk-verified	fetch=118ms
69062	1789137419270	2	503	succeeded	attempt 1 watch=46ms
69071	1789137419279	2	506	succeeded	attempt 1 watch=33ms
69090	1789137419298	2	494	chunk-verified	fetch=102ms
69096	1789137419303	2	509	succeeded	attempt 1 watch=50ms
69124	1789137419332	2	497	chunk-verified	fetch=118ms
69132	1789137419339	2	512	succeeded	attempt 1 watch=41ms
69143	1789137419350	2	416	chunk-verified	fetch=860ms
69150	1789137419358	2	500	chunk-verified	fetch=107ms
69167	1789137419374	2	515	succeeded	attempt 1 watch=42ms
69180	1789137419387	2	503	chunk-verified	fetch=117ms
69196	1789137419403	2	506	chunk-verified	fetch=124ms
69198	1789137419406	2	518	succeeded	attempt 1 watch=55ms
69206	1789137419414	2	491	chunk-verified	fetch=270ms
69211	1789137419419	2	521	succeeded	attempt 1 watch=61ms
69230	1789137419438	2	509	chunk-verified	fetch=134ms
69235	1789137419443	2	524	succeeded	attempt 1 watch=55ms
69244	1789137419452	2	527	succeeded	attempt 1 watch=48ms
69263	1789137419471	2	512	chunk-verified	fetch=131ms
69268	1789137419476	2	530	succeeded	attempt 1 watch=62ms
69288	1789137419496	2	533	succeeded	attempt 1 watch=58ms
69307	1789137419514	2	515	chunk-verified	fetch=139ms
69323	1789137419530	2	536	succeeded	attempt 1 watch=59ms
69341	1789137419549	2	518	chunk-verified	fetch=143ms
69358	1789137419565	2	539	succeeded	attempt 1 watch=51ms
69365	1789137419573	2	521	chunk-verified	fetch=154ms
69374	1789137419581	2	530	admit-refused	stalled read ordinal 530
69384	1789137419591	2	434	chunk-verified	fetch=932ms
69392	1789137419599	2	542	succeeded	attempt 1 watch=50ms
69392	1789137419600	2	245	admit-refused	stalled read ordinal 245
69403	1789137419611	2	524	chunk-verified	fetch=167ms
69413	1789137419621	2	527	chunk-verified	fetch=169ms
69430	1789137419637	2	533	chunk-verified	fetch=141ms
69432	1789137419640	2	545	succeeded	attempt 1 watch=66ms
69446	1789137419654	2	548	succeeded	attempt 1 watch=62ms
69465	1789137419673	2	536	chunk-verified	fetch=142ms
69471	1789137419678	2	551	succeeded	attempt 1 watch=67ms
69479	1789137419687	2	554	succeeded	attempt 1 watch=65ms
69488	1789137419696	2	557	succeeded	attempt 1 watch=58ms
69507	1789137419715	2	539	chunk-verified	fetch=149ms
69522	1789137419729	2	560	succeeded	attempt 1 watch=56ms
69541	1789137419748	2	542	chunk-verified	fetch=148ms
69569	1789137419776	2	563	succeeded	attempt 1 watch=61ms
69590	1789137419798	2	545	chunk-verified	fetch=158ms
69596	1789137419803	2	566	succeeded	attempt 1 watch=54ms
69596	1789137419804	2	557	admit-refused	stalled read ordinal 557
69608	1789137419816	2	548	chunk-verified	fetch=162ms
69617	1789137419825	2	560	admit-refused	stalled read ordinal 560
69624	1789137419832	2	551	chunk-verified	fetch=153ms
69633	1789137419840	2	569	succeeded	attempt 1 watch=42ms
69644	1789137419851	2	530	chunk-verified	fetch=375ms
69663	1789137419871	2	554	chunk-verified	fetch=183ms
69666	1789137419873	2	572	succeeded	attempt 1 watch=57ms
69675	1789137419882	2	575	succeeded	attempt 1 watch=50ms
69694	1789137419901	2	563	chunk-verified	fetch=125ms
69699	1789137419907	2	578	succeeded	attempt 1 watch=55ms
69710	1789137419918	2	581	succeeded	attempt 1 watch=47ms
69738	1789137419946	2	584	succeeded	attempt 1 watch=44ms
69765	1789137419972	2	557	admit-refused	stalled read ordinal 557
69771	1789137419979	2	566	chunk-verified	fetch=175ms
69777	1789137419985	2	578	admit-refused	stalled read ordinal 578
69777	1789137419985	2	581	admit-refused	stalled read ordinal 581
69778	1789137419985	2	560	admit-refused	stalled read ordinal 560
69788	1789137419996	2	569	chunk-verified	fetch=155ms
69793	1789137420001	2	587	succeeded	attempt 1 watch=21ms
69794	1789137420001	2	584	admit-refused	stalled read ordinal 584
69802	1789137420010	2	590	succeeded	attempt 1 watch=14ms
69820	1789137420028	2	587	admit-refused	stalled read ordinal 587
69820	1789137420028	2	590	admit-refused	stalled read ordinal 590
69864	1789137420071	2	572	chunk-verified	fetch=198ms
69872	1789137420079	2	575	chunk-verified	fetch=196ms
69877	1789137420085	2	593	succeeded	attempt 1 watch=13ms
69886	1789137420094	2	596	succeeded	attempt 1 watch=14ms
69906	1789137420114	2	584	admit-refused	stalled read ordinal 584
69923	1789137420131	2	587	admit-refused	stalled read ordinal 587
69924	1789137420131	2	590	admit-refused	stalled read ordinal 590
69944	1789137420152	2	593	chunk-verified	fetch=66ms
69952	1789137420160	2	581	chunk-verified	fetch=242ms
69963	1789137420171	2	599	succeeded	attempt 1 watch=18ms
69974	1789137420181	2	578	chunk-verified	fetch=274ms
69981	1789137420189	2	596	chunk-verified	fetch=95ms
69984	1789137420192	2	602	succeeded	attempt 1 watch=31ms
70002	1789137420209	2	605	succeeded	attempt 1 watch=27ms
70010	1789137420218	2	608	succeeded	attempt 1 watch=29ms
70040	1789137420248	2	605	admit-refused	stalled read ordinal 605
70040	1789137420248	2	608	admit-refused	stalled read ordinal 608
70045	1789137420252	2	599	chunk-verified	fetch=81ms
70058	1789137420266	2	611	succeeded	attempt 1 watch=13ms
70063	1789137420271	2	557	chunk-verified	fetch=575ms
70081	1789137420289	2	560	chunk-verified	fetch=559ms
70090	1789137420297	2	614	succeeded	attempt 1 watch=26ms
70100	1789137420308	2	602	chunk-verified	fetch=116ms
70106	1789137420313	2	617	succeeded	attempt 1 watch=24ms
70127	1789137420335	2	611	chunk-verified	fetch=68ms
70135	1789137420343	2	620	succeeded	attempt 1 watch=34ms
70143	1789137420350	2	122	chunk-verified	fetch=6728ms
70161	1789137420368	2	623	succeeded	attempt 1 watch=33ms
70168	1789137420376	2	614	chunk-verified	fetch=78ms
70183	1789137420391	2	626	succeeded	attempt 1 watch=40ms
70203	1789137420410	2	617	chunk-verified	fetch=96ms
70213	1789137420421	2	629	succeeded	attempt 1 watch=44ms
70214	1789137420421	2	620	admit-refused	stalled read ordinal 620
70214	1789137420421	2	608	admit-refused	stalled read ordinal 608
70214	1789137420422	2	605	admit-refused	stalled read ordinal 605
70224	1789137420431	2	584	chunk-verified	fetch=485ms
70230	1789137420437	2	623	admit-refused	stalled read ordinal 623
70240	1789137420447	2	590	chunk-verified	fetch=437ms
70248	1789137420456	2	632	succeeded	attempt 1 watch=45ms
70261	1789137420469	2	587	chunk-verified	fetch=468ms
70273	1789137420481	2	635	succeeded	attempt 1 watch=48ms
70282	1789137420489	2	638	succeeded	attempt 1 watch=42ms
70301	1789137420508	2	626	chunk-verified	fetch=117ms
70306	1789137420514	2	641	succeeded	attempt 1 watch=44ms
70336	1789137420543	2	629	chunk-verified	fetch=122ms
70344	1789137420551	2	644	succeeded	attempt 1 watch=42ms
70359	1789137420567	2	632	chunk-verified	fetch=111ms
70370	1789137420577	2	647	succeeded	attempt 1 watch=33ms
70383	1789137420590	2	635	chunk-verified	fetch=109ms
70384	1789137420591	2	623	admit-refused	stalled read ordinal 623
70397	1789137420605	2	638	chunk-verified	fetch=115ms
70403	1789137420611	2	650	succeeded	attempt 1 watch=43ms
70417	1789137420624	2	641	chunk-verified	fetch=110ms
70429	1789137420637	2	653	succeeded	attempt 1 watch=46ms
70438	1789137420645	2	620	chunk-verified	fetch=302ms
70444	1789137420651	2	656	succeeded	attempt 1 watch=46ms
70453	1789137420661	2	644	chunk-verified	fetch=109ms
70469	1789137420677	2	659	succeeded	attempt 1 watch=52ms
70487	1789137420695	2	647	chunk-verified	fetch=117ms
70492	1789137420700	2	662	succeeded	attempt 1 watch=54ms
70508	1789137420716	2	665	succeeded	attempt 1 watch=55ms
70525	1789137420733	2	650	chunk-verified	fetch=122ms
70534	1789137420741	2	668	succeeded	attempt 1 watch=46ms
70545	1789137420752	2	605	chunk-verified	fetch=543ms
70561	1789137420768	2	608	chunk-verified	fetch=550ms
70569	1789137420777	2	653	chunk-verified	fetch=140ms
70586	1789137420793	2	671	succeeded	attempt 1 watch=60ms
70589	1789137420796	2	656	chunk-verified	fetch=144ms
70607	1789137420814	2	659	chunk-verified	fetch=137ms
70610	1789137420817	2	674	succeeded	attempt 1 watch=64ms
70624	1789137420831	2	677	succeeded	attempt 1 watch=62ms
70637	1789137420845	2	680	succeeded	attempt 1 watch=67ms
70642	1789137420850	2	662	chunk-verified	fetch=149ms
70658	1789137420865	2	665	chunk-verified	fetch=149ms
70663	1789137420870	2	683	succeeded	attempt 1 watch=74ms
70673	1789137420880	2	686	succeeded	attempt 1 watch=66ms
70692	1789137420900	2	668	chunk-verified	fetch=158ms
70715	1789137420923	2	689	succeeded	attempt 1 watch=72ms
70728	1789137420936	2	692	succeeded	attempt 1 watch=70ms
70740	1789137420948	2	671	chunk-verified	fetch=154ms
70754	1789137420962	2	623	chunk-verified	fetch=593ms
70768	1789137420976	2	695	succeeded	attempt 1 watch=75ms
70790	1789137420997	2	674	chunk-verified	fetch=180ms
70811	1789137421019	2	677	chunk-verified	fetch=187ms
70814	1789137421022	2	698	succeeded	attempt 1 watch=74ms
70822	1789137421030	2	680	chunk-verified	fetch=185ms
70827	1789137421035	2	701	succeeded	attempt 1 watch=73ms
70847	1789137421055	2	683	chunk-verified	fetch=184ms
70856	1789137421064	2	704	succeeded	attempt 1 watch=66ms
70865	1789137421072	2	686	chunk-verified	fetch=192ms
70870	1789137421078	2	707	succeeded	attempt 1 watch=59ms
70885	1789137421093	2	689	chunk-verified	fetch=170ms
70900	1789137421108	2	710	succeeded	attempt 1 watch=77ms
70907	1789137421115	2	692	chunk-verified	fetch=178ms
70921	1789137421128	2	713	succeeded	attempt 1 watch=73ms
70936	1789137421143	2	695	chunk-verified	fetch=167ms
70941	1789137421149	2	716	succeeded	attempt 1 watch=76ms
70959	1789137421166	2	719	succeeded	attempt 1 watch=73ms
70981	1789137421189	2	722	succeeded	attempt 1 watch=73ms
70989	1789137421197	2	698	chunk-verified	fetch=175ms
71008	1789137421215	2	725	succeeded	attempt 1 watch=71ms
71011	1789137421218	2	701	chunk-verified	fetch=183ms
71046	1789137421253	2	728	succeeded	attempt 1 watch=56ms
71046	1789137421254	2	713	admit-refused	stalled read ordinal 713
71062	1789137421270	2	731	succeeded	attempt 1 watch=51ms
71062	1789137421270	2	716	admit-refused	stalled read ordinal 716
71063	1789137421270	2	719	admit-refused	stalled read ordinal 719
71063	1789137421271	2	722	admit-refused	stalled read ordinal 722
71071	1789137421279	2	725	admit-refused	stalled read ordinal 725
71079	1789137421287	2	728	admit-refused	stalled read ordinal 728
71079	1789137421287	2	731	admit-refused	stalled read ordinal 731
71109	1789137421317	2	704	chunk-verified	fetch=252ms
71117	1789137421324	2	707	chunk-verified	fetch=246ms
71127	1789137421335	2	734	succeeded	attempt 1 watch=18ms
71135	1789137421342	2	710	chunk-verified	fetch=234ms
71140	1789137421348	2	737	succeeded	attempt 1 watch=23ms
71160	1789137421367	2	740	succeeded	attempt 1 watch=24ms
71181	1789137421389	2	716	admit-refused	stalled read ordinal 716
71181	1789137421389	2	719	admit-refused	stalled read ordinal 719
71181	1789137421389	2	722	admit-refused	stalled read ordinal 722
71182	1789137421390	2	725	admit-refused	stalled read ordinal 725
71182	1789137421390	2	728	admit-refused	stalled read ordinal 728
71183	1789137421390	2	731	admit-refused	stalled read ordinal 731
71209	1789137421416	2	734	chunk-verified	fetch=81ms
71212	1789137421419	2	737	chunk-verified	fetch=71ms
71223	1789137421431	2	743	succeeded	attempt 1 watch=14ms
71233	1789137421440	2	713	chunk-verified	fetch=312ms
71245	1789137421453	2	746	succeeded	attempt 1 watch=33ms
71256	1789137421463	2	740	chunk-verified	fetch=95ms
71269	1789137421477	2	749	succeeded	attempt 1 watch=36ms
71286	1789137421494	2	752	succeeded	attempt 1 watch=30ms
71335	1789137421542	2	743	chunk-verified	fetch=111ms
71343	1789137421551	2	746	chunk-verified	fetch=97ms
71352	1789137421559	2	755	succeeded	attempt 1 watch=17ms
71361	1789137421568	2	749	chunk-verified	fetch=91ms
71370	1789137421577	2	758	succeeded	attempt 1 watch=26ms
71377	1789137421585	2	752	chunk-verified	fetch=91ms
71390	1789137421598	2	761	succeeded	attempt 1 watch=29ms
71406	1789137421614	2	764	succeeded	attempt 1 watch=29ms
71428	1789137421635	2	716	admit-refused	stalled read ordinal 716
71428	1789137421635	2	731	admit-refused	stalled read ordinal 731
71428	1789137421636	2	725	admit-refused	stalled read ordinal 725
71428	1789137421636	2	728	admit-refused	stalled read ordinal 728
71428	1789137421636	2	761	admit-refused	stalled read ordinal 761
71429	1789137421636	2	764	admit-refused	stalled read ordinal 764
71441	1789137421649	2	755	chunk-verified	fetch=89ms
71449	1789137421656	2	758	chunk-verified	fetch=78ms
71458	1789137421666	2	767	succeeded	attempt 1 watch=17ms
71466	1789137421674	2	722	chunk-verified	fetch=485ms
71472	1789137421680	2	767	admit-refused	stalled read ordinal 767
71488	1789137421696	2	719	chunk-verified	fetch=529ms
71548	1789137421756	2	764	chunk-verified	fetch=142ms
71554	1789137421761	2	761	chunk-verified	fetch=163ms
71592	1789137421800	2	767	chunk-verified	fetch=133ms
71850	1789137422058	2	728	chunk-verified	fetch=804ms
71855	1789137422063	2	716	chunk-verified	fetch=914ms
71868	1789137422076	2	725	chunk-verified	fetch=860ms
71873	1789137422081	2	731	chunk-verified	fetch=810ms
72612	1789137422819	2	245	chunk-verified	fetch=6537ms
73484	1789137423691	2	11	chunk-verified	fetch=12708ms
73489	1789137423697	2	32	chunk-verified	fetch=12522ms
73492	1789137423700	2	59	admit-refused	stalled read ordinal 59
73502	1789137423710	2	29	chunk-verified	fetch=12567ms
73508	1789137423715	2	35	chunk-verified	fetch=12463ms
78515	1789137428723	2	59	chunk-verified	fetch=16789ms
78572	1789137428780	2	-1	scope-pages	1 pages
78641	1789137428848	2	-1	checkpoint	declared 256
78697	1789137428904	2	-1	complete	declared 256
78697	1789137428904	2	-1	commits	256 chunks
78776	1789137428984	2	-1	session-close	
0	1789137429094	-	-	final-verified	50331648 bytes
